Datetime,Close,High,Low,Open,Volume
2026-08-28 09:15:00+05:30,1998.5,2012.300048828125,1998.5,2012.300048828125,474
2026-08-28 09:16:00+05:30,2000.4000244140625,2000.4000244140625,1995.3499755859373,1995.949951171875,87
2026-08-28 09:17:00+05:30,1995.3499755859373,1995.3499755859373,1995.3499755859373,1995.3499755859373,1
2026-08-28 09:18:00+05:30,1995.0,1995.3499755859373,1995.0,1995.3499755859373,66
2026-08-28 09:20:00+05:30,1987.25,1995.0,1987.25,1995.0,227
2026-08-28 09:21:00+05:30,1989.050048828125,1989.050048828125,1987.199951171875,1987.199951171875,412
2026-08-28 09:22:00+05:30,1983.949951171875,1987.199951171875,1983.949951171875,1987.199951171875,73
2026-08-28 09:23:00+05:30,1987.0,1987.0,1987.0,1987.0,1
2026-08-28 09:24:00+05:30,1988.9000244140625,1988.9000244140625,1988.9000244140625,1988.9000244140625,1
2026-08-28 09:25:00+05:30,1987.0,1988.5,1987.0,1988.5,100
2026-08-28 09:27:00+05:30,1990.449951171875,1990.449951171875,1990.449951171875,1990.449951171875,1
2026-08-28 09:29:00+05:30,1989.5999755859373,1989.5999755859373,1989.5999755859373,1989.5999755859373,10
2026-08-28 09:30:00+05:30,1987.800048828125,1987.800048828125,1987.0,1987.0,51
2026-08-28 09:31:00+05:30,1989.6500244140625,1989.6500244140625,1989.6500244140625,1989.6500244140625,50
2026-08-28 09:32:00+05:30,1994.75,1994.75,1991.5999755859373,1991.5999755859373,112
2026-08-28 09:33:00+05:30,1993.800048828125,1993.800048828125,1993.800048828125,1993.800048828125,8
2026-08-28 09:34:00+05:30,1994.0,1994.0,1993.800048828125,1993.800048828125,80
2026-08-28 09:38:00+05:30,1997.050048828125,1997.050048828125,1997.050048828125,1997.050048828125,5
2026-08-28 09:41:00+05:30,1997.4000244140625,1999.25,1997.300048828125,1997.300048828125,10
2026-08-28 09:42:00+05:30,1996.1500244140625,1996.1500244140625,1996.1500244140625,1996.1500244140625,25
2026-08-28 09:44:00+05:30,2000.800048828125,2000.800048828125,1998.0,1998.0,106
2026-08-28 09:48:00+05:30,2001.949951171875,2001.949951171875,2001.949951171875,2001.949951171875,1
2026-08-28 09:49:00+05:30,2001.5,2001.5,2000.0,2000.0,42
2026-08-28 09:50:00+05:30,2002.8499755859373,2002.8499755859373,2002.8499755859373,2002.8499755859373,5
2026-08-28 09:51:00+05:30,2002.0,2002.0,2002.0,2002.0,20
2026-08-28 09:52:00+05:30,2000.0,2000.0,2000.0,2000.0,33
2026-08-28 09:54:00+05:30,1999.949951171875,2001.699951171875,1999.949951171875,2001.699951171875,128
2026-08-28 09:56:00+05:30,2000.050048828125,2000.050048828125,2000.050048828125,2000.050048828125,6
2026-08-28 09:59:00+05:30,2000.0,2000.0,2000.0,2000.0,2
2026-08-28 10:02:00+05:30,2002.5999755859373,2002.5999755859373,2002.5999755859373,2002.5999755859373,1
2026-08-28 10:05:00+05:30,1999.699951171875,1999.699951171875,1999.699951171875,1999.699951171875,202
2026-08-28 10:06:00+05:30,1997.0999755859373,1997.0999755859373,1997.0999755859373,1997.0999755859373,1
2026-08-28 10:08:00+05:30,2001.300048828125,2001.300048828125,2001.300048828125,2001.300048828125,2
2026-08-28 10:09:00+05:30,2000.0,2000.0,2000.0,2000.0,30
2026-08-28 10:10:00+05:30,2000.0,2000.800048828125,2000.0,2000.0,37
2026-08-28 10:13:00+05:30,2001.5,2001.5,2000.0,2000.0,50
2026-08-28 10:18:00+05:30,2002.75,2002.75,2002.75,2002.75,1
2026-08-28 10:21:00+05:30,2002.050048828125,2002.050048828125,2002.050048828125,2002.050048828125,100
2026-08-28 10:24:00+05:30,2003.199951171875,2003.199951171875,2003.199951171875,2003.199951171875,4
2026-08-28 10:26:00+05:30,2000.9000244140625,2001.800048828125,2000.9000244140625,2001.800048828125,60
2026-08-28 10:29:00+05:30,2001.8499755859373,2001.8499755859373,2001.8499755859373,2001.8499755859373,6
2026-08-28 10:31:00+05:30,2002.9000244140625,2002.9000244140625,2001.5,2001.5,2
2026-08-28 10:33:00+05:30,2003.300048828125,2003.300048828125,2003.300048828125,2003.300048828125,14
2026-08-28 10:34:00+05:30,2004.550048828125,2004.550048828125,2004.550048828125,2004.550048828125,22
2026-08-28 10:36:00+05:30,2002.0,2002.0,2002.0,2002.0,5
2026-08-28 10:37:00+05:30,2001.5,2001.5,2001.5,2001.5,5
2026-08-28 10:38:00+05:30,2000.300048828125,2001.5,2000.300048828125,2001.5,10
2026-08-28 10:39:00+05:30,2001.199951171875,2001.199951171875,2001.199951171875,2001.199951171875,34
2026-08-28 10:41:00+05:30,2003.0999755859373,2003.800048828125,2003.0999755859373,2003.800048828125,6
2026-08-28 10:42:00+05:30,2001.199951171875,2001.199951171875,2001.199951171875,2001.199951171875,50
2026-08-28 10:44:00+05:30,1997.25,1997.25,1997.25,1997.25,2
2026-08-28 10:46:00+05:30,1998.3499755859373,1998.3499755859373,1998.3499755859373,1998.3499755859373,1
2026-08-28 10:47:00+05:30,1999.949951171875,1999.949951171875,1999.949951171875,1999.949951171875,7
2026-08-28 10:54:00+05:30,1999.4000244140625,1999.4000244140625,1999.4000244140625,1999.4000244140625,1
2026-08-28 10:55:00+05:30,1999.4000244140625,1999.4000244140625,1999.4000244140625,1999.4000244140625,6
2026-08-28 11:01:00+05:30,2000.0,2000.0,2000.0,2000.0,68
2026-08-28 11:02:00+05:30,2001.75,2001.75,1998.6500244140625,1999.0,672
2026-08-28 11:04:00+05:30,2000.050048828125,2000.050048828125,2000.050048828125,2000.050048828125,50
2026-08-28 11:06:00+05:30,2002.0,2002.0,2002.0,2002.0,40
2026-08-28 11:09:00+05:30,2001.75,2001.75,2001.75,2001.75,1
2026-08-28 11:13:00+05:30,2002.5,2002.5,2001.449951171875,2001.449951171875,64
2026-08-28 11:16:00+05:30,2000.0,2000.0,2000.0,2000.0,20
2026-08-28 11:18:00+05:30,1999.0,2000.75,1999.0,2000.75,515
2026-08-28 11:19:00+05:30,2000.449951171875,2000.449951171875,2000.0,2000.0,4
2026-08-28 11:21:00+05:30,2000.5,2000.5,2000.0,2000.0,435
2026-08-28 11:22:00+05:30,2000.9000244140625,2000.9000244140625,1999.0,1999.0,36
2026-08-28 11:25:00+05:30,1999.550048828125,2000.300048828125,1999.550048828125,2000.300048828125,21
2026-08-28 11:26:00+05:30,1998.550048828125,1998.550048828125,1998.550048828125,1998.550048828125,12
2026-08-28 11:27:00+05:30,1998.0,1999.300048828125,1997.800048828125,1999.300048828125,20
2026-08-28 11:28:00+05:30,1998.0,1998.0,1998.0,1998.0,20
2026-08-28 11:29:00+05:30,1998.0,1998.0,1998.0,1998.0,10
2026-08-28 11:30:00+05:30,1997.5,1997.5,1997.5,1997.5,11
2026-08-28 11:31:00+05:30,1997.300048828125,1997.300048828125,1996.75,1996.75,59
2026-08-28 11:32:00+05:30,1996.1500244140625,1996.1500244140625,1996.1500244140625,1996.1500244140625,6
2026-08-28 11:34:00+05:30,1995.0,1995.0,1994.300048828125,1994.300048828125,16
2026-08-28 11:36:00+05:30,1992.0,1992.0,1991.800048828125,1991.800048828125,45
2026-08-28 11:38:00+05:30,1993.8499755859373,1993.8499755859373,1993.8499755859373,1993.8499755859373,4
2026-08-28 11:39:00+05:30,1993.0,1993.0,1993.0,1993.0,60
2026-08-28 11:42:00+05:30,1991.0999755859373,1991.0999755859373,1991.0999755859373,1991.0999755859373,10
2026-08-28 11:44:00+05:30,1991.0,1991.0,1991.0,1991.0,55
2026-08-28 11:45:00+05:30,1991.0,1991.0,1991.0,1991.0,60
2026-08-28 11:46:00+05:30,1991.0,1991.0,1991.0,1991.0,16
2026-08-28 11:47:00+05:30,1991.0,1991.300048828125,1991.0,1991.0,52
2026-08-28 11:48:00+05:30,1991.0,1991.0,1991.0,1991.0,25
2026-08-28 11:49:00+05:30,1991.0,1991.0,1991.0,1991.0,21
2026-08-28 11:50:00+05:30,1992.050048828125,1992.050048828125,1989.949951171875,1991.0,74
2026-08-28 11:54:00+05:30,1990.1500244140625,1990.1500244140625,1990.1500244140625,1990.1500244140625,16
2026-08-28 11:57:00+05:30,1988.0,1988.0,1988.0,1988.0,3
2026-08-28 11:58:00+05:30,1990.300048828125,1990.300048828125,1989.8499755859373,1989.8499755859373,62
2026-08-28 12:06:00+05:30,1989.3499755859373,1989.3499755859373,1989.3499755859373,1989.3499755859373,3
2026-08-28 12:08:00+05:30,1988.5,1989.550048828125,1988.5,1989.3499755859373,36
2026-08-28 12:11:00+05:30,1988.0,1988.0,1988.0,1988.0,298
2026-08-28 12:13:00+05:30,1987.0,1987.0,1987.0,1987.0,5
2026-08-28 12:14:00+05:30,1988.5,1988.5,1988.0,1988.0,25
2026-08-28 12:17:00+05:30,1987.0,1988.0,1987.0,1988.0,14
2026-08-28 12:19:00+05:30,1987.9000244140625,1987.9000244140625,1987.9000244140625,1987.9000244140625,1
2026-08-28 12:20:00+05:30,1989.5,1989.5,1988.5,1988.5,7
2026-08-28 12:22:00+05:30,1988.300048828125,1988.300048828125,1988.300048828125,1988.300048828125,1
2026-08-28 12:26:00+05:30,1988.300048828125,1988.300048828125,1988.300048828125,1988.300048828125,55
2026-08-28 12:27:00+05:30,1988.949951171875,1988.949951171875,1988.949951171875,1988.949951171875,15
2026-08-28 12:29:00+05:30,1989.449951171875,1989.5,1988.949951171875,1988.949951171875,25
2026-08-28 12:32:00+05:30,1988.449951171875,1989.1500244140625,1988.449951171875,1989.1500244140625,28
2026-08-28 12:34:00+05:30,1987.5999755859373,1987.5999755859373,1987.5999755859373,1987.5999755859373,2
2026-08-28 12:36:00+05:30,1987.5999755859373,1987.5999755859373,1987.5999755859373,1987.5999755859373,1
2026-08-28 12:37:00+05:30,1987.0999755859373,1987.0999755859373,1987.0999755859373,1987.0999755859373,1
2026-08-28 12:38:00+05:30,1987.550048828125,1987.550048828125,1987.550048828125,1987.550048828125,10
2026-08-28 12:41:00+05:30,1986.4000244140625,1986.4000244140625,1986.4000244140625,1986.4000244140625,500
2026-08-28 12:45:00+05:30,1986.550048828125,1986.550048828125,1986.550048828125,1986.550048828125,5
2026-08-28 12:50:00+05:30,1987.8499755859373,1987.8499755859373,1987.8499755859373,1987.8499755859373,6
2026-08-28 12:52:00+05:30,1987.449951171875,1987.6500244140625,1986.4000244140625,1987.6500244140625,18
2026-08-28 12:53:00+05:30,1986.550048828125,1987.949951171875,1986.550048828125,1987.949951171875,26
2026-08-28 12:54:00+05:30,1989.699951171875,1989.699951171875,1989.3499755859373,1989.3499755859373,61
2026-08-28 12:55:00+05:30,1989.050048828125,1989.050048828125,1989.050048828125,1989.050048828125,8
2026-08-28 12:56:00+05:30,1988.0,1988.0,1988.0,1988.0,1
2026-08-28 12:59:00+05:30,1985.699951171875,1991.0,1985.699951171875,1990.0,339
2026-08-28 13:00:00+05:30,1986.6500244140625,1986.6500244140625,1984.9000244140625,1986.5,145
2026-08-28 13:01:00+05:30,1987.0,1987.0,1987.0,1987.0,2
2026-08-28 13:02:00+05:30,1987.800048828125,1988.25,1987.800048828125,1988.25,66
2026-08-28 13:03:00+05:30,1988.050048828125,1988.050048828125,1988.050048828125,1988.050048828125,50
2026-08-28 13:04:00+05:30,1987.5999755859373,1987.5999755859373,1987.5999755859373,1987.5999755859373,32
2026-08-28 13:06:00+05:30,1987.75,1987.75,1987.75,1987.75,18
2026-08-28 13:08:00+05:30,1987.800048828125,1987.800048828125,1987.5999755859373,1987.5999755859373,26
2026-08-28 13:09:00+05:30,1987.949951171875,1987.949951171875,1987.949951171875,1987.949951171875,33
2026-08-28 13:11:00+05:30,1986.4000244140625,1986.4000244140625,1986.4000244140625,1986.4000244140625,57
2026-08-28 13:12:00+05:30,1987.550048828125,1987.550048828125,1987.550048828125,1987.550048828125,8
2026-08-28 13:13:00+05:30,1988.5,1988.5,1988.0,1988.0,16
2026-08-28 13:21:00+05:30,1988.949951171875,1988.949951171875,1988.75,1988.75,33
2026-08-28 13:25:00+05:30,1988.9000244140625,1988.9000244140625,1988.9000244140625,1988.9000244140625,2
2026-08-28 13:26:00+05:30,1989.75,1989.75,1988.550048828125,1988.550048828125,93
2026-08-28 13:31:00+05:30,1989.0,1989.0,1989.0,1989.0,5
2026-08-28 13:32:00+05:30,1989.5,1989.5,1989.5,1989.5,4
2026-08-28 13:33:00+05:30,1989.800048828125,1989.800048828125,1989.800048828125,1989.800048828125,72
2026-08-28 13:34:00+05:30,1989.800048828125,1989.800048828125,1989.0,1989.0,54
2026-08-28 13:35:00+05:30,1990.4000244140625,1990.4000244140625,1989.949951171875,1989.949951171875,26
2026-08-28 13:36:00+05:30,1991.1500244140625,1991.1500244140625,1991.1500244140625,1991.1500244140625,10
2026-08-28 13:39:00+05:30,1990.5999755859373,1990.5999755859373,1990.5999755859373,1990.5999755859373,10
2026-08-28 13:40:00+05:30,1990.300048828125,1990.300048828125,1990.300048828125,1990.300048828125,2
2026-08-28 13:41:00+05:30,1989.9000244140625,1989.9000244140625,1989.9000244140625,1989.9000244140625,17
2026-08-28 13:42:00+05:30,1989.699951171875,1989.699951171875,1989.699951171875,1989.699951171875,1
2026-08-28 13:43:00+05:30,1989.9000244140625,1990.0,1989.9000244140625,1990.0,5
2026-08-28 13:46:00+05:30,1991.4000244140625,1991.4000244140625,1991.4000244140625,1991.4000244140625,5
2026-08-28 13:48:00+05:30,1989.050048828125,1989.9000244140625,1989.050048828125,1989.199951171875,5
2026-08-28 13:51:00+05:30,1989.8499755859373,1989.8499755859373,1989.75,1989.75,12
2026-08-28 13:53:00+05:30,1989.3499755859373,1989.3499755859373,1989.3499755859373,1989.3499755859373,25
2026-08-28 13:55:00+05:30,1988.199951171875,1988.199951171875,1988.199951171875,1988.199951171875,1
2026-08-28 13:56:00+05:30,1989.949951171875,1989.949951171875,1988.1500244140625,1988.1500244140625,116
2026-08-28 13:57:00+05:30,1989.4000244140625,1991.199951171875,1989.0999755859373,1989.0999755859373,144
2026-08-28 13:58:00+05:30,1990.5999755859373,1990.5999755859373,1989.449951171875,1989.449951171875,7
2026-08-28 13:59:00+05:30,1991.300048828125,1991.300048828125,1991.300048828125,1991.300048828125,5
2026-08-28 14:00:00+05:30,1991.0999755859373,1991.0999755859373,1991.0999755859373,1991.0999755859373,23
2026-08-28 14:04:00+05:30,1990.0,1990.0,1990.0,1990.0,3
2026-08-28 14:06:00+05:30,1991.0,1991.0,1991.0,1991.0,7
2026-08-28 14:08:00+05:30,1990.0999755859373,1990.0999755859373,1990.0999755859373,1990.0999755859373,26
2026-08-28 14:09:00+05:30,1990.1500244140625,1991.0,1990.1500244140625,1990.1500244140625,5
2026-08-28 14:10:00+05:30,1990.550048828125,1991.4000244140625,1990.550048828125,1991.4000244140625,73
2026-08-28 14:11:00+05:30,1989.949951171875,1991.199951171875,1989.949951171875,1991.199951171875,48
2026-08-28 14:12:00+05:30,1989.949951171875,1989.949951171875,1989.949951171875,1989.949951171875,55
2026-08-28 14:13:00+05:30,1990.300048828125,1990.300048828125,1990.300048828125,1990.300048828125,1
2026-08-28 14:14:00+05:30,1988.5999755859373,1988.5999755859373,1988.5999755859373,1988.5999755859373,14
2026-08-28 14:15:00+05:30,1989.4000244140625,1989.4000244140625,1989.4000244140625,1989.4000244140625,5
2026-08-28 14:20:00+05:30,1989.550048828125,1989.550048828125,1989.550048828125,1989.550048828125,1
2026-08-28 14:26:00+05:30,1989.949951171875,1989.949951171875,1989.0,1989.0,33
2026-08-28 14:28:00+05:30,1987.8499755859373,1987.8499755859373,1987.8499755859373,1987.8499755859373,35
2026-08-28 14:29:00+05:30,1987.699951171875,1987.699951171875,1987.699951171875,1987.699951171875,1
2026-08-28 14:33:00+05:30,1988.300048828125,1988.300048828125,1988.300048828125,1988.300048828125,1
2026-08-28 14:34:00+05:30,1989.949951171875,1989.949951171875,1988.300048828125,1988.300048828125,74
2026-08-28 14:48:00+05:30,1991.199951171875,1991.199951171875,1991.199951171875,1991.199951171875,20
2026-08-28 14:51:00+05:30,1991.449951171875,1992.0,1991.449951171875,1992.0,198
2026-08-28 14:52:00+05:30,1990.0,1990.0,1990.0,1990.0,1
2026-08-28 14:53:00+05:30,1991.949951171875,1991.949951171875,1991.949951171875,1991.949951171875,5
2026-08-28 14:54:00+05:30,1992.0,1992.0,1992.0,1992.0,789
2026-08-28 14:55:00+05:30,1990.75,1990.75,1990.75,1990.75,22
2026-08-28 14:57:00+05:30,1990.699951171875,1990.699951171875,1990.699951171875,1990.699951171875,1
2026-08-28 14:58:00+05:30,1989.5999755859373,1989.5999755859373,1989.5999755859373,1989.5999755859373,1
2026-08-28 14:59:00+05:30,1989.300048828125,1989.300048828125,1989.300048828125,1989.300048828125,20
2026-08-28 15:00:00+05:30,1987.5,1989.4000244140625,1987.5,1989.4000244140625,13
2026-08-28 15:01:00+05:30,1986.699951171875,1987.0,1986.699951171875,1987.0,40
2026-08-28 15:02:00+05:30,1987.1500244140625,1987.1500244140625,1987.1500244140625,1987.1500244140625,40
2026-08-28 15:03:00+05:30,1986.0999755859373,1986.4000244140625,1986.0999755859373,1986.4000244140625,13
2026-08-28 15:04:00+05:30,1990.0,1990.0,1990.0,1990.0,1
2026-08-28 15:06:00+05:30,1990.050048828125,1990.050048828125,1990.0,1990.0,11
2026-08-28 15:07:00+05:30,1991.0,1991.0,1990.0,1990.0,87
2026-08-28 15:08:00+05:30,1990.050048828125,1991.75,1990.050048828125,1991.75,47
2026-08-28 15:09:00+05:30,1990.0,1991.8499755859373,1990.0,1991.8499755859373,214
2026-08-28 15:11:00+05:30,1992.050048828125,1992.050048828125,1992.0,1992.0,134
2026-08-28 15:12:00+05:30,1991.300048828125,1991.300048828125,1991.300048828125,1991.300048828125,101
2026-08-28 15:13:00+05:30,1994.699951171875,1994.699951171875,1994.699951171875,1994.699951171875,1
2026-08-28 15:14:00+05:30,1994.699951171875,1994.699951171875,1994.699951171875,1994.699951171875,5
2026-08-28 15:28:00+05:30,1998.0,1998.0,1998.0,1998.0,103
2026-08-31 09:15:00+05:30,1977.0,1990.0,1976.9000244140625,1990.0,748
2026-08-31 09:16:00+05:30,1979.0,1980.0,1977.5,1978.1500244140625,82
2026-08-31 09:17:00+05:30,1978.75,1980.4000244140625,1976.0999755859375,1977.550048828125,381
2026-08-31 09:18:00+05:30,1982.0,1982.0,1979.6500244140625,1980.4000244140625,75
2026-08-31 09:19:00+05:30,1980.0,1982.0,1978.699951171875,1982.0,198
2026-08-31 09:20:00+05:30,1977.699951171875,1977.699951171875,1977.699951171875,1977.699951171875,9
2026-08-31 09:21:00+05:30,1979.0,1979.0,1977.4000244140625,1977.4000244140625,36
2026-08-31 09:22:00+05:30,1981.0,1981.0,1978.300048828125,1978.300048828125,18
2026-08-31 09:23:00+05:30,1980.0,1980.0,1979.0,1979.0,16
2026-08-31 09:24:00+05:30,1977.300048828125,1979.4000244140625,1977.300048828125,1979.4000244140625,7
2026-08-31 09:25:00+05:30,1979.050048828125,1979.050048828125,1979.050048828125,1979.050048828125,41
2026-08-31 09:26:00+05:30,1978.449951171875,1978.449951171875,1978.449951171875,1978.449951171875,1
2026-08-31 09:27:00+05:30,1975.0999755859375,1976.25,1975.0999755859375,1976.25,56
2026-08-31 09:28:00+05:30,1977.800048828125,1977.800048828125,1975.9000244140625,1975.9000244140625,55
2026-08-31 09:30:00+05:30,1976.9000244140625,1977.800048828125,1976.9000244140625,1977.800048828125,7
2026-08-31 09:31:00+05:30,1975.550048828125,1977.75,1975.550048828125,1977.75,39
2026-08-31 09:32:00+05:30,1977.75,1977.800048828125,1976.699951171875,1976.699951171875,40
2026-08-31 09:34:00+05:30,1978.0,1978.0,1977.800048828125,1977.800048828125,146
2026-08-31 09:35:00+05:30,1976.550048828125,1976.550048828125,1976.550048828125,1976.550048828125,5
2026-08-31 09:37:00+05:30,1975.699951171875,1977.0,1975.699951171875,1977.0,6
2026-08-31 09:38:00+05:30,1974.050048828125,1977.050048828125,1973.550048828125,1977.050048828125,56
2026-08-31 09:39:00+05:30,1975.0,1975.0,1975.0,1975.0,2
2026-08-31 09:40:00+05:30,1976.300048828125,1976.300048828125,1976.300048828125,1976.300048828125,1
2026-08-31 09:42:00+05:30,1975.5999755859375,1975.5999755859375,1975.550048828125,1975.550048828125,4
2026-08-31 09:43:00+05:30,1974.6500244140625,1975.0,1974.6500244140625,1975.0,25
2026-08-31 09:44:00+05:30,1974.6500244140625,1974.800048828125,1974.6500244140625,1974.800048828125,11
2026-08-31 09:45:00+05:30,1974.800048828125,1974.800048828125,1974.800048828125,1974.800048828125,2
2026-08-31 09:46:00+05:30,1973.949951171875,1974.25,1973.949951171875,1974.25,59
2026-08-31 09:48:00+05:30,1973.449951171875,1973.449951171875,1972.3499755859375,1973.0,15
2026-08-31 09:50:00+05:30,1972.0,1972.0,1971.800048828125,1971.800048828125,52
2026-08-31 09:52:00+05:30,1971.449951171875,1971.449951171875,1971.449951171875,1971.449951171875,10
2026-08-31 09:53:00+05:30,1973.050048828125,1973.050048828125,1973.050048828125,1973.050048828125,2
2026-08-31 09:55:00+05:30,1971.5,1971.5,1971.5,1971.5,250
2026-08-31 09:56:00+05:30,1971.0999755859375,1971.199951171875,1971.0999755859375,1971.199951171875,64
2026-08-31 09:58:00+05:30,1972.1500244140625,1972.1500244140625,1972.1500244140625,1972.1500244140625,1
2026-08-31 09:59:00+05:30,1972.300048828125,1972.300048828125,1972.300048828125,1972.300048828125,1
2026-08-31 10:00:00+05:30,1975.699951171875,1975.699951171875,1975.0,1975.0,49
2026-08-31 10:01:00+05:30,1975.5999755859375,1975.5999755859375,1975.5999755859375,1975.5999755859375,24
2026-08-31 10:02:00+05:30,1976.8499755859375,1976.8499755859375,1976.8499755859375,1976.8499755859375,80
2026-08-31 10:03:00+05:30,1976.9000244140625,1978.5999755859375,1976.9000244140625,1978.5999755859375,2
2026-08-31 10:04:00+05:30,1977.25,1977.25,1977.25,1977.25,7
2026-08-31 10:05:00+05:30,1978.800048828125,1978.800048828125,1978.0,1978.0,11
2026-08-31 10:07:00+05:30,1979.699951171875,1979.699951171875,1979.699951171875,1979.699951171875,1
2026-08-31 10:09:00+05:30,1980.0,1980.0,1980.0,1980.0,1
2026-08-31 10:10:00+05:30,1980.0,1980.0,1980.0,1980.0,12
2026-08-31 10:11:00+05:30,1976.9000244140625,1976.9000244140625,1976.9000244140625,1976.9000244140625,15
2026-08-31 10:13:00+05:30,1979.5,1979.5,1978.6500244140625,1978.6500244140625,238
2026-08-31 10:16:00+05:30,1979.050048828125,1979.050048828125,1979.050048828125,1979.050048828125,4
2026-08-31 10:17:00+05:30,1979.0,1979.0,1979.0,1979.0,2
2026-08-31 10:18:00+05:30,1978.5999755859375,1979.0999755859375,1978.5999755859375,1979.0999755859375,54
2026-08-31 10:21:00+05:30,1976.050048828125,1976.8499755859375,1976.050048828125,1976.8499755859375,120
2026-08-31 10:22:00+05:30,1977.699951171875,1977.699951171875,1977.5999755859375,1977.5999755859375,27
2026-08-31 10:27:00+05:30,1978.6500244140625,1978.6500244140625,1977.0999755859375,1977.0999755859375,25
2026-08-31 10:30:00+05:30,1977.5,1977.5,1977.5,1977.5,70
2026-08-31 10:31:00+05:30,1974.75,1974.75,1974.75,1974.75,65
2026-08-31 10:32:00+05:30,1972.949951171875,1972.949951171875,1972.949951171875,1972.949951171875,5
2026-08-31 10:33:00+05:30,1970.800048828125,1973.550048828125,1970.800048828125,1973.550048828125,280
2026-08-31 10:34:00+05:30,1970.8499755859375,1970.8499755859375,1970.0,1970.0,216
2026-08-31 10:35:00+05:30,1971.949951171875,1971.949951171875,1971.0,1971.0,20
2026-08-31 10:36:00+05:30,1971.0,1971.0,1971.0,1971.0,38
2026-08-31 10:39:00+05:30,1972.800048828125,1972.800048828125,1972.800048828125,1972.800048828125,44
2026-08-31 10:41:00+05:30,1970.699951171875,1970.699951171875,1970.699951171875,1970.699951171875,50
2026-08-31 10:43:00+05:30,1970.6500244140625,1970.6500244140625,1970.6500244140625,1970.6500244140625,7
2026-08-31 10:48:00+05:30,1969.25,1969.300048828125,1969.25,1969.300048828125,18
2026-08-31 10:51:00+05:30,1969.25,1970.199951171875,1969.25,1970.0,3
2026-08-31 10:53:00+05:30,1969.699951171875,1969.699951171875,1969.699951171875,1969.699951171875,28
2026-08-31 10:54:00+05:30,1970.6500244140625,1970.6500244140625,1970.6500244140625,1970.6500244140625,100
2026-08-31 10:55:00+05:30,1969.25,1969.4000244140625,1969.25,1969.4000244140625,32
2026-08-31 10:57:00+05:30,1969.449951171875,1970.8499755859375,1969.449951171875,1970.8499755859375,56
2026-08-31 10:59:00+05:30,1969.449951171875,1970.449951171875,1969.449951171875,1970.449951171875,7
2026-08-31 11:00:00+05:30,1970.8499755859375,1970.8499755859375,1970.050048828125,1970.449951171875,4
2026-08-31 11:01:00+05:30,1970.0,1970.0,1970.0,1970.0,27
2026-08-31 11:02:00+05:30,1970.699951171875,1970.699951171875,1970.699951171875,1970.699951171875,41
2026-08-31 11:05:00+05:30,1970.5,1971.199951171875,1970.5,1971.199951171875,2
2026-08-31 11:06:00+05:30,1970.5,1970.5,1970.5,1970.5,4
2026-08-31 11:07:00+05:30,1969.0,1969.9000244140625,1969.0,1969.9000244140625,19
2026-08-31 11:08:00+05:30,1970.0,1970.0,1970.0,1970.0,5
2026-08-31 11:09:00+05:30,1968.5999755859375,1968.5999755859375,1968.5999755859375,1968.5999755859375,4
2026-08-31 11:10:00+05:30,1969.300048828125,1969.300048828125,1969.300048828125,1969.300048828125,5
2026-08-31 11:12:00+05:30,1969.0999755859375,1969.0999755859375,1968.550048828125,1968.550048828125,3
2026-08-31 11:13:00+05:30,1970.0999755859375,1970.0999755859375,1968.199951171875,1969.050048828125,270
2026-08-31 11:15:00+05:30,1968.300048828125,1968.300048828125,1968.300048828125,1968.300048828125,24
2026-08-31 11:16:00+05:30,1970.949951171875,1970.949951171875,1970.949951171875,1970.949951171875,1
2026-08-31 11:18:00+05:30,1970.300048828125,1970.300048828125,1970.300048828125,1970.300048828125,101
2026-08-31 11:19:00+05:30,1970.5,1970.5,1969.5,1969.5,11
2026-08-31 11:20:00+05:30,1970.699951171875,1970.699951171875,1969.5999755859375,1969.6500244140625,28
2026-08-31 11:21:00+05:30,1969.300048828125,1969.300048828125,1969.300048828125,1969.300048828125,24
2026-08-31 11:22:00+05:30,1969.699951171875,1970.3499755859375,1969.699951171875,1970.3499755859375,29
2026-08-31 11:23:00+05:30,1969.25,1969.25,1969.25,1969.25,1
2026-08-31 11:24:00+05:30,1968.699951171875,1968.699951171875,1968.699951171875,1968.699951171875,29
2026-08-31 11:25:00+05:30,1969.800048828125,1969.800048828125,1969.800048828125,1969.800048828125,1
2026-08-31 11:26:00+05:30,1969.0999755859375,1969.0999755859375,1969.0999755859375,1969.0999755859375,6
2026-08-31 11:27:00+05:30,1970.6500244140625,1970.6500244140625,1970.6500244140625,1970.6500244140625,1
2026-08-31 11:28:00+05:30,1969.199951171875,1969.5,1969.199951171875,1969.5,32
2026-08-31 11:29:00+05:30,1970.75,1970.75,1970.75,1970.75,25
2026-08-31 11:31:00+05:30,1971.0,1971.75,1971.0,1971.75,30
2026-08-31 11:34:00+05:30,1971.6500244140625,1971.6500244140625,1970.550048828125,1970.550048828125,33
2026-08-31 11:36:00+05:30,1972.449951171875,1972.449951171875,1972.449951171875,1972.449951171875,5
2026-08-31 11:40:00+05:30,1972.550048828125,1972.550048828125,1972.550048828125,1972.550048828125,10
2026-08-31 11:41:00+05:30,1971.699951171875,1971.699951171875,1971.699951171875,1971.699951171875,50
2026-08-31 11:42:00+05:30,1972.8499755859375,1973.050048828125,1971.949951171875,1971.949951171875,8
2026-08-31 11:44:00+05:30,1973.8499755859375,1973.8499755859375,1973.8499755859375,1973.8499755859375,1
2026-08-31 11:45:00+05:30,1971.550048828125,1971.550048828125,1971.550048828125,1971.550048828125,82
2026-08-31 11:50:00+05:30,1975.0,1975.0,1975.0,1975.0,21
2026-08-31 11:51:00+05:30,1975.5999755859375,1975.5999755859375,1975.5999755859375,1975.5999755859375,5
2026-08-31 11:52:00+05:30,1974.0,1974.300048828125,1974.0,1974.300048828125,2
2026-08-31 11:53:00+05:30,1976.050048828125,1976.050048828125,1973.300048828125,1973.300048828125,265
2026-08-31 11:55:00+05:30,1978.1500244140625,1978.1500244140625,1978.1500244140625,1978.1500244140625,1
2026-08-31 11:56:00+05:30,1982.449951171875,1982.449951171875,1978.550048828125,1978.550048828125,190
2026-08-31 11:57:00+05:30,1982.050048828125,1982.449951171875,1982.050048828125,1982.4000244140625,3
2026-08-31 11:58:00+05:30,1981.1500244140625,1981.1500244140625,1980.0999755859375,1980.0999755859375,5
2026-08-31 11:59:00+05:30,1980.800048828125,1980.800048828125,1980.800048828125,1980.800048828125,1
2026-08-31 12:00:00+05:30,1980.0,1980.0,1980.0,1980.0,5
2026-08-31 12:01:00+05:30,1980.449951171875,1980.449951171875,1980.3499755859375,1980.3499755859375,6
2026-08-31 12:02:00+05:30,1980.0999755859375,1980.199951171875,1980.0999755859375,1980.199951171875,37
2026-08-31 12:04:00+05:30,1980.050048828125,1980.050048828125,1980.050048828125,1980.050048828125,1
2026-08-31 12:05:00+05:30,1981.199951171875,1981.199951171875,1981.199951171875,1981.199951171875,1
2026-08-31 12:06:00+05:30,1980.0999755859375,1980.0999755859375,1980.0999755859375,1980.0999755859375,52
2026-08-31 12:07:00+05:30,1980.199951171875,1981.0,1980.199951171875,1981.0,28
2026-08-31 12:08:00+05:30,1980.0,1980.0,1980.0,1980.0,46
2026-08-31 12:11:00+05:30,1980.0,1980.0,1980.0,1980.0,10
2026-08-31 12:13:00+05:30,1979.699951171875,1979.699951171875,1979.699951171875,1979.699951171875,1
2026-08-31 12:15:00+05:30,1977.9000244140625,1977.9000244140625,1976.3499755859375,1976.3499755859375,2
2026-08-31 12:17:00+05:30,1978.4000244140625,1978.4000244140625,1977.9000244140625,1977.9000244140625,4
2026-08-31 12:18:00+05:30,1977.0,1977.0,1977.0,1977.0,10
2026-08-31 12:22:00+05:30,1978.449951171875,1978.449951171875,1978.449951171875,1978.449951171875,1
2026-08-31 12:23:00+05:30,1978.0,1978.0,1978.0,1978.0,1
2026-08-31 12:24:00+05:30,1978.0,1978.0,1978.0,1978.0,1
2026-08-31 12:26:00+05:30,1978.5,1978.5,1978.5,1978.5,1
2026-08-31 12:27:00+05:30,1976.8499755859375,1976.8499755859375,1976.8499755859375,1976.8499755859375,15
2026-08-31 12:28:00+05:30,1977.300048828125,1977.300048828125,1977.300048828125,1977.300048828125,1
2026-08-31 12:29:00+05:30,1977.300048828125,1977.300048828125,1977.300048828125,1977.300048828125,20
2026-08-31 12:31:00+05:30,1977.25,1977.25,1977.25,1977.25,45
2026-08-31 12:34:00+05:30,1977.9000244140625,1977.9000244140625,1977.9000244140625,1977.9000244140625,10
2026-08-31 12:35:00+05:30,1978.5,1978.5,1978.5,1978.5,300
2026-08-31 12:37:00+05:30,1977.75,1977.75,1977.75,1977.75,50
2026-08-31 12:38:00+05:30,1978.4000244140625,1978.4000244140625,1978.4000244140625,1978.4000244140625,2
2026-08-31 12:39:00+05:30,1978.4000244140625,1978.4000244140625,1978.4000244140625,1978.4000244140625,7
2026-08-31 12:40:00+05:30,1978.4000244140625,1978.4000244140625,1978.4000244140625,1978.4000244140625,4
2026-08-31 12:41:00+05:30,1978.3499755859375,1978.3499755859375,1978.3499755859375,1978.3499755859375,1
2026-08-31 12:43:00+05:30,1977.6500244140625,1978.199951171875,1977.6500244140625,1978.199951171875,2
2026-08-31 12:48:00+05:30,1980.0999755859375,1980.0999755859375,1980.0999755859375,1980.0999755859375,5
2026-08-31 12:49:00+05:30,1980.0999755859375,1980.0999755859375,1980.0999755859375,1980.0999755859375,5
2026-08-31 12:52:00+05:30,1980.3499755859375,1980.3499755859375,1979.199951171875,1980.0999755859375,19
2026-08-31 12:57:00+05:30,1978.050048828125,1978.050048828125,1978.050048828125,1978.050048828125,7
2026-08-31 12:59:00+05:30,1980.75,1980.800048828125,1979.0,1980.3499755859375,14
2026-08-31 13:00:00+05:30,1979.4000244140625,1980.949951171875,1978.6500244140625,1980.550048828125,43
2026-08-31 13:01:00+05:30,1981.949951171875,1982.0,1979.449951171875,1981.1500244140625,18
2026-08-31 13:02:00+05:30,1982.0,1982.0,1980.3499755859375,1980.3499755859375,21
2026-08-31 13:03:00+05:30,1982.0,1982.0,1982.0,1982.0,91
2026-08-31 13:07:00+05:30,1986.699951171875,1986.699951171875,1983.0,1983.0,370
2026-08-31 13:09:00+05:30,1984.25,1984.25,1984.25,1984.25,3
2026-08-31 13:10:00+05:30,1984.300048828125,1984.300048828125,1982.699951171875,1982.699951171875,57
2026-08-31 13:11:00+05:30,1985.25,1985.25,1985.0,1985.0,3
2026-08-31 13:12:00+05:30,1984.25,1984.25,1984.25,1984.25,1
2026-08-31 13:13:00+05:30,1985.449951171875,1985.449951171875,1983.6500244140625,1983.6500244140625,9
2026-08-31 13:14:00+05:30,1985.9000244140625,1985.9000244140625,1984.75,1984.75,14
2026-08-31 13:15:00+05:30,1985.550048828125,1985.550048828125,1985.550048828125,1985.550048828125,2
2026-08-31 13:17:00+05:30,1985.300048828125,1985.300048828125,1985.300048828125,1985.300048828125,3
2026-08-31 13:18:00+05:30,1985.300048828125,1985.300048828125,1985.300048828125,1985.300048828125,3
2026-08-31 13:19:00+05:30,1985.300048828125,1985.300048828125,1985.300048828125,1985.300048828125,3
2026-08-31 13:21:00+05:30,1985.4000244140625,1985.4000244140625,1985.0,1985.300048828125,16
2026-08-31 13:22:00+05:30,1982.699951171875,1985.4000244140625,1982.699951171875,1985.4000244140625,352
2026-08-31 13:24:00+05:30,1983.699951171875,1983.949951171875,1983.699951171875,1983.949951171875,23
2026-08-31 13:25:00+05:30,1985.050048828125,1985.050048828125,1985.050048828125,1985.050048828125,1
2026-08-31 13:26:00+05:30,1984.949951171875,1984.949951171875,1984.949951171875,1984.949951171875,1
2026-08-31 13:27:00+05:30,1985.300048828125,1985.3499755859375,1985.300048828125,1985.3499755859375,2
2026-08-31 13:28:00+05:30,1985.4000244140625,1985.4000244140625,1983.1500244140625,1983.1500244140625,503
2026-08-31 13:29:00+05:30,1983.8499755859375,1983.8499755859375,1983.8499755859375,1983.8499755859375,2
2026-08-31 13:30:00+05:30,1982.75,1983.9000244140625,1982.75,1983.9000244140625,27
2026-08-31 13:31:00+05:30,1981.6500244140625,1981.699951171875,1981.3499755859375,1981.699951171875,3
2026-08-31 13:32:00+05:30,1981.5999755859375,1981.5999755859375,1981.5999755859375,1981.5999755859375,1
2026-08-31 13:33:00+05:30,1981.699951171875,1982.199951171875,1981.699951171875,1982.199951171875,4
2026-08-31 13:34:00+05:30,1981.5999755859375,1981.699951171875,1981.5999755859375,1981.699951171875,3
2026-08-31 13:35:00+05:30,1982.4000244140625,1982.4000244140625,1980.550048828125,1981.5999755859375,3
2026-08-31 13:36:00+05:30,1981.949951171875,1981.949951171875,1981.949951171875,1981.949951171875,1
2026-08-31 13:37:00+05:30,1982.4000244140625,1982.4000244140625,1982.4000244140625,1982.4000244140625,10
2026-08-31 13:38:00+05:30,1983.4000244140625,1983.4000244140625,1983.4000244140625,1983.4000244140625,1
2026-08-31 13:40:00+05:30,1982.949951171875,1982.949951171875,1982.949951171875,1982.949951171875,1
2026-08-31 13:41:00+05:30,1982.5,1982.5,1982.5,1982.5,32
2026-08-31 13:42:00+05:30,1982.9000244140625,1982.9000244140625,1982.9000244140625,1982.9000244140625,2
2026-08-31 13:43:00+05:30,1982.800048828125,1982.800048828125,1982.800048828125,1982.800048828125,2
2026-08-31 13:46:00+05:30,1981.949951171875,1981.949951171875,1981.949951171875,1981.949951171875,4
2026-08-31 13:47:00+05:30,1982.300048828125,1982.300048828125,1982.300048828125,1982.300048828125,21
2026-08-31 13:51:00+05:30,1982.800048828125,1982.800048828125,1982.800048828125,1982.800048828125,1
2026-08-31 13:52:00+05:30,1982.5999755859375,1982.5999755859375,1982.5999755859375,1982.5999755859375,1
2026-08-31 13:53:00+05:30,1981.0,1981.0,1981.0,1981.0,1
2026-08-31 13:54:00+05:30,1981.4000244140625,1981.4000244140625,1981.4000244140625,1981.4000244140625,1
2026-08-31 13:55:00+05:30,1980.0,1980.0,1980.0,1980.0,7
2026-08-31 13:56:00+05:30,1980.75,1980.800048828125,1980.75,1980.75,5
2026-08-31 13:58:00+05:30,1980.3499755859375,1980.3499755859375,1980.3499755859375,1980.3499755859375,27
2026-08-31 14:01:00+05:30,1980.0999755859375,1980.0999755859375,1980.0999755859375,1980.0999755859375,1
2026-08-31 14:02:00+05:30,1981.3499755859375,1981.3499755859375,1980.75,1980.75,13
2026-08-31 14:03:00+05:30,1980.75,1980.75,1980.75,1980.75,10
2026-08-31 14:04:00+05:30,1981.3499755859375,1981.3499755859375,1981.3499755859375,1981.3499755859375,2
2026-08-31 14:05:00+05:30,1980.5999755859375,1981.300048828125,1980.5999755859375,1981.300048828125,2
2026-08-31 14:06:00+05:30,1980.300048828125,1981.050048828125,1980.300048828125,1981.050048828125,7
2026-08-31 14:08:00+05:30,1980.5999755859375,1980.5999755859375,1979.0,1979.0,101
2026-08-31 14:09:00+05:30,1980.0,1980.0,1980.0,1980.0,3
2026-08-31 14:11:00+05:30,1978.199951171875,1978.199951171875,1978.199951171875,1978.199951171875,31
2026-08-31 14:12:00+05:30,1977.6500244140625,1979.3499755859375,1977.6500244140625,1979.3499755859375,2
2026-08-31 14:16:00+05:30,1980.199951171875,1980.199951171875,1980.199951171875,1980.199951171875,25
2026-08-31 14:20:00+05:30,1981.449951171875,1981.449951171875,1981.449951171875,1981.449951171875,1
2026-08-31 14:22:00+05:30,1981.050048828125,1981.050048828125,1980.5,1980.5,2
2026-08-31 14:24:00+05:30,1979.550048828125,1979.550048828125,1979.550048828125,1979.550048828125,378
2026-08-31 14:25:00+05:30,1981.300048828125,1982.0,1981.300048828125,1982.0,11
2026-08-31 14:26:00+05:30,1980.949951171875,1981.300048828125,1980.949951171875,1981.300048828125,2
2026-08-31 14:27:00+05:30,1981.6500244140625,1981.6500244140625,1981.0,1981.0,2
2026-08-31 14:28:00+05:30,1981.5,1981.9000244140625,1981.5,1981.9000244140625,3
2026-08-31 14:29:00+05:30,1981.699951171875,1981.699951171875,1979.949951171875,1981.5,14
2026-08-31 14:30:00+05:30,1981.699951171875,1981.800048828125,1981.5999755859375,1981.5999755859375,4
2026-08-31 14:31:00+05:30,1983.699951171875,1983.699951171875,1981.3499755859375,1981.699951171875,12
2026-08-31 14:32:00+05:30,1982.300048828125,1982.300048828125,1982.300048828125,1982.300048828125,1
2026-08-31 14:34:00+05:30,1982.25,1982.25,1982.25,1982.25,10
2026-08-31 14:35:00+05:30,1982.4000244140625,1982.4000244140625,1982.199951171875,1982.199951171875,11
2026-08-31 14:36:00+05:30,1984.0,1984.0,1983.199951171875,1983.199951171875,31
2026-08-31 14:37:00+05:30,1982.449951171875,1982.449951171875,1982.449951171875,1982.449951171875,10
2026-08-31 14:38:00+05:30,1983.9000244140625,1983.9000244140625,1983.9000244140625,1983.9000244140625,1
2026-08-31 14:39:00+05:30,1984.0,1984.0,1984.0,1984.0,166
2026-08-31 14:40:00+05:30,1985.4000244140625,1985.4000244140625,1984.9000244140625,1984.9000244140625,5
2026-08-31 14:41:00+05:30,1985.4000244140625,1985.4000244140625,1985.4000244140625,1985.4000244140625,1
2026-08-31 14:42:00+05:30,1984.5,1985.4000244140625,1984.5,1985.4000244140625,91
2026-08-31 14:43:00+05:30,1984.4000244140625,1984.4000244140625,1984.4000244140625,1984.4000244140625,1
2026-08-31 14:44:00+05:30,1984.8499755859375,1984.8499755859375,1984.3499755859375,1984.3499755859375,24
2026-08-31 14:45:00+05:30,1985.5,1985.5,1985.0999755859375,1985.0999755859375,174
2026-08-31 14:46:00+05:30,1991.5999755859375,1991.5999755859375,1988.0,1988.0,112
2026-08-31 14:48:00+05:30,1989.75,1990.800048828125,1988.449951171875,1988.449951171875,164
2026-08-31 14:49:00+05:30,1991.050048828125,1991.449951171875,1989.699951171875,1991.449951171875,83
2026-08-31 14:50:00+05:30,1991.699951171875,1991.699951171875,1991.5999755859375,1991.5999755859375,6
2026-08-31 14:51:00+05:30,1992.800048828125,1992.800048828125,1992.800048828125,1992.800048828125,5
2026-08-31 14:53:00+05:30,1994.9000244140625,1995.199951171875,1994.9000244140625,1995.199951171875,11
2026-08-31 14:56:00+05:30,1991.75,1992.800048828125,1991.75,1992.800048828125,14
2026-08-31 14:58:00+05:30,1992.199951171875,1992.199951171875,1992.199951171875,1992.199951171875,2
2026-08-31 15:00:00+05:30,1990.75,1990.75,1989.300048828125,1989.300048828125,287
2026-08-31 15:02:00+05:30,1992.550048828125,1992.75,1992.300048828125,1992.300048828125,4
2026-08-31 15:03:00+05:30,1991.5999755859375,1992.3499755859375,1990.9000244140625,1992.3499755859375,224
2026-08-31 15:04:00+05:30,1992.050048828125,1992.5,1991.300048828125,1992.5,20
2026-08-31 15:05:00+05:30,1991.75,1992.3499755859375,1991.75,1992.3499755859375,9
2026-08-31 15:06:00+05:30,1992.800048828125,1992.800048828125,1991.25,1991.449951171875,21
2026-08-31 15:07:00+05:30,1991.3499755859375,1992.699951171875,1991.3499755859375,1992.5999755859375,30
2026-08-31 15:08:00+05:30,1992.5,1993.0,1991.300048828125,1991.300048828125,47
2026-08-31 15:09:00+05:30,1992.25,1992.5,1990.25,1992.5,11
2026-08-31 15:10:00+05:30,1992.699951171875,1993.0,1992.199951171875,1992.199951171875,28
2026-08-31 15:12:00+05:30,1990.0,1990.0,1990.0,1990.0,1
2026-08-31 15:13:00+05:30,1990.4000244140625,1992.949951171875,1990.4000244140625,1992.949951171875,12
2026-08-31 15:14:00+05:30,1987.0,1987.0,1987.0,1987.0,3
2026-08-31 15:28:00+05:30,2018.449951171875,2018.449951171875,2018.449951171875,2018.449951171875,245
2026-09-01 09:15:00+05:30,1989.1500244140625,2000.0,1987.25,2000.0,532
2026-09-01 09:16:00+05:30,1988.0999755859375,1990.0,1987.0,1990.0,202
2026-09-01 09:17:00+05:30,1987.5,1988.6500244140625,1986.300048828125,1986.300048828125,52
2026-09-01 09:18:00+05:30,1985.3499755859375,1986.6500244140625,1985.0,1986.6500244140625,49
2026-09-01 09:19:00+05:30,1986.800048828125,1986.949951171875,1985.3499755859375,1985.3499755859375,34
2026-09-01 09:20:00+05:30,1985.300048828125,1985.300048828125,1985.300048828125,1985.300048828125,3
2026-09-01 09:21:00+05:30,1982.949951171875,1982.949951171875,1982.949951171875,1982.949951171875,2
2026-09-01 09:22:00+05:30,1982.199951171875,1982.199951171875,1980.9000244140625,1980.949951171875,48
2026-09-01 09:23:00+05:30,1979.75,1979.75,1979.75,1979.75,107
2026-09-01 09:24:00+05:30,1979.300048828125,1979.300048828125,1979.0,1979.0,16
2026-09-01 09:25:00+05:30,1979.949951171875,1979.949951171875,1979.0,1979.0,10
2026-09-01 09:26:00+05:30,1983.300048828125,1983.300048828125,1981.3499755859375,1981.3499755859375,3
2026-09-01 09:28:00+05:30,1981.199951171875,1981.199951171875,1981.199951171875,1981.199951171875,6
2026-09-01 09:29:00+05:30,1979.0999755859375,1979.5,1978.5,1979.449951171875,48
2026-09-01 09:30:00+05:30,1979.5,1979.5,1977.5999755859375,1978.5,91
2026-09-01 09:31:00+05:30,1980.4000244140625,1980.4000244140625,1977.5999755859375,1977.5999755859375,451
2026-09-01 09:32:00+05:30,1981.300048828125,1981.300048828125,1981.300048828125,1981.300048828125,255
2026-09-01 09:34:00+05:30,1983.0,1983.0,1983.0,1983.0,150
2026-09-01 09:36:00+05:30,1978.9000244140625,1978.9000244140625,1978.9000244140625,1978.9000244140625,1
2026-09-01 09:37:00+05:30,1975.5999755859375,1977.4000244140625,1975.5999755859375,1976.5999755859375,1159
2026-09-01 09:38:00+05:30,1975.449951171875,1975.449951171875,1974.449951171875,1974.449951171875,211
2026-09-01 09:39:00+05:30,1975.1500244140625,1977.0999755859375,1975.1500244140625,1975.199951171875,7
2026-09-01 09:40:00+05:30,1975.0,1976.3499755859375,1975.0,1975.9000244140625,193
2026-09-01 09:41:00+05:30,1974.4000244140625,1976.0,1974.4000244140625,1976.0,258
2026-09-01 09:42:00+05:30,1975.949951171875,1975.949951171875,1975.949951171875,1975.949951171875,6
2026-09-01 09:44:00+05:30,1973.0,1975.550048828125,1973.0,1975.550048828125,24
2026-09-01 09:45:00+05:30,1973.5,1973.5,1971.0,1971.9000244140625,57
2026-09-01 09:46:00+05:30,1972.300048828125,1972.5,1972.300048828125,1972.300048828125,202
2026-09-01 09:48:00+05:30,1969.699951171875,1970.0,1969.699951171875,1970.0,220
2026-09-01 09:49:00+05:30,1970.199951171875,1970.199951171875,1970.199951171875,1970.199951171875,34
2026-09-01 09:50:00+05:30,1971.5,1971.5,1970.199951171875,1970.199951171875,6
2026-09-01 09:52:00+05:30,1970.199951171875,1970.199951171875,1969.550048828125,1969.550048828125,26
2026-09-01 09:53:00+05:30,1971.550048828125,1971.550048828125,1971.5,1971.5,11
2026-09-01 09:54:00+05:30,1968.25,1970.0,1968.25,1970.0,269
2026-09-01 09:55:00+05:30,1968.699951171875,1968.699951171875,1968.699951171875,1968.699951171875,20
2026-09-01 09:56:00+05:30,1968.0,1968.0,1967.699951171875,1967.699951171875,582
2026-09-01 09:58:00+05:30,1968.0,1968.0,1968.0,1968.0,1
2026-09-01 09:59:00+05:30,1968.6500244140625,1968.6500244140625,1968.6500244140625,1968.6500244140625,1
2026-09-01 10:02:00+05:30,1967.800048828125,1967.800048828125,1967.800048828125,1967.800048828125,15
2026-09-01 10:03:00+05:30,1967.0,1967.5999755859375,1967.0,1967.5999755859375,51
2026-09-01 10:04:00+05:30,1968.0999755859375,1968.0999755859375,1968.0999755859375,1968.0999755859375,5
2026-09-01 10:06:00+05:30,1967.550048828125,1967.5999755859375,1967.5,1967.5,16
2026-09-01 10:07:00+05:30,1966.0999755859375,1966.0999755859375,1966.0999755859375,1966.0999755859375,30
2026-09-01 10:08:00+05:30,1964.4000244140625,1966.199951171875,1964.4000244140625,1966.199951171875,96
2026-09-01 10:09:00+05:30,1964.9000244140625,1965.0,1964.9000244140625,1965.0,16
2026-09-01 10:10:00+05:30,1965.0,1965.5,1964.4000244140625,1964.5999755859375,448
2026-09-01 10:13:00+05:30,1964.550048828125,1964.550048828125,1964.550048828125,1964.550048828125,5
2026-09-01 10:14:00+05:30,1963.4000244140625,1964.550048828125,1963.0,1963.5,52
2026-09-01 10:15:00+05:30,1964.0,1964.0,1962.800048828125,1963.0,250
2026-09-01 10:16:00+05:30,1964.5999755859375,1965.0,1964.5999755859375,1965.0,32
2026-09-01 10:17:00+05:30,1964.0,1964.0,1964.0,1964.0,11
2026-09-01 10:18:00+05:30,1963.800048828125,1963.800048828125,1963.800048828125,1963.800048828125,5
2026-09-01 10:19:00+05:30,1964.0,1964.6500244140625,1964.0,1964.0,18
2026-09-01 10:20:00+05:30,1965.9000244140625,1965.9000244140625,1965.9000244140625,1965.9000244140625,1
2026-09-01 10:21:00+05:30,1965.0,1965.0,1965.0,1965.0,10
2026-09-01 10:22:00+05:30,1967.0,1967.0,1965.199951171875,1966.0,125
2026-09-01 10:26:00+05:30,1966.800048828125,1966.800048828125,1966.800048828125,1966.800048828125,2
2026-09-01 10:27:00+05:30,1967.0,1967.0,1967.0,1967.0,2
2026-09-01 10:28:00+05:30,1967.0,1967.0,1967.0,1967.0,5
2026-09-01 10:29:00+05:30,1967.0,1967.0,1967.0,1967.0,2
2026-09-01 10:30:00+05:30,1968.0,1968.0,1968.0,1968.0,10
2026-09-01 10:31:00+05:30,1968.8499755859375,1968.8499755859375,1968.8499755859375,1968.8499755859375,75
2026-09-01 10:32:00+05:30,1967.0,1969.1500244140625,1967.0,1969.1500244140625,38
2026-09-01 10:36:00+05:30,1965.449951171875,1965.449951171875,1965.449951171875,1965.449951171875,3
2026-09-01 10:37:00+05:30,1965.0,1965.9000244140625,1965.0,1965.75,64
2026-09-01 10:38:00+05:30,1967.0999755859375,1967.0999755859375,1966.0,1966.0,51
2026-09-01 10:39:00+05:30,1967.3499755859375,1967.75,1966.449951171875,1966.449951171875,74
2026-09-01 10:40:00+05:30,1966.0999755859375,1966.0999755859375,1966.0999755859375,1966.0999755859375,1
2026-09-01 10:41:00+05:30,1966.300048828125,1966.300048828125,1966.300048828125,1966.300048828125,10
2026-09-01 10:43:00+05:30,1966.5999755859375,1966.5999755859375,1965.0999755859375,1965.0999755859375,11
2026-09-01 10:44:00+05:30,1966.6500244140625,1966.6500244140625,1966.6500244140625,1966.6500244140625,20
2026-09-01 10:45:00+05:30,1966.0999755859375,1966.0999755859375,1966.0999755859375,1966.0999755859375,26
2026-09-01 10:46:00+05:30,1966.5,1966.5,1966.5,1966.5,1
2026-09-01 10:47:00+05:30,1968.0,1968.5,1968.0,1968.5,2
2026-09-01 10:49:00+05:30,1970.5,1970.5,1967.699951171875,1967.699951171875,62
2026-09-01 10:50:00+05:30,1971.699951171875,1972.5,1971.699951171875,1972.5,30
2026-09-01 10:51:00+05:30,1971.699951171875,1971.699951171875,1971.699951171875,1971.699951171875,33
2026-09-01 10:52:00+05:30,1972.8499755859375,1972.8499755859375,1970.8499755859375,1970.8499755859375,42
2026-09-01 10:53:00+05:30,1973.25,1973.25,1973.25,1973.25,40
2026-09-01 10:54:00+05:30,1973.6500244140625,1973.6500244140625,1972.9000244140625,1972.9000244140625,294
2026-09-01 10:55:00+05:30,1971.9000244140625,1971.9000244140625,1970.550048828125,1970.9000244140625,714
2026-09-01 10:57:00+05:30,1971.199951171875,1971.199951171875,1971.199951171875,1971.199951171875,15
2026-09-01 10:58:00+05:30,1971.199951171875,1971.199951171875,1971.199951171875,1971.199951171875,1
2026-09-01 10:59:00+05:30,1972.1500244140625,1972.1500244140625,1972.1500244140625,1972.1500244140625,1
2026-09-01 11:00:00+05:30,1972.699951171875,1972.699951171875,1972.699951171875,1972.699951171875,30
2026-09-01 11:01:00+05:30,1972.5,1972.5,1972.5,1972.5,4
2026-09-01 11:02:00+05:30,1971.0,1971.199951171875,1971.0,1971.199951171875,102
2026-09-01 11:03:00+05:30,1971.199951171875,1971.199951171875,1970.75,1970.75,7
2026-09-01 11:05:00+05:30,1971.0,1971.0,1971.0,1971.0,2
2026-09-01 11:07:00+05:30,1970.5,1970.5,1970.5,1970.5,1
2026-09-01 11:08:00+05:30,1971.0,1971.0,1971.0,1971.0,20
2026-09-01 11:09:00+05:30,1973.0,1973.0,1973.0,1973.0,4
2026-09-01 11:11:00+05:30,1973.0,1973.0,1973.0,1973.0,100
2026-09-01 11:12:00+05:30,1973.0999755859375,1973.0999755859375,1973.0999755859375,1973.0999755859375,1
2026-09-01 11:13:00+05:30,1974.300048828125,1974.550048828125,1974.300048828125,1974.550048828125,17
2026-09-01 11:15:00+05:30,1975.0,1975.0,1972.949951171875,1974.300048828125,166
2026-09-01 11:16:00+05:30,1976.300048828125,1976.300048828125,1976.300048828125,1976.300048828125,50
2026-09-01 11:17:00+05:30,1975.050048828125,1975.050048828125,1975.050048828125,1975.050048828125,7
2026-09-01 11:18:00+05:30,1976.0,1976.0,1975.0,1975.0,10
2026-09-01 11:19:00+05:30,1976.0,1976.0,1975.5,1976.0,50
2026-09-01 11:20:00+05:30,1976.5,1976.5,1976.4000244140625,1976.4000244140625,75
2026-09-01 11:23:00+05:30,1975.0,1975.0,1975.0,1975.0,15
2026-09-01 11:24:00+05:30,1975.0,1975.0,1975.0,1975.0,20
2026-09-01 11:25:00+05:30,1975.800048828125,1975.800048828125,1975.800048828125,1975.800048828125,10
2026-09-01 11:26:00+05:30,1975.800048828125,1975.800048828125,1974.5,1974.5,55
2026-09-01 11:28:00+05:30,1975.800048828125,1975.800048828125,1975.800048828125,1975.800048828125,41
2026-09-01 11:29:00+05:30,1977.0999755859375,1977.1500244140625,1977.0999755859375,1977.1500244140625,3
2026-09-01 11:30:00+05:30,1979.9000244140625,1979.9000244140625,1977.5,1977.5,114
2026-09-01 11:31:00+05:30,1978.0,1978.0,1978.0,1978.0,5
2026-09-01 11:33:00+05:30,1978.800048828125,1978.800048828125,1978.0,1978.0,20
2026-09-01 11:34:00+05:30,1978.800048828125,1978.800048828125,1978.800048828125,1978.800048828125,1
2026-09-01 11:38:00+05:30,1975.699951171875,1975.699951171875,1975.699951171875,1975.699951171875,8
2026-09-01 11:40:00+05:30,1976.550048828125,1976.550048828125,1976.550048828125,1976.550048828125,1
2026-09-01 11:44:00+05:30,1976.5,1976.5,1976.5,1976.5,5
2026-09-01 11:45:00+05:30,1977.0,1977.0,1975.0,1975.1500244140625,2488
2026-09-01 11:47:00+05:30,1975.300048828125,1976.9000244140625,1975.199951171875,1975.199951171875,387
2026-09-01 11:49:00+05:30,1976.0,1976.0,1976.0,1976.0,33
2026-09-01 11:51:00+05:30,1977.0,1977.0,1977.0,1977.0,494
2026-09-01 11:52:00+05:30,1975.5999755859375,1975.5999755859375,1975.5999755859375,1975.5999755859375,1
2026-09-01 11:53:00+05:30,1976.300048828125,1976.300048828125,1976.300048828125,1976.300048828125,3
2026-09-01 11:56:00+05:30,1977.3499755859375,1977.3499755859375,1977.3499755859375,1977.3499755859375,2
2026-09-01 11:58:00+05:30,1977.050048828125,1977.050048828125,1977.050048828125,1977.050048828125,1
2026-09-01 12:01:00+05:30,1976.949951171875,1976.949951171875,1976.949951171875,1976.949951171875,10
2026-09-01 12:04:00+05:30,1978.5,1978.5,1977.0,1977.0,30
2026-09-01 12:07:00+05:30,1978.25,1978.5999755859375,1977.0,1978.5999755859375,73
2026-09-01 12:09:00+05:30,1978.25,1978.25,1978.25,1978.25,1
2026-09-01 12:10:00+05:30,1978.5,1978.5,1978.5,1978.5,51
2026-09-01 12:12:00+05:30,1979.0,1979.0,1979.0,1979.0,11
2026-09-01 12:13:00+05:30,1979.6500244140625,1979.75,1979.6500244140625,1979.75,61
2026-09-01 12:17:00+05:30,1979.5999755859375,1979.5999755859375,1979.5999755859375,1979.5999755859375,250
2026-09-01 12:22:00+05:30,1979.0,1979.0,1979.0,1979.0,10
2026-09-01 12:24:00+05:30,1976.8499755859375,1976.8499755859375,1976.8499755859375,1976.8499755859375,5
2026-09-01 12:26:00+05:30,1976.8499755859375,1976.8499755859375,1976.8499755859375,1976.8499755859375,1
2026-09-01 12:27:00+05:30,1976.949951171875,1978.0,1976.949951171875,1978.0,2
2026-09-01 12:31:00+05:30,1978.0,1978.0,1978.0,1978.0,1
2026-09-01 12:32:00+05:30,1979.5999755859375,1979.5999755859375,1979.5999755859375,1979.5999755859375,100
2026-09-01 12:33:00+05:30,1980.0,1980.0,1980.0,1980.0,3
2026-09-01 12:34:00+05:30,1979.4000244140625,1979.4000244140625,1979.4000244140625,1979.4000244140625,200
2026-09-01 12:45:00+05:30,1979.300048828125,1979.300048828125,1979.300048828125,1979.300048828125,2
2026-09-01 12:51:00+05:30,1981.0,1981.0,1981.0,1981.0,81
2026-09-01 12:57:00+05:30,1981.3499755859375,1981.3499755859375,1981.3499755859375,1981.3499755859375,2
2026-09-01 13:03:00+05:30,1981.949951171875,1981.949951171875,1980.800048828125,1980.800048828125,2
2026-09-01 13:06:00+05:30,1981.0999755859375,1981.0999755859375,1981.0999755859375,1981.0999755859375,5
2026-09-01 13:07:00+05:30,1979.5999755859375,1979.5999755859375,1979.5999755859375,1979.5999755859375,121
2026-09-01 13:08:00+05:30,1981.0999755859375,1981.0999755859375,1981.0999755859375,1981.0999755859375,3
2026-09-01 13:11:00+05:30,1978.0,1979.9000244140625,1978.0,1979.9000244140625,11
2026-09-01 13:12:00+05:30,1976.9000244140625,1976.9000244140625,1976.9000244140625,1976.9000244140625,5
2026-09-01 13:14:00+05:30,1978.800048828125,1978.800048828125,1978.800048828125,1978.800048828125,4
2026-09-01 13:15:00+05:30,1978.0,1978.0,1978.0,1978.0,25
2026-09-01 13:17:00+05:30,1976.9000244140625,1976.9000244140625,1976.9000244140625,1976.9000244140625,50
2026-09-01 13:18:00+05:30,1979.449951171875,1979.449951171875,1975.0,1975.050048828125,114
2026-09-01 13:23:00+05:30,1978.0,1978.1500244140625,1977.3499755859375,1977.3499755859375,77
2026-09-01 13:26:00+05:30,1975.6500244140625,1975.6500244140625,1975.6500244140625,1975.6500244140625,6
2026-09-01 13:27:00+05:30,1976.8499755859375,1976.8499755859375,1976.8499755859375,1976.8499755859375,4
2026-09-01 13:28:00+05:30,1974.5,1974.5,1974.5,1974.5,25
2026-09-01 13:30:00+05:30,1976.9000244140625,1976.9000244140625,1976.9000244140625,1976.9000244140625,8
2026-09-01 13:31:00+05:30,1976.9000244140625,1976.9000244140625,1976.9000244140625,1976.9000244140625,12
2026-09-01 13:37:00+05:30,1976.050048828125,1976.050048828125,1976.050048828125,1976.050048828125,2
2026-09-01 13:38:00+05:30,1975.0,1975.0,1975.0,1975.0,1
2026-09-01 13:39:00+05:30,1977.199951171875,1977.199951171875,1977.199951171875,1977.199951171875,21
2026-09-01 13:40:00+05:30,1974.4000244140625,1974.550048828125,1974.4000244140625,1974.550048828125,111
2026-09-01 13:41:00+05:30,1974.0,1974.050048828125,1974.0,1974.050048828125,103
2026-09-01 13:43:00+05:30,1973.199951171875,1973.199951171875,1973.199951171875,1973.199951171875,8
2026-09-01 13:47:00+05:30,1969.8499755859375,1971.0,1969.8499755859375,1971.0,35
2026-09-01 13:48:00+05:30,1969.949951171875,1969.949951171875,1969.949951171875,1969.949951171875,1
2026-09-01 13:50:00+05:30,1968.199951171875,1968.199951171875,1968.0,1968.0,56
2026-09-01 13:51:00+05:30,1968.0,1968.0,1968.0,1968.0,163
2026-09-01 13:52:00+05:30,1967.699951171875,1968.949951171875,1967.699951171875,1968.949951171875,19
2026-09-01 13:53:00+05:30,1969.1500244140625,1969.1500244140625,1969.1500244140625,1969.1500244140625,22
2026-09-01 13:59:00+05:30,1971.9000244140625,1972.0,1971.75,1971.75,25
2026-09-01 14:00:00+05:30,1971.800048828125,1971.800048828125,1970.3499755859375,1970.3499755859375,11
2026-09-01 14:02:00+05:30,1972.25,1972.25,1972.25,1972.25,200
2026-09-01 14:03:00+05:30,1969.4000244140625,1969.4000244140625,1969.4000244140625,1969.4000244140625,1
2026-09-01 14:04:00+05:30,1970.5,1970.5,1970.5,1970.5,18
2026-09-01 14:06:00+05:30,1969.5999755859375,1969.5999755859375,1969.5,1969.5,45
2026-09-01 14:08:00+05:30,1968.5,1968.5,1968.5,1968.5,1
2026-09-01 14:10:00+05:30,1967.5,1967.5,1967.1500244140625,1967.1500244140625,31
2026-09-01 14:11:00+05:30,1965.0999755859375,1965.0999755859375,1965.0999755859375,1965.0999755859375,3
2026-09-01 14:14:00+05:30,1965.5,1965.5,1965.5,1965.5,20
2026-09-01 14:16:00+05:30,1965.5,1965.5,1965.5,1965.5,25
2026-09-01 14:18:00+05:30,1965.5999755859375,1965.5999755859375,1965.5999755859375,1965.5999755859375,8
2026-09-01 14:19:00+05:30,1965.1500244140625,1965.1500244140625,1965.0999755859375,1965.0999755859375,56
2026-09-01 14:21:00+05:30,1965.199951171875,1965.199951171875,1965.199951171875,1965.199951171875,2
2026-09-01 14:22:00+05:30,1965.1500244140625,1965.1500244140625,1965.1500244140625,1965.1500244140625,152
2026-09-01 14:23:00+05:30,1965.1500244140625,1965.1500244140625,1965.1500244140625,1965.1500244140625,21
2026-09-01 14:25:00+05:30,1965.199951171875,1966.5,1965.199951171875,1966.5,6
2026-09-01 14:27:00+05:30,1966.0999755859375,1966.0999755859375,1966.0999755859375,1966.0999755859375,4
2026-09-01 14:28:00+05:30,1964.0,1965.1500244140625,1964.0,1965.1500244140625,226
2026-09-01 14:29:00+05:30,1967.300048828125,1967.300048828125,1965.1500244140625,1965.1500244140625,40
2026-09-01 14:31:00+05:30,1967.800048828125,1967.800048828125,1967.800048828125,1967.800048828125,4
2026-09-01 14:32:00+05:30,1968.6500244140625,1968.6500244140625,1967.800048828125,1967.800048828125,27
2026-09-01 14:35:00+05:30,1967.0999755859375,1968.5,1967.0999755859375,1968.5,4
2026-09-01 14:36:00+05:30,1964.0,1965.9000244140625,1964.0,1965.0,44
2026-09-01 14:37:00+05:30,1961.0,1963.0,1961.0,1963.0,57
2026-09-01 14:38:00+05:30,1965.5999755859375,1965.5999755859375,1964.8499755859375,1964.9000244140625,320
2026-09-01 14:40:00+05:30,1961.0,1962.5,1961.0,1962.5,21
2026-09-01 14:41:00+05:30,1961.0,1961.050048828125,1961.0,1961.050048828125,61
2026-09-01 14:44:00+05:30,1961.050048828125,1962.699951171875,1961.050048828125,1962.699951171875,16
2026-09-01 14:49:00+05:30,1966.0,1966.0,1965.0,1965.0,24
2026-09-01 14:50:00+05:30,1967.800048828125,1967.800048828125,1966.0,1966.0,4
2026-09-01 14:52:00+05:30,1966.5,1966.5,1966.5,1966.5,65
2026-09-01 14:53:00+05:30,1965.9000244140625,1968.300048828125,1965.9000244140625,1968.300048828125,45
2026-09-01 14:55:00+05:30,1967.449951171875,1969.0,1967.449951171875,1969.0,8
2026-09-01 14:56:00+05:30,1968.949951171875,1968.949951171875,1968.949951171875,1968.949951171875,108
2026-09-01 14:57:00+05:30,1968.699951171875,1968.699951171875,1968.699951171875,1968.699951171875,27
2026-09-01 14:58:00+05:30,1967.8499755859375,1967.8499755859375,1967.8499755859375,1967.8499755859375,76
2026-09-01 14:59:00+05:30,1966.0999755859375,1966.0999755859375,1966.0999755859375,1966.0999755859375,124
2026-09-01 15:00:00+05:30,1966.0999755859375,1966.0999755859375,1966.0999755859375,1966.0999755859375,110
2026-09-01 15:01:00+05:30,1965.25,1965.25,1965.25,1965.25,3
2026-09-01 15:02:00+05:30,1964.4000244140625,1964.8499755859375,1964.4000244140625,1964.8499755859375,28
2026-09-01 15:03:00+05:30,1963.0,1963.0,1963.0,1963.0,38
2026-09-01 15:04:00+05:30,1963.5,1964.550048828125,1961.4000244140625,1961.4000244140625,215
2026-09-01 15:05:00+05:30,1966.5999755859375,1966.5999755859375,1964.550048828125,1964.550048828125,394
2026-09-01 15:06:00+05:30,1964.3499755859375,1964.3499755859375,1964.3499755859375,1964.3499755859375,9
2026-09-01 15:07:00+05:30,1965.050048828125,1965.050048828125,1963.4000244140625,1963.4000244140625,58
2026-09-01 15:09:00+05:30,1963.6500244140625,1963.6500244140625,1963.6500244140625,1963.6500244140625,7
2026-09-01 15:10:00+05:30,1967.4000244140625,1967.4000244140625,1965.6500244140625,1965.6500244140625,43
2026-09-01 15:11:00+05:30,1967.5,1970.199951171875,1967.5,1968.0,520
2026-09-01 15:12:00+05:30,1965.0,1965.0,1965.0,1965.0,462
2026-09-01 15:13:00+05:30,1965.199951171875,1965.199951171875,1965.199951171875,1965.199951171875,8
2026-09-01 15:14:00+05:30,1968.1500244140625,1968.1500244140625,1965.199951171875,1965.199951171875,72
2026-09-01 15:28:00+05:30,1970.0,1970.0,1970.0,1970.0,44
2026-09-02 09:15:00+05:30,1943.0,1949.0,1940.25,1949.0,398
2026-09-02 09:16:00+05:30,1943.0,1943.699951171875,1942.800048828125,1942.9000244140625,169
2026-09-02 09:17:00+05:30,1943.699951171875,1943.699951171875,1940.300048828125,1942.800048828125,168
2026-09-02 09:18:00+05:30,1949.9000244140625,1949.9000244140625,1948.050048828125,1948.050048828125,74
2026-09-02 09:19:00+05:30,1952.5,1952.5,1950.449951171875,1952.0,40
2026-09-02 09:20:00+05:30,1951.300048828125,1951.300048828125,1950.75,1950.75,23
2026-09-02 09:22:00+05:30,1948.5,1948.5,1948.5,1948.5,2
2026-09-02 09:23:00+05:30,1948.699951171875,1948.699951171875,1948.5,1948.5,21
2026-09-02 09:24:00+05:30,1947.199951171875,1947.199951171875,1947.199951171875,1947.199951171875,50
2026-09-02 09:25:00+05:30,1953.199951171875,1953.199951171875,1952.0,1952.0999755859375,21
2026-09-02 09:26:00+05:30,1950.75,1950.75,1950.75,1950.75,20
2026-09-02 09:28:00+05:30,1953.5,1953.5,1953.5,1953.5,3
2026-09-02 09:29:00+05:30,1953.0,1953.0,1953.0,1953.0,20
2026-09-02 09:30:00+05:30,1952.199951171875,1952.199951171875,1952.199951171875,1952.199951171875,1
2026-09-02 09:31:00+05:30,1950.0,1950.0,1950.0,1950.0,10
2026-09-02 09:34:00+05:30,1951.199951171875,1951.199951171875,1951.199951171875,1951.199951171875,20
2026-09-02 09:35:00+05:30,1951.6500244140625,1951.6500244140625,1951.050048828125,1951.050048828125,14
2026-09-02 09:36:00+05:30,1951.699951171875,1951.699951171875,1951.699951171875,1951.699951171875,8
2026-09-02 09:37:00+05:30,1945.0999755859375,1951.300048828125,1945.0999755859375,1950.0,427
2026-09-02 09:38:00+05:30,1942.5,1942.800048828125,1940.449951171875,1942.800048828125,334
2026-09-02 09:39:00+05:30,1942.5,1942.5,1940.0,1940.4000244140625,459
2026-09-02 09:40:00+05:30,1940.0,1941.25,1940.0,1941.25,47
2026-09-02 09:41:00+05:30,1940.4000244140625,1940.4000244140625,1940.4000244140625,1940.4000244140625,50
2026-09-02 09:43:00+05:30,1943.800048828125,1943.800048828125,1943.800048828125,1943.800048828125,4
2026-09-02 09:44:00+05:30,1945.0,1945.0,1945.0,1945.0,510
2026-09-02 09:45:00+05:30,1945.4000244140625,1945.4000244140625,1945.4000244140625,1945.4000244140625,16
2026-09-02 09:47:00+05:30,1945.4000244140625,1945.4000244140625,1945.4000244140625,1945.4000244140625,12
2026-09-02 09:48:00+05:30,1947.1500244140625,1947.949951171875,1947.1500244140625,1947.949951171875,59
2026-09-02 09:49:00+05:30,1949.3499755859375,1949.3499755859375,1949.3499755859375,1949.3499755859375,1
2026-09-02 09:50:00+05:30,1950.0,1950.0,1949.25,1949.25,15
2026-09-02 09:53:00+05:30,1949.050048828125,1949.050048828125,1949.050048828125,1949.050048828125,20
2026-09-02 09:54:00+05:30,1950.449951171875,1950.449951171875,1949.050048828125,1949.050048828125,30
2026-09-02 09:55:00+05:30,1950.0,1950.0,1950.0,1950.0,3
2026-09-02 09:56:00+05:30,1950.3499755859375,1950.9000244140625,1950.3499755859375,1950.9000244140625,2
2026-09-02 09:58:00+05:30,1950.5,1950.5,1950.5,1950.5,75
2026-09-02 10:00:00+05:30,1952.300048828125,1952.300048828125,1951.0999755859375,1951.0999755859375,34
2026-09-02 10:04:00+05:30,1953.800048828125,1953.8499755859375,1953.800048828125,1953.8499755859375,30
2026-09-02 10:05:00+05:30,1952.0,1952.0,1952.0,1952.0,4
2026-09-02 10:08:00+05:30,1953.0,1953.0,1953.0,1953.0,1
2026-09-02 10:10:00+05:30,1951.25,1951.25,1951.25,1951.25,120
2026-09-02 10:15:00+05:30,1948.949951171875,1948.949951171875,1948.949951171875,1948.949951171875,20
2026-09-02 10:19:00+05:30,1950.5999755859375,1950.5999755859375,1950.5999755859375,1950.5999755859375,60
2026-09-02 10:21:00+05:30,1953.5,1953.5,1952.300048828125,1952.300048828125,22
2026-09-02 10:22:00+05:30,1954.5,1954.5,1954.5,1954.5,16
2026-09-02 10:25:00+05:30,1955.449951171875,1955.550048828125,1955.449951171875,1955.550048828125,6
2026-09-02 10:27:00+05:30,1956.0999755859375,1956.0999755859375,1956.0999755859375,1956.0999755859375,5
2026-09-02 10:28:00+05:30,1956.5999755859375,1956.5999755859375,1956.5999755859375,1956.5999755859375,2
2026-09-02 10:30:00+05:30,1957.050048828125,1957.050048828125,1957.050048828125,1957.050048828125,4
2026-09-02 10:32:00+05:30,1957.949951171875,1957.949951171875,1957.949951171875,1957.949951171875,2
2026-09-02 10:33:00+05:30,1957.949951171875,1957.949951171875,1957.949951171875,1957.949951171875,1
2026-09-02 10:37:00+05:30,1958.5,1958.5,1957.949951171875,1957.949951171875,12
2026-09-02 10:38:00+05:30,1959.0,1959.0,1957.449951171875,1957.449951171875,6
2026-09-02 10:40:00+05:30,1957.449951171875,1957.9000244140625,1957.449951171875,1957.9000244140625,16
2026-09-02 10:44:00+05:30,1957.449951171875,1957.449951171875,1957.449951171875,1957.449951171875,7
2026-09-02 10:45:00+05:30,1956.199951171875,1956.199951171875,1955.75,1955.75,156
2026-09-02 10:46:00+05:30,1956.449951171875,1956.449951171875,1956.449951171875,1956.449951171875,1
2026-09-02 10:47:00+05:30,1955.949951171875,1955.949951171875,1955.8499755859375,1955.9000244140625,45
2026-09-02 10:52:00+05:30,1955.0,1955.9000244140625,1955.0,1955.9000244140625,32
2026-09-02 10:55:00+05:30,1957.5,1957.5,1957.5,1957.5,5
2026-09-02 11:02:00+05:30,1955.0,1956.5,1955.0,1955.3499755859375,41
2026-09-02 11:07:00+05:30,1956.5999755859375,1956.5999755859375,1956.5999755859375,1956.5999755859375,88
2026-09-02 11:08:00+05:30,1953.9000244140625,1955.0,1953.9000244140625,1955.0,30
2026-09-02 11:11:00+05:30,1954.0,1954.0,1954.0,1954.0,2
2026-09-02 11:12:00+05:30,1953.300048828125,1953.300048828125,1953.300048828125,1953.300048828125,1
2026-09-02 11:13:00+05:30,1953.550048828125,1953.550048828125,1953.550048828125,1953.550048828125,1
2026-09-02 11:15:00+05:30,1955.25,1955.25,1955.25,1955.25,1
2026-09-02 11:23:00+05:30,1955.5999755859375,1955.5999755859375,1955.5999755859375,1955.5999755859375,20
2026-09-02 11:26:00+05:30,1955.949951171875,1955.949951171875,1955.949951171875,1955.949951171875,20
2026-09-02 11:27:00+05:30,1955.699951171875,1955.699951171875,1955.699951171875,1955.699951171875,12
2026-09-02 11:28:00+05:30,1955.4000244140625,1955.4000244140625,1955.4000244140625,1955.4000244140625,10
2026-09-02 11:29:00+05:30,1957.5,1957.5,1957.5,1957.5,12
2026-09-02 11:31:00+05:30,1958.800048828125,1958.800048828125,1958.800048828125,1958.800048828125,1
2026-09-02 11:32:00+05:30,1958.300048828125,1958.300048828125,1956.699951171875,1956.699951171875,15
2026-09-02 11:35:00+05:30,1955.300048828125,1956.4000244140625,1955.300048828125,1956.4000244140625,21
2026-09-02 11:36:00+05:30,1955.0,1955.0,1955.0,1955.0,5
2026-09-02 11:37:00+05:30,1956.4000244140625,1956.4000244140625,1956.4000244140625,1956.4000244140625,7
2026-09-02 11:38:00+05:30,1955.0,1955.0,1955.0,1955.0,95
2026-09-02 11:52:00+05:30,1959.0,1959.0,1959.0,1959.0,1
2026-09-02 11:53:00+05:30,1957.9000244140625,1957.9000244140625,1957.9000244140625,1957.9000244140625,20
2026-09-02 11:55:00+05:30,1959.800048828125,1959.800048828125,1959.0,1959.0,410
2026-09-02 11:57:00+05:30,1958.5999755859375,1958.5999755859375,1958.5999755859375,1958.5999755859375,14
2026-09-02 12:04:00+05:30,1958.3499755859375,1958.4000244140625,1958.3499755859375,1958.4000244140625,2
2026-09-02 12:05:00+05:30,1958.3499755859375,1958.3499755859375,1958.3499755859375,1958.3499755859375,30
2026-09-02 12:08:00+05:30,1959.949951171875,1959.949951171875,1959.949951171875,1959.949951171875,5
2026-09-02 12:09:00+05:30,1960.0999755859375,1960.0999755859375,1960.0999755859375,1960.0999755859375,90
2026-09-02 12:10:00+05:30,1959.9000244140625,1960.0,1959.9000244140625,1960.0,11
2026-09-02 12:11:00+05:30,1961.199951171875,1961.199951171875,1961.199951171875,1961.199951171875,54
2026-09-02 12:12:00+05:30,1961.0999755859375,1961.0999755859375,1961.0999755859375,1961.0999755859375,10
2026-09-02 12:15:00+05:30,1961.4000244140625,1963.3499755859375,1961.4000244140625,1963.3499755859375,10
2026-09-02 12:16:00+05:30,1962.8499755859375,1962.8499755859375,1962.8499755859375,1962.8499755859375,1
2026-09-02 12:19:00+05:30,1962.5999755859375,1962.5999755859375,1962.5999755859375,1962.5999755859375,500
2026-09-02 12:26:00+05:30,1961.550048828125,1961.550048828125,1961.550048828125,1961.550048828125,19
2026-09-02 12:30:00+05:30,1962.0,1962.0,1962.0,1962.0,1
2026-09-02 12:32:00+05:30,1965.0,1965.0,1965.0,1965.0,3
2026-09-02 12:34:00+05:30,1964.1500244140625,1964.1500244140625,1964.1500244140625,1964.1500244140625,25
2026-09-02 12:35:00+05:30,1963.9000244140625,1963.9000244140625,1963.9000244140625,1963.9000244140625,33
2026-09-02 12:38:00+05:30,1960.9000244140625,1960.9000244140625,1960.9000244140625,1960.9000244140625,5
2026-09-02 12:40:00+05:30,1966.0,1966.0,1964.4000244140625,1964.4000244140625,87
2026-09-02 12:41:00+05:30,1967.5999755859375,1967.5999755859375,1967.5999755859375,1967.5999755859375,2
2026-09-02 12:43:00+05:30,1971.0,1971.0,1971.0,1971.0,3
2026-09-02 12:44:00+05:30,1970.050048828125,1970.050048828125,1970.050048828125,1970.050048828125,10
2026-09-02 12:45:00+05:30,1969.25,1969.25,1969.25,1969.25,15
2026-09-02 12:46:00+05:30,1968.550048828125,1968.550048828125,1968.550048828125,1968.550048828125,1
2026-09-02 12:49:00+05:30,1968.949951171875,1968.949951171875,1968.949951171875,1968.949951171875,1
2026-09-02 12:53:00+05:30,1968.949951171875,1968.949951171875,1968.949951171875,1968.949951171875,5
2026-09-02 12:58:00+05:30,1968.949951171875,1968.949951171875,1968.949951171875,1968.949951171875,10
2026-09-02 13:05:00+05:30,1969.25,1969.25,1969.25,1969.25,1
2026-09-02 13:07:00+05:30,1967.5999755859375,1967.5999755859375,1967.5999755859375,1967.5999755859375,1
2026-09-02 13:08:00+05:30,1967.5999755859375,1967.5999755859375,1967.5999755859375,1967.5999755859375,17
2026-09-02 13:11:00+05:30,1967.5999755859375,1967.5999755859375,1967.5999755859375,1967.5999755859375,5
2026-09-02 13:19:00+05:30,1972.0,1972.0,1972.0,1972.0,342
2026-09-02 13:20:00+05:30,1972.800048828125,1972.800048828125,1972.800048828125,1972.800048828125,1
2026-09-02 13:23:00+05:30,1970.800048828125,1970.800048828125,1970.800048828125,1970.800048828125,15
2026-09-02 13:24:00+05:30,1972.449951171875,1972.449951171875,1972.449951171875,1972.449951171875,2453
2026-09-02 13:27:00+05:30,1973.0,1973.0,1973.0,1973.0,36
2026-09-02 13:28:00+05:30,1974.1500244140625,1974.1500244140625,1974.1500244140625,1974.1500244140625,14
2026-09-02 13:29:00+05:30,1973.949951171875,1974.75,1973.949951171875,1974.75,401
2026-09-02 13:30:00+05:30,1974.5999755859375,1974.5999755859375,1974.5999755859375,1974.5999755859375,10
2026-09-02 13:31:00+05:30,1974.9000244140625,1974.9000244140625,1974.9000244140625,1974.9000244140625,200
2026-09-02 13:35:00+05:30,1976.25,1976.25,1976.25,1976.25,1
2026-09-02 13:42:00+05:30,1972.25,1972.25,1972.25,1972.25,5
2026-09-02 13:49:00+05:30,1974.050048828125,1974.050048828125,1974.050048828125,1974.050048828125,3
2026-09-02 13:52:00+05:30,1972.699951171875,1973.4000244140625,1972.699951171875,1973.4000244140625,5
2026-09-02 13:53:00+05:30,1975.4000244140625,1975.4000244140625,1975.4000244140625,1975.4000244140625,20
2026-09-02 13:56:00+05:30,1975.4000244140625,1975.4000244140625,1975.4000244140625,1975.4000244140625,13
2026-09-02 13:59:00+05:30,1974.5999755859375,1974.5999755859375,1974.5999755859375,1974.5999755859375,36
2026-09-02 14:00:00+05:30,1975.5,1975.5,1975.5,1975.5,10
2026-09-02 14:01:00+05:30,1976.5,1976.5,1976.5,1976.5,2
2026-09-02 14:06:00+05:30,1973.949951171875,1973.949951171875,1973.949951171875,1973.949951171875,1
2026-09-02 14:07:00+05:30,1976.800048828125,1976.800048828125,1976.800048828125,1976.800048828125,7
2026-09-02 14:09:00+05:30,1976.199951171875,1976.199951171875,1976.199951171875,1976.199951171875,7
2026-09-02 14:12:00+05:30,1976.9000244140625,1978.0,1976.9000244140625,1978.0,17
2026-09-02 14:19:00+05:30,1976.9000244140625,1976.9000244140625,1976.9000244140625,1976.9000244140625,5
2026-09-02 14:23:00+05:30,1977.0,1977.0,1977.0,1977.0,40
2026-09-02 14:25:00+05:30,1976.699951171875,1976.699951171875,1976.699951171875,1976.699951171875,14
2026-09-02 14:26:00+05:30,1976.0,1976.0,1975.949951171875,1975.949951171875,2
2026-09-02 14:28:00+05:30,1976.4000244140625,1976.4000244140625,1976.4000244140625,1976.4000244140625,58
2026-09-02 14:29:00+05:30,1977.0,1977.0,1977.0,1977.0,80
2026-09-02 14:32:00+05:30,1980.0,1980.0,1980.0,1980.0,22
2026-09-02 14:35:00+05:30,1980.0,1980.0,1980.0,1980.0,10
2026-09-02 14:38:00+05:30,1980.0,1980.0,1980.0,1980.0,1
2026-09-02 14:39:00+05:30,1980.0,1980.0,1980.0,1980.0,10
2026-09-02 14:41:00+05:30,1979.550048828125,1979.550048828125,1979.550048828125,1979.550048828125,45
2026-09-02 14:47:00+05:30,1979.0999755859375,1979.0999755859375,1976.949951171875,1976.949951171875,383
2026-09-02 14:49:00+05:30,1981.949951171875,1981.949951171875,1981.3499755859375,1981.3499755859375,33
2026-09-02 14:50:00+05:30,1981.199951171875,1981.949951171875,1981.199951171875,1981.949951171875,64
2026-09-02 14:51:00+05:30,1982.050048828125,1982.050048828125,1981.3499755859375,1981.3499755859375,121
2026-09-02 14:52:00+05:30,1984.8499755859375,1985.0,1984.699951171875,1984.800048828125,16
2026-09-02 14:53:00+05:30,1984.949951171875,1984.949951171875,1984.949951171875,1984.949951171875,6
2026-09-02 14:54:00+05:30,1984.5,1984.5,1984.5,1984.5,328
2026-09-02 14:56:00+05:30,1984.8499755859375,1984.8499755859375,1984.8499755859375,1984.8499755859375,38
2026-09-02 14:57:00+05:30,1982.800048828125,1984.3499755859375,1982.800048828125,1983.75,14
2026-09-02 15:00:00+05:30,1983.050048828125,1983.050048828125,1982.0,1982.0,21
2026-09-02 15:01:00+05:30,1982.0,1983.050048828125,1982.0,1983.050048828125,106
2026-09-02 15:02:00+05:30,1981.550048828125,1981.550048828125,1981.3499755859375,1981.3499755859375,60
2026-09-02 15:03:00+05:30,1979.800048828125,1979.800048828125,1979.800048828125,1979.800048828125,5
2026-09-02 15:05:00+05:30,1981.1500244140625,1981.1500244140625,1981.1500244140625,1981.1500244140625,1
2026-09-02 15:07:00+05:30,1981.8499755859375,1981.8499755859375,1981.8499755859375,1981.8499755859375,4
2026-09-02 15:08:00+05:30,1982.5999755859375,1982.5999755859375,1981.300048828125,1981.300048828125,82
2026-09-02 15:09:00+05:30,1981.199951171875,1983.050048828125,1981.1500244140625,1981.199951171875,157
2026-09-02 15:10:00+05:30,1982.949951171875,1982.949951171875,1982.949951171875,1982.949951171875,91
2026-09-02 15:11:00+05:30,1983.0,1983.0,1983.0,1983.0,4
2026-09-02 15:12:00+05:30,1981.6500244140625,1983.0,1981.6500244140625,1983.0,5
2026-09-02 15:28:00+05:30,1990.0,1990.0,1990.0,1990.0,132
2026-09-03 09:15:00+05:30,1990.0,1990.0,1985.0999755859375,1990.0,167
2026-09-03 09:16:00+05:30,1991.4000244140625,1991.6500244140625,1991.4000244140625,1991.6500244140625,20
2026-09-03 09:17:00+05:30,1989.0,1989.4000244140625,1989.0,1989.300048828125,384
2026-09-03 09:18:00+05:30,1988.1500244140625,1990.4000244140625,1988.1500244140625,1990.4000244140625,20
2026-09-03 09:19:00+05:30,1991.5,1991.5,1989.800048828125,1990.3499755859375,239
2026-09-03 09:20:00+05:30,1989.300048828125,1989.300048828125,1989.300048828125,1989.300048828125,1
2026-09-03 09:21:00+05:30,1987.949951171875,1991.0,1987.949951171875,1991.0,127
2026-09-03 09:22:00+05:30,1987.949951171875,1987.949951171875,1987.949951171875,1987.949951171875,1
2026-09-03 09:23:00+05:30,1988.1500244140625,1988.1500244140625,1987.199951171875,1987.199951171875,444
2026-09-03 09:24:00+05:30,1987.0999755859375,1987.4000244140625,1986.9000244140625,1987.4000244140625,29
2026-09-03 09:25:00+05:30,1988.0,1988.0,1988.0,1988.0,10
2026-09-03 09:26:00+05:30,1988.1500244140625,1988.8499755859375,1988.0,1988.0,192
2026-09-03 09:27:00+05:30,1990.0,1990.0,1989.5,1989.5,3
2026-09-03 09:28:00+05:30,1990.0,1990.0,1988.9000244140625,1988.9000244140625,4
2026-09-03 09:29:00+05:30,1989.550048828125,1989.550048828125,1989.550048828125,1989.550048828125,10
2026-09-03 09:30:00+05:30,1990.9000244140625,1990.9000244140625,1990.0,1990.0,336
2026-09-03 09:31:00+05:30,1989.550048828125,1990.25,1988.5999755859375,1988.5999755859375,10
2026-09-03 09:32:00+05:30,1987.9000244140625,1987.9000244140625,1987.9000244140625,1987.9000244140625,10
2026-09-03 09:33:00+05:30,1988.9000244140625,1988.9000244140625,1988.9000244140625,1988.9000244140625,100
2026-09-03 09:35:00+05:30,1985.800048828125,1987.199951171875,1985.800048828125,1987.199951171875,235
2026-09-03 09:36:00+05:30,1985.9000244140625,1985.9000244140625,1985.9000244140625,1985.9000244140625,1
2026-09-03 09:37:00+05:30,1985.0,1985.0,1985.0,1985.0,1
2026-09-03 09:38:00+05:30,1984.449951171875,1984.449951171875,1984.449951171875,1984.449951171875,59
2026-09-03 09:39:00+05:30,1986.699951171875,1986.699951171875,1985.9000244140625,1985.9000244140625,31
2026-09-03 09:40:00+05:30,1986.0,1986.0,1985.5,1985.5,85
2026-09-03 09:41:00+05:30,1986.699951171875,1986.699951171875,1986.699951171875,1986.699951171875,45
2026-09-03 09:42:00+05:30,1987.0999755859375,1988.0,1987.0999755859375,1988.0,25
2026-09-03 09:43:00+05:30,1986.1500244140625,1986.800048828125,1986.1500244140625,1986.800048828125,2
2026-09-03 09:44:00+05:30,1986.9000244140625,1986.9000244140625,1986.9000244140625,1986.9000244140625,5
2026-09-03 09:45:00+05:30,1990.0,1990.0,1988.0,1988.0,51
2026-09-03 09:46:00+05:30,1990.0,1990.0,1990.0,1990.0,15
2026-09-03 09:47:00+05:30,1989.949951171875,1990.050048828125,1989.699951171875,1989.699951171875,36
2026-09-03 09:48:00+05:30,1988.1500244140625,1989.5999755859375,1988.1500244140625,1989.5999755859375,16
2026-09-03 09:49:00+05:30,1986.5,1986.5,1986.5,1986.5,7
2026-09-03 09:50:00+05:30,1987.25,1987.25,1986.0,1986.0,22
2026-09-03 09:51:00+05:30,1988.5999755859375,1988.5999755859375,1987.4000244140625,1987.699951171875,424
2026-09-03 09:52:00+05:30,1990.0,1990.0,1990.0,1990.0,35
2026-09-03 09:53:00+05:30,1987.25,1989.75,1987.25,1989.75,22
2026-09-03 09:55:00+05:30,1987.300048828125,1987.300048828125,1986.3499755859375,1987.1500244140625,42
2026-09-03 09:56:00+05:30,1987.4000244140625,1987.4000244140625,1987.3499755859375,1987.3499755859375,5
2026-09-03 09:58:00+05:30,1985.449951171875,1985.449951171875,1985.449951171875,1985.449951171875,8
2026-09-03 09:59:00+05:30,1986.0,1986.5999755859375,1984.75,1984.75,216
2026-09-03 10:00:00+05:30,1986.25,1986.5,1985.8499755859375,1986.0,22
2026-09-03 10:01:00+05:30,1984.75,1986.25,1984.75,1986.25,35
2026-09-03 10:02:00+05:30,1987.0,1987.550048828125,1985.5999755859375,1985.5999755859375,81
2026-09-03 10:03:00+05:30,1984.800048828125,1987.199951171875,1984.800048828125,1987.199951171875,26
2026-09-03 10:04:00+05:30,1985.5,1986.25,1984.5,1985.699951171875,62
2026-09-03 10:05:00+05:30,1984.449951171875,1985.5,1984.449951171875,1985.5,27
2026-09-03 10:06:00+05:30,1982.300048828125,1982.300048828125,1982.300048828125,1982.300048828125,1
2026-09-03 10:07:00+05:30,1982.300048828125,1984.050048828125,1981.3499755859375,1982.300048828125,504
2026-09-03 10:08:00+05:30,1984.0,1984.449951171875,1982.300048828125,1982.300048828125,69
2026-09-03 10:09:00+05:30,1983.0,1984.449951171875,1983.0,1984.050048828125,28
2026-09-03 10:10:00+05:30,1984.0,1984.0,1984.0,1984.0,8
2026-09-03 10:11:00+05:30,1985.550048828125,1985.800048828125,1984.0,1984.0,94
2026-09-03 10:12:00+05:30,1982.9000244140625,1985.0,1982.9000244140625,1985.0,22
2026-09-03 10:13:00+05:30,1982.25,1983.449951171875,1981.800048828125,1982.9000244140625,76
2026-09-03 10:14:00+05:30,1981.8499755859375,1984.449951171875,1981.8499755859375,1982.25,42
2026-09-03 10:15:00+05:30,1982.699951171875,1983.0,1981.0999755859375,1981.8499755859375,55
2026-09-03 10:16:00+05:30,1981.550048828125,1983.0999755859375,1981.4000244140625,1982.699951171875,153
2026-09-03 10:17:00+05:30,1980.0,1982.8499755859375,1980.0,1981.800048828125,73
2026-09-03 10:18:00+05:30,1981.5,1981.5,1979.8499755859375,1980.0,161
2026-09-03 10:19:00+05:30,1980.449951171875,1981.5,1980.449951171875,1981.300048828125,27
2026-09-03 10:21:00+05:30,1980.6500244140625,1982.0,1980.4000244140625,1980.949951171875,47
2026-09-03 10:23:00+05:30,1981.5999755859375,1981.699951171875,1980.4000244140625,1980.550048828125,32
2026-09-03 10:24:00+05:30,1981.1500244140625,1981.5999755859375,1980.4000244140625,1981.5999755859375,147
2026-09-03 10:25:00+05:30,1978.949951171875,1981.75,1978.949951171875,1981.75,303
2026-09-03 10:26:00+05:30,1978.9000244140625,1979.949951171875,1978.9000244140625,1979.0,53
2026-09-03 10:27:00+05:30,1978.25,1979.699951171875,1978.25,1978.6500244140625,54
2026-09-03 10:28:00+05:30,1979.0999755859375,1980.449951171875,1977.5,1978.300048828125,71
2026-09-03 10:29:00+05:30,1978.9000244140625,1979.0999755859375,1977.75,1979.0999755859375,51
2026-09-03 10:30:00+05:30,1979.5999755859375,1979.949951171875,1977.6500244140625,1977.6500244140625,131
2026-09-03 10:31:00+05:30,1979.5,1980.800048828125,1978.199951171875,1980.800048828125,21
2026-09-03 10:32:00+05:30,1979.3499755859375,1979.550048828125,1978.199951171875,1979.5,55
2026-09-03 10:33:00+05:30,1977.75,1979.4000244140625,1977.75,1979.4000244140625,48
2026-09-03 10:34:00+05:30,1978.75,1979.0999755859375,1978.75,1979.0999755859375,43
2026-09-03 10:35:00+05:30,1977.3499755859375,1977.3499755859375,1977.3499755859375,1977.3499755859375,55
2026-09-03 10:36:00+05:30,1976.800048828125,1977.4000244140625,1975.550048828125,1977.0,77
2026-09-03 10:37:00+05:30,1975.0,1976.8499755859375,1975.0,1976.800048828125,38
2026-09-03 10:39:00+05:30,1976.449951171875,1976.449951171875,1976.449951171875,1976.449951171875,1
2026-09-03 10:40:00+05:30,1975.199951171875,1975.4000244140625,1975.199951171875,1975.4000244140625,19
2026-09-03 10:41:00+05:30,1975.199951171875,1975.199951171875,1975.199951171875,1975.199951171875,7
2026-09-03 10:42:00+05:30,1974.5999755859375,1975.9000244140625,1974.199951171875,1975.9000244140625,58
2026-09-03 10:43:00+05:30,1973.4000244140625,1974.5999755859375,1973.1500244140625,1974.5999755859375,41
2026-09-03 10:44:00+05:30,1974.5,1974.5,1973.25,1973.4000244140625,130
2026-09-03 10:45:00+05:30,1973.3499755859375,1975.0,1973.3499755859375,1974.949951171875,265
2026-09-03 10:46:00+05:30,1973.5999755859375,1975.0,1973.5999755859375,1974.699951171875,59
2026-09-03 10:47:00+05:30,1973.75,1974.0999755859375,1973.25,1973.5999755859375,56
2026-09-03 10:48:00+05:30,1974.550048828125,1975.4000244140625,1973.449951171875,1973.75,55
2026-09-03 10:49:00+05:30,1974.0,1974.0,1974.0,1974.0,23
2026-09-03 10:50:00+05:30,1975.5,1975.5,1975.5,1975.5,3
2026-09-03 10:51:00+05:30,1976.9000244140625,1976.9000244140625,1976.9000244140625,1976.9000244140625,31
2026-09-03 10:52:00+05:30,1976.5,1976.5,1976.5,1976.5,1
2026-09-03 10:54:00+05:30,1976.449951171875,1976.449951171875,1976.449951171875,1976.449951171875,1
2026-09-03 10:56:00+05:30,1975.5,1975.5,1975.5,1975.5,7
2026-09-03 10:57:00+05:30,1974.6500244140625,1974.6500244140625,1974.6500244140625,1974.6500244140625,1
2026-09-03 10:58:00+05:30,1975.800048828125,1976.0,1975.5,1975.5,130
2026-09-03 10:59:00+05:30,1976.3499755859375,1976.449951171875,1975.550048828125,1975.550048828125,28
2026-09-03 11:00:00+05:30,1975.0,1975.0,1974.6500244140625,1974.800048828125,13
2026-09-03 11:01:00+05:30,1974.199951171875,1976.4000244140625,1974.199951171875,1975.6500244140625,46
2026-09-03 11:02:00+05:30,1975.199951171875,1975.449951171875,1974.0,1974.0,56
2026-09-03 11:03:00+05:30,1975.199951171875,1975.199951171875,1974.3499755859375,1974.3499755859375,8
2026-09-03 11:04:00+05:30,1975.199951171875,1975.199951171875,1975.199951171875,1975.199951171875,1
2026-09-03 11:05:00+05:30,1974.300048828125,1974.300048828125,1974.0,1974.0,67
2026-09-03 11:06:00+05:30,1975.300048828125,1975.300048828125,1974.25,1974.25,15
2026-09-03 11:08:00+05:30,1973.0,1973.9000244140625,1973.0,1973.800048828125,119
2026-09-03 11:09:00+05:30,1971.949951171875,1972.949951171875,1971.949951171875,1972.949951171875,4
2026-09-03 11:10:00+05:30,1973.300048828125,1973.300048828125,1971.5,1971.5,75
2026-09-03 11:11:00+05:30,1972.5,1972.5,1972.5,1972.5,10
2026-09-03 11:13:00+05:30,1972.5,1972.5,1972.5,1972.5,18
2026-09-03 11:14:00+05:30,1972.0,1972.0,1972.0,1972.0,1
2026-09-03 11:15:00+05:30,1971.9000244140625,1972.25,1970.550048828125,1971.800048828125,47
2026-09-03 11:16:00+05:30,1972.800048828125,1972.800048828125,1970.5999755859375,1971.9000244140625,96
2026-09-03 11:17:00+05:30,1971.4000244140625,1972.800048828125,1971.199951171875,1972.800048828125,66
2026-09-03 11:18:00+05:30,1972.3499755859375,1972.3499755859375,1971.5,1971.5,7
2026-09-03 11:19:00+05:30,1974.550048828125,1974.5999755859375,1972.25,1972.25,107
2026-09-03 11:20:00+05:30,1974.800048828125,1975.449951171875,1973.0,1973.449951171875,51
2026-09-03 11:21:00+05:30,1972.199951171875,1974.949951171875,1972.199951171875,1974.9000244140625,9
2026-09-03 11:22:00+05:30,1972.9000244140625,1972.9000244140625,1972.9000244140625,1972.9000244140625,50
2026-09-03 11:23:00+05:30,1974.5999755859375,1974.5999755859375,1974.5999755859375,1974.5999755859375,15
2026-09-03 11:26:00+05:30,1974.4000244140625,1974.4000244140625,1973.25,1973.25,39
2026-09-03 11:27:00+05:30,1975.0,1975.050048828125,1975.0,1975.050048828125,76
2026-09-03 11:28:00+05:30,1976.9000244140625,1976.9000244140625,1976.449951171875,1976.449951171875,23
2026-09-03 11:29:00+05:30,1975.75,1977.0,1975.75,1977.0,153
2026-09-03 11:30:00+05:30,1976.5,1976.5,1976.5,1976.5,25
2026-09-03 11:32:00+05:30,1977.949951171875,1977.949951171875,1977.949951171875,1977.949951171875,29
2026-09-03 11:33:00+05:30,1978.5999755859375,1978.5999755859375,1977.800048828125,1977.800048828125,42
2026-09-03 11:35:00+05:30,1980.0999755859375,1980.3499755859375,1980.0999755859375,1980.3499755859375,71
2026-09-03 11:36:00+05:30,1979.0,1979.0,1979.0,1979.0,39
2026-09-03 11:39:00+05:30,1977.449951171875,1977.449951171875,1977.449951171875,1977.449951171875,200
2026-09-03 11:45:00+05:30,1973.75,1973.75,1973.75,1973.75,1
2026-09-03 11:48:00+05:30,1972.5,1972.5,1972.4000244140625,1972.4000244140625,80
2026-09-03 11:50:00+05:30,1972.550048828125,1972.550048828125,1972.550048828125,1972.550048828125,11
2026-09-03 11:53:00+05:30,1973.550048828125,1973.550048828125,1973.550048828125,1973.550048828125,2
2026-09-03 11:54:00+05:30,1972.949951171875,1972.949951171875,1972.949951171875,1972.949951171875,2
2026-09-03 11:55:00+05:30,1972.5999755859375,1972.5999755859375,1972.5999755859375,1972.5999755859375,25
2026-09-03 11:56:00+05:30,1972.0,1972.0,1971.550048828125,1971.550048828125,45
2026-09-03 11:57:00+05:30,1973.5999755859375,1973.5999755859375,1972.0,1972.0,96
2026-09-03 11:58:00+05:30,1974.949951171875,1974.949951171875,1973.5999755859375,1973.5999755859375,46
2026-09-03 11:59:00+05:30,1973.6500244140625,1973.6500244140625,1973.5,1973.5,12
2026-09-03 12:00:00+05:30,1973.300048828125,1973.5999755859375,1973.300048828125,1973.5999755859375,17
2026-09-03 12:01:00+05:30,1971.5999755859375,1972.800048828125,1971.5999755859375,1972.800048828125,76
2026-09-03 12:04:00+05:30,1970.800048828125,1971.5,1969.6500244140625,1970.699951171875,5216
2026-09-03 12:05:00+05:30,1971.449951171875,1971.449951171875,1971.199951171875,1971.199951171875,3
2026-09-03 12:06:00+05:30,1970.4000244140625,1970.9000244140625,1970.4000244140625,1970.9000244140625,4
2026-09-03 12:07:00+05:30,1970.3499755859375,1970.4000244140625,1970.0,1970.3499755859375,152
2026-09-03 12:08:00+05:30,1970.300048828125,1971.0,1969.6500244140625,1970.8499755859375,52
2026-09-03 12:09:00+05:30,1969.3499755859375,1970.5999755859375,1969.300048828125,1970.0999755859375,49
2026-09-03 12:10:00+05:30,1971.1500244140625,1971.1500244140625,1969.3499755859375,1969.3499755859375,149
2026-09-03 12:11:00+05:30,1970.5999755859375,1970.9000244140625,1970.5999755859375,1970.9000244140625,2
2026-09-03 12:12:00+05:30,1970.5,1970.5999755859375,1969.300048828125,1970.4000244140625,37
2026-09-03 12:13:00+05:30,1969.25,1969.4000244140625,1969.25,1969.4000244140625,26
2026-09-03 12:14:00+05:30,1971.8499755859375,1972.449951171875,1970.550048828125,1970.550048828125,141
2026-09-03 12:15:00+05:30,1970.300048828125,1971.8499755859375,1970.300048828125,1971.8499755859375,26
2026-09-03 12:16:00+05:30,1971.300048828125,1971.449951171875,1970.300048828125,1970.6500244140625,31
2026-09-03 12:17:00+05:30,1971.300048828125,1971.9000244140625,1970.4000244140625,1971.300048828125,55
2026-09-03 12:18:00+05:30,1971.300048828125,1971.449951171875,1971.300048828125,1971.300048828125,1272
2026-09-03 12:19:00+05:30,1970.5999755859375,1971.5,1970.5999755859375,1971.449951171875,129
2026-09-03 12:20:00+05:30,1972.0,1972.3499755859375,1970.5999755859375,1970.5999755859375,1294
2026-09-03 12:21:00+05:30,1975.0,1975.0,1972.800048828125,1972.800048828125,186
2026-09-03 12:22:00+05:30,1975.800048828125,1975.800048828125,1975.5,1975.5,177
2026-09-03 12:23:00+05:30,1975.9000244140625,1975.9000244140625,1975.0,1975.0,337
2026-09-03 12:24:00+05:30,1973.550048828125,1975.0,1973.550048828125,1975.0,974
2026-09-03 12:25:00+05:30,1972.8499755859375,1973.5,1972.8499755859375,1973.5,173
2026-09-03 12:26:00+05:30,1973.5,1973.5,1973.0,1973.4000244140625,361
2026-09-03 12:27:00+05:30,1973.5,1973.5,1973.5,1973.5,154
2026-09-03 12:28:00+05:30,1974.800048828125,1974.800048828125,1974.300048828125,1974.300048828125,68
2026-09-03 12:29:00+05:30,1974.699951171875,1974.699951171875,1974.3499755859375,1974.3499755859375,3
2026-09-03 12:30:00+05:30,1974.75,1974.75,1974.699951171875,1974.699951171875,52
2026-09-03 12:31:00+05:30,1976.0999755859375,1976.199951171875,1974.449951171875,1974.449951171875,534
2026-09-03 12:32:00+05:30,1973.4000244140625,1976.25,1973.4000244140625,1976.25,114
2026-09-03 12:33:00+05:30,1974.0,1974.0,1974.0,1974.0,40
2026-09-03 12:36:00+05:30,1973.449951171875,1973.449951171875,1973.449951171875,1973.449951171875,40
2026-09-03 12:37:00+05:30,1974.25,1974.25,1974.25,1974.25,1
2026-09-03 12:38:00+05:30,1974.949951171875,1975.0,1974.050048828125,1974.050048828125,24
2026-09-03 12:39:00+05:30,1974.800048828125,1974.800048828125,1973.5,1974.050048828125,3
2026-09-03 12:40:00+05:30,1974.0999755859375,1974.0999755859375,1974.050048828125,1974.0999755859375,13
2026-09-03 12:41:00+05:30,1972.800048828125,1974.5999755859375,1972.800048828125,1974.0999755859375,71
2026-09-03 12:42:00+05:30,1972.9000244140625,1973.5999755859375,1972.5,1973.5999755859375,56
2026-09-03 12:43:00+05:30,1970.75,1972.9000244140625,1970.75,1972.9000244140625,241
2026-09-03 12:44:00+05:30,1970.9000244140625,1971.75,1970.800048828125,1971.3499755859375,33
2026-09-03 12:45:00+05:30,1970.75,1971.4000244140625,1970.75,1971.1500244140625,116
2026-09-03 12:46:00+05:30,1970.199951171875,1971.4000244140625,1970.0999755859375,1970.75,30
2026-09-03 12:47:00+05:30,1971.050048828125,1971.4000244140625,1970.0,1970.199951171875,51
2026-09-03 12:48:00+05:30,1971.3499755859375,1971.4000244140625,1971.050048828125,1971.050048828125,6
2026-09-03 12:49:00+05:30,1970.699951171875,1971.4000244140625,1970.699951171875,1971.0,34
2026-09-03 12:50:00+05:30,1971.0,1971.0,1970.0,1970.699951171875,61
2026-09-03 12:51:00+05:30,1970.199951171875,1971.0999755859375,1970.0,1971.0,63
2026-09-03 12:52:00+05:30,1970.3499755859375,1971.0999755859375,1970.3499755859375,1970.949951171875,17
2026-09-03 12:53:00+05:30,1971.199951171875,1971.199951171875,1970.0,1970.3499755859375,145
2026-09-03 12:54:00+05:30,1970.5999755859375,1971.800048828125,1970.5,1971.5,70
2026-09-03 12:55:00+05:30,1971.449951171875,1971.5999755859375,1970.4000244140625,1971.5999755859375,123
2026-09-03 12:56:00+05:30,1970.0999755859375,1971.449951171875,1970.0,1971.449951171875,27
2026-09-03 12:57:00+05:30,1971.300048828125,1973.699951171875,1971.0,1971.0,122
2026-09-03 12:58:00+05:30,1971.449951171875,1972.550048828125,1970.1500244140625,1971.300048828125,32
2026-09-03 12:59:00+05:30,1971.25,1971.5,1970.699951171875,1971.449951171875,8
2026-09-03 13:00:00+05:30,1970.699951171875,1971.0,1970.0,1970.050048828125,40
2026-09-03 13:01:00+05:30,1970.0,1970.699951171875,1970.0,1970.699951171875,39
2026-09-03 13:02:00+05:30,1970.0,1971.199951171875,1970.0,1970.699951171875,22
2026-09-03 13:03:00+05:30,1970.0,1971.0999755859375,1970.0,1971.0999755859375,33
2026-09-03 13:04:00+05:30,1971.5999755859375,1971.5999755859375,1970.050048828125,1970.050048828125,54
2026-09-03 13:05:00+05:30,1972.25,1972.5,1971.1500244140625,1971.5999755859375,70
2026-09-03 13:06:00+05:30,1971.3499755859375,1972.800048828125,1971.1500244140625,1971.1500244140625,61
2026-09-03 13:07:00+05:30,1970.8499755859375,1971.9000244140625,1970.550048828125,1971.0,52
2026-09-03 13:08:00+05:30,1974.300048828125,1974.3499755859375,1970.25,1970.800048828125,142
2026-09-03 13:09:00+05:30,1974.5,1975.0,1973.800048828125,1974.0999755859375,40
2026-09-03 13:10:00+05:30,1973.3499755859375,1975.5999755859375,1973.300048828125,1974.5,85
2026-09-03 13:11:00+05:30,1978.9000244140625,1979.0999755859375,1974.4000244140625,1974.4000244140625,291
2026-09-03 13:12:00+05:30,1977.5999755859375,1979.050048828125,1977.5999755859375,1978.9000244140625,66
2026-09-03 13:13:00+05:30,1978.4000244140625,1978.4000244140625,1977.5,1978.3499755859375,63
2026-09-03 13:14:00+05:30,1978.4000244140625,1978.4000244140625,1977.3499755859375,1978.4000244140625,51
2026-09-03 13:15:00+05:30,1977.4000244140625,1977.5,1977.3499755859375,1977.449951171875,18
2026-09-03 13:16:00+05:30,1977.4000244140625,1978.4000244140625,1977.4000244140625,1977.4000244140625,43
2026-09-03 13:17:00+05:30,1977.3499755859375,1978.4000244140625,1977.3499755859375,1977.4000244140625,50
2026-09-03 13:18:00+05:30,1978.4000244140625,1978.4000244140625,1977.1500244140625,1977.3499755859375,61
2026-09-03 13:19:00+05:30,1977.25,1978.4000244140625,1977.1500244140625,1978.4000244140625,62
2026-09-03 13:20:00+05:30,1978.4000244140625,1978.4000244140625,1977.25,1977.25,16
2026-09-03 13:21:00+05:30,1973.0,1976.0999755859375,1973.0,1975.8499755859375,356
2026-09-03 13:22:00+05:30,1972.5,1974.0999755859375,1972.3499755859375,1972.3499755859375,62
2026-09-03 13:23:00+05:30,1973.9000244140625,1973.9000244140625,1972.449951171875,1972.5,55
2026-09-03 13:24:00+05:30,1974.6500244140625,1975.949951171875,1973.949951171875,1975.3499755859375,54
2026-09-03 13:25:00+05:30,1975.0999755859375,1976.6500244140625,1973.800048828125,1974.6500244140625,64
2026-09-03 13:26:00+05:30,1975.0999755859375,1975.0999755859375,1975.050048828125,1975.050048828125,4
2026-09-03 13:27:00+05:30,1977.5,1977.5,1977.5,1977.5,1
2026-09-03 13:28:00+05:30,1976.0999755859375,1976.0999755859375,1976.0999755859375,1976.0999755859375,10
2026-09-03 13:29:00+05:30,1976.5,1977.699951171875,1976.25,1977.699951171875,43
2026-09-03 13:30:00+05:30,1976.5,1976.5,1976.449951171875,1976.449951171875,5
2026-09-03 13:31:00+05:30,1978.199951171875,1978.3499755859375,1977.199951171875,1977.9000244140625,47
2026-09-03 13:32:00+05:30,1976.8499755859375,1978.0,1975.199951171875,1978.0,40
2026-09-03 13:33:00+05:30,1978.0999755859375,1980.0,1976.8499755859375,1976.8499755859375,314
2026-09-03 13:34:00+05:30,1979.449951171875,1980.0,1978.5,1978.5,32
2026-09-03 13:35:00+05:30,1979.4000244140625,1979.4000244140625,1979.4000244140625,1979.4000244140625,2
2026-09-03 13:36:00+05:30,1979.800048828125,1979.800048828125,1979.800048828125,1979.800048828125,2
2026-09-03 13:37:00+05:30,1979.449951171875,1980.0,1978.699951171875,1978.699951171875,72
2026-09-03 13:38:00+05:30,1980.4000244140625,1980.550048828125,1979.1500244140625,1979.449951171875,240
2026-09-03 13:39:00+05:30,1977.800048828125,1980.9000244140625,1976.550048828125,1980.449951171875,451
2026-09-03 13:40:00+05:30,1976.050048828125,1978.25,1975.949951171875,1977.75,2595
2026-09-03 13:41:00+05:30,1978.0,1978.0,1976.75,1977.5,3787
2026-09-03 13:42:00+05:30,1978.0,1978.0,1976.5,1976.5,906
2026-09-03 13:43:00+05:30,1974.199951171875,1974.199951171875,1974.199951171875,1974.199951171875,1857
2026-09-03 13:44:00+05:30,1975.9000244140625,1975.9000244140625,1975.9000244140625,1975.9000244140625,68
2026-09-03 13:45:00+05:30,1976.699951171875,1977.0,1976.699951171875,1977.0,47
2026-09-03 13:46:00+05:30,1977.0,1977.0,1974.1500244140625,1975.9000244140625,96
2026-09-03 13:48:00+05:30,1975.75,1975.75,1975.75,1975.75,200
2026-09-03 13:49:00+05:30,1977.0,1977.0,1977.0,1977.0,12
2026-09-03 13:50:00+05:30,1979.050048828125,1979.050048828125,1979.050048828125,1979.050048828125,1
2026-09-03 13:51:00+05:30,1977.9000244140625,1977.9000244140625,1977.9000244140625,1977.9000244140625,1
2026-09-03 13:52:00+05:30,1977.5999755859375,1977.5999755859375,1977.5999755859375,1977.5999755859375,1
2026-09-03 13:53:00+05:30,1976.4000244140625,1976.4000244140625,1976.4000244140625,1976.4000244140625,1
2026-09-03 13:55:00+05:30,1982.0,1982.0,1979.300048828125,1979.300048828125,273
2026-09-03 13:56:00+05:30,1979.550048828125,1980.550048828125,1979.550048828125,1980.550048828125,49
2026-09-03 13:59:00+05:30,1980.3499755859375,1981.3499755859375,1980.3499755859375,1981.300048828125,42
2026-09-03 14:00:00+05:30,1980.199951171875,1980.3499755859375,1980.1500244140625,1980.3499755859375,44
2026-09-03 14:01:00+05:30,1980.199951171875,1981.3499755859375,1980.1500244140625,1980.199951171875,48
2026-09-03 14:02:00+05:30,1980.0999755859375,1981.25,1979.800048828125,1980.199951171875,58
2026-09-03 14:03:00+05:30,1983.1500244140625,1984.5,1980.25,1980.25,106
2026-09-03 14:04:00+05:30,1981.800048828125,1984.300048828125,1981.3499755859375,1984.0999755859375,111
2026-09-03 14:05:00+05:30,1982.25,1982.300048828125,1981.949951171875,1981.949951171875,7
2026-09-03 14:06:00+05:30,1980.0999755859375,1981.8499755859375,1979.300048828125,1981.8499755859375,176
2026-09-03 14:07:00+05:30,1980.199951171875,1980.4000244140625,1980.1500244140625,1980.199951171875,68
2026-09-03 14:08:00+05:30,1982.0,1982.0,1980.1500244140625,1980.199951171875,38
2026-09-03 14:14:00+05:30,1982.4000244140625,1982.4000244140625,1982.4000244140625,1982.4000244140625,1
2026-09-03 14:15:00+05:30,1981.550048828125,1981.550048828125,1981.550048828125,1981.550048828125,1
2026-09-03 14:17:00+05:30,1981.75,1981.800048828125,1980.5,1980.5,32
2026-09-03 14:18:00+05:30,1981.949951171875,1981.949951171875,1980.449951171875,1981.800048828125,40
2026-09-03 14:20:00+05:30,1983.3499755859375,1983.550048828125,1981.25,1981.25,143
2026-09-03 14:21:00+05:30,1981.550048828125,1983.3499755859375,1980.5,1983.3499755859375,243
2026-09-03 14:22:00+05:30,1981.4000244140625,1982.9000244140625,1980.6500244140625,1982.8499755859375,39
2026-09-03 14:23:00+05:30,1982.25,1982.25,1981.25,1981.4000244140625,30
2026-09-03 14:24:00+05:30,1982.25,1982.5,1982.25,1982.5,11
2026-09-03 14:25:00+05:30,1982.5,1982.5,1982.5,1982.5,1
2026-09-03 14:26:00+05:30,1982.699951171875,1982.699951171875,1981.75,1982.4000244140625,59
2026-09-03 14:27:00+05:30,1981.75,1982.75,1981.300048828125,1982.699951171875,111
2026-09-03 14:28:00+05:30,1983.1500244140625,1983.1500244140625,1981.5,1981.75,54
2026-09-03 14:29:00+05:30,1983.1500244140625,1983.949951171875,1982.25,1983.699951171875,64
2026-09-03 14:30:00+05:30,1982.300048828125,1983.1500244140625,1980.5,1983.1500244140625,94
2026-09-03 14:31:00+05:30,1980.8499755859375,1982.699951171875,1979.949951171875,1982.550048828125,99
2026-09-03 14:32:00+05:30,1982.050048828125,1982.0999755859375,1982.050048828125,1982.0999755859375,5
2026-09-03 14:33:00+05:30,1982.25,1983.1500244140625,1980.75,1982.0999755859375,53
2026-09-03 14:34:00+05:30,1980.5,1980.5,1980.5,1980.5,8
2026-09-03 14:36:00+05:30,1981.800048828125,1983.0,1981.800048828125,1981.800048828125,43
2026-09-03 14:37:00+05:30,1981.800048828125,1983.300048828125,1981.800048828125,1982.25,70
2026-09-03 14:38:00+05:30,1981.800048828125,1982.550048828125,1979.8499755859375,1981.449951171875,5324
2026-09-03 14:39:00+05:30,1983.3499755859375,1983.3499755859375,1981.0999755859375,1981.75,1525
2026-09-03 14:40:00+05:30,1983.300048828125,1983.3499755859375,1981.9000244140625,1983.3499755859375,634
2026-09-03 14:41:00+05:30,1983.300048828125,1983.300048828125,1981.9000244140625,1982.300048828125,391
2026-09-03 14:42:00+05:30,1981.8499755859375,1984.5999755859375,1980.75,1983.300048828125,3060
2026-09-03 14:43:00+05:30,1981.8499755859375,1983.050048828125,1981.8499755859375,1981.8499755859375,147
2026-09-03 14:44:00+05:30,1982.449951171875,1983.449951171875,1981.8499755859375,1981.8499755859375,22
2026-09-03 14:45:00+05:30,1983.9000244140625,1983.9000244140625,1983.9000244140625,1983.9000244140625,1
2026-09-03 14:46:00+05:30,1982.5,1982.5999755859375,1982.25,1982.3499755859375,35
2026-09-03 14:47:00+05:30,1983.8499755859375,1983.8499755859375,1983.0,1983.0,154
2026-09-03 14:48:00+05:30,1983.25,1983.25,1983.25,1983.25,5
2026-09-03 14:49:00+05:30,1982.5999755859375,1982.5999755859375,1982.5999755859375,1982.5999755859375,10
2026-09-03 14:50:00+05:30,1985.3499755859375,1985.3499755859375,1985.3499755859375,1985.3499755859375,5
2026-09-03 14:51:00+05:30,1984.0999755859375,1984.0999755859375,1984.0999755859375,1984.0999755859375,2
2026-09-03 14:52:00+05:30,1983.699951171875,1983.699951171875,1983.699951171875,1983.699951171875,20
2026-09-03 14:53:00+05:30,1984.5999755859375,1984.5999755859375,1984.5999755859375,1984.5999755859375,2
2026-09-03 14:54:00+05:30,1983.5,1985.4000244140625,1983.5,1985.4000244140625,16
2026-09-03 14:56:00+05:30,1981.5999755859375,1983.5,1981.550048828125,1983.5,1148
2026-09-03 14:57:00+05:30,1983.9000244140625,1984.0,1981.550048828125,1983.25,1202
2026-09-03 14:58:00+05:30,1983.449951171875,1984.0999755859375,1982.5999755859375,1983.800048828125,4620
2026-09-03 14:59:00+05:30,1983.699951171875,1983.699951171875,1983.0,1983.699951171875,487
2026-09-03 15:00:00+05:30,1981.1500244140625,1983.3499755859375,1980.5,1983.3499755859375,3427
2026-09-03 15:01:00+05:30,1982.4000244140625,1982.4000244140625,1980.949951171875,1980.949951171875,2
2026-09-03 15:02:00+05:30,1980.199951171875,1980.199951171875,1980.199951171875,1980.199951171875,196
2026-09-03 15:03:00+05:30,1979.75,1979.75,1979.75,1979.75,13
2026-09-03 15:04:00+05:30,1980.050048828125,1981.699951171875,1980.050048828125,1980.050048828125,104
2026-09-03 15:05:00+05:30,1980.699951171875,1980.75,1979.949951171875,1980.0999755859375,109
2026-09-03 15:06:00+05:30,1980.75,1980.75,1980.449951171875,1980.449951171875,4
2026-09-03 15:07:00+05:30,1979.1500244140625,1981.699951171875,1978.6500244140625,1980.75,239
2026-09-03 15:08:00+05:30,1981.550048828125,1981.550048828125,1979.1500244140625,1979.1500244140625,50
2026-09-03 15:09:00+05:30,1979.699951171875,1980.5,1979.050048828125,1980.0999755859375,44
2026-09-03 15:10:00+05:30,1982.5999755859375,1982.5999755859375,1980.199951171875,1980.3499755859375,473
2026-09-03 15:11:00+05:30,1982.699951171875,1983.0,1982.5999755859375,1982.6500244140625,48
2026-09-03 15:12:00+05:30,1979.75,1982.800048828125,1979.1500244140625,1982.699951171875,73
2026-09-03 15:13:00+05:30,1982.5,1982.5,1979.75,1979.75,48
2026-09-03 15:14:00+05:30,1981.949951171875,1981.949951171875,1979.699951171875,1979.699951171875,42
2026-09-03 15:28:00+05:30,1958.0,1958.0,1958.0,1958.0,5266
2026-09-04 09:15:00+05:30,1982.75,1994.75,1982.75,1994.75,75
2026-09-04 09:16:00+05:30,1987.9000244140625,1987.9000244140625,1986.4000244140625,1986.4000244140625,5
2026-09-04 09:17:00+05:30,1987.0,1987.0,1987.0,1987.0,1
2026-09-04 09:18:00+05:30,1991.8499755859375,1991.8499755859375,1990.6500244140625,1990.6500244140625,192
2026-09-04 09:19:00+05:30,1990.949951171875,1990.949951171875,1990.949951171875,1990.949951171875,4
2026-09-04 09:21:00+05:30,1989.5,1990.0,1989.5,1990.0,19
2026-09-04 09:23:00+05:30,1990.949951171875,1990.949951171875,1990.949951171875,1990.949951171875,14
2026-09-04 09:25:00+05:30,1994.0,1994.0,1994.0,1994.0,5
2026-09-04 09:27:00+05:30,1987.8499755859375,1991.0,1987.8499755859375,1991.0,21
2026-09-04 09:28:00+05:30,1988.6500244140625,1990.199951171875,1988.6500244140625,1990.199951171875,6
2026-09-04 09:29:00+05:30,1988.1500244140625,1988.1500244140625,1988.1500244140625,1988.1500244140625,150
2026-09-04 09:30:00+05:30,1990.1500244140625,1991.0,1990.1500244140625,1990.199951171875,130
2026-09-04 09:32:00+05:30,1988.300048828125,1988.300048828125,1988.300048828125,1988.300048828125,2
2026-09-04 09:33:00+05:30,1989.449951171875,1989.449951171875,1988.1500244140625,1988.1500244140625,32
2026-09-04 09:34:00+05:30,1989.449951171875,1989.449951171875,1989.449951171875,1989.449951171875,27
2026-09-04 09:35:00+05:30,1987.5,1987.5,1987.199951171875,1987.199951171875,289
2026-09-04 09:36:00+05:30,1989.449951171875,1989.449951171875,1989.449951171875,1989.449951171875,24
2026-09-04 09:37:00+05:30,1990.0,1990.0999755859375,1989.449951171875,1989.449951171875,852
2026-09-04 09:38:00+05:30,1989.5999755859375,1990.300048828125,1989.0,1989.0,32
2026-09-04 09:39:00+05:30,1991.0,1991.0,1991.0,1991.0,18
2026-09-04 09:42:00+05:30,1991.0999755859375,1992.0999755859375,1991.0999755859375,1992.0999755859375,33
2026-09-04 09:43:00+05:30,1990.25,1990.300048828125,1990.25,1990.300048828125,250
2026-09-04 09:45:00+05:30,1990.4000244140625,1991.0,1990.4000244140625,1991.0,13
2026-09-04 09:53:00+05:30,1992.050048828125,1992.050048828125,1990.050048828125,1990.050048828125,12
2026-09-04 09:55:00+05:30,1990.0999755859375,1990.0999755859375,1990.0999755859375,1990.0999755859375,1
2026-09-04 09:56:00+05:30,1987.0999755859375,1989.0,1987.0999755859375,1989.0,713
2026-09-04 09:59:00+05:30,1989.4000244140625,1989.4000244140625,1987.4000244140625,1987.4000244140625,41
2026-09-04 10:01:00+05:30,1989.199951171875,1989.199951171875,1989.199951171875,1989.199951171875,1
2026-09-04 10:03:00+05:30,1989.199951171875,1989.199951171875,1989.199951171875,1989.199951171875,1
2026-09-04 10:05:00+05:30,1989.050048828125,1989.050048828125,1989.050048828125,1989.050048828125,1
2026-09-04 10:06:00+05:30,1990.5,1990.5,1990.5,1990.5,14
2026-09-04 10:07:00+05:30,1990.449951171875,1990.449951171875,1990.449951171875,1990.449951171875,25
2026-09-04 10:10:00+05:30,1987.0999755859375,1987.0999755859375,1987.0999755859375,1987.0999755859375,2
2026-09-04 10:11:00+05:30,1987.949951171875,1987.949951171875,1987.949951171875,1987.949951171875,5
2026-09-04 10:12:00+05:30,1986.8499755859375,1986.8499755859375,1986.8499755859375,1986.8499755859375,25
2026-09-04 10:14:00+05:30,1987.25,1987.25,1987.25,1987.25,45
2026-09-04 10:15:00+05:30,1989.9000244140625,1989.9000244140625,1989.9000244140625,1989.9000244140625,80
2026-09-04 10:16:00+05:30,1990.0,1990.0,1990.0,1990.0,7
2026-09-04 10:17:00+05:30,1990.949951171875,1990.949951171875,1990.949951171875,1990.949951171875,19
2026-09-04 10:18:00+05:30,1989.050048828125,1989.050048828125,1989.050048828125,1989.050048828125,11
2026-09-04 10:19:00+05:30,1990.050048828125,1990.050048828125,1990.050048828125,1990.050048828125,5
2026-09-04 10:22:00+05:30,1990.0,1990.199951171875,1990.0,1990.199951171875,11
2026-09-04 10:23:00+05:30,1990.300048828125,1990.300048828125,1990.300048828125,1990.300048828125,5
2026-09-04 10:25:00+05:30,1989.3499755859375,1989.3499755859375,1989.3499755859375,1989.3499755859375,5
2026-09-04 10:26:00+05:30,1990.300048828125,1990.300048828125,1990.300048828125,1990.300048828125,1
2026-09-04 10:28:00+05:30,1990.0,1990.0,1990.0,1990.0,1
2026-09-04 10:31:00+05:30,1990.300048828125,1990.300048828125,1990.300048828125,1990.300048828125,1
2026-09-04 10:35:00+05:30,1989.75,1989.75,1989.75,1989.75,2
2026-09-04 10:37:00+05:30,1990.800048828125,1991.3499755859375,1990.800048828125,1991.3499755859375,64
2026-09-04 10:38:00+05:30,1990.050048828125,1990.050048828125,1990.050048828125,1990.050048828125,1
2026-09-04 10:40:00+05:30,1990.0,1990.0,1990.0,1990.0,1
2026-09-04 10:41:00+05:30,1988.449951171875,1988.449951171875,1988.449951171875,1988.449951171875,1
2026-09-04 10:44:00+05:30,1988.0999755859375,1988.0999755859375,1988.0999755859375,1988.0999755859375,1
2026-09-04 10:46:00+05:30,1987.550048828125,1987.550048828125,1987.550048828125,1987.550048828125,1
2026-09-04 10:47:00+05:30,1987.699951171875,1987.699951171875,1987.699951171875,1987.699951171875,2
2026-09-04 10:48:00+05:30,1987.5999755859375,1987.5999755859375,1987.5999755859375,1987.5999755859375,10
2026-09-04 10:53:00+05:30,1987.5999755859375,1987.5999755859375,1987.5999755859375,1987.5999755859375,27
2026-09-04 10:56:00+05:30,1986.1500244140625,1986.1500244140625,1986.1500244140625,1986.1500244140625,28
2026-09-04 10:57:00+05:30,1986.699951171875,1987.75,1986.0999755859375,1986.0999755859375,69
2026-09-04 11:00:00+05:30,1986.699951171875,1987.0999755859375,1986.699951171875,1987.0999755859375,29
2026-09-04 11:01:00+05:30,1987.3499755859375,1987.3499755859375,1987.3499755859375,1987.3499755859375,2
2026-09-04 11:02:00+05:30,1987.0999755859375,1987.0999755859375,1986.0,1986.0,2
2026-09-04 11:07:00+05:30,1985.0999755859375,1985.0999755859375,1985.0999755859375,1985.0999755859375,2
2026-09-04 11:08:00+05:30,1986.5,1986.5,1986.5,1986.5,1
2026-09-04 11:10:00+05:30,1985.5,1985.5,1985.5,1985.5,1
2026-09-04 11:13:00+05:30,1985.0,1985.0,1983.0,1985.0,103
2026-09-04 11:19:00+05:30,1985.9000244140625,1985.9000244140625,1985.9000244140625,1985.9000244140625,10
2026-09-04 11:20:00+05:30,1985.550048828125,1985.550048828125,1985.550048828125,1985.550048828125,1
2026-09-04 11:22:00+05:30,1985.9000244140625,1985.9000244140625,1985.9000244140625,1985.9000244140625,10
2026-09-04 11:28:00+05:30,1985.5999755859375,1985.5999755859375,1985.5999755859375,1985.5999755859375,1
2026-09-04 11:30:00+05:30,1986.0,1986.0,1985.199951171875,1985.199951171875,11
2026-09-04 11:31:00+05:30,1984.699951171875,1984.699951171875,1984.699951171875,1984.699951171875,6
2026-09-04 11:38:00+05:30,1987.1500244140625,1987.1500244140625,1987.1500244140625,1987.1500244140625,1
2026-09-04 11:39:00+05:30,1986.1500244140625,1986.1500244140625,1986.1500244140625,1986.1500244140625,2
2026-09-04 11:40:00+05:30,1988.0,1988.0,1988.0,1988.0,40
2026-09-04 11:41:00+05:30,1987.199951171875,1987.199951171875,1984.949951171875,1984.949951171875,39
2026-09-04 11:42:00+05:30,1985.8499755859375,1985.8499755859375,1985.8499755859375,1985.8499755859375,3
2026-09-04 11:46:00+05:30,1985.75,1985.75,1985.75,1985.75,1
2026-09-04 11:49:00+05:30,1985.800048828125,1985.800048828125,1985.800048828125,1985.800048828125,25
2026-09-04 11:53:00+05:30,1981.1500244140625,1981.1500244140625,1980.0,1980.0,598
2026-09-04 11:59:00+05:30,1980.9000244140625,1984.050048828125,1980.9000244140625,1984.050048828125,49
2026-09-04 12:00:00+05:30,1980.0,1980.0,1980.0,1980.0,54
2026-09-04 12:01:00+05:30,1980.0,1980.0,1980.0,1980.0,1
2026-09-04 12:08:00+05:30,1978.0,1978.0,1978.0,1978.0,100
2026-09-04 12:09:00+05:30,1978.0,1978.0,1978.0,1978.0,28
2026-09-04 12:10:00+05:30,1977.0,1977.0,1977.0,1977.0,2
2026-09-04 12:13:00+05:30,1977.0,1978.050048828125,1977.0,1978.050048828125,125
2026-09-04 12:15:00+05:30,1977.0,1977.0,1977.0,1977.0,2
2026-09-04 12:16:00+05:30,1975.0,1975.0,1975.0,1975.0,225
2026-09-04 12:17:00+05:30,1974.050048828125,1974.050048828125,1974.050048828125,1974.050048828125,2
2026-09-04 12:18:00+05:30,1974.1500244140625,1974.1500244140625,1974.1500244140625,1974.1500244140625,25
2026-09-04 12:20:00+05:30,1972.0,1972.0,1972.0,1972.0,50
2026-09-04 12:24:00+05:30,1971.949951171875,1973.949951171875,1971.949951171875,1973.949951171875,28
2026-09-04 12:31:00+05:30,1973.699951171875,1973.699951171875,1973.699951171875,1973.699951171875,13
2026-09-04 12:35:00+05:30,1973.0,1973.0,1973.0,1973.0,2
2026-09-04 12:36:00+05:30,1973.050048828125,1973.050048828125,1972.0,1972.0,1913
2026-09-04 12:38:00+05:30,1971.3499755859375,1971.949951171875,1971.3499755859375,1971.949951171875,10
2026-09-04 12:39:00+05:30,1972.4000244140625,1972.4000244140625,1972.4000244140625,1972.4000244140625,5
2026-09-04 12:40:00+05:30,1971.3499755859375,1971.3499755859375,1971.3499755859375,1971.3499755859375,7
2026-09-04 12:41:00+05:30,1973.199951171875,1973.199951171875,1973.199951171875,1973.199951171875,4
2026-09-04 12:43:00+05:30,1971.449951171875,1971.449951171875,1971.449951171875,1971.449951171875,9
2026-09-04 12:55:00+05:30,1972.5999755859375,1972.5999755859375,1972.5999755859375,1972.5999755859375,1
2026-09-04 12:58:00+05:30,1973.800048828125,1973.800048828125,1971.449951171875,1972.699951171875,151
2026-09-04 13:02:00+05:30,1971.8499755859375,1971.8499755859375,1971.8499755859375,1971.8499755859375,4
2026-09-04 13:03:00+05:30,1973.0,1973.0,1973.0,1973.0,1
2026-09-04 13:07:00+05:30,1973.0,1973.0,1973.0,1973.0,10
2026-09-04 13:10:00+05:30,1973.0,1973.0,1973.0,1973.0,25
2026-09-04 13:13:00+05:30,1973.8499755859375,1973.8499755859375,1973.8499755859375,1973.8499755859375,12
2026-09-04 13:15:00+05:30,1976.1500244140625,1976.1500244140625,1975.050048828125,1975.050048828125,136
2026-09-04 13:16:00+05:30,1976.6500244140625,1976.6500244140625,1976.6500244140625,1976.6500244140625,13
2026-09-04 13:20:00+05:30,1975.300048828125,1975.300048828125,1975.300048828125,1975.300048828125,10
2026-09-04 13:22:00+05:30,1977.199951171875,1977.199951171875,1977.199951171875,1977.199951171875,5
2026-09-04 13:23:00+05:30,1978.0,1978.0,1978.0,1978.0,5
2026-09-04 13:24:00+05:30,1976.949951171875,1976.949951171875,1976.949951171875,1976.949951171875,1
2026-09-04 13:30:00+05:30,1977.300048828125,1977.300048828125,1977.300048828125,1977.300048828125,1
2026-09-04 13:33:00+05:30,1975.9000244140625,1975.9000244140625,1975.9000244140625,1975.9000244140625,1
2026-09-04 13:40:00+05:30,1975.300048828125,1976.0,1975.300048828125,1976.0,78
2026-09-04 13:42:00+05:30,1975.0,1975.0,1975.0,1975.0,5
2026-09-04 13:43:00+05:30,1976.300048828125,1976.300048828125,1976.300048828125,1976.300048828125,1
2026-09-04 13:44:00+05:30,1979.699951171875,1979.699951171875,1977.699951171875,1977.699951171875,30
2026-09-04 13:46:00+05:30,1974.949951171875,1974.949951171875,1974.949951171875,1974.949951171875,100
2026-09-04 13:51:00+05:30,1974.949951171875,1974.949951171875,1974.949951171875,1974.949951171875,1
2026-09-04 13:53:00+05:30,1975.75,1975.75,1975.75,1975.75,1
2026-09-04 13:58:00+05:30,1975.5,1975.5,1975.5,1975.5,13
2026-09-04 14:01:00+05:30,1972.0999755859375,1972.0999755859375,1972.0999755859375,1972.0999755859375,27
2026-09-04 14:02:00+05:30,1975.5,1975.5,1974.5999755859375,1974.5999755859375,20
2026-09-04 14:03:00+05:30,1975.5,1975.5,1975.5,1975.5,1
2026-09-04 14:05:00+05:30,1974.699951171875,1975.5999755859375,1974.699951171875,1975.5999755859375,74
2026-09-04 14:07:00+05:30,1976.75,1976.75,1976.75,1976.75,1
2026-09-04 14:09:00+05:30,1974.199951171875,1974.199951171875,1974.199951171875,1974.199951171875,33
2026-09-04 14:10:00+05:30,1976.949951171875,1976.949951171875,1976.949951171875,1976.949951171875,40
2026-09-04 14:16:00+05:30,1975.0,1975.0,1975.0,1975.0,1
2026-09-04 14:18:00+05:30,1975.0,1975.0,1975.0,1975.0,66
2026-09-04 14:21:00+05:30,1975.0,1975.0,1975.0,1975.0,1
2026-09-04 14:24:00+05:30,1975.300048828125,1975.300048828125,1975.300048828125,1975.300048828125,25
2026-09-04 14:25:00+05:30,1975.0,1975.0,1975.0,1975.0,1
2026-09-04 14:26:00+05:30,1976.3499755859375,1976.3499755859375,1976.3499755859375,1976.3499755859375,40
2026-09-04 14:28:00+05:30,1975.0,1975.0,1975.0,1975.0,16
2026-09-04 14:33:00+05:30,1975.0,1975.0,1975.0,1975.0,1
2026-09-04 14:35:00+05:30,1974.5999755859375,1974.5999755859375,1974.5999755859375,1974.5999755859375,5
2026-09-04 14:36:00+05:30,1975.0,1975.0,1975.0,1975.0,54
2026-09-04 14:37:00+05:30,1975.800048828125,1975.800048828125,1975.0,1975.0,41
2026-09-04 14:38:00+05:30,1974.0,1975.0,1974.0,1975.0,101
2026-09-04 14:39:00+05:30,1973.0,1973.0,1973.0,1973.0,10
2026-09-04 14:42:00+05:30,1975.0,1975.0,1974.5999755859375,1974.5999755859375,16
2026-09-04 14:43:00+05:30,1975.0,1975.0,1975.0,1975.0,30
2026-09-04 14:44:00+05:30,1974.300048828125,1975.0,1974.300048828125,1975.0,74
2026-09-04 14:49:00+05:30,1974.300048828125,1974.300048828125,1974.0,1974.0,21
2026-09-04 14:50:00+05:30,1974.0,1974.0,1974.0,1974.0,85
2026-09-04 14:51:00+05:30,1974.5999755859375,1974.5999755859375,1974.5999755859375,1974.5999755859375,5
2026-09-04 14:53:00+05:30,1974.0,1974.0,1974.0,1974.0,22
2026-09-04 14:55:00+05:30,1972.949951171875,1972.949951171875,1972.949951171875,1972.949951171875,380
2026-09-04 14:56:00+05:30,1973.25,1974.300048828125,1973.25,1974.300048828125,14
2026-09-04 14:58:00+05:30,1973.5999755859375,1973.75,1973.5999755859375,1973.75,82
2026-09-04 14:59:00+05:30,1974.0,1974.0,1971.800048828125,1971.800048828125,102
2026-09-04 15:00:00+05:30,1973.800048828125,1973.800048828125,1973.800048828125,1973.800048828125,36
2026-09-04 15:01:00+05:30,1973.800048828125,1973.800048828125,1973.800048828125,1973.800048828125,54
2026-09-04 15:02:00+05:30,1974.0,1974.199951171875,1973.9000244140625,1973.9000244140625,47
2026-09-04 15:03:00+05:30,1973.9000244140625,1973.9000244140625,1973.9000244140625,1973.9000244140625,63
2026-09-04 15:04:00+05:30,1973.800048828125,1973.800048828125,1973.800048828125,1973.800048828125,12
2026-09-04 15:05:00+05:30,1974.800048828125,1974.8499755859375,1971.800048828125,1971.800048828125,815
2026-09-04 15:06:00+05:30,1975.199951171875,1975.199951171875,1975.0,1975.0,6
2026-09-04 15:07:00+05:30,1975.25,1975.25,1975.25,1975.25,14
2026-09-04 15:08:00+05:30,1975.300048828125,1975.4000244140625,1975.300048828125,1975.4000244140625,90
2026-09-04 15:09:00+05:30,1975.0,1975.0,1975.0,1975.0,12
2026-09-04 15:10:00+05:30,1975.199951171875,1975.25,1975.199951171875,1975.25,104
2026-09-04 15:11:00+05:30,1975.0,1975.0,1975.0,1975.0,35
2026-09-04 15:12:00+05:30,1974.0,1974.0,1974.0,1974.0,12
2026-09-04 15:13:00+05:30,1972.0,1973.0,1972.0,1973.0,54
2026-09-04 15:14:00+05:30,1978.1500244140625,1978.1500244140625,1978.1500244140625,1978.1500244140625,14
2026-09-04 15:29:00+05:30,1971.0,1971.0,1971.0,1971.0,120
2026-09-07 09:15:00+05:30,1966.199951171875,1974.0999755859375,1966.199951171875,1967.5999755859375,611
2026-09-07 09:16:00+05:30,1969.449951171875,1969.449951171875,1967.449951171875,1969.449951171875,47
2026-09-07 09:17:00+05:30,1969.449951171875,1969.449951171875,1969.449951171875,1969.449951171875,199
2026-09-07 09:18:00+05:30,1968.0,1970.1500244140625,1968.0,1970.1500244140625,39
2026-09-07 09:19:00+05:30,1970.1500244140625,1970.1500244140625,1970.1500244140625,1970.1500244140625,11
2026-09-07 09:20:00+05:30,1970.1500244140625,1970.1500244140625,1970.1500244140625,1970.1500244140625,168
2026-09-07 09:21:00+05:30,1970.0999755859375,1970.1500244140625,1968.4000244140625,1970.1500244140625,25
2026-09-07 09:22:00+05:30,1970.0999755859375,1970.0999755859375,1968.4000244140625,1968.4000244140625,14
2026-09-07 09:23:00+05:30,1966.949951171875,1968.4000244140625,1966.949951171875,1968.4000244140625,49
2026-09-07 09:24:00+05:30,1965.0,1965.0,1965.0,1965.0,5
2026-09-07 09:25:00+05:30,1961.949951171875,1964.9000244140625,1961.550048828125,1964.9000244140625,38
2026-09-07 09:26:00+05:30,1964.449951171875,1964.449951171875,1964.449951171875,1964.449951171875,1
2026-09-07 09:27:00+05:30,1962.5,1962.5,1962.5,1962.5,11
2026-09-07 09:28:00+05:30,1965.0,1965.25,1962.5,1962.5,295
2026-09-07 09:29:00+05:30,1963.5999755859375,1963.5999755859375,1963.5999755859375,1963.5999755859375,11
2026-09-07 09:30:00+05:30,1963.25,1963.25,1963.25,1963.25,124
2026-09-07 09:32:00+05:30,1964.8499755859375,1964.8499755859375,1964.8499755859375,1964.8499755859375,1
2026-09-07 09:33:00+05:30,1963.300048828125,1963.300048828125,1963.300048828125,1963.300048828125,30
2026-09-07 09:34:00+05:30,1963.800048828125,1965.25,1963.3499755859375,1965.25,225
2026-09-07 09:35:00+05:30,1963.699951171875,1965.449951171875,1963.699951171875,1965.449951171875,26
2026-09-07 09:36:00+05:30,1966.449951171875,1966.449951171875,1965.199951171875,1965.5,27
2026-09-07 09:37:00+05:30,1966.449951171875,1966.449951171875,1966.449951171875,1966.449951171875,4
2026-09-07 09:38:00+05:30,1965.5,1965.5,1965.5,1965.5,1
2026-09-07 09:39:00+05:30,1965.5,1965.5,1965.5,1965.5,1
2026-09-07 09:42:00+05:30,1964.050048828125,1965.8499755859375,1964.050048828125,1964.75,220
2026-09-07 09:43:00+05:30,1966.1500244140625,1966.1500244140625,1964.050048828125,1964.050048828125,4
2026-09-07 09:45:00+05:30,1965.4000244140625,1965.6500244140625,1963.699951171875,1965.6500244140625,6
2026-09-07 09:46:00+05:30,1965.5999755859375,1965.5999755859375,1964.199951171875,1964.199951171875,13
2026-09-07 09:47:00+05:30,1966.0,1966.0,1963.800048828125,1965.9000244140625,89
2026-09-07 09:48:00+05:30,1965.300048828125,1965.3499755859375,1963.699951171875,1965.3499755859375,6
2026-09-07 09:49:00+05:30,1964.0,1964.5,1964.0,1964.5,22
2026-09-07 09:50:00+05:30,1964.0,1964.0,1963.300048828125,1963.300048828125,232
2026-09-07 09:51:00+05:30,1965.75,1966.050048828125,1964.0,1964.0,1477
2026-09-07 09:52:00+05:30,1963.0,1963.25,1962.9000244140625,1963.25,122
2026-09-07 09:53:00+05:30,1967.0,1967.0,1967.0,1967.0,92
2026-09-07 09:54:00+05:30,1967.0999755859375,1967.25,1965.5999755859375,1965.5999755859375,3
2026-09-07 09:55:00+05:30,1967.0,1967.0,1966.800048828125,1966.800048828125,14
2026-09-07 09:56:00+05:30,1965.9000244140625,1965.9000244140625,1965.050048828125,1965.050048828125,11
2026-09-07 09:57:00+05:30,1966.5999755859375,1966.5999755859375,1966.5999755859375,1966.5999755859375,6
2026-09-07 09:58:00+05:30,1966.0999755859375,1966.0999755859375,1966.0999755859375,1966.0999755859375,10
2026-09-07 09:59:00+05:30,1966.050048828125,1966.050048828125,1964.4000244140625,1964.699951171875,153
2026-09-07 10:00:00+05:30,1964.8499755859375,1964.8499755859375,1964.8499755859375,1964.8499755859375,10
2026-09-07 10:01:00+05:30,1964.8499755859375,1964.8499755859375,1964.8499755859375,1964.8499755859375,2
2026-09-07 10:02:00+05:30,1964.800048828125,1964.8499755859375,1964.6500244140625,1964.8499755859375,108
2026-09-07 10:03:00+05:30,1966.0,1966.0,1965.5999755859375,1965.5999755859375,15
2026-09-07 10:04:00+05:30,1967.050048828125,1967.050048828125,1966.0999755859375,1966.0999755859375,110
2026-09-07 10:05:00+05:30,1967.1500244140625,1967.1500244140625,1967.1500244140625,1967.1500244140625,17
2026-09-07 10:06:00+05:30,1967.300048828125,1968.4000244140625,1966.800048828125,1968.4000244140625,76
2026-09-07 10:07:00+05:30,1967.300048828125,1967.300048828125,1967.300048828125,1967.300048828125,3
2026-09-07 10:08:00+05:30,1966.5999755859375,1968.75,1966.5999755859375,1968.75,51
2026-09-07 10:09:00+05:30,1967.0,1968.25,1967.0,1967.0,27
2026-09-07 10:10:00+05:30,1967.0,1967.0,1967.0,1967.0,20
2026-09-07 10:11:00+05:30,1967.0,1967.0,1967.0,1967.0,18
2026-09-07 10:12:00+05:30,1967.8499755859375,1967.8499755859375,1967.8499755859375,1967.8499755859375,3
2026-09-07 10:13:00+05:30,1967.8499755859375,1967.8499755859375,1967.0,1967.0,36
2026-09-07 10:14:00+05:30,1967.0,1967.0,1967.0,1967.0,111
2026-09-07 10:15:00+05:30,1966.0,1966.8499755859375,1966.0,1966.8499755859375,4
2026-09-07 10:16:00+05:30,1964.0,1965.0,1964.0,1965.0,103
2026-09-07 10:17:00+05:30,1962.0,1962.449951171875,1962.0,1962.449951171875,263
2026-09-07 10:18:00+05:30,1962.449951171875,1962.449951171875,1962.449951171875,1962.449951171875,5
2026-09-07 10:19:00+05:30,1963.5,1963.5,1963.5,1963.5,1
2026-09-07 10:20:00+05:30,1964.5999755859375,1964.75,1964.5999755859375,1964.75,8
2026-09-07 10:21:00+05:30,1964.449951171875,1964.449951171875,1964.449951171875,1964.449951171875,1
2026-09-07 10:23:00+05:30,1964.4000244140625,1964.4000244140625,1964.4000244140625,1964.4000244140625,3
2026-09-07 10:24:00+05:30,1962.5,1964.699951171875,1962.5,1964.699951171875,209
2026-09-07 10:28:00+05:30,1962.4000244140625,1963.0,1962.4000244140625,1963.0,160
2026-09-07 10:29:00+05:30,1964.0,1964.0,1962.5999755859375,1962.5999755859375,7
2026-09-07 10:31:00+05:30,1963.199951171875,1964.0,1963.199951171875,1963.949951171875,8
2026-09-07 10:32:00+05:30,1965.0,1965.0,1965.0,1965.0,28
2026-09-07 10:33:00+05:30,1963.199951171875,1963.199951171875,1963.199951171875,1963.199951171875,1
2026-09-07 10:35:00+05:30,1963.0,1963.0,1962.0999755859375,1962.0999755859375,420
2026-09-07 10:36:00+05:30,1963.0,1963.0,1963.0,1963.0,10
2026-09-07 10:37:00+05:30,1964.0999755859375,1964.0999755859375,1964.0999755859375,1964.0999755859375,1
2026-09-07 10:38:00+05:30,1963.0,1964.0999755859375,1963.0,1964.0999755859375,4
2026-09-07 10:40:00+05:30,1963.800048828125,1963.800048828125,1963.800048828125,1963.800048828125,2
2026-09-07 10:41:00+05:30,1963.75,1963.75,1963.75,1963.75,25
2026-09-07 10:43:00+05:30,1964.25,1964.25,1964.25,1964.25,2
2026-09-07 10:44:00+05:30,1964.1500244140625,1964.1500244140625,1964.1500244140625,1964.1500244140625,1
2026-09-07 10:45:00+05:30,1963.0,1963.800048828125,1963.0,1963.0,53
2026-09-07 10:46:00+05:30,1964.0999755859375,1964.0999755859375,1963.0,1963.0,26
2026-09-07 10:47:00+05:30,1964.199951171875,1964.199951171875,1964.199951171875,1964.199951171875,13
2026-09-07 10:49:00+05:30,1962.800048828125,1964.25,1962.75,1963.0,230
2026-09-07 10:51:00+05:30,1962.949951171875,1962.949951171875,1962.949951171875,1962.949951171875,30
2026-09-07 10:52:00+05:30,1963.3499755859375,1963.3499755859375,1963.3499755859375,1963.3499755859375,6
2026-09-07 10:54:00+05:30,1963.4000244140625,1963.4000244140625,1963.4000244140625,1963.4000244140625,19
2026-09-07 10:56:00+05:30,1965.0,1965.0,1964.8499755859375,1964.8499755859375,200
2026-09-07 10:57:00+05:30,1963.949951171875,1963.949951171875,1963.3499755859375,1963.3499755859375,2
2026-09-07 10:58:00+05:30,1962.0999755859375,1963.800048828125,1962.0,1963.800048828125,59
2026-09-07 10:59:00+05:30,1963.1500244140625,1963.1500244140625,1963.0999755859375,1963.0999755859375,9
2026-09-07 11:00:00+05:30,1964.5,1964.5,1964.5,1964.5,2
2026-09-07 11:02:00+05:30,1962.800048828125,1962.949951171875,1962.800048828125,1962.949951171875,6
2026-09-07 11:03:00+05:30,1960.0,1963.4000244140625,1960.0,1963.4000244140625,210
2026-09-07 11:04:00+05:30,1959.300048828125,1960.699951171875,1959.0,1960.699951171875,47
2026-09-07 11:05:00+05:30,1960.800048828125,1960.800048828125,1960.800048828125,1960.800048828125,3
2026-09-07 11:08:00+05:30,1959.300048828125,1961.0,1959.300048828125,1959.449951171875,43
2026-09-07 11:09:00+05:30,1959.300048828125,1959.300048828125,1959.300048828125,1959.300048828125,3
2026-09-07 11:12:00+05:30,1960.0,1960.0,1959.949951171875,1959.949951171875,7
2026-09-07 11:13:00+05:30,1958.300048828125,1958.300048828125,1958.300048828125,1958.300048828125,30
2026-09-07 11:15:00+05:30,1959.550048828125,1959.550048828125,1959.550048828125,1959.550048828125,2
2026-09-07 11:16:00+05:30,1959.6500244140625,1959.6500244140625,1959.6500244140625,1959.6500244140625,3
2026-09-07 11:17:00+05:30,1961.0,1961.0,1959.6500244140625,1959.6500244140625,17
2026-09-07 11:18:00+05:30,1959.9000244140625,1959.9000244140625,1959.9000244140625,1959.9000244140625,1
2026-09-07 11:19:00+05:30,1959.949951171875,1959.949951171875,1959.949951171875,1959.949951171875,1
2026-09-07 11:20:00+05:30,1958.5,1960.0,1958.5,1960.0,17
2026-09-07 11:22:00+05:30,1962.0,1962.0,1959.699951171875,1960.0,106
2026-09-07 11:23:00+05:30,1962.0999755859375,1962.0999755859375,1962.0999755859375,1962.0999755859375,9
2026-09-07 11:25:00+05:30,1962.0,1962.0,1962.0,1962.0,21
2026-09-07 11:26:00+05:30,1961.1500244140625,1962.0999755859375,1961.1500244140625,1962.0999755859375,3
2026-09-07 11:28:00+05:30,1960.5,1960.5,1960.5,1960.5,16
2026-09-07 11:29:00+05:30,1960.699951171875,1962.0,1960.0,1962.0,45
2026-09-07 11:30:00+05:30,1961.050048828125,1961.0999755859375,1958.9000244140625,1961.0999755859375,416
2026-09-07 11:38:00+05:30,1958.449951171875,1958.449951171875,1958.449951171875,1958.449951171875,22
2026-09-07 11:40:00+05:30,1960.5,1960.5,1960.0,1960.0,51
2026-09-07 11:42:00+05:30,1960.0,1960.0,1960.0,1960.0,6
2026-09-07 11:43:00+05:30,1960.699951171875,1962.300048828125,1960.699951171875,1962.300048828125,11
2026-09-07 11:45:00+05:30,1962.0,1962.0,1962.0,1962.0,2
2026-09-07 11:46:00+05:30,1962.0,1962.0,1961.0999755859375,1961.0999755859375,136
2026-09-07 11:47:00+05:30,1963.1500244140625,1963.1500244140625,1963.1500244140625,1963.1500244140625,1
2026-09-07 11:50:00+05:30,1959.75,1959.75,1959.75,1959.75,1
2026-09-07 11:52:00+05:30,1960.4000244140625,1960.4000244140625,1960.4000244140625,1960.4000244140625,20
2026-09-07 11:53:00+05:30,1961.8499755859375,1961.8499755859375,1961.8499755859375,1961.8499755859375,50
2026-09-07 11:55:00+05:30,1960.699951171875,1960.699951171875,1960.699951171875,1960.699951171875,1
2026-09-07 11:56:00+05:30,1959.5999755859375,1959.5999755859375,1959.5999755859375,1959.5999755859375,10
2026-09-07 11:57:00+05:30,1960.0,1960.0,1960.0,1960.0,5
2026-09-07 11:58:00+05:30,1958.449951171875,1958.449951171875,1958.449951171875,1958.449951171875,4
2026-09-07 11:59:00+05:30,1960.1500244140625,1960.1500244140625,1959.0999755859375,1959.0999755859375,72
2026-09-07 12:01:00+05:30,1958.4000244140625,1958.4000244140625,1958.25,1958.25,3
2026-09-07 12:02:00+05:30,1958.449951171875,1958.449951171875,1958.449951171875,1958.449951171875,100
2026-09-07 12:05:00+05:30,1959.5,1959.699951171875,1959.5,1959.699951171875,76
2026-09-07 12:07:00+05:30,1958.199951171875,1958.199951171875,1958.199951171875,1958.199951171875,8
2026-09-07 12:08:00+05:30,1960.6500244140625,1960.6500244140625,1960.6500244140625,1960.6500244140625,225
2026-09-07 12:09:00+05:30,1960.9000244140625,1961.800048828125,1960.5,1960.5999755859375,44
2026-09-07 12:10:00+05:30,1960.0,1960.0,1959.800048828125,1959.800048828125,10
2026-09-07 12:11:00+05:30,1961.800048828125,1961.800048828125,1961.800048828125,1961.800048828125,1
2026-09-07 12:12:00+05:30,1962.699951171875,1962.699951171875,1962.699951171875,1962.699951171875,2
2026-09-07 12:13:00+05:30,1961.3499755859375,1962.5,1961.3499755859375,1962.5,22
2026-09-07 12:14:00+05:30,1960.1500244140625,1960.1500244140625,1960.1500244140625,1960.1500244140625,320
2026-09-07 12:16:00+05:30,1958.800048828125,1958.800048828125,1958.800048828125,1958.800048828125,3
2026-09-07 12:18:00+05:30,1958.800048828125,1958.800048828125,1958.800048828125,1958.800048828125,20
2026-09-07 12:19:00+05:30,1958.199951171875,1958.800048828125,1958.199951171875,1958.800048828125,12
2026-09-07 12:20:00+05:30,1958.199951171875,1958.199951171875,1958.199951171875,1958.199951171875,6
2026-09-07 12:22:00+05:30,1958.449951171875,1958.449951171875,1958.0,1958.199951171875,66
2026-09-07 12:23:00+05:30,1957.1500244140625,1957.1500244140625,1957.1500244140625,1957.1500244140625,6
2026-09-07 12:24:00+05:30,1958.800048828125,1958.800048828125,1957.1500244140625,1957.1500244140625,75
2026-09-07 12:26:00+05:30,1959.1500244140625,1959.1500244140625,1959.1500244140625,1959.1500244140625,2
2026-09-07 12:28:00+05:30,1957.1500244140625,1957.1500244140625,1957.1500244140625,1957.1500244140625,1
2026-09-07 12:29:00+05:30,1957.5,1957.5,1957.5,1957.5,6
2026-09-07 12:30:00+05:30,1957.949951171875,1957.949951171875,1956.25,1956.25,47
2026-09-07 12:31:00+05:30,1958.449951171875,1958.449951171875,1958.449951171875,1958.449951171875,50
2026-09-07 12:32:00+05:30,1958.449951171875,1958.449951171875,1958.449951171875,1958.449951171875,2
2026-09-07 12:34:00+05:30,1957.050048828125,1957.050048828125,1957.0,1957.0,342
2026-09-07 12:35:00+05:30,1958.449951171875,1958.449951171875,1958.449951171875,1958.449951171875,6
2026-09-07 12:36:00+05:30,1959.25,1959.25,1959.25,1959.25,3
2026-09-07 12:37:00+05:30,1958.25,1960.0,1958.25,1959.25,5
2026-09-07 12:38:00+05:30,1957.699951171875,1957.699951171875,1957.699951171875,1957.699951171875,67
2026-09-07 12:39:00+05:30,1956.4000244140625,1959.1500244140625,1956.4000244140625,1959.1500244140625,14
2026-09-07 12:40:00+05:30,1957.6500244140625,1958.449951171875,1956.050048828125,1958.449951171875,62
2026-09-07 12:41:00+05:30,1954.5,1956.3499755859375,1954.5,1956.3499755859375,405
2026-09-07 12:42:00+05:30,1955.0,1955.0,1954.6500244140625,1954.6500244140625,16
2026-09-07 12:44:00+05:30,1955.0,1955.0,1955.0,1955.0,2
2026-09-07 12:45:00+05:30,1954.0999755859375,1954.5,1954.0999755859375,1954.5,61
2026-09-07 12:46:00+05:30,1954.4000244140625,1954.4000244140625,1953.449951171875,1954.0,17
2026-09-07 12:53:00+05:30,1953.4000244140625,1953.4000244140625,1953.4000244140625,1953.4000244140625,24
2026-09-07 12:54:00+05:30,1952.449951171875,1952.449951171875,1952.449951171875,1952.449951171875,212
2026-09-07 12:55:00+05:30,1952.449951171875,1952.449951171875,1952.449951171875,1952.449951171875,1
2026-09-07 12:57:00+05:30,1950.6500244140625,1952.800048828125,1950.6500244140625,1952.800048828125,751
2026-09-07 12:59:00+05:30,1952.0,1952.0,1951.0,1951.0,56
2026-09-07 13:00:00+05:30,1953.25,1953.25,1952.0,1952.0,15
2026-09-07 13:01:00+05:30,1952.0,1952.0,1951.5,1951.5,85
2026-09-07 13:02:00+05:30,1952.0999755859375,1956.449951171875,1952.0,1952.0,549
2026-09-07 13:03:00+05:30,1954.3499755859375,1954.3499755859375,1953.0,1953.0,88
2026-09-07 13:05:00+05:30,1953.0,1953.0,1953.0,1953.0,27
2026-09-07 13:06:00+05:30,1953.4000244140625,1953.4000244140625,1952.449951171875,1952.449951171875,8
2026-09-07 13:11:00+05:30,1953.3499755859375,1953.4000244140625,1952.1500244140625,1953.4000244140625,26
2026-09-07 13:13:00+05:30,1952.050048828125,1952.050048828125,1952.050048828125,1952.050048828125,1
2026-09-07 13:15:00+05:30,1952.550048828125,1953.4000244140625,1951.5,1952.0999755859375,68
2026-09-07 13:16:00+05:30,1952.5,1952.5,1952.5,1952.5,25
2026-09-07 13:17:00+05:30,1952.6500244140625,1952.6500244140625,1952.6500244140625,1952.6500244140625,12
2026-09-07 13:18:00+05:30,1951.5,1952.6500244140625,1951.5,1952.6500244140625,29
2026-09-07 13:19:00+05:30,1951.5,1951.5,1951.5,1951.5,3
2026-09-07 13:20:00+05:30,1951.5,1951.5,1951.5,1951.5,7
2026-09-07 13:21:00+05:30,1951.5,1951.5,1951.5,1951.5,1
2026-09-07 13:23:00+05:30,1952.0,1952.0,1951.5,1951.5,3
2026-09-07 13:24:00+05:30,1952.0,1952.0,1952.0,1952.0,3
2026-09-07 13:25:00+05:30,1952.0,1952.0,1952.0,1952.0,1
2026-09-07 13:26:00+05:30,1951.5,1951.5,1951.5,1951.5,3
2026-09-07 13:27:00+05:30,1952.449951171875,1952.449951171875,1952.449951171875,1952.449951171875,1
2026-09-07 13:30:00+05:30,1951.5,1951.5,1951.5,1951.5,1
2026-09-07 13:31:00+05:30,1951.0,1951.0,1951.0,1951.0,1
2026-09-07 13:32:00+05:30,1951.0,1951.949951171875,1951.0,1951.949951171875,11
2026-09-07 13:33:00+05:30,1950.3499755859375,1950.3499755859375,1950.3499755859375,1950.3499755859375,22
2026-09-07 13:34:00+05:30,1950.699951171875,1950.699951171875,1950.699951171875,1950.699951171875,7
2026-09-07 13:36:00+05:30,1951.5999755859375,1951.5999755859375,1951.4000244140625,1951.4000244140625,8
2026-09-07 13:37:00+05:30,1951.6500244140625,1951.6500244140625,1951.5999755859375,1951.6500244140625,11
2026-09-07 13:38:00+05:30,1951.5999755859375,1951.6500244140625,1951.5999755859375,1951.5999755859375,8
2026-09-07 13:39:00+05:30,1950.4000244140625,1951.6500244140625,1950.4000244140625,1951.5999755859375,17
2026-09-07 13:40:00+05:30,1951.5999755859375,1951.5999755859375,1950.3499755859375,1951.550048828125,15
2026-09-07 13:41:00+05:30,1951.5999755859375,1951.6500244140625,1950.3499755859375,1950.3499755859375,11
2026-09-07 13:42:00+05:30,1951.4000244140625,1951.6500244140625,1951.0,1951.5999755859375,12
2026-09-07 13:43:00+05:30,1950.8499755859375,1951.6500244140625,1950.8499755859375,1951.550048828125,245
2026-09-07 13:44:00+05:30,1951.0,1951.5,1951.0,1951.449951171875,8
2026-09-07 13:45:00+05:30,1950.9000244140625,1951.449951171875,1950.9000244140625,1951.25,7
2026-09-07 13:46:00+05:30,1952.0,1952.0,1951.0999755859375,1951.800048828125,8
2026-09-07 13:47:00+05:30,1952.0,1952.0,1951.0,1952.0,16
2026-09-07 13:48:00+05:30,1952.0,1952.0,1951.949951171875,1951.949951171875,7
2026-09-07 13:49:00+05:30,1951.4000244140625,1952.0,1951.4000244140625,1952.0,8
2026-09-07 13:50:00+05:30,1952.0,1952.0,1950.3499755859375,1951.949951171875,14
2026-09-07 13:51:00+05:30,1952.0,1952.0,1951.949951171875,1952.0,7
2026-09-07 13:52:00+05:30,1952.550048828125,1952.550048828125,1952.0,1952.0,122
2026-09-07 13:53:00+05:30,1953.0,1955.1500244140625,1952.5999755859375,1952.5999755859375,160
2026-09-07 13:54:00+05:30,1952.0,1952.0,1952.0,1952.0,39
2026-09-07 13:55:00+05:30,1953.9000244140625,1953.9000244140625,1953.699951171875,1953.9000244140625,5
2026-09-07 13:56:00+05:30,1954.1500244140625,1954.1500244140625,1953.699951171875,1953.699951171875,15
2026-09-07 13:57:00+05:30,1953.9000244140625,1954.449951171875,1953.9000244140625,1953.9000244140625,4
2026-09-07 13:58:00+05:30,1954.3499755859375,1954.3499755859375,1954.0999755859375,1954.0999755859375,27
2026-09-07 13:59:00+05:30,1954.6500244140625,1954.699951171875,1954.5,1954.6500244140625,7
2026-09-07 14:00:00+05:30,1953.4000244140625,1954.75,1953.300048828125,1954.699951171875,12
2026-09-07 14:01:00+05:30,1952.5,1954.199951171875,1952.5,1953.8499755859375,33
2026-09-07 14:02:00+05:30,1953.9000244140625,1954.0,1953.9000244140625,1953.949951171875,7
2026-09-07 14:03:00+05:30,1953.8499755859375,1954.0999755859375,1953.8499755859375,1954.0999755859375,4
2026-09-07 14:04:00+05:30,1953.9000244140625,1954.050048828125,1953.25,1954.050048828125,7
2026-09-07 14:05:00+05:30,1954.050048828125,1954.050048828125,1952.75,1954.050048828125,8
2026-09-07 14:06:00+05:30,1954.0999755859375,1954.199951171875,1954.0,1954.0,20
2026-09-07 14:07:00+05:30,1954.0,1954.050048828125,1954.0,1954.050048828125,7
2026-09-07 14:08:00+05:30,1953.8499755859375,1953.949951171875,1953.8499755859375,1953.949951171875,7
2026-09-07 14:09:00+05:30,1953.9000244140625,1953.9000244140625,1953.8499755859375,1953.9000244140625,7
2026-09-07 14:10:00+05:30,1953.0,1954.199951171875,1953.0,1954.199951171875,11
2026-09-07 14:11:00+05:30,1953.9000244140625,1954.0,1953.5999755859375,1954.0,17
2026-09-07 14:12:00+05:30,1953.449951171875,1953.949951171875,1953.449951171875,1953.9000244140625,7
2026-09-07 14:13:00+05:30,1953.5,1953.5,1952.1500244140625,1953.449951171875,38
2026-09-07 14:14:00+05:30,1953.1500244140625,1953.199951171875,1953.1500244140625,1953.199951171875,12
2026-09-07 14:15:00+05:30,1953.199951171875,1953.199951171875,1952.0999755859375,1952.0999755859375,24
2026-09-07 14:16:00+05:30,1952.6500244140625,1953.199951171875,1951.949951171875,1953.199951171875,42
2026-09-07 14:17:00+05:30,1952.3499755859375,1953.199951171875,1952.300048828125,1953.199951171875,9
2026-09-07 14:18:00+05:30,1952.0,1953.199951171875,1951.75,1953.199951171875,31
2026-09-07 14:19:00+05:30,1953.0,1953.199951171875,1953.0,1953.199951171875,7
2026-09-07 14:20:00+05:30,1953.0,1953.0,1953.0,1953.0,7
2026-09-07 14:21:00+05:30,1953.0,1953.0,1952.6500244140625,1953.0,7
2026-09-07 14:22:00+05:30,1953.0,1953.0,1953.0,1953.0,7
2026-09-07 14:23:00+05:30,1953.0,1953.0,1953.0,1953.0,7
2026-09-07 14:24:00+05:30,1952.550048828125,1953.9000244140625,1952.550048828125,1953.9000244140625,55
2026-09-07 14:25:00+05:30,1953.4000244140625,1953.4000244140625,1952.550048828125,1952.550048828125,8
2026-09-07 14:26:00+05:30,1953.8499755859375,1953.8499755859375,1953.449951171875,1953.449951171875,7
2026-09-07 14:27:00+05:30,1953.8499755859375,1953.9000244140625,1953.800048828125,1953.800048828125,12
2026-09-07 14:28:00+05:30,1953.75,1953.9000244140625,1952.5,1953.9000244140625,54
2026-09-07 14:29:00+05:30,1953.699951171875,1953.8499755859375,1953.699951171875,1953.8499755859375,7
2026-09-07 14:30:00+05:30,1953.699951171875,1953.699951171875,1953.6500244140625,1953.699951171875,8
2026-09-07 14:31:00+05:30,1952.4000244140625,1953.5,1952.0999755859375,1953.5,58
2026-09-07 14:32:00+05:30,1953.449951171875,1953.5,1953.4000244140625,1953.449951171875,7
2026-09-07 14:33:00+05:30,1952.5,1952.949951171875,1951.699951171875,1952.5,12
2026-09-07 14:34:00+05:30,1952.0,1952.550048828125,1950.25,1952.550048828125,430
2026-09-07 14:35:00+05:30,1950.949951171875,1951.949951171875,1950.949951171875,1951.949951171875,7
2026-09-07 14:36:00+05:30,1951.5,1951.75,1951.4000244140625,1951.4000244140625,17
2026-09-07 14:37:00+05:30,1951.3499755859375,1951.75,1950.300048828125,1951.75,24
2026-09-07 14:38:00+05:30,1950.5,1951.1500244140625,1950.4000244140625,1951.1500244140625,12
2026-09-07 14:39:00+05:30,1949.550048828125,1950.5,1949.449951171875,1950.5,100
2026-09-07 14:40:00+05:30,1949.0,1949.5,1948.0999755859375,1949.5,68
2026-09-07 14:41:00+05:30,1949.0,1949.0,1949.0,1949.0,8
2026-09-07 14:42:00+05:30,1950.9000244140625,1951.5999755859375,1948.199951171875,1949.0,144
2026-09-07 14:43:00+05:30,1951.199951171875,1951.199951171875,1951.0999755859375,1951.1500244140625,19
2026-09-07 14:44:00+05:30,1951.0999755859375,1951.199951171875,1949.449951171875,1949.449951171875,16
2026-09-07 14:45:00+05:30,1951.4000244140625,1951.5999755859375,1951.4000244140625,1951.4000244140625,6
2026-09-07 14:46:00+05:30,1952.3499755859375,1952.3499755859375,1951.0999755859375,1951.5999755859375,19
2026-09-07 14:47:00+05:30,1952.300048828125,1952.3499755859375,1950.800048828125,1952.050048828125,34
2026-09-07 14:48:00+05:30,1954.25,1954.25,1952.3499755859375,1952.3499755859375,249
2026-09-07 14:49:00+05:30,1953.0,1954.300048828125,1952.949951171875,1954.300048828125,9
2026-09-07 14:50:00+05:30,1954.5999755859375,1954.5999755859375,1953.9000244140625,1954.199951171875,4
2026-09-07 14:51:00+05:30,1953.25,1954.699951171875,1952.4000244140625,1954.699951171875,16
2026-09-07 14:52:00+05:30,1952.800048828125,1952.800048828125,1951.449951171875,1952.6500244140625,10
2026-09-07 14:53:00+05:30,1950.25,1952.0999755859375,1950.25,1952.0999755859375,14
2026-09-07 14:54:00+05:30,1952.0,1952.4000244140625,1950.75,1952.4000244140625,16
2026-09-07 14:55:00+05:30,1951.9000244140625,1952.0,1951.699951171875,1951.949951171875,9
2026-09-07 14:56:00+05:30,1952.0,1952.0,1951.0,1952.0,20
2026-09-07 14:57:00+05:30,1951.0,1951.0,1951.0,1951.0,16
2026-09-07 14:58:00+05:30,1949.0,1950.9000244140625,1948.199951171875,1950.9000244140625,312
2026-09-07 14:59:00+05:30,1948.800048828125,1950.699951171875,1948.800048828125,1950.699951171875,296
2026-09-07 15:00:00+05:30,1946.4000244140625,1948.0,1946.4000244140625,1948.0,18
2026-09-07 15:01:00+05:30,1949.6500244140625,1949.6500244140625,1947.75,1947.75,123
2026-09-07 15:02:00+05:30,1949.0999755859375,1949.0999755859375,1948.699951171875,1948.699951171875,225
2026-09-07 15:03:00+05:30,1950.6500244140625,1950.6500244140625,1949.75,1950.6500244140625,7
2026-09-07 15:04:00+05:30,1947.699951171875,1950.6500244140625,1947.699951171875,1950.199951171875,36
2026-09-07 15:05:00+05:30,1948.6500244140625,1948.6500244140625,1948.6500244140625,1948.6500244140625,3
2026-09-07 15:06:00+05:30,1950.1500244140625,1950.1500244140625,1948.449951171875,1948.449951171875,32
2026-09-07 15:07:00+05:30,1949.0,1949.0,1948.300048828125,1948.550048828125,13
2026-09-07 15:08:00+05:30,1948.5,1949.4000244140625,1948.5,1948.949951171875,101
2026-09-07 15:09:00+05:30,1948.5,1948.800048828125,1948.5,1948.800048828125,16
2026-09-07 15:10:00+05:30,1948.75,1949.199951171875,1948.6500244140625,1949.199951171875,21
2026-09-07 15:11:00+05:30,1946.4000244140625,1948.800048828125,1946.4000244140625,1948.75,295
2026-09-07 15:12:00+05:30,1946.0,1946.4000244140625,1946.0,1946.4000244140625,229
2026-09-07 15:13:00+05:30,1950.5999755859375,1950.6500244140625,1950.5999755859375,1950.6500244140625,70
2026-09-07 15:14:00+05:30,1948.0,1948.0,1945.0,1945.0,59
2026-09-07 15:28:00+05:30,1940.0,1940.0,1940.0,1940.0,204
2026-09-08 09:15:00+05:30,1947.300048828125,1950.6500244140625,1940.0,1940.0,627
2026-09-08 09:16:00+05:30,1942.4000244140625,1946.6500244140625,1941.9000244140625,1945.4000244140625,105
2026-09-08 09:17:00+05:30,1944.5999755859375,1947.050048828125,1944.5999755859375,1947.050048828125,55
2026-09-08 09:18:00+05:30,1943.199951171875,1945.0,1943.199951171875,1945.0,45
2026-09-08 09:19:00+05:30,1943.199951171875,1945.0,1943.199951171875,1943.199951171875,42
2026-09-08 09:20:00+05:30,1941.3499755859375,1941.3499755859375,1941.1500244140625,1941.1500244140625,50
2026-09-08 09:21:00+05:30,1939.5,1940.0,1939.300048828125,1940.0,135
2026-09-08 09:22:00+05:30,1940.0,1941.050048828125,1940.0,1941.050048828125,77
2026-09-08 09:23:00+05:30,1941.199951171875,1941.199951171875,1940.0,1940.0,16
2026-09-08 09:24:00+05:30,1939.4000244140625,1939.4000244140625,1939.4000244140625,1939.4000244140625,4
2026-09-08 09:25:00+05:30,1943.199951171875,1943.199951171875,1940.6500244140625,1940.6500244140625,50
2026-09-08 09:26:00+05:30,1941.699951171875,1943.199951171875,1941.699951171875,1943.199951171875,32
2026-09-08 09:27:00+05:30,1941.800048828125,1943.5999755859375,1941.699951171875,1943.5999755859375,33
2026-09-08 09:28:00+05:30,1941.300048828125,1941.949951171875,1941.300048828125,1941.949951171875,121
2026-09-08 09:29:00+05:30,1941.300048828125,1941.300048828125,1941.300048828125,1941.300048828125,1
2026-09-08 09:30:00+05:30,1942.949951171875,1942.949951171875,1942.949951171875,1942.949951171875,25
2026-09-08 09:31:00+05:30,1938.5999755859375,1941.5999755859375,1938.5999755859375,1941.3499755859375,207
2026-09-08 09:33:00+05:30,1939.5,1939.5,1939.5,1939.5,5
2026-09-08 09:34:00+05:30,1938.0,1939.699951171875,1938.0,1939.699951171875,31
2026-09-08 09:36:00+05:30,1939.75,1941.6500244140625,1939.75,1941.6500244140625,40
2026-09-08 09:37:00+05:30,1940.25,1940.25,1940.25,1940.25,20
2026-09-08 09:38:00+05:30,1940.699951171875,1942.1500244140625,1940.699951171875,1942.1500244140625,46
2026-09-08 09:39:00+05:30,1940.8499755859375,1942.300048828125,1940.6500244140625,1940.800048828125,68
2026-09-08 09:40:00+05:30,1939.0,1940.949951171875,1939.0,1940.949951171875,10
2026-09-08 09:42:00+05:30,1938.0,1939.0,1938.0,1939.0,17
2026-09-08 09:43:00+05:30,1939.4000244140625,1939.4000244140625,1937.300048828125,1937.300048828125,18
2026-09-08 09:44:00+05:30,1939.0,1939.0,1939.0,1939.0,5
2026-09-08 09:45:00+05:30,1937.300048828125,1937.300048828125,1937.300048828125,1937.300048828125,5
2026-09-08 09:46:00+05:30,1936.800048828125,1936.800048828125,1936.199951171875,1936.199951171875,26
2026-09-08 09:47:00+05:30,1936.5,1938.3499755859375,1936.5,1937.300048828125,16
2026-09-08 09:48:00+05:30,1938.4000244140625,1938.4000244140625,1936.4000244140625,1936.5,33
2026-09-08 09:49:00+05:30,1936.3499755859375,1936.3499755859375,1936.3499755859375,1936.3499755859375,35
2026-09-08 09:51:00+05:30,1938.699951171875,1938.699951171875,1937.1500244140625,1938.699951171875,68
2026-09-08 09:52:00+05:30,1939.5999755859375,1939.5999755859375,1937.6500244140625,1939.5999755859375,50
2026-09-08 09:53:00+05:30,1939.75,1939.75,1939.75,1939.75,85
2026-09-08 09:54:00+05:30,1940.4000244140625,1940.4000244140625,1938.6500244140625,1938.6500244140625,22
2026-09-08 09:55:00+05:30,1936.4000244140625,1938.949951171875,1936.4000244140625,1938.949951171875,342
2026-09-08 09:56:00+05:30,1937.3499755859375,1937.3499755859375,1937.3499755859375,1937.3499755859375,19
2026-09-08 09:57:00+05:30,1937.800048828125,1937.800048828125,1937.800048828125,1937.800048828125,1
2026-09-08 09:58:00+05:30,1938.800048828125,1938.800048828125,1938.800048828125,1938.800048828125,125
2026-09-08 09:59:00+05:30,1936.949951171875,1936.949951171875,1936.949951171875,1936.949951171875,30
2026-09-08 10:00:00+05:30,1936.949951171875,1936.949951171875,1936.949951171875,1936.949951171875,10
2026-09-08 10:02:00+05:30,1935.050048828125,1936.0,1935.050048828125,1936.0,6
2026-09-08 10:03:00+05:30,1935.0,1935.0,1934.4000244140625,1934.4000244140625,155
2026-09-08 10:05:00+05:30,1933.0,1934.4000244140625,1933.0,1934.300048828125,1523
2026-09-08 10:06:00+05:30,1935.9000244140625,1935.9000244140625,1935.9000244140625,1935.9000244140625,13
2026-09-08 10:07:00+05:30,1939.300048828125,1939.300048828125,1935.9000244140625,1935.9000244140625,19
2026-09-08 10:08:00+05:30,1941.0,1941.0,1941.0,1941.0,8
2026-09-08 10:09:00+05:30,1941.300048828125,1941.300048828125,1940.4000244140625,1940.4000244140625,44
2026-09-08 10:10:00+05:30,1941.4000244140625,1941.4000244140625,1941.4000244140625,1941.4000244140625,33
2026-09-08 10:11:00+05:30,1944.9000244140625,1944.9000244140625,1943.0,1943.0,5
2026-09-08 10:13:00+05:30,1945.4000244140625,1946.0,1945.0,1945.0,56
2026-09-08 10:14:00+05:30,1947.300048828125,1947.300048828125,1945.050048828125,1945.050048828125,10
2026-09-08 10:15:00+05:30,1948.0999755859375,1949.0,1948.0999755859375,1949.0,70
2026-09-08 10:16:00+05:30,1950.5999755859375,1950.5999755859375,1950.0,1950.0,17
2026-09-08 10:18:00+05:30,1947.6500244140625,1947.6500244140625,1946.0,1946.0,16
2026-09-08 10:19:00+05:30,1947.6500244140625,1947.6500244140625,1947.6500244140625,1947.6500244140625,27
2026-09-08 10:20:00+05:30,1946.300048828125,1947.699951171875,1946.300048828125,1947.699951171875,13
2026-09-08 10:21:00+05:30,1949.3499755859375,1949.3499755859375,1948.0999755859375,1948.0999755859375,3
2026-09-08 10:22:00+05:30,1947.449951171875,1947.449951171875,1947.449951171875,1947.449951171875,20
2026-09-08 10:23:00+05:30,1947.5,1947.5,1947.5,1947.5,4
2026-09-08 10:24:00+05:30,1948.449951171875,1948.449951171875,1948.449951171875,1948.449951171875,2
2026-09-08 10:25:00+05:30,1947.5,1947.5,1947.5,1947.5,2
2026-09-08 10:26:00+05:30,1948.25,1948.25,1948.199951171875,1948.199951171875,35
2026-09-08 10:28:00+05:30,1948.949951171875,1948.949951171875,1948.949951171875,1948.949951171875,20
2026-09-08 10:29:00+05:30,1948.0,1948.0,1948.0,1948.0,25
2026-09-08 10:30:00+05:30,1947.8499755859375,1947.8499755859375,1947.8499755859375,1947.8499755859375,1
2026-09-08 10:31:00+05:30,1947.8499755859375,1947.8499755859375,1947.8499755859375,1947.8499755859375,10
2026-09-08 10:32:00+05:30,1946.4000244140625,1948.050048828125,1946.4000244140625,1947.8499755859375,201
2026-09-08 10:33:00+05:30,1948.5,1948.5,1948.5,1948.5,1
2026-09-08 10:34:00+05:30,1947.3499755859375,1947.3499755859375,1947.3499755859375,1947.3499755859375,1
2026-09-08 10:35:00+05:30,1947.800048828125,1947.800048828125,1947.800048828125,1947.800048828125,15
2026-09-08 10:37:00+05:30,1947.199951171875,1948.449951171875,1946.949951171875,1946.949951171875,21
2026-09-08 10:38:00+05:30,1947.300048828125,1947.300048828125,1947.300048828125,1947.300048828125,20
2026-09-08 10:39:00+05:30,1947.8499755859375,1947.8499755859375,1947.8499755859375,1947.8499755859375,1
2026-09-08 10:40:00+05:30,1946.5999755859375,1946.5999755859375,1946.1500244140625,1946.3499755859375,55
2026-09-08 10:41:00+05:30,1946.949951171875,1946.949951171875,1945.3499755859375,1945.3499755859375,5
2026-09-08 10:42:00+05:30,1945.5,1945.75,1945.5,1945.75,12
2026-09-08 10:43:00+05:30,1944.4000244140625,1945.0,1944.4000244140625,1945.0,81
2026-09-08 10:44:00+05:30,1946.6500244140625,1946.6500244140625,1946.6500244140625,1946.6500244140625,19
2026-09-08 10:45:00+05:30,1947.0,1947.0,1947.0,1947.0,5
2026-09-08 10:46:00+05:30,1947.449951171875,1947.449951171875,1947.4000244140625,1947.4000244140625,6
2026-09-08 10:47:00+05:30,1946.5,1946.550048828125,1946.5,1946.550048828125,15
2026-09-08 10:48:00+05:30,1947.550048828125,1947.550048828125,1946.1500244140625,1946.1500244140625,61
2026-09-08 10:49:00+05:30,1947.5,1947.5,1947.5,1947.5,5
2026-09-08 10:50:00+05:30,1947.5999755859375,1947.5999755859375,1947.5999755859375,1947.5999755859375,1
2026-09-08 10:51:00+05:30,1946.5999755859375,1947.5999755859375,1946.5999755859375,1947.5999755859375,38
2026-09-08 10:52:00+05:30,1945.0,1945.0,1945.0,1945.0,2
2026-09-08 10:54:00+05:30,1947.050048828125,1947.050048828125,1947.050048828125,1947.050048828125,1
2026-09-08 10:55:00+05:30,1945.9000244140625,1947.050048828125,1945.9000244140625,1947.050048828125,8
2026-09-08 10:56:00+05:30,1944.0,1945.0,1944.0,1945.0,351
2026-09-08 10:57:00+05:30,1945.0,1945.0,1944.0999755859375,1944.0999755859375,60
2026-09-08 10:58:00+05:30,1943.6500244140625,1943.6500244140625,1943.6500244140625,1943.6500244140625,3
2026-09-08 10:59:00+05:30,1945.6500244140625,1945.6500244140625,1944.5999755859375,1945.5,5
2026-09-08 11:00:00+05:30,1944.300048828125,1944.300048828125,1944.300048828125,1944.300048828125,63
2026-09-08 11:01:00+05:30,1944.300048828125,1944.300048828125,1944.300048828125,1944.300048828125,1
2026-09-08 11:02:00+05:30,1945.1500244140625,1945.1500244140625,1944.300048828125,1944.300048828125,10
2026-09-08 11:03:00+05:30,1946.050048828125,1946.5,1945.25,1946.5,26
2026-09-08 11:04:00+05:30,1945.8499755859375,1945.8499755859375,1945.8499755859375,1945.8499755859375,1
2026-09-08 11:06:00+05:30,1945.5999755859375,1945.5999755859375,1945.5999755859375,1945.5999755859375,1
2026-09-08 11:07:00+05:30,1946.9000244140625,1946.9000244140625,1946.9000244140625,1946.9000244140625,2
2026-09-08 11:08:00+05:30,1946.699951171875,1947.949951171875,1946.699951171875,1947.949951171875,51
2026-09-08 11:10:00+05:30,1942.9000244140625,1944.0,1942.9000244140625,1944.0,120
2026-09-08 11:11:00+05:30,1943.199951171875,1943.199951171875,1943.199951171875,1943.199951171875,1
2026-09-08 11:12:00+05:30,1942.6500244140625,1943.199951171875,1942.6500244140625,1943.199951171875,26
2026-09-08 11:13:00+05:30,1941.4000244140625,1941.4000244140625,1941.4000244140625,1941.4000244140625,5
2026-09-08 11:16:00+05:30,1942.6500244140625,1942.6500244140625,1942.6500244140625,1942.6500244140625,12
2026-09-08 11:17:00+05:30,1942.6500244140625,1942.6500244140625,1942.6500244140625,1942.6500244140625,8
2026-09-08 11:18:00+05:30,1942.6500244140625,1942.6500244140625,1941.8499755859375,1941.8499755859375,31
2026-09-08 11:19:00+05:30,1943.199951171875,1943.199951171875,1943.199951171875,1943.199951171875,3
2026-09-08 11:20:00+05:30,1942.4000244140625,1944.1500244140625,1942.4000244140625,1944.0,33
2026-09-08 11:21:00+05:30,1942.5,1944.0,1942.3499755859375,1944.0,129
2026-09-08 11:22:00+05:30,1942.5,1942.5,1942.5,1942.5,10
2026-09-08 11:24:00+05:30,1940.5,1941.449951171875,1940.0,1941.449951171875,221
2026-09-08 11:25:00+05:30,1940.4000244140625,1940.75,1940.4000244140625,1940.75,32
2026-09-08 11:27:00+05:30,1939.050048828125,1941.75,1939.050048828125,1941.75,929
2026-09-08 11:28:00+05:30,1940.0,1940.0,1940.0,1940.0,5
2026-09-08 11:29:00+05:30,1938.1500244140625,1938.1500244140625,1938.1500244140625,1938.1500244140625,42
2026-09-08 11:30:00+05:30,1939.25,1939.25,1939.25,1939.25,89
2026-09-08 11:31:00+05:30,1935.6500244140625,1938.0,1935.6500244140625,1938.0,59
2026-09-08 11:32:00+05:30,1938.1500244140625,1938.1500244140625,1938.1500244140625,1938.1500244140625,9
2026-09-08 11:33:00+05:30,1937.0,1938.199951171875,1937.0,1938.199951171875,29
2026-09-08 11:35:00+05:30,1936.0999755859375,1936.0999755859375,1936.0999755859375,1936.0999755859375,34
2026-09-08 11:38:00+05:30,1938.6500244140625,1938.6500244140625,1938.6500244140625,1938.6500244140625,1
2026-09-08 11:39:00+05:30,1937.0,1937.0,1937.0,1937.0,3
2026-09-08 11:40:00+05:30,1938.3499755859375,1938.3499755859375,1938.3499755859375,1938.3499755859375,1
2026-09-08 11:44:00+05:30,1938.050048828125,1938.050048828125,1937.0,1937.0,58
2026-09-08 11:45:00+05:30,1938.75,1939.949951171875,1938.75,1939.949951171875,11
2026-09-08 11:48:00+05:30,1942.0999755859375,1942.0999755859375,1940.0,1940.0,103
2026-09-08 11:49:00+05:30,1938.75,1938.75,1938.75,1938.75,15
2026-09-08 11:50:00+05:30,1938.0,1938.0,1938.0,1938.0,7
2026-09-08 11:52:00+05:30,1937.5,1938.6500244140625,1937.300048828125,1937.300048828125,56
2026-09-08 11:53:00+05:30,1938.699951171875,1938.699951171875,1938.699951171875,1938.699951171875,2
2026-09-08 11:54:00+05:30,1937.0,1938.699951171875,1937.0,1938.699951171875,11
2026-09-08 11:55:00+05:30,1937.4000244140625,1937.4000244140625,1937.4000244140625,1937.4000244140625,2
2026-09-08 11:57:00+05:30,1937.0,1937.0,1937.0,1937.0,1
2026-09-08 11:58:00+05:30,1935.0,1935.0,1935.0,1935.0,2
2026-09-08 11:59:00+05:30,1932.949951171875,1932.949951171875,1932.949951171875,1932.949951171875,125
2026-09-08 12:01:00+05:30,1935.0,1935.0,1935.0,1935.0,2
2026-09-08 12:02:00+05:30,1932.75,1932.75,1932.75,1932.75,41
2026-09-08 12:03:00+05:30,1934.0,1934.0,1934.0,1934.0,11
2026-09-08 12:04:00+05:30,1934.050048828125,1934.050048828125,1934.050048828125,1934.050048828125,1
2026-09-08 12:05:00+05:30,1934.949951171875,1935.0,1934.949951171875,1935.0,2
2026-09-08 12:06:00+05:30,1934.9000244140625,1934.9000244140625,1934.9000244140625,1934.9000244140625,1
2026-09-08 12:07:00+05:30,1934.9000244140625,1934.9000244140625,1934.9000244140625,1934.9000244140625,2
2026-09-08 12:08:00+05:30,1934.949951171875,1934.949951171875,1934.949951171875,1934.949951171875,1
2026-09-08 12:09:00+05:30,1933.4000244140625,1933.4000244140625,1932.949951171875,1932.949951171875,31
2026-09-08 12:10:00+05:30,1935.0,1935.0,1935.0,1935.0,12
2026-09-08 12:11:00+05:30,1933.699951171875,1934.949951171875,1933.699951171875,1934.949951171875,2
2026-09-08 12:12:00+05:30,1935.0,1935.0,1935.0,1935.0,4
2026-09-08 12:14:00+05:30,1934.050048828125,1934.050048828125,1934.050048828125,1934.050048828125,46
2026-09-08 12:16:00+05:30,1934.4000244140625,1934.4000244140625,1934.4000244140625,1934.4000244140625,1
2026-09-08 12:17:00+05:30,1935.699951171875,1935.699951171875,1935.699951171875,1935.699951171875,1
2026-09-08 12:18:00+05:30,1934.4000244140625,1934.4000244140625,1934.4000244140625,1934.4000244140625,11
2026-09-08 12:22:00+05:30,1934.1500244140625,1934.1500244140625,1934.1500244140625,1934.1500244140625,10
2026-09-08 12:23:00+05:30,1934.1500244140625,1934.1500244140625,1934.1500244140625,1934.1500244140625,1
2026-09-08 12:24:00+05:30,1936.0,1936.0,1936.0,1936.0,63
2026-09-08 12:25:00+05:30,1936.300048828125,1936.300048828125,1936.300048828125,1936.300048828125,1
2026-09-08 12:27:00+05:30,1937.5999755859375,1937.5999755859375,1937.5999755859375,1937.5999755859375,1
2026-09-08 12:30:00+05:30,1937.5999755859375,1937.5999755859375,1937.5999755859375,1937.5999755859375,1
2026-09-08 12:32:00+05:30,1935.699951171875,1935.699951171875,1935.699951171875,1935.699951171875,4
2026-09-08 12:34:00+05:30,1935.800048828125,1935.800048828125,1934.0999755859375,1934.0999755859375,16
2026-09-08 12:35:00+05:30,1935.75,1935.75,1935.75,1935.75,9
2026-09-08 12:39:00+05:30,1935.699951171875,1935.699951171875,1933.800048828125,1935.0,62
2026-09-08 12:42:00+05:30,1935.5,1935.5,1935.5,1935.5,5
2026-09-08 12:43:00+05:30,1935.449951171875,1935.449951171875,1934.300048828125,1934.300048828125,13
2026-09-08 12:44:00+05:30,1933.8499755859375,1933.8499755859375,1933.8499755859375,1933.8499755859375,100
2026-09-08 12:45:00+05:30,1935.4000244140625,1935.4000244140625,1935.4000244140625,1935.4000244140625,25
2026-09-08 12:47:00+05:30,1934.449951171875,1935.5,1934.449951171875,1935.5,15
2026-09-08 12:49:00+05:30,1935.5,1935.5,1934.449951171875,1934.449951171875,5
2026-09-08 12:51:00+05:30,1935.5,1935.5,1935.5,1935.5,1
2026-09-08 12:53:00+05:30,1935.4000244140625,1935.4000244140625,1935.4000244140625,1935.4000244140625,7
2026-09-08 12:54:00+05:30,1935.9000244140625,1935.9000244140625,1935.5,1935.5,21
2026-09-08 12:55:00+05:30,1936.75,1936.75,1936.3499755859375,1936.3499755859375,52
2026-09-08 12:56:00+05:30,1936.75,1936.75,1936.75,1936.75,10
2026-09-08 12:57:00+05:30,1937.4000244140625,1937.4000244140625,1937.4000244140625,1937.4000244140625,1
2026-09-08 12:59:00+05:30,1936.1500244140625,1937.5,1936.1500244140625,1937.5,7
2026-09-08 13:00:00+05:30,1936.1500244140625,1936.1500244140625,1936.1500244140625,1936.1500244140625,3
2026-09-08 13:03:00+05:30,1937.25,1937.25,1937.25,1937.25,5
2026-09-08 13:06:00+05:30,1937.8499755859375,1937.8499755859375,1936.699951171875,1936.699951171875,4
2026-09-08 13:07:00+05:30,1937.1500244140625,1938.1500244140625,1937.1500244140625,1938.1500244140625,24
2026-09-08 13:12:00+05:30,1934.0999755859375,1937.0,1934.0999755859375,1937.0,576
2026-09-08 13:14:00+05:30,1936.4000244140625,1936.4000244140625,1936.4000244140625,1936.4000244140625,71
2026-09-08 13:16:00+05:30,1936.199951171875,1936.199951171875,1936.199951171875,1936.199951171875,1
2026-09-08 13:17:00+05:30,1937.0,1937.0,1936.449951171875,1936.449951171875,194
2026-09-08 13:20:00+05:30,1936.9000244140625,1936.9000244140625,1936.9000244140625,1936.9000244140625,1
2026-09-08 13:21:00+05:30,1937.4000244140625,1937.4000244140625,1937.4000244140625,1937.4000244140625,4
2026-09-08 13:22:00+05:30,1937.199951171875,1938.0,1937.199951171875,1938.0,11
2026-09-08 13:24:00+05:30,1938.0,1938.0,1936.800048828125,1936.800048828125,33
2026-09-08 13:26:00+05:30,1938.0,1938.0,1938.0,1938.0,31
2026-09-08 13:27:00+05:30,1939.0,1939.0,1939.0,1939.0,12
2026-09-08 13:28:00+05:30,1939.9000244140625,1939.9000244140625,1939.9000244140625,1939.9000244140625,1
2026-09-08 13:29:00+05:30,1939.9000244140625,1939.9000244140625,1939.0999755859375,1939.0999755859375,2404
2026-09-08 13:30:00+05:30,1940.0,1940.0,1939.300048828125,1939.300048828125,473
2026-09-08 13:31:00+05:30,1940.0,1940.0,1940.0,1940.0,6
2026-09-08 13:32:00+05:30,1938.699951171875,1938.699951171875,1938.699951171875,1938.699951171875,4
2026-09-08 13:34:00+05:30,1939.300048828125,1939.300048828125,1939.300048828125,1939.300048828125,4
2026-09-08 13:35:00+05:30,1940.6500244140625,1940.6500244140625,1939.0999755859375,1939.0999755859375,2
2026-09-08 13:36:00+05:30,1940.0,1940.800048828125,1939.9000244140625,1940.800048828125,14
2026-09-08 13:38:00+05:30,1940.0,1940.0,1940.0,1940.0,42
2026-09-08 13:39:00+05:30,1938.5999755859375,1940.0,1938.199951171875,1940.0,78
2026-09-08 13:43:00+05:30,1939.0999755859375,1939.0999755859375,1939.0999755859375,1939.0999755859375,3
2026-09-08 13:44:00+05:30,1939.199951171875,1940.0999755859375,1939.199951171875,1940.0999755859375,29
2026-09-08 13:48:00+05:30,1940.300048828125,1940.300048828125,1940.300048828125,1940.300048828125,2
2026-09-08 13:49:00+05:30,1940.0,1940.0,1940.0,1940.0,10
2026-09-08 13:50:00+05:30,1940.199951171875,1940.199951171875,1940.0,1940.0,17
2026-09-08 13:51:00+05:30,1937.9000244140625,1938.300048828125,1937.699951171875,1938.300048828125,12
2026-09-08 13:52:00+05:30,1938.5999755859375,1939.300048828125,1938.5999755859375,1939.300048828125,8
2026-09-08 13:55:00+05:30,1939.050048828125,1939.050048828125,1939.050048828125,1939.050048828125,20
2026-09-08 13:56:00+05:30,1940.0,1940.0,1939.300048828125,1939.300048828125,121
2026-09-08 13:57:00+05:30,1940.0,1940.0,1940.0,1940.0,10
2026-09-08 13:58:00+05:30,1942.5,1944.0,1940.0,1940.0,175
2026-09-08 13:59:00+05:30,1941.800048828125,1942.300048828125,1941.699951171875,1942.300048828125,41
2026-09-08 14:03:00+05:30,1942.75,1942.75,1942.75,1942.75,20
2026-09-08 14:04:00+05:30,1942.800048828125,1942.800048828125,1942.800048828125,1942.800048828125,20
2026-09-08 14:05:00+05:30,1943.75,1944.0,1943.75,1944.0,108
2026-09-08 14:08:00+05:30,1944.0,1944.0,1944.0,1944.0,1
2026-09-08 14:09:00+05:30,1944.949951171875,1944.949951171875,1944.300048828125,1944.300048828125,2
2026-09-08 14:10:00+05:30,1945.0,1945.550048828125,1945.0,1945.550048828125,7
2026-09-08 14:11:00+05:30,1944.0,1944.0,1944.0,1944.0,58
2026-09-08 14:12:00+05:30,1943.8499755859375,1943.8499755859375,1943.8499755859375,1943.8499755859375,13
2026-09-08 14:13:00+05:30,1945.300048828125,1945.300048828125,1945.300048828125,1945.300048828125,21
2026-09-08 14:14:00+05:30,1944.0,1944.0,1944.0,1944.0,20
2026-09-08 14:15:00+05:30,1944.0,1944.0,1943.550048828125,1944.0,56
2026-09-08 14:16:00+05:30,1944.0999755859375,1944.0999755859375,1944.0999755859375,1944.0999755859375,1
2026-09-08 14:17:00+05:30,1945.75,1945.75,1945.75,1945.75,7
2026-09-08 14:21:00+05:30,1945.699951171875,1945.699951171875,1944.199951171875,1944.199951171875,17
2026-09-08 14:22:00+05:30,1944.4000244140625,1944.4000244140625,1944.1500244140625,1944.1500244140625,13
2026-09-08 14:23:00+05:30,1945.0999755859375,1945.75,1945.0999755859375,1945.75,3
2026-09-08 14:24:00+05:30,1944.4000244140625,1945.0999755859375,1944.4000244140625,1945.0999755859375,4
2026-09-08 14:25:00+05:30,1944.8499755859375,1945.199951171875,1944.8499755859375,1945.199951171875,10
2026-09-08 14:28:00+05:30,1946.25,1946.25,1946.25,1946.25,20
2026-09-08 14:29:00+05:30,1944.699951171875,1944.699951171875,1943.449951171875,1943.449951171875,989
2026-09-08 14:30:00+05:30,1942.0,1945.449951171875,1942.0,1943.550048828125,17
2026-09-08 14:32:00+05:30,1942.0,1943.5999755859375,1941.75,1943.5999755859375,22
2026-09-08 14:38:00+05:30,1942.800048828125,1942.8499755859375,1942.800048828125,1942.8499755859375,18
2026-09-08 14:39:00+05:30,1942.199951171875,1942.199951171875,1942.199951171875,1942.199951171875,27
2026-09-08 14:40:00+05:30,1942.449951171875,1943.699951171875,1942.449951171875,1943.699951171875,3
2026-09-08 14:43:00+05:30,1944.0,1944.0,1944.0,1944.0,2
2026-09-08 14:44:00+05:30,1944.0,1944.0,1944.0,1944.0,5
2026-09-08 14:45:00+05:30,1943.4000244140625,1943.4000244140625,1943.4000244140625,1943.4000244140625,1
2026-09-08 14:46:00+05:30,1944.699951171875,1944.699951171875,1944.699951171875,1944.699951171875,1
2026-09-08 14:47:00+05:30,1943.0999755859375,1943.0999755859375,1943.0999755859375,1943.0999755859375,1
2026-09-08 14:49:00+05:30,1941.3499755859375,1942.300048828125,1941.3499755859375,1942.300048828125,8
2026-09-08 14:51:00+05:30,1942.0,1942.0,1942.0,1942.0,2
2026-09-08 14:52:00+05:30,1941.300048828125,1941.300048828125,1941.300048828125,1941.300048828125,4
2026-09-08 14:53:00+05:30,1941.199951171875,1941.199951171875,1941.0,1941.0,9
2026-09-08 14:54:00+05:30,1941.300048828125,1941.300048828125,1941.199951171875,1941.199951171875,42
2026-09-08 14:55:00+05:30,1941.199951171875,1941.199951171875,1941.199951171875,1941.199951171875,3
2026-09-08 14:56:00+05:30,1941.0999755859375,1941.0999755859375,1939.5999755859375,1939.5999755859375,51
2026-09-08 14:58:00+05:30,1941.75,1941.75,1940.25,1940.25,8
2026-09-08 14:59:00+05:30,1941.0,1941.0,1941.0,1941.0,6
2026-09-08 15:00:00+05:30,1940.9000244140625,1941.050048828125,1938.800048828125,1938.800048828125,28
2026-09-08 15:01:00+05:30,1940.550048828125,1940.75,1940.550048828125,1940.75,13
2026-09-08 15:02:00+05:30,1940.4000244140625,1940.550048828125,1940.4000244140625,1940.550048828125,116
2026-09-08 15:03:00+05:30,1937.25,1940.0999755859375,1937.25,1939.4000244140625,38
2026-09-08 15:04:00+05:30,1938.0,1938.0,1938.0,1938.0,87
2026-09-08 15:05:00+05:30,1939.1500244140625,1939.1500244140625,1937.949951171875,1937.949951171875,168
2026-09-08 15:06:00+05:30,1940.5,1940.5,1940.0,1940.0,8
2026-09-08 15:07:00+05:30,1941.4000244140625,1941.4000244140625,1938.8499755859375,1940.550048828125,219
2026-09-08 15:08:00+05:30,1939.0,1939.0,1938.9000244140625,1938.9000244140625,99
2026-09-08 15:09:00+05:30,1939.8499755859375,1941.0,1939.550048828125,1939.550048828125,130
2026-09-08 15:10:00+05:30,1941.0999755859375,1941.0999755859375,1941.0999755859375,1941.0999755859375,12
2026-09-08 15:11:00+05:30,1941.0999755859375,1941.0999755859375,1941.0999755859375,1941.0999755859375,5
2026-09-08 15:12:00+05:30,1939.5999755859375,1939.8499755859375,1939.5999755859375,1939.8499755859375,22
2026-09-08 15:13:00+05:30,1939.5999755859375,1941.0999755859375,1939.5999755859375,1941.0999755859375,15
2026-09-08 15:14:00+05:30,1939.0,1941.0999755859375,1939.0,1941.0999755859375,15
2026-09-08 15:28:00+05:30,1939.0,1939.0,1939.0,1939.0,261
2026-09-09 09:15:00+05:30,1941.4000244140625,1942.0,1930.0,1942.0,148
2026-09-09 09:16:00+05:30,1937.6500244140625,1940.300048828125,1937.6500244140625,1940.300048828125,107
2026-09-09 09:17:00+05:30,1935.0,1937.0,1935.0,1937.0,10
2026-09-09 09:18:00+05:30,1934.9000244140625,1935.1500244140625,1934.9000244140625,1935.1500244140625,41
2026-09-09 09:19:00+05:30,1934.0,1934.9000244140625,1932.75,1933.1500244140625,189
2026-09-09 09:20:00+05:30,1935.1500244140625,1935.1500244140625,1933.0,1934.5,20
2026-09-09 09:21:00+05:30,1934.0,1935.0,1934.0,1935.0,32
2026-09-09 09:22:00+05:30,1935.0,1935.0,1935.0,1935.0,1
2026-09-09 09:23:00+05:30,1936.0,1936.0,1933.949951171875,1935.0,37
2026-09-09 09:24:00+05:30,1934.9000244140625,1936.699951171875,1934.4000244140625,1936.0,100
2026-09-09 09:25:00+05:30,1937.9000244140625,1937.9000244140625,1937.9000244140625,1937.9000244140625,1
2026-09-09 09:27:00+05:30,1935.800048828125,1935.800048828125,1935.050048828125,1935.050048828125,125
2026-09-09 09:28:00+05:30,1933.6500244140625,1933.6500244140625,1933.6500244140625,1933.6500244140625,50
2026-09-09 09:30:00+05:30,1932.75,1934.699951171875,1932.75,1934.699951171875,226
2026-09-09 09:31:00+05:30,1934.0,1934.0,1934.0,1934.0,1
2026-09-09 09:32:00+05:30,1935.4000244140625,1935.4000244140625,1934.0,1934.0,259
2026-09-09 09:33:00+05:30,1936.699951171875,1936.699951171875,1935.4000244140625,1935.4000244140625,3
2026-09-09 09:34:00+05:30,1934.5,1936.5999755859375,1933.9000244140625,1936.5999755859375,369
2026-09-09 09:35:00+05:30,1933.0,1933.0,1933.0,1933.0,1
2026-09-09 09:37:00+05:30,1932.5999755859375,1932.5999755859375,1932.550048828125,1932.550048828125,84
2026-09-09 09:38:00+05:30,1933.0,1933.0,1932.550048828125,1932.550048828125,30
2026-09-09 09:39:00+05:30,1931.9000244140625,1933.0,1931.9000244140625,1932.4000244140625,129
2026-09-09 09:40:00+05:30,1933.0,1933.0,1933.0,1933.0,40
2026-09-09 09:41:00+05:30,1933.949951171875,1933.949951171875,1932.699951171875,1932.699951171875,42
2026-09-09 09:42:00+05:30,1932.800048828125,1932.800048828125,1932.800048828125,1932.800048828125,10
2026-09-09 09:43:00+05:30,1932.0999755859375,1932.0999755859375,1932.0999755859375,1932.0999755859375,15
2026-09-09 09:44:00+05:30,1933.75,1934.949951171875,1933.0,1934.949951171875,561
2026-09-09 09:45:00+05:30,1931.25,1932.0999755859375,1931.25,1932.0999755859375,8
2026-09-09 09:46:00+05:30,1933.6500244140625,1934.1500244140625,1931.449951171875,1934.1500244140625,213
2026-09-09 09:47:00+05:30,1932.699951171875,1932.699951171875,1931.6500244140625,1931.6500244140625,41
2026-09-09 09:48:00+05:30,1932.550048828125,1932.550048828125,1932.550048828125,1932.550048828125,2
2026-09-09 09:49:00+05:30,1931.5999755859375,1932.5,1931.5999755859375,1932.5,85
2026-09-09 09:50:00+05:30,1928.0,1931.0,1928.0,1931.0,33
2026-09-09 09:51:00+05:30,1931.0999755859375,1931.0999755859375,1929.9000244140625,1929.9000244140625,25
2026-09-09 09:52:00+05:30,1931.0999755859375,1931.0999755859375,1930.0,1930.0,72
2026-09-09 09:53:00+05:30,1932.0999755859375,1932.0999755859375,1931.199951171875,1931.199951171875,73
2026-09-09 09:54:00+05:30,1932.0,1932.0,1932.0,1932.0,2
2026-09-09 09:55:00+05:30,1931.0999755859375,1931.0999755859375,1931.0999755859375,1931.0999755859375,10
2026-09-09 09:56:00+05:30,1930.8499755859375,1930.8499755859375,1930.8499755859375,1930.8499755859375,20
2026-09-09 09:57:00+05:30,1931.3499755859375,1931.3499755859375,1931.3499755859375,1931.3499755859375,3
2026-09-09 09:58:00+05:30,1929.949951171875,1931.449951171875,1929.949951171875,1930.5999755859375,56
2026-09-09 09:59:00+05:30,1930.5999755859375,1930.5999755859375,1930.5999755859375,1930.5999755859375,1
2026-09-09 10:00:00+05:30,1929.0,1930.1500244140625,1929.0,1930.1500244140625,12
2026-09-09 10:01:00+05:30,1929.0,1929.0,1929.0,1929.0,33
2026-09-09 10:02:00+05:30,1929.550048828125,1929.550048828125,1929.550048828125,1929.550048828125,1
2026-09-09 10:03:00+05:30,1930.5,1930.5,1929.050048828125,1929.050048828125,19
2026-09-09 10:04:00+05:30,1930.6500244140625,1930.6500244140625,1930.6500244140625,1930.6500244140625,90
2026-09-09 10:05:00+05:30,1929.5999755859375,1930.0,1929.0,1930.0,9
2026-09-09 10:06:00+05:30,1929.5,1929.5,1929.5,1929.5,1
2026-09-09 10:07:00+05:30,1929.300048828125,1929.3499755859375,1929.300048828125,1929.3499755859375,2
2026-09-09 10:08:00+05:30,1928.0,1928.050048828125,1928.0,1928.050048828125,88
2026-09-09 10:10:00+05:30,1929.800048828125,1929.800048828125,1928.0,1928.5,136
2026-09-09 10:11:00+05:30,1930.0,1930.0,1930.0,1930.0,99
2026-09-09 10:12:00+05:30,1930.1500244140625,1930.1500244140625,1930.1500244140625,1930.1500244140625,1
2026-09-09 10:13:00+05:30,1932.4000244140625,1932.4000244140625,1932.300048828125,1932.300048828125,44
2026-09-09 10:14:00+05:30,1930.050048828125,1932.75,1930.050048828125,1932.75,29
2026-09-09 10:15:00+05:30,1930.6500244140625,1930.6500244140625,1930.6500244140625,1930.6500244140625,1
2026-09-09 10:17:00+05:30,1932.449951171875,1932.449951171875,1932.4000244140625,1932.4000244140625,26
2026-09-09 10:18:00+05:30,1932.4000244140625,1933.0,1932.4000244140625,1933.0,7
2026-09-09 10:19:00+05:30,1935.0,1935.0,1933.0999755859375,1933.0999755859375,35
2026-09-09 10:20:00+05:30,1936.3499755859375,1937.0,1935.0,1935.0,173
2026-09-09 10:21:00+05:30,1936.3499755859375,1936.3499755859375,1936.3499755859375,1936.3499755859375,10
2026-09-09 10:22:00+05:30,1935.4000244140625,1937.0,1935.4000244140625,1937.0,10
2026-09-09 10:23:00+05:30,1936.5999755859375,1937.449951171875,1935.6500244140625,1935.6500244140625,91
2026-09-09 10:24:00+05:30,1937.550048828125,1937.550048828125,1937.550048828125,1937.550048828125,3
2026-09-09 10:26:00+05:30,1937.199951171875,1937.199951171875,1936.0,1936.0,52
2026-09-09 10:28:00+05:30,1937.4000244140625,1937.4000244140625,1937.4000244140625,1937.4000244140625,59
2026-09-09 10:29:00+05:30,1940.0,1940.0,1939.800048828125,1940.0,7
2026-09-09 10:30:00+05:30,1940.0,1940.0,1940.0,1940.0,126
2026-09-09 10:31:00+05:30,1938.0,1939.199951171875,1938.0,1939.199951171875,5
2026-09-09 10:32:00+05:30,1938.25,1938.25,1936.800048828125,1938.0,29
2026-09-09 10:33:00+05:30,1938.25,1938.25,1938.1500244140625,1938.1500244140625,4
2026-09-09 10:34:00+05:30,1936.8499755859375,1938.199951171875,1936.8499755859375,1938.199951171875,2
2026-09-09 10:35:00+05:30,1936.800048828125,1937.949951171875,1936.800048828125,1936.9000244140625,100
2026-09-09 10:36:00+05:30,1937.0999755859375,1937.4000244140625,1935.5,1937.4000244140625,294
2026-09-09 10:37:00+05:30,1937.5,1937.5,1936.0,1936.0,23
2026-09-09 10:38:00+05:30,1937.550048828125,1937.550048828125,1937.550048828125,1937.550048828125,1
2026-09-09 10:39:00+05:30,1938.0,1938.0,1937.699951171875,1937.699951171875,9
2026-09-09 10:40:00+05:30,1937.1500244140625,1937.1500244140625,1937.1500244140625,1937.1500244140625,1
2026-09-09 10:42:00+05:30,1936.800048828125,1936.800048828125,1935.3499755859375,1935.9000244140625,10
2026-09-09 10:43:00+05:30,1938.5999755859375,1938.5999755859375,1936.5999755859375,1936.5999755859375,103
2026-09-09 10:44:00+05:30,1939.449951171875,1939.449951171875,1939.449951171875,1939.449951171875,12
2026-09-09 10:45:00+05:30,1939.25,1939.449951171875,1939.25,1939.449951171875,10
2026-09-09 10:46:00+05:30,1938.9000244140625,1939.949951171875,1938.9000244140625,1939.5,19
2026-09-09 10:47:00+05:30,1939.9000244140625,1939.9000244140625,1939.75,1939.75,276
2026-09-09 10:48:00+05:30,1943.300048828125,1945.199951171875,1939.75,1939.9000244140625,710
2026-09-09 10:49:00+05:30,1943.300048828125,1943.300048828125,1943.300048828125,1943.300048828125,1
2026-09-09 10:50:00+05:30,1943.699951171875,1943.699951171875,1943.699951171875,1943.699951171875,33
2026-09-09 10:51:00+05:30,1944.5999755859375,1944.5999755859375,1943.699951171875,1943.699951171875,13
2026-09-09 10:53:00+05:30,1944.5999755859375,1944.5999755859375,1943.699951171875,1943.699951171875,200
2026-09-09 10:55:00+05:30,1944.949951171875,1944.949951171875,1944.949951171875,1944.949951171875,40
2026-09-09 10:56:00+05:30,1945.9000244140625,1945.9000244140625,1945.9000244140625,1945.9000244140625,1
2026-09-09 10:57:00+05:30,1945.0,1945.0,1945.0,1945.0,4
2026-09-09 10:58:00+05:30,1945.0,1945.0,1945.0,1945.0,10
2026-09-09 10:59:00+05:30,1945.300048828125,1945.300048828125,1943.800048828125,1943.800048828125,7
2026-09-09 11:00:00+05:30,1949.0,1949.0,1944.449951171875,1944.449951171875,57
2026-09-09 11:01:00+05:30,1950.0,1950.0,1949.0,1949.0,341
2026-09-09 11:02:00+05:30,1948.449951171875,1948.449951171875,1948.449951171875,1948.449951171875,1
2026-09-09 11:03:00+05:30,1948.5999755859375,1948.699951171875,1948.449951171875,1948.449951171875,47
2026-09-09 11:04:00+05:30,1948.5999755859375,1948.5999755859375,1948.5999755859375,1948.5999755859375,14
2026-09-09 11:05:00+05:30,1948.0,1948.0,1948.0,1948.0,260
2026-09-09 11:06:00+05:30,1946.300048828125,1946.300048828125,1946.300048828125,1946.300048828125,2
2026-09-09 11:07:00+05:30,1945.1500244140625,1945.1500244140625,1945.1500244140625,1945.1500244140625,4
2026-09-09 11:09:00+05:30,1944.800048828125,1944.8499755859375,1944.800048828125,1944.8499755859375,29
2026-09-09 11:10:00+05:30,1945.8499755859375,1945.8499755859375,1943.949951171875,1943.949951171875,493
2026-09-09 11:11:00+05:30,1944.75,1944.75,1944.75,1944.75,20
2026-09-09 11:12:00+05:30,1945.6500244140625,1945.800048828125,1944.3499755859375,1944.5999755859375,22
2026-09-09 11:13:00+05:30,1946.0,1946.0,1946.0,1946.0,1
2026-09-09 11:14:00+05:30,1946.4000244140625,1946.4000244140625,1946.4000244140625,1946.4000244140625,11
2026-09-09 11:15:00+05:30,1944.8499755859375,1945.949951171875,1944.8499755859375,1945.9000244140625,8
2026-09-09 11:16:00+05:30,1941.25,1943.800048828125,1941.25,1943.800048828125,37
2026-09-09 11:17:00+05:30,1942.3499755859375,1942.3499755859375,1942.3499755859375,1942.3499755859375,6
2026-09-09 11:18:00+05:30,1941.449951171875,1943.9000244140625,1941.449951171875,1942.3499755859375,65
2026-09-09 11:19:00+05:30,1941.5999755859375,1941.5999755859375,1941.449951171875,1941.449951171875,26
2026-09-09 11:20:00+05:30,1942.050048828125,1942.050048828125,1942.050048828125,1942.050048828125,5
2026-09-09 11:22:00+05:30,1943.3499755859375,1944.199951171875,1942.3499755859375,1942.6500244140625,15
2026-09-09 11:23:00+05:30,1943.6500244140625,1943.6500244140625,1943.6500244140625,1943.6500244140625,1
2026-09-09 11:24:00+05:30,1944.0999755859375,1944.0999755859375,1944.0999755859375,1944.0999755859375,1
2026-09-09 11:25:00+05:30,1944.0,1944.1500244140625,1944.0,1944.1500244140625,11
2026-09-09 11:26:00+05:30,1944.0,1944.0,1944.0,1944.0,70
2026-09-09 11:27:00+05:30,1942.75,1942.75,1942.75,1942.75,400
2026-09-09 11:28:00+05:30,1940.949951171875,1940.949951171875,1940.949951171875,1940.949951171875,1
2026-09-09 11:29:00+05:30,1939.5999755859375,1941.0,1939.5999755859375,1941.0,76
2026-09-09 11:33:00+05:30,1940.0,1940.8499755859375,1938.9000244140625,1940.8499755859375,87
2026-09-09 11:34:00+05:30,1939.5999755859375,1939.949951171875,1939.449951171875,1939.949951171875,11
2026-09-09 11:35:00+05:30,1939.5,1939.5,1938.0,1938.0,8
2026-09-09 11:36:00+05:30,1936.800048828125,1938.6500244140625,1936.800048828125,1938.6500244140625,29
2026-09-09 11:38:00+05:30,1938.050048828125,1938.050048828125,1935.949951171875,1935.949951171875,9
2026-09-09 11:39:00+05:30,1937.699951171875,1937.699951171875,1936.4000244140625,1937.6500244140625,18
2026-09-09 11:40:00+05:30,1939.75,1940.0,1939.75,1940.0,888
2026-09-09 11:41:00+05:30,1939.75,1939.75,1939.699951171875,1939.699951171875,4
2026-09-09 11:42:00+05:30,1941.300048828125,1941.300048828125,1941.300048828125,1941.300048828125,2
2026-09-09 11:43:00+05:30,1940.5999755859375,1941.4000244140625,1939.550048828125,1940.5,234
2026-09-09 11:44:00+05:30,1944.0,1944.0,1940.5,1940.5,368
2026-09-09 11:45:00+05:30,1944.5,1944.5,1943.949951171875,1943.949951171875,25
2026-09-09 11:46:00+05:30,1944.4000244140625,1945.5,1944.4000244140625,1945.5,8
2026-09-09 11:47:00+05:30,1944.9000244140625,1944.9000244140625,1944.9000244140625,1944.9000244140625,1
2026-09-09 11:49:00+05:30,1943.449951171875,1943.449951171875,1941.75,1941.75,17
2026-09-09 11:50:00+05:30,1942.25,1943.25,1942.25,1943.25,58
2026-09-09 11:51:00+05:30,1941.550048828125,1941.550048828125,1941.550048828125,1941.550048828125,2
2026-09-09 11:52:00+05:30,1942.9000244140625,1942.9000244140625,1942.9000244140625,1942.9000244140625,21
2026-09-09 11:53:00+05:30,1940.1500244140625,1941.199951171875,1940.0999755859375,1941.199951171875,242
2026-09-09 11:54:00+05:30,1940.0999755859375,1940.0999755859375,1940.0999755859375,1940.0999755859375,8
2026-09-09 11:55:00+05:30,1939.75,1940.0999755859375,1939.75,1940.0999755859375,22
2026-09-09 11:57:00+05:30,1939.1500244140625,1939.75,1939.1500244140625,1939.75,5
2026-09-09 11:58:00+05:30,1939.699951171875,1939.699951171875,1939.699951171875,1939.699951171875,1
2026-09-09 11:59:00+05:30,1938.5999755859375,1938.5999755859375,1938.4000244140625,1938.4000244140625,7
2026-09-09 12:00:00+05:30,1938.0,1938.0,1938.0,1938.0,1
2026-09-09 12:02:00+05:30,1935.949951171875,1936.0,1935.949951171875,1936.0,16
2026-09-09 12:03:00+05:30,1936.1500244140625,1936.1500244140625,1936.0,1936.0,14
2026-09-09 12:04:00+05:30,1935.0,1937.050048828125,1935.0,1937.050048828125,17
2026-09-09 12:06:00+05:30,1934.5999755859375,1934.5999755859375,1934.5999755859375,1934.5999755859375,200
2026-09-09 12:07:00+05:30,1934.550048828125,1934.550048828125,1934.550048828125,1934.550048828125,20
2026-09-09 12:10:00+05:30,1934.550048828125,1934.550048828125,1934.550048828125,1934.550048828125,3
2026-09-09 12:12:00+05:30,1935.050048828125,1935.550048828125,1934.550048828125,1934.550048828125,9
2026-09-09 12:13:00+05:30,1934.699951171875,1934.800048828125,1934.699951171875,1934.800048828125,4
2026-09-09 12:14:00+05:30,1934.800048828125,1934.800048828125,1934.800048828125,1934.800048828125,2
2026-09-09 12:15:00+05:30,1933.0,1934.0,1933.0,1934.0,15
2026-09-09 12:16:00+05:30,1933.449951171875,1933.449951171875,1932.699951171875,1933.0,37
2026-09-09 12:19:00+05:30,1932.550048828125,1932.550048828125,1932.550048828125,1932.550048828125,9
2026-09-09 12:20:00+05:30,1933.5999755859375,1933.5999755859375,1933.5999755859375,1933.5999755859375,1
2026-09-09 12:21:00+05:30,1932.550048828125,1932.75,1932.550048828125,1932.75,14
2026-09-09 12:22:00+05:30,1932.550048828125,1933.25,1932.550048828125,1933.25,2
2026-09-09 12:23:00+05:30,1932.550048828125,1933.300048828125,1932.550048828125,1933.300048828125,10
2026-09-09 12:24:00+05:30,1933.050048828125,1933.050048828125,1933.050048828125,1933.050048828125,6
2026-09-09 12:25:00+05:30,1934.6500244140625,1934.6500244140625,1934.4000244140625,1934.4000244140625,3
2026-09-09 12:26:00+05:30,1936.0,1936.0,1936.0,1936.0,109
2026-09-09 12:27:00+05:30,1936.3499755859375,1936.3499755859375,1936.3499755859375,1936.3499755859375,21
2026-09-09 12:28:00+05:30,1935.9000244140625,1936.550048828125,1935.9000244140625,1936.550048828125,30
2026-09-09 12:30:00+05:30,1938.0,1938.3499755859375,1938.0,1938.3499755859375,28
2026-09-09 12:31:00+05:30,1938.199951171875,1939.699951171875,1938.199951171875,1939.699951171875,229
2026-09-09 12:32:00+05:30,1939.75,1939.75,1938.550048828125,1938.550048828125,5
2026-09-09 12:33:00+05:30,1943.0,1943.0,1943.0,1943.0,10
2026-09-09 12:34:00+05:30,1942.3499755859375,1943.0,1942.3499755859375,1943.0,37
2026-09-09 12:35:00+05:30,1941.449951171875,1941.449951171875,1941.449951171875,1941.449951171875,1
2026-09-09 12:36:00+05:30,1944.0,1944.0,1943.0999755859375,1943.699951171875,18
2026-09-09 12:37:00+05:30,1946.0,1946.0,1946.0,1946.0,1
2026-09-09 12:38:00+05:30,1947.0,1947.0,1946.449951171875,1946.449951171875,151
2026-09-09 12:39:00+05:30,1947.0,1947.0,1946.0,1946.0,151
2026-09-09 12:40:00+05:30,1947.0,1948.25,1947.0,1947.0,1251
2026-09-09 12:41:00+05:30,1946.75,1947.0,1946.0,1947.0,490
2026-09-09 12:42:00+05:30,1947.0,1947.0,1947.0,1947.0,1066
2026-09-09 12:43:00+05:30,1947.25,1947.25,1947.0,1947.0,6567
2026-09-09 12:44:00+05:30,1947.300048828125,1947.5,1947.25,1947.25,1954
2026-09-09 12:45:00+05:30,1947.5,1947.5,1947.300048828125,1947.5,1056
2026-09-09 12:46:00+05:30,1947.5,1947.5,1947.5,1947.5,495
2026-09-09 12:47:00+05:30,1947.0999755859375,1947.5,1947.0999755859375,1947.5,476
2026-09-09 12:48:00+05:30,1947.5,1947.5,1947.4000244140625,1947.5,962
2026-09-09 12:49:00+05:30,1947.4000244140625,1947.5,1947.4000244140625,1947.5,645
2026-09-09 12:50:00+05:30,1947.4000244140625,1947.5,1947.4000244140625,1947.4000244140625,90
2026-09-09 12:51:00+05:30,1947.0999755859375,1947.0999755859375,1947.0999755859375,1947.0999755859375,1
2026-09-09 12:52:00+05:30,1947.5,1947.5,1947.5,1947.5,306
2026-09-09 12:53:00+05:30,1947.5,1947.5,1947.0,1947.5,142
2026-09-09 12:54:00+05:30,1946.8499755859375,1947.5,1946.5,1947.5,144
2026-09-09 12:55:00+05:30,1947.5,1947.5,1947.5,1947.5,41
2026-09-09 12:56:00+05:30,1947.0,1947.0,1946.199951171875,1947.0,93
2026-09-09 12:57:00+05:30,1947.0,1947.0,1947.0,1947.0,368
2026-09-09 12:58:00+05:30,1947.0,1947.0,1947.0,1947.0,3204
2026-09-09 12:59:00+05:30,1947.5,1947.5,1947.0,1947.0,1544
2026-09-09 13:00:00+05:30,1947.5,1947.5,1947.5,1947.5,326
2026-09-09 13:01:00+05:30,1946.199951171875,1947.5,1946.199951171875,1947.5,108
2026-09-09 13:02:00+05:30,1945.0,1945.699951171875,1945.0,1945.699951171875,125
2026-09-09 13:03:00+05:30,1945.0,1945.0,1945.0,1945.0,203
2026-09-09 13:04:00+05:30,1945.3499755859375,1945.3499755859375,1945.0,1945.0,96
2026-09-09 13:05:00+05:30,1945.3499755859375,1945.3499755859375,1945.3499755859375,1945.3499755859375,103
2026-09-09 13:06:00+05:30,1945.3499755859375,1945.3499755859375,1945.300048828125,1945.3499755859375,88
2026-09-09 13:07:00+05:30,1945.3499755859375,1945.3499755859375,1944.800048828125,1945.3499755859375,193
2026-09-09 13:08:00+05:30,1945.0,1945.3499755859375,1944.4000244140625,1945.3499755859375,213
2026-09-09 13:09:00+05:30,1944.9000244140625,1945.0,1944.800048828125,1945.0,114
2026-09-09 13:10:00+05:30,1945.0,1945.0,1945.0,1945.0,34
2026-09-09 13:11:00+05:30,1945.0,1945.0,1945.0,1945.0,289
2026-09-09 13:12:00+05:30,1944.300048828125,1945.0,1944.0999755859375,1944.0999755859375,30
2026-09-09 13:13:00+05:30,1943.9000244140625,1944.4000244140625,1943.9000244140625,1944.4000244140625,21
2026-09-09 13:14:00+05:30,1945.0,1945.0,1945.0,1945.0,1
2026-09-09 13:15:00+05:30,1945.0,1945.0,1945.0,1945.0,20
2026-09-09 13:16:00+05:30,1944.0,1944.0,1944.0,1944.0,100
2026-09-09 13:17:00+05:30,1944.550048828125,1944.550048828125,1944.550048828125,1944.550048828125,1
2026-09-09 13:18:00+05:30,1943.8499755859375,1943.8499755859375,1943.8499755859375,1943.8499755859375,10
2026-09-09 13:20:00+05:30,1944.550048828125,1944.550048828125,1944.550048828125,1944.550048828125,1
2026-09-09 13:23:00+05:30,1945.0,1945.0,1945.0,1945.0,8
2026-09-09 13:24:00+05:30,1943.699951171875,1945.0,1943.699951171875,1944.5,35
2026-09-09 13:25:00+05:30,1945.0,1945.0,1945.0,1945.0,69
2026-09-09 13:26:00+05:30,1944.699951171875,1945.0,1944.699951171875,1945.0,51
2026-09-09 13:27:00+05:30,1945.3499755859375,1945.3499755859375,1945.3499755859375,1945.3499755859375,76
2026-09-09 13:28:00+05:30,1945.3499755859375,1945.3499755859375,1944.699951171875,1944.699951171875,2
2026-09-09 13:29:00+05:30,1945.3499755859375,1945.3499755859375,1945.3499755859375,1945.3499755859375,77
2026-09-09 13:30:00+05:30,1943.949951171875,1945.0999755859375,1943.949951171875,1945.0999755859375,52
2026-09-09 13:31:00+05:30,1944.800048828125,1944.800048828125,1944.1500244140625,1944.1500244140625,45
2026-09-09 13:32:00+05:30,1942.9000244140625,1944.3499755859375,1942.9000244140625,1944.3499755859375,376
2026-09-09 13:33:00+05:30,1943.4000244140625,1944.0999755859375,1943.4000244140625,1944.0999755859375,51
2026-09-09 13:35:00+05:30,1944.550048828125,1944.550048828125,1944.0,1944.0,4
2026-09-09 13:36:00+05:30,1944.5999755859375,1944.5999755859375,1944.300048828125,1944.300048828125,51
2026-09-09 13:37:00+05:30,1944.75,1944.8499755859375,1944.75,1944.8499755859375,4
2026-09-09 13:38:00+05:30,1945.0,1945.0,1945.0,1945.0,1
2026-09-09 13:39:00+05:30,1945.0,1945.0,1944.449951171875,1945.0,8
2026-09-09 13:40:00+05:30,1943.0,1943.5,1943.0,1943.5,429
2026-09-09 13:41:00+05:30,1943.4000244140625,1943.5,1943.4000244140625,1943.5,4
2026-09-09 13:42:00+05:30,1943.0,1943.0,1943.0,1943.0,5
2026-09-09 13:43:00+05:30,1943.0,1943.0,1943.0,1943.0,12
2026-09-09 13:44:00+05:30,1942.4000244140625,1943.0,1942.4000244140625,1943.0,13
2026-09-09 13:45:00+05:30,1941.800048828125,1941.800048828125,1941.800048828125,1941.800048828125,1
2026-09-09 13:46:00+05:30,1941.550048828125,1941.550048828125,1941.0999755859375,1941.0999755859375,2
2026-09-09 13:47:00+05:30,1941.0,1941.0,1941.0,1941.0,1
2026-09-09 13:48:00+05:30,1941.25,1941.25,1940.4000244140625,1940.800048828125,7
2026-09-09 13:49:00+05:30,1940.5,1940.5,1940.5,1940.5,2
2026-09-09 13:50:00+05:30,1941.199951171875,1941.199951171875,1941.199951171875,1941.199951171875,1
2026-09-09 13:51:00+05:30,1942.699951171875,1942.699951171875,1942.699951171875,1942.699951171875,1
2026-09-09 13:52:00+05:30,1942.4000244140625,1942.4000244140625,1942.4000244140625,1942.4000244140625,9
2026-09-09 13:53:00+05:30,1941.699951171875,1941.699951171875,1941.699951171875,1941.699951171875,6
2026-09-09 13:54:00+05:30,1940.0999755859375,1941.25,1939.8499755859375,1941.25,21
2026-09-09 13:55:00+05:30,1939.25,1940.449951171875,1939.25,1940.449951171875,4
2026-09-09 13:56:00+05:30,1939.050048828125,1939.800048828125,1939.050048828125,1939.800048828125,70
2026-09-09 13:57:00+05:30,1938.0,1938.0,1938.0,1938.0,4
2026-09-09 13:58:00+05:30,1938.199951171875,1938.550048828125,1938.199951171875,1938.5,5
2026-09-09 13:59:00+05:30,1940.0,1940.0,1938.9000244140625,1938.9000244140625,154
2026-09-09 14:00:00+05:30,1942.449951171875,1942.449951171875,1942.300048828125,1942.300048828125,3
2026-09-09 14:01:00+05:30,1941.0,1942.3499755859375,1941.0,1942.3499755859375,21
2026-09-09 14:02:00+05:30,1942.699951171875,1942.699951171875,1942.699951171875,1942.699951171875,5
2026-09-09 14:03:00+05:30,1943.0,1943.0,1943.0,1943.0,1
2026-09-09 14:04:00+05:30,1942.0,1943.0,1942.0,1943.0,19
2026-09-09 14:05:00+05:30,1941.699951171875,1941.699951171875,1941.699951171875,1941.699951171875,26
2026-09-09 14:08:00+05:30,1941.9000244140625,1941.9000244140625,1941.9000244140625,1941.9000244140625,4
2026-09-09 14:09:00+05:30,1941.800048828125,1942.0999755859375,1941.800048828125,1942.0999755859375,13
2026-09-09 14:10:00+05:30,1941.300048828125,1941.8499755859375,1941.300048828125,1941.5,13
2026-09-09 14:14:00+05:30,1940.199951171875,1940.199951171875,1940.199951171875,1940.199951171875,5
2026-09-09 14:15:00+05:30,1942.199951171875,1942.199951171875,1942.0999755859375,1942.199951171875,40
2026-09-09 14:16:00+05:30,1941.0,1941.4000244140625,1941.0,1941.4000244140625,6
2026-09-09 14:18:00+05:30,1940.0,1940.0,1940.0,1940.0,206
2026-09-09 14:19:00+05:30,1940.0,1940.0,1940.0,1940.0,301
2026-09-09 14:20:00+05:30,1940.0,1940.0,1940.0,1940.0,241
2026-09-09 14:21:00+05:30,1940.0,1940.0,1940.0,1940.0,2360
2026-09-09 14:22:00+05:30,1940.0,1940.0,1939.9000244140625,1940.0,110
2026-09-09 14:23:00+05:30,1941.0,1941.75,1940.0,1940.0,1312
2026-09-09 14:24:00+05:30,1941.0,1941.0,1940.25,1941.0,210
2026-09-09 14:25:00+05:30,1941.0,1941.0,1941.0,1941.0,300
2026-09-09 14:26:00+05:30,1941.0,1941.0,1941.0,1941.0,188
2026-09-09 14:27:00+05:30,1940.0,1941.0,1940.0,1941.0,2811
2026-09-09 14:28:00+05:30,1940.0,1940.0,1940.0,1940.0,185
2026-09-09 14:29:00+05:30,1939.5999755859375,1940.0,1939.5999755859375,1940.0,12
2026-09-09 14:30:00+05:30,1938.75,1938.75,1938.199951171875,1938.300048828125,49
2026-09-09 14:31:00+05:30,1938.25,1939.050048828125,1937.0,1939.050048828125,31
2026-09-09 14:32:00+05:30,1936.699951171875,1938.300048828125,1936.699951171875,1938.25,163
2026-09-09 14:33:00+05:30,1936.449951171875,1936.949951171875,1935.0,1936.5,24
2026-09-09 14:34:00+05:30,1936.0999755859375,1936.0999755859375,1936.0999755859375,1936.0999755859375,3
2026-09-09 14:36:00+05:30,1931.0999755859375,1931.0999755859375,1931.0999755859375,1931.0999755859375,109
2026-09-09 14:37:00+05:30,1932.800048828125,1932.800048828125,1932.800048828125,1932.800048828125,26
2026-09-09 14:39:00+05:30,1933.6500244140625,1933.6500244140625,1933.0,1933.0,10
2026-09-09 14:40:00+05:30,1931.5,1933.0,1931.5,1932.1500244140625,177
2026-09-09 14:41:00+05:30,1931.5,1931.5,1931.5,1931.5,1366
2026-09-09 14:42:00+05:30,1931.5,1931.5,1931.5,1931.5,624
2026-09-09 14:43:00+05:30,1931.5,1931.5,1931.5,1931.5,679
2026-09-09 14:44:00+05:30,1931.4000244140625,1931.5,1931.4000244140625,1931.5,10
2026-09-09 14:45:00+05:30,1927.800048828125,1931.449951171875,1927.800048828125,1931.300048828125,1227
2026-09-09 14:46:00+05:30,1931.0999755859375,1931.300048828125,1929.9000244140625,1930.5999755859375,41
2026-09-09 14:47:00+05:30,1930.0,1931.4000244140625,1930.0,1931.4000244140625,1956
2026-09-09 14:48:00+05:30,1931.5,1931.5,1930.0,1930.0,5727
2026-09-09 14:49:00+05:30,1931.5,1931.5,1931.5,1931.5,415
2026-09-09 14:50:00+05:30,1933.6500244140625,1933.6500244140625,1931.5,1931.5,3382
2026-09-09 14:51:00+05:30,1931.5999755859375,1931.949951171875,1931.5999755859375,1931.949951171875,6
2026-09-09 14:52:00+05:30,1931.449951171875,1932.6500244140625,1931.449951171875,1931.5999755859375,26
2026-09-09 14:53:00+05:30,1933.1500244140625,1933.1500244140625,1933.1500244140625,1933.1500244140625,1
2026-09-09 14:54:00+05:30,1933.199951171875,1933.199951171875,1933.199951171875,1933.199951171875,4
2026-09-09 14:55:00+05:30,1930.300048828125,1931.3499755859375,1930.300048828125,1931.3499755859375,11
2026-09-09 14:56:00+05:30,1931.25,1931.25,1931.25,1931.25,1
2026-09-09 14:57:00+05:30,1930.0,1930.0,1930.0,1930.0,4
2026-09-09 14:58:00+05:30,1930.0,1930.0,1930.0,1930.0,1
2026-09-09 14:59:00+05:30,1930.6500244140625,1930.6500244140625,1930.0999755859375,1930.0999755859375,68
2026-09-09 15:00:00+05:30,1930.6500244140625,1930.699951171875,1929.300048828125,1930.6500244140625,143
2026-09-09 15:01:00+05:30,1928.5,1930.300048828125,1928.5,1928.9000244140625,45
2026-09-09 15:02:00+05:30,1929.300048828125,1929.300048828125,1929.1500244140625,1929.1500244140625,4
2026-09-09 15:03:00+05:30,1929.0,1929.699951171875,1929.0,1929.6500244140625,41
2026-09-09 15:04:00+05:30,1926.0,1928.300048828125,1925.0999755859375,1928.300048828125,201
2026-09-09 15:05:00+05:30,1926.5,1928.199951171875,1926.1500244140625,1926.1500244140625,497
2026-09-09 15:06:00+05:30,1926.5,1926.5,1926.5,1926.5,1
2026-09-09 15:07:00+05:30,1926.0,1926.1500244140625,1926.0,1926.0,320
2026-09-09 15:09:00+05:30,1927.0,1927.0,1926.0,1926.0,451
2026-09-09 15:10:00+05:30,1926.449951171875,1927.0,1926.449951171875,1927.0,16
2026-09-09 15:11:00+05:30,1926.9000244140625,1927.0,1925.0999755859375,1926.949951171875,62
2026-09-09 15:12:00+05:30,1927.0,1927.0,1925.0999755859375,1927.0,32
2026-09-09 15:13:00+05:30,1925.0999755859375,1927.0,1925.0999755859375,1925.0999755859375,14
2026-09-09 15:14:00+05:30,1927.0,1927.0,1925.0999755859375,1927.0,178
2026-09-09 15:28:00+05:30,1927.0,1927.0,1927.0,1927.0,32
2026-09-10 09:15:00+05:30,1938.800048828125,1939.0,1935.0999755859375,1935.0999755859375,36
2026-09-10 09:16:00+05:30,1937.199951171875,1939.550048828125,1937.199951171875,1939.550048828125,64
2026-09-10 09:17:00+05:30,1930.550048828125,1932.5,1930.550048828125,1931.9000244140625,147
2026-09-10 09:18:00+05:30,1931.199951171875,1931.3499755859375,1931.199951171875,1931.3499755859375,16
2026-09-10 09:19:00+05:30,1926.550048828125,1929.949951171875,1926.550048828125,1929.949951171875,62
2026-09-10 09:20:00+05:30,1924.0,1927.1500244140625,1924.0,1927.1500244140625,273
2026-09-10 09:21:00+05:30,1925.949951171875,1925.949951171875,1925.949951171875,1925.949951171875,5
2026-09-10 09:22:00+05:30,1922.199951171875,1926.449951171875,1922.199951171875,1926.449951171875,3
2026-09-10 09:23:00+05:30,1922.5,1922.5,1921.0,1921.5,183
2026-09-10 09:24:00+05:30,1921.0999755859375,1922.5,1921.0999755859375,1922.5,24
2026-09-10 09:25:00+05:30,1922.300048828125,1922.300048828125,1921.699951171875,1921.699951171875,50
2026-09-10 09:26:00+05:30,1924.300048828125,1924.300048828125,1921.5999755859375,1921.5999755859375,37
2026-09-10 09:27:00+05:30,1927.25,1927.25,1925.4000244140625,1925.4000244140625,5
2026-09-10 09:28:00+05:30,1926.0,1926.4000244140625,1926.0,1926.4000244140625,205
2026-09-10 09:29:00+05:30,1927.0999755859375,1927.0999755859375,1927.0999755859375,1927.0999755859375,1
2026-09-10 09:30:00+05:30,1925.5999755859375,1927.0,1925.5999755859375,1926.949951171875,102
2026-09-10 09:31:00+05:30,1924.25,1925.4000244140625,1923.4000244140625,1925.0,21
2026-09-10 09:32:00+05:30,1925.449951171875,1925.449951171875,1925.449951171875,1925.449951171875,3
2026-09-10 09:33:00+05:30,1926.0,1926.0,1926.0,1926.0,35
2026-09-10 09:34:00+05:30,1928.050048828125,1928.050048828125,1926.050048828125,1926.050048828125,51
2026-09-10 09:36:00+05:30,1926.6500244140625,1926.6500244140625,1926.449951171875,1926.449951171875,7
2026-09-10 09:37:00+05:30,1927.050048828125,1927.050048828125,1927.050048828125,1927.050048828125,6
2026-09-10 09:38:00+05:30,1928.050048828125,1928.050048828125,1928.050048828125,1928.050048828125,6
2026-09-10 09:39:00+05:30,1928.050048828125,1928.050048828125,1926.5999755859375,1927.800048828125,230
2026-09-10 09:40:00+05:30,1928.050048828125,1928.050048828125,1926.949951171875,1926.949951171875,27
2026-09-10 09:41:00+05:30,1928.050048828125,1929.0999755859375,1928.050048828125,1929.0999755859375,24
2026-09-10 09:43:00+05:30,1930.800048828125,1933.1500244140625,1930.800048828125,1933.1500244140625,65
2026-09-10 09:44:00+05:30,1931.6500244140625,1931.6500244140625,1929.800048828125,1929.800048828125,32
2026-09-10 09:46:00+05:30,1932.0,1932.0,1932.0,1932.0,10
2026-09-10 09:47:00+05:30,1929.949951171875,1931.0,1929.949951171875,1931.0,252
2026-09-10 09:48:00+05:30,1929.3499755859375,1929.3499755859375,1929.3499755859375,1929.3499755859375,9
2026-09-10 09:49:00+05:30,1931.949951171875,1931.949951171875,1931.0,1931.0,68
2026-09-10 09:52:00+05:30,1932.699951171875,1932.699951171875,1932.699951171875,1932.699951171875,2
2026-09-10 09:53:00+05:30,1931.949951171875,1931.949951171875,1931.949951171875,1931.949951171875,101
2026-09-10 09:54:00+05:30,1931.949951171875,1931.949951171875,1931.949951171875,1931.949951171875,1
2026-09-10 09:55:00+05:30,1931.0,1931.0,1931.0,1931.0,7
2026-09-10 09:57:00+05:30,1932.699951171875,1932.699951171875,1932.699951171875,1932.699951171875,2
2026-09-10 09:58:00+05:30,1930.75,1933.699951171875,1930.75,1933.699951171875,84
2026-09-10 09:59:00+05:30,1930.5,1930.5,1930.5,1930.5,2
2026-09-10 10:00:00+05:30,1932.300048828125,1932.300048828125,1932.300048828125,1932.300048828125,1
2026-09-10 10:02:00+05:30,1930.8499755859375,1930.8499755859375,1930.8499755859375,1930.8499755859375,1
2026-09-10 10:03:00+05:30,1929.800048828125,1932.949951171875,1929.800048828125,1930.5,94
2026-09-10 10:07:00+05:30,1933.0,1933.0,1933.0,1933.0,1
2026-09-10 10:08:00+05:30,1932.800048828125,1932.949951171875,1932.800048828125,1932.949951171875,2
2026-09-10 10:09:00+05:30,1933.0,1933.0,1932.800048828125,1932.800048828125,2
2026-09-10 10:10:00+05:30,1930.5,1930.5,1930.5,1930.5,2
2026-09-10 10:11:00+05:30,1932.5,1932.5,1932.5,1932.5,81
2026-09-10 10:12:00+05:30,1932.5,1933.199951171875,1932.5,1933.199951171875,2
2026-09-10 10:13:00+05:30,1930.949951171875,1932.0,1930.949951171875,1932.0,13
2026-09-10 10:15:00+05:30,1930.949951171875,1930.949951171875,1930.949951171875,1930.949951171875,5
2026-09-10 10:16:00+05:30,1932.25,1932.5,1932.25,1932.5,5
2026-09-10 10:17:00+05:30,1933.5,1933.5,1933.5,1933.5,60
2026-09-10 10:19:00+05:30,1933.6500244140625,1933.6500244140625,1933.6500244140625,1933.6500244140625,14
2026-09-10 10:20:00+05:30,1931.9000244140625,1931.9000244140625,1931.9000244140625,1931.9000244140625,2
2026-09-10 10:21:00+05:30,1931.9000244140625,1931.9000244140625,1931.9000244140625,1931.9000244140625,10
2026-09-10 10:23:00+05:30,1931.050048828125,1931.050048828125,1931.050048828125,1931.050048828125,10
2026-09-10 10:25:00+05:30,1931.0,1931.0,1931.0,1931.0,1
2026-09-10 10:27:00+05:30,1930.050048828125,1930.050048828125,1930.050048828125,1930.050048828125,10
2026-09-10 10:29:00+05:30,1931.0,1933.1500244140625,1931.0,1933.1500244140625,6
2026-09-10 10:30:00+05:30,1931.050048828125,1931.050048828125,1931.050048828125,1931.050048828125,2
2026-09-10 10:35:00+05:30,1933.0,1933.0,1933.0,1933.0,5
2026-09-10 10:36:00+05:30,1933.0,1933.0,1933.0,1933.0,1
2026-09-10 10:37:00+05:30,1933.699951171875,1933.699951171875,1933.699951171875,1933.699951171875,6
2026-09-10 10:39:00+05:30,1933.0999755859375,1934.0,1933.0999755859375,1934.0,5
2026-09-10 10:40:00+05:30,1933.25,1933.25,1933.25,1933.25,27
2026-09-10 10:41:00+05:30,1934.75,1934.75,1934.75,1934.75,23
2026-09-10 10:42:00+05:30,1934.9000244140625,1934.9000244140625,1934.9000244140625,1934.9000244140625,5
2026-09-10 10:44:00+05:30,1937.0,1937.0,1936.0,1936.0,44
2026-09-10 10:46:00+05:30,1930.0,1936.75,1930.0,1936.75,18
2026-09-10 10:47:00+05:30,1931.4000244140625,1931.4000244140625,1930.0,1930.0,226
2026-09-10 10:48:00+05:30,1929.800048828125,1929.800048828125,1929.800048828125,1929.800048828125,45
2026-09-10 10:49:00+05:30,1926.5,1926.5,1926.5,1926.5,6
2026-09-10 10:52:00+05:30,1924.800048828125,1924.800048828125,1924.800048828125,1924.800048828125,216
2026-09-10 10:53:00+05:30,1925.0,1925.8499755859375,1925.0,1925.8499755859375,61
2026-09-10 10:54:00+05:30,1923.9000244140625,1923.9000244140625,1923.9000244140625,1923.9000244140625,75
2026-09-10 10:55:00+05:30,1923.8499755859375,1923.8499755859375,1923.8499755859375,1923.8499755859375,3
2026-09-10 10:56:00+05:30,1925.4000244140625,1925.4000244140625,1925.4000244140625,1925.4000244140625,6
2026-09-10 10:58:00+05:30,1925.4000244140625,1925.4000244140625,1925.4000244140625,1925.4000244140625,8
2026-09-10 10:59:00+05:30,1927.9000244140625,1927.9000244140625,1926.5,1926.5,329
2026-09-10 11:01:00+05:30,1926.0,1926.0,1926.0,1926.0,25
2026-09-10 11:02:00+05:30,1927.6500244140625,1927.6500244140625,1927.6500244140625,1927.6500244140625,1
2026-09-10 11:03:00+05:30,1926.199951171875,1926.199951171875,1926.199951171875,1926.199951171875,2
2026-09-10 11:07:00+05:30,1927.4000244140625,1927.4000244140625,1927.4000244140625,1927.4000244140625,1
2026-09-10 11:08:00+05:30,1929.0999755859375,1929.0999755859375,1929.0999755859375,1929.0999755859375,2
2026-09-10 11:11:00+05:30,1928.449951171875,1929.0,1928.449951171875,1929.0,3
2026-09-10 11:12:00+05:30,1928.0999755859375,1928.0999755859375,1928.0999755859375,1928.0999755859375,25
2026-09-10 11:13:00+05:30,1931.6500244140625,1931.6500244140625,1931.6500244140625,1931.6500244140625,36
2026-09-10 11:14:00+05:30,1933.0,1933.0,1933.0,1933.0,2
2026-09-10 11:17:00+05:30,1933.1500244140625,1933.1500244140625,1933.1500244140625,1933.1500244140625,6
2026-09-10 11:20:00+05:30,1933.0,1933.0,1933.0,1933.0,25
2026-09-10 11:21:00+05:30,1934.0,1934.0,1933.0,1933.0,45
2026-09-10 11:23:00+05:30,1934.449951171875,1934.449951171875,1934.449951171875,1934.449951171875,64
2026-09-10 11:24:00+05:30,1937.1500244140625,1937.1500244140625,1937.1500244140625,1937.1500244140625,1
2026-09-10 11:25:00+05:30,1934.3499755859375,1937.25,1934.3499755859375,1937.050048828125,858
2026-09-10 11:26:00+05:30,1933.8499755859375,1934.949951171875,1933.8499755859375,1934.949951171875,95
2026-09-10 11:28:00+05:30,1935.0,1935.0,1935.0,1935.0,3
2026-09-10 11:29:00+05:30,1934.050048828125,1934.050048828125,1934.050048828125,1934.050048828125,1
2026-09-10 11:30:00+05:30,1934.199951171875,1934.199951171875,1934.199951171875,1934.199951171875,7
2026-09-10 11:31:00+05:30,1932.6500244140625,1934.199951171875,1932.6500244140625,1934.199951171875,25
2026-09-10 11:32:00+05:30,1932.699951171875,1932.699951171875,1932.699951171875,1932.699951171875,30
2026-09-10 11:33:00+05:30,1932.5999755859375,1933.9000244140625,1932.4000244140625,1933.9000244140625,60
2026-09-10 11:39:00+05:30,1932.050048828125,1932.5999755859375,1932.050048828125,1932.5999755859375,25
2026-09-10 11:40:00+05:30,1929.1500244140625,1929.1500244140625,1929.1500244140625,1929.1500244140625,1
2026-09-10 11:42:00+05:30,1930.300048828125,1930.300048828125,1930.300048828125,1930.300048828125,1
2026-09-10 11:44:00+05:30,1931.800048828125,1931.800048828125,1931.800048828125,1931.800048828125,5
2026-09-10 11:47:00+05:30,1931.75,1931.75,1931.75,1931.75,32
2026-09-10 11:49:00+05:30,1931.75,1931.75,1931.75,1931.75,1
2026-09-10 11:50:00+05:30,1933.0,1933.0,1932.6500244140625,1932.6500244140625,12
2026-09-10 11:51:00+05:30,1931.5,1932.0999755859375,1931.5,1932.0999755859375,51
2026-09-10 11:55:00+05:30,1933.75,1933.75,1933.75,1933.75,2
2026-09-10 11:57:00+05:30,1933.3499755859375,1933.3499755859375,1933.3499755859375,1933.3499755859375,1
2026-09-10 11:58:00+05:30,1934.300048828125,1934.300048828125,1934.300048828125,1934.300048828125,1
2026-09-10 11:59:00+05:30,1933.6500244140625,1934.949951171875,1933.6500244140625,1934.949951171875,4
2026-09-10 12:00:00+05:30,1935.0,1935.0,1935.0,1935.0,2
2026-09-10 12:06:00+05:30,1935.0,1935.0,1935.0,1935.0,10
2026-09-10 12:07:00+05:30,1935.0,1935.0,1935.0,1935.0,25
2026-09-10 12:08:00+05:30,1936.0999755859375,1936.1500244140625,1936.0999755859375,1936.1500244140625,25
2026-09-10 12:09:00+05:30,1935.449951171875,1935.449951171875,1935.449951171875,1935.449951171875,10
2026-09-10 12:10:00+05:30,1934.199951171875,1934.199951171875,1934.199951171875,1934.199951171875,3
2026-09-10 12:11:00+05:30,1935.6500244140625,1935.6500244140625,1935.6500244140625,1935.6500244140625,2
2026-09-10 12:12:00+05:30,1935.5999755859375,1935.5999755859375,1935.5999755859375,1935.5999755859375,5
2026-09-10 12:14:00+05:30,1936.9000244140625,1936.9000244140625,1936.9000244140625,1936.9000244140625,1
2026-09-10 12:16:00+05:30,1937.0,1937.0,1936.800048828125,1936.800048828125,198
2026-09-10 12:17:00+05:30,1937.0,1937.0,1937.0,1937.0,149
2026-09-10 12:18:00+05:30,1936.0,1936.0,1936.0,1936.0,2
2026-09-10 12:19:00+05:30,1935.8499755859375,1936.0,1935.8499755859375,1936.0,67
2026-09-10 12:20:00+05:30,1936.800048828125,1936.800048828125,1936.800048828125,1936.800048828125,1
2026-09-10 12:21:00+05:30,1938.5999755859375,1938.5999755859375,1937.0,1937.0,60
2026-09-10 12:22:00+05:30,1933.699951171875,1937.800048828125,1933.699951171875,1937.800048828125,35724
2026-09-10 12:23:00+05:30,1932.699951171875,1932.699951171875,1930.25,1931.449951171875,14091
2026-09-10 12:24:00+05:30,1932.9000244140625,1932.9000244140625,1932.9000244140625,1932.9000244140625,45
2026-09-10 12:25:00+05:30,1931.0999755859375,1931.0999755859375,1931.0999755859375,1931.0999755859375,285
2026-09-10 12:26:00+05:30,1934.199951171875,1934.199951171875,1931.0,1931.0,401
2026-09-10 12:27:00+05:30,1934.6500244140625,1934.6500244140625,1934.6500244140625,1934.6500244140625,1
2026-09-10 12:29:00+05:30,1934.5,1934.5,1934.5,1934.5,5
2026-09-10 12:31:00+05:30,1933.0,1933.0,1933.0,1933.0,1
2026-09-10 12:33:00+05:30,1935.25,1935.25,1934.449951171875,1934.449951171875,30
2026-09-10 12:36:00+05:30,1935.8499755859375,1935.8499755859375,1935.8499755859375,1935.8499755859375,2
2026-09-10 12:37:00+05:30,1935.449951171875,1935.449951171875,1935.449951171875,1935.449951171875,25
2026-09-10 12:39:00+05:30,1933.9000244140625,1935.6500244140625,1933.9000244140625,1935.6500244140625,15
2026-09-10 12:41:00+05:30,1934.6500244140625,1934.6500244140625,1934.6500244140625,1934.6500244140625,3
2026-09-10 12:44:00+05:30,1934.199951171875,1934.6500244140625,1934.199951171875,1934.6500244140625,45
2026-09-10 12:46:00+05:30,1935.699951171875,1935.699951171875,1935.699951171875,1935.699951171875,25
2026-09-10 12:48:00+05:30,1935.4000244140625,1935.4000244140625,1935.199951171875,1935.199951171875,42
2026-09-10 12:50:00+05:30,1935.5999755859375,1935.5999755859375,1935.5999755859375,1935.5999755859375,1
2026-09-10 12:51:00+05:30,1935.949951171875,1936.0,1935.949951171875,1936.0,2
2026-09-10 12:52:00+05:30,1936.0,1936.0,1936.0,1936.0,8
2026-09-10 12:55:00+05:30,1933.0,1933.1500244140625,1933.0,1933.1500244140625,12
2026-09-10 12:56:00+05:30,1932.800048828125,1932.800048828125,1932.800048828125,1932.800048828125,6
2026-09-10 12:57:00+05:30,1932.800048828125,1932.800048828125,1932.800048828125,1932.800048828125,10
2026-09-10 12:58:00+05:30,1933.050048828125,1934.5,1932.9000244140625,1934.0,66
2026-09-10 12:59:00+05:30,1933.0,1934.050048828125,1933.0,1934.050048828125,33
2026-09-10 13:04:00+05:30,1932.0,1932.0,1932.0,1932.0,20
2026-09-10 13:05:00+05:30,1930.6500244140625,1930.6500244140625,1930.6500244140625,1930.6500244140625,20
2026-09-10 13:06:00+05:30,1930.449951171875,1930.449951171875,1928.699951171875,1928.699951171875,129
2026-09-10 13:11:00+05:30,1930.300048828125,1930.300048828125,1930.300048828125,1930.300048828125,15
2026-09-10 13:13:00+05:30,1930.449951171875,1930.449951171875,1930.449951171875,1930.449951171875,2
2026-09-10 13:14:00+05:30,1929.8499755859375,1930.550048828125,1929.8499755859375,1930.550048828125,6
2026-09-10 13:15:00+05:30,1931.199951171875,1931.199951171875,1930.6500244140625,1930.6500244140625,12
2026-09-10 13:19:00+05:30,1930.949951171875,1930.949951171875,1929.699951171875,1929.699951171875,7
2026-09-10 13:22:00+05:30,1931.0,1931.0,1931.0,1931.0,20
2026-09-10 13:26:00+05:30,1932.5999755859375,1932.5999755859375,1932.5999755859375,1932.5999755859375,3
2026-09-10 13:27:00+05:30,1931.5,1931.5,1931.5,1931.5,1
2026-09-10 13:30:00+05:30,1930.0,1930.25,1930.0,1930.25,20
2026-09-10 13:33:00+05:30,1930.050048828125,1930.050048828125,1930.050048828125,1930.050048828125,2
2026-09-10 13:35:00+05:30,1929.8499755859375,1930.0,1929.8499755859375,1930.0,10
2026-09-10 13:37:00+05:30,1930.050048828125,1930.050048828125,1930.050048828125,1930.050048828125,10
2026-09-10 13:38:00+05:30,1931.6500244140625,1931.6500244140625,1931.6500244140625,1931.6500244140625,5
2026-09-10 13:40:00+05:30,1930.0,1931.8499755859375,1930.0,1931.8499755859375,118
2026-09-10 13:41:00+05:30,1931.800048828125,1931.800048828125,1931.800048828125,1931.800048828125,15
2026-09-10 13:43:00+05:30,1930.0,1930.0,1930.0,1930.0,25
2026-09-10 13:44:00+05:30,1930.0,1930.0,1930.0,1930.0,50
2026-09-10 13:45:00+05:30,1929.199951171875,1930.0,1929.199951171875,1930.0,27
2026-09-10 13:46:00+05:30,1929.949951171875,1929.949951171875,1929.949951171875,1929.949951171875,3
2026-09-10 13:50:00+05:30,1930.1500244140625,1930.1500244140625,1930.1500244140625,1930.1500244140625,1
2026-09-10 13:51:00+05:30,1929.699951171875,1929.699951171875,1929.699951171875,1929.699951171875,20
2026-09-10 13:52:00+05:30,1932.0999755859375,1932.0999755859375,1932.050048828125,1932.050048828125,33
2026-09-10 13:55:00+05:30,1930.699951171875,1931.1500244140625,1930.5,1931.1500244140625,70
2026-09-10 13:59:00+05:30,1931.5,1932.199951171875,1931.5,1932.199951171875,16
2026-09-10 14:00:00+05:30,1932.0999755859375,1932.0999755859375,1932.0999755859375,1932.0999755859375,1
2026-09-10 14:01:00+05:30,1932.449951171875,1932.449951171875,1932.449951171875,1932.449951171875,6
2026-09-10 14:03:00+05:30,1933.4000244140625,1933.4000244140625,1932.449951171875,1932.449951171875,29
2026-09-10 14:07:00+05:30,1932.0,1932.0,1932.0,1932.0,4
2026-09-10 14:09:00+05:30,1931.699951171875,1931.699951171875,1931.699951171875,1931.699951171875,1
2026-09-10 14:12:00+05:30,1931.699951171875,1931.699951171875,1931.699951171875,1931.699951171875,5
2026-09-10 14:13:00+05:30,1932.5,1932.5,1932.5,1932.5,1
2026-09-10 14:14:00+05:30,1932.5,1932.5,1932.5,1932.5,1
2026-09-10 14:15:00+05:30,1930.6500244140625,1930.6500244140625,1930.6500244140625,1930.6500244140625,150
2026-09-10 14:16:00+05:30,1932.25,1932.25,1930.800048828125,1930.800048828125,35
2026-09-10 14:19:00+05:30,1931.449951171875,1931.449951171875,1931.199951171875,1931.199951171875,6
2026-09-10 14:24:00+05:30,1934.25,1934.25,1934.25,1934.25,5
2026-09-10 14:26:00+05:30,1931.5,1931.5,1931.5,1931.5,3
2026-09-10 14:27:00+05:30,1930.9000244140625,1932.0999755859375,1930.9000244140625,1932.0999755859375,10
2026-09-10 14:28:00+05:30,1930.300048828125,1932.0,1930.300048828125,1932.0,2
2026-09-10 14:29:00+05:30,1930.25,1931.0999755859375,1930.25,1931.0999755859375,26
2026-09-10 14:31:00+05:30,1930.25,1931.6500244140625,1930.25,1931.6500244140625,11
2026-09-10 14:32:00+05:30,1931.0,1931.0,1931.0,1931.0,10
2026-09-10 14:33:00+05:30,1930.0,1930.0,1930.0,1930.0,15
2026-09-10 14:34:00+05:30,1929.75,1931.1500244140625,1929.75,1931.1500244140625,31
2026-09-10 14:35:00+05:30,1929.75,1929.75,1929.75,1929.75,5
2026-09-10 14:38:00+05:30,1930.300048828125,1930.300048828125,1930.300048828125,1930.300048828125,43
2026-09-10 14:40:00+05:30,1928.6500244140625,1929.4000244140625,1928.0,1929.4000244140625,94
2026-09-10 14:41:00+05:30,1928.8499755859375,1928.8499755859375,1928.8499755859375,1928.8499755859375,1
2026-09-10 14:42:00+05:30,1928.8499755859375,1928.8499755859375,1928.8499755859375,1928.8499755859375,3
2026-09-10 14:44:00+05:30,1928.9000244140625,1928.9000244140625,1928.9000244140625,1928.9000244140625,5
2026-09-10 14:48:00+05:30,1929.4000244140625,1929.4000244140625,1929.4000244140625,1929.4000244140625,50
2026-09-10 14:51:00+05:30,1929.4000244140625,1929.4000244140625,1929.4000244140625,1929.4000244140625,4
2026-09-10 14:52:00+05:30,1930.25,1930.25,1929.4000244140625,1929.4000244140625,26
2026-09-10 14:53:00+05:30,1928.8499755859375,1928.8499755859375,1928.8499755859375,1928.8499755859375,1
2026-09-10 14:54:00+05:30,1928.5,1928.5,1928.5,1928.5,35
2026-09-10 14:57:00+05:30,1928.3499755859375,1928.699951171875,1928.3499755859375,1928.699951171875,14
2026-09-10 14:58:00+05:30,1927.050048828125,1927.050048828125,1927.050048828125,1927.050048828125,5
2026-09-10 14:59:00+05:30,1925.5,1927.0,1925.5,1927.0,7
2026-09-10 15:00:00+05:30,1924.6500244140625,1925.050048828125,1924.199951171875,1925.0,187
2026-09-10 15:01:00+05:30,1927.199951171875,1927.199951171875,1923.8499755859375,1923.8499755859375,115
2026-09-10 15:02:00+05:30,1927.0999755859375,1927.199951171875,1927.0999755859375,1927.199951171875,52
2026-09-10 15:03:00+05:30,1926.300048828125,1926.800048828125,1926.300048828125,1926.800048828125,66
2026-09-10 15:05:00+05:30,1928.199951171875,1928.199951171875,1926.800048828125,1926.800048828125,187
2026-09-10 15:06:00+05:30,1928.4000244140625,1928.449951171875,1927.0999755859375,1928.25,112
2026-09-10 15:07:00+05:30,1928.6500244140625,1928.6500244140625,1927.699951171875,1927.699951171875,154
2026-09-10 15:08:00+05:30,1928.800048828125,1928.800048828125,1928.6500244140625,1928.6500244140625,95
2026-09-10 15:09:00+05:30,1930.8499755859375,1930.8499755859375,1930.8499755859375,1930.8499755859375,4
2026-09-10 15:10:00+05:30,1931.0,1931.0,1929.6500244140625,1930.25,376
2026-09-10 15:11:00+05:30,1931.050048828125,1931.050048828125,1931.0,1931.0,43
2026-09-10 15:12:00+05:30,1931.300048828125,1931.300048828125,1928.4000244140625,1930.550048828125,15
2026-09-10 15:13:00+05:30,1935.8499755859375,1935.8499755859375,1935.8499755859375,1935.8499755859375,299
2026-09-10 15:14:00+05:30,1932.3499755859375,1932.3499755859375,1930.4000244140625,1930.5,62
2026-09-10 15:29:00+05:30,1924.0,1924.0,1924.0,1924.0,2825
2026-09-11 09:15:00+05:30,1912.9000244140625,1920.9000244140625,1908.0,1920.9000244140625,377
2026-09-11 09:16:00+05:30,1911.4000244140625,1911.4000244140625,1908.949951171875,1908.949951171875,76
2026-09-11 09:17:00+05:30,1906.0,1909.300048828125,1905.0,1909.300048828125,273
2026-09-11 09:18:00+05:30,1906.5999755859375,1906.8499755859375,1904.25,1904.25,12
2026-09-11 09:19:00+05:30,1909.0,1909.0,1906.5999755859375,1906.5999755859375,30
2026-09-11 09:20:00+05:30,1904.8499755859375,1907.5,1904.8499755859375,1907.5,18
2026-09-11 09:21:00+05:30,1905.9000244140625,1906.5,1905.0,1905.199951171875,202
2026-09-11 09:22:00+05:30,1904.4000244140625,1905.050048828125,1904.4000244140625,1905.050048828125,58
2026-09-11 09:23:00+05:30,1904.3499755859375,1905.5,1903.5,1905.5,135
2026-09-11 09:24:00+05:30,1905.199951171875,1905.199951171875,1905.199951171875,1905.199951171875,26
2026-09-11 09:25:00+05:30,1905.0,1905.0,1905.0,1905.0,20
2026-09-11 09:26:00+05:30,1905.3499755859375,1907.300048828125,1905.3499755859375,1906.5,50
2026-09-11 09:27:00+05:30,1906.300048828125,1906.300048828125,1906.300048828125,1906.300048828125,6
2026-09-11 09:28:00+05:30,1905.0999755859375,1907.0,1905.0999755859375,1907.0,3
2026-09-11 09:30:00+05:30,1905.300048828125,1905.300048828125,1903.699951171875,1903.699951171875,35
2026-09-11 09:31:00+05:30,1904.5,1904.5,1904.5,1904.5,26
2026-09-11 09:32:00+05:30,1900.0,1903.0,1900.0,1903.0,174
2026-09-11 09:33:00+05:30,1898.8499755859375,1898.8499755859375,1898.8499755859375,1898.8499755859375,30
2026-09-11 09:34:00+05:30,1900.0,1900.0,1899.6500244140625,1899.6500244140625,26
2026-09-11 09:35:00+05:30,1902.25,1902.25,1902.25,1902.25,69
2026-09-11 09:36:00+05:30,1902.5,1902.5,1902.5,1902.5,10
2026-09-11 09:37:00+05:30,1898.8499755859375,1902.4000244140625,1898.8499755859375,1902.4000244140625,38
2026-09-11 09:38:00+05:30,1899.0,1899.800048828125,1898.8499755859375,1898.8499755859375,128
2026-09-11 09:39:00+05:30,1897.6500244140625,1898.0999755859375,1897.0,1897.0,25
2026-09-11 09:40:00+05:30,1896.5999755859375,1896.5999755859375,1896.5999755859375,1896.5999755859375,80
2026-09-11 09:41:00+05:30,1898.0,1898.0,1898.0,1898.0,22
2026-09-11 09:42:00+05:30,1897.449951171875,1897.449951171875,1896.0999755859375,1896.0999755859375,4
2026-09-11 09:43:00+05:30,1897.5999755859375,1897.5999755859375,1897.5999755859375,1897.5999755859375,10
2026-09-11 09:45:00+05:30,1899.4000244140625,1899.4000244140625,1897.25,1897.25,25
2026-09-11 09:46:00+05:30,1899.5,1900.800048828125,1899.5,1900.800048828125,27
2026-09-11 09:47:00+05:30,1900.3499755859375,1900.800048828125,1899.5,1899.5,44
2026-09-11 09:49:00+05:30,1901.699951171875,1901.699951171875,1901.699951171875,1901.699951171875,15
2026-09-11 09:51:00+05:30,1901.699951171875,1901.699951171875,1901.699951171875,1901.699951171875,10
2026-09-11 09:52:00+05:30,1901.0,1901.699951171875,1901.0,1901.699951171875,18
2026-09-11 09:54:00+05:30,1902.5999755859375,1902.5999755859375,1901.0,1902.4000244140625,47
2026-09-11 09:55:00+05:30,1904.25,1904.25,1904.25,1904.25,1
2026-09-11 09:56:00+05:30,1906.0999755859375,1906.0999755859375,1904.25,1904.25,115
2026-09-11 09:57:00+05:30,1906.4000244140625,1906.4000244140625,1906.4000244140625,1906.4000244140625,5
2026-09-11 10:02:00+05:30,1904.6500244140625,1904.6500244140625,1904.6500244140625,1904.6500244140625,20
2026-09-11 10:03:00+05:30,1906.5,1906.5,1906.4000244140625,1906.4000244140625,8
2026-09-11 10:04:00+05:30,1908.449951171875,1908.449951171875,1907.699951171875,1907.75,17
2026-09-11 10:05:00+05:30,1908.0999755859375,1908.300048828125,1908.0999755859375,1908.300048828125,46
2026-09-11 10:06:00+05:30,1906.550048828125,1906.550048828125,1906.550048828125,1906.550048828125,10
2026-09-11 10:08:00+05:30,1908.0,1908.0,1908.0,1908.0,1
2026-09-11 10:12:00+05:30,1909.0,1909.9000244140625,1909.0,1909.9000244140625,25
2026-09-11 10:14:00+05:30,1910.550048828125,1910.800048828125,1909.0,1910.800048828125,29
2026-09-11 10:15:00+05:30,1910.8499755859375,1910.8499755859375,1910.8499755859375,1910.8499755859375,1
2026-09-11 10:16:00+05:30,1910.449951171875,1911.949951171875,1910.449951171875,1911.949951171875,11
2026-09-11 10:17:00+05:30,1909.800048828125,1909.800048828125,1909.800048828125,1909.800048828125,100
2026-09-11 10:18:00+05:30,1910.0,1911.449951171875,1910.0,1911.449951171875,7
2026-09-11 10:20:00+05:30,1910.0,1910.0,1910.0,1910.0,16
2026-09-11 10:22:00+05:30,1912.949951171875,1912.949951171875,1912.949951171875,1912.949951171875,10
2026-09-11 10:23:00+05:30,1911.3499755859375,1912.8499755859375,1911.300048828125,1911.300048828125,15
2026-09-11 10:24:00+05:30,1912.449951171875,1912.449951171875,1912.449951171875,1912.449951171875,15
2026-09-11 10:25:00+05:30,1911.0,1911.0,1911.0,1911.0,1
2026-09-11 10:27:00+05:30,1909.25,1909.25,1908.6500244140625,1908.6500244140625,15
2026-09-11 10:28:00+05:30,1907.1500244140625,1908.75,1907.0999755859375,1908.0,35
2026-09-11 10:30:00+05:30,1908.300048828125,1908.300048828125,1908.300048828125,1908.300048828125,12
2026-09-11 10:32:00+05:30,1908.550048828125,1908.550048828125,1907.1500244140625,1907.1500244140625,21
2026-09-11 10:34:00+05:30,1909.3499755859375,1909.3499755859375,1908.0,1908.0,27
2026-09-11 10:36:00+05:30,1908.550048828125,1908.550048828125,1908.550048828125,1908.550048828125,2
2026-09-11 10:40:00+05:30,1910.3499755859375,1910.3499755859375,1910.3499755859375,1910.3499755859375,2
2026-09-11 10:41:00+05:30,1910.4000244140625,1910.5,1910.4000244140625,1910.4000244140625,22
2026-09-11 10:47:00+05:30,1910.4000244140625,1910.4000244140625,1910.4000244140625,1910.4000244140625,1
2026-09-11 10:48:00+05:30,1905.0,1908.949951171875,1905.0,1908.949951171875,2603
2026-09-11 10:49:00+05:30,1904.949951171875,1904.949951171875,1904.949951171875,1904.949951171875,1
2026-09-11 10:51:00+05:30,1902.699951171875,1902.699951171875,1902.699951171875,1902.699951171875,15
2026-09-11 10:52:00+05:30,1903.25,1903.25,1903.25,1903.25,1
2026-09-11 10:57:00+05:30,1901.800048828125,1901.800048828125,1900.199951171875,1900.199951171875,31
2026-09-11 10:58:00+05:30,1901.0,1901.0,1900.949951171875,1900.949951171875,26
2026-09-11 11:00:00+05:30,1901.0,1901.0,1901.0,1901.0,5
2026-09-11 11:01:00+05:30,1901.949951171875,1901.949951171875,1901.949951171875,1901.949951171875,1
2026-09-11 11:02:00+05:30,1899.199951171875,1900.0,1899.0,1900.0,207
2026-09-11 11:04:00+05:30,1898.9000244140625,1898.9000244140625,1898.9000244140625,1898.9000244140625,10
2026-09-11 11:05:00+05:30,1898.0,1898.0,1898.0,1898.0,1
2026-09-11 11:10:00+05:30,1899.550048828125,1899.5999755859375,1899.550048828125,1899.5999755859375,3
2026-09-11 11:11:00+05:30,1900.0,1900.0,1900.0,1900.0,5
2026-09-11 11:13:00+05:30,1901.8499755859375,1901.8499755859375,1900.449951171875,1900.8499755859375,75
2026-09-11 11:14:00+05:30,1904.0,1904.0,1904.0,1904.0,1
2026-09-11 11:15:00+05:30,1904.949951171875,1904.949951171875,1900.9000244140625,1904.699951171875,1431
2026-09-11 11:16:00+05:30,1906.699951171875,1906.699951171875,1904.699951171875,1904.699951171875,4
2026-09-11 11:17:00+05:30,1908.5,1908.5,1908.5,1908.5,1
2026-09-11 11:18:00+05:30,1906.199951171875,1906.199951171875,1905.8499755859375,1905.8499755859375,298
2026-09-11 11:20:00+05:30,1907.25,1907.25,1907.25,1907.25,3
2026-09-11 11:21:00+05:30,1906.75,1906.75,1906.75,1906.75,2
2026-09-11 11:22:00+05:30,1906.800048828125,1906.800048828125,1906.800048828125,1906.800048828125,31
2026-09-11 11:25:00+05:30,1907.300048828125,1907.300048828125,1905.800048828125,1905.800048828125,26
2026-09-11 11:26:00+05:30,1905.0,1905.0,1905.0,1905.0,5
2026-09-11 11:27:00+05:30,1903.199951171875,1903.199951171875,1903.199951171875,1903.199951171875,1
2026-09-11 11:28:00+05:30,1901.5999755859375,1903.550048828125,1901.5999755859375,1903.550048828125,7
2026-09-11 11:29:00+05:30,1903.5,1903.5,1903.5,1903.5,6
2026-09-11 11:30:00+05:30,1904.8499755859375,1904.8499755859375,1904.3499755859375,1904.3499755859375,53
2026-09-11 11:31:00+05:30,1905.75,1905.75,1902.800048828125,1902.800048828125,31
2026-09-11 11:36:00+05:30,1903.699951171875,1903.699951171875,1903.699951171875,1903.699951171875,1
2026-09-11 11:40:00+05:30,1902.5,1902.5,1902.5,1902.5,1
2026-09-11 11:44:00+05:30,1902.75,1903.4000244140625,1902.199951171875,1903.0,46
2026-09-11 11:46:00+05:30,1902.3499755859375,1902.550048828125,1902.3499755859375,1902.550048828125,34
2026-09-11 11:47:00+05:30,1902.0,1902.9000244140625,1902.0,1902.699951171875,22
2026-09-11 11:48:00+05:30,1902.5,1903.0999755859375,1902.5,1903.0999755859375,29
2026-09-11 11:49:00+05:30,1902.949951171875,1902.949951171875,1902.949951171875,1902.949951171875,2
2026-09-11 11:51:00+05:30,1901.300048828125,1901.300048828125,1901.0,1901.0,27
2026-09-11 11:53:00+05:30,1898.0,1900.949951171875,1898.0,1900.949951171875,62
2026-09-11 11:55:00+05:30,1900.300048828125,1900.300048828125,1900.300048828125,1900.300048828125,5
2026-09-11 11:57:00+05:30,1900.0,1900.0,1899.5,1899.5,82
2026-09-11 11:59:00+05:30,1900.25,1900.25,1899.5999755859375,1899.5999755859375,15
2026-09-11 12:00:00+05:30,1899.199951171875,1899.199951171875,1899.199951171875,1899.199951171875,59
2026-09-11 12:01:00+05:30,1902.4000244140625,1902.4000244140625,1900.9000244140625,1900.9000244140625,202
2026-09-11 12:03:00+05:30,1903.449951171875,1903.449951171875,1903.449951171875,1903.449951171875,57
2026-09-11 12:11:00+05:30,1902.050048828125,1902.050048828125,1902.050048828125,1902.050048828125,1
2026-09-11 12:13:00+05:30,1902.0,1902.0,1902.0,1902.0,1
2026-09-11 12:15:00+05:30,1902.449951171875,1902.449951171875,1902.449951171875,1902.449951171875,21
2026-09-11 12:18:00+05:30,1902.4000244140625,1902.4000244140625,1901.1500244140625,1901.1500244140625,16
2026-09-11 12:22:00+05:30,1900.0,1901.0,1900.0,1901.0,3
2026-09-11 12:23:00+05:30,1900.0,1900.0,1900.0,1900.0,50
2026-09-11 12:25:00+05:30,1899.9000244140625,1901.75,1899.9000244140625,1900.050048828125,16
2026-09-11 12:26:00+05:30,1902.5,1902.5,1901.050048828125,1901.050048828125,123
2026-09-11 12:28:00+05:30,1902.5999755859375,1902.5999755859375,1902.5999755859375,1902.5999755859375,116
2026-09-11 12:29:00+05:30,1904.4000244140625,1904.4000244140625,1902.6500244140625,1902.6500244140625,129
2026-09-11 12:30:00+05:30,1902.550048828125,1902.550048828125,1902.3499755859375,1902.3499755859375,37
2026-09-11 12:31:00+05:30,1903.25,1903.25,1903.25,1903.25,241
2026-09-11 12:35:00+05:30,1904.0,1904.0,1904.0,1904.0,4
2026-09-11 12:37:00+05:30,1903.25,1903.25,1903.25,1903.25,9
2026-09-11 12:38:00+05:30,1902.75,1902.75,1902.75,1902.75,1
2026-09-11 12:41:00+05:30,1905.0999755859375,1906.0999755859375,1905.0999755859375,1906.0999755859375,60
2026-09-11 12:42:00+05:30,1907.550048828125,1907.550048828125,1907.550048828125,1907.550048828125,144
2026-09-11 12:43:00+05:30,1906.8499755859375,1906.8499755859375,1906.8499755859375,1906.8499755859375,4
2026-09-11 12:48:00+05:30,1904.949951171875,1904.949951171875,1904.949951171875,1904.949951171875,6
2026-09-11 12:50:00+05:30,1904.550048828125,1904.550048828125,1904.550048828125,1904.550048828125,1
2026-09-11 12:52:00+05:30,1904.949951171875,1904.949951171875,1904.5,1904.5,52
2026-09-11 12:55:00+05:30,1905.4000244140625,1906.1500244140625,1905.4000244140625,1906.1500244140625,502
2026-09-11 12:56:00+05:30,1904.5,1904.5,1904.5,1904.5,7
2026-09-11 12:59:00+05:30,1905.0,1905.4000244140625,1905.0,1905.4000244140625,74
2026-09-11 13:01:00+05:30,1904.5,1904.5,1904.5,1904.5,5
2026-09-11 13:05:00+05:30,1901.75,1901.75,1901.75,1901.75,5
2026-09-11 13:06:00+05:30,1901.699951171875,1901.699951171875,1901.699951171875,1901.699951171875,12
2026-09-11 13:12:00+05:30,1903.3499755859375,1903.3499755859375,1903.3499755859375,1903.3499755859375,104
2026-09-11 13:16:00+05:30,1904.5,1904.5,1904.5,1904.5,3
2026-09-11 13:18:00+05:30,1904.0,1904.0,1904.0,1904.0,1
2026-09-11 13:20:00+05:30,1903.4000244140625,1903.4000244140625,1903.4000244140625,1903.4000244140625,25
2026-09-11 13:21:00+05:30,1903.3499755859375,1903.3499755859375,1903.3499755859375,1903.3499755859375,1
2026-09-11 13:23:00+05:30,1903.9000244140625,1903.9000244140625,1903.9000244140625,1903.9000244140625,1
2026-09-11 13:24:00+05:30,1904.5,1904.5,1904.5,1904.5,21
2026-09-11 13:25:00+05:30,1905.0,1905.0,1905.0,1905.0,1
2026-09-11 13:27:00+05:30,1907.0999755859375,1907.0999755859375,1907.0999755859375,1907.0999755859375,27
2026-09-11 13:28:00+05:30,1903.8499755859375,1904.449951171875,1903.8499755859375,1904.449951171875,32
2026-09-11 13:34:00+05:30,1904.0,1904.0,1904.0,1904.0,2
2026-09-11 13:35:00+05:30,1904.8499755859375,1904.8499755859375,1904.0,1904.0,51
2026-09-11 13:41:00+05:30,1901.699951171875,1901.699951171875,1901.699951171875,1901.699951171875,1
2026-09-11 13:42:00+05:30,1901.449951171875,1901.449951171875,1901.449951171875,1901.449951171875,100
2026-09-11 13:46:00+05:30,1900.949951171875,1900.949951171875,1900.949951171875,1900.949951171875,15
2026-09-11 13:47:00+05:30,1901.8499755859375,1901.8499755859375,1901.8499755859375,1901.8499755859375,1
2026-09-11 13:48:00+05:30,1902.1500244140625,1902.1500244140625,1901.9000244140625,1901.9000244140625,6
2026-09-11 13:50:00+05:30,1901.5,1901.5999755859375,1901.5,1901.5999755859375,10
2026-09-11 13:51:00+05:30,1904.199951171875,1904.199951171875,1904.199951171875,1904.199951171875,10
2026-09-11 13:52:00+05:30,1904.199951171875,1904.199951171875,1904.199951171875,1904.199951171875,10
2026-09-11 13:54:00+05:30,1904.699951171875,1906.9000244140625,1904.199951171875,1904.199951171875,121
2026-09-11 13:55:00+05:30,1904.8499755859375,1904.8499755859375,1904.8499755859375,1904.8499755859375,5
2026-09-11 13:56:00+05:30,1904.75,1906.5999755859375,1904.75,1906.5999755859375,12
2026-09-11 14:01:00+05:30,1905.8499755859375,1905.8499755859375,1905.8499755859375,1905.8499755859375,2
2026-09-11 14:02:00+05:30,1907.199951171875,1907.199951171875,1905.4000244140625,1905.4000244140625,137
2026-09-11 14:04:00+05:30,1908.949951171875,1908.949951171875,1908.199951171875,1908.199951171875,6
2026-09-11 14:05:00+05:30,1908.949951171875,1908.949951171875,1908.949951171875,1908.949951171875,12
2026-09-11 14:06:00+05:30,1908.0,1908.0,1908.0,1908.0,1
2026-09-11 14:07:00+05:30,1907.25,1907.25,1907.25,1907.25,3
2026-09-11 14:09:00+05:30,1906.0,1906.0,1905.5,1905.5,1984
2026-09-11 14:10:00+05:30,1904.5999755859375,1905.6500244140625,1904.5999755859375,1905.6500244140625,6
2026-09-11 14:12:00+05:30,1907.5,1907.5,1907.5,1907.5,3
2026-09-11 14:13:00+05:30,1907.199951171875,1907.199951171875,1907.199951171875,1907.199951171875,20
2026-09-11 14:15:00+05:30,1906.75,1906.75,1906.75,1906.75,2
2026-09-11 14:17:00+05:30,1907.0,1907.0,1907.0,1907.0,2
2026-09-11 14:19:00+05:30,1907.5,1907.5,1907.5,1907.5,4
2026-09-11 14:21:00+05:30,1907.5,1907.5,1907.5,1907.5,2
2026-09-11 14:25:00+05:30,1909.3499755859375,1909.3499755859375,1909.0999755859375,1909.0999755859375,2
2026-09-11 14:27:00+05:30,1908.449951171875,1908.449951171875,1908.449951171875,1908.449951171875,25
2026-09-11 14:30:00+05:30,1914.75,1914.75,1908.949951171875,1908.949951171875,1345
2026-09-11 14:31:00+05:30,1919.5,1919.5,1918.800048828125,1918.800048828125,274
2026-09-11 14:32:00+05:30,1920.6500244140625,1921.0,1920.6500244140625,1921.0,658
2026-09-11 14:33:00+05:30,1920.4000244140625,1920.6500244140625,1919.5999755859375,1920.6500244140625,119
2026-09-11 14:34:00+05:30,1919.5999755859375,1919.5999755859375,1919.5999755859375,1919.5999755859375,2
2026-09-11 14:35:00+05:30,1918.6500244140625,1918.6500244140625,1918.6500244140625,1918.6500244140625,1
2026-09-11 14:37:00+05:30,1918.9000244140625,1919.9000244140625,1918.699951171875,1918.699951171875,51
2026-09-11 14:38:00+05:30,1917.949951171875,1917.949951171875,1917.949951171875,1917.949951171875,5
2026-09-11 14:41:00+05:30,1922.0,1922.0,1920.0,1920.0,5
2026-09-11 14:42:00+05:30,1923.6500244140625,1923.6500244140625,1923.25,1923.25,91
2026-09-11 14:43:00+05:30,1923.300048828125,1924.6500244140625,1923.300048828125,1924.6500244140625,109
2026-09-11 14:44:00+05:30,1923.9000244140625,1923.9000244140625,1923.9000244140625,1923.9000244140625,5
2026-09-11 14:45:00+05:30,1921.0999755859375,1922.300048828125,1921.0999755859375,1922.300048828125,71
2026-09-11 14:47:00+05:30,1920.5,1920.699951171875,1920.1500244140625,1920.1500244140625,35
2026-09-11 14:48:00+05:30,1919.949951171875,1919.949951171875,1919.949951171875,1919.949951171875,25
2026-09-11 14:49:00+05:30,1920.300048828125,1920.300048828125,1920.300048828125,1920.300048828125,8
2026-09-11 14:51:00+05:30,1918.199951171875,1918.75,1918.199951171875,1918.75,40
2026-09-11 14:55:00+05:30,1917.5,1917.699951171875,1917.5,1917.699951171875,12
2026-09-11 14:56:00+05:30,1917.199951171875,1917.4000244140625,1917.199951171875,1917.4000244140625,17
2026-09-11 14:59:00+05:30,1916.800048828125,1916.800048828125,1916.800048828125,1916.800048828125,9
2026-09-11 15:00:00+05:30,1916.5,1917.75,1916.5,1917.0,8
2026-09-11 15:01:00+05:30,1916.0999755859375,1916.0999755859375,1916.0999755859375,1916.0999755859375,4
2026-09-11 15:02:00+05:30,1916.5,1916.5,1916.5,1916.5,97
2026-09-11 15:03:00+05:30,1916.5,1916.5,1916.3499755859375,1916.5,414
2026-09-11 15:04:00+05:30,1916.5,1916.5,1916.5,1916.5,32
2026-09-11 15:05:00+05:30,1917.300048828125,1918.699951171875,1917.1500244140625,1917.1500244140625,108
2026-09-11 15:06:00+05:30,1917.449951171875,1917.449951171875,1917.0999755859375,1917.0999755859375,22
2026-09-11 15:07:00+05:30,1919.0999755859375,1919.0999755859375,1919.050048828125,1919.050048828125,9
2026-09-11 15:08:00+05:30,1920.550048828125,1920.550048828125,1918.5999755859375,1918.5999755859375,65
2026-09-11 15:09:00+05:30,1920.1500244140625,1920.449951171875,1920.1500244140625,1920.449951171875,8
2026-09-11 15:10:00+05:30,1921.300048828125,1921.300048828125,1920.300048828125,1920.300048828125,142
2026-09-11 15:11:00+05:30,1921.4000244140625,1921.4000244140625,1921.300048828125,1921.300048828125,106
2026-09-11 15:13:00+05:30,1922.5999755859375,1922.5999755859375,1922.5999755859375,1922.5999755859375,1
2026-09-11 15:14:00+05:30,1924.800048828125,1924.800048828125,1922.5999755859375,1922.5999755859375,25
2026-09-11 15:28:00+05:30,1917.300048828125,1917.300048828125,1917.300048828125,1917.300048828125,8
2026-09-15 09:15:00+05:30,1907.300048828125,1927.300048828125,1907.300048828125,1927.300048828125,415
2026-09-15 09:16:00+05:30,1904.449951171875,1907.1500244140625,1903.0,1907.1500244140625,293
2026-09-15 09:17:00+05:30,1898.25,1904.949951171875,1898.25,1904.0,249
2026-09-15 09:18:00+05:30,1896.25,1900.199951171875,1896.25,1900.199951171875,87
2026-09-15 09:19:00+05:30,1894.199951171875,1897.300048828125,1893.75,1897.0,317
2026-09-15 09:20:00+05:30,1895.4000244140625,1896.75,1893.0999755859375,1895.050048828125,208
2026-09-15 09:21:00+05:30,1893.0,1895.800048828125,1893.0,1894.449951171875,248
2026-09-15 09:22:00+05:30,1892.75,1894.449951171875,1892.199951171875,1894.449951171875,263
2026-09-15 09:23:00+05:30,1892.0,1894.1500244140625,1891.0,1893.300048828125,315
2026-09-15 09:24:00+05:30,1893.8499755859375,1893.8499755859375,1891.199951171875,1892.0,59
2026-09-15 09:25:00+05:30,1890.199951171875,1892.199951171875,1890.199951171875,1892.199951171875,73
2026-09-15 09:26:00+05:30,1891.550048828125,1893.4000244140625,1890.9000244140625,1891.5,62
2026-09-15 09:27:00+05:30,1893.550048828125,1893.550048828125,1890.9000244140625,1890.9000244140625,74
2026-09-15 09:28:00+05:30,1893.0999755859375,1893.0999755859375,1891.199951171875,1891.199951171875,73
2026-09-15 09:29:00+05:30,1892.6500244140625,1893.0999755859375,1892.5999755859375,1893.0999755859375,12
2026-09-15 09:30:00+05:30,1892.25,1894.550048828125,1892.25,1894.550048828125,35
2026-09-15 09:31:00+05:30,1891.800048828125,1893.1500244140625,1891.800048828125,1892.6500244140625,162
2026-09-15 09:32:00+05:30,1894.1500244140625,1894.1500244140625,1893.8499755859375,1893.8499755859375,5
2026-09-15 09:33:00+05:30,1892.699951171875,1894.0,1891.800048828125,1894.0,138
2026-09-15 09:34:00+05:30,1892.699951171875,1893.0,1892.699951171875,1893.0,6
2026-09-15 09:35:00+05:30,1892.0999755859375,1894.0,1892.0999755859375,1893.199951171875,98
2026-09-15 09:36:00+05:30,1891.6500244140625,1892.0,1891.0,1892.0,95
2026-09-15 09:37:00+05:30,1887.5999755859375,1890.0999755859375,1887.0,1890.0999755859375,133
2026-09-15 09:38:00+05:30,1887.199951171875,1887.199951171875,1886.699951171875,1886.699951171875,58
2026-09-15 09:39:00+05:30,1889.199951171875,1890.4000244140625,1887.050048828125,1887.050048828125,218
2026-09-15 09:40:00+05:30,1889.199951171875,1890.300048828125,1889.199951171875,1890.300048828125,44
2026-09-15 09:41:00+05:30,1890.0,1890.0,1889.4000244140625,1889.4000244140625,46
2026-09-15 09:42:00+05:30,1892.9000244140625,1892.9000244140625,1891.199951171875,1891.199951171875,75
2026-09-15 09:43:00+05:30,1892.8499755859375,1892.8499755859375,1892.5,1892.5,11
2026-09-15 09:44:00+05:30,1891.0999755859375,1893.0999755859375,1891.0,1893.0999755859375,113
2026-09-15 09:45:00+05:30,1889.25,1891.0999755859375,1888.5999755859375,1891.0999755859375,37
2026-09-15 09:46:00+05:30,1889.0999755859375,1889.0999755859375,1888.25,1889.0999755859375,132
2026-09-15 09:47:00+05:30,1889.25,1889.949951171875,1888.1500244140625,1888.1500244140625,32
2026-09-15 09:48:00+05:30,1888.0,1888.9000244140625,1888.0,1888.550048828125,112
2026-09-15 09:49:00+05:30,1888.5999755859375,1888.5999755859375,1887.9000244140625,1888.0,19
2026-09-15 09:50:00+05:30,1887.050048828125,1887.5,1886.699951171875,1887.5,30
2026-09-15 09:51:00+05:30,1886.699951171875,1887.199951171875,1886.699951171875,1887.199951171875,115
2026-09-15 09:52:00+05:30,1886.699951171875,1887.0,1886.699951171875,1887.0,41
2026-09-15 09:53:00+05:30,1887.0,1887.0,1885.0,1885.0,190
2026-09-15 09:54:00+05:30,1885.5,1886.800048828125,1885.5,1886.75,44
2026-09-15 09:55:00+05:30,1882.949951171875,1885.0,1882.4000244140625,1885.0,572
2026-09-15 09:56:00+05:30,1883.300048828125,1884.0,1883.300048828125,1884.0,53
2026-09-15 09:57:00+05:30,1882.0,1883.300048828125,1881.9000244140625,1882.300048828125,63
2026-09-15 09:58:00+05:30,1882.300048828125,1882.300048828125,1882.300048828125,1882.300048828125,1
2026-09-15 09:59:00+05:30,1884.800048828125,1884.9000244140625,1884.800048828125,1884.9000244140625,43
2026-09-15 10:00:00+05:30,1884.0999755859375,1885.050048828125,1883.25,1883.25,36
2026-09-15 10:01:00+05:30,1885.0,1885.6500244140625,1884.0999755859375,1884.0999755859375,10
2026-09-15 10:02:00+05:30,1884.550048828125,1884.550048828125,1883.75,1883.75,14
2026-09-15 10:03:00+05:30,1885.9000244140625,1885.9000244140625,1885.5999755859375,1885.5999755859375,30
2026-09-15 10:04:00+05:30,1885.3499755859375,1885.5999755859375,1884.9000244140625,1885.5999755859375,31
2026-09-15 10:05:00+05:30,1885.9000244140625,1885.9000244140625,1885.3499755859375,1885.3499755859375,11
2026-09-15 10:06:00+05:30,1884.9000244140625,1885.0,1884.800048828125,1885.0,71
2026-09-15 10:07:00+05:30,1885.0,1885.0,1883.75,1883.75,18
2026-09-15 10:08:00+05:30,1883.9000244140625,1884.0999755859375,1883.0,1883.0,7
2026-09-15 10:09:00+05:30,1882.0,1883.5,1882.0,1883.5,27
2026-09-15 10:10:00+05:30,1882.0,1882.0,1882.0,1882.0,2
2026-09-15 10:11:00+05:30,1883.5,1884.3499755859375,1882.0,1882.0,45
2026-09-15 10:12:00+05:30,1883.25,1883.300048828125,1882.699951171875,1882.699951171875,41
2026-09-15 10:13:00+05:30,1885.0,1885.0,1883.0999755859375,1883.0999755859375,48
2026-09-15 10:14:00+05:30,1884.949951171875,1884.949951171875,1884.949951171875,1884.949951171875,3
2026-09-15 10:15:00+05:30,1883.800048828125,1884.300048828125,1883.800048828125,1884.300048828125,49
2026-09-15 10:16:00+05:30,1883.949951171875,1883.949951171875,1883.949951171875,1883.949951171875,37
2026-09-15 10:17:00+05:30,1883.25,1883.800048828125,1882.699951171875,1883.800048828125,157
2026-09-15 10:18:00+05:30,1884.5,1884.5,1883.25,1883.25,45
2026-09-15 10:19:00+05:30,1885.0,1885.0,1883.699951171875,1883.699951171875,49
2026-09-15 10:20:00+05:30,1885.0,1885.0,1883.699951171875,1885.0,57
2026-09-15 10:21:00+05:30,1883.3499755859375,1884.0,1883.300048828125,1884.0,29
2026-09-15 10:22:00+05:30,1884.8499755859375,1885.0,1883.5999755859375,1883.5999755859375,29
2026-09-15 10:23:00+05:30,1884.949951171875,1884.949951171875,1883.25,1884.800048828125,93
2026-09-15 10:24:00+05:30,1885.0999755859375,1885.949951171875,1885.0999755859375,1885.0999755859375,25
2026-09-15 10:25:00+05:30,1885.25,1885.300048828125,1885.0999755859375,1885.0999755859375,7
2026-09-15 10:26:00+05:30,1883.75,1885.1500244140625,1883.300048828125,1883.3499755859375,36
2026-09-15 10:28:00+05:30,1884.75,1884.949951171875,1883.75,1884.949951171875,67
2026-09-15 10:29:00+05:30,1882.0,1884.6500244140625,1882.0,1884.6500244140625,28
2026-09-15 10:30:00+05:30,1878.550048828125,1882.1500244140625,1878.0,1882.1500244140625,418
2026-09-15 10:31:00+05:30,1879.4000244140625,1880.9000244140625,1878.0,1878.550048828125,165
2026-09-15 10:32:00+05:30,1880.0,1880.0,1879.0,1879.0,171
2026-09-15 10:33:00+05:30,1879.300048828125,1879.9000244140625,1879.300048828125,1879.4000244140625,37
2026-09-15 10:34:00+05:30,1880.0999755859375,1880.0999755859375,1879.0999755859375,1879.0999755859375,76
2026-09-15 10:35:00+05:30,1879.699951171875,1879.699951171875,1879.699951171875,1879.699951171875,1
2026-09-15 10:36:00+05:30,1880.050048828125,1880.5999755859375,1879.9000244140625,1880.5999755859375,47
2026-09-15 10:37:00+05:30,1880.5,1880.5,1879.199951171875,1880.0,46
2026-09-15 10:39:00+05:30,1881.0,1881.0,1880.0,1880.5,13
2026-09-15 10:40:00+05:30,1880.5999755859375,1881.0,1880.550048828125,1880.550048828125,29
2026-09-15 10:41:00+05:30,1881.0,1881.0,1880.9000244140625,1880.9000244140625,41
2026-09-15 10:42:00+05:30,1880.699951171875,1881.75,1880.699951171875,1881.75,4
2026-09-15 10:43:00+05:30,1880.800048828125,1881.0999755859375,1880.699951171875,1881.0999755859375,65
2026-09-15 10:44:00+05:30,1878.0,1880.0999755859375,1878.0,1880.0999755859375,23
2026-09-15 10:45:00+05:30,1878.300048828125,1878.300048828125,1877.25,1877.699951171875,51
2026-09-15 10:46:00+05:30,1876.9000244140625,1878.0999755859375,1876.9000244140625,1878.0,33
2026-09-15 10:47:00+05:30,1877.5,1878.5999755859375,1876.0,1876.0999755859375,895
2026-09-15 10:48:00+05:30,1879.6500244140625,1879.6500244140625,1877.050048828125,1877.050048828125,21
2026-09-15 10:49:00+05:30,1878.5999755859375,1878.6500244140625,1878.5999755859375,1878.6500244140625,14
2026-09-15 10:50:00+05:30,1879.699951171875,1879.699951171875,1878.550048828125,1878.5999755859375,359
2026-09-15 10:51:00+05:30,1881.3499755859375,1881.3499755859375,1878.800048828125,1878.800048828125,10
2026-09-15 10:52:00+05:30,1880.550048828125,1880.9000244140625,1879.25,1880.8499755859375,194
2026-09-15 10:53:00+05:30,1881.449951171875,1881.449951171875,1881.449951171875,1881.449951171875,25
2026-09-15 10:54:00+05:30,1881.199951171875,1881.199951171875,1881.199951171875,1881.199951171875,1
2026-09-15 10:55:00+05:30,1881.4000244140625,1882.3499755859375,1881.4000244140625,1882.3499755859375,23
2026-09-15 10:56:00+05:30,1879.8499755859375,1882.3499755859375,1879.8499755859375,1882.3499755859375,13
2026-09-15 10:57:00+05:30,1881.8499755859375,1881.8499755859375,1881.8499755859375,1881.8499755859375,6
2026-09-15 10:58:00+05:30,1881.0999755859375,1882.25,1881.0999755859375,1882.25,5
2026-09-15 10:59:00+05:30,1881.1500244140625,1881.1500244140625,1881.1500244140625,1881.1500244140625,1
2026-09-15 11:00:00+05:30,1882.25,1882.25,1882.199951171875,1882.199951171875,3
2026-09-15 11:01:00+05:30,1882.3499755859375,1882.3499755859375,1882.3499755859375,1882.3499755859375,31
2026-09-15 11:02:00+05:30,1882.800048828125,1882.800048828125,1881.699951171875,1881.699951171875,84
2026-09-15 11:03:00+05:30,1878.75,1882.300048828125,1878.75,1882.0,99
2026-09-15 11:04:00+05:30,1879.9000244140625,1880.0999755859375,1878.699951171875,1878.75,32
2026-09-15 11:05:00+05:30,1879.300048828125,1879.300048828125,1879.300048828125,1879.300048828125,10
2026-09-15 11:06:00+05:30,1879.5999755859375,1879.5999755859375,1879.5999755859375,1879.5999755859375,18
2026-09-15 11:07:00+05:30,1880.5999755859375,1880.5999755859375,1880.5999755859375,1880.5999755859375,22
2026-09-15 11:08:00+05:30,1878.0,1879.300048828125,1878.0,1879.300048828125,251
2026-09-15 11:09:00+05:30,1879.699951171875,1879.699951171875,1879.1500244140625,1879.1500244140625,16
2026-09-15 11:10:00+05:30,1877.949951171875,1879.9000244140625,1877.949951171875,1879.9000244140625,74
2026-09-15 11:11:00+05:30,1878.5,1878.6500244140625,1878.300048828125,1878.300048828125,90
2026-09-15 11:12:00+05:30,1879.9000244140625,1879.9000244140625,1878.9000244140625,1878.9000244140625,25
2026-09-15 11:13:00+05:30,1879.9000244140625,1879.9000244140625,1879.9000244140625,1879.9000244140625,22
2026-09-15 11:14:00+05:30,1879.0,1879.0999755859375,1879.0,1879.0999755859375,25
2026-09-15 11:16:00+05:30,1878.800048828125,1878.800048828125,1878.300048828125,1878.300048828125,11
2026-09-15 11:17:00+05:30,1875.5999755859375,1877.0,1875.0999755859375,1877.0,411
2026-09-15 11:18:00+05:30,1875.0,1876.199951171875,1875.0,1875.0,237
2026-09-15 11:19:00+05:30,1872.949951171875,1875.449951171875,1872.550048828125,1875.449951171875,77
2026-09-15 11:20:00+05:30,1872.25,1873.300048828125,1871.0,1873.300048828125,137
2026-09-15 11:21:00+05:30,1875.0999755859375,1875.0999755859375,1871.9000244140625,1873.449951171875,36
2026-09-15 11:22:00+05:30,1875.4000244140625,1875.4000244140625,1874.4000244140625,1874.5999755859375,39
2026-09-15 11:23:00+05:30,1876.0,1877.050048828125,1875.0,1875.449951171875,114
2026-09-15 11:24:00+05:30,1877.5,1877.800048828125,1877.050048828125,1877.050048828125,51
2026-09-15 11:25:00+05:30,1876.300048828125,1877.550048828125,1876.300048828125,1876.300048828125,58
2026-09-15 11:26:00+05:30,1876.5,1876.8499755859375,1875.1500244140625,1876.5,41
2026-09-15 11:27:00+05:30,1876.5,1876.5999755859375,1876.1500244140625,1876.5,37
2026-09-15 11:28:00+05:30,1876.699951171875,1876.699951171875,1875.949951171875,1875.949951171875,21
2026-09-15 11:29:00+05:30,1876.300048828125,1876.300048828125,1876.300048828125,1876.300048828125,10
2026-09-15 11:30:00+05:30,1876.300048828125,1876.300048828125,1876.300048828125,1876.300048828125,12
2026-09-15 11:31:00+05:30,1876.5999755859375,1876.5999755859375,1876.5999755859375,1876.5999755859375,1
2026-09-15 11:32:00+05:30,1877.550048828125,1877.550048828125,1877.550048828125,1877.550048828125,17
2026-09-15 11:33:00+05:30,1877.449951171875,1877.449951171875,1876.6500244140625,1877.449951171875,17
2026-09-15 11:34:00+05:30,1878.4000244140625,1878.5999755859375,1878.4000244140625,1878.5999755859375,17
2026-09-15 11:35:00+05:30,1878.4000244140625,1878.4000244140625,1878.4000244140625,1878.4000244140625,10
2026-09-15 11:37:00+05:30,1879.4000244140625,1879.5,1877.3499755859375,1878.449951171875,75
2026-09-15 11:38:00+05:30,1879.75,1880.0999755859375,1879.75,1879.8499755859375,14
2026-09-15 11:39:00+05:30,1880.4000244140625,1880.4000244140625,1880.4000244140625,1880.4000244140625,2
2026-09-15 11:40:00+05:30,1879.8499755859375,1879.8499755859375,1879.75,1879.800048828125,94
2026-09-15 11:41:00+05:30,1880.0999755859375,1880.0999755859375,1879.699951171875,1879.699951171875,24
2026-09-15 11:42:00+05:30,1879.5,1879.5,1879.5,1879.5,59
2026-09-15 11:43:00+05:30,1880.1500244140625,1880.1500244140625,1880.1500244140625,1880.1500244140625,1
2026-09-15 11:44:00+05:30,1879.6500244140625,1880.4000244140625,1879.6500244140625,1880.4000244140625,5
2026-09-15 11:45:00+05:30,1879.6500244140625,1880.0,1879.6500244140625,1879.9000244140625,18
2026-09-15 11:46:00+05:30,1879.6500244140625,1879.6500244140625,1879.6500244140625,1879.6500244140625,5
2026-09-15 11:47:00+05:30,1879.0,1879.6500244140625,1879.0,1879.6500244140625,7
2026-09-15 11:48:00+05:30,1879.0,1879.4000244140625,1879.0,1879.4000244140625,15
2026-09-15 11:50:00+05:30,1875.5,1875.5,1875.5,1875.5,56
2026-09-15 11:51:00+05:30,1878.300048828125,1879.0,1878.0999755859375,1878.0999755859375,12
2026-09-15 11:52:00+05:30,1877.699951171875,1877.699951171875,1877.699951171875,1877.699951171875,11
2026-09-15 11:53:00+05:30,1877.0,1877.199951171875,1877.0,1877.199951171875,2
2026-09-15 11:54:00+05:30,1877.300048828125,1877.300048828125,1876.800048828125,1876.800048828125,25
2026-09-15 11:56:00+05:30,1877.9000244140625,1877.9000244140625,1877.9000244140625,1877.9000244140625,1
2026-09-15 11:57:00+05:30,1879.0,1879.5999755859375,1878.9000244140625,1878.9000244140625,63
2026-09-15 11:58:00+05:30,1879.300048828125,1879.9000244140625,1877.949951171875,1877.949951171875,132
2026-09-15 11:59:00+05:30,1879.9000244140625,1879.9000244140625,1879.300048828125,1879.300048828125,54
2026-09-15 12:00:00+05:30,1879.699951171875,1879.699951171875,1879.699951171875,1879.699951171875,2
2026-09-15 12:02:00+05:30,1882.0,1882.0,1880.75,1880.75,22
2026-09-15 12:03:00+05:30,1881.800048828125,1881.800048828125,1881.800048828125,1881.800048828125,5
2026-09-15 12:04:00+05:30,1881.9000244140625,1881.9000244140625,1881.9000244140625,1881.9000244140625,2
2026-09-15 12:05:00+05:30,1882.300048828125,1882.300048828125,1882.300048828125,1882.300048828125,3
2026-09-15 12:06:00+05:30,1881.5,1881.5,1881.5,1881.5,10
2026-09-15 12:07:00+05:30,1881.75,1881.75,1880.800048828125,1880.800048828125,75
2026-09-15 12:08:00+05:30,1881.75,1881.75,1881.75,1881.75,23
2026-09-15 12:09:00+05:30,1880.0,1881.0999755859375,1880.0,1880.199951171875,92
2026-09-15 12:10:00+05:30,1879.5999755859375,1879.5999755859375,1879.300048828125,1879.300048828125,69
2026-09-15 12:12:00+05:30,1880.5999755859375,1881.5,1879.6500244140625,1879.6500244140625,19
2026-09-15 12:13:00+05:30,1880.6500244140625,1880.6500244140625,1880.6500244140625,1880.6500244140625,7
2026-09-15 12:14:00+05:30,1881.0,1881.0,1880.800048828125,1880.800048828125,3
2026-09-15 12:15:00+05:30,1879.9000244140625,1881.0,1879.9000244140625,1881.0,22
2026-09-15 12:18:00+05:30,1879.449951171875,1880.9000244140625,1879.449951171875,1880.9000244140625,168
2026-09-15 12:19:00+05:30,1880.050048828125,1880.25,1880.050048828125,1880.25,10
2026-09-15 12:22:00+05:30,1881.300048828125,1881.300048828125,1881.300048828125,1881.300048828125,11
2026-09-15 12:23:00+05:30,1880.5,1880.5,1880.5,1880.5,13
2026-09-15 12:24:00+05:30,1881.4000244140625,1881.4000244140625,1881.4000244140625,1881.4000244140625,6
2026-09-15 12:25:00+05:30,1881.4000244140625,1881.75,1881.4000244140625,1881.75,3
2026-09-15 12:26:00+05:30,1881.75,1881.75,1880.699951171875,1881.75,20
2026-09-15 12:27:00+05:30,1880.0,1880.3499755859375,1880.0,1880.3499755859375,97
2026-09-15 12:29:00+05:30,1880.4000244140625,1880.4000244140625,1880.0,1880.0,13
2026-09-15 12:30:00+05:30,1880.0999755859375,1880.0999755859375,1880.0999755859375,1880.0999755859375,12
2026-09-15 12:31:00+05:30,1879.300048828125,1880.0999755859375,1879.300048828125,1879.3499755859375,42
2026-09-15 12:32:00+05:30,1878.3499755859375,1879.300048828125,1878.25,1879.300048828125,72
2026-09-15 12:33:00+05:30,1879.300048828125,1879.300048828125,1879.300048828125,1879.300048828125,1
2026-09-15 12:34:00+05:30,1878.550048828125,1879.300048828125,1878.550048828125,1879.300048828125,45
2026-09-15 12:35:00+05:30,1878.5,1878.5,1878.5,1878.5,25
2026-09-15 12:36:00+05:30,1879.0999755859375,1879.0999755859375,1879.0999755859375,1879.0999755859375,1
2026-09-15 12:37:00+05:30,1878.0,1878.5,1878.0,1878.5,73
2026-09-15 12:39:00+05:30,1877.699951171875,1878.5999755859375,1877.699951171875,1878.5999755859375,12
2026-09-15 12:41:00+05:30,1877.300048828125,1878.1500244140625,1877.300048828125,1878.1500244140625,11
2026-09-15 12:42:00+05:30,1877.5,1879.300048828125,1877.449951171875,1879.300048828125,279
2026-09-15 12:44:00+05:30,1877.9000244140625,1877.9000244140625,1877.5,1877.5,2
2026-09-15 12:46:00+05:30,1879.050048828125,1879.050048828125,1876.5,1876.5,39
2026-09-15 12:47:00+05:30,1876.050048828125,1878.699951171875,1876.050048828125,1878.699951171875,1040
2026-09-15 12:48:00+05:30,1876.6500244140625,1877.9000244140625,1876.6500244140625,1877.9000244140625,5
2026-09-15 12:49:00+05:30,1877.5,1877.5,1877.5,1877.5,20
2026-09-15 12:50:00+05:30,1878.0999755859375,1878.0999755859375,1878.0999755859375,1878.0999755859375,157
2026-09-15 12:51:00+05:30,1878.5,1879.0,1878.5,1878.800048828125,12
2026-09-15 12:53:00+05:30,1878.0999755859375,1878.699951171875,1878.0999755859375,1878.5,3
2026-09-15 12:54:00+05:30,1878.4000244140625,1878.5999755859375,1878.300048828125,1878.5999755859375,7
2026-09-15 12:55:00+05:30,1878.5,1878.5,1877.449951171875,1877.449951171875,4
2026-09-15 12:56:00+05:30,1876.1500244140625,1876.1500244140625,1876.1500244140625,1876.1500244140625,1025
2026-09-15 12:58:00+05:30,1875.0,1877.0,1875.0,1877.0,67
2026-09-15 12:59:00+05:30,1874.1500244140625,1874.1500244140625,1874.1500244140625,1874.1500244140625,5
2026-09-15 13:00:00+05:30,1876.199951171875,1876.199951171875,1875.4000244140625,1875.4000244140625,40
2026-09-15 13:01:00+05:30,1874.5,1876.0,1874.5,1876.0,51
2026-09-15 13:02:00+05:30,1873.800048828125,1874.699951171875,1873.800048828125,1874.699951171875,232
2026-09-15 13:04:00+05:30,1875.75,1876.050048828125,1875.75,1876.050048828125,68
2026-09-15 13:05:00+05:30,1875.949951171875,1875.949951171875,1875.699951171875,1875.699951171875,6
2026-09-15 13:06:00+05:30,1875.199951171875,1876.050048828125,1875.199951171875,1876.050048828125,12
2026-09-15 13:07:00+05:30,1876.199951171875,1876.199951171875,1875.800048828125,1875.800048828125,4
2026-09-15 13:08:00+05:30,1876.199951171875,1876.199951171875,1875.5,1875.800048828125,61
2026-09-15 13:09:00+05:30,1876.0,1876.0,1875.5,1875.5,5
2026-09-15 13:10:00+05:30,1875.199951171875,1875.4000244140625,1874.75,1874.75,51
2026-09-15 13:11:00+05:30,1873.5999755859375,1875.199951171875,1873.0,1875.199951171875,99
2026-09-15 13:12:00+05:30,1873.9000244140625,1873.9000244140625,1873.9000244140625,1873.9000244140625,6
2026-09-15 13:13:00+05:30,1873.0999755859375,1873.300048828125,1873.0999755859375,1873.300048828125,94
2026-09-15 13:14:00+05:30,1874.199951171875,1874.199951171875,1874.199951171875,1874.199951171875,16
2026-09-15 13:15:00+05:30,1873.5,1873.5,1873.5,1873.5,4
2026-09-15 13:16:00+05:30,1873.0,1873.0,1873.0,1873.0,6
2026-09-15 13:17:00+05:30,1873.0,1873.0,1873.0,1873.0,6
2026-09-15 13:18:00+05:30,1874.4000244140625,1874.4000244140625,1874.4000244140625,1874.4000244140625,11
2026-09-15 13:19:00+05:30,1873.5999755859375,1873.5999755859375,1873.5999755859375,1873.5999755859375,7
2026-09-15 13:21:00+05:30,1873.0,1873.5999755859375,1873.0,1873.5999755859375,10
2026-09-15 13:22:00+05:30,1874.3499755859375,1874.3499755859375,1874.3499755859375,1874.3499755859375,6
2026-09-15 13:23:00+05:30,1873.0,1873.5999755859375,1873.0,1873.5999755859375,55
2026-09-15 13:24:00+05:30,1873.5,1873.5,1873.0,1873.0,45
2026-09-15 13:25:00+05:30,1873.5,1873.5,1873.5,1873.5,46
2026-09-15 13:27:00+05:30,1873.5999755859375,1874.300048828125,1873.5999755859375,1874.300048828125,42
2026-09-15 13:28:00+05:30,1873.0,1873.0,1873.0,1873.0,8
2026-09-15 13:29:00+05:30,1872.3499755859375,1873.3499755859375,1872.3499755859375,1873.3499755859375,88
2026-09-15 13:30:00+05:30,1872.699951171875,1872.699951171875,1872.0,1872.0,6
2026-09-15 13:31:00+05:30,1867.800048828125,1872.0,1867.800048828125,1872.0,200
2026-09-15 13:32:00+05:30,1868.699951171875,1868.699951171875,1868.699951171875,1868.699951171875,4
2026-09-15 13:33:00+05:30,1866.1500244140625,1867.449951171875,1866.1500244140625,1867.449951171875,10
2026-09-15 13:34:00+05:30,1866.4000244140625,1866.4000244140625,1866.4000244140625,1866.4000244140625,35
2026-09-15 13:35:00+05:30,1866.1500244140625,1866.199951171875,1866.1500244140625,1866.199951171875,175
2026-09-15 13:36:00+05:30,1867.9000244140625,1867.9000244140625,1867.9000244140625,1867.9000244140625,3
2026-09-15 13:37:00+05:30,1869.0,1869.199951171875,1867.9000244140625,1868.800048828125,65
2026-09-15 13:38:00+05:30,1869.25,1869.550048828125,1869.25,1869.550048828125,4
2026-09-15 13:39:00+05:30,1870.050048828125,1871.5,1868.8499755859375,1869.699951171875,80
2026-09-15 13:40:00+05:30,1869.199951171875,1871.300048828125,1869.199951171875,1871.300048828125,34
2026-09-15 13:41:00+05:30,1869.25,1869.25,1868.0,1868.0,27
2026-09-15 13:42:00+05:30,1871.0,1871.050048828125,1871.0,1871.050048828125,18
2026-09-15 13:43:00+05:30,1869.0,1871.199951171875,1869.0,1869.699951171875,1151
2026-09-15 13:44:00+05:30,1869.300048828125,1869.300048828125,1869.300048828125,1869.300048828125,1
2026-09-15 13:46:00+05:30,1872.4000244140625,1872.4000244140625,1872.4000244140625,1872.4000244140625,10
2026-09-15 13:47:00+05:30,1871.550048828125,1871.550048828125,1871.550048828125,1871.550048828125,3
2026-09-15 13:49:00+05:30,1870.0,1870.0,1870.0,1870.0,2
2026-09-15 13:50:00+05:30,1872.25,1872.25,1871.5,1871.5,10
2026-09-15 13:51:00+05:30,1872.300048828125,1872.300048828125,1872.300048828125,1872.300048828125,107
2026-09-15 13:53:00+05:30,1871.5,1871.5,1871.5,1871.5,1
2026-09-15 13:54:00+05:30,1871.050048828125,1871.050048828125,1870.0,1870.0,14
2026-09-15 13:55:00+05:30,1870.0,1870.0,1870.0,1870.0,2
2026-09-15 13:57:00+05:30,1870.949951171875,1870.949951171875,1870.949951171875,1870.949951171875,1
2026-09-15 13:59:00+05:30,1870.5,1870.5,1870.5,1870.5,2
2026-09-15 14:00:00+05:30,1869.300048828125,1870.0,1869.300048828125,1870.0,2
2026-09-15 14:01:00+05:30,1869.550048828125,1870.5,1869.550048828125,1870.5,33
2026-09-15 14:02:00+05:30,1871.0,1871.0,1871.0,1871.0,10
2026-09-15 14:04:00+05:30,1870.5,1870.5,1869.949951171875,1869.949951171875,11
2026-09-15 14:06:00+05:30,1870.5,1870.699951171875,1870.4000244140625,1870.699951171875,19
2026-09-15 14:07:00+05:30,1869.9000244140625,1870.5,1869.9000244140625,1870.5,33
2026-09-15 14:08:00+05:30,1869.199951171875,1869.300048828125,1869.0,1869.300048828125,21
2026-09-15 14:09:00+05:30,1868.949951171875,1869.550048828125,1867.949951171875,1869.550048828125,70
2026-09-15 14:10:00+05:30,1867.75,1867.800048828125,1867.75,1867.800048828125,5
2026-09-15 14:11:00+05:30,1867.0,1867.199951171875,1867.0,1867.199951171875,72
2026-09-15 14:13:00+05:30,1866.9000244140625,1866.9000244140625,1866.5999755859375,1866.5999755859375,8
2026-09-15 14:14:00+05:30,1866.9000244140625,1866.9000244140625,1866.5999755859375,1866.5999755859375,6
2026-09-15 14:15:00+05:30,1864.0,1866.0,1864.0,1866.0,184
2026-09-15 14:16:00+05:30,1864.4000244140625,1864.4000244140625,1864.4000244140625,1864.4000244140625,1
2026-09-15 14:18:00+05:30,1864.0,1864.8499755859375,1864.0,1864.0,220
2026-09-15 14:19:00+05:30,1864.6500244140625,1864.6500244140625,1864.6500244140625,1864.6500244140625,1
2026-09-15 14:21:00+05:30,1864.6500244140625,1864.6500244140625,1864.6500244140625,1864.6500244140625,11
2026-09-15 14:22:00+05:30,1864.6500244140625,1864.6500244140625,1864.6500244140625,1864.6500244140625,57
2026-09-15 14:23:00+05:30,1865.6500244140625,1865.6500244140625,1865.6500244140625,1865.6500244140625,3
2026-09-15 14:24:00+05:30,1865.199951171875,1865.199951171875,1863.9000244140625,1863.9000244140625,31
2026-09-15 14:25:00+05:30,1864.5,1864.5,1863.050048828125,1863.050048828125,118
2026-09-15 14:26:00+05:30,1863.949951171875,1863.949951171875,1863.4000244140625,1863.4000244140625,12
2026-09-15 14:27:00+05:30,1861.4000244140625,1863.0,1861.4000244140625,1863.0,287
2026-09-15 14:28:00+05:30,1861.25,1862.3499755859375,1861.25,1861.699951171875,38
2026-09-15 14:29:00+05:30,1861.25,1861.25,1861.25,1861.25,11
2026-09-15 14:30:00+05:30,1862.0,1862.0999755859375,1861.25,1862.0999755859375,25
2026-09-15 14:31:00+05:30,1863.199951171875,1863.199951171875,1862.0,1862.0,29
2026-09-15 14:32:00+05:30,1862.699951171875,1863.0999755859375,1862.699951171875,1863.0999755859375,23
2026-09-15 14:33:00+05:30,1863.449951171875,1864.0,1862.0,1864.0,51
2026-09-15 14:34:00+05:30,1862.9000244140625,1863.5999755859375,1862.9000244140625,1863.5999755859375,23
2026-09-15 14:35:00+05:30,1863.5,1863.8499755859375,1862.1500244140625,1863.8499755859375,18
2026-09-15 14:36:00+05:30,1863.5,1863.5,1862.800048828125,1862.800048828125,4
2026-09-15 14:37:00+05:30,1863.199951171875,1863.199951171875,1862.1500244140625,1862.8499755859375,49
2026-09-15 14:38:00+05:30,1863.0,1863.25,1862.1500244140625,1862.1500244140625,44
2026-09-15 14:39:00+05:30,1863.0999755859375,1863.300048828125,1863.0999755859375,1863.300048828125,16
2026-09-15 14:40:00+05:30,1863.5,1863.5,1863.0999755859375,1863.0999755859375,7
2026-09-15 14:41:00+05:30,1862.449951171875,1862.449951171875,1862.449951171875,1862.449951171875,220
2026-09-15 14:42:00+05:30,1863.800048828125,1863.9000244140625,1863.699951171875,1863.699951171875,6
2026-09-15 14:43:00+05:30,1863.0999755859375,1863.25,1863.0,1863.199951171875,19
2026-09-15 14:44:00+05:30,1864.050048828125,1864.050048828125,1862.699951171875,1862.699951171875,152
2026-09-15 14:45:00+05:30,1863.75,1863.75,1863.5999755859375,1863.5999755859375,10
2026-09-15 14:46:00+05:30,1862.0,1863.0,1862.0,1863.0,103
2026-09-15 14:47:00+05:30,1860.699951171875,1861.25,1860.699951171875,1861.25,66
2026-09-15 14:48:00+05:30,1860.0,1860.0,1859.0,1860.0,244
2026-09-15 14:49:00+05:30,1860.199951171875,1860.5,1860.0,1860.449951171875,11
2026-09-15 14:50:00+05:30,1861.199951171875,1861.199951171875,1860.0999755859375,1860.0999755859375,13
2026-09-15 14:51:00+05:30,1861.199951171875,1861.199951171875,1860.9000244140625,1860.9000244140625,3
2026-09-15 14:52:00+05:30,1860.0,1861.9000244140625,1859.8499755859375,1861.75,57
2026-09-15 14:53:00+05:30,1859.300048828125,1860.0,1859.300048828125,1859.800048828125,13
2026-09-15 14:54:00+05:30,1859.0,1859.0,1859.0,1859.0,5
2026-09-15 14:55:00+05:30,1859.0,1859.8499755859375,1858.699951171875,1859.4000244140625,121
2026-09-15 14:56:00+05:30,1859.949951171875,1859.949951171875,1859.4000244140625,1859.4000244140625,5
2026-09-15 14:57:00+05:30,1860.0,1860.0,1859.699951171875,1860.0,9
2026-09-15 14:58:00+05:30,1860.0,1860.0,1860.0,1860.0,109
2026-09-15 14:59:00+05:30,1858.4000244140625,1860.0,1858.4000244140625,1860.0,180
2026-09-15 15:00:00+05:30,1859.0999755859375,1859.0999755859375,1859.0999755859375,1859.0999755859375,18
2026-09-15 15:01:00+05:30,1859.949951171875,1860.0,1859.0,1859.0999755859375,162
2026-09-15 15:02:00+05:30,1859.9000244140625,1859.949951171875,1859.9000244140625,1859.949951171875,26
2026-09-15 15:03:00+05:30,1858.5,1859.8499755859375,1858.5,1859.8499755859375,30
2026-09-15 15:04:00+05:30,1859.9000244140625,1859.9000244140625,1859.1500244140625,1859.199951171875,13
2026-09-15 15:05:00+05:30,1859.9000244140625,1860.0,1859.9000244140625,1860.0,36
2026-09-15 15:06:00+05:30,1859.5,1860.0,1859.050048828125,1859.9000244140625,93
2026-09-15 15:07:00+05:30,1859.800048828125,1860.0,1858.75,1860.0,85
2026-09-15 15:08:00+05:30,1860.0,1860.0,1859.75,1859.800048828125,159
2026-09-15 15:09:00+05:30,1858.75,1860.0,1858.699951171875,1860.0,273
2026-09-15 15:10:00+05:30,1859.5999755859375,1860.0,1859.1500244140625,1860.0,85
2026-09-15 15:11:00+05:30,1860.050048828125,1861.800048828125,1859.800048828125,1859.800048828125,1079
2026-09-15 15:12:00+05:30,1861.5,1861.9000244140625,1860.0,1860.9000244140625,114
2026-09-15 15:13:00+05:30,1861.9000244140625,1861.9000244140625,1860.3499755859375,1860.3499755859375,28
2026-09-15 15:14:00+05:30,1860.5,1863.4000244140625,1859.1500244140625,1862.199951171875,97
2026-09-15 15:29:00+05:30,1858.0,1858.0,1858.0,1858.0,74
2026-09-16 09:15:00+05:30,1873.3499755859375,1873.3499755859375,1861.949951171875,1861.949951171875,168
2026-09-16 09:16:00+05:30,1870.5999755859375,1870.8499755859375,1868.0,1870.8499755859375,373
2026-09-16 09:17:00+05:30,1869.199951171875,1871.0,1869.199951171875,1871.0,548
2026-09-16 09:18:00+05:30,1865.9000244140625,1866.0999755859375,1865.9000244140625,1866.0999755859375,21
2026-09-16 09:19:00+05:30,1865.0,1866.550048828125,1865.0,1866.449951171875,282
2026-09-16 09:20:00+05:30,1863.8499755859375,1864.0,1863.5999755859375,1864.0,21
2026-09-16 09:21:00+05:30,1861.5,1863.699951171875,1861.5,1863.699951171875,250
2026-09-16 09:22:00+05:30,1863.050048828125,1863.199951171875,1861.199951171875,1861.199951171875,212
2026-09-16 09:23:00+05:30,1861.9000244140625,1861.9000244140625,1860.699951171875,1860.699951171875,6
2026-09-16 09:25:00+05:30,1860.699951171875,1861.800048828125,1860.699951171875,1861.300048828125,24
2026-09-16 09:26:00+05:30,1862.0999755859375,1862.0999755859375,1860.6500244140625,1861.9000244140625,109
2026-09-16 09:27:00+05:30,1860.0,1861.3499755859375,1860.0,1861.3499755859375,24
2026-09-16 09:28:00+05:30,1858.5,1861.0,1858.5,1860.699951171875,20
2026-09-16 09:29:00+05:30,1860.050048828125,1860.050048828125,1858.5,1858.5,31
2026-09-16 09:30:00+05:30,1858.0,1859.0999755859375,1856.699951171875,1856.699951171875,17
2026-09-16 09:31:00+05:30,1858.0999755859375,1858.0999755859375,1857.199951171875,1857.4000244140625,149
2026-09-16 09:32:00+05:30,1857.0,1858.75,1855.5,1858.75,130
2026-09-16 09:33:00+05:30,1855.699951171875,1856.300048828125,1855.699951171875,1856.300048828125,20
2026-09-16 09:34:00+05:30,1859.800048828125,1859.800048828125,1858.0,1858.199951171875,53
2026-09-16 09:35:00+05:30,1855.0,1859.300048828125,1855.0,1859.300048828125,35
2026-09-16 09:36:00+05:30,1855.3499755859375,1855.3499755859375,1855.0,1855.0,56
2026-09-16 09:37:00+05:30,1854.5999755859375,1856.1500244140625,1854.5999755859375,1854.699951171875,72
2026-09-16 09:38:00+05:30,1851.6500244140625,1853.0,1851.6500244140625,1853.0,33
2026-09-16 09:39:00+05:30,1852.0999755859375,1852.0999755859375,1851.3499755859375,1851.3499755859375,34
2026-09-16 09:40:00+05:30,1852.0999755859375,1852.0999755859375,1852.0999755859375,1852.0999755859375,1
2026-09-16 09:41:00+05:30,1850.800048828125,1853.449951171875,1850.800048828125,1853.449951171875,120
2026-09-16 09:42:00+05:30,1849.0999755859375,1850.0,1849.0999755859375,1849.5999755859375,151
2026-09-16 09:43:00+05:30,1850.6500244140625,1850.6500244140625,1848.050048828125,1848.5999755859375,124
2026-09-16 09:44:00+05:30,1849.25,1850.199951171875,1849.25,1850.199951171875,30
2026-09-16 09:45:00+05:30,1848.0999755859375,1849.949951171875,1847.449951171875,1847.449951171875,83
2026-09-16 09:46:00+05:30,1851.300048828125,1851.300048828125,1850.0,1850.0,24
2026-09-16 09:47:00+05:30,1849.5999755859375,1849.5999755859375,1849.5,1849.5,53
2026-09-16 09:48:00+05:30,1848.550048828125,1849.0999755859375,1847.0999755859375,1847.3499755859375,82
2026-09-16 09:49:00+05:30,1850.0,1850.0,1850.0,1850.0,3
2026-09-16 09:50:00+05:30,1852.6500244140625,1852.6500244140625,1850.4000244140625,1850.4000244140625,108
2026-09-16 09:51:00+05:30,1851.25,1853.199951171875,1851.25,1853.199951171875,25
2026-09-16 09:52:00+05:30,1855.0,1855.0,1854.4000244140625,1854.4000244140625,51
2026-09-16 09:53:00+05:30,1855.5,1855.5999755859375,1855.5,1855.5999755859375,33
2026-09-16 09:54:00+05:30,1858.449951171875,1858.449951171875,1855.699951171875,1856.199951171875,7
2026-09-16 09:55:00+05:30,1859.0,1859.0,1858.75,1858.75,27
2026-09-16 09:56:00+05:30,1860.949951171875,1860.949951171875,1858.0,1858.0,97
2026-09-16 09:57:00+05:30,1858.800048828125,1860.75,1858.699951171875,1860.75,50
2026-09-16 09:58:00+05:30,1856.699951171875,1858.050048828125,1856.300048828125,1858.0,120
2026-09-16 09:59:00+05:30,1856.699951171875,1856.699951171875,1856.699951171875,1856.699951171875,1
2026-09-16 10:00:00+05:30,1858.8499755859375,1859.0,1858.0,1858.0,115
2026-09-16 10:01:00+05:30,1856.0,1856.0,1856.0,1856.0,10
2026-09-16 10:02:00+05:30,1855.0,1857.199951171875,1855.0,1856.6500244140625,30
2026-09-16 10:03:00+05:30,1855.4000244140625,1857.5999755859375,1855.4000244140625,1855.8499755859375,78
2026-09-16 10:04:00+05:30,1854.8499755859375,1856.6500244140625,1854.8499755859375,1856.6500244140625,22
2026-09-16 10:05:00+05:30,1853.0999755859375,1853.300048828125,1853.0999755859375,1853.300048828125,20
2026-09-16 10:06:00+05:30,1851.800048828125,1853.0999755859375,1851.800048828125,1853.0999755859375,12
2026-09-16 10:07:00+05:30,1851.5999755859375,1851.5999755859375,1851.5999755859375,1851.5999755859375,5
2026-09-16 10:08:00+05:30,1851.5999755859375,1853.5,1851.5999755859375,1851.75,23
2026-09-16 10:09:00+05:30,1852.300048828125,1852.300048828125,1851.0,1851.0,62
2026-09-16 10:10:00+05:30,1850.699951171875,1850.699951171875,1850.699951171875,1850.699951171875,200
2026-09-16 10:11:00+05:30,1853.3499755859375,1853.3499755859375,1852.199951171875,1852.199951171875,12
2026-09-16 10:12:00+05:30,1854.0,1854.0,1854.0,1854.0,5
2026-09-16 10:13:00+05:30,1851.0,1853.199951171875,1851.0,1853.199951171875,183
2026-09-16 10:16:00+05:30,1850.9000244140625,1852.199951171875,1850.9000244140625,1852.199951171875,14
2026-09-16 10:17:00+05:30,1853.9000244140625,1853.9000244140625,1853.9000244140625,1853.9000244140625,27
2026-09-16 10:18:00+05:30,1855.949951171875,1855.949951171875,1853.5,1853.5,16
2026-09-16 10:19:00+05:30,1854.199951171875,1854.25,1851.699951171875,1853.550048828125,89
2026-09-16 10:20:00+05:30,1855.6500244140625,1855.6500244140625,1852.199951171875,1852.199951171875,15
2026-09-16 10:21:00+05:30,1852.1500244140625,1854.0,1852.1500244140625,1854.0,3
2026-09-16 10:23:00+05:30,1855.0,1855.0,1853.5999755859375,1853.5999755859375,13
2026-09-16 10:24:00+05:30,1855.0,1855.0,1855.0,1855.0,150
2026-09-16 10:25:00+05:30,1856.0,1856.6500244140625,1855.0,1855.699951171875,41
2026-09-16 10:26:00+05:30,1855.0,1856.0,1855.0,1856.0,6
2026-09-16 10:27:00+05:30,1854.949951171875,1854.949951171875,1854.949951171875,1854.949951171875,1
2026-09-16 10:28:00+05:30,1855.050048828125,1855.050048828125,1853.449951171875,1853.449951171875,31
2026-09-16 10:29:00+05:30,1855.0999755859375,1855.0999755859375,1855.0999755859375,1855.0999755859375,7
2026-09-16 10:31:00+05:30,1855.0,1855.050048828125,1855.0,1855.050048828125,3
2026-09-16 10:32:00+05:30,1855.3499755859375,1855.3499755859375,1855.3499755859375,1855.3499755859375,2
2026-09-16 10:33:00+05:30,1854.5,1855.3499755859375,1854.5,1855.3499755859375,13
2026-09-16 10:34:00+05:30,1856.1500244140625,1856.1500244140625,1854.5,1854.5,64
2026-09-16 10:36:00+05:30,1858.199951171875,1858.199951171875,1858.199951171875,1858.199951171875,1
2026-09-16 10:37:00+05:30,1855.800048828125,1857.4000244140625,1855.800048828125,1857.4000244140625,63
2026-09-16 10:39:00+05:30,1855.800048828125,1856.8499755859375,1855.800048828125,1856.8499755859375,18
2026-09-16 10:40:00+05:30,1857.0,1857.0,1857.0,1857.0,1
2026-09-16 10:42:00+05:30,1858.75,1858.800048828125,1858.6500244140625,1858.6500244140625,9
2026-09-16 10:43:00+05:30,1857.550048828125,1857.550048828125,1855.199951171875,1857.0,504
2026-09-16 10:44:00+05:30,1856.050048828125,1856.050048828125,1856.050048828125,1856.050048828125,4
2026-09-16 10:45:00+05:30,1857.300048828125,1857.300048828125,1855.5999755859375,1855.5999755859375,34
2026-09-16 10:46:00+05:30,1857.9000244140625,1857.9000244140625,1856.9000244140625,1856.9000244140625,4
2026-09-16 10:48:00+05:30,1857.9000244140625,1857.9000244140625,1857.9000244140625,1857.9000244140625,7
2026-09-16 10:49:00+05:30,1859.300048828125,1860.0,1858.25,1858.25,37
2026-09-16 10:50:00+05:30,1856.800048828125,1856.800048828125,1856.800048828125,1856.800048828125,31
2026-09-16 10:51:00+05:30,1858.9000244140625,1858.9000244140625,1858.9000244140625,1858.9000244140625,2
2026-09-16 10:52:00+05:30,1858.5,1858.5,1858.050048828125,1858.050048828125,11
2026-09-16 10:53:00+05:30,1858.050048828125,1858.050048828125,1858.050048828125,1858.050048828125,5
2026-09-16 10:55:00+05:30,1857.5,1857.5,1857.5,1857.5,1
2026-09-16 10:56:00+05:30,1857.3499755859375,1857.3499755859375,1857.3499755859375,1857.3499755859375,60
2026-09-16 10:57:00+05:30,1857.3499755859375,1857.3499755859375,1857.3499755859375,1857.3499755859375,3
2026-09-16 10:58:00+05:30,1854.5999755859375,1856.300048828125,1854.5999755859375,1856.300048828125,39
2026-09-16 10:59:00+05:30,1857.1500244140625,1857.1500244140625,1857.1500244140625,1857.1500244140625,62
2026-09-16 11:00:00+05:30,1858.0,1858.0,1858.0,1858.0,110
2026-09-16 11:01:00+05:30,1857.199951171875,1857.199951171875,1857.1500244140625,1857.1500244140625,4
2026-09-16 11:02:00+05:30,1857.1500244140625,1857.1500244140625,1857.1500244140625,1857.1500244140625,1
2026-09-16 11:04:00+05:30,1859.5999755859375,1859.5999755859375,1859.5999755859375,1859.5999755859375,300
2026-09-16 11:05:00+05:30,1856.75,1856.75,1856.75,1856.75,20
2026-09-16 11:06:00+05:30,1859.050048828125,1859.050048828125,1859.050048828125,1859.050048828125,28
2026-09-16 11:07:00+05:30,1856.199951171875,1857.1500244140625,1856.199951171875,1857.1500244140625,176
2026-09-16 11:08:00+05:30,1857.0999755859375,1857.0999755859375,1855.4000244140625,1855.4000244140625,2
2026-09-16 11:09:00+05:30,1857.199951171875,1857.199951171875,1857.0999755859375,1857.0999755859375,101
2026-09-16 11:10:00+05:30,1856.75,1856.75,1856.75,1856.75,10
2026-09-16 11:11:00+05:30,1850.800048828125,1856.449951171875,1850.800048828125,1856.449951171875,2352
2026-09-16 11:12:00+05:30,1852.300048828125,1852.300048828125,1852.300048828125,1852.300048828125,5
2026-09-16 11:13:00+05:30,1852.949951171875,1853.550048828125,1851.699951171875,1851.699951171875,4
2026-09-16 11:15:00+05:30,1851.699951171875,1851.699951171875,1851.699951171875,1851.699951171875,3
2026-09-16 11:16:00+05:30,1853.0999755859375,1853.0999755859375,1853.0999755859375,1853.0999755859375,8
2026-09-16 11:17:00+05:30,1853.5999755859375,1853.5999755859375,1853.5999755859375,1853.5999755859375,2
2026-09-16 11:19:00+05:30,1852.8499755859375,1852.8499755859375,1852.8499755859375,1852.8499755859375,20
2026-09-16 11:20:00+05:30,1851.699951171875,1852.0,1851.699951171875,1852.0,60
2026-09-16 11:21:00+05:30,1850.199951171875,1850.199951171875,1850.0,1850.0,37
2026-09-16 11:22:00+05:30,1850.800048828125,1850.800048828125,1850.800048828125,1850.800048828125,2
2026-09-16 11:23:00+05:30,1850.1500244140625,1851.3499755859375,1850.1500244140625,1851.3499755859375,2
2026-09-16 11:24:00+05:30,1853.050048828125,1853.050048828125,1853.050048828125,1853.050048828125,1
2026-09-16 11:25:00+05:30,1852.5,1853.0,1852.5,1853.0,3
2026-09-16 11:26:00+05:30,1850.199951171875,1850.199951171875,1850.199951171875,1850.199951171875,20
2026-09-16 11:27:00+05:30,1850.0,1850.0,1850.0,1850.0,2
2026-09-16 11:28:00+05:30,1851.5,1851.5,1851.5,1851.5,1
2026-09-16 11:29:00+05:30,1850.0,1851.050048828125,1850.0,1851.050048828125,5
2026-09-16 11:32:00+05:30,1851.1500244140625,1851.1500244140625,1851.1500244140625,1851.1500244140625,14
2026-09-16 11:33:00+05:30,1854.3499755859375,1854.3499755859375,1853.5999755859375,1853.5999755859375,35
2026-09-16 11:34:00+05:30,1852.449951171875,1852.449951171875,1852.449951171875,1852.449951171875,25
2026-09-16 11:35:00+05:30,1853.550048828125,1853.550048828125,1853.550048828125,1853.550048828125,1
2026-09-16 11:36:00+05:30,1851.8499755859375,1851.8499755859375,1851.8499755859375,1851.8499755859375,8
2026-09-16 11:37:00+05:30,1851.699951171875,1851.699951171875,1851.699951171875,1851.699951171875,30
2026-09-16 11:38:00+05:30,1854.800048828125,1854.800048828125,1853.949951171875,1853.949951171875,25
2026-09-16 11:39:00+05:30,1850.0,1850.0,1850.0,1850.0,20
2026-09-16 11:42:00+05:30,1849.0,1850.0,1849.0,1850.0,52
2026-09-16 11:44:00+05:30,1850.4000244140625,1850.4000244140625,1850.0,1850.0,36
2026-09-16 11:45:00+05:30,1849.75,1849.75,1849.0,1849.300048828125,6
2026-09-16 11:47:00+05:30,1848.5,1848.5,1848.0,1848.199951171875,9
2026-09-16 11:48:00+05:30,1847.0999755859375,1847.0999755859375,1847.0999755859375,1847.0999755859375,8
2026-09-16 11:49:00+05:30,1847.1500244140625,1847.1500244140625,1847.1500244140625,1847.1500244140625,5
2026-09-16 11:50:00+05:30,1849.25,1849.25,1847.5999755859375,1847.5999755859375,6
2026-09-16 11:51:00+05:30,1849.5999755859375,1849.5999755859375,1849.5999755859375,1849.5999755859375,12
2026-09-16 11:52:00+05:30,1848.199951171875,1848.199951171875,1848.1500244140625,1848.1500244140625,19
2026-09-16 11:53:00+05:30,1847.800048828125,1849.4000244140625,1847.800048828125,1849.4000244140625,33
2026-09-16 11:54:00+05:30,1847.1500244140625,1847.1500244140625,1847.1500244140625,1847.1500244140625,6
2026-09-16 11:55:00+05:30,1848.199951171875,1848.199951171875,1848.199951171875,1848.199951171875,5
2026-09-16 11:56:00+05:30,1846.0,1848.449951171875,1846.0,1848.449951171875,38
2026-09-16 11:57:00+05:30,1844.699951171875,1846.0,1844.699951171875,1846.0,150
2026-09-16 11:58:00+05:30,1846.0,1846.0,1846.0,1846.0,10
2026-09-16 11:59:00+05:30,1844.0,1844.0,1844.0,1844.0,10
2026-09-16 12:01:00+05:30,1845.4000244140625,1845.4000244140625,1843.6500244140625,1843.9000244140625,53
2026-09-16 12:02:00+05:30,1844.5999755859375,1844.5999755859375,1844.5999755859375,1844.5999755859375,20
2026-09-16 12:05:00+05:30,1845.5,1846.9000244140625,1845.5,1846.9000244140625,70
2026-09-16 12:06:00+05:30,1846.4000244140625,1847.550048828125,1846.4000244140625,1847.550048828125,2
2026-09-16 12:08:00+05:30,1848.75,1848.75,1848.75,1848.75,2
2026-09-16 12:09:00+05:30,1846.3499755859375,1847.6500244140625,1846.3499755859375,1847.4000244140625,55
2026-09-16 12:10:00+05:30,1847.699951171875,1847.699951171875,1847.699951171875,1847.699951171875,5
2026-09-16 12:11:00+05:30,1846.550048828125,1846.550048828125,1846.550048828125,1846.550048828125,30
2026-09-16 12:12:00+05:30,1846.8499755859375,1846.8499755859375,1846.8499755859375,1846.8499755859375,2
2026-09-16 12:13:00+05:30,1848.199951171875,1848.199951171875,1848.199951171875,1848.199951171875,1
2026-09-16 12:15:00+05:30,1848.5999755859375,1848.5999755859375,1847.699951171875,1847.699951171875,16
2026-09-16 12:16:00+05:30,1847.0,1847.0,1847.0,1847.0,8
2026-09-16 12:17:00+05:30,1849.75,1849.75,1849.75,1849.75,1
2026-09-16 12:18:00+05:30,1849.199951171875,1849.199951171875,1847.949951171875,1847.949951171875,52
2026-09-16 12:19:00+05:30,1849.75,1849.75,1849.75,1849.75,1
2026-09-16 12:20:00+05:30,1849.75,1849.75,1849.75,1849.75,1
2026-09-16 12:23:00+05:30,1846.8499755859375,1846.8499755859375,1846.8499755859375,1846.8499755859375,1
2026-09-16 12:25:00+05:30,1848.0,1848.1500244140625,1848.0,1848.1500244140625,3
2026-09-16 12:26:00+05:30,1848.0,1848.0,1848.0,1848.0,14
2026-09-16 12:27:00+05:30,1849.0,1849.0,1849.0,1849.0,302
2026-09-16 12:29:00+05:30,1847.699951171875,1847.699951171875,1847.699951171875,1847.699951171875,11
2026-09-16 12:31:00+05:30,1850.1500244140625,1850.1500244140625,1850.1500244140625,1850.1500244140625,50
2026-09-16 12:32:00+05:30,1850.699951171875,1850.699951171875,1849.300048828125,1850.449951171875,56
2026-09-16 12:34:00+05:30,1849.5999755859375,1849.5999755859375,1849.5999755859375,1849.5999755859375,1
2026-09-16 12:35:00+05:30,1851.0,1851.0,1851.0,1851.0,10
2026-09-16 12:36:00+05:30,1851.0,1851.0,1851.0,1851.0,10
2026-09-16 12:37:00+05:30,1850.0,1850.8499755859375,1850.0,1850.8499755859375,15
2026-09-16 12:38:00+05:30,1851.5,1851.5,1851.5,1851.5,5
2026-09-16 12:39:00+05:30,1850.449951171875,1850.449951171875,1850.449951171875,1850.449951171875,1
2026-09-16 12:41:00+05:30,1850.0,1850.0,1850.0,1850.0,2
2026-09-16 12:42:00+05:30,1850.25,1850.25,1850.25,1850.25,1
2026-09-16 12:43:00+05:30,1849.5,1849.5,1849.5,1849.5,25
2026-09-16 12:44:00+05:30,1852.050048828125,1852.050048828125,1850.550048828125,1850.550048828125,2
2026-09-16 12:48:00+05:30,1849.300048828125,1849.300048828125,1849.300048828125,1849.300048828125,14
2026-09-16 12:50:00+05:30,1850.199951171875,1850.199951171875,1850.199951171875,1850.199951171875,5
2026-09-16 12:51:00+05:30,1849.300048828125,1849.300048828125,1849.300048828125,1849.300048828125,40
2026-09-16 12:52:00+05:30,1848.4000244140625,1848.4000244140625,1848.0,1848.0,6
2026-09-16 12:54:00+05:30,1848.0999755859375,1848.0999755859375,1848.0999755859375,1848.0999755859375,1
2026-09-16 12:55:00+05:30,1848.1500244140625,1848.1500244140625,1848.1500244140625,1848.1500244140625,13
2026-09-16 12:56:00+05:30,1848.25,1848.25,1846.9000244140625,1847.0,65
2026-09-16 12:57:00+05:30,1848.1500244140625,1848.1500244140625,1848.1500244140625,1848.1500244140625,2
2026-09-16 12:58:00+05:30,1848.1500244140625,1848.1500244140625,1848.1500244140625,1848.1500244140625,65
2026-09-16 12:59:00+05:30,1848.1500244140625,1848.1500244140625,1848.1500244140625,1848.1500244140625,1
2026-09-16 13:00:00+05:30,1846.8499755859375,1848.050048828125,1846.8499755859375,1848.050048828125,2
2026-09-16 13:05:00+05:30,1848.949951171875,1848.949951171875,1848.949951171875,1848.949951171875,1
2026-09-16 13:07:00+05:30,1849.5,1849.5,1849.5,1849.5,1
2026-09-16 13:08:00+05:30,1848.4000244140625,1848.4000244140625,1848.4000244140625,1848.4000244140625,1
2026-09-16 13:12:00+05:30,1848.4000244140625,1848.4000244140625,1848.4000244140625,1848.4000244140625,1
2026-09-16 13:13:00+05:30,1850.0,1850.0,1850.0,1850.0,1
2026-09-16 13:14:00+05:30,1849.6500244140625,1849.6500244140625,1849.6500244140625,1849.6500244140625,50
2026-09-16 13:15:00+05:30,1849.449951171875,1850.25,1849.449951171875,1850.25,501
2026-09-16 13:17:00+05:30,1850.0,1850.0,1848.949951171875,1849.449951171875,16
2026-09-16 13:19:00+05:30,1850.0,1850.0,1850.0,1850.0,13
2026-09-16 13:20:00+05:30,1848.4000244140625,1850.0,1848.4000244140625,1850.0,10
2026-09-16 13:21:00+05:30,1848.199951171875,1848.199951171875,1848.199951171875,1848.199951171875,8
2026-09-16 13:22:00+05:30,1847.5,1847.699951171875,1847.5,1847.699951171875,43
2026-09-16 13:23:00+05:30,1843.949951171875,1846.300048828125,1843.949951171875,1846.0,267
2026-09-16 13:25:00+05:30,1843.449951171875,1843.449951171875,1843.449951171875,1843.449951171875,2
2026-09-16 13:26:00+05:30,1841.9000244140625,1842.0,1841.9000244140625,1842.0,110
2026-09-16 13:28:00+05:30,1840.0,1840.0,1840.0,1840.0,96
2026-09-16 13:29:00+05:30,1840.0,1840.4000244140625,1839.5,1839.5,79
2026-09-16 13:30:00+05:30,1840.0,1840.5999755859375,1840.0,1840.5999755859375,11
2026-09-16 13:33:00+05:30,1840.0,1840.0,1840.0,1840.0,5
2026-09-16 13:36:00+05:30,1840.75,1840.75,1840.0999755859375,1840.0999755859375,15
2026-09-16 13:37:00+05:30,1839.0,1839.0,1839.0,1839.0,4
2026-09-16 13:38:00+05:30,1836.9000244140625,1839.3499755859375,1836.9000244140625,1839.3499755859375,11
2026-09-16 13:39:00+05:30,1836.9000244140625,1837.1500244140625,1836.9000244140625,1837.1500244140625,145
2026-09-16 13:41:00+05:30,1839.5999755859375,1839.5999755859375,1839.0999755859375,1839.0999755859375,104
2026-09-16 13:42:00+05:30,1837.5999755859375,1837.5999755859375,1837.5999755859375,1837.5999755859375,20
2026-09-16 13:45:00+05:30,1839.0999755859375,1839.0999755859375,1839.0999755859375,1839.0999755859375,10
2026-09-16 13:46:00+05:30,1839.0999755859375,1839.0999755859375,1839.0999755859375,1839.0999755859375,1
2026-09-16 13:47:00+05:30,1840.0,1840.0,1837.800048828125,1837.800048828125,38
2026-09-16 13:48:00+05:30,1840.4000244140625,1840.4000244140625,1839.300048828125,1839.300048828125,109
2026-09-16 13:49:00+05:30,1839.300048828125,1839.300048828125,1839.300048828125,1839.300048828125,10
2026-09-16 13:50:00+05:30,1840.949951171875,1840.949951171875,1840.949951171875,1840.949951171875,1
2026-09-16 13:52:00+05:30,1843.300048828125,1843.300048828125,1842.199951171875,1842.199951171875,44
2026-09-16 13:53:00+05:30,1842.800048828125,1842.800048828125,1842.800048828125,1842.800048828125,5
2026-09-16 13:55:00+05:30,1841.5999755859375,1841.5999755859375,1841.5999755859375,1841.5999755859375,2
2026-09-16 13:56:00+05:30,1841.0,1841.0,1841.0,1841.0,10
2026-09-16 13:57:00+05:30,1841.5999755859375,1842.199951171875,1841.5999755859375,1842.199951171875,2
2026-09-16 13:58:00+05:30,1841.300048828125,1841.300048828125,1841.300048828125,1841.300048828125,4
2026-09-16 14:01:00+05:30,1842.75,1842.75,1842.75,1842.75,1
2026-09-16 14:02:00+05:30,1842.050048828125,1843.550048828125,1842.050048828125,1843.550048828125,21
2026-09-16 14:03:00+05:30,1843.6500244140625,1843.6500244140625,1843.6500244140625,1843.6500244140625,5
2026-09-16 14:05:00+05:30,1841.800048828125,1842.0999755859375,1841.800048828125,1842.0999755859375,9
2026-09-16 14:09:00+05:30,1842.5,1842.5,1842.5,1842.5,2
2026-09-16 14:10:00+05:30,1841.800048828125,1841.800048828125,1841.800048828125,1841.800048828125,1
2026-09-16 14:11:00+05:30,1843.0,1843.0,1843.0,1843.0,40
2026-09-16 14:13:00+05:30,1843.0,1843.0,1843.0,1843.0,20
2026-09-16 14:15:00+05:30,1843.0,1843.0,1843.0,1843.0,2
2026-09-16 14:16:00+05:30,1843.0,1843.0,1843.0,1843.0,11
2026-09-16 14:18:00+05:30,1843.0,1843.0,1843.0,1843.0,22
2026-09-16 14:19:00+05:30,1842.5,1842.5,1842.5,1842.5,7
2026-09-16 14:20:00+05:30,1841.300048828125,1841.800048828125,1841.300048828125,1841.550048828125,53
2026-09-16 14:21:00+05:30,1841.0,1841.9000244140625,1840.800048828125,1840.800048828125,14
2026-09-16 14:23:00+05:30,1841.800048828125,1842.75,1841.800048828125,1842.75,11
2026-09-16 14:25:00+05:30,1841.5,1841.5,1841.5,1841.5,7
2026-09-16 14:26:00+05:30,1840.800048828125,1840.800048828125,1840.800048828125,1840.800048828125,22
2026-09-16 14:27:00+05:30,1839.949951171875,1840.0,1839.949951171875,1840.0,8
2026-09-16 14:28:00+05:30,1839.0,1839.0,1839.0,1839.0,1
2026-09-16 14:29:00+05:30,1839.0,1839.0,1839.0,1839.0,21
2026-09-16 14:30:00+05:30,1839.4000244140625,1839.4000244140625,1839.4000244140625,1839.4000244140625,27
2026-09-16 14:32:00+05:30,1837.9000244140625,1839.4000244140625,1837.9000244140625,1839.4000244140625,6
2026-09-16 14:33:00+05:30,1839.8499755859375,1839.8499755859375,1839.8499755859375,1839.8499755859375,10
2026-09-16 14:34:00+05:30,1839.4000244140625,1839.4000244140625,1838.300048828125,1838.300048828125,4
2026-09-16 14:35:00+05:30,1839.4000244140625,1840.0,1839.4000244140625,1840.0,30
2026-09-16 14:36:00+05:30,1839.4000244140625,1839.800048828125,1839.4000244140625,1839.800048828125,94
2026-09-16 14:37:00+05:30,1839.25,1839.4000244140625,1838.300048828125,1839.4000244140625,5
2026-09-16 14:39:00+05:30,1839.0999755859375,1839.0999755859375,1839.0999755859375,1839.0999755859375,1
2026-09-16 14:40:00+05:30,1839.199951171875,1839.199951171875,1839.199951171875,1839.199951171875,10
2026-09-16 14:41:00+05:30,1839.199951171875,1839.199951171875,1839.0999755859375,1839.0999755859375,5
2026-09-16 14:42:00+05:30,1839.199951171875,1839.199951171875,1838.9000244140625,1839.199951171875,11
2026-09-16 14:43:00+05:30,1838.699951171875,1839.199951171875,1838.699951171875,1839.199951171875,28
2026-09-16 14:44:00+05:30,1839.1500244140625,1839.1500244140625,1839.1500244140625,1839.1500244140625,27
2026-09-16 14:45:00+05:30,1839.800048828125,1839.949951171875,1838.949951171875,1838.949951171875,12
2026-09-16 14:46:00+05:30,1838.75,1840.0,1838.75,1840.0,18
2026-09-16 14:48:00+05:30,1839.800048828125,1839.800048828125,1839.800048828125,1839.800048828125,10
2026-09-16 14:49:00+05:30,1838.4000244140625,1838.4000244140625,1838.1500244140625,1838.1500244140625,12
2026-09-16 14:50:00+05:30,1838.0,1838.0999755859375,1838.0,1838.0999755859375,6
2026-09-16 14:51:00+05:30,1838.0,1839.0999755859375,1838.0,1839.0999755859375,8
2026-09-16 14:52:00+05:30,1838.5,1838.5,1838.5,1838.5,3
2026-09-16 14:53:00+05:30,1838.0,1838.0,1838.0,1838.0,143
2026-09-16 14:54:00+05:30,1838.0,1838.199951171875,1838.0,1838.199951171875,7
2026-09-16 14:57:00+05:30,1838.300048828125,1839.1500244140625,1838.300048828125,1839.1500244140625,27
2026-09-16 14:58:00+05:30,1837.800048828125,1838.300048828125,1837.800048828125,1838.300048828125,17
2026-09-16 14:59:00+05:30,1838.5,1838.5,1838.5,1838.5,15
2026-09-16 15:00:00+05:30,1835.0,1838.25,1832.4000244140625,1837.0,437
2026-09-16 15:01:00+05:30,1839.1500244140625,1839.1500244140625,1836.5999755859375,1836.5999755859375,316
2026-09-16 15:02:00+05:30,1840.25,1840.25,1840.25,1840.25,9
2026-09-16 15:03:00+05:30,1838.3499755859375,1842.199951171875,1838.3499755859375,1841.8499755859375,167
2026-09-16 15:04:00+05:30,1836.4000244140625,1839.0999755859375,1836.4000244140625,1837.550048828125,314
2026-09-16 15:06:00+05:30,1837.3499755859375,1837.9000244140625,1837.3499755859375,1837.9000244140625,83
2026-09-16 15:07:00+05:30,1839.699951171875,1839.699951171875,1839.699951171875,1839.699951171875,2
2026-09-16 15:08:00+05:30,1838.0999755859375,1839.3499755859375,1838.0999755859375,1839.3499755859375,109
2026-09-16 15:09:00+05:30,1838.0999755859375,1838.5,1838.0999755859375,1838.5,7
2026-09-16 15:10:00+05:30,1839.0,1839.0,1838.0999755859375,1838.699951171875,91
2026-09-16 15:11:00+05:30,1839.0,1839.800048828125,1839.0,1839.300048828125,67
2026-09-16 15:12:00+05:30,1838.0999755859375,1839.550048828125,1838.0999755859375,1839.0,136
2026-09-16 15:13:00+05:30,1838.199951171875,1841.449951171875,1838.199951171875,1841.449951171875,19
2026-09-16 15:14:00+05:30,1842.8499755859375,1842.8499755859375,1842.8499755859375,1842.8499755859375,9
2026-09-16 15:29:00+05:30,1839.5999755859375,1839.5999755859375,1839.5999755859375,1839.5999755859375,41
2026-09-17 09:15:00+05:30,1837.9000244140625,1842.0,1836.8499755859375,1839.5999755859375,129
2026-09-17 09:16:00+05:30,1842.300048828125,1842.300048828125,1842.25,1842.25,47
2026-09-17 09:17:00+05:30,1846.300048828125,1846.300048828125,1844.050048828125,1844.0999755859375,128
2026-09-17 09:18:00+05:30,1851.3499755859375,1851.3499755859375,1849.3499755859375,1849.3499755859375,389
2026-09-17 09:19:00+05:30,1850.550048828125,1850.550048828125,1849.1500244140625,1849.4000244140625,24
2026-09-17 09:20:00+05:30,1849.0,1849.0,1849.0,1849.0,30
2026-09-17 09:21:00+05:30,1849.25,1849.25,1847.550048828125,1847.550048828125,13
2026-09-17 09:22:00+05:30,1847.3499755859375,1847.3499755859375,1847.3499755859375,1847.3499755859375,1
2026-09-17 09:23:00+05:30,1846.5,1847.199951171875,1846.5,1847.199951171875,4
2026-09-17 09:24:00+05:30,1848.699951171875,1848.699951171875,1848.699951171875,1848.699951171875,1
2026-09-17 09:25:00+05:30,1848.699951171875,1849.300048828125,1848.699951171875,1849.300048828125,17
2026-09-17 09:26:00+05:30,1850.0,1850.0999755859375,1849.5999755859375,1849.5999755859375,17
2026-09-17 09:27:00+05:30,1851.3499755859375,1851.3499755859375,1850.0,1850.550048828125,253
2026-09-17 09:30:00+05:30,1855.3499755859375,1855.550048828125,1855.3499755859375,1855.550048828125,64
2026-09-17 09:31:00+05:30,1856.0,1856.0,1856.0,1856.0,13
2026-09-17 09:32:00+05:30,1859.3499755859375,1859.3499755859375,1855.25,1857.5,255
2026-09-17 09:33:00+05:30,1860.5999755859375,1861.199951171875,1859.3499755859375,1859.3499755859375,114
2026-09-17 09:34:00+05:30,1857.6500244140625,1858.0,1857.6500244140625,1858.0,27
2026-09-17 09:35:00+05:30,1860.25,1860.25,1857.6500244140625,1857.6500244140625,77
2026-09-17 09:36:00+05:30,1857.449951171875,1860.5,1857.449951171875,1860.5,27
2026-09-17 09:37:00+05:30,1858.0,1858.0,1858.0,1858.0,10
2026-09-17 09:38:00+05:30,1857.199951171875,1858.4000244140625,1857.199951171875,1858.0,18
2026-09-17 09:39:00+05:30,1855.0,1855.800048828125,1855.0,1855.0,121
2026-09-17 09:40:00+05:30,1852.0999755859375,1852.0999755859375,1852.0999755859375,1852.0999755859375,1
2026-09-17 09:41:00+05:30,1850.0,1852.6500244140625,1850.0,1852.0999755859375,168
2026-09-17 09:42:00+05:30,1849.9000244140625,1849.9000244140625,1849.800048828125,1849.800048828125,70
2026-09-17 09:43:00+05:30,1848.0,1848.0,1848.0,1848.0,4
2026-09-17 09:44:00+05:30,1846.699951171875,1846.699951171875,1846.699951171875,1846.699951171875,200
2026-09-17 09:45:00+05:30,1848.300048828125,1848.300048828125,1848.300048828125,1848.300048828125,12
2026-09-17 09:46:00+05:30,1846.699951171875,1846.699951171875,1846.699951171875,1846.699951171875,3
2026-09-17 09:47:00+05:30,1849.0,1849.0,1846.800048828125,1846.800048828125,3
2026-09-17 09:48:00+05:30,1846.9000244140625,1847.199951171875,1846.9000244140625,1847.199951171875,26
2026-09-17 09:49:00+05:30,1849.550048828125,1849.550048828125,1849.550048828125,1849.550048828125,10
2026-09-17 09:50:00+05:30,1848.0,1848.199951171875,1848.0,1848.199951171875,13
2026-09-17 09:51:00+05:30,1846.5999755859375,1846.5999755859375,1846.5999755859375,1846.5999755859375,1
2026-09-17 09:52:00+05:30,1847.949951171875,1848.0,1847.5,1848.0,420
2026-09-17 09:53:00+05:30,1847.949951171875,1847.949951171875,1847.949951171875,1847.949951171875,342
2026-09-17 09:54:00+05:30,1847.949951171875,1848.0,1847.949951171875,1847.949951171875,540
2026-09-17 09:55:00+05:30,1848.0,1848.0,1847.949951171875,1847.949951171875,140
2026-09-17 09:56:00+05:30,1847.949951171875,1848.0,1847.949951171875,1848.0,44
2026-09-17 09:58:00+05:30,1850.050048828125,1850.050048828125,1848.3499755859375,1848.3499755859375,15
2026-09-17 09:59:00+05:30,1850.949951171875,1850.949951171875,1848.800048828125,1848.800048828125,25
2026-09-17 10:00:00+05:30,1851.0,1851.0,1849.5,1849.5,881
2026-09-17 10:01:00+05:30,1850.5,1850.5,1850.5,1850.5,1
2026-09-17 10:02:00+05:30,1850.1500244140625,1850.5,1849.550048828125,1849.550048828125,103
2026-09-17 10:03:00+05:30,1849.0999755859375,1851.75,1849.0999755859375,1851.75,22
2026-09-17 10:04:00+05:30,1851.9000244140625,1851.9000244140625,1850.5,1850.5,43
2026-09-17 10:05:00+05:30,1850.550048828125,1850.550048828125,1850.550048828125,1850.550048828125,12
2026-09-17 10:06:00+05:30,1851.0,1852.0,1851.0,1852.0,95
2026-09-17 10:08:00+05:30,1850.0,1850.0,1850.0,1850.0,5
2026-09-17 10:09:00+05:30,1853.6500244140625,1853.6500244140625,1852.8499755859375,1853.0,15
2026-09-17 10:11:00+05:30,1853.300048828125,1853.300048828125,1851.6500244140625,1851.6500244140625,4
2026-09-17 10:12:00+05:30,1854.300048828125,1854.4000244140625,1853.0,1853.0,32
2026-09-17 10:13:00+05:30,1854.949951171875,1854.949951171875,1854.949951171875,1854.949951171875,200
2026-09-17 10:14:00+05:30,1851.3499755859375,1852.199951171875,1851.199951171875,1852.199951171875,36
2026-09-17 10:16:00+05:30,1850.0,1852.0,1850.0,1852.0,13
2026-09-17 10:17:00+05:30,1849.050048828125,1849.050048828125,1849.050048828125,1849.050048828125,20
2026-09-17 10:18:00+05:30,1849.949951171875,1849.949951171875,1849.949951171875,1849.949951171875,2
2026-09-17 10:19:00+05:30,1848.5999755859375,1848.5999755859375,1848.5999755859375,1848.5999755859375,14
2026-09-17 10:20:00+05:30,1850.800048828125,1850.800048828125,1848.550048828125,1848.550048828125,10
2026-09-17 10:21:00+05:30,1850.199951171875,1850.75,1850.199951171875,1850.75,3
2026-09-17 10:22:00+05:30,1848.300048828125,1848.300048828125,1848.300048828125,1848.300048828125,12
2026-09-17 10:23:00+05:30,1846.800048828125,1847.5,1846.800048828125,1847.5,11
2026-09-17 10:24:00+05:30,1846.800048828125,1846.800048828125,1846.449951171875,1846.449951171875,27
2026-09-17 10:25:00+05:30,1847.5,1847.5,1847.5,1847.5,51
2026-09-17 10:26:00+05:30,1848.1500244140625,1848.1500244140625,1848.1500244140625,1848.1500244140625,1
2026-09-17 10:27:00+05:30,1846.5,1846.5,1846.5,1846.5,2
2026-09-17 10:28:00+05:30,1846.550048828125,1846.550048828125,1846.550048828125,1846.550048828125,15
2026-09-17 10:30:00+05:30,1846.0,1846.1500244140625,1846.0,1846.1500244140625,37
2026-09-17 10:31:00+05:30,1844.4000244140625,1844.4000244140625,1844.4000244140625,1844.4000244140625,60
2026-09-17 10:32:00+05:30,1844.0999755859375,1844.0999755859375,1844.0999755859375,1844.0999755859375,15
2026-09-17 10:33:00+05:30,1844.0,1844.0999755859375,1843.0,1844.0999755859375,13
2026-09-17 10:34:00+05:30,1843.0,1844.0,1843.0,1844.0,11
2026-09-17 10:35:00+05:30,1841.75,1843.0,1841.75,1843.0,367
2026-09-17 10:37:00+05:30,1843.8499755859375,1843.8499755859375,1843.8499755859375,1843.8499755859375,21
2026-09-17 10:39:00+05:30,1843.8499755859375,1843.8499755859375,1843.8499755859375,1843.8499755859375,93
2026-09-17 10:42:00+05:30,1843.6500244140625,1843.6500244140625,1843.6500244140625,1843.6500244140625,1
2026-09-17 10:43:00+05:30,1843.6500244140625,1843.6500244140625,1843.6500244140625,1843.6500244140625,5
2026-09-17 10:44:00+05:30,1843.0,1843.0,1843.0,1843.0,1
2026-09-17 10:45:00+05:30,1843.0,1843.0,1843.0,1843.0,10
2026-09-17 10:46:00+05:30,1843.0,1843.0,1842.0,1842.0,24
2026-09-17 10:47:00+05:30,1843.0,1843.0,1843.0,1843.0,9
2026-09-17 10:48:00+05:30,1844.800048828125,1844.800048828125,1844.800048828125,1844.800048828125,109
2026-09-17 10:49:00+05:30,1843.25,1843.25,1843.25,1843.25,31
2026-09-17 10:51:00+05:30,1844.8499755859375,1844.8499755859375,1844.8499755859375,1844.8499755859375,1
2026-09-17 10:52:00+05:30,1844.0,1844.0,1844.0,1844.0,5
2026-09-17 10:54:00+05:30,1843.199951171875,1844.0999755859375,1843.199951171875,1844.0999755859375,8
2026-09-17 10:55:00+05:30,1843.199951171875,1843.199951171875,1843.199951171875,1843.199951171875,1
2026-09-17 10:56:00+05:30,1842.5,1842.5,1842.5,1842.5,272
2026-09-17 10:59:00+05:30,1845.0,1845.0,1845.0,1845.0,5
2026-09-17 11:00:00+05:30,1844.3499755859375,1844.3499755859375,1844.3499755859375,1844.3499755859375,2
2026-09-17 11:03:00+05:30,1841.0,1842.5,1841.0,1842.5,36
2026-09-17 11:04:00+05:30,1840.3499755859375,1840.3499755859375,1840.3499755859375,1840.3499755859375,1
2026-09-17 11:05:00+05:30,1837.800048828125,1839.5999755859375,1837.800048828125,1839.5999755859375,182
2026-09-17 11:06:00+05:30,1839.4000244140625,1839.4000244140625,1839.4000244140625,1839.4000244140625,10
2026-09-17 11:07:00+05:30,1838.8499755859375,1838.8499755859375,1838.8499755859375,1838.8499755859375,20
2026-09-17 11:08:00+05:30,1837.3499755859375,1837.800048828125,1837.3499755859375,1837.800048828125,2
2026-09-17 11:09:00+05:30,1837.0,1837.3499755859375,1837.0,1837.3499755859375,102
2026-09-17 11:10:00+05:30,1836.0,1837.949951171875,1836.0,1836.300048828125,11
2026-09-17 11:12:00+05:30,1835.550048828125,1835.550048828125,1835.550048828125,1835.550048828125,5
2026-09-17 11:13:00+05:30,1837.3499755859375,1837.3499755859375,1837.3499755859375,1837.3499755859375,10
2026-09-17 11:14:00+05:30,1839.6500244140625,1839.6500244140625,1839.6500244140625,1839.6500244140625,3
2026-09-17 11:17:00+05:30,1839.699951171875,1839.699951171875,1839.699951171875,1839.699951171875,5
2026-09-17 11:19:00+05:30,1841.800048828125,1841.949951171875,1841.800048828125,1841.949951171875,29
2026-09-17 11:21:00+05:30,1842.5999755859375,1842.5999755859375,1841.0999755859375,1841.0999755859375,43
2026-09-17 11:23:00+05:30,1841.5999755859375,1841.5999755859375,1841.5999755859375,1841.5999755859375,1
2026-09-17 11:24:00+05:30,1839.8499755859375,1840.25,1839.8499755859375,1840.25,50
2026-09-17 11:25:00+05:30,1840.5999755859375,1840.5999755859375,1839.800048828125,1839.800048828125,15
2026-09-17 11:26:00+05:30,1840.449951171875,1840.449951171875,1840.449951171875,1840.449951171875,12
2026-09-17 11:28:00+05:30,1839.300048828125,1839.300048828125,1839.300048828125,1839.300048828125,5
2026-09-17 11:31:00+05:30,1839.1500244140625,1839.1500244140625,1839.1500244140625,1839.1500244140625,6
2026-09-17 11:33:00+05:30,1838.550048828125,1838.550048828125,1838.550048828125,1838.550048828125,31
2026-09-17 11:34:00+05:30,1839.5999755859375,1839.5999755859375,1839.5999755859375,1839.5999755859375,1
2026-09-17 11:35:00+05:30,1838.0999755859375,1838.0999755859375,1838.0999755859375,1838.0999755859375,5
2026-09-17 11:38:00+05:30,1837.0,1838.0999755859375,1837.0,1838.0999755859375,88
2026-09-17 11:39:00+05:30,1838.5,1838.5,1838.5,1838.5,100
2026-09-17 11:40:00+05:30,1838.4000244140625,1838.4000244140625,1836.6500244140625,1836.6500244140625,19
2026-09-17 11:42:00+05:30,1838.800048828125,1838.800048828125,1838.800048828125,1838.800048828125,3
2026-09-17 11:45:00+05:30,1839.0,1839.0,1839.0,1839.0,3
2026-09-17 11:46:00+05:30,1840.3499755859375,1840.4000244140625,1840.0999755859375,1840.0999755859375,12
2026-09-17 11:47:00+05:30,1839.9000244140625,1839.9000244140625,1839.9000244140625,1839.9000244140625,2
2026-09-17 11:48:00+05:30,1838.300048828125,1838.300048828125,1838.300048828125,1838.300048828125,4
2026-09-17 11:50:00+05:30,1839.5,1839.5,1839.5,1839.5,39
2026-09-17 11:51:00+05:30,1839.550048828125,1839.550048828125,1839.550048828125,1839.550048828125,110
2026-09-17 11:52:00+05:30,1842.5999755859375,1842.5999755859375,1842.5999755859375,1842.5999755859375,32
2026-09-17 11:53:00+05:30,1842.800048828125,1844.9000244140625,1842.800048828125,1842.9000244140625,261
2026-09-17 11:56:00+05:30,1842.6500244140625,1842.6500244140625,1842.6500244140625,1842.6500244140625,5
2026-09-17 11:57:00+05:30,1844.050048828125,1844.050048828125,1844.050048828125,1844.050048828125,20
2026-09-17 11:58:00+05:30,1845.0,1845.0,1844.0,1844.050048828125,96
2026-09-17 12:00:00+05:30,1844.800048828125,1845.0,1844.800048828125,1845.0,78
2026-09-17 12:01:00+05:30,1845.75,1845.75,1844.0,1844.199951171875,40025
2026-09-17 12:02:00+05:30,1845.050048828125,1845.050048828125,1845.050048828125,1845.050048828125,10
2026-09-17 12:03:00+05:30,1844.0,1844.0,1844.0,1844.0,11
2026-09-17 12:05:00+05:30,1845.25,1845.25,1844.0999755859375,1844.0999755859375,32
2026-09-17 12:07:00+05:30,1848.300048828125,1848.300048828125,1847.0,1847.0,28
2026-09-17 12:08:00+05:30,1847.699951171875,1847.699951171875,1847.699951171875,1847.699951171875,2
2026-09-17 12:09:00+05:30,1847.699951171875,1847.699951171875,1847.699951171875,1847.699951171875,10
2026-09-17 12:10:00+05:30,1848.800048828125,1848.800048828125,1848.0,1848.0,26
2026-09-17 12:15:00+05:30,1846.300048828125,1847.5,1846.25,1846.25,126
2026-09-17 12:16:00+05:30,1844.75,1844.75,1844.75,1844.75,4
2026-09-17 12:18:00+05:30,1846.3499755859375,1846.3499755859375,1846.3499755859375,1846.3499755859375,21
2026-09-17 12:19:00+05:30,1847.6500244140625,1847.6500244140625,1847.6500244140625,1847.6500244140625,70
2026-09-17 12:23:00+05:30,1848.800048828125,1850.199951171875,1848.800048828125,1849.699951171875,97
2026-09-17 12:24:00+05:30,1849.0,1849.0,1849.0,1849.0,1
2026-09-17 12:25:00+05:30,1849.6500244140625,1849.6500244140625,1848.449951171875,1848.449951171875,3
2026-09-17 12:28:00+05:30,1848.0999755859375,1849.0,1848.0999755859375,1849.0,4
2026-09-17 12:29:00+05:30,1848.0,1848.0,1848.0,1848.0,6
2026-09-17 12:30:00+05:30,1847.9000244140625,1847.9000244140625,1847.550048828125,1847.550048828125,51
2026-09-17 12:31:00+05:30,1848.0,1848.0,1847.4000244140625,1847.4000244140625,339
2026-09-17 12:34:00+05:30,1849.5999755859375,1850.8499755859375,1849.5999755859375,1850.8499755859375,7
2026-09-17 12:35:00+05:30,1850.9000244140625,1850.9000244140625,1850.0,1850.0,11
2026-09-17 12:36:00+05:30,1850.5999755859375,1850.5999755859375,1850.5999755859375,1850.5999755859375,1
2026-09-17 12:38:00+05:30,1852.8499755859375,1853.4000244140625,1852.8499755859375,1853.4000244140625,3
2026-09-17 12:41:00+05:30,1853.0,1853.0,1853.0,1853.0,326
2026-09-17 12:42:00+05:30,1852.699951171875,1854.25,1852.699951171875,1854.25,86
2026-09-17 12:43:00+05:30,1854.9000244140625,1854.9000244140625,1854.9000244140625,1854.9000244140625,5
2026-09-17 12:45:00+05:30,1851.4000244140625,1851.4000244140625,1851.4000244140625,1851.4000244140625,12
2026-09-17 12:46:00+05:30,1851.4000244140625,1851.4000244140625,1851.4000244140625,1851.4000244140625,7
2026-09-17 12:48:00+05:30,1851.949951171875,1851.949951171875,1851.949951171875,1851.949951171875,10
2026-09-17 12:49:00+05:30,1851.8499755859375,1851.8499755859375,1851.8499755859375,1851.8499755859375,5
2026-09-17 12:50:00+05:30,1849.949951171875,1849.949951171875,1849.949951171875,1849.949951171875,3
2026-09-17 12:51:00+05:30,1850.25,1850.25,1850.25,1850.25,1
2026-09-17 12:54:00+05:30,1850.9000244140625,1850.9000244140625,1850.9000244140625,1850.9000244140625,65
2026-09-17 12:58:00+05:30,1850.5,1850.5,1850.5,1850.5,30
2026-09-17 12:59:00+05:30,1852.199951171875,1852.199951171875,1852.199951171875,1852.199951171875,141
2026-09-17 13:00:00+05:30,1851.0,1851.0,1851.0,1851.0,2400
2026-09-17 13:01:00+05:30,1854.0,1854.3499755859375,1853.5999755859375,1854.3499755859375,1336
2026-09-17 13:02:00+05:30,1853.050048828125,1853.1500244140625,1853.050048828125,1853.1500244140625,81
2026-09-17 13:03:00+05:30,1852.9000244140625,1852.9000244140625,1852.9000244140625,1852.9000244140625,20
2026-09-17 13:04:00+05:30,1852.3499755859375,1852.3499755859375,1852.3499755859375,1852.3499755859375,1
2026-09-17 13:09:00+05:30,1851.5999755859375,1851.5999755859375,1851.5999755859375,1851.5999755859375,1
2026-09-17 13:10:00+05:30,1851.5999755859375,1851.5999755859375,1851.5999755859375,1851.5999755859375,20
2026-09-17 13:12:00+05:30,1852.3499755859375,1852.3499755859375,1852.3499755859375,1852.3499755859375,51
2026-09-17 13:13:00+05:30,1851.75,1851.75,1851.75,1851.75,10
2026-09-17 13:14:00+05:30,1849.949951171875,1849.949951171875,1849.949951171875,1849.949951171875,1
2026-09-17 13:15:00+05:30,1850.75,1850.75,1850.75,1850.75,1
2026-09-17 13:17:00+05:30,1849.1500244140625,1849.1500244140625,1849.1500244140625,1849.1500244140625,2
2026-09-17 13:18:00+05:30,1848.6500244140625,1848.6500244140625,1848.6500244140625,1848.6500244140625,10
2026-09-17 13:19:00+05:30,1848.25,1848.25,1848.25,1848.25,1
2026-09-17 13:26:00+05:30,1845.0,1845.0,1845.0,1845.0,5
2026-09-17 13:27:00+05:30,1844.5,1844.5,1843.6500244140625,1843.6500244140625,12
2026-09-17 13:28:00+05:30,1842.4000244140625,1842.4000244140625,1842.0,1842.0,3
2026-09-17 13:29:00+05:30,1840.0999755859375,1841.0,1840.0999755859375,1841.0,81
2026-09-17 13:30:00+05:30,1838.9000244140625,1839.5999755859375,1838.9000244140625,1839.5999755859375,23
2026-09-17 13:31:00+05:30,1840.0999755859375,1840.0999755859375,1840.0999755859375,1840.0999755859375,3
2026-09-17 13:32:00+05:30,1840.75,1841.8499755859375,1840.75,1841.8499755859375,2
2026-09-17 13:33:00+05:30,1841.3499755859375,1841.3499755859375,1839.6500244140625,1839.6500244140625,10
2026-09-17 13:38:00+05:30,1841.3499755859375,1841.3499755859375,1841.3499755859375,1841.3499755859375,1
2026-09-17 13:40:00+05:30,1842.3499755859375,1842.3499755859375,1842.3499755859375,1842.3499755859375,1
2026-09-17 13:41:00+05:30,1844.0999755859375,1844.0999755859375,1844.0999755859375,1844.0999755859375,1
2026-09-17 13:42:00+05:30,1842.5999755859375,1842.5999755859375,1842.5999755859375,1842.5999755859375,1
2026-09-17 13:44:00+05:30,1842.4000244140625,1842.9000244140625,1842.4000244140625,1842.9000244140625,39
2026-09-17 13:45:00+05:30,1842.4000244140625,1842.4000244140625,1842.4000244140625,1842.4000244140625,2
2026-09-17 13:48:00+05:30,1843.0,1844.6500244140625,1843.0,1844.6500244140625,55002
2026-09-17 13:49:00+05:30,1841.75,1842.3499755859375,1841.75,1842.3499755859375,178
2026-09-17 13:50:00+05:30,1844.050048828125,1844.050048828125,1844.050048828125,1844.050048828125,499
2026-09-17 13:51:00+05:30,1843.300048828125,1843.6500244140625,1843.300048828125,1843.6500244140625,2
2026-09-17 13:52:00+05:30,1843.0,1843.0,1843.0,1843.0,60290
2026-09-17 13:54:00+05:30,1842.800048828125,1842.800048828125,1842.800048828125,1842.800048828125,5
2026-09-17 13:56:00+05:30,1844.699951171875,1844.699951171875,1844.699951171875,1844.699951171875,300
2026-09-17 14:00:00+05:30,1844.6500244140625,1844.6500244140625,1844.6500244140625,1844.6500244140625,5
2026-09-17 14:02:00+05:30,1845.449951171875,1845.449951171875,1845.449951171875,1845.449951171875,1
2026-09-17 14:03:00+05:30,1846.1500244140625,1846.1500244140625,1845.8499755859375,1845.8499755859375,11
2026-09-17 14:05:00+05:30,1845.050048828125,1845.050048828125,1845.050048828125,1845.050048828125,1
2026-09-17 14:08:00+05:30,1848.449951171875,1848.449951171875,1846.949951171875,1846.949951171875,32
2026-09-17 14:09:00+05:30,1846.5999755859375,1847.300048828125,1846.5999755859375,1847.300048828125,2003
2026-09-17 14:10:00+05:30,1848.449951171875,1848.449951171875,1848.449951171875,1848.449951171875,95
2026-09-17 14:11:00+05:30,1848.1500244140625,1848.800048828125,1848.1500244140625,1848.800048828125,2
2026-09-17 14:12:00+05:30,1850.0,1850.0,1849.949951171875,1849.949951171875,149
2026-09-17 14:13:00+05:30,1849.1500244140625,1849.1500244140625,1849.1500244140625,1849.1500244140625,25
2026-09-17 14:14:00+05:30,1850.8499755859375,1850.8499755859375,1850.8499755859375,1850.8499755859375,4
2026-09-17 14:15:00+05:30,1850.0,1850.0,1850.0,1850.0,6
2026-09-17 14:16:00+05:30,1849.300048828125,1850.0,1849.300048828125,1850.0,109
2026-09-17 14:17:00+05:30,1850.4000244140625,1850.4000244140625,1848.949951171875,1848.949951171875,1911
2026-09-17 14:18:00+05:30,1849.5,1849.5,1849.5,1849.5,2
2026-09-17 14:19:00+05:30,1850.4000244140625,1850.4000244140625,1850.4000244140625,1850.4000244140625,600
2026-09-17 14:21:00+05:30,1851.5,1851.5999755859375,1851.5,1851.5999755859375,147
2026-09-17 14:22:00+05:30,1852.3499755859375,1852.3499755859375,1852.3499755859375,1852.3499755859375,1
2026-09-17 14:23:00+05:30,1851.550048828125,1852.8499755859375,1851.550048828125,1852.8499755859375,2
2026-09-17 14:24:00+05:30,1853.0,1853.0,1851.5999755859375,1851.5999755859375,2
2026-09-17 14:25:00+05:30,1852.0,1852.0999755859375,1851.050048828125,1851.550048828125,87
2026-09-17 14:26:00+05:30,1852.0,1852.0,1852.0,1852.0,21
2026-09-17 14:27:00+05:30,1851.8499755859375,1852.0,1851.8499755859375,1852.0,420
2026-09-17 14:28:00+05:30,1851.8499755859375,1851.8499755859375,1851.8499755859375,1851.8499755859375,5
2026-09-17 14:29:00+05:30,1850.9000244140625,1850.9000244140625,1850.9000244140625,1850.9000244140625,3
2026-09-17 14:32:00+05:30,1852.050048828125,1852.050048828125,1852.050048828125,1852.050048828125,1
2026-09-17 14:33:00+05:30,1852.050048828125,1852.050048828125,1852.050048828125,1852.050048828125,1
2026-09-17 14:34:00+05:30,1851.1500244140625,1852.5,1851.1500244140625,1852.5,65
2026-09-17 14:35:00+05:30,1851.1500244140625,1852.0,1851.1500244140625,1852.0,11
2026-09-17 14:36:00+05:30,1852.0,1852.0,1852.0,1852.0,41
2026-09-17 14:37:00+05:30,1853.1500244140625,1853.1500244140625,1852.5,1852.5,250
2026-09-17 14:38:00+05:30,1854.5,1854.5,1854.5,1854.5,1
2026-09-17 14:39:00+05:30,1853.199951171875,1853.199951171875,1852.9000244140625,1852.9000244140625,14
2026-09-17 14:41:00+05:30,1854.300048828125,1854.300048828125,1854.300048828125,1854.300048828125,27
2026-09-17 14:42:00+05:30,1852.0,1852.5,1852.0,1852.5,64
2026-09-17 14:44:00+05:30,1852.0,1852.0,1851.1500244140625,1851.1500244140625,265
2026-09-17 14:45:00+05:30,1852.5,1852.5,1852.5,1852.5,1
2026-09-17 14:46:00+05:30,1853.0,1853.0,1853.0,1853.0,1505
2026-09-17 14:49:00+05:30,1851.0,1851.0,1851.0,1851.0,645
2026-09-17 14:50:00+05:30,1852.0,1852.75,1852.0,1852.75,195
2026-09-17 14:51:00+05:30,1853.0,1853.0,1852.9000244140625,1852.9000244140625,7
2026-09-17 14:52:00+05:30,1853.0,1853.550048828125,1853.0,1853.550048828125,51
2026-09-17 14:53:00+05:30,1851.949951171875,1851.949951171875,1851.949951171875,1851.949951171875,53
2026-09-17 14:55:00+05:30,1853.0,1853.75,1853.0,1853.75,11
2026-09-17 14:59:00+05:30,1853.8499755859375,1853.9000244140625,1853.0,1853.9000244140625,21
2026-09-17 15:00:00+05:30,1854.9000244140625,1854.9000244140625,1853.0,1853.0,64
2026-09-17 15:01:00+05:30,1855.300048828125,1855.300048828125,1855.0,1855.0,34
2026-09-17 15:03:00+05:30,1856.0,1856.0,1856.0,1856.0,80
2026-09-17 15:04:00+05:30,1857.5,1858.0,1856.800048828125,1856.800048828125,202
2026-09-17 15:05:00+05:30,1857.75,1858.0,1857.75,1858.0,62
2026-09-17 15:07:00+05:30,1858.800048828125,1858.800048828125,1857.0,1857.0,44
2026-09-17 15:08:00+05:30,1856.3499755859375,1856.3499755859375,1856.3499755859375,1856.3499755859375,900
2026-09-17 15:10:00+05:30,1857.75,1860.0,1857.0999755859375,1857.0999755859375,494
2026-09-17 15:12:00+05:30,1852.9000244140625,1858.0,1852.9000244140625,1857.4000244140625,72
2026-09-17 15:13:00+05:30,1857.0,1857.0,1853.449951171875,1855.5999755859375,36
2026-09-17 15:14:00+05:30,1848.300048828125,1857.0,1848.300048828125,1857.0,12
2026-09-17 15:28:00+05:30,1862.4000244140625,1862.4000244140625,1862.4000244140625,1862.4000244140625,2968
2026-09-18 09:15:00+05:30,1860.699951171875,1861.0999755859375,1843.25,1843.25,127
2026-09-18 09:16:00+05:30,1863.800048828125,1863.800048828125,1860.5,1860.5999755859375,206
2026-09-18 09:17:00+05:30,1862.550048828125,1864.0999755859375,1860.4000244140625,1864.0999755859375,14
2026-09-18 09:18:00+05:30,1866.550048828125,1866.550048828125,1865.0999755859375,1865.0999755859375,67
2026-09-18 09:19:00+05:30,1862.550048828125,1864.75,1862.550048828125,1863.0,90
2026-09-18 09:20:00+05:30,1859.9000244140625,1862.050048828125,1859.9000244140625,1862.050048828125,23
2026-09-18 09:21:00+05:30,1860.3499755859375,1860.3499755859375,1860.3499755859375,1860.3499755859375,1
2026-09-18 09:22:00+05:30,1863.8499755859375,1863.8499755859375,1862.0,1862.0,53
2026-09-18 09:23:00+05:30,1862.949951171875,1862.949951171875,1862.949951171875,1862.949951171875,10
2026-09-18 09:24:00+05:30,1863.800048828125,1863.800048828125,1862.5,1862.5,13
2026-09-18 09:25:00+05:30,1861.9000244140625,1861.9000244140625,1861.0,1861.0,30
2026-09-18 09:26:00+05:30,1860.949951171875,1860.949951171875,1860.0,1860.0,8
2026-09-18 09:27:00+05:30,1857.949951171875,1857.949951171875,1857.949951171875,1857.949951171875,10
2026-09-18 09:29:00+05:30,1857.949951171875,1858.0,1857.949951171875,1858.0,51
2026-09-18 09:30:00+05:30,1856.550048828125,1856.550048828125,1854.800048828125,1854.800048828125,21
2026-09-18 09:31:00+05:30,1858.0,1858.0,1858.0,1858.0,9
2026-09-18 09:32:00+05:30,1859.0999755859375,1859.0999755859375,1859.0999755859375,1859.0999755859375,5
2026-09-18 09:33:00+05:30,1856.75,1856.75,1856.75,1856.75,6
2026-09-18 09:35:00+05:30,1860.800048828125,1860.800048828125,1860.0,1860.0,15
2026-09-18 09:36:00+05:30,1861.0,1861.0,1859.3499755859375,1859.3499755859375,70
2026-09-18 09:37:00+05:30,1861.550048828125,1861.550048828125,1859.5,1859.5,6
2026-09-18 09:39:00+05:30,1859.8499755859375,1859.8499755859375,1859.8499755859375,1859.8499755859375,4
2026-09-18 09:40:00+05:30,1860.4000244140625,1861.550048828125,1860.4000244140625,1861.550048828125,23
2026-09-18 09:41:00+05:30,1861.4000244140625,1862.9000244140625,1861.4000244140625,1862.9000244140625,7
2026-09-18 09:42:00+05:30,1861.699951171875,1861.699951171875,1861.699951171875,1861.699951171875,10
2026-09-18 09:43:00+05:30,1861.8499755859375,1861.8499755859375,1861.5,1861.5,8
2026-09-18 09:45:00+05:30,1862.6500244140625,1862.6500244140625,1860.8499755859375,1860.8499755859375,10
2026-09-18 09:46:00+05:30,1861.699951171875,1861.699951171875,1861.699951171875,1861.699951171875,10
2026-09-18 09:48:00+05:30,1862.800048828125,1862.800048828125,1861.3499755859375,1861.3499755859375,4
2026-09-18 09:49:00+05:30,1862.9000244140625,1863.3499755859375,1862.9000244140625,1863.3499755859375,4
2026-09-18 09:50:00+05:30,1860.1500244140625,1860.1500244140625,1860.1500244140625,1860.1500244140625,15
2026-09-18 09:52:00+05:30,1859.75,1859.75,1859.75,1859.75,486
2026-09-18 09:53:00+05:30,1862.9000244140625,1862.9000244140625,1862.449951171875,1862.800048828125,5
2026-09-18 09:55:00+05:30,1861.1500244140625,1862.9000244140625,1861.1500244140625,1862.9000244140625,40
2026-09-18 09:57:00+05:30,1861.1500244140625,1861.1500244140625,1861.1500244140625,1861.1500244140625,10
2026-09-18 09:59:00+05:30,1859.8499755859375,1859.8499755859375,1859.8499755859375,1859.8499755859375,11
2026-09-18 10:00:00+05:30,1860.949951171875,1860.949951171875,1860.949951171875,1860.949951171875,1
2026-09-18 10:02:00+05:30,1861.25,1861.25,1861.25,1861.25,25
2026-09-18 10:05:00+05:30,1864.300048828125,1864.300048828125,1864.300048828125,1864.300048828125,20
2026-09-18 10:06:00+05:30,1861.699951171875,1861.699951171875,1861.699951171875,1861.699951171875,10
2026-09-18 10:08:00+05:30,1862.0,1862.0,1861.300048828125,1861.300048828125,11
2026-09-18 10:09:00+05:30,1865.550048828125,1867.699951171875,1864.75,1864.75,23
2026-09-18 10:10:00+05:30,1868.0,1868.0,1867.6500244140625,1867.6500244140625,7
2026-09-18 10:11:00+05:30,1869.0,1869.0,1868.0,1868.0,106
2026-09-18 10:13:00+05:30,1867.0,1867.949951171875,1867.0,1867.949951171875,69
2026-09-18 10:14:00+05:30,1865.25,1866.8499755859375,1865.25,1866.8499755859375,7
2026-09-18 10:15:00+05:30,1865.300048828125,1865.550048828125,1865.300048828125,1865.550048828125,48
2026-09-18 10:16:00+05:30,1865.0,1865.199951171875,1865.0,1865.199951171875,46
2026-09-18 10:17:00+05:30,1865.699951171875,1865.699951171875,1864.4000244140625,1864.4000244140625,9
2026-09-18 10:18:00+05:30,1865.4000244140625,1865.4000244140625,1864.5,1864.5,23
2026-09-18 10:19:00+05:30,1863.1500244140625,1865.0999755859375,1863.1500244140625,1865.0999755859375,158
2026-09-18 10:21:00+05:30,1864.300048828125,1864.300048828125,1864.300048828125,1864.300048828125,50
2026-09-18 10:22:00+05:30,1864.199951171875,1864.300048828125,1864.199951171875,1864.300048828125,6
2026-09-18 10:24:00+05:30,1861.300048828125,1861.3499755859375,1861.300048828125,1861.3499755859375,5
2026-09-18 10:26:00+05:30,1860.300048828125,1860.300048828125,1860.300048828125,1860.300048828125,1
2026-09-18 10:27:00+05:30,1860.0999755859375,1860.0999755859375,1860.0999755859375,1860.0999755859375,2
2026-09-18 10:30:00+05:30,1862.0,1862.0,1862.0,1862.0,1
2026-09-18 10:31:00+05:30,1863.449951171875,1863.449951171875,1863.449951171875,1863.449951171875,1
2026-09-18 10:32:00+05:30,1860.5999755859375,1860.5999755859375,1860.5999755859375,1860.5999755859375,6
2026-09-18 10:36:00+05:30,1860.1500244140625,1860.1500244140625,1860.1500244140625,1860.1500244140625,20
2026-09-18 10:37:00+05:30,1860.5999755859375,1860.5999755859375,1860.5999755859375,1860.5999755859375,1
2026-09-18 10:39:00+05:30,1862.300048828125,1862.6500244140625,1862.300048828125,1862.6500244140625,6
2026-09-18 10:40:00+05:30,1863.0,1863.0,1862.300048828125,1862.300048828125,150001
2026-09-18 10:42:00+05:30,1863.0,1863.0,1861.949951171875,1861.949951171875,65
2026-09-18 10:43:00+05:30,1862.1500244140625,1863.0,1862.1500244140625,1863.0,301
2026-09-18 10:45:00+05:30,1863.0,1863.0,1862.1500244140625,1862.1500244140625,55
2026-09-18 10:47:00+05:30,1861.300048828125,1861.300048828125,1861.300048828125,1861.300048828125,2
2026-09-18 10:49:00+05:30,1862.1500244140625,1862.1500244140625,1861.300048828125,1861.300048828125,10
2026-09-18 10:50:00+05:30,1862.0,1862.449951171875,1862.0,1862.449951171875,50
2026-09-18 10:52:00+05:30,1861.699951171875,1862.050048828125,1861.699951171875,1862.050048828125,2
2026-09-18 10:56:00+05:30,1862.699951171875,1862.699951171875,1862.699951171875,1862.699951171875,1
2026-09-18 10:59:00+05:30,1861.199951171875,1861.199951171875,1861.199951171875,1861.199951171875,34
2026-09-18 11:00:00+05:30,1862.800048828125,1862.800048828125,1862.800048828125,1862.800048828125,6
2026-09-18 11:02:00+05:30,1861.800048828125,1861.800048828125,1860.6500244140625,1860.6500244140625,3
2026-09-18 11:07:00+05:30,1862.5,1863.0,1862.0,1862.0,20
2026-09-18 11:09:00+05:30,1864.3499755859375,1864.3499755859375,1864.25,1864.25,15
2026-09-18 11:10:00+05:30,1863.0,1863.0,1863.0,1863.0,126
2026-09-18 11:11:00+05:30,1863.0,1863.800048828125,1863.0,1863.800048828125,36
2026-09-18 11:12:00+05:30,1862.0999755859375,1863.0,1862.0999755859375,1863.0,62
2026-09-18 11:13:00+05:30,1863.25,1863.25,1861.5999755859375,1862.199951171875,22
2026-09-18 11:14:00+05:30,1863.3499755859375,1863.3499755859375,1863.3499755859375,1863.3499755859375,74
2026-09-18 11:15:00+05:30,1863.199951171875,1863.199951171875,1861.75,1863.1500244140625,12
2026-09-18 11:17:00+05:30,1863.0,1863.0,1863.0,1863.0,151028
2026-09-18 11:18:00+05:30,1862.449951171875,1862.449951171875,1861.0,1862.449951171875,23
2026-09-18 11:20:00+05:30,1861.75,1861.75,1861.300048828125,1861.300048828125,404
2026-09-18 11:21:00+05:30,1861.949951171875,1861.949951171875,1861.949951171875,1861.949951171875,13
2026-09-18 11:22:00+05:30,1860.9000244140625,1863.0,1860.9000244140625,1863.0,50018
2026-09-18 11:26:00+05:30,1860.0,1860.9000244140625,1860.0,1860.9000244140625,36
2026-09-18 11:31:00+05:30,1860.9000244140625,1860.9000244140625,1860.9000244140625,1860.9000244140625,1
2026-09-18 11:33:00+05:30,1860.9000244140625,1860.9000244140625,1860.9000244140625,1860.9000244140625,1
2026-09-18 11:34:00+05:30,1860.75,1861.300048828125,1860.25,1860.25,19
2026-09-18 11:37:00+05:30,1860.699951171875,1860.699951171875,1860.699951171875,1860.699951171875,1
2026-09-18 11:38:00+05:30,1861.9000244140625,1861.9000244140625,1860.300048828125,1860.300048828125,2
2026-09-18 11:39:00+05:30,1861.800048828125,1861.800048828125,1860.550048828125,1860.550048828125,110
2026-09-18 11:40:00+05:30,1862.0999755859375,1862.0999755859375,1860.699951171875,1860.699951171875,51
2026-09-18 11:43:00+05:30,1860.300048828125,1860.300048828125,1860.300048828125,1860.300048828125,9
2026-09-18 11:44:00+05:30,1860.050048828125,1861.300048828125,1860.050048828125,1861.300048828125,13
2026-09-18 11:45:00+05:30,1861.3499755859375,1861.3499755859375,1861.3499755859375,1861.3499755859375,1
2026-09-18 11:46:00+05:30,1860.1500244140625,1860.1500244140625,1860.1500244140625,1860.1500244140625,10
2026-09-18 11:47:00+05:30,1860.0999755859375,1861.6500244140625,1860.0999755859375,1860.199951171875,28
2026-09-18 11:48:00+05:30,1860.050048828125,1860.050048828125,1860.050048828125,1860.050048828125,28
2026-09-18 11:49:00+05:30,1861.6500244140625,1861.6500244140625,1861.6500244140625,1861.6500244140625,15
2026-09-18 11:50:00+05:30,1862.949951171875,1862.949951171875,1862.949951171875,1862.949951171875,5
2026-09-18 11:51:00+05:30,1861.449951171875,1861.449951171875,1861.449951171875,1861.449951171875,1
2026-09-18 11:53:00+05:30,1862.5999755859375,1862.5999755859375,1861.9000244140625,1861.9000244140625,6
2026-09-18 11:55:00+05:30,1861.25,1861.25,1861.25,1861.25,223
2026-09-18 11:57:00+05:30,1861.300048828125,1861.300048828125,1860.0,1861.0,10
2026-09-18 11:59:00+05:30,1861.300048828125,1861.300048828125,1861.300048828125,1861.300048828125,10
2026-09-18 12:00:00+05:30,1859.8499755859375,1859.8499755859375,1859.8499755859375,1859.8499755859375,41
2026-09-18 12:01:00+05:30,1859.949951171875,1860.5,1859.949951171875,1860.5,11
2026-09-18 12:02:00+05:30,1859.8499755859375,1859.8499755859375,1859.8499755859375,1859.8499755859375,5
2026-09-18 12:04:00+05:30,1859.0,1859.0,1859.0,1859.0,1
2026-09-18 12:06:00+05:30,1857.8499755859375,1857.8499755859375,1856.300048828125,1856.449951171875,69
2026-09-18 12:07:00+05:30,1857.1500244140625,1858.800048828125,1857.1500244140625,1857.9000244140625,71
2026-09-18 12:10:00+05:30,1858.300048828125,1858.300048828125,1858.300048828125,1858.300048828125,1
2026-09-18 12:12:00+05:30,1857.4000244140625,1857.4000244140625,1856.75,1856.75,2
2026-09-18 12:14:00+05:30,1858.6500244140625,1858.6500244140625,1858.6500244140625,1858.6500244140625,1
2026-09-18 12:15:00+05:30,1858.699951171875,1858.699951171875,1858.699951171875,1858.699951171875,5
2026-09-18 12:16:00+05:30,1858.949951171875,1858.949951171875,1858.949951171875,1858.949951171875,150
2026-09-18 12:17:00+05:30,1858.9000244140625,1858.9000244140625,1858.9000244140625,1858.9000244140625,10
2026-09-18 12:19:00+05:30,1857.6500244140625,1857.6500244140625,1857.6500244140625,1857.6500244140625,1
2026-09-18 12:22:00+05:30,1857.5,1857.5,1857.5,1857.5,5
2026-09-18 12:23:00+05:30,1857.1500244140625,1857.1500244140625,1857.1500244140625,1857.1500244140625,5
2026-09-18 12:25:00+05:30,1857.199951171875,1858.449951171875,1857.0999755859375,1857.199951171875,59
2026-09-18 12:26:00+05:30,1857.25,1857.25,1857.25,1857.25,1
2026-09-18 12:28:00+05:30,1860.0,1860.0,1857.300048828125,1857.300048828125,37
2026-09-18 12:29:00+05:30,1859.3499755859375,1859.3499755859375,1859.3499755859375,1859.3499755859375,2
2026-09-18 12:30:00+05:30,1860.75,1860.75,1860.75,1860.75,22
2026-09-18 12:31:00+05:30,1860.6500244140625,1860.6500244140625,1860.6500244140625,1860.6500244140625,7
2026-09-18 12:32:00+05:30,1859.5,1859.5,1859.5,1859.5,95
2026-09-18 12:33:00+05:30,1860.5,1860.5,1860.5,1860.5,1
2026-09-18 12:35:00+05:30,1858.449951171875,1858.449951171875,1858.449951171875,1858.449951171875,3
2026-09-18 12:36:00+05:30,1859.9000244140625,1859.9000244140625,1859.9000244140625,1859.9000244140625,10
2026-09-18 12:37:00+05:30,1859.949951171875,1859.949951171875,1858.25,1858.25,23
2026-09-18 12:38:00+05:30,1859.1500244140625,1859.1500244140625,1859.1500244140625,1859.1500244140625,22
2026-09-18 12:39:00+05:30,1859.0999755859375,1859.0999755859375,1859.0999755859375,1859.0999755859375,1
2026-09-18 12:40:00+05:30,1857.6500244140625,1859.0999755859375,1857.6500244140625,1859.0999755859375,7
2026-09-18 12:41:00+05:30,1858.0999755859375,1858.0999755859375,1858.0999755859375,1858.0999755859375,87
2026-09-18 12:43:00+05:30,1859.5,1859.5,1859.199951171875,1859.199951171875,4
2026-09-18 12:44:00+05:30,1859.0,1859.0,1859.0,1859.0,10
2026-09-18 12:45:00+05:30,1858.1500244140625,1858.1500244140625,1858.1500244140625,1858.1500244140625,10
2026-09-18 12:52:00+05:30,1858.0999755859375,1858.800048828125,1858.0999755859375,1858.800048828125,2
2026-09-18 12:53:00+05:30,1858.0999755859375,1858.0999755859375,1858.0999755859375,1858.0999755859375,15
2026-09-18 12:54:00+05:30,1858.550048828125,1858.550048828125,1858.550048828125,1858.550048828125,1
2026-09-18 12:55:00+05:30,1858.199951171875,1858.199951171875,1858.199951171875,1858.199951171875,33
2026-09-18 12:56:00+05:30,1859.449951171875,1859.449951171875,1858.050048828125,1858.050048828125,152
2026-09-18 12:57:00+05:30,1859.0999755859375,1859.3499755859375,1859.0999755859375,1859.3499755859375,20
2026-09-18 12:59:00+05:30,1859.0999755859375,1859.0999755859375,1859.0999755859375,1859.0999755859375,10
2026-09-18 13:00:00+05:30,1858.949951171875,1858.949951171875,1858.949951171875,1858.949951171875,7
2026-09-18 13:04:00+05:30,1858.949951171875,1858.949951171875,1858.949951171875,1858.949951171875,21
2026-09-18 13:06:00+05:30,1857.550048828125,1858.9000244140625,1857.4000244140625,1858.9000244140625,21
2026-09-18 13:09:00+05:30,1857.0999755859375,1857.0999755859375,1857.0999755859375,1857.0999755859375,34
2026-09-18 13:10:00+05:30,1858.550048828125,1858.550048828125,1856.8499755859375,1856.8499755859375,130
2026-09-18 13:11:00+05:30,1860.0,1860.0,1859.5,1859.5,30
2026-09-18 13:14:00+05:30,1860.199951171875,1860.199951171875,1860.199951171875,1860.199951171875,145
2026-09-18 13:16:00+05:30,1860.0,1860.199951171875,1860.0,1860.199951171875,4
2026-09-18 13:17:00+05:30,1860.0,1860.0,1860.0,1860.0,5
2026-09-18 13:19:00+05:30,1860.0,1860.0,1860.0,1860.0,12
2026-09-18 13:22:00+05:30,1858.199951171875,1858.199951171875,1858.199951171875,1858.199951171875,300
2026-09-18 13:23:00+05:30,1859.75,1859.75,1859.75,1859.75,1
2026-09-18 13:26:00+05:30,1858.300048828125,1859.550048828125,1858.300048828125,1859.550048828125,27
2026-09-18 13:27:00+05:30,1858.4000244140625,1858.4000244140625,1858.4000244140625,1858.4000244140625,1
2026-09-18 13:30:00+05:30,1860.449951171875,1860.449951171875,1860.449951171875,1860.449951171875,40
2026-09-18 13:32:00+05:30,1859.550048828125,1859.550048828125,1859.0999755859375,1859.0999755859375,6
2026-09-18 13:33:00+05:30,1859.800048828125,1859.800048828125,1858.25,1858.25,57
2026-09-18 13:35:00+05:30,1858.050048828125,1858.050048828125,1858.050048828125,1858.050048828125,1
2026-09-18 13:37:00+05:30,1858.3499755859375,1858.3499755859375,1858.3499755859375,1858.3499755859375,2
2026-09-18 13:38:00+05:30,1856.800048828125,1856.800048828125,1856.800048828125,1856.800048828125,50
2026-09-18 13:40:00+05:30,1858.0999755859375,1858.0999755859375,1858.050048828125,1858.0999755859375,108
2026-09-18 13:41:00+05:30,1856.9000244140625,1858.1500244140625,1856.9000244140625,1858.1500244140625,2
2026-09-18 13:42:00+05:30,1857.9000244140625,1857.9000244140625,1856.800048828125,1856.800048828125,20
2026-09-18 13:44:00+05:30,1856.449951171875,1856.449951171875,1856.449951171875,1856.449951171875,5
2026-09-18 13:45:00+05:30,1856.0,1856.0,1856.0,1856.0,6
2026-09-18 13:46:00+05:30,1855.3499755859375,1855.3499755859375,1855.3499755859375,1855.3499755859375,1
2026-09-18 13:51:00+05:30,1857.300048828125,1857.300048828125,1857.300048828125,1857.300048828125,1
2026-09-18 13:52:00+05:30,1858.0,1858.0,1858.0,1858.0,26
2026-09-18 13:57:00+05:30,1859.0,1859.0,1859.0,1859.0,1
2026-09-18 13:58:00+05:30,1862.4000244140625,1862.4000244140625,1860.75,1860.75,53
2026-09-18 13:59:00+05:30,1860.0,1860.0,1860.0,1860.0,5
2026-09-18 14:00:00+05:30,1860.050048828125,1860.050048828125,1859.300048828125,1859.300048828125,55
2026-09-18 14:04:00+05:30,1860.6500244140625,1860.6500244140625,1860.199951171875,1860.199951171875,3
2026-09-18 14:05:00+05:30,1862.0,1862.0,1862.0,1862.0,40
2026-09-18 14:07:00+05:30,1860.0,1860.300048828125,1860.0,1860.300048828125,4
2026-09-18 14:08:00+05:30,1859.699951171875,1859.699951171875,1859.699951171875,1859.699951171875,55
2026-09-18 14:09:00+05:30,1862.0999755859375,1862.0999755859375,1862.0999755859375,1862.0999755859375,10
2026-09-18 14:10:00+05:30,1861.1500244140625,1861.1500244140625,1861.1500244140625,1861.1500244140625,10
2026-09-18 14:11:00+05:30,1861.8499755859375,1861.8499755859375,1861.8499755859375,1861.8499755859375,1
2026-09-18 14:12:00+05:30,1861.9000244140625,1861.9000244140625,1861.300048828125,1861.550048828125,17
2026-09-18 14:13:00+05:30,1860.300048828125,1860.300048828125,1860.300048828125,1860.300048828125,1
2026-09-18 14:14:00+05:30,1860.0,1860.0,1860.0,1860.0,1
2026-09-18 14:16:00+05:30,1860.199951171875,1860.199951171875,1860.199951171875,1860.199951171875,2
2026-09-18 14:17:00+05:30,1861.0999755859375,1861.0999755859375,1861.0999755859375,1861.0999755859375,3
2026-09-18 14:18:00+05:30,1860.75,1860.75,1860.75,1860.75,10
2026-09-18 14:20:00+05:30,1862.3499755859375,1862.3499755859375,1862.3499755859375,1862.3499755859375,3
2026-09-18 14:22:00+05:30,1863.5999755859375,1863.5999755859375,1862.5999755859375,1862.5999755859375,6
2026-09-18 14:23:00+05:30,1864.0999755859375,1864.0999755859375,1864.0999755859375,1864.0999755859375,8
2026-09-18 14:24:00+05:30,1864.800048828125,1864.800048828125,1862.300048828125,1862.300048828125,51
2026-09-18 14:25:00+05:30,1864.050048828125,1864.050048828125,1862.25,1862.25,92
2026-09-18 14:26:00+05:30,1863.0,1863.0,1863.0,1863.0,4
2026-09-18 14:27:00+05:30,1862.75,1862.75,1862.75,1862.75,1
2026-09-18 14:29:00+05:30,1862.75,1862.75,1862.75,1862.75,1
2026-09-18 14:30:00+05:30,1862.75,1863.199951171875,1862.75,1863.199951171875,19
2026-09-18 14:31:00+05:30,1863.5,1864.0,1863.5,1864.0,98
2026-09-18 14:32:00+05:30,1862.9000244140625,1864.1500244140625,1862.9000244140625,1864.1500244140625,20
2026-09-18 14:35:00+05:30,1863.0,1863.0,1863.0,1863.0,7
2026-09-18 14:37:00+05:30,1863.800048828125,1864.4000244140625,1863.699951171875,1864.4000244140625,7
2026-09-18 14:38:00+05:30,1864.0999755859375,1864.0999755859375,1863.5999755859375,1863.5999755859375,64
2026-09-18 14:39:00+05:30,1863.5999755859375,1863.699951171875,1863.5999755859375,1863.699951171875,6
2026-09-18 14:41:00+05:30,1863.300048828125,1863.300048828125,1863.300048828125,1863.300048828125,1
2026-09-18 14:42:00+05:30,1862.0,1863.0,1862.0,1863.0,124
2026-09-18 14:44:00+05:30,1862.25,1862.25,1862.0,1862.0,25
2026-09-18 14:46:00+05:30,1861.949951171875,1862.9000244140625,1861.949951171875,1862.9000244140625,2
2026-09-18 14:49:00+05:30,1862.9000244140625,1862.9000244140625,1862.9000244140625,1862.9000244140625,3
2026-09-18 14:50:00+05:30,1863.8499755859375,1864.25,1862.9000244140625,1862.9000244140625,394
2026-09-18 14:51:00+05:30,1866.0,1866.0,1863.949951171875,1863.949951171875,694
2026-09-18 14:52:00+05:30,1866.0,1866.0,1866.0,1866.0,230
2026-09-18 14:53:00+05:30,1866.050048828125,1866.9000244140625,1865.9000244140625,1866.9000244140625,35
2026-09-18 14:56:00+05:30,1865.9000244140625,1866.050048828125,1865.9000244140625,1866.0,20
2026-09-18 14:59:00+05:30,1867.9000244140625,1867.9000244140625,1866.050048828125,1866.050048828125,181
2026-09-18 15:00:00+05:30,1866.8499755859375,1868.199951171875,1866.3499755859375,1866.4000244140625,64
2026-09-18 15:01:00+05:30,1867.0,1867.0,1865.5999755859375,1866.25,294
2026-09-18 15:02:00+05:30,1867.1500244140625,1867.1500244140625,1866.5,1866.5,2
2026-09-18 15:03:00+05:30,1865.75,1865.8499755859375,1865.4000244140625,1865.8499755859375,165
2026-09-18 15:04:00+05:30,1866.0999755859375,1866.5,1866.0999755859375,1866.5,5
2026-09-18 15:05:00+05:30,1865.050048828125,1867.050048828125,1865.050048828125,1865.800048828125,10
2026-09-18 15:06:00+05:30,1866.0,1866.0,1865.199951171875,1865.699951171875,9
2026-09-18 15:07:00+05:30,1865.0,1866.0,1865.0,1866.0,138
2026-09-18 15:08:00+05:30,1865.8499755859375,1865.949951171875,1865.8499755859375,1865.949951171875,4
2026-09-18 15:09:00+05:30,1866.050048828125,1867.3499755859375,1866.050048828125,1867.300048828125,44
2026-09-18 15:10:00+05:30,1868.0,1868.0,1865.4000244140625,1867.5,204
2026-09-18 15:11:00+05:30,1870.0,1870.0,1868.0,1868.0,78
2026-09-18 15:12:00+05:30,1866.75,1869.449951171875,1866.75,1869.449951171875,232
2026-09-18 15:13:00+05:30,1867.800048828125,1867.800048828125,1867.199951171875,1867.199951171875,5
2026-09-18 15:14:00+05:30,1861.0,1868.0,1861.0,1868.0,59
2026-09-18 15:29:00+05:30,1849.8499755859375,1849.8499755859375,1849.8499755859375,1849.8499755859375,774
2026-09-21 09:15:00+05:30,1862.0,1865.050048828125,1862.0,1865.050048828125,1002
2026-09-21 09:16:00+05:30,1855.0,1855.0,1855.0,1855.0,4
2026-09-21 09:18:00+05:30,1857.5999755859375,1858.3499755859375,1856.699951171875,1858.3499755859375,33
2026-09-21 09:19:00+05:30,1857.449951171875,1857.449951171875,1857.0,1857.0,6
2026-09-21 09:20:00+05:30,1857.1500244140625,1859.5,1857.1500244140625,1859.5,179
2026-09-21 09:24:00+05:30,1861.5,1861.5,1857.199951171875,1857.199951171875,26
2026-09-21 09:25:00+05:30,1861.699951171875,1861.699951171875,1860.300048828125,1860.800048828125,20
2026-09-21 09:26:00+05:30,1861.199951171875,1861.199951171875,1861.199951171875,1861.199951171875,10
2026-09-21 09:27:00+05:30,1861.4000244140625,1861.4000244140625,1861.4000244140625,1861.4000244140625,99
2026-09-21 09:28:00+05:30,1861.9000244140625,1863.3499755859375,1861.9000244140625,1863.3499755859375,87
2026-09-21 09:29:00+05:30,1860.800048828125,1860.800048828125,1860.800048828125,1860.800048828125,11
2026-09-21 09:30:00+05:30,1860.5999755859375,1860.5999755859375,1860.5999755859375,1860.5999755859375,1
2026-09-21 09:31:00+05:30,1860.0999755859375,1860.0999755859375,1860.0999755859375,1860.0999755859375,1
2026-09-21 09:32:00+05:30,1858.949951171875,1858.949951171875,1858.949951171875,1858.949951171875,2
2026-09-21 09:33:00+05:30,1860.5,1860.5,1860.5,1860.5,1
2026-09-21 09:36:00+05:30,1862.5999755859375,1862.699951171875,1862.5999755859375,1862.699951171875,43
2026-09-21 09:39:00+05:30,1860.5999755859375,1860.5999755859375,1860.5999755859375,1860.5999755859375,1
2026-09-21 09:44:00+05:30,1858.9000244140625,1858.9000244140625,1858.9000244140625,1858.9000244140625,6
2026-09-21 09:45:00+05:30,1859.449951171875,1859.449951171875,1859.449951171875,1859.449951171875,40
2026-09-21 09:48:00+05:30,1859.5,1860.75,1859.5,1860.75,13
2026-09-21 09:51:00+05:30,1861.0999755859375,1861.0999755859375,1861.0999755859375,1861.0999755859375,10
2026-09-21 09:54:00+05:30,1857.550048828125,1857.550048828125,1857.550048828125,1857.550048828125,25
2026-09-21 09:59:00+05:30,1859.4000244140625,1859.4000244140625,1859.4000244140625,1859.4000244140625,10
2026-09-21 10:00:00+05:30,1857.699951171875,1859.3499755859375,1857.699951171875,1859.3499755859375,35
2026-09-21 10:01:00+05:30,1856.300048828125,1856.300048828125,1856.300048828125,1856.300048828125,6
2026-09-21 10:02:00+05:30,1854.949951171875,1854.949951171875,1854.949951171875,1854.949951171875,10
2026-09-21 10:03:00+05:30,1854.949951171875,1854.949951171875,1854.699951171875,1854.699951171875,2
2026-09-21 10:04:00+05:30,1855.449951171875,1855.449951171875,1855.449951171875,1855.449951171875,1
2026-09-21 10:07:00+05:30,1853.0,1853.0,1853.0,1853.0,50
2026-09-21 10:08:00+05:30,1853.0,1853.0,1853.0,1853.0,6
2026-09-21 10:09:00+05:30,1854.0,1854.0,1854.0,1854.0,11
2026-09-21 10:11:00+05:30,1855.6500244140625,1855.6500244140625,1855.6500244140625,1855.6500244140625,1
2026-09-21 10:15:00+05:30,1853.449951171875,1854.800048828125,1853.449951171875,1854.800048828125,6
2026-09-21 10:16:00+05:30,1855.800048828125,1855.800048828125,1855.800048828125,1855.800048828125,2
2026-09-21 10:18:00+05:30,1853.5999755859375,1853.5999755859375,1853.5999755859375,1853.5999755859375,5
2026-09-21 10:21:00+05:30,1856.5,1856.5,1856.5,1856.5,2
2026-09-21 10:24:00+05:30,1856.300048828125,1856.300048828125,1856.300048828125,1856.300048828125,1
2026-09-21 10:25:00+05:30,1855.0,1855.0,1855.0,1855.0,5
2026-09-21 10:28:00+05:30,1854.0,1854.0,1854.0,1854.0,15
2026-09-21 10:29:00+05:30,1852.699951171875,1852.699951171875,1852.699951171875,1852.699951171875,15
2026-09-21 10:30:00+05:30,1853.0,1853.0,1853.0,1853.0,4
2026-09-21 10:31:00+05:30,1854.0999755859375,1854.0999755859375,1854.0999755859375,1854.0999755859375,1
2026-09-21 10:32:00+05:30,1853.199951171875,1853.199951171875,1853.199951171875,1853.199951171875,10
2026-09-21 10:33:00+05:30,1853.1500244140625,1853.1500244140625,1853.1500244140625,1853.1500244140625,24
2026-09-21 10:37:00+05:30,1853.1500244140625,1853.1500244140625,1853.1500244140625,1853.1500244140625,1
2026-09-21 10:38:00+05:30,1851.949951171875,1853.949951171875,1851.949951171875,1853.949951171875,85
2026-09-21 10:39:00+05:30,1853.5,1853.5,1853.5,1853.5,1
2026-09-21 10:40:00+05:30,1854.5,1854.5,1852.050048828125,1852.050048828125,119
2026-09-21 10:48:00+05:30,1856.6500244140625,1856.6500244140625,1856.6500244140625,1856.6500244140625,1
2026-09-21 10:49:00+05:30,1855.0,1855.0,1855.0,1855.0,200
2026-09-21 10:53:00+05:30,1855.0,1855.0,1855.0,1855.0,10
2026-09-21 10:57:00+05:30,1855.0,1856.4000244140625,1855.0,1856.4000244140625,8
2026-09-21 10:58:00+05:30,1856.25,1856.25,1856.25,1856.25,60
2026-09-21 11:01:00+05:30,1856.25,1856.25,1856.25,1856.25,1
2026-09-21 11:02:00+05:30,1857.5999755859375,1857.5999755859375,1856.699951171875,1856.699951171875,22
2026-09-21 11:04:00+05:30,1859.800048828125,1859.800048828125,1859.800048828125,1859.800048828125,2
2026-09-21 11:05:00+05:30,1859.050048828125,1859.050048828125,1859.050048828125,1859.050048828125,75
2026-09-21 11:06:00+05:30,1857.0,1859.0,1857.0,1859.0,31
2026-09-21 11:09:00+05:30,1858.0,1858.0,1858.0,1858.0,5
2026-09-21 11:11:00+05:30,1858.75,1858.75,1858.75,1858.75,10
2026-09-21 11:13:00+05:30,1858.5,1858.5,1858.5,1858.5,10
2026-09-21 11:14:00+05:30,1857.800048828125,1858.949951171875,1857.800048828125,1858.949951171875,12
2026-09-21 11:18:00+05:30,1856.699951171875,1856.699951171875,1856.699951171875,1856.699951171875,95
2026-09-21 11:19:00+05:30,1859.3499755859375,1859.3499755859375,1859.3499755859375,1859.3499755859375,500
2026-09-21 11:20:00+05:30,1859.050048828125,1859.050048828125,1859.050048828125,1859.050048828125,1
2026-09-21 11:21:00+05:30,1858.5,1858.5,1858.1500244140625,1858.1500244140625,31
2026-09-21 11:22:00+05:30,1856.75,1856.75,1856.0,1856.0,526
2026-09-21 11:26:00+05:30,1858.800048828125,1858.800048828125,1858.800048828125,1858.800048828125,2
2026-09-21 11:28:00+05:30,1858.800048828125,1858.800048828125,1858.800048828125,1858.800048828125,10
2026-09-21 11:31:00+05:30,1859.5999755859375,1859.5999755859375,1859.5999755859375,1859.5999755859375,108
2026-09-21 11:32:00+05:30,1859.5999755859375,1859.5999755859375,1859.5999755859375,1859.5999755859375,13
2026-09-21 11:33:00+05:30,1859.6500244140625,1859.6500244140625,1859.6500244140625,1859.6500244140625,1
2026-09-21 11:42:00+05:30,1856.949951171875,1856.949951171875,1856.949951171875,1856.949951171875,1
2026-09-21 11:43:00+05:30,1857.300048828125,1858.75,1857.300048828125,1858.75,29
2026-09-21 11:46:00+05:30,1857.0,1857.4000244140625,1857.0,1857.4000244140625,4
2026-09-21 11:49:00+05:30,1856.1500244140625,1856.1500244140625,1856.1500244140625,1856.1500244140625,4
2026-09-21 11:53:00+05:30,1856.0,1856.0,1856.0,1856.0,26
2026-09-21 11:57:00+05:30,1859.300048828125,1859.300048828125,1859.300048828125,1859.300048828125,1
2026-09-21 12:00:00+05:30,1858.5999755859375,1858.5999755859375,1858.5999755859375,1858.5999755859375,1
2026-09-21 12:01:00+05:30,1858.5999755859375,1858.5999755859375,1858.5999755859375,1858.5999755859375,100
2026-09-21 12:02:00+05:30,1858.800048828125,1858.800048828125,1858.800048828125,1858.800048828125,5
2026-09-21 12:03:00+05:30,1858.5999755859375,1858.5999755859375,1858.5999755859375,1858.5999755859375,129
2026-09-21 12:04:00+05:30,1858.1500244140625,1858.1500244140625,1858.1500244140625,1858.1500244140625,1
2026-09-21 12:08:00+05:30,1858.1500244140625,1858.1500244140625,1858.1500244140625,1858.1500244140625,1
2026-09-21 12:12:00+05:30,1858.0,1858.0,1858.0,1858.0,6
2026-09-21 12:14:00+05:30,1857.199951171875,1857.199951171875,1857.199951171875,1857.199951171875,4
2026-09-21 12:15:00+05:30,1858.0,1858.0,1858.0,1858.0,25
2026-09-21 12:18:00+05:30,1856.949951171875,1858.699951171875,1856.949951171875,1858.699951171875,49
2026-09-21 12:22:00+05:30,1857.0999755859375,1857.0999755859375,1857.0999755859375,1857.0999755859375,30
2026-09-21 12:26:00+05:30,1856.25,1856.25,1856.25,1856.25,3
2026-09-21 12:27:00+05:30,1857.0,1857.0,1857.0,1857.0,3
2026-09-21 12:29:00+05:30,1858.5,1858.5,1857.9000244140625,1857.9000244140625,140
2026-09-21 12:32:00+05:30,1857.050048828125,1857.050048828125,1855.199951171875,1855.199951171875,109
2026-09-21 12:42:00+05:30,1855.0999755859375,1855.0999755859375,1855.0999755859375,1855.0999755859375,50
2026-09-21 12:46:00+05:30,1856.5,1856.5,1856.5,1856.5,1
2026-09-21 12:49:00+05:30,1855.0,1855.0,1855.0,1855.0,14
2026-09-21 12:50:00+05:30,1854.0,1854.0,1854.0,1854.0,20
2026-09-21 12:55:00+05:30,1855.300048828125,1855.300048828125,1855.0999755859375,1855.0999755859375,16
2026-09-21 12:57:00+05:30,1853.4000244140625,1853.4000244140625,1853.4000244140625,1853.4000244140625,1
2026-09-21 12:59:00+05:30,1854.6500244140625,1854.6500244140625,1854.6500244140625,1854.6500244140625,5
2026-09-21 13:01:00+05:30,1853.0,1853.0,1853.0,1853.0,18
2026-09-21 13:07:00+05:30,1853.0,1853.0,1853.0,1853.0,24
2026-09-21 13:09:00+05:30,1849.8499755859375,1851.949951171875,1849.8499755859375,1851.949951171875,119
2026-09-21 13:12:00+05:30,1850.050048828125,1850.050048828125,1850.050048828125,1850.050048828125,22
2026-09-21 13:13:00+05:30,1849.8499755859375,1849.8499755859375,1849.8499755859375,1849.8499755859375,12
2026-09-21 13:14:00+05:30,1852.050048828125,1852.050048828125,1850.4000244140625,1851.25,79
2026-09-21 13:15:00+05:30,1852.1500244140625,1852.1500244140625,1850.449951171875,1850.449951171875,6
2026-09-21 13:18:00+05:30,1851.9000244140625,1851.9000244140625,1851.9000244140625,1851.9000244140625,12
2026-09-21 13:20:00+05:30,1851.9000244140625,1851.9000244140625,1851.9000244140625,1851.9000244140625,1
2026-09-21 13:23:00+05:30,1851.9000244140625,1851.9000244140625,1851.9000244140625,1851.9000244140625,10
2026-09-21 13:24:00+05:30,1852.0,1852.0,1852.0,1852.0,5
2026-09-21 13:27:00+05:30,1850.9000244140625,1850.9000244140625,1850.9000244140625,1850.9000244140625,10
2026-09-21 13:30:00+05:30,1850.4000244140625,1850.4000244140625,1850.4000244140625,1850.4000244140625,1
2026-09-21 13:31:00+05:30,1851.8499755859375,1851.8499755859375,1851.8499755859375,1851.8499755859375,17
2026-09-21 13:34:00+05:30,1852.050048828125,1852.050048828125,1850.5,1850.550048828125,27
2026-09-21 13:40:00+05:30,1851.0999755859375,1851.0999755859375,1851.0999755859375,1851.0999755859375,6
2026-09-21 13:42:00+05:30,1850.449951171875,1850.449951171875,1850.449951171875,1850.449951171875,90
2026-09-21 13:43:00+05:30,1852.0999755859375,1852.0999755859375,1852.0999755859375,1852.0999755859375,20
2026-09-21 13:44:00+05:30,1854.5999755859375,1854.5999755859375,1854.5999755859375,1854.5999755859375,180
2026-09-21 13:48:00+05:30,1857.1500244140625,1857.1500244140625,1857.1500244140625,1857.1500244140625,74
2026-09-21 13:49:00+05:30,1859.9000244140625,1860.800048828125,1859.0,1859.0,171
2026-09-21 13:50:00+05:30,1860.75,1860.75,1860.75,1860.75,5
2026-09-21 13:51:00+05:30,1860.5999755859375,1860.5999755859375,1860.0,1860.0,26
2026-09-21 13:52:00+05:30,1859.800048828125,1859.800048828125,1859.800048828125,1859.800048828125,6
2026-09-21 13:54:00+05:30,1859.300048828125,1860.25,1858.75,1860.25,43
2026-09-21 13:55:00+05:30,1860.0,1860.0,1860.0,1860.0,1
2026-09-21 13:57:00+05:30,1860.800048828125,1860.800048828125,1860.300048828125,1860.300048828125,5
2026-09-21 13:58:00+05:30,1861.4000244140625,1861.4000244140625,1861.4000244140625,1861.4000244140625,7
2026-09-21 13:59:00+05:30,1862.550048828125,1862.550048828125,1861.800048828125,1861.800048828125,23
2026-09-21 14:00:00+05:30,1862.800048828125,1862.800048828125,1862.800048828125,1862.800048828125,1
2026-09-21 14:01:00+05:30,1861.949951171875,1862.0,1861.949951171875,1862.0,26
2026-09-21 14:06:00+05:30,1859.550048828125,1859.550048828125,1859.550048828125,1859.550048828125,6
2026-09-21 14:20:00+05:30,1863.0,1863.0,1863.0,1863.0,150
2026-09-21 14:21:00+05:30,1864.0,1864.0,1864.0,1864.0,204
2026-09-21 14:26:00+05:30,1861.1500244140625,1861.1500244140625,1860.050048828125,1860.050048828125,70
2026-09-21 14:28:00+05:30,1859.0,1859.550048828125,1859.0,1859.550048828125,15
2026-09-21 14:29:00+05:30,1858.0,1858.0,1858.0,1858.0,2
2026-09-21 14:33:00+05:30,1857.0,1857.050048828125,1857.0,1857.050048828125,26
2026-09-21 14:34:00+05:30,1857.699951171875,1857.699951171875,1857.699951171875,1857.699951171875,10
2026-09-21 14:35:00+05:30,1858.699951171875,1860.0,1858.699951171875,1860.0,200030
2026-09-21 14:36:00+05:30,1859.0,1859.0,1859.0,1859.0,103
2026-09-21 14:38:00+05:30,1859.449951171875,1859.449951171875,1859.449951171875,1859.449951171875,15
2026-09-21 14:39:00+05:30,1859.0999755859375,1859.0999755859375,1859.0999755859375,1859.0999755859375,6
2026-09-21 14:40:00+05:30,1860.199951171875,1860.199951171875,1860.199951171875,1860.199951171875,1
2026-09-21 14:41:00+05:30,1859.300048828125,1859.300048828125,1859.0999755859375,1859.0999755859375,34
2026-09-21 14:42:00+05:30,1859.050048828125,1859.050048828125,1859.050048828125,1859.050048828125,14
2026-09-21 14:43:00+05:30,1859.800048828125,1859.800048828125,1859.800048828125,1859.800048828125,1
2026-09-21 14:47:00+05:30,1859.050048828125,1859.050048828125,1859.050048828125,1859.050048828125,4
2026-09-21 14:49:00+05:30,1859.949951171875,1859.949951171875,1859.949951171875,1859.949951171875,53
2026-09-21 14:50:00+05:30,1859.0999755859375,1859.0999755859375,1859.0999755859375,1859.0999755859375,3
2026-09-21 14:51:00+05:30,1859.449951171875,1859.449951171875,1858.050048828125,1858.050048828125,10
2026-09-21 14:52:00+05:30,1858.8499755859375,1858.8499755859375,1858.8499755859375,1858.8499755859375,16
2026-09-21 14:54:00+05:30,1859.0,1859.550048828125,1859.0,1859.550048828125,91
2026-09-21 14:55:00+05:30,1859.300048828125,1859.5,1859.300048828125,1859.5,35
2026-09-21 14:56:00+05:30,1859.199951171875,1860.8499755859375,1859.199951171875,1860.8499755859375,188
2026-09-21 14:57:00+05:30,1859.800048828125,1859.800048828125,1859.800048828125,1859.800048828125,6
2026-09-21 14:58:00+05:30,1858.5999755859375,1859.5,1858.5999755859375,1859.5,102
2026-09-21 14:59:00+05:30,1858.5,1858.5,1858.5,1858.5,69
2026-09-21 15:00:00+05:30,1859.5,1859.9000244140625,1859.5,1859.9000244140625,3
2026-09-21 15:01:00+05:30,1859.199951171875,1859.3499755859375,1859.0999755859375,1859.0999755859375,20
2026-09-21 15:02:00+05:30,1858.9000244140625,1858.9000244140625,1858.5,1858.5,2000
2026-09-21 15:03:00+05:30,1859.800048828125,1859.800048828125,1859.0,1859.0999755859375,230
2026-09-21 15:04:00+05:30,1858.9000244140625,1859.699951171875,1858.6500244140625,1858.6500244140625,30
2026-09-21 15:05:00+05:30,1859.9000244140625,1859.9000244140625,1859.9000244140625,1859.9000244140625,124
2026-09-21 15:06:00+05:30,1859.9000244140625,1859.9000244140625,1859.800048828125,1859.9000244140625,115
2026-09-21 15:07:00+05:30,1859.75,1859.9000244140625,1859.0999755859375,1859.9000244140625,73
2026-09-21 15:09:00+05:30,1859.75,1861.449951171875,1859.75,1859.9000244140625,115
2026-09-21 15:10:00+05:30,1860.449951171875,1860.449951171875,1860.449951171875,1860.449951171875,1
2026-09-21 15:11:00+05:30,1858.5,1858.800048828125,1858.300048828125,1858.300048828125,97
2026-09-21 15:12:00+05:30,1859.4000244140625,1859.4000244140625,1859.4000244140625,1859.4000244140625,18
2026-09-21 15:13:00+05:30,1858.699951171875,1858.699951171875,1858.699951171875,1858.699951171875,70
2026-09-21 15:14:00+05:30,1859.9000244140625,1859.9000244140625,1858.300048828125,1858.699951171875,55
2026-09-22 09:15:00+05:30,1859.0,1859.0,1859.0,1859.0,87
2026-09-22 09:16:00+05:30,1864.449951171875,1864.449951171875,1864.449951171875,1864.449951171875,782
2026-09-22 09:18:00+05:30,1857.199951171875,1857.199951171875,1857.199951171875,1857.199951171875,2
2026-09-22 09:21:00+05:30,1852.699951171875,1852.699951171875,1852.699951171875,1852.699951171875,215
2026-09-22 09:22:00+05:30,1852.9000244140625,1852.9000244140625,1852.9000244140625,1852.9000244140625,100
2026-09-22 09:23:00+05:30,1853.9000244140625,1853.9000244140625,1853.9000244140625,1853.9000244140625,22
2026-09-22 09:25:00+05:30,1853.949951171875,1856.0,1853.0,1856.0,27
2026-09-22 09:27:00+05:30,1853.949951171875,1853.949951171875,1853.0999755859375,1853.0999755859375,30
2026-09-22 09:28:00+05:30,1853.5999755859375,1853.5999755859375,1853.5999755859375,1853.5999755859375,100
2026-09-22 09:29:00+05:30,1855.9000244140625,1855.9000244140625,1855.8499755859375,1855.8499755859375,11
2026-09-22 09:31:00+05:30,1856.050048828125,1856.050048828125,1856.050048828125,1856.050048828125,20
2026-09-22 09:32:00+05:30,1855.199951171875,1855.199951171875,1855.199951171875,1855.199951171875,1
2026-09-22 09:35:00+05:30,1854.949951171875,1854.949951171875,1854.949951171875,1854.949951171875,1
2026-09-22 09:36:00+05:30,1854.0,1854.0,1854.0,1854.0,12
2026-09-22 09:37:00+05:30,1854.050048828125,1854.050048828125,1854.050048828125,1854.050048828125,5
2026-09-22 09:38:00+05:30,1854.0,1855.3499755859375,1854.0,1855.199951171875,105
2026-09-22 09:40:00+05:30,1854.199951171875,1854.199951171875,1854.050048828125,1854.050048828125,22
2026-09-22 09:41:00+05:30,1855.0,1855.0,1855.0,1855.0,50
2026-09-22 09:42:00+05:30,1855.0,1855.0,1855.0,1855.0,15
2026-09-22 09:43:00+05:30,1855.199951171875,1855.199951171875,1855.199951171875,1855.199951171875,20
2026-09-22 09:44:00+05:30,1853.699951171875,1854.800048828125,1853.699951171875,1854.800048828125,26
2026-09-22 09:45:00+05:30,1855.300048828125,1855.300048828125,1855.300048828125,1855.300048828125,379
2026-09-22 09:46:00+05:30,1855.949951171875,1855.949951171875,1854.050048828125,1854.050048828125,84
2026-09-22 09:47:00+05:30,1856.1500244140625,1856.1500244140625,1856.1500244140625,1856.1500244140625,1
2026-09-22 09:48:00+05:30,1855.050048828125,1855.050048828125,1855.050048828125,1855.050048828125,54
2026-09-22 09:49:00+05:30,1856.5999755859375,1856.75,1856.5999755859375,1856.75,20
2026-09-22 09:50:00+05:30,1856.800048828125,1856.800048828125,1856.800048828125,1856.800048828125,2
2026-09-22 09:51:00+05:30,1856.25,1856.25,1854.800048828125,1854.800048828125,18
2026-09-22 09:54:00+05:30,1855.949951171875,1855.949951171875,1855.949951171875,1855.949951171875,5
2026-09-22 09:55:00+05:30,1854.0,1855.949951171875,1854.0,1855.949951171875,12
2026-09-22 09:56:00+05:30,1853.5,1853.5,1853.5,1853.5,27
2026-09-22 09:57:00+05:30,1854.0,1855.25,1854.0,1855.25,121
2026-09-22 10:00:00+05:30,1853.6500244140625,1854.0,1853.0,1853.0,29
2026-09-22 10:01:00+05:30,1855.25,1855.25,1855.25,1855.25,1
2026-09-22 10:02:00+05:30,1853.0,1853.0,1853.0,1853.0,24
2026-09-22 10:03:00+05:30,1852.25,1852.3499755859375,1852.25,1852.3499755859375,177
2026-09-22 10:05:00+05:30,1854.4000244140625,1854.4000244140625,1854.4000244140625,1854.4000244140625,6
2026-09-22 10:06:00+05:30,1854.1500244140625,1854.4000244140625,1852.75,1854.4000244140625,45
2026-09-22 10:07:00+05:30,1853.75,1853.75,1852.199951171875,1852.300048828125,12
2026-09-22 10:08:00+05:30,1853.550048828125,1853.550048828125,1853.550048828125,1853.550048828125,1
2026-09-22 10:10:00+05:30,1853.3499755859375,1853.3499755859375,1853.3499755859375,1853.3499755859375,25
2026-09-22 10:12:00+05:30,1852.5999755859375,1852.699951171875,1852.5999755859375,1852.699951171875,44
2026-09-22 10:13:00+05:30,1852.5999755859375,1852.5999755859375,1852.5999755859375,1852.5999755859375,1
2026-09-22 10:14:00+05:30,1851.3499755859375,1851.3499755859375,1851.3499755859375,1851.3499755859375,11
2026-09-22 10:15:00+05:30,1851.3499755859375,1851.3499755859375,1851.3499755859375,1851.3499755859375,1
2026-09-22 10:16:00+05:30,1851.5999755859375,1851.6500244140625,1851.5999755859375,1851.6500244140625,5
2026-09-22 10:17:00+05:30,1852.6500244140625,1852.6500244140625,1852.550048828125,1852.550048828125,2
2026-09-22 10:19:00+05:30,1850.9000244140625,1851.0,1850.9000244140625,1851.0,75
2026-09-22 10:20:00+05:30,1852.0999755859375,1852.0999755859375,1850.8499755859375,1851.9000244140625,57
2026-09-22 10:21:00+05:30,1850.8499755859375,1851.949951171875,1850.8499755859375,1851.949951171875,51
2026-09-22 10:22:00+05:30,1850.949951171875,1851.0,1850.949951171875,1851.0,11
2026-09-22 10:24:00+05:30,1851.4000244140625,1851.4000244140625,1851.4000244140625,1851.4000244140625,1
2026-09-22 10:26:00+05:30,1851.050048828125,1851.050048828125,1850.0,1850.0,65
2026-09-22 10:27:00+05:30,1852.0,1852.0,1852.0,1852.0,23
2026-09-22 10:28:00+05:30,1852.5999755859375,1852.5999755859375,1852.5999755859375,1852.5999755859375,2
2026-09-22 10:29:00+05:30,1852.5999755859375,1852.5999755859375,1852.5999755859375,1852.5999755859375,5
2026-09-22 10:30:00+05:30,1851.3499755859375,1852.5999755859375,1851.3499755859375,1852.5999755859375,10
2026-09-22 10:31:00+05:30,1850.5,1850.8499755859375,1850.5,1850.8499755859375,4
2026-09-22 10:32:00+05:30,1851.0999755859375,1851.199951171875,1850.050048828125,1851.199951171875,13
2026-09-22 10:33:00+05:30,1850.0,1851.550048828125,1850.0,1851.550048828125,36
2026-09-22 10:35:00+05:30,1850.5,1850.8499755859375,1850.5,1850.8499755859375,46
2026-09-22 10:38:00+05:30,1850.1500244140625,1850.1500244140625,1850.1500244140625,1850.1500244140625,10
2026-09-22 10:39:00+05:30,1849.449951171875,1851.1500244140625,1849.449951171875,1851.1500244140625,20
2026-09-22 10:41:00+05:30,1848.050048828125,1849.4000244140625,1848.050048828125,1849.4000244140625,64
2026-09-22 10:42:00+05:30,1846.550048828125,1847.0,1845.800048828125,1846.699951171875,81
2026-09-22 10:43:00+05:30,1845.949951171875,1846.199951171875,1845.949951171875,1846.199951171875,1026
2026-09-22 10:44:00+05:30,1845.550048828125,1845.550048828125,1845.550048828125,1845.550048828125,40
2026-09-22 10:45:00+05:30,1846.25,1846.25,1845.550048828125,1845.75,20
2026-09-22 10:47:00+05:30,1846.25,1846.25,1846.25,1846.25,13
2026-09-22 10:48:00+05:30,1844.3499755859375,1846.0,1844.3499755859375,1846.0,355
2026-09-22 10:49:00+05:30,1842.0999755859375,1842.0999755859375,1842.0999755859375,1842.0999755859375,30
2026-09-22 10:51:00+05:30,1841.5,1842.5999755859375,1841.5,1842.5999755859375,21
2026-09-22 10:52:00+05:30,1842.1500244140625,1842.1500244140625,1840.949951171875,1840.949951171875,108
2026-09-22 10:54:00+05:30,1842.0,1842.0,1842.0,1842.0,50
2026-09-22 10:56:00+05:30,1842.3499755859375,1842.3499755859375,1842.0,1842.0,11
2026-09-22 10:57:00+05:30,1842.5999755859375,1842.5999755859375,1842.3499755859375,1842.3499755859375,50
2026-09-22 10:58:00+05:30,1843.300048828125,1843.300048828125,1843.300048828125,1843.300048828125,3
2026-09-22 11:00:00+05:30,1839.800048828125,1839.800048828125,1839.800048828125,1839.800048828125,1200
2026-09-22 11:01:00+05:30,1839.699951171875,1839.9000244140625,1839.699951171875,1839.9000244140625,19
2026-09-22 11:03:00+05:30,1837.9000244140625,1838.75,1837.9000244140625,1838.75,33
2026-09-22 11:04:00+05:30,1839.949951171875,1839.949951171875,1839.0,1839.0,14
2026-09-22 11:05:00+05:30,1839.0,1839.0,1839.0,1839.0,197
2026-09-22 11:06:00+05:30,1837.5,1837.5,1836.449951171875,1836.449951171875,59
2026-09-22 11:08:00+05:30,1838.3499755859375,1838.3499755859375,1838.3499755859375,1838.3499755859375,20
2026-09-22 11:10:00+05:30,1840.8499755859375,1840.8499755859375,1838.050048828125,1838.050048828125,15
2026-09-22 11:11:00+05:30,1841.4000244140625,1841.4000244140625,1840.550048828125,1840.550048828125,47
2026-09-22 11:12:00+05:30,1842.0999755859375,1842.0999755859375,1842.0999755859375,1842.0999755859375,2221
2026-09-22 11:14:00+05:30,1842.300048828125,1842.3499755859375,1842.300048828125,1842.3499755859375,13
2026-09-22 11:15:00+05:30,1842.1500244140625,1842.1500244140625,1842.1500244140625,1842.1500244140625,10
2026-09-22 11:16:00+05:30,1842.449951171875,1842.449951171875,1842.449951171875,1842.449951171875,11
2026-09-22 11:17:00+05:30,1842.449951171875,1842.449951171875,1842.0,1842.0,27
2026-09-22 11:19:00+05:30,1842.0,1842.0,1842.0,1842.0,1
2026-09-22 11:20:00+05:30,1841.699951171875,1841.949951171875,1841.699951171875,1841.949951171875,4
2026-09-22 11:21:00+05:30,1841.5999755859375,1841.5999755859375,1841.0,1841.0,21
2026-09-22 11:22:00+05:30,1842.0,1842.0,1840.949951171875,1840.949951171875,23
2026-09-22 11:23:00+05:30,1842.449951171875,1842.449951171875,1842.449951171875,1842.449951171875,1
2026-09-22 11:24:00+05:30,1840.6500244140625,1840.6500244140625,1840.6500244140625,1840.6500244140625,1
2026-09-22 11:26:00+05:30,1840.6500244140625,1840.6500244140625,1840.6500244140625,1840.6500244140625,1
2026-09-22 11:27:00+05:30,1841.0999755859375,1841.199951171875,1840.5,1840.6500244140625,16
2026-09-22 11:28:00+05:30,1839.75,1841.3499755859375,1839.75,1841.3499755859375,13
2026-09-22 11:29:00+05:30,1840.0,1840.800048828125,1839.25,1839.449951171875,62
2026-09-22 11:30:00+05:30,1839.800048828125,1839.800048828125,1839.800048828125,1839.800048828125,1
2026-09-22 11:31:00+05:30,1839.0,1839.199951171875,1839.0,1839.199951171875,2
2026-09-22 11:32:00+05:30,1838.0,1838.5,1838.0,1838.5,104
2026-09-22 11:33:00+05:30,1836.949951171875,1836.949951171875,1836.949951171875,1836.949951171875,6
2026-09-22 11:34:00+05:30,1836.949951171875,1838.25,1836.949951171875,1838.25,8
2026-09-22 11:35:00+05:30,1836.5,1836.5,1836.5,1836.5,1
2026-09-22 11:36:00+05:30,1836.0,1836.0,1836.0,1836.0,11
2026-09-22 11:37:00+05:30,1837.25,1837.25,1837.25,1837.25,10
2026-09-22 11:39:00+05:30,1835.0,1835.0,1833.699951171875,1833.699951171875,212
2026-09-22 11:40:00+05:30,1835.0,1835.0,1835.0,1835.0,9
2026-09-22 11:41:00+05:30,1835.0,1835.0,1835.0,1835.0,10
2026-09-22 11:42:00+05:30,1834.5999755859375,1835.0,1833.699951171875,1835.0,73
2026-09-22 11:43:00+05:30,1833.3499755859375,1834.449951171875,1833.0,1833.699951171875,125
2026-09-22 11:44:00+05:30,1833.6500244140625,1834.9000244140625,1833.3499755859375,1833.3499755859375,44
2026-09-22 11:46:00+05:30,1833.0,1833.0,1833.0,1833.0,6
2026-09-22 11:47:00+05:30,1833.0,1833.0,1832.699951171875,1832.699951171875,6
2026-09-22 11:48:00+05:30,1833.0,1833.0,1833.0,1833.0,14
2026-09-22 11:49:00+05:30,1834.199951171875,1834.199951171875,1834.199951171875,1834.199951171875,1
2026-09-22 11:50:00+05:30,1834.300048828125,1834.300048828125,1834.300048828125,1834.300048828125,1
2026-09-22 11:51:00+05:30,1834.199951171875,1834.6500244140625,1834.050048828125,1834.6500244140625,18
2026-09-22 11:52:00+05:30,1833.25,1833.25,1833.25,1833.25,2
2026-09-22 11:55:00+05:30,1834.449951171875,1834.449951171875,1833.199951171875,1833.199951171875,6
2026-09-22 11:56:00+05:30,1832.0,1833.300048828125,1832.0,1833.300048828125,78
2026-09-22 11:59:00+05:30,1832.5,1832.5,1832.5,1832.5,10
2026-09-22 12:01:00+05:30,1832.5,1833.9000244140625,1832.5,1832.8499755859375,550
2026-09-22 12:02:00+05:30,1832.5,1832.800048828125,1832.5,1832.800048828125,12
2026-09-22 12:03:00+05:30,1833.0999755859375,1833.0999755859375,1833.0999755859375,1833.0999755859375,2
2026-09-22 12:05:00+05:30,1833.5,1833.5,1833.5,1833.5,25
2026-09-22 12:07:00+05:30,1833.75,1833.75,1833.75,1833.75,1
2026-09-22 12:08:00+05:30,1835.5999755859375,1835.5999755859375,1834.6500244140625,1834.6500244140625,307
2026-09-22 12:09:00+05:30,1835.0,1835.5999755859375,1835.0,1835.5999755859375,35
2026-09-22 12:10:00+05:30,1834.949951171875,1834.949951171875,1834.949951171875,1834.949951171875,25
2026-09-22 12:11:00+05:30,1835.9000244140625,1835.9000244140625,1835.9000244140625,1835.9000244140625,3
2026-09-22 12:12:00+05:30,1836.5,1836.5,1836.5,1836.5,101
2026-09-22 12:13:00+05:30,1834.9000244140625,1834.9000244140625,1834.9000244140625,1834.9000244140625,9
2026-09-22 12:14:00+05:30,1836.300048828125,1836.300048828125,1836.300048828125,1836.300048828125,10
2026-09-22 12:16:00+05:30,1835.1500244140625,1836.4000244140625,1835.1500244140625,1836.300048828125,11
2026-09-22 12:17:00+05:30,1837.4000244140625,1837.4000244140625,1836.8499755859375,1836.8499755859375,12
2026-09-22 12:18:00+05:30,1837.300048828125,1837.300048828125,1837.300048828125,1837.300048828125,28
2026-09-22 12:19:00+05:30,1838.199951171875,1838.199951171875,1837.300048828125,1837.300048828125,7
2026-09-22 12:20:00+05:30,1836.949951171875,1836.949951171875,1836.949951171875,1836.949951171875,33
2026-09-22 12:24:00+05:30,1836.050048828125,1836.0999755859375,1836.050048828125,1836.0999755859375,3
2026-09-22 12:27:00+05:30,1836.0999755859375,1836.0999755859375,1836.0999755859375,1836.0999755859375,1
2026-09-22 12:29:00+05:30,1836.25,1836.25,1836.25,1836.25,10
2026-09-22 12:34:00+05:30,1836.0999755859375,1836.0999755859375,1836.0999755859375,1836.0999755859375,1
2026-09-22 12:36:00+05:30,1835.9000244140625,1835.9000244140625,1835.9000244140625,1835.9000244140625,270
2026-09-22 12:37:00+05:30,1837.25,1837.4000244140625,1837.25,1837.4000244140625,2
2026-09-22 12:38:00+05:30,1835.0,1836.0,1835.0,1836.0,123
2026-09-22 12:39:00+05:30,1836.4000244140625,1836.5,1836.4000244140625,1836.5,20
2026-09-22 12:40:00+05:30,1835.0999755859375,1835.0999755859375,1835.0999755859375,1835.0999755859375,6
2026-09-22 12:42:00+05:30,1835.8499755859375,1835.8499755859375,1835.8499755859375,1835.8499755859375,1
2026-09-22 12:43:00+05:30,1835.0999755859375,1835.0999755859375,1835.0999755859375,1835.0999755859375,11
2026-09-22 12:44:00+05:30,1833.949951171875,1833.949951171875,1833.949951171875,1833.949951171875,1
2026-09-22 12:45:00+05:30,1833.8499755859375,1833.949951171875,1833.8499755859375,1833.949951171875,23
2026-09-22 12:46:00+05:30,1835.300048828125,1835.300048828125,1835.300048828125,1835.300048828125,1
2026-09-22 12:49:00+05:30,1833.949951171875,1833.949951171875,1833.949951171875,1833.949951171875,3
2026-09-22 12:51:00+05:30,1833.0,1833.1500244140625,1833.0,1833.1500244140625,9
2026-09-22 12:52:00+05:30,1833.75,1833.75,1833.75,1833.75,1
2026-09-22 12:53:00+05:30,1834.0999755859375,1834.0999755859375,1834.0999755859375,1834.0999755859375,4
2026-09-22 12:55:00+05:30,1833.0,1833.0,1833.0,1833.0,8
2026-09-22 12:56:00+05:30,1831.4000244140625,1832.550048828125,1831.4000244140625,1832.0,121
2026-09-22 13:00:00+05:30,1834.1500244140625,1834.1500244140625,1834.1500244140625,1834.1500244140625,5
2026-09-22 13:02:00+05:30,1833.699951171875,1833.699951171875,1833.699951171875,1833.699951171875,1
2026-09-22 13:03:00+05:30,1832.050048828125,1833.25,1832.050048828125,1833.1500244140625,9
2026-09-22 13:05:00+05:30,1833.300048828125,1833.300048828125,1833.300048828125,1833.300048828125,6
2026-09-22 13:07:00+05:30,1831.4000244140625,1831.949951171875,1831.4000244140625,1831.949951171875,13
2026-09-22 13:08:00+05:30,1830.0,1831.4000244140625,1830.0,1831.4000244140625,181
2026-09-22 13:09:00+05:30,1831.25,1831.25,1831.25,1831.25,1
2026-09-22 13:10:00+05:30,1832.449951171875,1832.449951171875,1832.449951171875,1832.449951171875,5
2026-09-22 13:11:00+05:30,1831.8499755859375,1831.8499755859375,1831.8499755859375,1831.8499755859375,2
2026-09-22 13:12:00+05:30,1830.050048828125,1831.949951171875,1830.050048828125,1831.949951171875,86
2026-09-22 13:14:00+05:30,1831.25,1831.25,1831.25,1831.25,3
2026-09-22 13:15:00+05:30,1830.199951171875,1831.449951171875,1830.199951171875,1831.0999755859375,14
2026-09-22 13:16:00+05:30,1831.050048828125,1831.050048828125,1829.800048828125,1829.800048828125,12
2026-09-22 13:17:00+05:30,1830.0,1830.0,1830.0,1830.0,49
2026-09-22 13:18:00+05:30,1829.0999755859375,1829.0999755859375,1829.0,1829.0,7
2026-09-22 13:19:00+05:30,1830.0,1830.0,1830.0,1830.0,1
2026-09-22 13:20:00+05:30,1830.0,1830.0,1828.300048828125,1828.300048828125,9
2026-09-22 13:21:00+05:30,1829.75,1829.800048828125,1829.75,1829.800048828125,9
2026-09-22 13:23:00+05:30,1829.4000244140625,1829.4000244140625,1828.0999755859375,1828.0999755859375,2
2026-09-22 13:24:00+05:30,1830.050048828125,1830.050048828125,1830.050048828125,1830.050048828125,1
2026-09-22 13:26:00+05:30,1828.8499755859375,1828.8499755859375,1828.8499755859375,1828.8499755859375,20
2026-09-22 13:27:00+05:30,1830.0,1830.0,1830.0,1830.0,1
2026-09-22 13:28:00+05:30,1830.0,1830.050048828125,1830.0,1830.050048828125,51
2026-09-22 13:29:00+05:30,1829.0999755859375,1830.0,1829.0999755859375,1830.0,2
2026-09-22 13:30:00+05:30,1830.75,1830.75,1830.75,1830.75,1
2026-09-22 13:31:00+05:30,1832.75,1832.75,1832.75,1832.75,50
2026-09-22 13:32:00+05:30,1834.0,1834.0,1833.75,1833.75,4
2026-09-22 13:35:00+05:30,1834.199951171875,1834.199951171875,1834.199951171875,1834.199951171875,10
2026-09-22 13:37:00+05:30,1833.25,1833.25,1833.25,1833.25,10
2026-09-22 13:38:00+05:30,1834.199951171875,1834.199951171875,1834.199951171875,1834.199951171875,110
2026-09-22 13:41:00+05:30,1834.0999755859375,1834.0999755859375,1834.0999755859375,1834.0999755859375,6
2026-09-22 13:42:00+05:30,1835.5,1835.5,1835.5,1835.5,11
2026-09-22 13:44:00+05:30,1833.0,1833.0,1833.0,1833.0,4
2026-09-22 13:45:00+05:30,1831.5,1832.8499755859375,1831.5,1831.800048828125,54
2026-09-22 13:46:00+05:30,1831.3499755859375,1832.699951171875,1831.3499755859375,1832.699951171875,417
2026-09-22 13:47:00+05:30,1831.5,1831.5,1831.5,1831.5,100
2026-09-22 13:48:00+05:30,1830.550048828125,1832.800048828125,1830.0,1832.800048828125,262
2026-09-22 13:49:00+05:30,1829.0,1829.0,1829.0,1829.0,7
2026-09-22 13:51:00+05:30,1827.9000244140625,1828.0,1827.9000244140625,1828.0,8
2026-09-22 13:52:00+05:30,1827.300048828125,1827.300048828125,1825.1500244140625,1827.050048828125,98
2026-09-22 13:53:00+05:30,1825.8499755859375,1825.8499755859375,1825.8499755859375,1825.8499755859375,1
2026-09-22 13:54:00+05:30,1826.699951171875,1826.699951171875,1826.199951171875,1826.199951171875,19
2026-09-22 13:55:00+05:30,1827.1500244140625,1827.1500244140625,1826.6500244140625,1826.6500244140625,26
2026-09-22 13:56:00+05:30,1824.9000244140625,1827.0999755859375,1824.9000244140625,1827.0999755859375,405
2026-09-22 13:57:00+05:30,1826.949951171875,1826.949951171875,1826.949951171875,1826.949951171875,1
2026-09-22 13:58:00+05:30,1825.5,1825.5,1825.5,1825.5,1
2026-09-22 13:59:00+05:30,1826.5,1826.5,1826.5,1826.5,2
2026-09-22 14:00:00+05:30,1825.0,1825.0,1825.0,1825.0,30
2026-09-22 14:01:00+05:30,1825.949951171875,1825.949951171875,1824.0,1824.0,32
2026-09-22 14:02:00+05:30,1824.300048828125,1824.300048828125,1824.300048828125,1824.300048828125,1
2026-09-22 14:03:00+05:30,1824.300048828125,1824.300048828125,1824.300048828125,1824.300048828125,10
2026-09-22 14:04:00+05:30,1824.8499755859375,1826.050048828125,1824.75,1826.050048828125,7
2026-09-22 14:05:00+05:30,1824.800048828125,1824.800048828125,1824.800048828125,1824.800048828125,30
2026-09-22 14:06:00+05:30,1824.0,1824.300048828125,1824.0,1824.300048828125,28
2026-09-22 14:07:00+05:30,1825.1500244140625,1825.1500244140625,1825.1500244140625,1825.1500244140625,35
2026-09-22 14:08:00+05:30,1826.5,1826.5,1825.0,1825.0,7
2026-09-22 14:09:00+05:30,1825.300048828125,1825.300048828125,1825.300048828125,1825.300048828125,5
2026-09-22 14:10:00+05:30,1826.5,1826.5,1826.5,1826.5,20
2026-09-22 14:11:00+05:30,1826.75,1826.75,1826.75,1826.75,3
2026-09-22 14:12:00+05:30,1828.0,1828.0,1827.800048828125,1828.0,52
2026-09-22 14:13:00+05:30,1828.9000244140625,1828.9000244140625,1827.1500244140625,1828.699951171875,31
2026-09-22 14:14:00+05:30,1830.0,1830.0,1830.0,1830.0,25
2026-09-22 14:15:00+05:30,1833.800048828125,1833.800048828125,1833.800048828125,1833.800048828125,10
2026-09-22 14:16:00+05:30,1832.1500244140625,1832.199951171875,1832.1500244140625,1832.199951171875,23
2026-09-22 14:17:00+05:30,1831.550048828125,1833.199951171875,1831.550048828125,1833.199951171875,8
2026-09-22 14:18:00+05:30,1833.5999755859375,1833.5999755859375,1833.5999755859375,1833.5999755859375,100
2026-09-22 14:19:00+05:30,1834.8499755859375,1836.050048828125,1834.8499755859375,1836.050048828125,6
2026-09-22 14:22:00+05:30,1836.75,1836.75,1836.75,1836.75,1
2026-09-22 14:23:00+05:30,1835.3499755859375,1835.3499755859375,1835.3499755859375,1835.3499755859375,100
2026-09-22 14:24:00+05:30,1834.949951171875,1834.949951171875,1834.949951171875,1834.949951171875,20
2026-09-22 14:25:00+05:30,1833.449951171875,1833.449951171875,1833.449951171875,1833.449951171875,1
2026-09-22 14:27:00+05:30,1834.050048828125,1834.050048828125,1834.050048828125,1834.050048828125,1
2026-09-22 14:28:00+05:30,1835.050048828125,1835.050048828125,1835.050048828125,1835.050048828125,5
2026-09-22 14:29:00+05:30,1833.699951171875,1833.699951171875,1833.699951171875,1833.699951171875,3
2026-09-22 14:31:00+05:30,1833.699951171875,1833.699951171875,1833.699951171875,1833.699951171875,1
2026-09-22 14:32:00+05:30,1833.0,1833.0,1833.0,1833.0,5
2026-09-22 14:35:00+05:30,1830.449951171875,1830.449951171875,1830.0999755859375,1830.0999755859375,16
2026-09-22 14:36:00+05:30,1831.199951171875,1832.3499755859375,1831.199951171875,1832.3499755859375,38
2026-09-22 14:37:00+05:30,1830.449951171875,1831.0999755859375,1830.449951171875,1831.0999755859375,9
2026-09-22 14:39:00+05:30,1830.449951171875,1830.949951171875,1830.449951171875,1830.449951171875,7
2026-09-22 14:40:00+05:30,1830.449951171875,1830.449951171875,1830.449951171875,1830.449951171875,5
2026-09-22 14:42:00+05:30,1828.75,1830.449951171875,1828.75,1830.449951171875,100
2026-09-22 14:43:00+05:30,1830.0,1830.0,1830.0,1830.0,10
2026-09-22 14:44:00+05:30,1829.0999755859375,1830.0,1829.0999755859375,1830.0,55
2026-09-22 14:47:00+05:30,1828.75,1830.550048828125,1828.75,1830.550048828125,3
2026-09-22 14:48:00+05:30,1830.25,1830.25,1830.25,1830.25,2
2026-09-22 14:49:00+05:30,1829.199951171875,1829.199951171875,1829.199951171875,1829.199951171875,20
2026-09-22 14:50:00+05:30,1830.8499755859375,1830.8499755859375,1829.199951171875,1829.199951171875,101
2026-09-22 14:51:00+05:30,1829.25,1829.25,1829.25,1829.25,1
2026-09-22 14:52:00+05:30,1830.449951171875,1830.449951171875,1828.75,1829.0,43
2026-09-22 14:53:00+05:30,1830.0,1830.0,1830.0,1830.0,50
2026-09-22 14:54:00+05:30,1829.0,1829.8499755859375,1829.0,1829.8499755859375,48
2026-09-22 14:55:00+05:30,1830.050048828125,1830.0999755859375,1830.050048828125,1830.0999755859375,10
2026-09-22 14:56:00+05:30,1829.75,1829.8499755859375,1829.75,1829.8499755859375,2
2026-09-22 14:58:00+05:30,1828.0,1828.0,1828.0,1828.0,1
2026-09-22 14:59:00+05:30,1828.0,1828.0,1828.0,1828.0,12
2026-09-22 15:00:00+05:30,1828.5999755859375,1828.5999755859375,1828.0,1828.0,249
2026-09-22 15:01:00+05:30,1828.5,1828.5999755859375,1828.5,1828.5999755859375,144
2026-09-22 15:02:00+05:30,1829.699951171875,1829.699951171875,1829.699951171875,1829.699951171875,3
2026-09-22 15:03:00+05:30,1828.25,1829.25,1827.9000244140625,1829.199951171875,41
2026-09-22 15:04:00+05:30,1829.1500244140625,1829.1500244140625,1829.0999755859375,1829.0999755859375,15
2026-09-22 15:05:00+05:30,1829.050048828125,1829.699951171875,1829.050048828125,1829.699951171875,43
2026-09-22 15:06:00+05:30,1829.4000244140625,1829.6500244140625,1828.5999755859375,1828.9000244140625,162
2026-09-22 15:07:00+05:30,1828.75,1828.949951171875,1828.75,1828.949951171875,76
2026-09-22 15:08:00+05:30,1829.699951171875,1829.699951171875,1829.699951171875,1829.699951171875,2
2026-09-22 15:09:00+05:30,1829.3499755859375,1829.3499755859375,1827.4000244140625,1827.4000244140625,11
2026-09-22 15:10:00+05:30,1831.75,1831.75,1828.4000244140625,1829.050048828125,54
2026-09-22 15:11:00+05:30,1829.6500244140625,1829.6500244140625,1829.6500244140625,1829.6500244140625,2
2026-09-22 15:12:00+05:30,1830.300048828125,1831.050048828125,1830.300048828125,1831.050048828125,6
2026-09-22 15:13:00+05:30,1831.050048828125,1831.800048828125,1831.050048828125,1831.800048828125,6
2026-09-22 15:14:00+05:30,1829.199951171875,1829.199951171875,1828.5999755859375,1828.5999755859375,9
2026-09-22 15:28:00+05:30,1825.0,1825.0,1825.0,1825.0,176
2026-09-23 09:15:00+05:30,1846.199951171875,1858.6500244140625,1825.0,1825.0,2388
2026-09-23 09:16:00+05:30,1853.75,1853.75,1849.0999755859375,1849.0999755859375,2373
2026-09-23 09:17:00+05:30,1858.75,1860.3499755859375,1854.0,1854.0,133
2026-09-23 09:18:00+05:30,1857.449951171875,1863.4000244140625,1857.449951171875,1859.699951171875,1910
2026-09-23 09:19:00+05:30,1860.0,1860.0,1859.0,1859.75,81
2026-09-23 09:20:00+05:30,1857.050048828125,1858.6500244140625,1857.050048828125,1857.4000244140625,40
2026-09-23 09:21:00+05:30,1857.550048828125,1859.9000244140625,1857.550048828125,1859.0,252
2026-09-23 09:22:00+05:30,1860.0,1860.0,1858.550048828125,1858.550048828125,870
2026-09-23 09:23:00+05:30,1856.800048828125,1859.8499755859375,1856.800048828125,1858.050048828125,2032
2026-09-23 09:24:00+05:30,1857.5,1857.75,1856.199951171875,1857.75,105
2026-09-23 09:25:00+05:30,1855.199951171875,1857.5,1855.0,1857.5,376
2026-09-23 09:26:00+05:30,1855.0,1855.0,1854.5,1854.699951171875,106
2026-09-23 09:27:00+05:30,1855.300048828125,1855.300048828125,1855.0,1855.300048828125,53
2026-09-23 09:28:00+05:30,1853.449951171875,1855.300048828125,1853.449951171875,1855.300048828125,123
2026-09-23 09:29:00+05:30,1852.75,1854.5,1852.300048828125,1854.5,206
2026-09-23 09:30:00+05:30,1853.8499755859375,1854.8499755859375,1853.8499755859375,1853.9000244140625,195
2026-09-23 09:31:00+05:30,1851.050048828125,1852.25,1851.050048828125,1852.25,61
2026-09-23 09:32:00+05:30,1851.4000244140625,1851.6500244140625,1849.449951171875,1849.800048828125,668
2026-09-23 09:33:00+05:30,1854.199951171875,1854.5,1852.699951171875,1852.699951171875,70
2026-09-23 09:34:00+05:30,1855.5999755859375,1856.25,1854.5,1854.5,110
2026-09-23 09:35:00+05:30,1854.300048828125,1855.949951171875,1854.300048828125,1855.949951171875,321
2026-09-23 09:36:00+05:30,1852.800048828125,1854.300048828125,1852.699951171875,1854.300048828125,111
2026-09-23 09:37:00+05:30,1854.300048828125,1854.300048828125,1853.0,1853.0,17
2026-09-23 09:38:00+05:30,1856.699951171875,1856.699951171875,1854.300048828125,1854.300048828125,14
2026-09-23 09:39:00+05:30,1857.5,1857.5,1857.5,1857.5,27
2026-09-23 09:40:00+05:30,1854.199951171875,1855.0,1854.199951171875,1855.0,103
2026-09-23 09:41:00+05:30,1852.5,1854.5999755859375,1852.5,1854.5999755859375,42
2026-09-23 09:43:00+05:30,1855.9000244140625,1856.0,1855.9000244140625,1856.0,25
2026-09-23 09:44:00+05:30,1855.0999755859375,1855.0999755859375,1855.0999755859375,1855.0999755859375,1
2026-09-23 09:45:00+05:30,1855.5,1855.5,1855.5,1855.5,7
2026-09-23 09:46:00+05:30,1855.4000244140625,1855.449951171875,1855.4000244140625,1855.449951171875,11
2026-09-23 09:47:00+05:30,1857.5,1857.5,1855.9000244140625,1855.9000244140625,35
2026-09-23 09:48:00+05:30,1857.9000244140625,1857.9000244140625,1857.5,1857.5,272
2026-09-23 09:49:00+05:30,1857.6500244140625,1858.4000244140625,1857.0,1858.4000244140625,213
2026-09-23 09:50:00+05:30,1857.199951171875,1857.199951171875,1857.199951171875,1857.199951171875,1
2026-09-23 09:51:00+05:30,1857.0,1857.5999755859375,1857.0,1857.5999755859375,11
2026-09-23 09:52:00+05:30,1856.75,1857.0,1856.75,1857.0,24
2026-09-23 09:53:00+05:30,1857.0,1860.0,1857.0,1858.4000244140625,345
2026-09-23 09:54:00+05:30,1856.25,1856.6500244140625,1855.1500244140625,1856.6500244140625,40
2026-09-23 09:55:00+05:30,1855.3499755859375,1855.3499755859375,1855.3499755859375,1855.3499755859375,3
2026-09-23 09:56:00+05:30,1857.0,1857.0,1857.0,1857.0,6
2026-09-23 09:57:00+05:30,1858.550048828125,1858.550048828125,1857.0,1857.0,65
2026-09-23 09:58:00+05:30,1859.300048828125,1859.300048828125,1859.300048828125,1859.300048828125,7
2026-09-23 09:59:00+05:30,1859.300048828125,1859.300048828125,1859.300048828125,1859.300048828125,1
2026-09-23 10:00:00+05:30,1857.5999755859375,1860.0,1857.5999755859375,1860.0,40
2026-09-23 10:01:00+05:30,1857.199951171875,1858.4000244140625,1857.199951171875,1857.75,67
2026-09-23 10:02:00+05:30,1858.6500244140625,1859.800048828125,1858.6500244140625,1859.800048828125,19
2026-09-23 10:03:00+05:30,1859.0,1859.8499755859375,1859.0,1859.8499755859375,32
2026-09-23 10:04:00+05:30,1858.75,1858.75,1858.75,1858.75,1
2026-09-23 10:05:00+05:30,1859.0,1859.0,1859.0,1859.0,4
2026-09-23 10:06:00+05:30,1858.0999755859375,1858.0999755859375,1858.0999755859375,1858.0999755859375,35
2026-09-23 10:07:00+05:30,1859.0,1859.0,1859.0,1859.0,151
2026-09-23 10:08:00+05:30,1862.8499755859375,1862.949951171875,1859.5,1859.550048828125,592
2026-09-23 10:09:00+05:30,1860.5,1861.550048828125,1860.5,1861.550048828125,116
2026-09-23 10:10:00+05:30,1864.0,1864.0,1862.1500244140625,1862.1500244140625,55
2026-09-23 10:11:00+05:30,1860.9000244140625,1863.949951171875,1860.8499755859375,1863.5999755859375,184
2026-09-23 10:12:00+05:30,1859.9000244140625,1861.949951171875,1859.9000244140625,1861.949951171875,212
2026-09-23 10:13:00+05:30,1858.1500244140625,1860.300048828125,1858.1500244140625,1860.300048828125,183
2026-09-23 10:14:00+05:30,1859.3499755859375,1860.0,1858.449951171875,1858.449951171875,144
2026-09-23 10:15:00+05:30,1860.199951171875,1861.199951171875,1860.199951171875,1861.0,313
2026-09-23 10:16:00+05:30,1861.199951171875,1861.199951171875,1861.199951171875,1861.199951171875,10
2026-09-23 10:17:00+05:30,1862.0,1862.0,1860.449951171875,1860.449951171875,127
2026-09-23 10:18:00+05:30,1862.800048828125,1862.800048828125,1861.800048828125,1861.9000244140625,44
2026-09-23 10:19:00+05:30,1863.0,1863.0,1861.699951171875,1861.699951171875,110
2026-09-23 10:20:00+05:30,1863.1500244140625,1863.1500244140625,1862.8499755859375,1862.8499755859375,26
2026-09-23 10:21:00+05:30,1861.1500244140625,1861.800048828125,1860.5999755859375,1861.800048828125,1032
2026-09-23 10:22:00+05:30,1860.0,1861.1500244140625,1860.0,1861.0,111
2026-09-23 10:23:00+05:30,1858.0999755859375,1858.0999755859375,1858.0999755859375,1858.0999755859375,63
2026-09-23 10:24:00+05:30,1861.800048828125,1861.800048828125,1859.0,1859.0,770
2026-09-23 10:25:00+05:30,1860.050048828125,1863.1500244140625,1860.050048828125,1863.1500244140625,91
2026-09-23 10:26:00+05:30,1860.4000244140625,1860.4000244140625,1860.4000244140625,1860.4000244140625,2
2026-09-23 10:27:00+05:30,1860.4000244140625,1860.4000244140625,1860.4000244140625,1860.4000244140625,10
2026-09-23 10:29:00+05:30,1860.4000244140625,1860.4000244140625,1860.4000244140625,1860.4000244140625,74
2026-09-23 10:31:00+05:30,1859.699951171875,1859.949951171875,1859.699951171875,1859.949951171875,265
2026-09-23 10:32:00+05:30,1861.75,1861.75,1860.800048828125,1860.800048828125,2
2026-09-23 10:33:00+05:30,1860.800048828125,1860.800048828125,1860.800048828125,1860.800048828125,1
2026-09-23 10:34:00+05:30,1861.0,1861.550048828125,1861.0,1861.550048828125,2
2026-09-23 10:35:00+05:30,1862.0,1862.0,1861.050048828125,1861.050048828125,55
2026-09-23 10:36:00+05:30,1861.050048828125,1861.050048828125,1861.0,1861.0,300
2026-09-23 10:38:00+05:30,1860.3499755859375,1860.3499755859375,1859.699951171875,1859.699951171875,3
2026-09-23 10:39:00+05:30,1860.3499755859375,1860.3499755859375,1860.3499755859375,1860.3499755859375,1
2026-09-23 10:40:00+05:30,1858.0,1860.3499755859375,1858.0,1860.3499755859375,49
2026-09-23 10:41:00+05:30,1859.0999755859375,1859.0999755859375,1858.3499755859375,1858.3499755859375,6
2026-09-23 10:42:00+05:30,1853.1500244140625,1858.6500244140625,1853.1500244140625,1858.6500244140625,232
2026-09-23 10:43:00+05:30,1852.1500244140625,1852.1500244140625,1852.1500244140625,1852.1500244140625,12
2026-09-23 10:44:00+05:30,1855.0,1855.0,1853.5,1853.5,82
2026-09-23 10:45:00+05:30,1854.3499755859375,1854.3499755859375,1854.3499755859375,1854.3499755859375,2
2026-09-23 10:47:00+05:30,1851.0,1851.0,1851.0,1851.0,3
2026-09-23 10:48:00+05:30,1850.9000244140625,1851.0,1850.0,1851.0,136
2026-09-23 10:49:00+05:30,1851.0,1851.0,1851.0,1851.0,10
2026-09-23 10:50:00+05:30,1851.1500244140625,1851.800048828125,1850.1500244140625,1850.1500244140625,48
2026-09-23 10:51:00+05:30,1852.550048828125,1852.550048828125,1851.0,1851.0,477
2026-09-23 10:52:00+05:30,1853.5,1853.8499755859375,1852.5,1852.9000244140625,101
2026-09-23 10:53:00+05:30,1853.5,1853.5,1853.5,1853.5,3
2026-09-23 10:54:00+05:30,1853.4000244140625,1854.199951171875,1853.4000244140625,1854.0,83
2026-09-23 10:55:00+05:30,1855.449951171875,1855.449951171875,1854.0,1854.0,241
2026-09-23 10:56:00+05:30,1856.199951171875,1857.5999755859375,1854.800048828125,1854.800048828125,133
2026-09-23 10:57:00+05:30,1858.0,1858.4000244140625,1856.699951171875,1858.4000244140625,979
2026-09-23 10:58:00+05:30,1854.9000244140625,1854.9000244140625,1854.9000244140625,1854.9000244140625,47
2026-09-23 10:59:00+05:30,1854.9000244140625,1854.9000244140625,1854.9000244140625,1854.9000244140625,2
2026-09-23 11:00:00+05:30,1854.6500244140625,1854.6500244140625,1854.6500244140625,1854.6500244140625,6
2026-09-23 11:01:00+05:30,1854.9000244140625,1854.9000244140625,1854.9000244140625,1854.9000244140625,1
2026-09-23 11:02:00+05:30,1855.449951171875,1855.449951171875,1855.449951171875,1855.449951171875,2
2026-09-23 11:03:00+05:30,1855.449951171875,1855.449951171875,1855.449951171875,1855.449951171875,77
2026-09-23 11:04:00+05:30,1854.9000244140625,1854.9000244140625,1854.9000244140625,1854.9000244140625,110
2026-09-23 11:05:00+05:30,1855.800048828125,1855.800048828125,1854.449951171875,1854.449951171875,57
2026-09-23 11:06:00+05:30,1854.6500244140625,1854.6500244140625,1854.6500244140625,1854.6500244140625,1
2026-09-23 11:07:00+05:30,1854.449951171875,1854.449951171875,1854.3499755859375,1854.3499755859375,65
2026-09-23 11:08:00+05:30,1854.4000244140625,1854.4000244140625,1854.4000244140625,1854.4000244140625,10
2026-09-23 11:10:00+05:30,1856.699951171875,1856.699951171875,1856.699951171875,1856.699951171875,2
2026-09-23 11:11:00+05:30,1856.1500244140625,1856.1500244140625,1856.1500244140625,1856.1500244140625,20
2026-09-23 11:12:00+05:30,1856.8499755859375,1857.0,1856.8499755859375,1857.0,7
2026-09-23 11:13:00+05:30,1856.8499755859375,1856.8499755859375,1856.8499755859375,1856.8499755859375,101
2026-09-23 11:14:00+05:30,1856.699951171875,1858.0,1856.699951171875,1857.5,27
2026-09-23 11:15:00+05:30,1856.800048828125,1856.800048828125,1856.800048828125,1856.800048828125,25
2026-09-23 11:16:00+05:30,1855.4000244140625,1855.4000244140625,1855.4000244140625,1855.4000244140625,100
2026-09-23 11:17:00+05:30,1856.6500244140625,1856.8499755859375,1856.6500244140625,1856.8499755859375,2
2026-09-23 11:19:00+05:30,1855.9000244140625,1855.9000244140625,1855.4000244140625,1855.4000244140625,14
2026-09-23 11:20:00+05:30,1856.699951171875,1856.699951171875,1856.699951171875,1856.699951171875,1
2026-09-23 11:21:00+05:30,1855.5999755859375,1856.699951171875,1855.5999755859375,1856.699951171875,28
2026-09-23 11:22:00+05:30,1855.8499755859375,1855.8499755859375,1855.8499755859375,1855.8499755859375,100
2026-09-23 11:23:00+05:30,1856.949951171875,1856.949951171875,1856.949951171875,1856.949951171875,2
2026-09-23 11:24:00+05:30,1855.9000244140625,1855.9000244140625,1855.9000244140625,1855.9000244140625,15
2026-09-23 11:26:00+05:30,1855.75,1855.75,1855.75,1855.75,2
2026-09-23 11:27:00+05:30,1855.5,1855.5,1855.5,1855.5,1
2026-09-23 11:28:00+05:30,1855.0,1855.5,1855.0,1855.5,22
2026-09-23 11:29:00+05:30,1854.699951171875,1854.699951171875,1854.699951171875,1854.699951171875,3
2026-09-23 11:30:00+05:30,1854.8499755859375,1854.8499755859375,1853.949951171875,1853.949951171875,27
2026-09-23 11:31:00+05:30,1853.199951171875,1853.4000244140625,1853.199951171875,1853.4000244140625,127
2026-09-23 11:32:00+05:30,1852.25,1852.25,1852.25,1852.25,15
2026-09-23 11:33:00+05:30,1853.0999755859375,1853.0999755859375,1853.0999755859375,1853.0999755859375,3
2026-09-23 11:34:00+05:30,1851.800048828125,1851.800048828125,1851.800048828125,1851.800048828125,11
2026-09-23 11:36:00+05:30,1852.0,1852.0,1851.3499755859375,1851.3499755859375,2
2026-09-23 11:38:00+05:30,1851.199951171875,1851.199951171875,1851.199951171875,1851.199951171875,6
2026-09-23 11:39:00+05:30,1850.9000244140625,1851.25,1850.9000244140625,1851.0,18
2026-09-23 11:40:00+05:30,1851.800048828125,1851.800048828125,1850.9000244140625,1850.9000244140625,55
2026-09-23 11:42:00+05:30,1849.1500244140625,1850.0999755859375,1848.25,1850.0999755859375,523
2026-09-23 11:43:00+05:30,1853.25,1853.25,1849.0999755859375,1849.0999755859375,79
2026-09-23 11:46:00+05:30,1853.0999755859375,1853.0999755859375,1853.0999755859375,1853.0999755859375,10
2026-09-23 11:48:00+05:30,1853.4000244140625,1853.4000244140625,1853.4000244140625,1853.4000244140625,180
2026-09-23 11:51:00+05:30,1851.949951171875,1851.949951171875,1851.949951171875,1851.949951171875,1
2026-09-23 11:52:00+05:30,1852.25,1852.25,1851.949951171875,1851.949951171875,9
2026-09-23 11:53:00+05:30,1852.300048828125,1852.300048828125,1851.300048828125,1851.300048828125,55
2026-09-23 11:54:00+05:30,1852.199951171875,1852.199951171875,1852.199951171875,1852.199951171875,24
2026-09-23 11:55:00+05:30,1850.949951171875,1850.949951171875,1850.949951171875,1850.949951171875,2
2026-09-23 11:56:00+05:30,1852.25,1852.25,1851.25,1851.25,23
2026-09-23 11:57:00+05:30,1848.550048828125,1851.25,1846.8499755859375,1851.25,202
2026-09-23 11:58:00+05:30,1847.5,1848.5,1847.5,1848.5,16
2026-09-23 11:59:00+05:30,1847.199951171875,1847.199951171875,1847.199951171875,1847.199951171875,2
2026-09-23 12:00:00+05:30,1850.050048828125,1850.050048828125,1848.0,1848.0,65
2026-09-23 12:01:00+05:30,1848.6500244140625,1848.6500244140625,1848.6500244140625,1848.6500244140625,174
2026-09-23 12:03:00+05:30,1850.4000244140625,1850.4000244140625,1850.4000244140625,1850.4000244140625,94
2026-09-23 12:04:00+05:30,1851.550048828125,1851.550048828125,1851.550048828125,1851.550048828125,12
2026-09-23 12:05:00+05:30,1850.1500244140625,1850.1500244140625,1849.6500244140625,1849.6500244140625,608
2026-09-23 12:11:00+05:30,1850.4000244140625,1850.4000244140625,1849.199951171875,1850.0999755859375,21
2026-09-23 12:12:00+05:30,1850.300048828125,1850.300048828125,1850.300048828125,1850.300048828125,11
2026-09-23 12:13:00+05:30,1849.800048828125,1849.800048828125,1849.800048828125,1849.800048828125,10
2026-09-23 12:15:00+05:30,1849.800048828125,1849.800048828125,1849.800048828125,1849.800048828125,56
2026-09-23 12:16:00+05:30,1849.0999755859375,1849.0999755859375,1849.0999755859375,1849.0999755859375,10
2026-09-23 12:18:00+05:30,1849.199951171875,1849.199951171875,1849.199951171875,1849.199951171875,5
2026-09-23 12:21:00+05:30,1850.5,1850.5,1849.949951171875,1849.949951171875,4
2026-09-23 12:22:00+05:30,1849.5,1850.5,1849.5,1850.5,5
2026-09-23 12:23:00+05:30,1849.550048828125,1849.550048828125,1849.550048828125,1849.550048828125,55
2026-09-23 12:25:00+05:30,1852.0999755859375,1852.0999755859375,1850.5,1850.5,36
2026-09-23 12:26:00+05:30,1850.0,1850.9000244140625,1850.0,1850.9000244140625,30
2026-09-23 12:28:00+05:30,1848.25,1848.25,1848.25,1848.25,60
2026-09-23 12:29:00+05:30,1847.800048828125,1847.800048828125,1847.800048828125,1847.800048828125,10
2026-09-23 12:30:00+05:30,1849.0,1849.0,1847.8499755859375,1847.8499755859375,26
2026-09-23 12:31:00+05:30,1847.050048828125,1848.0,1847.0,1847.0,43
2026-09-23 12:32:00+05:30,1848.5999755859375,1848.5999755859375,1848.5999755859375,1848.5999755859375,1
2026-09-23 12:34:00+05:30,1847.4000244140625,1848.949951171875,1847.0,1848.949951171875,262
2026-09-23 12:35:00+05:30,1849.0,1849.0,1848.949951171875,1848.949951171875,4
2026-09-23 12:36:00+05:30,1849.0,1849.0,1849.0,1849.0,4
2026-09-23 12:37:00+05:30,1847.949951171875,1847.949951171875,1847.949951171875,1847.949951171875,1
2026-09-23 12:38:00+05:30,1848.050048828125,1848.050048828125,1848.050048828125,1848.050048828125,20
2026-09-23 12:41:00+05:30,1847.699951171875,1847.699951171875,1846.8499755859375,1846.9000244140625,282
2026-09-23 12:43:00+05:30,1846.8499755859375,1848.25,1846.8499755859375,1848.25,35
2026-09-23 12:44:00+05:30,1846.699951171875,1846.699951171875,1846.699951171875,1846.699951171875,17
2026-09-23 12:45:00+05:30,1847.75,1847.75,1847.75,1847.75,1
2026-09-23 12:46:00+05:30,1846.699951171875,1846.699951171875,1846.699951171875,1846.699951171875,1
2026-09-23 12:49:00+05:30,1847.699951171875,1847.699951171875,1847.699951171875,1847.699951171875,1
2026-09-23 12:50:00+05:30,1847.449951171875,1847.449951171875,1847.449951171875,1847.449951171875,5
2026-09-23 12:51:00+05:30,1846.699951171875,1846.699951171875,1846.699951171875,1846.699951171875,5
2026-09-23 12:52:00+05:30,1846.6500244140625,1846.6500244140625,1846.6500244140625,1846.6500244140625,10
2026-09-23 12:53:00+05:30,1846.5,1846.6500244140625,1846.5,1846.6500244140625,2
2026-09-23 12:54:00+05:30,1847.699951171875,1847.699951171875,1847.3499755859375,1847.3499755859375,55
2026-09-23 12:58:00+05:30,1849.0,1849.0,1849.0,1849.0,6
2026-09-23 12:59:00+05:30,1849.0,1849.0,1849.0,1849.0,2
2026-09-23 13:01:00+05:30,1849.0,1849.0,1849.0,1849.0,1
2026-09-23 13:03:00+05:30,1849.5,1849.5,1849.0,1849.0,365
2026-09-23 13:04:00+05:30,1848.5,1848.5,1848.5,1848.5,1
2026-09-23 13:05:00+05:30,1848.5,1848.5,1848.5,1848.5,10
2026-09-23 13:07:00+05:30,1848.5,1848.5,1848.5,1848.5,200
2026-09-23 13:08:00+05:30,1848.0999755859375,1848.0999755859375,1848.0999755859375,1848.0999755859375,15
2026-09-23 13:10:00+05:30,1848.0,1848.0,1848.0,1848.0,10
2026-09-23 13:13:00+05:30,1846.5999755859375,1847.199951171875,1846.5999755859375,1847.050048828125,66
2026-09-23 13:16:00+05:30,1847.0,1847.0,1846.9000244140625,1846.9000244140625,27
2026-09-23 13:18:00+05:30,1848.199951171875,1848.199951171875,1846.449951171875,1847.0,147
2026-09-23 13:22:00+05:30,1846.949951171875,1846.949951171875,1846.949951171875,1846.949951171875,2
2026-09-23 13:23:00+05:30,1847.5,1847.5,1847.5,1847.5,1
2026-09-23 13:24:00+05:30,1848.5999755859375,1848.5999755859375,1848.199951171875,1848.199951171875,13
2026-09-23 13:27:00+05:30,1845.5,1846.699951171875,1845.5,1846.699951171875,58
2026-09-23 13:28:00+05:30,1846.8499755859375,1847.199951171875,1846.8499755859375,1846.8499755859375,31
2026-09-23 13:29:00+05:30,1844.550048828125,1847.0,1844.550048828125,1846.75,173
2026-09-23 13:30:00+05:30,1846.300048828125,1846.300048828125,1846.199951171875,1846.199951171875,15
2026-09-23 13:31:00+05:30,1845.0999755859375,1845.0999755859375,1845.0999755859375,1845.0999755859375,1
2026-09-23 13:32:00+05:30,1844.25,1844.25,1844.25,1844.25,25
2026-09-23 13:33:00+05:30,1844.9000244140625,1844.9000244140625,1844.9000244140625,1844.9000244140625,2
2026-09-23 13:34:00+05:30,1844.4000244140625,1844.4000244140625,1844.4000244140625,1844.4000244140625,7
2026-09-23 13:35:00+05:30,1844.25,1844.25,1844.25,1844.25,110
2026-09-23 13:36:00+05:30,1842.800048828125,1842.800048828125,1842.800048828125,1842.800048828125,1
2026-09-23 13:37:00+05:30,1843.550048828125,1845.0,1842.800048828125,1845.0,54
2026-09-23 13:39:00+05:30,1841.550048828125,1843.0,1841.550048828125,1843.0,293
2026-09-23 13:40:00+05:30,1843.0,1843.5,1841.75,1841.75,20
2026-09-23 13:42:00+05:30,1842.5,1842.5,1841.9000244140625,1841.9000244140625,11
2026-09-23 13:43:00+05:30,1842.5,1842.5,1842.5,1842.5,1
2026-09-23 13:45:00+05:30,1842.6500244140625,1842.6500244140625,1842.6500244140625,1842.6500244140625,3
2026-09-23 13:46:00+05:30,1844.550048828125,1844.550048828125,1844.550048828125,1844.550048828125,1
2026-09-23 13:48:00+05:30,1843.699951171875,1843.699951171875,1843.699951171875,1843.699951171875,60
2026-09-23 13:49:00+05:30,1845.3499755859375,1845.3499755859375,1845.3499755859375,1845.3499755859375,10
2026-09-23 13:50:00+05:30,1845.3499755859375,1845.3499755859375,1845.3499755859375,1845.3499755859375,1
2026-09-23 13:51:00+05:30,1845.1500244140625,1845.25,1845.1500244140625,1845.199951171875,10
2026-09-23 13:52:00+05:30,1843.300048828125,1843.300048828125,1843.300048828125,1843.300048828125,3
2026-09-23 13:53:00+05:30,1844.9000244140625,1844.9000244140625,1843.25,1843.25,30
2026-09-23 13:55:00+05:30,1843.25,1843.25,1843.25,1843.25,27
2026-09-23 14:01:00+05:30,1844.0,1844.0,1844.0,1844.0,1
2026-09-23 14:03:00+05:30,1845.0,1845.0,1844.75,1844.75,2
2026-09-23 14:04:00+05:30,1845.0,1845.0,1845.0,1845.0,2
2026-09-23 14:06:00+05:30,1844.949951171875,1844.949951171875,1844.949951171875,1844.949951171875,1
2026-09-23 14:07:00+05:30,1843.9000244140625,1843.9000244140625,1843.9000244140625,1843.9000244140625,20
2026-09-23 14:08:00+05:30,1843.75,1843.75,1843.75,1843.75,125
2026-09-23 14:09:00+05:30,1844.050048828125,1844.050048828125,1844.050048828125,1844.050048828125,5
2026-09-23 14:11:00+05:30,1844.699951171875,1844.699951171875,1844.699951171875,1844.699951171875,1
2026-09-23 14:12:00+05:30,1843.199951171875,1844.949951171875,1843.199951171875,1844.949951171875,52
2026-09-23 14:13:00+05:30,1842.949951171875,1842.949951171875,1842.949951171875,1842.949951171875,83
2026-09-23 14:16:00+05:30,1844.4000244140625,1844.4000244140625,1844.4000244140625,1844.4000244140625,27
2026-09-23 14:18:00+05:30,1844.199951171875,1844.199951171875,1844.199951171875,1844.199951171875,1
2026-09-23 14:19:00+05:30,1844.25,1844.25,1844.25,1844.25,5
2026-09-23 14:20:00+05:30,1843.5,1844.949951171875,1843.5,1844.949951171875,2
2026-09-23 14:21:00+05:30,1844.199951171875,1844.199951171875,1843.5,1843.5,5
2026-09-23 14:22:00+05:30,1843.050048828125,1844.300048828125,1843.050048828125,1844.300048828125,33
2026-09-23 14:24:00+05:30,1844.550048828125,1844.6500244140625,1844.550048828125,1844.6500244140625,16
2026-09-23 14:25:00+05:30,1844.5,1844.5,1844.5,1844.5,11
2026-09-23 14:27:00+05:30,1845.5,1845.5,1844.449951171875,1844.449951171875,404
2026-09-23 14:28:00+05:30,1843.699951171875,1843.699951171875,1843.699951171875,1843.699951171875,70
2026-09-23 14:29:00+05:30,1843.699951171875,1843.699951171875,1843.699951171875,1843.699951171875,2
2026-09-23 14:31:00+05:30,1843.699951171875,1843.699951171875,1843.699951171875,1843.699951171875,1
2026-09-23 14:32:00+05:30,1843.0,1843.0,1843.0,1843.0,10
2026-09-23 14:33:00+05:30,1841.949951171875,1841.949951171875,1841.949951171875,1841.949951171875,43
2026-09-23 14:34:00+05:30,1840.699951171875,1842.8499755859375,1840.699951171875,1842.8499755859375,18
2026-09-23 14:35:00+05:30,1839.75,1840.5999755859375,1839.75,1840.5999755859375,252
2026-09-23 14:36:00+05:30,1840.5,1840.5,1840.0,1840.5,92
2026-09-23 14:38:00+05:30,1841.4000244140625,1841.5999755859375,1841.4000244140625,1841.5999755859375,12
2026-09-23 14:39:00+05:30,1841.5,1841.5,1841.5,1841.5,70
2026-09-23 14:40:00+05:30,1841.5,1841.5,1841.5,1841.5,740
2026-09-23 14:41:00+05:30,1842.1500244140625,1842.1500244140625,1841.5,1841.5,174
2026-09-23 14:42:00+05:30,1840.800048828125,1841.5,1840.5,1841.5,1728
2026-09-23 14:43:00+05:30,1841.1500244140625,1841.1500244140625,1840.0999755859375,1840.0999755859375,21
2026-09-23 14:44:00+05:30,1839.550048828125,1840.050048828125,1839.550048828125,1840.050048828125,30
2026-09-23 14:45:00+05:30,1839.0,1839.0,1839.0,1839.0,4
2026-09-23 14:46:00+05:30,1839.199951171875,1839.199951171875,1839.199951171875,1839.199951171875,53
2026-09-23 14:47:00+05:30,1839.8499755859375,1839.8499755859375,1839.8499755859375,1839.8499755859375,5
2026-09-23 14:48:00+05:30,1839.8499755859375,1839.8499755859375,1839.8499755859375,1839.8499755859375,6
2026-09-23 14:49:00+05:30,1840.449951171875,1841.199951171875,1840.0,1840.0,430
2026-09-23 14:50:00+05:30,1840.050048828125,1841.0,1840.050048828125,1841.0,26
2026-09-23 14:51:00+05:30,1841.300048828125,1841.300048828125,1841.300048828125,1841.300048828125,10
2026-09-23 14:52:00+05:30,1841.0999755859375,1841.5,1841.0999755859375,1841.5,9
2026-09-23 14:53:00+05:30,1840.4000244140625,1840.4000244140625,1840.4000244140625,1840.4000244140625,30
2026-09-23 14:55:00+05:30,1842.0999755859375,1842.300048828125,1841.0,1841.0,233
2026-09-23 14:56:00+05:30,1840.1500244140625,1840.1500244140625,1840.1500244140625,1840.1500244140625,3
2026-09-23 14:57:00+05:30,1839.199951171875,1839.199951171875,1839.199951171875,1839.199951171875,35
2026-09-23 14:58:00+05:30,1838.6500244140625,1838.6500244140625,1838.6500244140625,1838.6500244140625,4
2026-09-23 14:59:00+05:30,1839.0999755859375,1839.0999755859375,1839.0999755859375,1839.0999755859375,1
2026-09-23 15:02:00+05:30,1840.0,1840.0,1839.0999755859375,1839.0999755859375,161
2026-09-23 15:04:00+05:30,1840.800048828125,1841.0,1839.800048828125,1839.800048828125,38
2026-09-23 15:05:00+05:30,1843.25,1843.25,1840.4000244140625,1840.800048828125,109
2026-09-23 15:06:00+05:30,1843.0,1843.25,1841.300048828125,1843.25,231
2026-09-23 15:07:00+05:30,1843.8499755859375,1844.4000244140625,1843.050048828125,1843.050048828125,122
2026-09-23 15:09:00+05:30,1845.0,1845.0,1844.550048828125,1844.550048828125,101
2026-09-23 15:10:00+05:30,1844.449951171875,1844.449951171875,1844.449951171875,1844.449951171875,3
2026-09-23 15:11:00+05:30,1846.3499755859375,1847.300048828125,1844.5,1844.5,54
2026-09-23 15:12:00+05:30,1843.800048828125,1844.0,1843.800048828125,1844.0,14
2026-09-23 15:13:00+05:30,1841.050048828125,1841.5999755859375,1841.050048828125,1841.5999755859375,37
2026-09-23 15:14:00+05:30,1845.300048828125,1845.300048828125,1842.5999755859375,1842.5999755859375,7
2026-09-23 15:29:00+05:30,1846.0,1846.0,1846.0,1846.0,12
2026-09-24 09:15:00+05:30,1799.0,1813.8499755859375,1793.5,1813.8499755859375,3316
2026-09-24 09:16:00+05:30,1789.949951171875,1798.0,1789.949951171875,1797.25,354
2026-09-24 09:17:00+05:30,1776.0,1785.550048828125,1776.0,1784.300048828125,3174
2026-09-24 09:18:00+05:30,1782.25,1784.1500244140625,1775.0,1776.3499755859375,922
2026-09-24 09:19:00+05:30,1781.800048828125,1784.0,1781.800048828125,1783.0999755859375,1212
2026-09-24 09:20:00+05:30,1781.699951171875,1783.300048828125,1780.25,1780.800048828125,193
2026-09-24 09:21:00+05:30,1780.0,1781.699951171875,1779.0999755859375,1781.699951171875,169
2026-09-24 09:22:00+05:30,1781.0999755859375,1781.449951171875,1778.199951171875,1778.199951171875,1102
2026-09-24 09:23:00+05:30,1778.0,1782.800048828125,1778.0,1780.300048828125,716
2026-09-24 09:24:00+05:30,1781.050048828125,1781.050048828125,1779.0,1779.0,271
2026-09-24 09:25:00+05:30,1783.5999755859375,1787.3499755859375,1781.0,1781.0,2175
2026-09-24 09:26:00+05:30,1779.949951171875,1784.4000244140625,1779.949951171875,1783.8499755859375,608
2026-09-24 09:27:00+05:30,1782.0,1782.0,1779.0999755859375,1779.0999755859375,420
2026-09-24 09:28:00+05:30,1782.300048828125,1782.300048828125,1781.5,1781.5,127
2026-09-24 09:29:00+05:30,1788.1500244140625,1791.550048828125,1781.699951171875,1782.300048828125,3328
2026-09-24 09:30:00+05:30,1788.300048828125,1790.4000244140625,1788.0,1790.4000244140625,33
2026-09-24 09:31:00+05:30,1785.75,1787.449951171875,1785.0,1787.0,303
2026-09-24 09:32:00+05:30,1789.699951171875,1790.9000244140625,1789.699951171875,1790.9000244140625,15
2026-09-24 09:33:00+05:30,1786.300048828125,1791.0,1786.300048828125,1791.0,86
2026-09-24 09:34:00+05:30,1789.5,1789.5,1789.25,1789.3499755859375,26
2026-09-24 09:36:00+05:30,1791.949951171875,1792.5999755859375,1788.3499755859375,1789.6500244140625,318
2026-09-24 09:37:00+05:30,1789.800048828125,1791.25,1788.300048828125,1791.25,648
2026-09-24 09:38:00+05:30,1790.550048828125,1790.550048828125,1790.550048828125,1790.550048828125,519
2026-09-24 09:39:00+05:30,1791.8499755859375,1796.1500244140625,1791.8499755859375,1794.5999755859375,74
2026-09-24 09:41:00+05:30,1790.0,1791.050048828125,1790.0,1791.050048828125,114
2026-09-24 09:43:00+05:30,1790.050048828125,1791.1500244140625,1788.9000244140625,1790.0,3025
2026-09-24 09:44:00+05:30,1792.0999755859375,1792.300048828125,1792.0999755859375,1792.300048828125,5
2026-09-24 09:45:00+05:30,1792.6500244140625,1792.8499755859375,1791.449951171875,1792.800048828125,31
2026-09-24 09:46:00+05:30,1793.0,1793.050048828125,1793.0,1793.050048828125,29
2026-09-24 09:48:00+05:30,1793.4000244140625,1793.4000244140625,1792.800048828125,1792.800048828125,60
2026-09-24 09:49:00+05:30,1795.949951171875,1795.949951171875,1792.5999755859375,1792.5999755859375,465
2026-09-24 09:50:00+05:30,1795.3499755859375,1795.3499755859375,1794.449951171875,1795.1500244140625,19
2026-09-24 09:51:00+05:30,1793.0999755859375,1793.0999755859375,1793.0999755859375,1793.0999755859375,10
2026-09-24 09:52:00+05:30,1794.0,1794.550048828125,1794.0,1794.550048828125,22
2026-09-24 09:54:00+05:30,1793.949951171875,1793.949951171875,1793.9000244140625,1793.9000244140625,36
2026-09-24 09:55:00+05:30,1796.550048828125,1796.550048828125,1795.199951171875,1795.199951171875,42
2026-09-24 09:56:00+05:30,1798.0,1798.0,1796.550048828125,1797.949951171875,226
2026-09-24 09:57:00+05:30,1796.699951171875,1797.3499755859375,1795.050048828125,1796.0,115
2026-09-24 09:58:00+05:30,1800.0,1800.0,1798.0,1798.0,88
2026-09-24 09:59:00+05:30,1799.1500244140625,1799.1500244140625,1799.1500244140625,1799.1500244140625,75
2026-09-24 10:00:00+05:30,1797.449951171875,1799.0,1797.449951171875,1799.0,33
2026-09-24 10:01:00+05:30,1798.25,1800.25,1798.25,1800.0,135
2026-09-24 10:02:00+05:30,1796.0,1797.800048828125,1796.0,1797.800048828125,139
2026-09-24 10:03:00+05:30,1794.9000244140625,1794.9000244140625,1794.9000244140625,1794.9000244140625,6
2026-09-24 10:05:00+05:30,1790.699951171875,1792.3499755859375,1790.0,1792.3499755859375,162
2026-09-24 10:06:00+05:30,1790.0,1790.0,1789.5999755859375,1789.9000244140625,52
2026-09-24 10:07:00+05:30,1792.300048828125,1792.300048828125,1790.699951171875,1790.699951171875,54
2026-09-24 10:08:00+05:30,1794.5,1794.5,1792.0999755859375,1792.1500244140625,162
2026-09-24 10:09:00+05:30,1792.5999755859375,1795.699951171875,1792.5999755859375,1794.699951171875,42
2026-09-24 10:10:00+05:30,1793.050048828125,1793.050048828125,1791.949951171875,1791.949951171875,4
2026-09-24 10:11:00+05:30,1794.449951171875,1794.449951171875,1792.449951171875,1793.699951171875,32
2026-09-24 10:12:00+05:30,1794.050048828125,1794.050048828125,1793.5,1793.5,15
2026-09-24 10:13:00+05:30,1792.8499755859375,1792.8499755859375,1792.8499755859375,1792.8499755859375,14
2026-09-24 10:14:00+05:30,1789.9000244140625,1790.4000244140625,1788.75,1790.0999755859375,517
2026-09-24 10:15:00+05:30,1788.25,1791.050048828125,1788.0,1791.050048828125,98
2026-09-24 10:16:00+05:30,1788.0,1788.0,1788.0,1788.0,5
2026-09-24 10:18:00+05:30,1787.800048828125,1787.800048828125,1787.800048828125,1787.800048828125,2
2026-09-24 10:19:00+05:30,1788.4000244140625,1788.4000244140625,1788.4000244140625,1788.4000244140625,10
2026-09-24 10:20:00+05:30,1789.0,1789.0,1789.0,1789.0,100
2026-09-24 10:21:00+05:30,1788.3499755859375,1788.3499755859375,1786.9000244140625,1788.0,106
2026-09-24 10:22:00+05:30,1786.8499755859375,1787.550048828125,1785.5999755859375,1787.0,106
2026-09-24 10:23:00+05:30,1786.6500244140625,1786.8499755859375,1786.6500244140625,1786.8499755859375,30
2026-09-24 10:24:00+05:30,1786.8499755859375,1786.8499755859375,1786.8499755859375,1786.8499755859375,1
2026-09-24 10:25:00+05:30,1787.199951171875,1787.800048828125,1786.0999755859375,1787.800048828125,163
2026-09-24 10:27:00+05:30,1788.0,1788.0,1786.0999755859375,1786.0999755859375,92
2026-09-24 10:28:00+05:30,1789.0,1789.0,1788.300048828125,1788.300048828125,997
2026-09-24 10:29:00+05:30,1790.25,1790.25,1790.25,1790.25,100
2026-09-24 10:30:00+05:30,1789.949951171875,1789.949951171875,1789.0,1789.0,17
2026-09-24 10:31:00+05:30,1790.0,1790.550048828125,1790.0,1790.550048828125,13
2026-09-24 10:32:00+05:30,1787.9000244140625,1791.050048828125,1787.9000244140625,1791.050048828125,811
2026-09-24 10:33:00+05:30,1790.75,1790.75,1790.75,1790.75,1
2026-09-24 10:34:00+05:30,1789.550048828125,1789.550048828125,1789.550048828125,1789.550048828125,3
2026-09-24 10:35:00+05:30,1788.800048828125,1790.75,1788.800048828125,1790.75,138
2026-09-24 10:36:00+05:30,1790.199951171875,1790.199951171875,1790.199951171875,1790.199951171875,20
2026-09-24 10:37:00+05:30,1788.949951171875,1789.5999755859375,1788.949951171875,1789.449951171875,52
2026-09-24 10:39:00+05:30,1788.0,1788.25,1788.0,1788.25,2
2026-09-24 10:40:00+05:30,1786.949951171875,1788.0,1786.949951171875,1788.0,12
2026-09-24 10:41:00+05:30,1788.8499755859375,1788.8499755859375,1788.8499755859375,1788.8499755859375,26
2026-09-24 10:42:00+05:30,1788.8499755859375,1788.8499755859375,1788.8499755859375,1788.8499755859375,15
2026-09-24 10:43:00+05:30,1788.0,1788.0,1787.9000244140625,1787.9000244140625,280
2026-09-24 10:44:00+05:30,1789.4000244140625,1789.4000244140625,1789.4000244140625,1789.4000244140625,2
2026-09-24 10:46:00+05:30,1789.8499755859375,1789.8499755859375,1789.699951171875,1789.699951171875,170
2026-09-24 10:47:00+05:30,1789.5999755859375,1789.5999755859375,1789.5999755859375,1789.5999755859375,1
2026-09-24 10:49:00+05:30,1788.75,1788.75,1788.75,1788.75,10
2026-09-24 10:50:00+05:30,1790.800048828125,1790.800048828125,1790.800048828125,1790.800048828125,1
2026-09-24 10:51:00+05:30,1790.5,1790.800048828125,1790.5,1790.800048828125,17
2026-09-24 10:52:00+05:30,1790.300048828125,1790.300048828125,1790.300048828125,1790.300048828125,4
2026-09-24 10:53:00+05:30,1791.449951171875,1791.449951171875,1791.449951171875,1791.449951171875,15
2026-09-24 10:54:00+05:30,1790.550048828125,1790.550048828125,1790.550048828125,1790.550048828125,3
2026-09-24 10:56:00+05:30,1790.550048828125,1790.550048828125,1790.550048828125,1790.550048828125,5
2026-09-24 10:57:00+05:30,1790.4000244140625,1790.4000244140625,1789.0999755859375,1789.0999755859375,2
2026-09-24 10:58:00+05:30,1790.199951171875,1790.199951171875,1790.199951171875,1790.199951171875,50
2026-09-24 10:59:00+05:30,1789.5999755859375,1789.5999755859375,1789.5,1789.5999755859375,13
2026-09-24 11:00:00+05:30,1789.6500244140625,1790.0,1789.3499755859375,1790.0,12
2026-09-24 11:01:00+05:30,1787.699951171875,1788.0,1787.699951171875,1788.0,112
2026-09-24 11:02:00+05:30,1787.699951171875,1787.699951171875,1787.699951171875,1787.699951171875,3
2026-09-24 11:04:00+05:30,1787.8499755859375,1787.8499755859375,1786.0,1787.699951171875,1412
2026-09-24 11:05:00+05:30,1787.75,1788.949951171875,1787.75,1788.949951171875,28
2026-09-24 11:06:00+05:30,1788.550048828125,1788.550048828125,1787.8499755859375,1787.8499755859375,11
2026-09-24 11:07:00+05:30,1789.0,1789.0,1789.0,1789.0,3
2026-09-24 11:08:00+05:30,1788.050048828125,1788.050048828125,1788.050048828125,1788.050048828125,459
2026-09-24 11:09:00+05:30,1785.0999755859375,1787.9000244140625,1785.050048828125,1787.9000244140625,531
2026-09-24 11:10:00+05:30,1784.800048828125,1784.800048828125,1784.800048828125,1784.800048828125,6
2026-09-24 11:11:00+05:30,1787.75,1787.75,1787.75,1787.75,5
2026-09-24 11:13:00+05:30,1784.25,1785.25,1784.25,1785.25,7
2026-09-24 11:15:00+05:30,1785.800048828125,1785.800048828125,1785.800048828125,1785.800048828125,5
2026-09-24 11:16:00+05:30,1787.0,1787.0,1787.0,1787.0,400
2026-09-24 11:17:00+05:30,1786.9000244140625,1786.9000244140625,1786.9000244140625,1786.9000244140625,1
2026-09-24 11:18:00+05:30,1786.300048828125,1786.8499755859375,1786.300048828125,1786.699951171875,30
2026-09-24 11:19:00+05:30,1789.6500244140625,1789.6500244140625,1789.0,1789.0,2967
2026-09-24 11:22:00+05:30,1789.0,1789.3499755859375,1789.0,1789.3499755859375,2
2026-09-24 11:23:00+05:30,1788.550048828125,1789.949951171875,1788.550048828125,1789.949951171875,128
2026-09-24 11:24:00+05:30,1787.449951171875,1787.449951171875,1787.449951171875,1787.449951171875,50
2026-09-24 11:27:00+05:30,1790.0,1790.0,1789.199951171875,1790.0,79
2026-09-24 11:28:00+05:30,1789.949951171875,1790.0,1789.949951171875,1790.0,57
2026-09-24 11:29:00+05:30,1791.0999755859375,1791.25,1791.0999755859375,1791.25,15
2026-09-24 11:30:00+05:30,1789.300048828125,1790.0999755859375,1789.300048828125,1790.0999755859375,20
2026-09-24 11:31:00+05:30,1789.0,1789.0,1789.0,1789.0,6
2026-09-24 11:32:00+05:30,1787.75,1789.0,1787.75,1789.0,247
2026-09-24 11:33:00+05:30,1785.949951171875,1787.5999755859375,1785.949951171875,1786.5999755859375,350
2026-09-24 11:34:00+05:30,1784.050048828125,1785.9000244140625,1784.0,1785.0,322
2026-09-24 11:35:00+05:30,1782.300048828125,1783.0,1782.0,1783.0,26
2026-09-24 11:36:00+05:30,1782.0,1783.1500244140625,1782.0,1783.1500244140625,17
2026-09-24 11:37:00+05:30,1782.0,1782.0,1782.0,1782.0,13
2026-09-24 11:39:00+05:30,1777.800048828125,1782.0,1775.0,1782.0,1245816
2026-09-24 11:40:00+05:30,1774.949951171875,1777.0,1774.25,1777.0,2663
2026-09-24 11:41:00+05:30,1774.699951171875,1775.300048828125,1774.5,1774.699951171875,483
2026-09-24 11:42:00+05:30,1773.9000244140625,1774.0,1773.9000244140625,1774.0,81
2026-09-24 11:43:00+05:30,1776.0,1776.0,1773.699951171875,1773.699951171875,6027
2026-09-24 11:44:00+05:30,1776.0,1776.0,1775.0,1776.0,6524
2026-09-24 11:45:00+05:30,1776.0,1776.0,1776.0,1776.0,63
2026-09-24 11:46:00+05:30,1777.1500244140625,1777.4000244140625,1776.300048828125,1776.300048828125,2261
2026-09-24 11:47:00+05:30,1777.1500244140625,1777.1500244140625,1777.1500244140625,1777.1500244140625,213
2026-09-24 11:48:00+05:30,1776.6500244140625,1776.8499755859375,1775.0,1775.0,3215
2026-09-24 11:49:00+05:30,1776.5,1776.8499755859375,1776.0,1776.75,110
2026-09-24 11:50:00+05:30,1776.6500244140625,1777.4000244140625,1776.199951171875,1777.4000244140625,1145
2026-09-24 11:51:00+05:30,1775.050048828125,1776.449951171875,1775.0,1776.449951171875,1802
2026-09-24 11:52:00+05:30,1776.0,1776.449951171875,1776.0,1776.0999755859375,70
2026-09-24 11:53:00+05:30,1774.5,1776.050048828125,1774.5,1776.050048828125,4784
2026-09-24 11:54:00+05:30,1775.0,1775.0,1773.5,1774.0,1447
2026-09-24 11:55:00+05:30,1775.5,1775.5,1774.300048828125,1774.300048828125,74
2026-09-24 11:56:00+05:30,1775.4000244140625,1775.4000244140625,1775.0,1775.0,943
2026-09-24 11:57:00+05:30,1775.0,1775.449951171875,1774.300048828125,1775.4000244140625,39
2026-09-24 11:58:00+05:30,1775.0999755859375,1775.0999755859375,1774.800048828125,1774.800048828125,22
2026-09-24 11:59:00+05:30,1774.300048828125,1774.800048828125,1774.300048828125,1774.800048828125,43
2026-09-24 12:00:00+05:30,1773.3499755859375,1774.300048828125,1773.0,1774.300048828125,1070
2026-09-24 12:01:00+05:30,1774.300048828125,1774.300048828125,1773.3499755859375,1773.3499755859375,278
2026-09-24 12:02:00+05:30,1774.1500244140625,1774.300048828125,1773.949951171875,1774.300048828125,1428
2026-09-24 12:03:00+05:30,1774.0,1774.0,1774.0,1774.0,471
2026-09-24 12:04:00+05:30,1773.449951171875,1774.199951171875,1772.800048828125,1774.0,1008
2026-09-24 12:05:00+05:30,1773.0,1773.699951171875,1773.0,1773.449951171875,311
2026-09-24 12:06:00+05:30,1772.949951171875,1773.0,1772.0,1773.0,5926
2026-09-24 12:07:00+05:30,1772.9000244140625,1772.949951171875,1771.8499755859375,1772.949951171875,2278
2026-09-24 12:08:00+05:30,1772.9000244140625,1772.9000244140625,1772.9000244140625,1772.9000244140625,140
2026-09-24 12:09:00+05:30,1772.9000244140625,1772.9000244140625,1772.8499755859375,1772.9000244140625,298
2026-09-24 12:10:00+05:30,1772.449951171875,1772.9000244140625,1772.449951171875,1772.9000244140625,807
2026-09-24 12:11:00+05:30,1772.9000244140625,1772.9000244140625,1772.9000244140625,1772.9000244140625,711
2026-09-24 12:12:00+05:30,1772.949951171875,1772.949951171875,1772.9000244140625,1772.9000244140625,941
2026-09-24 12:13:00+05:30,1772.949951171875,1772.949951171875,1772.949951171875,1772.949951171875,151
2026-09-24 12:14:00+05:30,1774.6500244140625,1774.6500244140625,1772.949951171875,1772.949951171875,4414
2026-09-24 12:15:00+05:30,1774.75,1775.0,1774.550048828125,1775.0,1360
2026-09-24 12:16:00+05:30,1774.550048828125,1774.699951171875,1773.9000244140625,1774.699951171875,14
2026-09-24 12:17:00+05:30,1775.0,1775.0,1774.550048828125,1774.550048828125,78
2026-09-24 12:18:00+05:30,1774.75,1774.75,1774.75,1774.75,5
2026-09-24 12:19:00+05:30,1774.5999755859375,1774.5999755859375,1774.5999755859375,1774.5999755859375,1
2026-09-24 12:20:00+05:30,1775.6500244140625,1775.6500244140625,1775.6500244140625,1775.6500244140625,1
2026-09-24 12:21:00+05:30,1775.699951171875,1775.800048828125,1775.699951171875,1775.800048828125,241
2026-09-24 12:22:00+05:30,1775.6500244140625,1775.6500244140625,1775.6500244140625,1775.6500244140625,61
2026-09-24 12:23:00+05:30,1775.6500244140625,1775.6500244140625,1775.6500244140625,1775.6500244140625,7
2026-09-24 12:24:00+05:30,1775.6500244140625,1775.6500244140625,1775.6500244140625,1775.6500244140625,82
2026-09-24 12:25:00+05:30,1775.0,1775.8499755859375,1775.0,1775.8499755859375,1630
2026-09-24 12:26:00+05:30,1775.1500244140625,1775.1500244140625,1774.800048828125,1774.9000244140625,108
2026-09-24 12:27:00+05:30,1775.0,1775.0,1775.0,1775.0,218
2026-09-24 12:28:00+05:30,1776.5,1776.550048828125,1775.1500244140625,1775.1500244140625,1904
2026-09-24 12:29:00+05:30,1776.5,1776.5,1776.449951171875,1776.449951171875,880
2026-09-24 12:30:00+05:30,1777.25,1777.449951171875,1777.25,1777.449951171875,4
2026-09-24 12:31:00+05:30,1776.0,1776.0,1776.0,1776.0,1
2026-09-24 12:32:00+05:30,1776.0,1776.75,1776.0,1776.75,93
2026-09-24 12:33:00+05:30,1775.0,1775.0,1775.0,1775.0,22
2026-09-24 12:34:00+05:30,1774.300048828125,1775.0,1774.0,1775.0,127
2026-09-24 12:35:00+05:30,1774.1500244140625,1774.1500244140625,1774.0999755859375,1774.0999755859375,116
2026-09-24 12:36:00+05:30,1775.0999755859375,1775.0999755859375,1773.0999755859375,1773.0999755859375,2132
2026-09-24 12:37:00+05:30,1775.0,1775.0,1775.0,1775.0,8
2026-09-24 12:38:00+05:30,1775.050048828125,1775.1500244140625,1775.0,1775.0,35
2026-09-24 12:39:00+05:30,1775.050048828125,1775.050048828125,1775.050048828125,1775.050048828125,50
2026-09-24 12:40:00+05:30,1774.9000244140625,1774.9000244140625,1773.949951171875,1773.949951171875,6
2026-09-24 12:41:00+05:30,1775.3499755859375,1775.3499755859375,1775.3499755859375,1775.3499755859375,10
2026-09-24 12:42:00+05:30,1775.9000244140625,1775.9000244140625,1775.9000244140625,1775.9000244140625,10
2026-09-24 12:44:00+05:30,1775.0,1775.0,1775.0,1775.0,29
2026-09-24 12:45:00+05:30,1774.949951171875,1774.949951171875,1774.800048828125,1774.800048828125,53
2026-09-24 12:46:00+05:30,1774.5,1774.949951171875,1774.199951171875,1774.949951171875,169
2026-09-24 12:47:00+05:30,1774.5,1774.5,1774.5,1774.5,17
2026-09-24 12:48:00+05:30,1774.550048828125,1774.9000244140625,1774.550048828125,1774.75,12
2026-09-24 12:49:00+05:30,1774.8499755859375,1774.8499755859375,1774.199951171875,1774.199951171875,12
2026-09-24 12:50:00+05:30,1774.949951171875,1774.949951171875,1774.9000244140625,1774.949951171875,675
2026-09-24 12:51:00+05:30,1774.9000244140625,1774.949951171875,1774.9000244140625,1774.949951171875,38
2026-09-24 12:52:00+05:30,1774.9000244140625,1774.949951171875,1774.800048828125,1774.949951171875,4
2026-09-24 12:53:00+05:30,1774.949951171875,1774.949951171875,1774.949951171875,1774.949951171875,12
2026-09-24 12:54:00+05:30,1774.5,1774.949951171875,1774.5,1774.949951171875,12
2026-09-24 12:55:00+05:30,1774.800048828125,1774.949951171875,1774.800048828125,1774.949951171875,67
2026-09-24 12:56:00+05:30,1774.0,1774.800048828125,1774.0,1774.800048828125,715
2026-09-24 12:57:00+05:30,1774.0,1774.0,1773.300048828125,1774.0,64
2026-09-24 12:58:00+05:30,1773.800048828125,1774.0,1773.449951171875,1774.0,58
2026-09-24 12:59:00+05:30,1773.75,1773.8499755859375,1773.0,1773.0,95
2026-09-24 13:00:00+05:30,1773.6500244140625,1773.6500244140625,1773.5999755859375,1773.5999755859375,14
2026-09-24 13:01:00+05:30,1774.25,1774.25,1772.800048828125,1773.6500244140625,514
2026-09-24 13:02:00+05:30,1774.550048828125,1774.550048828125,1774.300048828125,1774.300048828125,25
2026-09-24 13:03:00+05:30,1774.0,1774.75,1774.0,1774.75,420
2026-09-24 13:04:00+05:30,1774.75,1774.75,1773.949951171875,1774.0,129
2026-09-24 13:05:00+05:30,1774.75,1774.75,1774.0,1774.75,582
2026-09-24 13:06:00+05:30,1774.75,1774.75,1774.550048828125,1774.75,31
2026-09-24 13:07:00+05:30,1774.0,1774.75,1774.0,1774.75,576
2026-09-24 13:08:00+05:30,1774.0,1774.0,1774.0,1774.0,333
2026-09-24 13:09:00+05:30,1774.0,1774.0,1774.0,1774.0,167
2026-09-24 13:10:00+05:30,1774.0,1774.0,1773.9000244140625,1774.0,787
2026-09-24 13:11:00+05:30,1774.0,1774.0,1773.9000244140625,1774.0,114
2026-09-24 13:12:00+05:30,1774.0,1774.0,1773.949951171875,1774.0,225
2026-09-24 13:13:00+05:30,1774.0,1774.0,1773.8499755859375,1774.0,159
2026-09-24 13:14:00+05:30,1775.0,1775.699951171875,1774.0,1774.0,1774
2026-09-24 13:15:00+05:30,1775.0,1775.0,1775.0,1775.0,5
2026-09-24 13:16:00+05:30,1775.6500244140625,1775.6500244140625,1775.0,1775.0,12
2026-09-24 13:17:00+05:30,1775.75,1775.75,1775.75,1775.75,67
2026-09-24 13:18:00+05:30,1775.6500244140625,1775.6500244140625,1775.6500244140625,1775.6500244140625,10
2026-09-24 13:20:00+05:30,1775.0,1775.0,1775.0,1775.0,13
2026-09-24 13:21:00+05:30,1775.0,1775.6500244140625,1775.0,1775.6500244140625,105
2026-09-24 13:22:00+05:30,1775.199951171875,1775.300048828125,1774.3499755859375,1775.300048828125,1093
2026-09-24 13:24:00+05:30,1776.699951171875,1776.8499755859375,1774.6500244140625,1774.6500244140625,6242
2026-09-24 13:26:00+05:30,1773.550048828125,1775.0,1773.550048828125,1775.0,1363
2026-09-24 13:27:00+05:30,1773.0,1774.050048828125,1773.0,1773.550048828125,166
2026-09-24 13:28:00+05:30,1773.3499755859375,1773.699951171875,1773.0,1773.3499755859375,136
2026-09-24 13:29:00+05:30,1773.8499755859375,1773.8499755859375,1773.0,1773.5,774
2026-09-24 13:30:00+05:30,1772.5,1773.8499755859375,1772.5,1773.8499755859375,2095
2026-09-24 13:31:00+05:30,1773.6500244140625,1773.6500244140625,1772.5,1772.5,1323
2026-09-24 13:32:00+05:30,1773.8499755859375,1774.25,1773.0,1773.6500244140625,160
2026-09-24 13:33:00+05:30,1773.800048828125,1774.25,1773.0999755859375,1773.949951171875,142
2026-09-24 13:34:00+05:30,1773.449951171875,1774.8499755859375,1773.0999755859375,1774.0,152
2026-09-24 13:35:00+05:30,1774.300048828125,1774.300048828125,1773.8499755859375,1774.300048828125,98
2026-09-24 13:36:00+05:30,1774.199951171875,1774.8499755859375,1773.0,1774.300048828125,181
2026-09-24 13:37:00+05:30,1773.9000244140625,1774.199951171875,1773.5,1774.199951171875,467
2026-09-24 13:38:00+05:30,1773.0999755859375,1773.449951171875,1772.5,1773.449951171875,53
2026-09-24 13:39:00+05:30,1772.25,1772.949951171875,1771.550048828125,1772.949951171875,179
2026-09-24 13:40:00+05:30,1772.199951171875,1772.300048828125,1771.199951171875,1772.300048828125,139
2026-09-24 13:41:00+05:30,1771.6500244140625,1772.199951171875,1771.199951171875,1771.949951171875,83
2026-09-24 13:42:00+05:30,1771.199951171875,1771.6500244140625,1771.199951171875,1771.6500244140625,15
2026-09-24 13:43:00+05:30,1770.4000244140625,1771.0,1770.199951171875,1771.0,139
2026-09-24 13:44:00+05:30,1769.6500244140625,1770.75,1769.300048828125,1770.75,1170
2026-09-24 13:45:00+05:30,1768.550048828125,1769.3499755859375,1768.449951171875,1769.0,158
2026-09-24 13:46:00+05:30,1766.199951171875,1767.8499755859375,1765.8499755859375,1766.0,794
2026-09-24 13:47:00+05:30,1767.0,1768.1500244140625,1766.9000244140625,1767.199951171875,286
2026-09-24 13:48:00+05:30,1767.0999755859375,1767.0999755859375,1766.1500244140625,1766.800048828125,279
2026-09-24 13:49:00+05:30,1768.199951171875,1768.25,1767.050048828125,1767.25,358
2026-09-24 13:50:00+05:30,1767.699951171875,1768.199951171875,1767.550048828125,1768.199951171875,37
2026-09-24 13:51:00+05:30,1767.0,1767.4000244140625,1767.0,1767.4000244140625,173
2026-09-24 13:52:00+05:30,1766.949951171875,1766.949951171875,1766.1500244140625,1766.1500244140625,129
2026-09-24 13:54:00+05:30,1764.199951171875,1766.0999755859375,1764.199951171875,1766.0999755859375,1055
2026-09-24 13:55:00+05:30,1763.6500244140625,1763.6500244140625,1763.5,1763.550048828125,27
2026-09-24 13:56:00+05:30,1765.199951171875,1765.5999755859375,1762.0,1762.0,780
2026-09-24 13:57:00+05:30,1764.0999755859375,1766.050048828125,1764.0,1765.199951171875,206
2026-09-24 13:58:00+05:30,1764.8499755859375,1765.25,1764.75,1764.75,194
2026-09-24 13:59:00+05:30,1764.75,1765.550048828125,1764.75,1765.550048828125,365
2026-09-24 14:00:00+05:30,1765.9000244140625,1765.9000244140625,1764.800048828125,1764.800048828125,394
2026-09-24 14:01:00+05:30,1765.9000244140625,1765.9000244140625,1765.9000244140625,1765.9000244140625,55
2026-09-24 14:02:00+05:30,1768.6500244140625,1768.6500244140625,1765.8499755859375,1765.9000244140625,1016
2026-09-24 14:03:00+05:30,1768.300048828125,1768.6500244140625,1768.0,1768.6500244140625,121
2026-09-24 14:04:00+05:30,1764.75,1768.4000244140625,1764.0,1768.4000244140625,37
2026-09-24 14:05:00+05:30,1767.5,1767.5,1766.550048828125,1766.550048828125,258
2026-09-24 14:06:00+05:30,1767.0999755859375,1767.550048828125,1766.0,1767.550048828125,181
2026-09-24 14:07:00+05:30,1766.3499755859375,1767.300048828125,1766.1500244140625,1766.550048828125,80
2026-09-24 14:08:00+05:30,1767.4000244140625,1767.449951171875,1766.3499755859375,1766.3499755859375,185
2026-09-24 14:09:00+05:30,1767.550048828125,1767.550048828125,1766.75,1766.800048828125,3
2026-09-24 14:11:00+05:30,1767.0,1767.550048828125,1767.0,1767.550048828125,8
2026-09-24 14:12:00+05:30,1766.0,1766.0,1766.0,1766.0,3
2026-09-24 14:13:00+05:30,1768.050048828125,1768.1500244140625,1766.4000244140625,1766.4000244140625,20
2026-09-24 14:14:00+05:30,1767.449951171875,1767.5,1766.75,1766.75,111
2026-09-24 14:15:00+05:30,1767.75,1767.75,1767.75,1767.75,5
2026-09-24 14:16:00+05:30,1766.4000244140625,1766.949951171875,1765.8499755859375,1766.0,133
2026-09-24 14:17:00+05:30,1765.75,1765.75,1765.0,1765.300048828125,138
2026-09-24 14:18:00+05:30,1766.0999755859375,1767.1500244140625,1765.75,1765.75,741
2026-09-24 14:19:00+05:30,1765.5,1766.0,1765.5,1766.0,14
2026-09-24 14:20:00+05:30,1766.0,1766.0,1765.0,1765.949951171875,568
2026-09-24 14:21:00+05:30,1766.75,1766.75,1765.949951171875,1766.0,326
2026-09-24 14:22:00+05:30,1766.5999755859375,1766.75,1766.3499755859375,1766.75,17
2026-09-24 14:23:00+05:30,1765.3499755859375,1765.3499755859375,1765.3499755859375,1765.3499755859375,8
2026-09-24 14:24:00+05:30,1765.949951171875,1766.800048828125,1764.550048828125,1764.550048828125,199
2026-09-24 14:25:00+05:30,1767.0999755859375,1767.0999755859375,1766.199951171875,1766.199951171875,125
2026-09-24 14:26:00+05:30,1766.300048828125,1767.0999755859375,1766.300048828125,1766.5999755859375,50
2026-09-24 14:27:00+05:30,1766.4000244140625,1767.199951171875,1766.4000244140625,1766.75,104
2026-09-24 14:28:00+05:30,1766.4000244140625,1767.0999755859375,1766.4000244140625,1767.050048828125,50
2026-09-24 14:29:00+05:30,1766.4000244140625,1766.4000244140625,1766.4000244140625,1766.4000244140625,12
2026-09-24 14:30:00+05:30,1767.0,1767.0,1766.0,1766.0,6
2026-09-24 14:31:00+05:30,1766.6500244140625,1766.6500244140625,1765.1500244140625,1765.6500244140625,17
2026-09-24 14:32:00+05:30,1767.4000244140625,1768.6500244140625,1767.4000244140625,1767.949951171875,42
2026-09-24 14:33:00+05:30,1768.0999755859375,1768.0999755859375,1767.5,1767.800048828125,121
2026-09-24 14:34:00+05:30,1768.449951171875,1768.449951171875,1768.0,1768.0999755859375,299
2026-09-24 14:35:00+05:30,1766.5999755859375,1768.449951171875,1766.5999755859375,1768.449951171875,145
2026-09-24 14:36:00+05:30,1768.1500244140625,1768.1500244140625,1767.1500244140625,1767.1500244140625,51
2026-09-24 14:37:00+05:30,1769.0,1769.0,1769.0,1769.0,31
2026-09-24 14:38:00+05:30,1770.0,1770.0,1769.300048828125,1769.300048828125,279
2026-09-24 14:39:00+05:30,1770.5999755859375,1770.5999755859375,1770.25,1770.25,126
2026-09-24 14:40:00+05:30,1770.75,1770.75,1770.75,1770.75,69
2026-09-24 14:41:00+05:30,1770.0,1770.25,1770.0,1770.25,6
2026-09-24 14:42:00+05:30,1770.300048828125,1770.300048828125,1769.3499755859375,1769.3499755859375,130
2026-09-24 14:43:00+05:30,1771.0,1772.050048828125,1769.449951171875,1770.25,2609
2026-09-24 14:44:00+05:30,1771.300048828125,1771.4000244140625,1770.6500244140625,1771.4000244140625,177
2026-09-24 14:45:00+05:30,1771.5999755859375,1771.5999755859375,1771.5,1771.5,146
2026-09-24 14:46:00+05:30,1772.800048828125,1772.800048828125,1771.550048828125,1771.550048828125,2
2026-09-24 14:47:00+05:30,1772.5,1772.5,1771.5999755859375,1771.5999755859375,4
2026-09-24 14:48:00+05:30,1773.75,1773.75,1771.5,1771.5,44
2026-09-24 14:49:00+05:30,1773.5,1773.9000244140625,1772.5999755859375,1772.5999755859375,442
2026-09-24 14:50:00+05:30,1773.3499755859375,1774.3499755859375,1773.3499755859375,1773.9000244140625,628
2026-09-24 14:51:00+05:30,1773.949951171875,1773.949951171875,1773.4000244140625,1773.449951171875,17
2026-09-24 14:52:00+05:30,1774.5999755859375,1774.75,1774.5999755859375,1774.75,56
2026-09-24 14:53:00+05:30,1773.0,1774.5999755859375,1773.0,1773.800048828125,106
2026-09-24 14:54:00+05:30,1773.8499755859375,1774.050048828125,1772.300048828125,1773.6500244140625,48
2026-09-24 14:55:00+05:30,1773.5999755859375,1774.050048828125,1773.5999755859375,1773.9000244140625,250
2026-09-24 14:56:00+05:30,1774.6500244140625,1775.0,1773.5999755859375,1774.050048828125,627
2026-09-24 14:57:00+05:30,1773.699951171875,1775.0,1773.0,1773.0,123
2026-09-24 14:58:00+05:30,1773.0999755859375,1773.0999755859375,1772.75,1772.75,114
2026-09-24 14:59:00+05:30,1771.300048828125,1772.8499755859375,1771.300048828125,1772.300048828125,106
2026-09-24 15:00:00+05:30,1769.9000244140625,1772.25,1769.9000244140625,1772.25,65
2026-09-24 15:01:00+05:30,1771.25,1771.25,1769.6500244140625,1769.9000244140625,394
2026-09-24 15:02:00+05:30,1770.800048828125,1772.3499755859375,1769.0999755859375,1769.0999755859375,500
2026-09-24 15:03:00+05:30,1770.8499755859375,1771.050048828125,1770.0,1770.4000244140625,125
2026-09-24 15:04:00+05:30,1766.0,1770.1500244140625,1766.0,1769.0999755859375,58
2026-09-24 15:05:00+05:30,1769.3499755859375,1769.9000244140625,1769.3499755859375,1769.9000244140625,33
2026-09-24 15:06:00+05:30,1768.8499755859375,1770.949951171875,1768.8499755859375,1770.949951171875,13
2026-09-24 15:07:00+05:30,1770.9000244140625,1770.9000244140625,1770.0,1770.0,5682
2026-09-24 15:08:00+05:30,1770.9000244140625,1770.9000244140625,1770.0,1770.9000244140625,2527
2026-09-24 15:09:00+05:30,1771.4000244140625,1771.4000244140625,1770.0,1770.0,3111
2026-09-24 15:10:00+05:30,1771.4000244140625,1771.4000244140625,1770.0,1770.0,2705
2026-09-24 15:11:00+05:30,1770.0,1770.0,1770.0,1770.0,5
2026-09-24 15:12:00+05:30,1767.949951171875,1769.699951171875,1765.0,1769.699951171875,570
2026-09-24 15:13:00+05:30,1766.1500244140625,1767.0,1765.0,1765.0,505
2026-09-24 15:14:00+05:30,1767.0,1767.0,1764.25,1766.0,47
2026-09-24 15:29:00+05:30,1771.0,1771.0,1771.0,1771.0,1409
