Datetime,Close,High,Low,Open,Volume
2026-08-28 09:15:00+05:30,2004.949951171875,2014.0,2001.5999755859373,2014.0,1532
2026-08-28 09:16:00+05:30,2004.800048828125,2006.800048828125,2002.4000244140625,2004.4000244140625,226
2026-08-28 09:17:00+05:30,2005.050048828125,2006.0,2004.800048828125,2004.800048828125,283
2026-08-28 09:18:00+05:30,2005.300048828125,2005.949951171875,2004.300048828125,2005.949951171875,2219
2026-08-28 09:19:00+05:30,2003.3499755859373,2005.0,2002.5999755859373,2005.0,309
2026-08-28 09:20:00+05:30,2002.0999755859373,2003.300048828125,2001.0,2003.0999755859373,592
2026-08-28 09:21:00+05:30,2000.5,2003.0,1999.0,2002.0,3582
2026-08-28 09:22:00+05:30,2002.0,2002.5999755859373,2001.4000244140625,2001.4000244140625,133
2026-08-28 09:23:00+05:30,2003.0,2003.0,2001.0,2001.5,261
2026-08-28 09:24:00+05:30,2003.75,2003.75,2002.0,2003.0,193
2026-08-28 09:25:00+05:30,2005.0,2005.0,2002.949951171875,2002.949951171875,80
2026-08-28 09:26:00+05:30,2005.449951171875,2006.0,2003.699951171875,2004.0,1142
2026-08-28 09:27:00+05:30,2005.300048828125,2005.300048828125,2004.449951171875,2004.449951171875,58
2026-08-28 09:28:00+05:30,2006.0,2006.050048828125,2006.0,2006.050048828125,15
2026-08-28 09:29:00+05:30,2006.0,2006.0,2005.5999755859373,2005.5999755859373,13
2026-08-28 09:30:00+05:30,2005.5999755859373,2006.0,2005.3499755859373,2006.0,69
2026-08-28 09:31:00+05:30,2005.0999755859373,2005.5999755859373,2004.199951171875,2005.300048828125,122
2026-08-28 09:32:00+05:30,2004.800048828125,2004.800048828125,2004.050048828125,2004.050048828125,37
2026-08-28 09:33:00+05:30,2005.800048828125,2006.449951171875,2004.800048828125,2004.800048828125,31
2026-08-28 09:34:00+05:30,2007.4000244140625,2007.4000244140625,2005.800048828125,2005.9000244140625,50
2026-08-28 09:35:00+05:30,2006.0999755859373,2006.0999755859373,2006.0999755859373,2006.0999755859373,8
2026-08-28 09:36:00+05:30,2006.5,2006.9000244140625,2006.0,2006.9000244140625,12
2026-08-28 09:38:00+05:30,2006.5,2006.5,2006.5,2006.5,12
2026-08-28 09:39:00+05:30,2006.0,2007.199951171875,2006.0,2006.5,28
2026-08-28 09:40:00+05:30,2006.9000244140625,2006.9000244140625,2005.5,2005.9000244140625,38
2026-08-28 09:42:00+05:30,2006.0999755859373,2007.0,2006.0999755859373,2007.0,27
2026-08-28 09:43:00+05:30,2006.5999755859373,2006.5999755859373,2006.5999755859373,2006.5999755859373,31
2026-08-28 09:44:00+05:30,2004.4000244140625,2006.5999755859373,2004.25,2006.5999755859373,1676
2026-08-28 09:45:00+05:30,2004.5999755859373,2004.699951171875,2003.0,2004.699951171875,470
2026-08-28 09:46:00+05:30,2005.0,2005.0,2004.949951171875,2004.949951171875,60
2026-08-28 09:47:00+05:30,2004.0,2004.0,2004.0,2004.0,1
2026-08-28 09:48:00+05:30,2004.0,2004.0,2004.0,2004.0,1
2026-08-28 09:49:00+05:30,2004.699951171875,2004.699951171875,2003.949951171875,2004.699951171875,44
2026-08-28 09:50:00+05:30,2004.199951171875,2004.5999755859373,2004.199951171875,2004.5999755859373,11
2026-08-28 09:51:00+05:30,2004.0,2004.199951171875,2004.0,2004.199951171875,31
2026-08-28 09:52:00+05:30,2003.0,2004.199951171875,2003.0,2004.199951171875,130
2026-08-28 09:53:00+05:30,2004.300048828125,2004.300048828125,2004.0999755859373,2004.0999755859373,12
2026-08-28 09:54:00+05:30,2004.5999755859373,2004.5999755859373,2004.0999755859373,2004.0999755859373,71
2026-08-28 09:55:00+05:30,2004.0,2004.300048828125,2004.0,2004.300048828125,32
2026-08-28 09:56:00+05:30,2004.5999755859373,2004.5999755859373,2004.5,2004.5,26
2026-08-28 09:57:00+05:30,2004.050048828125,2005.050048828125,2004.050048828125,2004.949951171875,8
2026-08-28 09:58:00+05:30,2004.0,2004.0,2004.0,2004.0,4
2026-08-28 09:59:00+05:30,2004.0,2004.5999755859373,2004.0,2004.5999755859373,12
2026-08-28 10:00:00+05:30,2004.0999755859373,2004.0999755859373,2004.0999755859373,2004.0999755859373,15
2026-08-28 10:01:00+05:30,2003.9000244140625,2004.0,2003.9000244140625,2004.0,8
2026-08-28 10:02:00+05:30,2004.0,2004.0,2003.9000244140625,2003.9000244140625,28
2026-08-28 10:03:00+05:30,2004.6500244140625,2004.6500244140625,2003.9000244140625,2004.0,65
2026-08-28 10:04:00+05:30,2004.5,2004.5,2003.9000244140625,2004.0,71
2026-08-28 10:05:00+05:30,2003.9000244140625,2004.300048828125,2003.9000244140625,2004.300048828125,16
2026-08-28 10:06:00+05:30,2003.4000244140625,2003.9000244140625,2003.4000244140625,2003.9000244140625,20
2026-08-28 10:07:00+05:30,2003.9000244140625,2003.9000244140625,2003.9000244140625,2003.9000244140625,2
2026-08-28 10:08:00+05:30,2003.9000244140625,2003.9000244140625,2003.800048828125,2003.800048828125,30
2026-08-28 10:09:00+05:30,2003.9000244140625,2003.9000244140625,2003.9000244140625,2003.9000244140625,9
2026-08-28 10:10:00+05:30,2003.9000244140625,2003.9000244140625,2003.9000244140625,2003.9000244140625,7
2026-08-28 10:11:00+05:30,2003.9000244140625,2003.9000244140625,2003.800048828125,2003.9000244140625,111
2026-08-28 10:12:00+05:30,2005.0,2005.3499755859373,2004.0,2004.0,1299
2026-08-28 10:14:00+05:30,2004.5,2004.699951171875,2003.949951171875,2004.5,86
2026-08-28 10:15:00+05:30,2003.5999755859373,2004.0,2003.5999755859373,2004.0,65
2026-08-28 10:16:00+05:30,2003.449951171875,2004.0999755859373,2003.449951171875,2003.5999755859373,43
2026-08-28 10:17:00+05:30,2004.5999755859373,2005.0,2004.5999755859373,2005.0,23
2026-08-28 10:18:00+05:30,2004.75,2004.800048828125,2003.199951171875,2004.800048828125,47
2026-08-28 10:19:00+05:30,2003.9000244140625,2003.9000244140625,2003.800048828125,2003.800048828125,7
2026-08-28 10:20:00+05:30,2003.800048828125,2004.449951171875,2003.199951171875,2003.9000244140625,87
2026-08-28 10:21:00+05:30,2003.5,2003.5,2003.5,2003.5,8
2026-08-28 10:22:00+05:30,2004.0,2004.0,2004.0,2004.0,3
2026-08-28 10:23:00+05:30,2003.0999755859373,2003.0999755859373,2002.0,2002.9000244140625,799
2026-08-28 10:24:00+05:30,2004.050048828125,2004.050048828125,2004.0,2004.0,53
2026-08-28 10:25:00+05:30,2004.0,2004.0,2004.0,2004.0,1
2026-08-28 10:26:00+05:30,2003.5,2003.5,2003.5,2003.5,20
2026-08-28 10:28:00+05:30,2004.699951171875,2004.699951171875,2004.5,2004.5,5
2026-08-28 10:29:00+05:30,2005.0,2005.0,2005.0,2005.0,42
2026-08-28 10:30:00+05:30,2005.0,2005.0,2004.199951171875,2005.0,18
2026-08-28 10:31:00+05:30,2005.0,2005.0,2005.0,2005.0,2
2026-08-28 10:32:00+05:30,2004.300048828125,2004.300048828125,2004.300048828125,2004.300048828125,13
2026-08-28 10:34:00+05:30,2005.0,2005.0,2005.0,2005.0,4
2026-08-28 10:35:00+05:30,2005.0,2005.0,2005.0,2005.0,47
2026-08-28 10:36:00+05:30,2004.699951171875,2006.0,2004.699951171875,2006.0,25
2026-08-28 10:37:00+05:30,2005.199951171875,2005.199951171875,2005.199951171875,2005.199951171875,15
2026-08-28 10:38:00+05:30,2006.5,2006.5,2004.699951171875,2005.75,30
2026-08-28 10:39:00+05:30,2007.5,2008.0,2006.1500244140625,2007.4000244140625,212
2026-08-28 10:41:00+05:30,2007.0,2007.300048828125,2007.0,2007.300048828125,8
2026-08-28 10:42:00+05:30,2006.5,2007.0,2006.5,2007.0,37
2026-08-28 10:44:00+05:30,2007.25,2007.25,2006.0999755859373,2006.0999755859373,39
2026-08-28 10:45:00+05:30,2006.5,2006.5,2005.8499755859373,2006.5,29
2026-08-28 10:46:00+05:30,2006.9000244140625,2006.9000244140625,2006.0,2006.0,4
2026-08-28 10:47:00+05:30,2006.800048828125,2006.9000244140625,2006.800048828125,2006.9000244140625,7
2026-08-28 10:48:00+05:30,2007.300048828125,2007.4000244140625,2007.300048828125,2007.300048828125,7
2026-08-28 10:50:00+05:30,2007.5,2007.5,2007.5,2007.5,16
2026-08-28 10:51:00+05:30,2007.5,2007.5,2007.5,2007.5,2
2026-08-28 10:52:00+05:30,2008.0,2008.0,2007.5,2007.5,21
2026-08-28 10:53:00+05:30,2007.0999755859373,2007.8499755859373,2007.0999755859373,2007.5,44
2026-08-28 10:54:00+05:30,2007.300048828125,2007.8499755859373,2007.300048828125,2007.8499755859373,12
2026-08-28 10:55:00+05:30,2006.5999755859373,2006.5999755859373,2006.050048828125,2006.050048828125,2
2026-08-28 10:56:00+05:30,2009.0,2009.0,2007.199951171875,2009.0,1249
2026-08-28 10:57:00+05:30,2009.6500244140625,2009.6500244140625,2009.6500244140625,2009.6500244140625,15
2026-08-28 10:58:00+05:30,2009.9000244140625,2010.0,2009.9000244140625,2010.0,7
2026-08-28 10:59:00+05:30,2009.9000244140625,2009.9000244140625,2009.9000244140625,2009.9000244140625,19
2026-08-28 11:00:00+05:30,2010.0,2010.0,2008.5999755859373,2008.5999755859373,150
2026-08-28 11:01:00+05:30,2010.0,2010.0,2010.0,2010.0,12
2026-08-28 11:02:00+05:30,2010.0,2010.0,2009.0999755859373,2010.0,23
2026-08-28 11:03:00+05:30,2010.0,2010.0,2010.0,2010.0,16
2026-08-28 11:04:00+05:30,2009.5,2009.5,2009.300048828125,2009.5,23
2026-08-28 11:05:00+05:30,2009.300048828125,2009.300048828125,2009.300048828125,2009.300048828125,18
2026-08-28 11:06:00+05:30,2009.0,2009.0,2009.0,2009.0,1
2026-08-28 11:07:00+05:30,2009.0,2009.0,2009.0,2009.0,9
2026-08-28 11:08:00+05:30,2009.949951171875,2010.0,2009.199951171875,2009.199951171875,56
2026-08-28 11:09:00+05:30,2009.9000244140625,2009.949951171875,2009.9000244140625,2009.949951171875,13
2026-08-28 11:11:00+05:30,2009.9000244140625,2009.9000244140625,2009.9000244140625,2009.9000244140625,1
2026-08-28 11:12:00+05:30,2008.550048828125,2009.9000244140625,2008.550048828125,2009.199951171875,53
2026-08-28 11:13:00+05:30,2010.0,2010.0,2010.0,2010.0,134
2026-08-28 11:14:00+05:30,2010.0999755859373,2010.0999755859373,2010.0999755859373,2010.0999755859373,2
2026-08-28 11:16:00+05:30,2011.199951171875,2011.25,2011.199951171875,2011.25,6
2026-08-28 11:17:00+05:30,2010.4000244140625,2010.5,2010.4000244140625,2010.5,8
2026-08-28 11:18:00+05:30,2010.0999755859373,2010.300048828125,2010.0999755859373,2010.300048828125,7
2026-08-28 11:19:00+05:30,2010.0999755859373,2010.0999755859373,2010.0999755859373,2010.0999755859373,16
2026-08-28 11:22:00+05:30,2010.0,2010.0,2010.0,2010.0,166
2026-08-28 11:24:00+05:30,2009.5,2009.5,2009.5,2009.5,36
2026-08-28 11:25:00+05:30,2009.5,2009.5,2009.5,2009.5,114
2026-08-28 11:26:00+05:30,2009.0,2009.0,2009.0,2009.0,1
2026-08-28 11:27:00+05:30,2008.9000244140625,2008.9000244140625,2008.9000244140625,2008.9000244140625,25
2026-08-28 11:29:00+05:30,2009.3499755859373,2009.449951171875,2008.0999755859373,2009.449951171875,49
2026-08-28 11:30:00+05:30,2008.050048828125,2008.050048828125,2008.050048828125,2008.050048828125,1
2026-08-28 11:31:00+05:30,2008.0,2009.199951171875,2008.0,2008.050048828125,56
2026-08-28 11:32:00+05:30,2007.800048828125,2007.800048828125,2007.800048828125,2007.800048828125,2
2026-08-28 11:33:00+05:30,2007.0,2007.0,2007.0,2007.0,8
2026-08-28 11:34:00+05:30,2006.0,2006.0,2006.0,2006.0,11
2026-08-28 11:35:00+05:30,2005.0,2006.0,2005.0,2006.0,40
2026-08-28 11:36:00+05:30,2003.0999755859373,2005.0,2003.0999755859373,2005.0,177
2026-08-28 11:37:00+05:30,2002.1500244140625,2003.0999755859373,2002.1500244140625,2003.0,305
2026-08-28 11:38:00+05:30,2003.0,2003.0999755859373,2002.3499755859373,2002.3499755859373,35
2026-08-28 11:39:00+05:30,2003.0,2003.5999755859373,2003.0,2003.0999755859373,97
2026-08-28 11:40:00+05:30,2003.1500244140625,2003.1500244140625,2003.0,2003.0,53
2026-08-28 11:41:00+05:30,2002.9000244140625,2003.0,2002.4000244140625,2002.4000244140625,4
2026-08-28 11:42:00+05:30,2003.0,2003.0,2003.0,2003.0,10
2026-08-28 11:43:00+05:30,2002.050048828125,2003.0,2001.550048828125,2002.4000244140625,45
2026-08-28 11:44:00+05:30,2002.5999755859373,2002.800048828125,2002.5999755859373,2002.699951171875,44
2026-08-28 11:45:00+05:30,2001.550048828125,2001.550048828125,2001.550048828125,2001.550048828125,1
2026-08-28 11:46:00+05:30,2001.5999755859373,2001.5999755859373,2001.5999755859373,2001.5999755859373,6
2026-08-28 11:47:00+05:30,2001.5999755859373,2001.5999755859373,2001.5999755859373,2001.5999755859373,3
2026-08-28 11:48:00+05:30,2002.800048828125,2002.800048828125,2002.800048828125,2002.800048828125,100
2026-08-28 11:49:00+05:30,2003.449951171875,2003.449951171875,2002.0,2002.0,156
2026-08-28 11:50:00+05:30,2003.0,2003.0,2003.0,2003.0,20
2026-08-28 11:52:00+05:30,2003.5999755859373,2003.5999755859373,2003.050048828125,2003.050048828125,19
2026-08-28 11:53:00+05:30,2003.5999755859373,2003.5999755859373,2003.5999755859373,2003.5999755859373,5
2026-08-28 11:54:00+05:30,2003.0,2003.300048828125,2003.0,2003.300048828125,54
2026-08-28 11:55:00+05:30,2002.699951171875,2003.0,2002.699951171875,2003.0,58
2026-08-28 11:56:00+05:30,2002.9000244140625,2002.9000244140625,2002.9000244140625,2002.9000244140625,10
2026-08-28 11:57:00+05:30,2002.9000244140625,2003.050048828125,2002.9000244140625,2002.9000244140625,306
2026-08-28 11:58:00+05:30,2003.0999755859373,2003.0999755859373,2003.050048828125,2003.050048828125,58
2026-08-28 11:59:00+05:30,2002.5999755859373,2002.5999755859373,2002.5999755859373,2002.5999755859373,20
2026-08-28 12:00:00+05:30,2002.8499755859373,2002.8499755859373,2002.0999755859373,2002.0999755859373,52
2026-08-28 12:01:00+05:30,2002.300048828125,2002.300048828125,2001.449951171875,2001.9000244140625,632
2026-08-28 12:02:00+05:30,2002.8499755859373,2002.8499755859373,2002.300048828125,2002.300048828125,110
2026-08-28 12:04:00+05:30,2002.0999755859373,2003.6500244140625,2002.0999755859373,2003.6500244140625,39
2026-08-28 12:05:00+05:30,2003.5,2003.5,2003.5,2003.5,46
2026-08-28 12:06:00+05:30,2005.0,2005.0,2005.0,2005.0,6
2026-08-28 12:07:00+05:30,2004.199951171875,2004.199951171875,2004.199951171875,2004.199951171875,1
2026-08-28 12:08:00+05:30,2005.0,2005.0,2004.9000244140625,2004.9000244140625,14
2026-08-28 12:09:00+05:30,2005.0,2005.0,2005.0,2005.0,2000
2026-08-28 12:10:00+05:30,2003.550048828125,2004.699951171875,2003.550048828125,2004.699951171875,80
2026-08-28 12:11:00+05:30,2003.9000244140625,2003.9000244140625,2002.8499755859373,2003.199951171875,56
2026-08-28 12:13:00+05:30,2003.199951171875,2003.199951171875,2003.199951171875,2003.199951171875,5
2026-08-28 12:14:00+05:30,2003.9000244140625,2003.9000244140625,2003.199951171875,2003.199951171875,38
2026-08-28 12:16:00+05:30,2003.9000244140625,2003.9000244140625,2003.0,2003.0,105
2026-08-28 12:17:00+05:30,2004.0,2004.0,2003.5,2003.9000244140625,30
2026-08-28 12:18:00+05:30,2003.5,2004.3499755859373,2003.5,2003.5,22
2026-08-28 12:19:00+05:30,2004.4000244140625,2004.4000244140625,2004.4000244140625,2004.4000244140625,2
2026-08-28 12:22:00+05:30,2004.4000244140625,2004.4000244140625,2004.4000244140625,2004.4000244140625,12
2026-08-28 12:23:00+05:30,2004.0,2004.8499755859373,2004.0,2004.8499755859373,198
2026-08-28 12:24:00+05:30,2003.5999755859373,2003.5999755859373,2003.5999755859373,2003.5999755859373,10
2026-08-28 12:25:00+05:30,2003.699951171875,2003.699951171875,2003.5999755859373,2003.5999755859373,25
2026-08-28 12:26:00+05:30,2003.300048828125,2003.300048828125,2003.300048828125,2003.300048828125,3
2026-08-28 12:27:00+05:30,2003.050048828125,2003.4000244140625,2003.050048828125,2003.300048828125,76
2026-08-28 12:28:00+05:30,2003.5,2003.5,2003.5,2003.5,1
2026-08-28 12:29:00+05:30,2003.5,2003.5,2003.5,2003.5,15
2026-08-28 12:30:00+05:30,2003.5,2003.5,2003.5,2003.5,1
2026-08-28 12:31:00+05:30,2003.0,2003.0,2003.0,2003.0,11
2026-08-28 12:32:00+05:30,2003.300048828125,2003.300048828125,2003.300048828125,2003.300048828125,16
2026-08-28 12:33:00+05:30,2003.1500244140625,2003.1500244140625,2003.1500244140625,2003.1500244140625,1
2026-08-28 12:38:00+05:30,2002.300048828125,2002.300048828125,2002.0999755859373,2002.0999755859373,16
2026-08-28 12:39:00+05:30,2002.199951171875,2002.199951171875,2002.199951171875,2002.199951171875,8
2026-08-28 12:40:00+05:30,2001.199951171875,2002.199951171875,2001.199951171875,2002.199951171875,229
2026-08-28 12:41:00+05:30,2001.800048828125,2002.0999755859373,2001.800048828125,2001.9000244140625,88
2026-08-28 12:42:00+05:30,2001.5,2001.5,2001.5,2001.5,47
2026-08-28 12:43:00+05:30,2001.5999755859373,2001.5999755859373,2001.5999755859373,2001.5999755859373,28
2026-08-28 12:44:00+05:30,2002.0,2002.0,2001.5,2001.5999755859373,144
2026-08-28 12:45:00+05:30,2001.5,2001.5,2001.4000244140625,2001.4000244140625,49
2026-08-28 12:46:00+05:30,2001.5,2001.5999755859373,2001.5,2001.5999755859373,69
2026-08-28 12:48:00+05:30,2001.5,2001.5,2001.5,2001.5,633
2026-08-28 12:49:00+05:30,2001.5,2001.5,2001.4000244140625,2001.4000244140625,7
2026-08-28 12:50:00+05:30,2001.4000244140625,2001.5999755859373,2001.4000244140625,2001.5,20
2026-08-28 12:51:00+05:30,1998.5,2001.0999755859373,1997.5,2001.0999755859373,6168
2026-08-28 12:52:00+05:30,1999.0,1999.5999755859373,1998.5,1998.5,135
2026-08-28 12:53:00+05:30,1999.300048828125,1999.300048828125,1998.5,1998.5,48
2026-08-28 12:54:00+05:30,1998.5,1999.0,1998.5,1998.5999755859373,407
2026-08-28 12:55:00+05:30,1998.699951171875,1998.699951171875,1998.699951171875,1998.699951171875,1
2026-08-28 12:56:00+05:30,1998.800048828125,1998.800048828125,1998.5999755859373,1998.5999755859373,12
2026-08-28 12:57:00+05:30,1999.5999755859373,1999.5999755859373,1999.5,1999.5999755859373,119
2026-08-28 12:58:00+05:30,1999.300048828125,1999.5,1999.300048828125,1999.5,56
2026-08-28 12:59:00+05:30,1999.699951171875,1999.699951171875,1999.699951171875,1999.699951171875,29
2026-08-28 13:00:00+05:30,1999.300048828125,1999.300048828125,1999.0,1999.0,8
2026-08-28 13:01:00+05:30,1999.4000244140625,1999.4000244140625,1999.0,1999.0,312
2026-08-28 13:02:00+05:30,1999.5999755859373,1999.9000244140625,1999.5999755859373,1999.9000244140625,38
2026-08-28 13:04:00+05:30,1999.5,1999.5999755859373,1999.5,1999.5999755859373,29
2026-08-28 13:05:00+05:30,2000.0999755859373,2000.0999755859373,1999.800048828125,1999.800048828125,26
2026-08-28 13:06:00+05:30,2000.4000244140625,2000.4000244140625,1999.5,2000.0,290
2026-08-28 13:07:00+05:30,2000.0,2000.0,2000.0,2000.0,2
2026-08-28 13:08:00+05:30,2000.0,2000.0,2000.0,2000.0,5
2026-08-28 13:09:00+05:30,2000.0999755859373,2000.0999755859373,2000.0999755859373,2000.0999755859373,110
2026-08-28 13:10:00+05:30,2000.199951171875,2000.199951171875,2000.199951171875,2000.199951171875,47
2026-08-28 13:11:00+05:30,2001.4000244140625,2001.4000244140625,2000.199951171875,2000.199951171875,102
2026-08-28 13:12:00+05:30,2001.0,2001.0,2001.0,2001.0,20
2026-08-28 13:13:00+05:30,2001.199951171875,2001.199951171875,2001.0,2001.0,34
2026-08-28 13:14:00+05:30,2001.199951171875,2001.199951171875,2001.0,2001.0,5
2026-08-28 13:15:00+05:30,2000.5,2001.199951171875,2000.5,2001.199951171875,253
2026-08-28 13:16:00+05:30,2000.8499755859373,2000.8499755859373,1999.949951171875,1999.949951171875,27
2026-08-28 13:17:00+05:30,1999.9000244140625,1999.9000244140625,1999.5,1999.800048828125,100
2026-08-28 13:18:00+05:30,2001.0,2001.0,1999.9000244140625,1999.9000244140625,214
2026-08-28 13:19:00+05:30,2001.5,2001.5,2001.199951171875,2001.199951171875,29
2026-08-28 13:21:00+05:30,2002.300048828125,2002.300048828125,2001.699951171875,2001.699951171875,60
2026-08-28 13:22:00+05:30,2002.199951171875,2002.199951171875,2002.0999755859373,2002.0999755859373,103
2026-08-28 13:23:00+05:30,2001.9000244140625,2003.0999755859373,2001.4000244140625,2002.4000244140625,318
2026-08-28 13:24:00+05:30,2002.199951171875,2002.199951171875,2002.199951171875,2002.199951171875,25
2026-08-28 13:25:00+05:30,2001.300048828125,2001.300048828125,2001.0,2001.0,94
2026-08-28 13:26:00+05:30,2001.300048828125,2001.300048828125,2001.0,2001.300048828125,178
2026-08-28 13:27:00+05:30,2001.300048828125,2001.300048828125,2001.300048828125,2001.300048828125,39
2026-08-28 13:28:00+05:30,2000.0,2001.300048828125,2000.0,2001.300048828125,162
2026-08-28 13:29:00+05:30,1999.800048828125,2000.949951171875,1999.300048828125,2000.0,87
2026-08-28 13:30:00+05:30,1999.75,2000.0999755859373,1999.75,1999.800048828125,55
2026-08-28 13:31:00+05:30,1999.5,1999.5999755859373,1999.5,1999.5999755859373,20
2026-08-28 13:32:00+05:30,1999.199951171875,2002.699951171875,1999.0,1999.5,801
2026-08-28 13:33:00+05:30,1999.9000244140625,1999.9000244140625,1999.199951171875,1999.199951171875,183
2026-08-28 13:34:00+05:30,2000.5,2000.5,1999.800048828125,1999.9000244140625,74
2026-08-28 13:35:00+05:30,2000.0,2000.449951171875,2000.0,2000.449951171875,4
2026-08-28 13:36:00+05:30,2000.0,2000.0,2000.0,2000.0,12
2026-08-28 13:37:00+05:30,2000.300048828125,2000.300048828125,1999.800048828125,2000.0,54
2026-08-28 13:38:00+05:30,2000.4000244140625,2000.4000244140625,2000.0,2000.4000244140625,23
2026-08-28 13:39:00+05:30,2000.5,2000.5,2000.0,2000.0,48
2026-08-28 13:40:00+05:30,2000.0,2000.5,2000.0,2000.5,224
2026-08-28 13:41:00+05:30,2000.0,2000.5,2000.0,2000.5,158
2026-08-28 13:42:00+05:30,2000.5,2000.5,2000.5,2000.5,6
2026-08-28 13:43:00+05:30,2000.5,2000.5,2000.5,2000.5,12
2026-08-28 13:44:00+05:30,2000.5,2000.5,2000.5,2000.5,51
2026-08-28 13:45:00+05:30,2000.5,2000.5,2000.5,2000.5,72
2026-08-28 13:46:00+05:30,2000.800048828125,2000.800048828125,2000.5,2000.5,1162
2026-08-28 13:47:00+05:30,2000.9000244140625,2000.9000244140625,2000.050048828125,2000.050048828125,36
2026-08-28 13:48:00+05:30,2000.0,2000.300048828125,2000.0,2000.0,274
2026-08-28 13:49:00+05:30,2000.300048828125,2000.300048828125,2000.0,2000.300048828125,201
2026-08-28 13:50:00+05:30,2000.199951171875,2000.199951171875,2000.0,2000.0,37
2026-08-28 13:51:00+05:30,1999.8499755859373,2000.199951171875,1999.199951171875,1999.699951171875,631
2026-08-28 13:52:00+05:30,1999.5999755859373,1999.5999755859373,1999.0,1999.050048828125,84
2026-08-28 13:53:00+05:30,2000.0,2000.0999755859373,1999.5999755859373,1999.5999755859373,248
2026-08-28 13:54:00+05:30,2000.199951171875,2000.199951171875,2000.0999755859373,2000.0999755859373,134
2026-08-28 13:55:00+05:30,2000.199951171875,2000.199951171875,2000.199951171875,2000.199951171875,22
2026-08-28 13:56:00+05:30,2000.4000244140625,2000.4000244140625,2000.199951171875,2000.199951171875,93
2026-08-28 13:58:00+05:30,2000.300048828125,2000.300048828125,2000.300048828125,2000.300048828125,2
2026-08-28 13:59:00+05:30,2000.300048828125,2000.4000244140625,2000.300048828125,2000.300048828125,44
2026-08-28 14:00:00+05:30,2000.5999755859373,2000.5999755859373,1999.8499755859373,1999.8499755859373,280
2026-08-28 14:01:00+05:30,2000.0,2000.699951171875,2000.0,2000.5999755859373,36
2026-08-28 14:02:00+05:30,2000.5,2000.5,2000.5,2000.5,107
2026-08-28 14:03:00+05:30,2000.699951171875,2000.699951171875,2000.699951171875,2000.699951171875,2
2026-08-28 14:04:00+05:30,2001.0,2001.0,2000.0,2000.0,288
2026-08-28 14:05:00+05:30,2000.0,2000.0999755859373,2000.0,2000.0999755859373,54
2026-08-28 14:06:00+05:30,2000.5999755859373,2000.5999755859373,2000.0999755859373,2000.0999755859373,8
2026-08-28 14:07:00+05:30,2000.199951171875,2000.199951171875,2000.199951171875,2000.199951171875,6
2026-08-28 14:08:00+05:30,2000.199951171875,2000.300048828125,2000.199951171875,2000.300048828125,16
2026-08-28 14:09:00+05:30,2000.199951171875,2000.199951171875,2000.0,2000.0,3
2026-08-28 14:10:00+05:30,2000.800048828125,2000.800048828125,2000.199951171875,2000.199951171875,17
2026-08-28 14:11:00+05:30,2001.4000244140625,2001.6500244140625,2000.4000244140625,2000.4000244140625,98
2026-08-28 14:12:00+05:30,2001.300048828125,2001.300048828125,2001.0,2001.300048828125,21
2026-08-28 14:13:00+05:30,2001.449951171875,2001.550048828125,2000.6500244140625,2001.0999755859373,55
2026-08-28 14:14:00+05:30,2001.5999755859373,2001.5999755859373,2000.550048828125,2000.800048828125,52
2026-08-28 14:15:00+05:30,2001.8499755859373,2001.8499755859373,2001.5999755859373,2001.5999755859373,35
2026-08-28 14:16:00+05:30,2001.550048828125,2001.550048828125,2001.0,2001.0,120
2026-08-28 14:17:00+05:30,2001.550048828125,2001.550048828125,2000.800048828125,2000.800048828125,100
2026-08-28 14:18:00+05:30,2001.5999755859373,2001.5999755859373,2001.5999755859373,2001.5999755859373,4
2026-08-28 14:19:00+05:30,2000.699951171875,2001.5999755859373,2000.699951171875,2001.5999755859373,62
2026-08-28 14:20:00+05:30,2000.699951171875,2001.199951171875,2000.699951171875,2001.199951171875,23
2026-08-28 14:21:00+05:30,2000.800048828125,2000.800048828125,2000.050048828125,2000.699951171875,51
2026-08-28 14:22:00+05:30,2000.0,2001.0,2000.0,2000.800048828125,45
2026-08-28 14:23:00+05:30,1999.050048828125,2000.8499755859373,1999.050048828125,2000.8499755859373,743
2026-08-28 14:24:00+05:30,1999.9000244140625,2000.0,1998.5,1999.050048828125,452
2026-08-28 14:25:00+05:30,2000.0,2000.0,1999.1500244140625,1999.4000244140625,178
2026-08-28 14:26:00+05:30,1999.300048828125,2000.0999755859373,1999.300048828125,2000.0,108
2026-08-28 14:27:00+05:30,2000.0,2000.4000244140625,2000.0,2000.050048828125,59
2026-08-28 14:28:00+05:30,2000.300048828125,2000.949951171875,2000.300048828125,2000.949951171875,214
2026-08-28 14:29:00+05:30,2000.300048828125,2000.300048828125,2000.300048828125,2000.300048828125,3
2026-08-28 14:30:00+05:30,2000.300048828125,2000.300048828125,2000.300048828125,2000.300048828125,52
2026-08-28 14:31:00+05:30,2000.5999755859373,2000.5999755859373,2000.0999755859373,2000.0999755859373,126
2026-08-28 14:32:00+05:30,2000.050048828125,2000.5,2000.050048828125,2000.050048828125,61
2026-08-28 14:33:00+05:30,2000.0999755859373,2001.0,2000.050048828125,2000.050048828125,49
2026-08-28 14:34:00+05:30,2000.5,2000.5,2000.5,2000.5,21
2026-08-28 14:35:00+05:30,2000.0,2000.4000244140625,2000.0,2000.4000244140625,65
2026-08-28 14:36:00+05:30,2000.300048828125,2000.300048828125,2000.0,2000.0,42
2026-08-28 14:37:00+05:30,2001.0,2001.0,2000.300048828125,2000.300048828125,41
2026-08-28 14:38:00+05:30,2000.300048828125,2000.300048828125,2000.199951171875,2000.199951171875,23
2026-08-28 14:39:00+05:30,2000.0,2000.300048828125,2000.0,2000.300048828125,50
2026-08-28 14:40:00+05:30,1999.75,2000.949951171875,1999.75,2000.199951171875,150
2026-08-28 14:41:00+05:30,2000.0,2000.199951171875,1999.5,1999.5,43
2026-08-28 14:42:00+05:30,2000.0,2000.0,2000.0,2000.0,202
2026-08-28 14:43:00+05:30,2000.0,2000.25,1999.699951171875,1999.699951171875,46
2026-08-28 14:44:00+05:30,2000.4000244140625,2000.4000244140625,1999.5,1999.9000244140625,15
2026-08-28 14:45:00+05:30,1999.0,2000.4000244140625,1999.0,2000.4000244140625,406
2026-08-28 14:46:00+05:30,1999.0,2000.0,1998.6500244140625,1999.0,188
2026-08-28 14:47:00+05:30,1999.5,1999.5,1999.5,1999.5,108
2026-08-28 14:48:00+05:30,1999.5999755859373,1999.5999755859373,1999.1500244140625,1999.5,39
2026-08-28 14:49:00+05:30,2000.0,2000.0,1999.5999755859373,1999.5999755859373,15
2026-08-28 14:50:00+05:30,2000.0,2000.199951171875,1999.5999755859373,2000.0,210
2026-08-28 14:51:00+05:30,2000.0,2000.199951171875,1999.699951171875,1999.699951171875,221
2026-08-28 14:52:00+05:30,2001.4000244140625,2001.4000244140625,2000.0,2000.0,85
2026-08-28 14:53:00+05:30,2001.800048828125,2002.0,2001.4000244140625,2001.4000244140625,204
2026-08-28 14:54:00+05:30,2003.0,2003.5,2003.0,2003.5,1190
2026-08-28 14:55:00+05:30,2003.25,2003.25,2003.25,2003.25,1
2026-08-28 14:56:00+05:30,2003.300048828125,2003.300048828125,2003.300048828125,2003.300048828125,47
2026-08-28 14:57:00+05:30,2004.800048828125,2004.800048828125,2003.300048828125,2003.300048828125,524
2026-08-28 14:58:00+05:30,2004.0999755859373,2005.0,2004.0999755859373,2004.800048828125,203
2026-08-28 14:59:00+05:30,2005.0,2005.0,2005.0,2005.0,12
2026-08-28 15:00:00+05:30,2005.050048828125,2005.050048828125,2003.9000244140625,2004.5999755859373,133
2026-08-28 15:01:00+05:30,2004.5999755859373,2004.5999755859373,2004.5,2004.5,21
2026-08-28 15:02:00+05:30,2003.5999755859373,2004.5,2003.5999755859373,2004.5,116
2026-08-28 15:03:00+05:30,2003.9000244140625,2003.9000244140625,2003.050048828125,2003.050048828125,115
2026-08-28 15:04:00+05:30,2003.9000244140625,2003.9000244140625,2003.5999755859373,2003.5999755859373,28
2026-08-28 15:05:00+05:30,2003.5999755859373,2004.4000244140625,2003.1500244140625,2003.4000244140625,129
2026-08-28 15:06:00+05:30,2003.5999755859373,2003.5999755859373,2002.9000244140625,2002.9000244140625,385
2026-08-28 15:07:00+05:30,2003.300048828125,2004.300048828125,2003.25,2003.5999755859373,161
2026-08-28 15:08:00+05:30,2004.0999755859373,2004.199951171875,2003.9000244140625,2004.199951171875,90
2026-08-28 15:09:00+05:30,2003.800048828125,2004.0999755859373,2003.4000244140625,2003.4000244140625,106
2026-08-28 15:10:00+05:30,2003.0999755859373,2004.0999755859373,2003.0999755859373,2004.0999755859373,155
2026-08-28 15:11:00+05:30,2004.9000244140625,2004.9000244140625,2002.0,2003.800048828125,1436
2026-08-28 15:12:00+05:30,2005.800048828125,2006.5999755859373,2004.3499755859373,2005.0,253
2026-08-28 15:13:00+05:30,2005.0999755859373,2005.800048828125,2005.0999755859373,2005.800048828125,75
2026-08-28 15:14:00+05:30,2001.800048828125,2005.0,2001.800048828125,2005.0,182
2026-08-28 15:28:00+05:30,2010.4000244140625,2010.4000244140625,2010.4000244140625,2010.4000244140625,209
2026-08-31 09:15:00+05:30,1991.5,2001.949951171875,1990.8499755859375,2001.0,1485
2026-08-31 09:16:00+05:30,1994.550048828125,1995.0,1991.0,1991.0,317
2026-08-31 09:17:00+05:30,1991.949951171875,1994.800048828125,1991.050048828125,1994.5,525
2026-08-31 09:18:00+05:30,1991.5999755859375,1992.5,1990.4000244140625,1991.949951171875,549
2026-08-31 09:19:00+05:30,1993.449951171875,1993.800048828125,1992.5,1992.5,182
2026-08-31 09:20:00+05:30,1995.0,1995.0,1992.5,1993.0,207
2026-08-31 09:21:00+05:30,1993.6500244140625,1995.0,1992.0,1994.25,412
2026-08-31 09:22:00+05:30,1994.0999755859375,1994.949951171875,1992.0,1993.050048828125,160
2026-08-31 09:23:00+05:30,1993.0,1994.75,1992.6500244140625,1993.6500244140625,245
2026-08-31 09:24:00+05:30,1996.9000244140625,1996.9000244140625,1993.0,1993.0,151
2026-08-31 09:25:00+05:30,1996.300048828125,1997.0,1995.3499755859375,1996.800048828125,231
2026-08-31 09:26:00+05:30,1996.0,1996.75,1995.5,1996.300048828125,260
2026-08-31 09:27:00+05:30,1996.0,1997.8499755859375,1995.25,1996.0,329
2026-08-31 09:28:00+05:30,1996.4000244140625,1997.300048828125,1995.0,1995.300048828125,248
2026-08-31 09:29:00+05:30,1996.25,1998.0,1996.25,1997.5,409
2026-08-31 09:30:00+05:30,1995.699951171875,1997.1500244140625,1995.699951171875,1997.1500244140625,339
2026-08-31 09:31:00+05:30,1997.949951171875,1997.949951171875,1995.3499755859375,1996.0,168
2026-08-31 09:32:00+05:30,1996.0,1997.300048828125,1995.699951171875,1997.300048828125,109
2026-08-31 09:33:00+05:30,1996.5999755859375,1997.0,1995.699951171875,1995.699951171875,58
2026-08-31 09:34:00+05:30,1996.1500244140625,1996.800048828125,1995.5999755859375,1995.5999755859375,75
2026-08-31 09:35:00+05:30,1995.0,1996.0,1995.0,1995.3499755859375,218
2026-08-31 09:36:00+05:30,1995.8499755859375,1995.8499755859375,1993.550048828125,1995.0,329
2026-08-31 09:37:00+05:30,1995.1500244140625,1996.6500244140625,1995.1500244140625,1995.800048828125,238
2026-08-31 09:38:00+05:30,1996.8499755859375,1996.8499755859375,1994.9000244140625,1995.800048828125,161
2026-08-31 09:39:00+05:30,1994.699951171875,1996.050048828125,1994.5,1996.050048828125,48
2026-08-31 09:40:00+05:30,1994.300048828125,1994.5999755859375,1994.0,1994.5999755859375,96
2026-08-31 09:41:00+05:30,1993.800048828125,1994.300048828125,1993.0,1994.0,340
2026-08-31 09:42:00+05:30,1993.199951171875,1993.5,1991.5999755859375,1993.5,364
2026-08-31 09:43:00+05:30,1992.6500244140625,1993.800048828125,1991.449951171875,1993.5,276
2026-08-31 09:44:00+05:30,1989.199951171875,1992.550048828125,1989.0,1992.0,2149
2026-08-31 09:45:00+05:30,1988.699951171875,1989.5,1988.4000244140625,1989.5,206
2026-08-31 09:46:00+05:30,1989.9000244140625,1989.949951171875,1988.0999755859375,1988.199951171875,433
2026-08-31 09:47:00+05:30,1989.9000244140625,1990.300048828125,1989.75,1989.800048828125,206
2026-08-31 09:48:00+05:30,1990.5,1991.199951171875,1989.5999755859375,1991.1500244140625,152
2026-08-31 09:49:00+05:30,1990.0,1991.199951171875,1990.0,1990.5,148
2026-08-31 09:50:00+05:30,1990.0,1990.75,1989.5999755859375,1989.6500244140625,142
2026-08-31 09:51:00+05:30,1991.0999755859375,1992.0,1990.300048828125,1990.300048828125,116
2026-08-31 09:52:00+05:30,1992.0,1992.0,1990.5,1991.0,71
2026-08-31 09:53:00+05:30,1991.800048828125,1992.0,1991.800048828125,1992.0,23
2026-08-31 09:54:00+05:30,1991.199951171875,1992.0,1991.0999755859375,1991.300048828125,113
2026-08-31 09:55:00+05:30,1991.199951171875,1991.199951171875,1991.0,1991.199951171875,40
2026-08-31 09:56:00+05:30,1991.0,1991.699951171875,1990.0,1991.199951171875,155
2026-08-31 09:57:00+05:30,1990.1500244140625,1990.800048828125,1990.1500244140625,1990.800048828125,30
2026-08-31 09:58:00+05:30,1991.5,1991.5,1990.1500244140625,1990.800048828125,48
2026-08-31 09:59:00+05:30,1991.449951171875,1991.5,1990.199951171875,1991.5,644
2026-08-31 10:00:00+05:30,1992.75,1992.75,1991.4000244140625,1991.4000244140625,98
2026-08-31 10:01:00+05:30,1991.9000244140625,1992.6500244140625,1991.9000244140625,1992.0,56
2026-08-31 10:02:00+05:30,1991.199951171875,1992.0,1991.0,1991.9000244140625,57
2026-08-31 10:03:00+05:30,1991.4000244140625,1991.8499755859375,1990.5,1991.5,166
2026-08-31 10:04:00+05:30,1991.5999755859375,1991.5999755859375,1991.300048828125,1991.300048828125,28
2026-08-31 10:05:00+05:30,1991.4000244140625,1991.5999755859375,1991.4000244140625,1991.5999755859375,4
2026-08-31 10:06:00+05:30,1989.5999755859375,1991.4000244140625,1989.5999755859375,1990.5999755859375,520
2026-08-31 10:07:00+05:30,1990.3499755859375,1990.3499755859375,1988.0999755859375,1989.0999755859375,427
2026-08-31 10:08:00+05:30,1989.6500244140625,1990.949951171875,1989.6500244140625,1990.949951171875,17
2026-08-31 10:09:00+05:30,1990.199951171875,1991.800048828125,1990.1500244140625,1990.8499755859375,58
2026-08-31 10:10:00+05:30,1990.949951171875,1991.199951171875,1989.699951171875,1991.199951171875,70
2026-08-31 10:11:00+05:30,1990.5,1990.800048828125,1989.5999755859375,1990.75,60
2026-08-31 10:12:00+05:30,1989.199951171875,1990.699951171875,1989.0,1990.699951171875,298
2026-08-31 10:13:00+05:30,1989.199951171875,1989.8499755859375,1989.0,1989.199951171875,138
2026-08-31 10:14:00+05:30,1988.9000244140625,1989.0,1988.050048828125,1988.050048828125,49
2026-08-31 10:15:00+05:30,1988.550048828125,1990.1500244140625,1988.550048828125,1989.4000244140625,121
2026-08-31 10:16:00+05:30,1989.0999755859375,1989.449951171875,1988.550048828125,1989.199951171875,133
2026-08-31 10:17:00+05:30,1988.199951171875,1989.4000244140625,1988.199951171875,1989.0999755859375,266
2026-08-31 10:18:00+05:30,1989.25,1989.300048828125,1988.199951171875,1988.9000244140625,74
2026-08-31 10:19:00+05:30,1989.0,1989.449951171875,1988.300048828125,1989.300048828125,62
2026-08-31 10:20:00+05:30,1986.6500244140625,1989.0999755859375,1986.6500244140625,1989.0999755859375,766
2026-08-31 10:21:00+05:30,1988.300048828125,1988.8499755859375,1987.050048828125,1987.050048828125,78
2026-08-31 10:22:00+05:30,1987.449951171875,1988.8499755859375,1987.449951171875,1988.300048828125,54
2026-08-31 10:23:00+05:30,1988.25,1988.699951171875,1987.3499755859375,1988.25,135
2026-08-31 10:24:00+05:30,1988.8499755859375,1988.949951171875,1987.0,1987.9000244140625,195
2026-08-31 10:25:00+05:30,1987.5,1989.199951171875,1987.0,1989.0,185
2026-08-31 10:26:00+05:30,1988.199951171875,1988.9000244140625,1986.550048828125,1986.550048828125,145
2026-08-31 10:27:00+05:30,1989.550048828125,1989.550048828125,1988.199951171875,1988.199951171875,142
2026-08-31 10:28:00+05:30,1989.800048828125,1990.5999755859375,1989.199951171875,1989.199951171875,80
2026-08-31 10:29:00+05:30,1989.9000244140625,1990.5,1989.1500244140625,1990.5,43
2026-08-31 10:30:00+05:30,1989.75,1990.949951171875,1989.75,1989.9000244140625,77
2026-08-31 10:31:00+05:30,1989.800048828125,1990.550048828125,1989.5999755859375,1990.449951171875,74
2026-08-31 10:32:00+05:30,1990.0,1990.300048828125,1989.050048828125,1989.050048828125,156
2026-08-31 10:33:00+05:30,1990.0999755859375,1990.9000244140625,1990.0999755859375,1990.550048828125,153
2026-08-31 10:34:00+05:30,1990.5999755859375,1990.5999755859375,1989.3499755859375,1990.0,164
2026-08-31 10:35:00+05:30,1989.949951171875,1990.25,1989.949951171875,1990.25,46
2026-08-31 10:36:00+05:30,1989.8499755859375,1989.949951171875,1989.0,1989.8499755859375,22
2026-08-31 10:37:00+05:30,1989.050048828125,1989.9000244140625,1989.050048828125,1989.800048828125,45
2026-08-31 10:38:00+05:30,1989.199951171875,1989.9000244140625,1987.5,1989.8499755859375,155
2026-08-31 10:39:00+05:30,1989.3499755859375,1989.75,1988.5999755859375,1989.4000244140625,64
2026-08-31 10:40:00+05:30,1989.0,1989.9000244140625,1989.0,1989.300048828125,47
2026-08-31 10:41:00+05:30,1990.199951171875,1990.199951171875,1989.0,1989.0,284
2026-08-31 10:42:00+05:30,1989.949951171875,1990.0,1989.949951171875,1990.0,20
2026-08-31 10:43:00+05:30,1989.0,1989.949951171875,1989.0,1989.9000244140625,76
2026-08-31 10:44:00+05:30,1989.5,1989.5,1989.0,1989.0,212
2026-08-31 10:45:00+05:30,1991.0,1991.0,1989.949951171875,1989.949951171875,346
2026-08-31 10:46:00+05:30,1991.699951171875,1992.0,1990.699951171875,1992.0,77
2026-08-31 10:47:00+05:30,1991.0,1991.75,1991.0,1991.0999755859375,70
2026-08-31 10:48:00+05:30,1991.6500244140625,1991.9000244140625,1990.9000244140625,1991.9000244140625,40
2026-08-31 10:49:00+05:30,1991.0,1991.6500244140625,1991.0,1991.5,62
2026-08-31 10:50:00+05:30,1990.25,1991.9000244140625,1990.25,1991.5,67
2026-08-31 10:51:00+05:30,1991.0,1991.300048828125,1991.0,1991.300048828125,4
2026-08-31 10:52:00+05:30,1990.5,1991.199951171875,1989.0,1990.5999755859375,700
2026-08-31 10:53:00+05:30,1991.0,1991.0,1990.949951171875,1990.949951171875,7
2026-08-31 10:54:00+05:30,1989.75,1991.199951171875,1989.75,1991.199951171875,173
2026-08-31 10:55:00+05:30,1990.5,1991.0,1989.699951171875,1990.5999755859375,29
2026-08-31 10:56:00+05:30,1990.0,1990.800048828125,1990.0,1990.800048828125,30
2026-08-31 10:57:00+05:30,1989.0,1990.9000244140625,1989.0,1990.9000244140625,146
2026-08-31 10:58:00+05:30,1989.800048828125,1990.0,1989.0,1989.800048828125,36
2026-08-31 10:59:00+05:30,1989.75,1990.300048828125,1989.0,1989.800048828125,125
2026-08-31 11:00:00+05:30,1989.5,1990.3499755859375,1988.699951171875,1989.800048828125,120
2026-08-31 11:01:00+05:30,1990.550048828125,1990.6500244140625,1989.5999755859375,1989.5999755859375,171
2026-08-31 11:02:00+05:30,1990.800048828125,1990.800048828125,1989.4000244140625,1989.550048828125,426
2026-08-31 11:03:00+05:30,1989.800048828125,1990.050048828125,1989.050048828125,1989.050048828125,24
2026-08-31 11:04:00+05:30,1989.699951171875,1989.800048828125,1989.0999755859375,1989.800048828125,12
2026-08-31 11:05:00+05:30,1990.9000244140625,1991.0,1989.699951171875,1989.699951171875,60
2026-08-31 11:06:00+05:30,1990.949951171875,1990.949951171875,1990.9000244140625,1990.9000244140625,2
2026-08-31 11:07:00+05:30,1990.5,1990.949951171875,1990.5,1990.949951171875,2
2026-08-31 11:08:00+05:30,1989.0999755859375,1991.0,1989.0999755859375,1990.050048828125,63
2026-08-31 11:09:00+05:30,1989.9000244140625,1990.75,1989.9000244140625,1990.75,49
2026-08-31 11:10:00+05:30,1991.5,1991.5,1989.9000244140625,1989.9000244140625,325
2026-08-31 11:11:00+05:30,1990.050048828125,1991.449951171875,1990.050048828125,1991.449951171875,15
2026-08-31 11:12:00+05:30,1990.800048828125,1991.0,1989.949951171875,1989.949951171875,230
2026-08-31 11:13:00+05:30,1989.0999755859375,1990.800048828125,1989.0999755859375,1990.800048828125,91
2026-08-31 11:14:00+05:30,1990.5999755859375,1990.5999755859375,1989.199951171875,1990.0999755859375,174
2026-08-31 11:15:00+05:30,1990.449951171875,1990.800048828125,1989.25,1990.4000244140625,27
2026-08-31 11:16:00+05:30,1989.3499755859375,1990.5,1989.0999755859375,1989.0999755859375,66
2026-08-31 11:17:00+05:30,1990.0,1990.0,1989.4000244140625,1989.4000244140625,43
2026-08-31 11:18:00+05:30,1989.949951171875,1989.949951171875,1989.949951171875,1989.949951171875,1
2026-08-31 11:19:00+05:30,1989.0,1990.0,1989.0,1990.0,36
2026-08-31 11:20:00+05:30,1989.5999755859375,1990.300048828125,1989.5999755859375,1989.949951171875,409
2026-08-31 11:21:00+05:30,1989.5999755859375,1989.5999755859375,1989.5999755859375,1989.5999755859375,30
2026-08-31 11:22:00+05:30,1990.1500244140625,1990.1500244140625,1989.199951171875,1989.949951171875,75
2026-08-31 11:23:00+05:30,1990.0,1990.199951171875,1989.0,1990.199951171875,19
2026-08-31 11:24:00+05:30,1990.300048828125,1990.75,1989.449951171875,1990.0,188
2026-08-31 11:25:00+05:30,1989.699951171875,1990.300048828125,1989.699951171875,1990.300048828125,110
2026-08-31 11:26:00+05:30,1990.699951171875,1990.75,1990.449951171875,1990.449951171875,113
2026-08-31 11:27:00+05:30,1988.1500244140625,1989.699951171875,1988.1500244140625,1989.699951171875,234
2026-08-31 11:28:00+05:30,1988.0,1988.9000244140625,1988.0,1988.1500244140625,148
2026-08-31 11:29:00+05:30,1988.75,1990.1500244140625,1987.699951171875,1988.0,157
2026-08-31 11:30:00+05:30,1989.8499755859375,1989.949951171875,1989.8499755859375,1989.949951171875,11
2026-08-31 11:31:00+05:30,1989.8499755859375,1989.8499755859375,1989.8499755859375,1989.8499755859375,81
2026-08-31 11:32:00+05:30,1990.0999755859375,1990.5,1989.8499755859375,1989.949951171875,97
2026-08-31 11:33:00+05:30,1990.25,1990.3499755859375,1989.3499755859375,1989.5,53
2026-08-31 11:34:00+05:30,1990.9000244140625,1991.550048828125,1989.550048828125,1990.5,229
2026-08-31 11:35:00+05:30,1991.0,1991.449951171875,1990.0,1990.5,95
2026-08-31 11:36:00+05:30,1991.0,1991.0,1991.0,1991.0,66
2026-08-31 11:37:00+05:30,1990.0,1991.0,1989.5,1991.0,53
2026-08-31 11:38:00+05:30,1990.3499755859375,1990.550048828125,1988.75,1990.0,213
2026-08-31 11:39:00+05:30,1990.800048828125,1990.949951171875,1989.8499755859375,1990.5999755859375,49
2026-08-31 11:40:00+05:30,1990.699951171875,1990.800048828125,1989.550048828125,1989.699951171875,94
2026-08-31 11:41:00+05:30,1988.5999755859375,1990.8499755859375,1988.5999755859375,1990.8499755859375,79
2026-08-31 11:42:00+05:30,1989.699951171875,1989.699951171875,1989.5,1989.5,17
2026-08-31 11:43:00+05:30,1990.199951171875,1990.199951171875,1990.199951171875,1990.199951171875,11
2026-08-31 11:44:00+05:30,1989.5,1990.25,1989.5,1990.25,30
2026-08-31 11:45:00+05:30,1990.550048828125,1990.550048828125,1990.0,1990.199951171875,47
2026-08-31 11:46:00+05:30,1990.199951171875,1990.199951171875,1990.0,1990.199951171875,7
2026-08-31 11:47:00+05:30,1989.9000244140625,1990.5,1989.9000244140625,1990.5,20
2026-08-31 11:48:00+05:30,1989.5,1990.199951171875,1989.5,1989.9000244140625,101
2026-08-31 11:49:00+05:30,1990.5,1990.5,1989.5,1989.5,49
2026-08-31 11:50:00+05:30,1990.4000244140625,1990.5,1989.5,1989.5,46
2026-08-31 11:51:00+05:30,1990.5,1990.5,1990.4000244140625,1990.4000244140625,59
2026-08-31 11:52:00+05:30,1990.199951171875,1990.449951171875,1989.5,1990.4000244140625,94
2026-08-31 11:53:00+05:30,1990.199951171875,1990.4000244140625,1990.0,1990.0999755859375,31
2026-08-31 11:54:00+05:30,1992.0,1992.0,1990.0,1990.0,236
2026-08-31 11:55:00+05:30,1990.5,1991.6500244140625,1990.5,1991.0,36
2026-08-31 11:56:00+05:30,1992.699951171875,1993.1500244140625,1991.5,1991.5999755859375,174
2026-08-31 11:57:00+05:30,1992.5,1992.5999755859375,1992.5,1992.5999755859375,21
2026-08-31 11:58:00+05:30,1991.8499755859375,1992.699951171875,1991.8499755859375,1992.699951171875,28
2026-08-31 11:59:00+05:30,1991.550048828125,1991.550048828125,1991.0,1991.0,38
2026-08-31 12:00:00+05:30,1991.5,1991.5,1991.0,1991.5,48
2026-08-31 12:01:00+05:30,1991.0,1991.0,1991.0,1991.0,35
2026-08-31 12:02:00+05:30,1990.5,1991.0,1990.5,1990.5,17
2026-08-31 12:03:00+05:30,1992.699951171875,1992.699951171875,1991.0,1991.0,154
2026-08-31 12:04:00+05:30,1994.699951171875,1995.199951171875,1992.5999755859375,1993.1500244140625,446
2026-08-31 12:05:00+05:30,1994.5,1996.0,1994.5,1994.699951171875,81
2026-08-31 12:06:00+05:30,1995.25,1996.5999755859375,1994.0,1995.3499755859375,276
2026-08-31 12:07:00+05:30,1995.5,1995.9000244140625,1995.25,1995.25,18
2026-08-31 12:08:00+05:30,1995.0,1996.0,1995.0,1995.800048828125,134
2026-08-31 12:09:00+05:30,1995.0,1995.5999755859375,1995.0,1995.0,37
2026-08-31 12:10:00+05:30,1995.75,1995.75,1995.0,1995.5,69
2026-08-31 12:11:00+05:30,1996.5999755859375,1996.699951171875,1996.0999755859375,1996.5999755859375,107
2026-08-31 12:12:00+05:30,1995.699951171875,1996.0999755859375,1995.699951171875,1996.0999755859375,4
2026-08-31 12:13:00+05:30,1995.0,1995.0999755859375,1995.0,1995.0999755859375,35
2026-08-31 12:14:00+05:30,1995.5,1996.9000244140625,1994.75,1994.75,220
2026-08-31 12:15:00+05:30,1996.5999755859375,1996.949951171875,1996.5,1996.699951171875,56
2026-08-31 12:16:00+05:30,1997.0,1997.0,1997.0,1997.0,54
2026-08-31 12:17:00+05:30,1996.9000244140625,1997.0,1995.949951171875,1996.9000244140625,23
2026-08-31 12:18:00+05:30,1997.0,1997.0,1996.800048828125,1996.9000244140625,12
2026-08-31 12:19:00+05:30,1998.0,1998.0,1996.699951171875,1997.1500244140625,66
2026-08-31 12:20:00+05:30,1998.0,1998.0,1998.0,1998.0,10
2026-08-31 12:21:00+05:30,1998.9000244140625,1998.9000244140625,1997.6500244140625,1997.699951171875,114
2026-08-31 12:22:00+05:30,1999.8499755859375,1999.8499755859375,1998.0,1998.0,57
2026-08-31 12:23:00+05:30,1998.5999755859375,1998.6500244140625,1998.0,1998.0,40
2026-08-31 12:24:00+05:30,1998.699951171875,1998.699951171875,1998.699951171875,1998.699951171875,6
2026-08-31 12:25:00+05:30,2001.0,2001.0,1998.6500244140625,1998.6500244140625,660
2026-08-31 12:26:00+05:30,2002.25,2002.25,2001.949951171875,2002.0,116
2026-08-31 12:27:00+05:30,2000.75,2001.949951171875,2000.449951171875,2001.949951171875,215
2026-08-31 12:28:00+05:30,2001.75,2001.75,2000.75,2000.75,41
2026-08-31 12:29:00+05:30,2000.5,2001.699951171875,2000.5,2000.75,31
2026-08-31 12:30:00+05:30,2002.1500244140625,2002.1500244140625,2000.9000244140625,2001.699951171875,71
2026-08-31 12:31:00+05:30,2001.050048828125,2002.5,2001.050048828125,2002.199951171875,167
2026-08-31 12:32:00+05:30,2002.0,2002.0,2001.0,2001.0,14
2026-08-31 12:33:00+05:30,2001.5,2002.0,2001.5,2002.0,11
2026-08-31 12:34:00+05:30,2001.949951171875,2001.949951171875,2001.5,2001.5,54
2026-08-31 12:35:00+05:30,2002.0,2002.050048828125,2002.0,2002.050048828125,20
2026-08-31 12:36:00+05:30,2002.5999755859375,2003.0,2001.4000244140625,2001.4000244140625,36
2026-08-31 12:37:00+05:30,2003.0,2003.0,2002.5999755859375,2002.5999755859375,34
2026-08-31 12:38:00+05:30,2002.0999755859375,2003.0,2002.0999755859375,2003.0,114
2026-08-31 12:39:00+05:30,2003.0,2003.0,2001.6500244140625,2003.0,26
2026-08-31 12:40:00+05:30,2002.0,2003.949951171875,2002.0,2003.949951171875,9
2026-08-31 12:42:00+05:30,2002.699951171875,2003.0,2002.0,2003.0,123
2026-08-31 12:43:00+05:30,2002.6500244140625,2002.6500244140625,2002.6500244140625,2002.6500244140625,1
2026-08-31 12:44:00+05:30,2002.550048828125,2002.5999755859375,2001.550048828125,2002.5999755859375,35
2026-08-31 12:45:00+05:30,2002.5999755859375,2002.5999755859375,2001.5,2002.3499755859375,10
2026-08-31 12:47:00+05:30,2001.5999755859375,2001.5999755859375,2001.550048828125,2001.550048828125,14
2026-08-31 12:48:00+05:30,2001.550048828125,2002.550048828125,2001.550048828125,2002.550048828125,12
2026-08-31 12:49:00+05:30,2002.5999755859375,2002.5999755859375,2002.550048828125,2002.550048828125,18
2026-08-31 12:51:00+05:30,2002.5999755859375,2002.5999755859375,2002.300048828125,2002.449951171875,59
2026-08-31 12:52:00+05:30,2002.300048828125,2002.300048828125,2002.300048828125,2002.300048828125,23
2026-08-31 12:53:00+05:30,2002.9000244140625,2002.9000244140625,2002.5999755859375,2002.5999755859375,41
2026-08-31 12:54:00+05:30,2001.949951171875,2001.949951171875,2001.949951171875,2001.949951171875,4
2026-08-31 12:55:00+05:30,2002.8499755859375,2003.0,2002.0,2003.0,30
2026-08-31 12:56:00+05:30,2002.5999755859375,2002.5999755859375,2002.5999755859375,2002.5999755859375,2
2026-08-31 12:57:00+05:30,2002.0,2003.0,2002.0,2003.0,4
2026-08-31 12:58:00+05:30,2002.8499755859375,2003.0,2001.5999755859375,2003.0,31
2026-08-31 12:59:00+05:30,2001.5,2002.75,2001.5,2002.75,72
2026-08-31 13:00:00+05:30,2002.0,2002.699951171875,2001.9000244140625,2001.9000244140625,18
2026-08-31 13:01:00+05:30,2002.0,2002.0,2002.0,2002.0,131
2026-08-31 13:02:00+05:30,2002.0,2002.0,2002.0,2002.0,10
2026-08-31 13:03:00+05:30,2001.6500244140625,2001.6500244140625,2001.6500244140625,2001.6500244140625,20
2026-08-31 13:04:00+05:30,2003.0,2003.0,2003.0,2003.0,3
2026-08-31 13:05:00+05:30,2003.0,2003.0,2003.0,2003.0,7
2026-08-31 13:06:00+05:30,2002.949951171875,2002.949951171875,2001.800048828125,2001.800048828125,12
2026-08-31 13:07:00+05:30,2003.25,2003.25,2003.0,2003.0,65
2026-08-31 13:08:00+05:30,2003.5,2003.5,2003.5,2003.5,6
2026-08-31 13:11:00+05:30,2004.449951171875,2004.449951171875,2003.9000244140625,2003.9000244140625,60
2026-08-31 13:12:00+05:30,2002.3499755859375,2004.199951171875,2002.0999755859375,2002.25,278
2026-08-31 13:13:00+05:30,2003.699951171875,2003.699951171875,2003.699951171875,2003.699951171875,3
2026-08-31 13:14:00+05:30,2004.199951171875,2004.199951171875,2003.0,2003.699951171875,8
2026-08-31 13:15:00+05:30,2002.699951171875,2004.0,2002.699951171875,2004.0,17
2026-08-31 13:16:00+05:30,2004.050048828125,2004.050048828125,2004.050048828125,2004.050048828125,10
2026-08-31 13:18:00+05:30,2004.0,2004.0,2004.0,2004.0,1
2026-08-31 13:19:00+05:30,2003.949951171875,2003.949951171875,2003.949951171875,2003.949951171875,1
2026-08-31 13:20:00+05:30,2003.9000244140625,2003.9000244140625,2003.9000244140625,2003.9000244140625,11
2026-08-31 13:21:00+05:30,2004.0,2004.0,2003.0,2003.0,151
2026-08-31 13:22:00+05:30,2004.9000244140625,2004.9000244140625,2004.9000244140625,2004.9000244140625,5
2026-08-31 13:23:00+05:30,2004.8499755859375,2005.25,2004.8499755859375,2005.0,282
2026-08-31 13:24:00+05:30,2005.699951171875,2006.0,2004.0999755859375,2004.0999755859375,141
2026-08-31 13:25:00+05:30,2004.050048828125,2004.050048828125,2004.050048828125,2004.050048828125,40
2026-08-31 13:26:00+05:30,2004.0,2004.8499755859375,2004.0,2004.8499755859375,47
2026-08-31 13:27:00+05:30,2004.699951171875,2004.949951171875,2004.0,2004.949951171875,111
2026-08-31 13:28:00+05:30,2005.449951171875,2005.449951171875,2005.0999755859375,2005.0999755859375,26
2026-08-31 13:29:00+05:30,2005.0,2005.8499755859375,2005.0,2005.4000244140625,55
2026-08-31 13:30:00+05:30,2004.1500244140625,2005.0,2004.1500244140625,2005.0,25
2026-08-31 13:31:00+05:30,2003.699951171875,2005.0,2003.699951171875,2005.0,36
2026-08-31 13:32:00+05:30,2002.550048828125,2003.949951171875,2002.550048828125,2003.949951171875,401
2026-08-31 13:33:00+05:30,2004.3499755859375,2004.3499755859375,2004.3499755859375,2004.3499755859375,15
2026-08-31 13:34:00+05:30,2004.3499755859375,2004.3499755859375,2002.800048828125,2002.800048828125,22
2026-08-31 13:35:00+05:30,2004.449951171875,2004.449951171875,2004.449951171875,2004.449951171875,11
2026-08-31 13:36:00+05:30,2004.699951171875,2004.699951171875,2004.699951171875,2004.699951171875,1
2026-08-31 13:37:00+05:30,2004.0,2004.449951171875,2004.0,2004.449951171875,5
2026-08-31 13:38:00+05:30,2004.75,2004.75,2004.75,2004.75,5
2026-08-31 13:39:00+05:30,2003.9000244140625,2005.0,2003.9000244140625,2005.0,14
2026-08-31 13:41:00+05:30,2005.0,2005.0,2005.0,2005.0,16
2026-08-31 13:42:00+05:30,2005.300048828125,2005.300048828125,2005.300048828125,2005.300048828125,8
2026-08-31 13:43:00+05:30,2005.0,2005.5999755859375,2005.0,2005.5999755859375,69
2026-08-31 13:44:00+05:30,2005.449951171875,2005.449951171875,2005.449951171875,2005.449951171875,5
2026-08-31 13:45:00+05:30,2005.3499755859375,2005.3499755859375,2005.3499755859375,2005.3499755859375,2
2026-08-31 13:46:00+05:30,2005.3499755859375,2005.3499755859375,2004.25,2004.449951171875,112
2026-08-31 13:47:00+05:30,2004.25,2005.3499755859375,2004.25,2004.449951171875,46
2026-08-31 13:48:00+05:30,2004.449951171875,2004.449951171875,2004.1500244140625,2004.1500244140625,40
2026-08-31 13:49:00+05:30,2005.3499755859375,2005.3499755859375,2004.4000244140625,2005.3499755859375,10
2026-08-31 13:50:00+05:30,2005.3499755859375,2005.3499755859375,2004.300048828125,2004.300048828125,27
2026-08-31 13:52:00+05:30,2005.5,2005.5,2005.0,2005.0,52
2026-08-31 13:53:00+05:30,2004.5,2004.5,2004.5,2004.5,1
2026-08-31 13:54:00+05:30,2005.949951171875,2005.949951171875,2005.5,2005.5,34
2026-08-31 13:55:00+05:30,2005.800048828125,2005.9000244140625,2005.5,2005.5,18
2026-08-31 13:56:00+05:30,2005.0,2005.0,2005.0,2005.0,1
2026-08-31 13:57:00+05:30,2005.0,2005.0,2005.0,2005.0,1
2026-08-31 13:58:00+05:30,2004.0,2005.0,2004.0,2005.0,31
2026-08-31 13:59:00+05:30,2000.800048828125,2004.949951171875,2000.800048828125,2004.949951171875,440
2026-08-31 14:00:00+05:30,2004.0,2004.0,2002.5999755859375,2003.699951171875,133
2026-08-31 14:02:00+05:30,2002.449951171875,2002.5,2001.0999755859375,2002.5,103
2026-08-31 14:03:00+05:30,2000.8499755859375,2002.5999755859375,2000.8499755859375,2002.5999755859375,13
2026-08-31 14:04:00+05:30,2001.199951171875,2001.199951171875,2001.0,2001.0,45
2026-08-31 14:05:00+05:30,2000.5,2001.0999755859375,2000.5,2001.0999755859375,30
2026-08-31 14:06:00+05:30,2000.800048828125,2001.0,2000.800048828125,2001.0,6
2026-08-31 14:07:00+05:30,2001.0999755859375,2001.0999755859375,2001.0999755859375,2001.0999755859375,54
2026-08-31 14:08:00+05:30,2001.0999755859375,2001.0999755859375,2001.0999755859375,2001.0999755859375,161
2026-08-31 14:09:00+05:30,2001.9000244140625,2001.9000244140625,2000.300048828125,2000.300048828125,17
2026-08-31 14:10:00+05:30,2000.550048828125,2003.0,2000.550048828125,2001.800048828125,35
2026-08-31 14:12:00+05:30,2001.699951171875,2001.699951171875,2001.699951171875,2001.699951171875,17
2026-08-31 14:13:00+05:30,2000.5,2001.699951171875,2000.5,2001.699951171875,7
2026-08-31 14:14:00+05:30,2001.199951171875,2001.6500244140625,2000.9000244140625,2001.6500244140625,30
2026-08-31 14:15:00+05:30,2001.949951171875,2001.949951171875,2000.5999755859375,2001.0,13
2026-08-31 14:16:00+05:30,2001.9000244140625,2001.9000244140625,2000.5999755859375,2000.5999755859375,11
2026-08-31 14:17:00+05:30,2002.0,2002.0,2002.0,2002.0,6
2026-08-31 14:18:00+05:30,2001.5999755859375,2002.949951171875,2001.5999755859375,2002.949951171875,38
2026-08-31 14:19:00+05:30,2001.75,2002.949951171875,2001.6500244140625,2002.949951171875,48
2026-08-31 14:20:00+05:30,2002.0,2003.0,2002.0,2003.0,14
2026-08-31 14:21:00+05:30,2002.5999755859375,2003.5,2002.5999755859375,2003.0,16
2026-08-31 14:22:00+05:30,2003.4000244140625,2003.4000244140625,2003.4000244140625,2003.4000244140625,2
2026-08-31 14:23:00+05:30,2003.4000244140625,2003.4000244140625,2003.4000244140625,2003.4000244140625,5
2026-08-31 14:24:00+05:30,2002.0,2003.0,2002.0,2003.0,48
2026-08-31 14:25:00+05:30,2001.0,2001.0,2001.0,2001.0,164
2026-08-31 14:26:00+05:30,2000.699951171875,2000.699951171875,2000.0,2000.5999755859375,137
2026-08-31 14:27:00+05:30,2001.800048828125,2001.949951171875,2001.800048828125,2001.949951171875,6
2026-08-31 14:29:00+05:30,2000.050048828125,2002.0,2000.050048828125,2000.9000244140625,59
2026-08-31 14:30:00+05:30,2001.800048828125,2001.800048828125,2001.1500244140625,2001.1500244140625,3
2026-08-31 14:31:00+05:30,2002.0,2002.0,2000.699951171875,2000.699951171875,436
2026-08-31 14:32:00+05:30,2002.4000244140625,2002.4000244140625,2002.4000244140625,2002.4000244140625,1
2026-08-31 14:33:00+05:30,2001.5999755859375,2002.3499755859375,2001.5999755859375,2002.3499755859375,111
2026-08-31 14:34:00+05:30,2000.449951171875,2001.6500244140625,2000.300048828125,2001.6500244140625,29
2026-08-31 14:35:00+05:30,2001.550048828125,2001.550048828125,2000.800048828125,2000.800048828125,227
2026-08-31 14:36:00+05:30,2001.5999755859375,2001.5999755859375,2001.5,2001.5,39
2026-08-31 14:37:00+05:30,2000.9000244140625,2002.0,2000.9000244140625,2002.0,2
2026-08-31 14:38:00+05:30,2002.0,2002.0,2002.0,2002.0,1
2026-08-31 14:39:00+05:30,2002.0,2002.0,2000.9000244140625,2000.9000244140625,56
2026-08-31 14:40:00+05:30,2002.0,2002.4000244140625,2002.0,2002.0,27
2026-08-31 14:41:00+05:30,2001.0,2002.4000244140625,2001.0,2002.3499755859375,42
2026-08-31 14:42:00+05:30,2003.0,2003.0,2002.3499755859375,2002.3499755859375,62
2026-08-31 14:43:00+05:30,2002.699951171875,2002.9000244140625,2002.699951171875,2002.9000244140625,4
2026-08-31 14:44:00+05:30,2002.300048828125,2002.300048828125,2002.300048828125,2002.300048828125,3
2026-08-31 14:45:00+05:30,2001.5999755859375,2003.0,2001.5999755859375,2002.0,188
2026-08-31 14:46:00+05:30,2005.0,2005.0,2004.199951171875,2004.199951171875,68
2026-08-31 14:47:00+05:30,2003.75,2003.75,2002.5,2002.5,2
2026-08-31 14:49:00+05:30,2003.6500244140625,2003.6500244140625,2003.6500244140625,2003.6500244140625,11
2026-08-31 14:50:00+05:30,2002.050048828125,2003.6500244140625,2002.050048828125,2003.6500244140625,27
2026-08-31 14:51:00+05:30,2002.199951171875,2002.449951171875,2002.199951171875,2002.300048828125,92
2026-08-31 14:52:00+05:30,2002.0,2002.0,2000.800048828125,2002.0,22
2026-08-31 14:53:00+05:30,2002.949951171875,2002.949951171875,2002.949951171875,2002.949951171875,1
2026-08-31 14:54:00+05:30,2003.0,2003.0,2001.949951171875,2001.949951171875,3
2026-08-31 14:55:00+05:30,2002.9000244140625,2003.3499755859375,2001.550048828125,2001.699951171875,184
2026-08-31 14:56:00+05:30,2002.300048828125,2002.449951171875,2002.0,2002.0,123
2026-08-31 14:57:00+05:30,2002.199951171875,2002.5,2000.800048828125,2002.5,16
2026-08-31 14:58:00+05:30,2000.75,2002.199951171875,2000.75,2002.199951171875,9
2026-08-31 14:59:00+05:30,2001.9000244140625,2001.9000244140625,2000.75,2000.75,5
2026-08-31 15:00:00+05:30,2004.0,2004.0,2001.0999755859375,2001.0999755859375,52
2026-08-31 15:01:00+05:30,2005.050048828125,2005.9000244140625,2004.4000244140625,2004.4000244140625,324
2026-08-31 15:02:00+05:30,2005.75,2006.0,2005.300048828125,2005.949951171875,202
2026-08-31 15:03:00+05:30,2004.5,2005.6500244140625,2004.0,2005.6500244140625,70
2026-08-31 15:04:00+05:30,2005.449951171875,2005.800048828125,2005.449951171875,2005.75,14
2026-08-31 15:05:00+05:30,2005.25,2006.0,2004.699951171875,2006.0,126
2026-08-31 15:06:00+05:30,2007.0,2007.0,2006.0,2006.0,121
2026-08-31 15:07:00+05:30,2005.199951171875,2006.75,2004.9000244140625,2006.699951171875,118
2026-08-31 15:08:00+05:30,2004.0,2006.75,2004.0,2006.75,70
2026-08-31 15:09:00+05:30,2004.050048828125,2005.0,2003.949951171875,2003.949951171875,310
2026-08-31 15:10:00+05:30,2004.699951171875,2006.5,2003.5999755859375,2006.5,36
2026-08-31 15:11:00+05:30,2005.0999755859375,2006.5999755859375,2004.050048828125,2004.0999755859375,142
2026-08-31 15:12:00+05:30,2006.550048828125,2008.0,2005.0,2006.199951171875,221
2026-08-31 15:13:00+05:30,2003.5999755859375,2006.699951171875,2003.5999755859375,2006.699951171875,17
2026-08-31 15:14:00+05:30,2007.0,2007.0,2006.0,2006.0,24
2026-08-31 15:28:00+05:30,1995.0,1995.0,1995.0,1995.0,860
2026-09-01 09:15:00+05:30,1999.0,2003.050048828125,1983.1500244140625,1986.0,1586
2026-09-01 09:16:00+05:30,1998.0,2003.300048828125,1998.0,1998.0,1083
2026-09-01 09:17:00+05:30,1997.949951171875,2001.3499755859375,1997.0,1999.0,447
2026-09-01 09:18:00+05:30,1993.25,1999.300048828125,1993.25,1998.0,648
2026-09-01 09:19:00+05:30,1990.0,1995.0999755859375,1990.0,1995.0,1071
2026-09-01 09:20:00+05:30,1988.9000244140625,1991.199951171875,1988.550048828125,1991.199951171875,616
2026-09-01 09:21:00+05:30,1989.5,1990.0,1988.3499755859375,1989.3499755859375,1174
2026-09-01 09:22:00+05:30,1989.699951171875,1991.0,1989.1500244140625,1989.199951171875,600
2026-09-01 09:23:00+05:30,1988.449951171875,1990.4000244140625,1988.3499755859375,1989.699951171875,114
2026-09-01 09:24:00+05:30,1989.8499755859375,1990.0,1984.550048828125,1988.9000244140625,2054
2026-09-01 09:25:00+05:30,1988.449951171875,1989.4000244140625,1986.449951171875,1988.3499755859375,682
2026-09-01 09:26:00+05:30,1989.199951171875,1989.199951171875,1988.199951171875,1989.0,29
2026-09-01 09:27:00+05:30,1988.199951171875,1989.9000244140625,1987.8499755859375,1989.9000244140625,178
2026-09-01 09:28:00+05:30,1988.1500244140625,1989.5,1987.6500244140625,1988.3499755859375,165
2026-09-01 09:29:00+05:30,1988.9000244140625,1990.449951171875,1988.9000244140625,1989.6500244140625,52
2026-09-01 09:30:00+05:30,1991.4000244140625,1992.550048828125,1990.1500244140625,1990.300048828125,256
2026-09-01 09:31:00+05:30,1990.550048828125,1991.8499755859375,1990.4000244140625,1990.4000244140625,25
2026-09-01 09:32:00+05:30,1990.949951171875,1992.0,1989.550048828125,1991.9000244140625,273
2026-09-01 09:33:00+05:30,1988.0,1990.699951171875,1986.8499755859375,1989.050048828125,624
2026-09-01 09:34:00+05:30,1986.699951171875,1987.199951171875,1986.300048828125,1986.8499755859375,31
2026-09-01 09:35:00+05:30,1986.800048828125,1988.0,1986.0,1986.699951171875,430
2026-09-01 09:36:00+05:30,1984.949951171875,1986.4000244140625,1984.0,1986.0,667
2026-09-01 09:37:00+05:30,1984.0,1984.5999755859375,1983.050048828125,1984.5999755859375,1317
2026-09-01 09:38:00+05:30,1983.9000244140625,1984.0,1983.0,1984.0,171
2026-09-01 09:39:00+05:30,1984.0,1985.4000244140625,1983.5,1983.9000244140625,119
2026-09-01 09:40:00+05:30,1983.5999755859375,1985.0,1983.5999755859375,1984.75,118
2026-09-01 09:41:00+05:30,1983.3499755859375,1984.050048828125,1983.0,1984.0,200
2026-09-01 09:42:00+05:30,1984.0999755859375,1984.3499755859375,1982.800048828125,1984.0999755859375,180
2026-09-01 09:43:00+05:30,1983.4000244140625,1984.25,1983.199951171875,1983.199951171875,150
2026-09-01 09:44:00+05:30,1983.0999755859375,1984.0,1982.75,1984.0,71
2026-09-01 09:45:00+05:30,1983.800048828125,1983.800048828125,1983.0,1983.199951171875,59
2026-09-01 09:46:00+05:30,1983.0999755859375,1983.800048828125,1983.0,1983.5,76
2026-09-01 09:47:00+05:30,1983.800048828125,1983.800048828125,1983.800048828125,1983.800048828125,65
2026-09-01 09:48:00+05:30,1984.25,1984.25,1983.800048828125,1983.800048828125,74
2026-09-01 09:49:00+05:30,1984.0999755859375,1985.0,1984.0999755859375,1984.5,39
2026-09-01 09:50:00+05:30,1984.0999755859375,1984.449951171875,1982.800048828125,1984.25,173
2026-09-01 09:51:00+05:30,1983.8499755859375,1984.1500244140625,1982.75,1984.1500244140625,50
2026-09-01 09:52:00+05:30,1983.550048828125,1983.949951171875,1982.75,1983.5999755859375,168
2026-09-01 09:53:00+05:30,1982.699951171875,1983.550048828125,1981.699951171875,1983.449951171875,301
2026-09-01 09:54:00+05:30,1981.699951171875,1983.0999755859375,1981.699951171875,1982.1500244140625,50
2026-09-01 09:55:00+05:30,1981.6500244140625,1982.050048828125,1981.300048828125,1982.050048828125,90
2026-09-01 09:56:00+05:30,1981.8499755859375,1983.25,1981.0,1982.050048828125,233
2026-09-01 09:57:00+05:30,1981.5,1982.550048828125,1981.0,1982.199951171875,99
2026-09-01 09:58:00+05:30,1982.550048828125,1983.0,1981.449951171875,1982.5999755859375,163
2026-09-01 09:59:00+05:30,1982.5,1982.550048828125,1981.699951171875,1982.550048828125,66
2026-09-01 10:00:00+05:30,1982.0,1983.0999755859375,1982.0,1982.199951171875,74
2026-09-01 10:01:00+05:30,1982.5,1982.949951171875,1981.0999755859375,1982.699951171875,450
2026-09-01 10:02:00+05:30,1981.949951171875,1982.4000244140625,1980.0,1982.0,1159
2026-09-01 10:03:00+05:30,1982.300048828125,1983.0999755859375,1981.050048828125,1981.9000244140625,177
2026-09-01 10:04:00+05:30,1982.0,1982.449951171875,1980.75,1981.050048828125,237
2026-09-01 10:05:00+05:30,1981.3499755859375,1982.5,1981.3499755859375,1981.3499755859375,57
2026-09-01 10:06:00+05:30,1980.0999755859375,1981.949951171875,1980.0999755859375,1981.25,127
2026-09-01 10:07:00+05:30,1980.9000244140625,1981.300048828125,1980.0999755859375,1980.0999755859375,221
2026-09-01 10:08:00+05:30,1980.0999755859375,1980.9000244140625,1980.0999755859375,1980.800048828125,184
2026-09-01 10:09:00+05:30,1980.9000244140625,1980.9000244140625,1980.199951171875,1980.9000244140625,55
2026-09-01 10:10:00+05:30,1980.9000244140625,1980.9000244140625,1980.0999755859375,1980.9000244140625,120
2026-09-01 10:11:00+05:30,1981.800048828125,1982.0,1980.25,1980.9000244140625,114
2026-09-01 10:12:00+05:30,1981.75,1981.75,1980.449951171875,1980.449951171875,236
2026-09-01 10:13:00+05:30,1982.3499755859375,1982.3499755859375,1981.9000244140625,1981.9000244140625,29
2026-09-01 10:14:00+05:30,1981.800048828125,1982.699951171875,1981.800048828125,1982.449951171875,158
2026-09-01 10:15:00+05:30,1982.699951171875,1982.699951171875,1981.800048828125,1982.0999755859375,36
2026-09-01 10:16:00+05:30,1981.75,1982.699951171875,1981.5,1982.699951171875,673
2026-09-01 10:17:00+05:30,1981.5999755859375,1982.25,1981.0,1981.199951171875,92
2026-09-01 10:18:00+05:30,1980.6500244140625,1982.1500244140625,1980.6500244140625,1981.8499755859375,108
2026-09-01 10:19:00+05:30,1981.4000244140625,1981.4000244140625,1981.4000244140625,1981.4000244140625,49
2026-09-01 10:20:00+05:30,1981.0999755859375,1982.6500244140625,1981.0,1981.0,330
2026-09-01 10:21:00+05:30,1982.800048828125,1982.800048828125,1982.699951171875,1982.699951171875,7
2026-09-01 10:22:00+05:30,1983.949951171875,1984.25,1982.699951171875,1982.699951171875,104
2026-09-01 10:23:00+05:30,1985.0,1985.0,1983.949951171875,1983.949951171875,17
2026-09-01 10:24:00+05:30,1985.0,1985.0,1983.1500244140625,1984.0,319
2026-09-01 10:25:00+05:30,1985.4000244140625,1985.4000244140625,1984.0,1984.5,173
2026-09-01 10:26:00+05:30,1984.0,1984.8499755859375,1983.300048828125,1983.300048828125,954
2026-09-01 10:27:00+05:30,1985.5999755859375,1985.5999755859375,1983.0,1983.0,320
2026-09-01 10:28:00+05:30,1986.300048828125,1986.300048828125,1986.300048828125,1986.300048828125,52
2026-09-01 10:29:00+05:30,1985.949951171875,1986.300048828125,1985.5999755859375,1986.300048828125,123
2026-09-01 10:30:00+05:30,1984.25,1986.0,1984.1500244140625,1985.5999755859375,125
2026-09-01 10:31:00+05:30,1985.699951171875,1985.699951171875,1985.0,1985.6500244140625,72
2026-09-01 10:32:00+05:30,1986.300048828125,1986.300048828125,1984.199951171875,1984.199951171875,83
2026-09-01 10:33:00+05:30,1987.6500244140625,1987.6500244140625,1985.5,1986.25,43
2026-09-01 10:34:00+05:30,1987.5999755859375,1988.25,1986.25,1986.25,487
2026-09-01 10:35:00+05:30,1987.9000244140625,1987.9000244140625,1985.5,1986.0,535
2026-09-01 10:36:00+05:30,1986.9000244140625,1987.5999755859375,1986.6500244140625,1987.1500244140625,60
2026-09-01 10:37:00+05:30,1986.5999755859375,1986.699951171875,1986.050048828125,1986.050048828125,14
2026-09-01 10:38:00+05:30,1986.0,1986.5999755859375,1986.0,1986.550048828125,13
2026-09-01 10:39:00+05:30,1985.0,1986.0999755859375,1985.0,1985.8499755859375,54
2026-09-01 10:40:00+05:30,1985.0,1986.0,1985.0,1985.1500244140625,11
2026-09-01 10:41:00+05:30,1985.949951171875,1985.949951171875,1985.0,1985.0,39
2026-09-01 10:42:00+05:30,1985.949951171875,1986.0,1985.0,1986.0,73
2026-09-01 10:43:00+05:30,1988.4000244140625,1988.4000244140625,1985.949951171875,1985.949951171875,522
2026-09-01 10:44:00+05:30,1986.8499755859375,1987.949951171875,1986.8499755859375,1986.8499755859375,38
2026-09-01 10:45:00+05:30,1988.3499755859375,1988.3499755859375,1987.800048828125,1988.050048828125,5
2026-09-01 10:46:00+05:30,1988.5999755859375,1988.8499755859375,1987.5,1988.5,25
2026-09-01 10:47:00+05:30,1987.75,1988.5999755859375,1987.75,1988.5999755859375,44
2026-09-01 10:48:00+05:30,1987.5,1988.5999755859375,1987.5,1987.75,19
2026-09-01 10:49:00+05:30,1988.4000244140625,1988.4000244140625,1987.5,1988.4000244140625,38
2026-09-01 10:50:00+05:30,1989.0,1989.0,1987.4000244140625,1988.5,98
2026-09-01 10:51:00+05:30,1989.0,1989.0999755859375,1988.949951171875,1989.0,268
2026-09-01 10:52:00+05:30,1991.25,1991.5999755859375,1989.0,1989.0,30
2026-09-01 10:53:00+05:30,1991.0,1991.0,1989.0999755859375,1991.0,91
2026-09-01 10:54:00+05:30,1991.050048828125,1991.050048828125,1990.0999755859375,1990.0999755859375,138
2026-09-01 10:55:00+05:30,1991.800048828125,1992.800048828125,1990.4000244140625,1991.0,781
2026-09-01 10:56:00+05:30,1991.4000244140625,1992.6500244140625,1991.4000244140625,1992.6500244140625,58
2026-09-01 10:57:00+05:30,1993.9000244140625,1994.449951171875,1992.4000244140625,1992.699951171875,154
2026-09-01 10:58:00+05:30,1992.800048828125,1994.4000244140625,1992.800048828125,1993.0999755859375,58
2026-09-01 10:59:00+05:30,1995.0,1995.0,1993.0,1994.0,68
2026-09-01 11:00:00+05:30,1994.8499755859375,1995.9000244140625,1994.8499755859375,1995.5,127
2026-09-01 11:01:00+05:30,1994.5,1995.1500244140625,1994.5,1994.8499755859375,150
2026-09-01 11:02:00+05:30,1993.4000244140625,1995.0,1993.4000244140625,1995.0,53
2026-09-01 11:03:00+05:30,1993.4000244140625,1994.1500244140625,1993.4000244140625,1993.4000244140625,18
2026-09-01 11:04:00+05:30,1993.0,1993.0,1992.800048828125,1993.0,23
2026-09-01 11:05:00+05:30,1993.050048828125,1993.5,1992.1500244140625,1993.0,151
2026-09-01 11:06:00+05:30,1992.6500244140625,1993.699951171875,1992.6500244140625,1993.050048828125,11
2026-09-01 11:07:00+05:30,1992.6500244140625,1993.699951171875,1992.6500244140625,1993.699951171875,70
2026-09-01 11:08:00+05:30,1993.0,1994.0,1992.800048828125,1993.75,118
2026-09-01 11:09:00+05:30,1994.0,1994.0,1992.9000244140625,1993.0999755859375,120
2026-09-01 11:10:00+05:30,1993.800048828125,1994.0,1993.0999755859375,1994.0,10
2026-09-01 11:11:00+05:30,1992.3499755859375,1994.300048828125,1992.0,1993.0999755859375,382
2026-09-01 11:12:00+05:30,1991.9000244140625,1992.6500244140625,1991.9000244140625,1992.0,14
2026-09-01 11:13:00+05:30,1992.0999755859375,1993.0999755859375,1991.300048828125,1993.0999755859375,63
2026-09-01 11:14:00+05:30,1992.5999755859375,1992.5999755859375,1991.4000244140625,1992.5,149
2026-09-01 11:15:00+05:30,1991.8499755859375,1993.25,1991.8499755859375,1993.0,31
2026-09-01 11:16:00+05:30,1992.199951171875,1992.25,1991.25,1992.0,64
2026-09-01 11:17:00+05:30,1992.0,1992.25,1991.199951171875,1992.25,16
2026-09-01 11:18:00+05:30,1992.25,1992.25,1991.050048828125,1991.050048828125,15
2026-09-01 11:19:00+05:30,1992.0,1992.300048828125,1991.699951171875,1992.0,83
2026-09-01 11:20:00+05:30,1991.949951171875,1992.0,1991.949951171875,1992.0,19
2026-09-01 11:21:00+05:30,1991.800048828125,1992.0,1991.800048828125,1992.0,93
2026-09-01 11:22:00+05:30,1991.0,1991.0,1991.0,1991.0,4
2026-09-01 11:23:00+05:30,1991.0,1992.0,1991.0,1991.800048828125,80
2026-09-01 11:24:00+05:30,1991.0,1991.9000244140625,1991.0,1991.5999755859375,49
2026-09-01 11:25:00+05:30,1991.800048828125,1992.0,1991.800048828125,1992.0,79
2026-09-01 11:26:00+05:30,1992.0,1992.5,1992.0,1992.0,60
2026-09-01 11:27:00+05:30,1993.0,1993.0,1992.199951171875,1992.199951171875,4
2026-09-01 11:28:00+05:30,1992.5999755859375,1993.0,1991.800048828125,1993.0,56
2026-09-01 11:29:00+05:30,1991.6500244140625,1992.5999755859375,1991.6500244140625,1992.5999755859375,63
2026-09-01 11:30:00+05:30,1992.25,1992.5999755859375,1992.25,1992.5999755859375,44
2026-09-01 11:31:00+05:30,1991.699951171875,1993.0,1991.5,1993.0,63
2026-09-01 11:32:00+05:30,1991.449951171875,1992.199951171875,1991.0,1992.199951171875,52
2026-09-01 11:33:00+05:30,1991.0,1992.0,1991.0,1991.0,13
2026-09-01 11:34:00+05:30,1992.8499755859375,1992.8499755859375,1991.699951171875,1991.800048828125,45
2026-09-01 11:35:00+05:30,1991.5999755859375,1991.800048828125,1991.5999755859375,1991.800048828125,12
2026-09-01 11:36:00+05:30,1991.5999755859375,1992.75,1991.5999755859375,1992.4000244140625,25
2026-09-01 11:37:00+05:30,1991.5999755859375,1991.9000244140625,1991.0,1991.9000244140625,8
2026-09-01 11:38:00+05:30,1991.5999755859375,1991.5999755859375,1991.0999755859375,1991.0999755859375,16
2026-09-01 11:39:00+05:30,1991.3499755859375,1991.5999755859375,1990.6500244140625,1991.5999755859375,58
2026-09-01 11:40:00+05:30,1990.1500244140625,1991.300048828125,1990.1500244140625,1991.300048828125,71
2026-09-01 11:41:00+05:30,1990.0,1990.9000244140625,1990.0,1990.9000244140625,19
2026-09-01 11:42:00+05:30,1987.0,1990.4000244140625,1987.0,1990.050048828125,674
2026-09-01 11:43:00+05:30,1988.25,1988.25,1987.0,1987.949951171875,31
2026-09-01 11:44:00+05:30,1988.3499755859375,1988.9000244140625,1987.3499755859375,1987.3499755859375,78
2026-09-01 11:45:00+05:30,1990.699951171875,1990.699951171875,1989.699951171875,1989.699951171875,18
2026-09-01 11:46:00+05:30,1991.800048828125,1991.800048828125,1990.699951171875,1991.0,23
2026-09-01 11:47:00+05:30,1991.6500244140625,1991.8499755859375,1991.0,1991.8499755859375,19
2026-09-01 11:48:00+05:30,1991.6500244140625,1991.6500244140625,1990.6500244140625,1990.6500244140625,66
2026-09-01 11:49:00+05:30,1991.6500244140625,1991.6500244140625,1991.6500244140625,1991.6500244140625,5
2026-09-01 11:50:00+05:30,1991.0999755859375,1991.6500244140625,1990.5,1991.6500244140625,75
2026-09-01 11:51:00+05:30,1990.0,1991.050048828125,1990.0,1991.050048828125,72
2026-09-01 11:52:00+05:30,1990.0,1990.300048828125,1989.449951171875,1989.75,13
2026-09-01 11:53:00+05:30,1989.0,1989.199951171875,1989.0,1989.0,8
2026-09-01 11:54:00+05:30,1989.25,1989.300048828125,1989.0,1989.0,43
2026-09-01 11:55:00+05:30,1988.9000244140625,1988.9000244140625,1988.9000244140625,1988.9000244140625,1
2026-09-01 11:56:00+05:30,1988.0999755859375,1988.9000244140625,1988.0999755859375,1988.5,48
2026-09-01 11:57:00+05:30,1988.699951171875,1988.699951171875,1988.699951171875,1988.699951171875,1
2026-09-01 11:58:00+05:30,1988.5999755859375,1988.9000244140625,1988.5999755859375,1988.9000244140625,7
2026-09-01 11:59:00+05:30,1988.0,1988.9000244140625,1988.0,1988.5999755859375,68
2026-09-01 12:00:00+05:30,1988.550048828125,1989.9000244140625,1988.550048828125,1989.0,175
2026-09-01 12:01:00+05:30,1989.0,1989.0,1989.0,1989.0,23
2026-09-01 12:02:00+05:30,1989.4000244140625,1989.8499755859375,1989.0,1989.0,54
2026-09-01 12:03:00+05:30,1991.199951171875,1991.199951171875,1990.0,1990.0,78
2026-09-01 12:04:00+05:30,1991.6500244140625,1991.6500244140625,1990.050048828125,1990.050048828125,27
2026-09-01 12:05:00+05:30,1992.0,1992.5,1990.8499755859375,1990.8499755859375,524
2026-09-01 12:06:00+05:30,1991.949951171875,1992.0,1990.9000244140625,1991.949951171875,79
2026-09-01 12:07:00+05:30,1990.4000244140625,1991.75,1990.4000244140625,1991.75,64
2026-09-01 12:08:00+05:30,1991.75,1991.75,1991.75,1991.75,1
2026-09-01 12:09:00+05:30,1991.75,1992.3499755859375,1991.75,1992.0,95
2026-09-01 12:10:00+05:30,1992.5,1992.699951171875,1992.5,1992.699951171875,2
2026-09-01 12:11:00+05:30,1992.0,1992.0,1990.9000244140625,1992.0,121
2026-09-01 12:12:00+05:30,1992.0,1992.0,1992.0,1992.0,30
2026-09-01 12:13:00+05:30,1991.699951171875,1993.6500244140625,1991.699951171875,1992.0,599
2026-09-01 12:14:00+05:30,1992.6500244140625,1993.449951171875,1991.25,1991.25,138
2026-09-01 12:15:00+05:30,1993.800048828125,1993.949951171875,1992.449951171875,1992.449951171875,27
2026-09-01 12:16:00+05:30,1993.5,1993.949951171875,1993.0,1993.949951171875,116
2026-09-01 12:17:00+05:30,1993.0999755859375,1993.800048828125,1992.300048828125,1992.300048828125,112
2026-09-01 12:18:00+05:30,1992.1500244140625,1993.449951171875,1992.1500244140625,1993.0,116
2026-09-01 12:19:00+05:30,1993.0,1993.0,1992.800048828125,1992.800048828125,10
2026-09-01 12:20:00+05:30,1992.5999755859375,1992.5999755859375,1992.0,1992.5999755859375,27
2026-09-01 12:21:00+05:30,1992.0,1992.0,1992.0,1992.0,40
2026-09-01 12:22:00+05:30,1992.949951171875,1992.949951171875,1991.800048828125,1991.800048828125,75
2026-09-01 12:23:00+05:30,1992.3499755859375,1992.550048828125,1992.3499755859375,1992.550048828125,3
2026-09-01 12:24:00+05:30,1991.1500244140625,1992.800048828125,1991.1500244140625,1992.199951171875,206
2026-09-01 12:25:00+05:30,1991.9000244140625,1991.9000244140625,1991.1500244140625,1991.1500244140625,20
2026-09-01 12:26:00+05:30,1992.4000244140625,1992.449951171875,1991.199951171875,1992.0,73
2026-09-01 12:27:00+05:30,1992.0,1992.0,1991.25,1991.25,25
2026-09-01 12:28:00+05:30,1992.199951171875,1992.199951171875,1992.0,1992.0,16
2026-09-01 12:29:00+05:30,1992.5,1992.5,1991.699951171875,1992.0,167
2026-09-01 12:30:00+05:30,1991.300048828125,1991.300048828125,1991.199951171875,1991.199951171875,4
2026-09-01 12:31:00+05:30,1991.300048828125,1991.949951171875,1990.699951171875,1991.300048828125,63
2026-09-01 12:32:00+05:30,1991.300048828125,1991.300048828125,1990.800048828125,1991.300048828125,90
2026-09-01 12:33:00+05:30,1991.5,1991.550048828125,1991.300048828125,1991.300048828125,3
2026-09-01 12:34:00+05:30,1991.199951171875,1991.300048828125,1991.199951171875,1991.300048828125,14
2026-09-01 12:35:00+05:30,1990.699951171875,1991.199951171875,1990.699951171875,1991.199951171875,25
2026-09-01 12:36:00+05:30,1991.199951171875,1991.199951171875,1990.699951171875,1990.699951171875,12
2026-09-01 12:37:00+05:30,1991.199951171875,1991.199951171875,1991.199951171875,1991.199951171875,16
2026-09-01 12:38:00+05:30,1991.199951171875,1991.199951171875,1990.699951171875,1991.199951171875,33
2026-09-01 12:39:00+05:30,1992.0,1992.0,1991.300048828125,1991.300048828125,36
2026-09-01 12:40:00+05:30,1991.699951171875,1992.25,1991.699951171875,1992.0,115
2026-09-01 12:41:00+05:30,1991.699951171875,1991.699951171875,1991.699951171875,1991.699951171875,11
2026-09-01 12:42:00+05:30,1991.050048828125,1991.050048828125,1991.0,1991.0,11
2026-09-01 12:43:00+05:30,1991.050048828125,1991.050048828125,1991.050048828125,1991.050048828125,12
2026-09-01 12:44:00+05:30,1991.0,1991.9000244140625,1991.0,1991.9000244140625,229
2026-09-01 12:45:00+05:30,1990.9000244140625,1990.9000244140625,1990.9000244140625,1990.9000244140625,9
2026-09-01 12:46:00+05:30,1990.800048828125,1990.800048828125,1990.0,1990.699951171875,62
2026-09-01 12:47:00+05:30,1990.800048828125,1990.800048828125,1990.800048828125,1990.800048828125,16
2026-09-01 12:48:00+05:30,1991.199951171875,1991.199951171875,1990.050048828125,1990.050048828125,80
2026-09-01 12:49:00+05:30,1990.0,1990.800048828125,1990.0,1990.800048828125,2
2026-09-01 12:50:00+05:30,1989.800048828125,1990.800048828125,1989.5999755859375,1990.800048828125,281
2026-09-01 12:51:00+05:30,1989.3499755859375,1989.5999755859375,1989.3499755859375,1989.5999755859375,40
2026-09-01 12:52:00+05:30,1989.0,1989.0999755859375,1989.0,1989.0999755859375,22
2026-09-01 12:53:00+05:30,1988.75,1988.75,1988.75,1988.75,7
2026-09-01 12:54:00+05:30,1988.5999755859375,1989.800048828125,1988.5999755859375,1989.0999755859375,69
2026-09-01 12:55:00+05:30,1989.199951171875,1989.199951171875,1988.1500244140625,1988.1500244140625,44
2026-09-01 12:56:00+05:30,1988.1500244140625,1989.199951171875,1988.1500244140625,1989.199951171875,19
2026-09-01 12:57:00+05:30,1989.0999755859375,1989.0999755859375,1988.1500244140625,1988.1500244140625,46
2026-09-01 12:58:00+05:30,1990.5,1990.5,1989.0,1989.0,49
2026-09-01 12:59:00+05:30,1989.5,1989.5,1989.5,1989.5,12
2026-09-01 13:00:00+05:30,1990.3499755859375,1990.4000244140625,1990.0,1990.4000244140625,19
2026-09-01 13:01:00+05:30,1990.0,1990.5,1989.449951171875,1990.3499755859375,245
2026-09-01 13:02:00+05:30,1990.3499755859375,1990.449951171875,1989.4000244140625,1990.449951171875,23
2026-09-01 13:03:00+05:30,1990.199951171875,1990.3499755859375,1990.0,1990.3499755859375,12
2026-09-01 13:04:00+05:30,1988.4000244140625,1990.0999755859375,1988.0,1990.0,225
2026-09-01 13:05:00+05:30,1988.949951171875,1988.949951171875,1987.699951171875,1987.699951171875,6
2026-09-01 13:06:00+05:30,1989.300048828125,1989.300048828125,1988.300048828125,1989.300048828125,31
2026-09-01 13:07:00+05:30,1989.199951171875,1990.0,1989.050048828125,1990.0,216
2026-09-01 13:08:00+05:30,1990.0,1990.0,1989.199951171875,1989.300048828125,134
2026-09-01 13:09:00+05:30,1990.0999755859375,1990.0999755859375,1990.0,1990.0999755859375,82
2026-09-01 13:10:00+05:30,1990.0,1990.050048828125,1989.3499755859375,1989.3499755859375,119
2026-09-01 13:11:00+05:30,1989.0999755859375,1989.75,1988.1500244140625,1989.75,110
2026-09-01 13:13:00+05:30,1987.9000244140625,1989.0999755859375,1987.9000244140625,1989.0999755859375,15
2026-09-01 13:14:00+05:30,1988.5999755859375,1988.9000244140625,1988.5999755859375,1988.5999755859375,13
2026-09-01 13:15:00+05:30,1989.0,1989.4000244140625,1987.6500244140625,1987.6500244140625,18
2026-09-01 13:16:00+05:30,1989.0,1989.4000244140625,1988.9000244140625,1989.4000244140625,302
2026-09-01 13:17:00+05:30,1988.0999755859375,1989.0,1988.0999755859375,1989.0,158
2026-09-01 13:19:00+05:30,1990.0,1990.800048828125,1989.300048828125,1989.300048828125,174
2026-09-01 13:20:00+05:30,1991.5,1991.5,1990.050048828125,1990.050048828125,31
2026-09-01 13:21:00+05:30,1991.9000244140625,1991.9000244140625,1991.199951171875,1991.199951171875,46
2026-09-01 13:22:00+05:30,1992.0,1992.0,1991.699951171875,1991.699951171875,11
2026-09-01 13:23:00+05:30,1992.75,1992.9000244140625,1992.0,1992.75,42
2026-09-01 13:24:00+05:30,1992.5999755859375,1992.75,1991.5999755859375,1992.75,205
2026-09-01 13:25:00+05:30,1992.5,1992.5,1992.5,1992.5,2
2026-09-01 13:26:00+05:30,1992.5,1992.5,1992.5,1992.5,7
2026-09-01 13:27:00+05:30,1992.199951171875,1992.199951171875,1992.199951171875,1992.199951171875,5
2026-09-01 13:28:00+05:30,1992.0,1992.0,1991.949951171875,1991.949951171875,8
2026-09-01 13:29:00+05:30,1991.050048828125,1991.0999755859375,1990.9000244140625,1990.9000244140625,38
2026-09-01 13:30:00+05:30,1991.0,1991.0999755859375,1990.0999755859375,1991.0999755859375,17
2026-09-01 13:31:00+05:30,1991.5,1991.949951171875,1990.050048828125,1990.050048828125,84
2026-09-01 13:32:00+05:30,1991.5,1991.9000244140625,1990.75,1991.0,60
2026-09-01 13:33:00+05:30,1992.0,1992.0,1991.699951171875,1991.699951171875,52
2026-09-01 13:34:00+05:30,1992.0,1992.0,1992.0,1992.0,1
2026-09-01 13:35:00+05:30,1992.0,1992.0,1992.0,1992.0,5
2026-09-01 13:36:00+05:30,1991.949951171875,1991.949951171875,1991.9000244140625,1991.9000244140625,6
2026-09-01 13:37:00+05:30,1990.0,1991.1500244140625,1990.0,1991.0,178
2026-09-01 13:38:00+05:30,1990.449951171875,1991.050048828125,1989.449951171875,1991.050048828125,41
2026-09-01 13:39:00+05:30,1990.6500244140625,1990.699951171875,1990.0,1990.0,257
2026-09-01 13:40:00+05:30,1990.0,1990.550048828125,1990.0,1990.550048828125,24
2026-09-01 13:41:00+05:30,1989.0999755859375,1990.5999755859375,1989.0999755859375,1990.5999755859375,114
2026-09-01 13:42:00+05:30,1990.0,1990.449951171875,1990.0,1990.449951171875,25
2026-09-01 13:43:00+05:30,1989.5,1990.4000244140625,1989.5,1990.0,128
2026-09-01 13:44:00+05:30,1991.25,1991.25,1990.3499755859375,1990.3499755859375,242
2026-09-01 13:45:00+05:30,1991.0,1991.5999755859375,1991.0,1991.4000244140625,126
2026-09-01 13:46:00+05:30,1990.5,1990.699951171875,1990.5,1990.699951171875,12
2026-09-01 13:47:00+05:30,1990.5999755859375,1990.800048828125,1990.5,1990.5,32
2026-09-01 13:48:00+05:30,1990.0,1990.0,1990.0,1990.0,5
2026-09-01 13:49:00+05:30,1990.5999755859375,1990.5999755859375,1990.0999755859375,1990.0999755859375,18
2026-09-01 13:50:00+05:30,1987.75,1990.5999755859375,1987.5,1990.5999755859375,147
2026-09-01 13:51:00+05:30,1987.9000244140625,1987.9000244140625,1986.4000244140625,1987.0,86
2026-09-01 13:52:00+05:30,1988.5,1989.5,1987.5999755859375,1987.5999755859375,177
2026-09-01 13:53:00+05:30,1987.5999755859375,1988.4000244140625,1987.5999755859375,1988.4000244140625,14
2026-09-01 13:54:00+05:30,1987.449951171875,1987.699951171875,1986.5,1987.699951171875,24
2026-09-01 13:55:00+05:30,1986.6500244140625,1987.5,1986.550048828125,1987.5,23
2026-09-01 13:56:00+05:30,1988.0,1988.5,1987.5,1987.5,163
2026-09-01 13:57:00+05:30,1989.949951171875,1989.949951171875,1988.1500244140625,1988.9000244140625,21
2026-09-01 13:58:00+05:30,1988.5,1989.0,1988.5,1989.0,29
2026-09-01 13:59:00+05:30,1989.300048828125,1989.300048828125,1989.0,1989.0,8
2026-09-01 14:00:00+05:30,1989.300048828125,1989.5,1988.5999755859375,1988.5999755859375,25
2026-09-01 14:01:00+05:30,1989.050048828125,1989.050048828125,1988.550048828125,1988.550048828125,25
2026-09-01 14:02:00+05:30,1988.5,1989.300048828125,1988.5,1989.300048828125,5
2026-09-01 14:03:00+05:30,1988.0999755859375,1988.300048828125,1988.0,1988.0999755859375,19
2026-09-01 14:04:00+05:30,1988.699951171875,1988.699951171875,1987.9000244140625,1988.449951171875,41
2026-09-01 14:05:00+05:30,1988.0,1988.449951171875,1988.0,1988.449951171875,78
2026-09-01 14:06:00+05:30,1988.0,1988.0,1987.5,1988.0,14
2026-09-01 14:07:00+05:30,1989.5999755859375,1989.5999755859375,1987.9000244140625,1988.0999755859375,209
2026-09-01 14:08:00+05:30,1988.0,1988.3499755859375,1988.0,1988.0,23
2026-09-01 14:09:00+05:30,1987.949951171875,1987.949951171875,1986.75,1987.3499755859375,56
2026-09-01 14:10:00+05:30,1987.5,1987.8499755859375,1987.5,1987.8499755859375,24
2026-09-01 14:11:00+05:30,1988.449951171875,1988.449951171875,1986.0999755859375,1986.0999755859375,523
2026-09-01 14:12:00+05:30,1988.0999755859375,1988.1500244140625,1987.199951171875,1988.1500244140625,84
2026-09-01 14:13:00+05:30,1988.050048828125,1988.050048828125,1988.050048828125,1988.050048828125,20
2026-09-01 14:15:00+05:30,1986.800048828125,1987.5999755859375,1986.800048828125,1987.5999755859375,20
2026-09-01 14:16:00+05:30,1987.8499755859375,1987.8499755859375,1986.75,1987.5999755859375,57
2026-09-01 14:17:00+05:30,1987.0999755859375,1987.4000244140625,1986.800048828125,1987.4000244140625,25
2026-09-01 14:18:00+05:30,1986.0,1987.199951171875,1986.0,1986.300048828125,36
2026-09-01 14:19:00+05:30,1987.1500244140625,1987.199951171875,1987.0,1987.0,7
2026-09-01 14:20:00+05:30,1986.949951171875,1987.1500244140625,1986.0,1987.1500244140625,76
2026-09-01 14:21:00+05:30,1986.949951171875,1986.949951171875,1986.9000244140625,1986.9000244140625,14
2026-09-01 14:22:00+05:30,1986.449951171875,1986.9000244140625,1986.050048828125,1986.050048828125,44
2026-09-01 14:23:00+05:30,1984.699951171875,1986.0,1984.0,1986.0,999
2026-09-01 14:24:00+05:30,1985.25,1985.25,1984.699951171875,1984.699951171875,113
2026-09-01 14:25:00+05:30,1985.0,1986.25,1984.800048828125,1986.25,118
2026-09-01 14:26:00+05:30,1984.75,1986.1500244140625,1984.199951171875,1986.1500244140625,836
2026-09-01 14:27:00+05:30,1985.699951171875,1985.800048828125,1984.800048828125,1985.800048828125,50
2026-09-01 14:28:00+05:30,1985.800048828125,1985.800048828125,1985.550048828125,1985.5999755859375,37
2026-09-01 14:29:00+05:30,1986.5,1986.5,1986.1500244140625,1986.1500244140625,72
2026-09-01 14:30:00+05:30,1986.949951171875,1986.949951171875,1986.5,1986.5,128
2026-09-01 14:31:00+05:30,1986.300048828125,1986.300048828125,1984.949951171875,1986.0,139
2026-09-01 14:32:00+05:30,1986.300048828125,1986.3499755859375,1986.300048828125,1986.300048828125,11
2026-09-01 14:33:00+05:30,1985.699951171875,1986.300048828125,1984.5,1986.300048828125,15
2026-09-01 14:34:00+05:30,1986.949951171875,1986.949951171875,1985.8499755859375,1985.8499755859375,1027
2026-09-01 14:35:00+05:30,1987.75,1987.75,1986.3499755859375,1986.949951171875,113
2026-09-01 14:36:00+05:30,1987.1500244140625,1987.199951171875,1986.300048828125,1986.300048828125,20
2026-09-01 14:37:00+05:30,1986.550048828125,1987.199951171875,1986.550048828125,1987.0,12
2026-09-01 14:38:00+05:30,1986.0,1986.4000244140625,1986.0,1986.4000244140625,41
2026-09-01 14:39:00+05:30,1986.0,1986.75,1985.4000244140625,1986.0,124
2026-09-01 14:40:00+05:30,1985.050048828125,1986.0999755859375,1985.0,1986.0,55
2026-09-01 14:41:00+05:30,1985.0999755859375,1986.199951171875,1985.0,1985.0,81
2026-09-01 14:42:00+05:30,1985.9000244140625,1985.9000244140625,1985.050048828125,1985.9000244140625,5
2026-09-01 14:43:00+05:30,1985.5,1985.699951171875,1984.550048828125,1985.050048828125,47
2026-09-01 14:44:00+05:30,1984.550048828125,1984.699951171875,1984.0,1984.25,385
2026-09-01 14:45:00+05:30,1985.4000244140625,1985.4000244140625,1984.0,1984.5,100
2026-09-01 14:46:00+05:30,1985.300048828125,1985.699951171875,1984.0,1985.4000244140625,199
2026-09-01 14:47:00+05:30,1984.699951171875,1985.0999755859375,1984.199951171875,1985.0999755859375,138
2026-09-01 14:48:00+05:30,1984.9000244140625,1985.300048828125,1984.5,1985.300048828125,40
2026-09-01 14:49:00+05:30,1986.4000244140625,1986.699951171875,1984.5999755859375,1984.5999755859375,447
2026-09-01 14:50:00+05:30,1986.25,1986.75,1985.0,1985.199951171875,246
2026-09-01 14:51:00+05:30,1986.199951171875,1986.4000244140625,1985.050048828125,1985.199951171875,99
2026-09-01 14:52:00+05:30,1985.9000244140625,1986.1500244140625,1985.1500244140625,1985.25,193
2026-09-01 14:53:00+05:30,1985.25,1985.5999755859375,1984.800048828125,1985.5999755859375,88
2026-09-01 14:54:00+05:30,1985.0,1985.5,1984.550048828125,1985.199951171875,149
2026-09-01 14:55:00+05:30,1985.9000244140625,1986.1500244140625,1985.0,1985.0,88
2026-09-01 14:56:00+05:30,1986.0,1986.300048828125,1985.9000244140625,1986.1500244140625,47
2026-09-01 14:57:00+05:30,1985.0,1986.0,1985.0,1986.0,152
2026-09-01 14:58:00+05:30,1985.0999755859375,1986.4000244140625,1985.0,1985.0,166
2026-09-01 14:59:00+05:30,1985.0,1985.0999755859375,1985.0,1985.0,25
2026-09-01 15:00:00+05:30,1984.699951171875,1984.9000244140625,1983.6500244140625,1984.9000244140625,656
2026-09-01 15:01:00+05:30,1985.0,1985.4000244140625,1984.5999755859375,1984.5999755859375,153
2026-09-01 15:02:00+05:30,1984.699951171875,1985.0,1984.699951171875,1985.0,16
2026-09-01 15:03:00+05:30,1983.1500244140625,1984.699951171875,1983.1500244140625,1984.699951171875,187
2026-09-01 15:04:00+05:30,1983.8499755859375,1984.4000244140625,1982.699951171875,1984.050048828125,337
2026-09-01 15:05:00+05:30,1983.5,1983.699951171875,1982.6500244140625,1982.6500244140625,217
2026-09-01 15:06:00+05:30,1983.25,1983.300048828125,1982.0,1982.550048828125,197
2026-09-01 15:07:00+05:30,1982.5999755859375,1983.300048828125,1982.550048828125,1983.300048828125,79
2026-09-01 15:08:00+05:30,1983.0999755859375,1983.0999755859375,1982.0,1982.5999755859375,791
2026-09-01 15:09:00+05:30,1983.25,1983.4000244140625,1983.25,1983.25,219
2026-09-01 15:10:00+05:30,1983.9000244140625,1983.9000244140625,1983.25,1983.3499755859375,487
2026-09-01 15:11:00+05:30,1985.5,1986.0999755859375,1984.5999755859375,1984.5999755859375,77
2026-09-01 15:12:00+05:30,1985.4000244140625,1986.5,1985.0,1986.0,290
2026-09-01 15:13:00+05:30,1986.199951171875,1986.199951171875,1983.8499755859375,1985.4000244140625,72
2026-09-01 15:14:00+05:30,1987.0,1987.0,1983.75,1983.75,413
2026-09-01 15:28:00+05:30,1995.0,1995.0,1995.0,1995.0,126
2026-09-02 09:15:00+05:30,1974.4000244140625,1981.199951171875,1974.4000244140625,1980.5999755859375,1588
2026-09-02 09:16:00+05:30,1973.4000244140625,1977.5,1973.3499755859375,1974.75,869
2026-09-02 09:17:00+05:30,1972.300048828125,1973.699951171875,1969.300048828125,1973.699951171875,1831
2026-09-02 09:18:00+05:30,1974.0,1974.1500244140625,1971.0,1972.0,620
2026-09-02 09:19:00+05:30,1973.8499755859375,1975.949951171875,1972.550048828125,1975.699951171875,186
2026-09-02 09:20:00+05:30,1975.550048828125,1976.699951171875,1972.6500244140625,1973.8499755859375,575
2026-09-02 09:21:00+05:30,1975.9000244140625,1976.5,1975.050048828125,1975.550048828125,99
2026-09-02 09:22:00+05:30,1976.199951171875,1977.25,1975.25,1976.0,597
2026-09-02 09:23:00+05:30,1974.0,1976.199951171875,1973.0,1976.199951171875,262
2026-09-02 09:24:00+05:30,1974.800048828125,1974.800048828125,1971.699951171875,1974.0,364
2026-09-02 09:25:00+05:30,1976.75,1976.75,1974.800048828125,1975.0999755859375,125
2026-09-02 09:26:00+05:30,1975.9000244140625,1976.4000244140625,1975.25,1976.0999755859375,64
2026-09-02 09:27:00+05:30,1976.699951171875,1977.300048828125,1975.550048828125,1976.0,239
2026-09-02 09:28:00+05:30,1977.050048828125,1977.9000244140625,1976.0,1977.0,740
2026-09-02 09:29:00+05:30,1976.0999755859375,1977.199951171875,1976.0,1976.0,102
2026-09-02 09:30:00+05:30,1976.300048828125,1977.1500244140625,1975.800048828125,1977.0,160
2026-09-02 09:31:00+05:30,1977.300048828125,1977.300048828125,1975.8499755859375,1976.9000244140625,180
2026-09-02 09:32:00+05:30,1977.449951171875,1977.449951171875,1975.8499755859375,1977.4000244140625,214
2026-09-02 09:33:00+05:30,1977.0,1977.449951171875,1975.949951171875,1977.0,85
2026-09-02 09:34:00+05:30,1977.0,1977.0,1976.25,1976.800048828125,68
2026-09-02 09:35:00+05:30,1977.949951171875,1978.0,1977.4000244140625,1978.0,179
2026-09-02 09:36:00+05:30,1977.4000244140625,1977.75,1976.25,1977.5,261
2026-09-02 09:37:00+05:30,1976.550048828125,1977.75,1976.4000244140625,1977.0,49
2026-09-02 09:38:00+05:30,1977.5,1977.75,1976.8499755859375,1977.4000244140625,24
2026-09-02 09:39:00+05:30,1975.75,1977.5,1975.75,1977.5,229
2026-09-02 09:40:00+05:30,1977.699951171875,1977.699951171875,1976.050048828125,1976.050048828125,69
2026-09-02 09:41:00+05:30,1980.0,1980.0,1977.199951171875,1977.199951171875,501
2026-09-02 09:42:00+05:30,1979.25,1980.0,1978.25,1980.0,295
2026-09-02 09:43:00+05:30,1978.25,1979.25,1978.25,1979.25,117
2026-09-02 09:44:00+05:30,1977.0999755859375,1979.050048828125,1975.699951171875,1978.0999755859375,459
2026-09-02 09:45:00+05:30,1975.0,1976.5999755859375,1975.0,1975.5,128
2026-09-02 09:46:00+05:30,1974.0,1975.5999755859375,1974.0,1975.0,730
2026-09-02 09:47:00+05:30,1973.199951171875,1974.75,1973.0,1974.75,609
2026-09-02 09:48:00+05:30,1973.199951171875,1973.199951171875,1972.4000244140625,1973.199951171875,456
2026-09-02 09:49:00+05:30,1974.0,1974.0,1973.0,1973.0999755859375,60
2026-09-02 09:50:00+05:30,1975.0,1975.0,1973.300048828125,1974.0,238
2026-09-02 09:51:00+05:30,1974.9000244140625,1974.9000244140625,1973.75,1974.6500244140625,73
2026-09-02 09:52:00+05:30,1974.9000244140625,1974.9000244140625,1974.8499755859375,1974.9000244140625,21
2026-09-02 09:53:00+05:30,1975.0,1975.0,1974.9000244140625,1974.9000244140625,28
2026-09-02 09:54:00+05:30,1975.8499755859375,1976.0,1974.800048828125,1975.4000244140625,119
2026-09-02 09:55:00+05:30,1974.6500244140625,1975.9000244140625,1974.6500244140625,1975.9000244140625,34
2026-09-02 09:56:00+05:30,1975.949951171875,1975.949951171875,1975.8499755859375,1975.8499755859375,6
2026-09-02 09:57:00+05:30,1976.800048828125,1976.800048828125,1974.699951171875,1975.9000244140625,71
2026-09-02 09:58:00+05:30,1976.4000244140625,1976.9000244140625,1976.199951171875,1976.9000244140625,37
2026-09-02 09:59:00+05:30,1974.5,1976.4000244140625,1974.5,1976.4000244140625,261
2026-09-02 10:00:00+05:30,1976.4000244140625,1976.4000244140625,1975.0,1975.5,110
2026-09-02 10:01:00+05:30,1976.050048828125,1976.800048828125,1975.5,1976.0,93
2026-09-02 10:02:00+05:30,1976.0,1976.5,1975.5,1976.5,35
2026-09-02 10:03:00+05:30,1975.0,1976.0,1975.0,1975.800048828125,144
2026-09-02 10:04:00+05:30,1975.9000244140625,1975.9000244140625,1974.949951171875,1975.5999755859375,219
2026-09-02 10:05:00+05:30,1976.3499755859375,1976.3499755859375,1975.0,1975.800048828125,215
2026-09-02 10:06:00+05:30,1974.949951171875,1976.3499755859375,1974.949951171875,1976.3499755859375,196
2026-09-02 10:07:00+05:30,1975.800048828125,1975.8499755859375,1975.0,1975.800048828125,74
2026-09-02 10:08:00+05:30,1973.300048828125,1975.699951171875,1973.300048828125,1975.0,167
2026-09-02 10:09:00+05:30,1974.300048828125,1974.550048828125,1973.300048828125,1974.550048828125,279
2026-09-02 10:10:00+05:30,1974.0999755859375,1974.0999755859375,1973.0,1973.300048828125,81
2026-09-02 10:11:00+05:30,1972.5,1974.0,1972.0,1974.0,179
2026-09-02 10:12:00+05:30,1972.0,1972.5,1972.0,1972.199951171875,178
2026-09-02 10:13:00+05:30,1973.699951171875,1973.699951171875,1971.5,1972.0,71
2026-09-02 10:14:00+05:30,1973.1500244140625,1973.6500244140625,1972.699951171875,1973.0,84
2026-09-02 10:15:00+05:30,1972.0999755859375,1973.199951171875,1972.050048828125,1972.699951171875,154
2026-09-02 10:16:00+05:30,1972.199951171875,1972.75,1972.050048828125,1972.050048828125,200
2026-09-02 10:17:00+05:30,1972.0,1973.1500244140625,1972.0,1972.199951171875,83
2026-09-02 10:18:00+05:30,1972.199951171875,1972.25,1971.300048828125,1972.0,65
2026-09-02 10:19:00+05:30,1971.699951171875,1972.3499755859375,1971.699951171875,1971.699951171875,51
2026-09-02 10:20:00+05:30,1972.5,1972.5,1971.5,1971.699951171875,61
2026-09-02 10:21:00+05:30,1972.800048828125,1973.6500244140625,1972.0,1973.0,117
2026-09-02 10:22:00+05:30,1973.5,1974.199951171875,1973.5,1974.199951171875,93
2026-09-02 10:23:00+05:30,1973.800048828125,1974.300048828125,1973.3499755859375,1974.0,184
2026-09-02 10:24:00+05:30,1974.0,1974.0,1973.3499755859375,1973.3499755859375,27
2026-09-02 10:25:00+05:30,1974.75,1974.9000244140625,1973.4000244140625,1973.699951171875,88
2026-09-02 10:26:00+05:30,1975.0,1975.0,1974.75,1974.75,20
2026-09-02 10:27:00+05:30,1975.75,1975.8499755859375,1974.4000244140625,1975.300048828125,157
2026-09-02 10:28:00+05:30,1975.9000244140625,1975.949951171875,1975.9000244140625,1975.9000244140625,10
2026-09-02 10:29:00+05:30,1975.699951171875,1975.9000244140625,1974.5999755859375,1975.0,155
2026-09-02 10:30:00+05:30,1973.9000244140625,1974.199951171875,1973.300048828125,1973.75,765
2026-09-02 10:31:00+05:30,1973.0,1974.550048828125,1973.0,1973.9000244140625,46
2026-09-02 10:32:00+05:30,1970.0,1973.949951171875,1969.9000244140625,1973.949951171875,4559
2026-09-02 10:33:00+05:30,1969.699951171875,1970.050048828125,1969.5999755859375,1970.0,113
2026-09-02 10:34:00+05:30,1970.3499755859375,1970.5,1970.0,1970.5,115
2026-09-02 10:35:00+05:30,1969.300048828125,1970.0,1968.699951171875,1970.0,552
2026-09-02 10:36:00+05:30,1969.4000244140625,1969.4000244140625,1968.0,1969.199951171875,1004
2026-09-02 10:37:00+05:30,1968.5,1969.5999755859375,1968.5,1969.5999755859375,98
2026-09-02 10:38:00+05:30,1968.699951171875,1969.300048828125,1968.699951171875,1968.949951171875,43
2026-09-02 10:39:00+05:30,1967.9000244140625,1969.050048828125,1967.5,1968.699951171875,404
2026-09-02 10:40:00+05:30,1968.800048828125,1969.5999755859375,1967.0,1967.3499755859375,276
2026-09-02 10:41:00+05:30,1968.800048828125,1969.4000244140625,1968.800048828125,1969.4000244140625,34
2026-09-02 10:42:00+05:30,1968.5999755859375,1968.9000244140625,1968.300048828125,1968.800048828125,35
2026-09-02 10:43:00+05:30,1969.300048828125,1969.5999755859375,1968.1500244140625,1968.800048828125,146
2026-09-02 10:44:00+05:30,1969.949951171875,1969.949951171875,1969.050048828125,1969.300048828125,86
2026-09-02 10:45:00+05:30,1968.75,1969.6500244140625,1968.75,1969.6500244140625,190
2026-09-02 10:46:00+05:30,1970.5,1970.949951171875,1969.0999755859375,1969.5999755859375,120
2026-09-02 10:47:00+05:30,1971.25,1971.25,1970.0999755859375,1970.5,44
2026-09-02 10:48:00+05:30,1970.449951171875,1971.3499755859375,1970.449951171875,1971.0,32
2026-09-02 10:49:00+05:30,1971.5,1971.5,1971.0,1971.0,19
2026-09-02 10:50:00+05:30,1971.75,1972.0999755859375,1970.300048828125,1972.0999755859375,97
2026-09-02 10:51:00+05:30,1971.5,1971.699951171875,1971.199951171875,1971.199951171875,35
2026-09-02 10:52:00+05:30,1971.0,1971.5,1971.0,1971.5,65
2026-09-02 10:53:00+05:30,1970.699951171875,1971.0,1970.4000244140625,1970.5999755859375,171
2026-09-02 10:54:00+05:30,1970.0,1970.699951171875,1970.0,1970.699951171875,32
2026-09-02 10:55:00+05:30,1970.9000244140625,1971.8499755859375,1970.5999755859375,1970.5999755859375,42
2026-09-02 10:56:00+05:30,1970.949951171875,1972.0,1970.949951171875,1972.0,3
2026-09-02 10:57:00+05:30,1970.75,1971.8499755859375,1970.75,1971.8499755859375,75
2026-09-02 10:58:00+05:30,1971.5999755859375,1971.75,1971.050048828125,1971.4000244140625,38
2026-09-02 10:59:00+05:30,1972.8499755859375,1972.8499755859375,1971.9000244140625,1971.9000244140625,26
2026-09-02 11:00:00+05:30,1973.050048828125,1973.550048828125,1972.0999755859375,1972.0999755859375,57
2026-09-02 11:01:00+05:30,1971.550048828125,1973.050048828125,1971.0,1973.0,47
2026-09-02 11:02:00+05:30,1971.0999755859375,1971.75,1970.4000244140625,1971.75,141
2026-09-02 11:03:00+05:30,1970.199951171875,1971.0,1970.199951171875,1971.0,55
2026-09-02 11:04:00+05:30,1971.9000244140625,1972.0,1970.050048828125,1970.050048828125,143
2026-09-02 11:05:00+05:30,1970.0,1973.0999755859375,1970.0,1972.0,313
2026-09-02 11:06:00+05:30,1968.3499755859375,1970.75,1968.3499755859375,1970.75,309
2026-09-02 11:07:00+05:30,1968.0,1969.1500244140625,1968.0,1969.1500244140625,201
2026-09-02 11:08:00+05:30,1967.0999755859375,1967.9000244140625,1967.0999755859375,1967.9000244140625,65
2026-09-02 11:09:00+05:30,1967.6500244140625,1968.0999755859375,1967.0,1968.050048828125,258
2026-09-02 11:10:00+05:30,1967.3499755859375,1967.6500244140625,1966.5,1967.0,179
2026-09-02 11:11:00+05:30,1967.0999755859375,1967.3499755859375,1966.5,1967.3499755859375,89
2026-09-02 11:12:00+05:30,1967.4000244140625,1967.4000244140625,1966.550048828125,1967.0,19
2026-09-02 11:13:00+05:30,1967.0,1967.199951171875,1966.5,1966.5,87
2026-09-02 11:14:00+05:30,1967.0999755859375,1967.25,1966.0,1967.25,198
2026-09-02 11:15:00+05:30,1966.5,1966.699951171875,1966.0,1966.5,107
2026-09-02 11:16:00+05:30,1965.5,1966.5,1965.5,1966.5,348
2026-09-02 11:17:00+05:30,1966.75,1966.75,1965.300048828125,1965.6500244140625,342
2026-09-02 11:18:00+05:30,1967.8499755859375,1967.8499755859375,1966.0,1966.0,113
2026-09-02 11:19:00+05:30,1966.800048828125,1967.25,1965.699951171875,1967.0999755859375,163
2026-09-02 11:20:00+05:30,1966.699951171875,1966.800048828125,1966.5,1966.699951171875,15
2026-09-02 11:21:00+05:30,1966.0,1966.800048828125,1966.0,1966.75,57
2026-09-02 11:22:00+05:30,1965.8499755859375,1966.6500244140625,1965.300048828125,1966.6500244140625,570
2026-09-02 11:23:00+05:30,1966.300048828125,1966.699951171875,1965.0,1965.199951171875,644
2026-09-02 11:24:00+05:30,1967.5,1967.5,1966.1500244140625,1966.1500244140625,219
2026-09-02 11:25:00+05:30,1967.199951171875,1967.300048828125,1966.0999755859375,1967.300048828125,99
2026-09-02 11:26:00+05:30,1966.0,1967.0999755859375,1966.0,1967.0999755859375,166
2026-09-02 11:27:00+05:30,1965.699951171875,1966.0999755859375,1965.449951171875,1966.0999755859375,44
2026-09-02 11:28:00+05:30,1965.0,1965.5999755859375,1965.0,1965.5999755859375,54
2026-09-02 11:29:00+05:30,1965.4000244140625,1965.5999755859375,1965.050048828125,1965.300048828125,29
2026-09-02 11:30:00+05:30,1964.4000244140625,1966.0,1964.4000244140625,1965.4000244140625,1042
2026-09-02 11:31:00+05:30,1964.4000244140625,1964.5999755859375,1964.0,1964.4000244140625,75
2026-09-02 11:32:00+05:30,1964.0,1964.699951171875,1964.0,1964.4000244140625,58
2026-09-02 11:33:00+05:30,1964.0,1964.5999755859375,1963.699951171875,1964.199951171875,400
2026-09-02 11:34:00+05:30,1963.0999755859375,1964.0999755859375,1963.0999755859375,1963.9000244140625,440
2026-09-02 11:35:00+05:30,1964.199951171875,1964.300048828125,1963.5999755859375,1964.0999755859375,67
2026-09-02 11:36:00+05:30,1964.300048828125,1964.4000244140625,1963.5,1963.5,123
2026-09-02 11:37:00+05:30,1965.5999755859375,1965.5999755859375,1964.4000244140625,1964.4000244140625,156
2026-09-02 11:38:00+05:30,1967.800048828125,1968.5999755859375,1965.550048828125,1965.550048828125,258
2026-09-02 11:39:00+05:30,1967.4000244140625,1967.8499755859375,1966.800048828125,1967.8499755859375,48
2026-09-02 11:40:00+05:30,1966.25,1967.0999755859375,1966.25,1966.949951171875,30
2026-09-02 11:41:00+05:30,1967.050048828125,1967.300048828125,1965.050048828125,1967.300048828125,603
2026-09-02 11:42:00+05:30,1966.050048828125,1967.0999755859375,1966.050048828125,1967.0999755859375,39
2026-09-02 11:43:00+05:30,1966.75,1966.800048828125,1965.699951171875,1966.800048828125,82
2026-09-02 11:44:00+05:30,1966.5,1966.800048828125,1966.5,1966.800048828125,35
2026-09-02 11:45:00+05:30,1967.699951171875,1967.699951171875,1965.699951171875,1966.5999755859375,77
2026-09-02 11:46:00+05:30,1966.5,1967.6500244140625,1966.5,1967.6500244140625,56
2026-09-02 11:47:00+05:30,1966.0999755859375,1967.449951171875,1966.050048828125,1967.449951171875,19
2026-09-02 11:48:00+05:30,1967.699951171875,1967.699951171875,1966.199951171875,1967.199951171875,99
2026-09-02 11:49:00+05:30,1967.699951171875,1968.0999755859375,1967.699951171875,1967.699951171875,227
2026-09-02 11:50:00+05:30,1967.449951171875,1968.4000244140625,1966.5,1968.4000244140625,602
2026-09-02 11:51:00+05:30,1967.699951171875,1967.699951171875,1967.300048828125,1967.300048828125,43
2026-09-02 11:52:00+05:30,1967.800048828125,1968.0,1967.0,1967.4000244140625,48
2026-09-02 11:53:00+05:30,1967.0,1967.8499755859375,1966.550048828125,1966.550048828125,106
2026-09-02 11:54:00+05:30,1967.949951171875,1967.949951171875,1967.6500244140625,1967.6500244140625,78
2026-09-02 11:55:00+05:30,1968.5,1968.9000244140625,1968.0,1968.0,64
2026-09-02 11:56:00+05:30,1968.6500244140625,1968.699951171875,1968.5,1968.5,11
2026-09-02 11:57:00+05:30,1968.5,1968.550048828125,1968.5,1968.550048828125,8
2026-09-02 11:58:00+05:30,1968.0,1968.4000244140625,1968.0,1968.4000244140625,34
2026-09-02 11:59:00+05:30,1967.5,1968.0,1966.800048828125,1968.0,130
2026-09-02 12:00:00+05:30,1966.800048828125,1967.449951171875,1966.050048828125,1967.449951171875,105
2026-09-02 12:01:00+05:30,1966.0,1966.5999755859375,1966.0,1966.0,199
2026-09-02 12:02:00+05:30,1966.75,1966.800048828125,1965.550048828125,1966.0,40
2026-09-02 12:03:00+05:30,1966.5,1966.800048828125,1966.0,1966.699951171875,31
2026-09-02 12:04:00+05:30,1966.449951171875,1966.6500244140625,1966.0,1966.5,125
2026-09-02 12:05:00+05:30,1965.300048828125,1966.449951171875,1965.300048828125,1966.449951171875,77
2026-09-02 12:06:00+05:30,1965.9000244140625,1965.9000244140625,1965.9000244140625,1965.9000244140625,31
2026-09-02 12:07:00+05:30,1967.1500244140625,1967.3499755859375,1965.800048828125,1966.199951171875,92
2026-09-02 12:08:00+05:30,1966.800048828125,1966.949951171875,1966.800048828125,1966.949951171875,16
2026-09-02 12:09:00+05:30,1967.0,1967.0,1966.800048828125,1966.800048828125,564
2026-09-02 12:10:00+05:30,1968.199951171875,1968.199951171875,1967.0,1967.1500244140625,69
2026-09-02 12:11:00+05:30,1969.449951171875,1969.800048828125,1968.25,1968.25,447
2026-09-02 12:12:00+05:30,1968.9000244140625,1969.1500244140625,1968.699951171875,1969.0,27
2026-09-02 12:13:00+05:30,1968.800048828125,1969.0,1968.050048828125,1969.0,84
2026-09-02 12:14:00+05:30,1968.5999755859375,1968.75,1968.5999755859375,1968.75,50
2026-09-02 12:15:00+05:30,1968.699951171875,1968.699951171875,1968.0,1968.5999755859375,62
2026-09-02 12:16:00+05:30,1968.199951171875,1968.300048828125,1968.0,1968.0,12
2026-09-02 12:17:00+05:30,1968.300048828125,1968.300048828125,1967.0,1968.0,160
2026-09-02 12:18:00+05:30,1968.25,1968.300048828125,1968.25,1968.300048828125,32
2026-09-02 12:19:00+05:30,1968.300048828125,1968.300048828125,1968.300048828125,1968.300048828125,24
2026-09-02 12:20:00+05:30,1967.9000244140625,1968.300048828125,1967.9000244140625,1968.0,24
2026-09-02 12:21:00+05:30,1968.699951171875,1968.699951171875,1968.0,1968.5,56
2026-09-02 12:22:00+05:30,1969.0,1969.0,1968.5,1968.5,62
2026-09-02 12:23:00+05:30,1968.699951171875,1969.0,1968.699951171875,1969.0,7
2026-09-02 12:24:00+05:30,1967.449951171875,1969.0,1967.449951171875,1969.0,153
2026-09-02 12:25:00+05:30,1968.5999755859375,1968.5999755859375,1968.0,1968.5999755859375,30
2026-09-02 12:26:00+05:30,1968.4000244140625,1968.4000244140625,1968.300048828125,1968.300048828125,8
2026-09-02 12:27:00+05:30,1968.9000244140625,1968.9000244140625,1968.050048828125,1968.5,48
2026-09-02 12:28:00+05:30,1970.0,1970.0,1969.0,1969.0,196
2026-09-02 12:29:00+05:30,1969.800048828125,1969.800048828125,1969.800048828125,1969.800048828125,4
2026-09-02 12:30:00+05:30,1970.5999755859375,1970.5999755859375,1969.800048828125,1969.800048828125,209
2026-09-02 12:31:00+05:30,1971.0,1972.0,1970.949951171875,1972.0,64
2026-09-02 12:32:00+05:30,1970.0,1971.0,1970.0,1971.0,11
2026-09-02 12:33:00+05:30,1970.9000244140625,1970.949951171875,1970.699951171875,1970.699951171875,29
2026-09-02 12:34:00+05:30,1970.0,1970.949951171875,1970.0,1970.949951171875,189
2026-09-02 12:35:00+05:30,1971.4000244140625,1971.5999755859375,1970.0999755859375,1970.0999755859375,137
2026-09-02 12:36:00+05:30,1971.300048828125,1971.3499755859375,1971.0999755859375,1971.0999755859375,8
2026-09-02 12:37:00+05:30,1971.199951171875,1971.300048828125,1970.6500244140625,1971.300048828125,3
2026-09-02 12:38:00+05:30,1971.75,1971.75,1970.0,1970.5,66
2026-09-02 12:39:00+05:30,1971.0,1972.199951171875,1970.300048828125,1972.199951171875,133
2026-09-02 12:40:00+05:30,1971.199951171875,1971.199951171875,1971.0,1971.199951171875,25
2026-09-02 12:41:00+05:30,1971.199951171875,1971.199951171875,1971.199951171875,1971.199951171875,7
2026-09-02 12:42:00+05:30,1971.199951171875,1971.199951171875,1971.0,1971.199951171875,24
2026-09-02 12:43:00+05:30,1970.0,1971.199951171875,1970.0,1971.0999755859375,151
2026-09-02 12:44:00+05:30,1970.949951171875,1970.949951171875,1970.0,1970.0,43
2026-09-02 12:45:00+05:30,1970.300048828125,1971.300048828125,1970.300048828125,1970.5999755859375,79
2026-09-02 12:46:00+05:30,1970.1500244140625,1971.0,1970.1500244140625,1970.9000244140625,45
2026-09-02 12:47:00+05:30,1971.0,1971.25,1970.9000244140625,1970.9000244140625,54
2026-09-02 12:48:00+05:30,1970.0999755859375,1970.949951171875,1970.0999755859375,1970.949951171875,20
2026-09-02 12:49:00+05:30,1970.9000244140625,1970.9000244140625,1970.699951171875,1970.699951171875,6
2026-09-02 12:50:00+05:30,1971.0,1971.300048828125,1970.9000244140625,1970.9000244140625,81
2026-09-02 12:51:00+05:30,1971.199951171875,1971.199951171875,1970.1500244140625,1970.1500244140625,95
2026-09-02 12:52:00+05:30,1971.0999755859375,1971.0999755859375,1971.0999755859375,1971.0999755859375,11
2026-09-02 12:53:00+05:30,1968.4000244140625,1971.050048828125,1967.3499755859375,1970.9000244140625,159
2026-09-02 12:54:00+05:30,1968.050048828125,1968.300048828125,1967.199951171875,1968.0999755859375,13
2026-09-02 12:55:00+05:30,1968.300048828125,1968.300048828125,1967.8499755859375,1967.8499755859375,29
2026-09-02 12:56:00+05:30,1968.9000244140625,1968.9000244140625,1968.0,1968.300048828125,91
2026-09-02 12:57:00+05:30,1969.0999755859375,1969.800048828125,1968.9000244140625,1969.800048828125,13
2026-09-02 12:58:00+05:30,1968.5,1969.6500244140625,1968.5,1969.5,53
2026-09-02 12:59:00+05:30,1969.199951171875,1969.4000244140625,1968.5,1968.5,85
2026-09-02 13:00:00+05:30,1969.199951171875,1969.199951171875,1968.4000244140625,1969.199951171875,24
2026-09-02 13:01:00+05:30,1967.8499755859375,1969.1500244140625,1967.8499755859375,1969.1500244140625,75
2026-09-02 13:02:00+05:30,1968.699951171875,1968.75,1967.4000244140625,1967.4000244140625,42
2026-09-02 13:03:00+05:30,1969.3499755859375,1969.3499755859375,1968.699951171875,1968.949951171875,13
2026-09-02 13:04:00+05:30,1968.800048828125,1969.6500244140625,1968.800048828125,1969.3499755859375,47
2026-09-02 13:05:00+05:30,1969.800048828125,1969.800048828125,1968.199951171875,1968.199951171875,64
2026-09-02 13:06:00+05:30,1971.699951171875,1971.699951171875,1969.5,1969.5,26
2026-09-02 13:07:00+05:30,1970.800048828125,1971.4000244140625,1970.800048828125,1971.050048828125,23
2026-09-02 13:08:00+05:30,1970.699951171875,1970.800048828125,1969.9000244140625,1970.3499755859375,45
2026-09-02 13:09:00+05:30,1968.0,1968.699951171875,1968.0,1968.5,54
2026-09-02 13:10:00+05:30,1968.0,1968.300048828125,1968.0,1968.25,108
2026-09-02 13:11:00+05:30,1969.050048828125,1969.050048828125,1967.449951171875,1967.449951171875,22
2026-09-02 13:12:00+05:30,1969.050048828125,1969.0999755859375,1967.699951171875,1969.0999755859375,88
2026-09-02 13:14:00+05:30,1969.199951171875,1969.199951171875,1969.0,1969.0999755859375,31
2026-09-02 13:15:00+05:30,1968.9000244140625,1969.0999755859375,1968.9000244140625,1969.0999755859375,23
2026-09-02 13:16:00+05:30,1968.949951171875,1969.0,1968.949951171875,1968.949951171875,42
2026-09-02 13:17:00+05:30,1968.800048828125,1969.0,1968.25,1969.0,14
2026-09-02 13:18:00+05:30,1968.9000244140625,1969.0,1967.949951171875,1968.800048828125,43
2026-09-02 13:19:00+05:30,1968.6500244140625,1968.800048828125,1967.9000244140625,1967.949951171875,68
2026-09-02 13:20:00+05:30,1968.699951171875,1968.699951171875,1968.699951171875,1968.699951171875,10
2026-09-02 13:21:00+05:30,1968.5,1968.5999755859375,1968.5,1968.5,10
2026-09-02 13:22:00+05:30,1967.4000244140625,1968.4000244140625,1967.4000244140625,1968.4000244140625,54
2026-09-02 13:23:00+05:30,1968.5,1968.5,1968.5,1968.5,7
2026-09-02 13:24:00+05:30,1968.0,1968.0,1967.449951171875,1968.0,38
2026-09-02 13:25:00+05:30,1968.0,1968.199951171875,1968.0,1968.199951171875,17
2026-09-02 13:26:00+05:30,1968.0,1968.0,1968.0,1968.0,17
2026-09-02 13:27:00+05:30,1968.0,1968.0,1968.0,1968.0,3
2026-09-02 13:28:00+05:30,1967.449951171875,1968.25,1967.449951171875,1968.0,183
2026-09-02 13:29:00+05:30,1968.6500244140625,1968.6500244140625,1967.449951171875,1967.449951171875,99
2026-09-02 13:30:00+05:30,1968.0,1968.1500244140625,1968.0,1968.0999755859375,32
2026-09-02 13:31:00+05:30,1968.0,1968.199951171875,1968.0,1968.199951171875,114
2026-09-02 13:32:00+05:30,1968.0999755859375,1968.0999755859375,1968.0,1968.0,5
2026-09-02 13:33:00+05:30,1968.0,1968.199951171875,1968.0,1968.199951171875,164
2026-09-02 13:34:00+05:30,1968.800048828125,1969.6500244140625,1968.0,1968.0,412
2026-09-02 13:35:00+05:30,1970.0,1970.0,1970.0,1970.0,49
2026-09-02 13:36:00+05:30,1970.800048828125,1970.800048828125,1970.0,1970.0,35
2026-09-02 13:37:00+05:30,1970.800048828125,1970.800048828125,1970.800048828125,1970.800048828125,1
2026-09-02 13:38:00+05:30,1970.699951171875,1970.699951171875,1970.0,1970.0,69
2026-09-02 13:39:00+05:30,1970.0,1970.699951171875,1969.949951171875,1970.699951171875,48
2026-09-02 13:40:00+05:30,1969.6500244140625,1969.6500244140625,1969.6500244140625,1969.6500244140625,2
2026-09-02 13:41:00+05:30,1968.800048828125,1969.300048828125,1968.800048828125,1969.0,11
2026-09-02 13:42:00+05:30,1968.25,1969.0,1968.25,1969.0,32
2026-09-02 13:43:00+05:30,1968.9000244140625,1968.9000244140625,1968.9000244140625,1968.9000244140625,7
2026-09-02 13:44:00+05:30,1968.9000244140625,1968.9000244140625,1968.0,1968.0,137
2026-09-02 13:45:00+05:30,1968.5999755859375,1968.5999755859375,1967.8499755859375,1968.5999755859375,84
2026-09-02 13:46:00+05:30,1968.5999755859375,1968.5999755859375,1968.5,1968.5999755859375,28
2026-09-02 13:47:00+05:30,1968.4000244140625,1968.5,1968.199951171875,1968.199951171875,3
2026-09-02 13:48:00+05:30,1967.5999755859375,1968.4000244140625,1967.5999755859375,1968.4000244140625,35
2026-09-02 13:49:00+05:30,1967.1500244140625,1967.800048828125,1966.5,1967.5,133
2026-09-02 13:50:00+05:30,1966.25,1967.800048828125,1966.25,1967.800048828125,307
2026-09-02 13:51:00+05:30,1966.0,1966.550048828125,1966.0,1966.0,130
2026-09-02 13:52:00+05:30,1967.6500244140625,1967.800048828125,1966.0,1966.0999755859375,138
2026-09-02 13:53:00+05:30,1967.050048828125,1967.699951171875,1967.050048828125,1967.699951171875,23
2026-09-02 13:54:00+05:30,1967.800048828125,1967.800048828125,1967.5,1967.5,32
2026-09-02 13:55:00+05:30,1967.0,1968.0,1966.949951171875,1968.0,271
2026-09-02 13:56:00+05:30,1967.0,1967.0,1966.5,1967.0,61
2026-09-02 13:57:00+05:30,1967.25,1967.25,1966.0999755859375,1967.199951171875,73
2026-09-02 13:58:00+05:30,1967.4000244140625,1967.4000244140625,1966.0999755859375,1966.0999755859375,125
2026-09-02 13:59:00+05:30,1966.5999755859375,1966.699951171875,1966.5999755859375,1966.699951171875,5
2026-09-02 14:00:00+05:30,1966.699951171875,1966.699951171875,1966.199951171875,1966.199951171875,14
2026-09-02 14:01:00+05:30,1966.699951171875,1968.0,1966.699951171875,1968.0,596
2026-09-02 14:02:00+05:30,1966.5,1966.800048828125,1966.25,1966.800048828125,41
2026-09-02 14:03:00+05:30,1966.699951171875,1966.699951171875,1966.699951171875,1966.699951171875,18
2026-09-02 14:04:00+05:30,1966.0,1966.699951171875,1966.0,1966.699951171875,98
2026-09-02 14:05:00+05:30,1966.5,1966.699951171875,1966.5,1966.699951171875,107
2026-09-02 14:06:00+05:30,1966.550048828125,1966.550048828125,1966.5,1966.5,5
2026-09-02 14:07:00+05:30,1967.0,1967.75,1966.5999755859375,1966.5999755859375,100
2026-09-02 14:08:00+05:30,1966.5999755859375,1967.0,1966.25,1966.25,39
2026-09-02 14:09:00+05:30,1966.5999755859375,1966.5999755859375,1966.5999755859375,1966.5999755859375,10
2026-09-02 14:10:00+05:30,1967.300048828125,1967.300048828125,1966.3499755859375,1966.5999755859375,67
2026-09-02 14:11:00+05:30,1968.300048828125,1969.0,1968.0,1968.8499755859375,49
2026-09-02 14:12:00+05:30,1968.300048828125,1968.300048828125,1967.199951171875,1968.1500244140625,332
2026-09-02 14:13:00+05:30,1966.5,1967.9000244140625,1966.5,1967.9000244140625,123
2026-09-02 14:14:00+05:30,1966.300048828125,1966.5,1966.25,1966.25,27
2026-09-02 14:15:00+05:30,1965.4000244140625,1966.300048828125,1965.4000244140625,1966.25,163
2026-09-02 14:16:00+05:30,1965.699951171875,1966.4000244140625,1965.5999755859375,1965.5999755859375,65
2026-09-02 14:17:00+05:30,1965.699951171875,1965.9000244140625,1965.5,1965.800048828125,38
2026-09-02 14:18:00+05:30,1965.699951171875,1965.699951171875,1965.699951171875,1965.699951171875,8
2026-09-02 14:19:00+05:30,1965.699951171875,1965.800048828125,1965.699951171875,1965.699951171875,34
2026-09-02 14:20:00+05:30,1966.800048828125,1967.0999755859375,1966.199951171875,1966.199951171875,34
2026-09-02 14:21:00+05:30,1966.5999755859375,1967.0999755859375,1966.5999755859375,1967.0,182
2026-09-02 14:22:00+05:30,1966.0999755859375,1966.4000244140625,1966.0,1966.0,25
2026-09-02 14:23:00+05:30,1967.699951171875,1967.699951171875,1965.4000244140625,1966.0999755859375,143
2026-09-02 14:24:00+05:30,1967.4000244140625,1967.75,1967.4000244140625,1967.699951171875,39
2026-09-02 14:25:00+05:30,1966.300048828125,1967.300048828125,1966.0,1967.0,47
2026-09-02 14:26:00+05:30,1966.0,1967.0999755859375,1966.0,1967.0999755859375,78
2026-09-02 14:27:00+05:30,1966.9000244140625,1966.9000244140625,1965.8499755859375,1966.4000244140625,53
2026-09-02 14:28:00+05:30,1967.300048828125,1967.300048828125,1967.0999755859375,1967.0999755859375,38
2026-09-02 14:29:00+05:30,1966.699951171875,1967.4000244140625,1966.699951171875,1967.300048828125,151
2026-09-02 14:30:00+05:30,1967.9000244140625,1968.0999755859375,1966.5999755859375,1966.5999755859375,76
2026-09-02 14:31:00+05:30,1968.5,1968.5999755859375,1968.0,1968.0,18
2026-09-02 14:32:00+05:30,1967.8499755859375,1968.5,1967.5,1968.5,60
2026-09-02 14:33:00+05:30,1968.4000244140625,1968.4000244140625,1968.0,1968.4000244140625,33
2026-09-02 14:34:00+05:30,1968.4000244140625,1968.4000244140625,1968.300048828125,1968.300048828125,32
2026-09-02 14:35:00+05:30,1968.4000244140625,1968.4000244140625,1967.800048828125,1968.4000244140625,225
2026-09-02 14:36:00+05:30,1968.4000244140625,1968.5999755859375,1968.25,1968.4000244140625,70
2026-09-02 14:37:00+05:30,1967.550048828125,1968.25,1966.5,1968.25,140
2026-09-02 14:38:00+05:30,1966.0,1967.699951171875,1965.8499755859375,1967.699951171875,95
2026-09-02 14:39:00+05:30,1966.0999755859375,1966.199951171875,1965.800048828125,1965.800048828125,67
2026-09-02 14:40:00+05:30,1966.0999755859375,1966.0999755859375,1965.4000244140625,1966.0999755859375,93
2026-09-02 14:41:00+05:30,1966.0,1966.0999755859375,1965.3499755859375,1966.0999755859375,26
2026-09-02 14:42:00+05:30,1966.199951171875,1966.199951171875,1965.5999755859375,1965.5999755859375,61
2026-09-02 14:43:00+05:30,1966.0,1966.0999755859375,1966.0,1966.0,85
2026-09-02 14:44:00+05:30,1965.9000244140625,1966.0999755859375,1965.5,1966.0999755859375,50
2026-09-02 14:45:00+05:30,1966.0999755859375,1966.0999755859375,1965.800048828125,1966.0,67
2026-09-02 14:46:00+05:30,1966.0999755859375,1966.300048828125,1965.5,1965.5,124
2026-09-02 14:47:00+05:30,1966.300048828125,1966.300048828125,1966.0,1966.0,22
2026-09-02 14:48:00+05:30,1966.300048828125,1966.300048828125,1965.800048828125,1966.199951171875,78
2026-09-02 14:49:00+05:30,1966.4000244140625,1966.949951171875,1966.050048828125,1966.199951171875,75
2026-09-02 14:50:00+05:30,1966.5999755859375,1966.5999755859375,1966.1500244140625,1966.1500244140625,36
2026-09-02 14:51:00+05:30,1966.5999755859375,1966.5999755859375,1966.5,1966.5,49
2026-09-02 14:52:00+05:30,1966.300048828125,1966.5,1966.300048828125,1966.5,24
2026-09-02 14:53:00+05:30,1966.199951171875,1966.300048828125,1966.0,1966.300048828125,100
2026-09-02 14:54:00+05:30,1965.9000244140625,1966.550048828125,1965.1500244140625,1965.199951171875,292
2026-09-02 14:55:00+05:30,1965.1500244140625,1966.0999755859375,1965.1500244140625,1965.9000244140625,49
2026-09-02 14:56:00+05:30,1965.0,1965.5,1965.0,1965.5,844
2026-09-02 14:57:00+05:30,1964.0,1965.0,1964.0,1965.0,1914
2026-09-02 14:58:00+05:30,1964.0999755859375,1964.5,1964.0,1964.0999755859375,531
2026-09-02 14:59:00+05:30,1964.300048828125,1964.4000244140625,1964.0999755859375,1964.0999755859375,63
2026-09-02 15:00:00+05:30,1964.0,1964.300048828125,1964.0,1964.300048828125,249
2026-09-02 15:01:00+05:30,1963.800048828125,1964.0,1963.5,1964.0,206
2026-09-02 15:02:00+05:30,1963.0,1963.800048828125,1963.0,1963.800048828125,771
2026-09-02 15:03:00+05:30,1963.5,1963.5999755859375,1963.0,1963.300048828125,60
2026-09-02 15:04:00+05:30,1963.9000244140625,1963.9000244140625,1962.4000244140625,1962.4000244140625,813
2026-09-02 15:05:00+05:30,1963.550048828125,1964.0,1962.5999755859375,1962.5999755859375,80
2026-09-02 15:06:00+05:30,1964.0,1964.0,1963.3499755859375,1963.4000244140625,294
2026-09-02 15:07:00+05:30,1962.5999755859375,1964.0,1962.550048828125,1964.0,386
2026-09-02 15:08:00+05:30,1964.300048828125,1964.300048828125,1962.5,1962.5,1647
2026-09-02 15:09:00+05:30,1965.199951171875,1966.0,1964.0,1964.0,163
2026-09-02 15:10:00+05:30,1970.800048828125,1970.800048828125,1964.0,1964.800048828125,4683
2026-09-02 15:11:00+05:30,1972.0,1972.0,1970.300048828125,1971.0,90
2026-09-02 15:12:00+05:30,1972.0,1972.0,1971.5999755859375,1971.5999755859375,290
2026-09-02 15:13:00+05:30,1974.050048828125,1975.0,1972.0,1972.0,337
2026-09-02 15:14:00+05:30,1971.800048828125,1975.0,1969.300048828125,1974.0,218
2026-09-02 15:28:00+05:30,1976.0,1976.0,1976.0,1976.0,318
2026-09-03 09:15:00+05:30,1971.1500244140625,1980.949951171875,1967.0999755859375,1977.0,1305
2026-09-03 09:16:00+05:30,1970.4000244140625,1973.75,1970.0,1971.5999755859375,489
2026-09-03 09:17:00+05:30,1969.4000244140625,1971.0,1968.0999755859375,1969.5,128
2026-09-03 09:18:00+05:30,1967.199951171875,1969.4000244140625,1967.199951171875,1969.4000244140625,170
2026-09-03 09:19:00+05:30,1969.0,1970.6500244140625,1967.0,1967.0,949
2026-09-03 09:20:00+05:30,1968.699951171875,1970.75,1967.0999755859375,1970.75,354
2026-09-03 09:21:00+05:30,1970.0,1971.550048828125,1969.4000244140625,1969.4000244140625,462
2026-09-03 09:22:00+05:30,1969.25,1971.4000244140625,1968.050048828125,1971.4000244140625,277
2026-09-03 09:23:00+05:30,1969.0,1969.199951171875,1967.0999755859375,1968.0999755859375,221
2026-09-03 09:24:00+05:30,1969.449951171875,1970.25,1967.3499755859375,1969.050048828125,115
2026-09-03 09:25:00+05:30,1969.949951171875,1969.949951171875,1969.0,1969.449951171875,157
2026-09-03 09:26:00+05:30,1969.75,1969.75,1968.0,1969.4000244140625,90
2026-09-03 09:27:00+05:30,1969.949951171875,1969.949951171875,1969.199951171875,1969.6500244140625,142
2026-09-03 09:28:00+05:30,1969.25,1969.949951171875,1969.25,1969.699951171875,84
2026-09-03 09:29:00+05:30,1971.0,1971.0,1969.949951171875,1969.949951171875,572
2026-09-03 09:30:00+05:30,1972.4000244140625,1973.050048828125,1971.5,1971.5,105
2026-09-03 09:31:00+05:30,1971.0,1973.5999755859375,1971.0,1973.5999755859375,102
2026-09-03 09:32:00+05:30,1973.25,1973.3499755859375,1971.199951171875,1973.050048828125,37
2026-09-03 09:33:00+05:30,1972.449951171875,1973.4000244140625,1972.0,1973.3499755859375,17
2026-09-03 09:34:00+05:30,1971.9000244140625,1972.449951171875,1971.0,1971.0,55
2026-09-03 09:35:00+05:30,1971.5,1971.5,1970.3499755859375,1971.0,253
2026-09-03 09:36:00+05:30,1972.800048828125,1972.8499755859375,1971.800048828125,1972.0,21
2026-09-03 09:37:00+05:30,1971.300048828125,1972.3499755859375,1971.0,1971.0999755859375,247
2026-09-03 09:38:00+05:30,1971.449951171875,1971.9000244140625,1971.25,1971.9000244140625,40
2026-09-03 09:39:00+05:30,1971.300048828125,1972.550048828125,1970.449951171875,1970.449951171875,91
2026-09-03 09:40:00+05:30,1972.949951171875,1973.0,1972.5999755859375,1972.5999755859375,28
2026-09-03 09:41:00+05:30,1972.8499755859375,1972.949951171875,1972.8499755859375,1972.949951171875,82
2026-09-03 09:42:00+05:30,1972.949951171875,1973.0,1972.050048828125,1972.9000244140625,225
2026-09-03 09:43:00+05:30,1973.5999755859375,1973.5999755859375,1972.699951171875,1973.0,142
2026-09-03 09:44:00+05:30,1975.050048828125,1975.050048828125,1972.9000244140625,1973.5999755859375,395
2026-09-03 09:45:00+05:30,1974.5999755859375,1975.199951171875,1974.5999755859375,1975.0,30
2026-09-03 09:46:00+05:30,1975.199951171875,1975.550048828125,1974.0,1974.0,30
2026-09-03 09:47:00+05:30,1976.0,1976.0,1975.800048828125,1975.9000244140625,25
2026-09-03 09:48:00+05:30,1975.0,1976.3499755859375,1975.0,1976.3499755859375,239
2026-09-03 09:49:00+05:30,1975.0,1975.1500244140625,1973.9000244140625,1975.1500244140625,46
2026-09-03 09:50:00+05:30,1974.699951171875,1974.699951171875,1974.050048828125,1974.050048828125,22
2026-09-03 09:51:00+05:30,1974.0,1974.5,1974.0,1974.5,52
2026-09-03 09:52:00+05:30,1972.6500244140625,1974.699951171875,1972.6500244140625,1974.5999755859375,442
2026-09-03 09:53:00+05:30,1974.449951171875,1974.699951171875,1973.8499755859375,1974.0,118
2026-09-03 09:54:00+05:30,1975.5,1975.5,1973.800048828125,1973.800048828125,172
2026-09-03 09:55:00+05:30,1975.0,1975.800048828125,1974.0999755859375,1974.5999755859375,105
2026-09-03 09:56:00+05:30,1974.199951171875,1975.449951171875,1974.199951171875,1975.0,17
2026-09-03 09:57:00+05:30,1974.9000244140625,1974.9000244140625,1974.75,1974.75,18
2026-09-03 09:58:00+05:30,1974.050048828125,1975.0,1974.050048828125,1974.1500244140625,61
2026-09-03 09:59:00+05:30,1974.5999755859375,1974.9000244140625,1974.0,1974.9000244140625,19
2026-09-03 10:00:00+05:30,1969.0,1974.5999755859375,1969.0,1974.5999755859375,1118
2026-09-03 10:01:00+05:30,1968.25,1970.949951171875,1968.25,1969.800048828125,153
2026-09-03 10:02:00+05:30,1968.800048828125,1969.0999755859375,1967.550048828125,1969.0999755859375,195
2026-09-03 10:03:00+05:30,1967.1500244140625,1969.0,1967.0999755859375,1969.0,84
2026-09-03 10:04:00+05:30,1968.199951171875,1968.75,1967.1500244140625,1968.5,62
2026-09-03 10:05:00+05:30,1969.199951171875,1969.199951171875,1967.4000244140625,1968.199951171875,86
2026-09-03 10:06:00+05:30,1968.0,1969.0,1968.0,1968.25,15
2026-09-03 10:07:00+05:30,1968.25,1968.949951171875,1967.449951171875,1968.0,119
2026-09-03 10:08:00+05:30,1968.800048828125,1969.0,1967.5,1968.25,1103
2026-09-03 10:09:00+05:30,1967.4000244140625,1968.9000244140625,1967.4000244140625,1968.800048828125,497
2026-09-03 10:10:00+05:30,1968.0,1968.0,1967.449951171875,1967.949951171875,190
2026-09-03 10:11:00+05:30,1968.0,1968.0,1967.0999755859375,1968.0,124
2026-09-03 10:12:00+05:30,1967.300048828125,1968.0,1967.300048828125,1968.0,907
2026-09-03 10:13:00+05:30,1967.800048828125,1968.0,1967.0999755859375,1967.300048828125,94
2026-09-03 10:14:00+05:30,1968.0,1968.8499755859375,1967.25,1967.800048828125,1907
2026-09-03 10:15:00+05:30,1970.0999755859375,1970.0999755859375,1967.75,1968.8499755859375,664
2026-09-03 10:16:00+05:30,1970.9000244140625,1970.9000244140625,1968.5,1970.0999755859375,318
2026-09-03 10:17:00+05:30,1969.0,1970.449951171875,1968.800048828125,1970.1500244140625,57
2026-09-03 10:18:00+05:30,1969.4000244140625,1969.949951171875,1968.050048828125,1969.050048828125,297
2026-09-03 10:19:00+05:30,1968.449951171875,1969.699951171875,1968.050048828125,1969.5,56
2026-09-03 10:20:00+05:30,1970.449951171875,1970.449951171875,1969.449951171875,1969.449951171875,120
2026-09-03 10:21:00+05:30,1968.6500244140625,1970.5,1968.5,1970.0,633
2026-09-03 10:22:00+05:30,1970.5,1970.5,1968.949951171875,1969.75,137
2026-09-03 10:23:00+05:30,1969.0999755859375,1970.199951171875,1968.75,1970.199951171875,50
2026-09-03 10:24:00+05:30,1970.25,1970.25,1968.0999755859375,1969.0999755859375,74
2026-09-03 10:25:00+05:30,1969.3499755859375,1970.550048828125,1968.800048828125,1970.4000244140625,65
2026-09-03 10:26:00+05:30,1969.199951171875,1970.0,1968.9000244140625,1969.3499755859375,588
2026-09-03 10:27:00+05:30,1968.300048828125,1970.0,1968.300048828125,1969.199951171875,113
2026-09-03 10:28:00+05:30,1969.4000244140625,1969.5999755859375,1968.0,1968.300048828125,91
2026-09-03 10:29:00+05:30,1970.800048828125,1970.800048828125,1969.25,1969.6500244140625,125
2026-09-03 10:30:00+05:30,1968.5,1971.300048828125,1968.3499755859375,1969.6500244140625,815
2026-09-03 10:31:00+05:30,1968.9000244140625,1969.449951171875,1968.050048828125,1969.199951171875,97
2026-09-03 10:32:00+05:30,1972.300048828125,1972.5,1968.699951171875,1968.9000244140625,287
2026-09-03 10:33:00+05:30,1970.699951171875,1972.300048828125,1970.699951171875,1971.4000244140625,80
2026-09-03 10:34:00+05:30,1971.4000244140625,1972.5999755859375,1971.0999755859375,1972.5999755859375,9
2026-09-03 10:35:00+05:30,1970.0,1971.0999755859375,1970.0,1971.0999755859375,51
2026-09-03 10:36:00+05:30,1969.75,1970.0,1969.0,1970.0,38
2026-09-03 10:37:00+05:30,1968.3499755859375,1969.699951171875,1968.3499755859375,1969.699951171875,128
2026-09-03 10:38:00+05:30,1968.800048828125,1968.949951171875,1968.3499755859375,1968.9000244140625,22
2026-09-03 10:39:00+05:30,1968.5,1968.949951171875,1968.050048828125,1968.0999755859375,117
2026-09-03 10:40:00+05:30,1968.0,1969.199951171875,1968.0,1969.0,55
2026-09-03 10:41:00+05:30,1968.0,1968.8499755859375,1968.0,1968.0,26
2026-09-03 10:42:00+05:30,1969.199951171875,1969.199951171875,1967.449951171875,1968.0,147
2026-09-03 10:43:00+05:30,1968.5999755859375,1969.699951171875,1968.1500244140625,1969.199951171875,43
2026-09-03 10:44:00+05:30,1969.3499755859375,1969.3499755859375,1967.8499755859375,1968.550048828125,322
2026-09-03 10:45:00+05:30,1968.9000244140625,1969.300048828125,1968.9000244140625,1969.300048828125,120
2026-09-03 10:46:00+05:30,1969.0,1969.800048828125,1968.9000244140625,1969.800048828125,117
2026-09-03 10:47:00+05:30,1968.9000244140625,1969.9000244140625,1968.9000244140625,1968.9000244140625,277
2026-09-03 10:48:00+05:30,1968.5999755859375,1970.0999755859375,1967.300048828125,1969.0999755859375,358
2026-09-03 10:49:00+05:30,1968.5999755859375,1968.699951171875,1967.75,1967.75,29
2026-09-03 10:50:00+05:30,1968.75,1968.75,1967.800048828125,1967.9000244140625,466
2026-09-03 10:51:00+05:30,1968.300048828125,1968.75,1968.300048828125,1968.5999755859375,97
2026-09-03 10:52:00+05:30,1968.75,1968.75,1968.300048828125,1968.6500244140625,34
2026-09-03 10:53:00+05:30,1967.9000244140625,1968.5,1967.9000244140625,1967.9000244140625,31
2026-09-03 10:54:00+05:30,1966.800048828125,1968.300048828125,1966.800048828125,1968.300048828125,1412
2026-09-03 10:55:00+05:30,1966.0,1966.75,1966.0,1966.449951171875,83
2026-09-03 10:56:00+05:30,1966.25,1966.25,1965.0,1966.0,1368
2026-09-03 10:57:00+05:30,1965.699951171875,1966.050048828125,1965.0,1966.050048828125,215
2026-09-03 10:58:00+05:30,1965.5999755859375,1965.8499755859375,1965.0,1965.6500244140625,409
2026-09-03 10:59:00+05:30,1965.9000244140625,1966.050048828125,1964.699951171875,1964.699951171875,47
2026-09-03 11:00:00+05:30,1966.0,1966.949951171875,1964.699951171875,1965.8499755859375,292
2026-09-03 11:01:00+05:30,1965.699951171875,1966.8499755859375,1965.6500244140625,1965.6500244140625,205
2026-09-03 11:02:00+05:30,1966.949951171875,1967.0,1965.699951171875,1965.699951171875,432
2026-09-03 11:03:00+05:30,1967.0,1967.0,1966.0999755859375,1966.300048828125,42
2026-09-03 11:04:00+05:30,1966.1500244140625,1967.199951171875,1966.1500244140625,1967.199951171875,13
2026-09-03 11:05:00+05:30,1967.3499755859375,1967.3499755859375,1966.199951171875,1967.1500244140625,50
2026-09-03 11:06:00+05:30,1967.199951171875,1967.4000244140625,1966.1500244140625,1967.199951171875,139
2026-09-03 11:07:00+05:30,1967.1500244140625,1967.25,1967.0,1967.050048828125,29
2026-09-03 11:08:00+05:30,1967.300048828125,1967.300048828125,1967.300048828125,1967.300048828125,3
2026-09-03 11:09:00+05:30,1967.0999755859375,1967.300048828125,1967.0,1967.0,46
2026-09-03 11:10:00+05:30,1967.300048828125,1967.300048828125,1967.0,1967.0,14
2026-09-03 11:11:00+05:30,1967.4000244140625,1967.4000244140625,1967.0,1967.0,96
2026-09-03 11:12:00+05:30,1967.0,1967.699951171875,1967.0,1967.4000244140625,20
2026-09-03 11:13:00+05:30,1966.199951171875,1968.25,1966.199951171875,1967.699951171875,446
2026-09-03 11:14:00+05:30,1964.4000244140625,1965.699951171875,1964.4000244140625,1965.699951171875,273
2026-09-03 11:15:00+05:30,1967.449951171875,1967.5999755859375,1965.0,1965.0,145
2026-09-03 11:16:00+05:30,1968.300048828125,1968.75,1966.8499755859375,1967.449951171875,162
2026-09-03 11:17:00+05:30,1967.6500244140625,1969.1500244140625,1967.4000244140625,1968.300048828125,442
2026-09-03 11:18:00+05:30,1966.9000244140625,1968.9000244140625,1966.9000244140625,1967.6500244140625,42
2026-09-03 11:19:00+05:30,1968.0999755859375,1969.050048828125,1966.800048828125,1967.550048828125,117
2026-09-03 11:20:00+05:30,1966.199951171875,1968.300048828125,1966.199951171875,1966.949951171875,207
2026-09-03 11:21:00+05:30,1967.0,1967.8499755859375,1966.3499755859375,1966.949951171875,77
2026-09-03 11:22:00+05:30,1967.0,1967.0,1966.300048828125,1966.4000244140625,97
2026-09-03 11:23:00+05:30,1966.449951171875,1967.0,1966.25,1967.0,75
2026-09-03 11:24:00+05:30,1966.550048828125,1966.9000244140625,1966.199951171875,1966.800048828125,206
2026-09-03 11:25:00+05:30,1967.0,1967.0,1965.800048828125,1966.550048828125,37
2026-09-03 11:26:00+05:30,1966.699951171875,1967.0,1966.699951171875,1967.0,21
2026-09-03 11:27:00+05:30,1966.0,1966.699951171875,1966.0,1966.0,90
2026-09-03 11:28:00+05:30,1965.9000244140625,1966.5,1965.9000244140625,1966.0999755859375,84
2026-09-03 11:29:00+05:30,1966.199951171875,1966.199951171875,1966.0,1966.0,398
2026-09-03 11:30:00+05:30,1966.800048828125,1967.0,1966.300048828125,1967.0,49
2026-09-03 11:31:00+05:30,1966.699951171875,1966.800048828125,1965.699951171875,1966.0,23
2026-09-03 11:32:00+05:30,1966.0999755859375,1967.0,1965.9000244140625,1966.699951171875,18
2026-09-03 11:33:00+05:30,1966.8499755859375,1967.0,1966.0999755859375,1966.0999755859375,98
2026-09-03 11:34:00+05:30,1966.8499755859375,1966.8499755859375,1966.0,1966.5,142
2026-09-03 11:35:00+05:30,1965.9000244140625,1966.0,1965.9000244140625,1966.0,72
2026-09-03 11:36:00+05:30,1966.6500244140625,1967.0,1964.699951171875,1967.0,2241
2026-09-03 11:37:00+05:30,1967.1500244140625,1967.1500244140625,1966.5999755859375,1966.5999755859375,79
2026-09-03 11:38:00+05:30,1967.800048828125,1967.8499755859375,1967.1500244140625,1967.800048828125,54
2026-09-03 11:39:00+05:30,1967.5,1967.8499755859375,1967.0,1967.800048828125,91
2026-09-03 11:40:00+05:30,1969.0,1969.0,1967.699951171875,1967.699951171875,25468
2026-09-03 11:41:00+05:30,1968.699951171875,1968.949951171875,1968.699951171875,1968.949951171875,24
2026-09-03 11:42:00+05:30,1968.9000244140625,1969.0,1968.1500244140625,1968.800048828125,50
2026-09-03 11:43:00+05:30,1968.0,1968.75,1968.0,1968.0999755859375,49
2026-09-03 11:44:00+05:30,1969.0,1969.0,1969.0,1969.0,4
2026-09-03 11:45:00+05:30,1968.4000244140625,1968.800048828125,1968.4000244140625,1968.4000244140625,18
2026-09-03 11:46:00+05:30,1968.300048828125,1968.4000244140625,1968.0,1968.4000244140625,76
2026-09-03 11:47:00+05:30,1968.25,1968.4000244140625,1968.25,1968.4000244140625,104
2026-09-03 11:48:00+05:30,1968.25,1968.25,1967.5,1968.25,95
2026-09-03 11:49:00+05:30,1968.0999755859375,1969.0,1968.0999755859375,1969.0,105
2026-09-03 11:50:00+05:30,1967.5999755859375,1968.0,1967.5999755859375,1968.0,44
2026-09-03 11:51:00+05:30,1967.199951171875,1968.0999755859375,1967.199951171875,1968.0,63
2026-09-03 11:52:00+05:30,1967.3499755859375,1967.6500244140625,1966.8499755859375,1967.0,341
2026-09-03 11:53:00+05:30,1967.1500244140625,1967.3499755859375,1966.300048828125,1967.3499755859375,16
2026-09-03 11:54:00+05:30,1966.4000244140625,1967.1500244140625,1966.4000244140625,1967.1500244140625,152
2026-09-03 11:55:00+05:30,1966.6500244140625,1967.0999755859375,1966.4000244140625,1967.0999755859375,15
2026-09-03 11:56:00+05:30,1967.1500244140625,1967.1500244140625,1966.050048828125,1966.050048828125,231
2026-09-03 11:57:00+05:30,1967.199951171875,1967.5,1967.050048828125,1967.0999755859375,91
2026-09-03 11:58:00+05:30,1967.1500244140625,1967.800048828125,1967.1500244140625,1967.300048828125,207
2026-09-03 11:59:00+05:30,1966.5,1967.300048828125,1966.5,1967.25,21
2026-09-03 12:00:00+05:30,1966.800048828125,1967.4000244140625,1966.4000244140625,1966.4000244140625,120
2026-09-03 12:01:00+05:30,1966.5999755859375,1966.699951171875,1966.300048828125,1966.699951171875,16
2026-09-03 12:02:00+05:30,1966.0,1966.550048828125,1966.0,1966.550048828125,13
2026-09-03 12:03:00+05:30,1965.199951171875,1966.1500244140625,1965.199951171875,1966.0,216
2026-09-03 12:04:00+05:30,1965.0,1965.0999755859375,1964.300048828125,1965.0999755859375,1841
2026-09-03 12:05:00+05:30,1965.0,1965.75,1964.699951171875,1964.699951171875,276
2026-09-03 12:06:00+05:30,1965.699951171875,1965.699951171875,1965.0,1965.0,4
2026-09-03 12:07:00+05:30,1964.8499755859375,1964.8499755859375,1964.699951171875,1964.699951171875,22
2026-09-03 12:08:00+05:30,1964.25,1965.4000244140625,1964.25,1965.4000244140625,47
2026-09-03 12:09:00+05:30,1964.0,1965.1500244140625,1964.0,1965.1500244140625,168
2026-09-03 12:10:00+05:30,1965.0,1965.800048828125,1964.5999755859375,1964.5999755859375,185
2026-09-03 12:11:00+05:30,1964.5,1965.1500244140625,1964.0999755859375,1964.0999755859375,26
2026-09-03 12:12:00+05:30,1965.0999755859375,1965.1500244140625,1964.0999755859375,1964.5,90
2026-09-03 12:13:00+05:30,1964.0,1965.050048828125,1964.0,1965.050048828125,278
2026-09-03 12:14:00+05:30,1965.0999755859375,1965.1500244140625,1964.199951171875,1965.0999755859375,37
2026-09-03 12:15:00+05:30,1963.800048828125,1965.199951171875,1963.800048828125,1965.0999755859375,138
2026-09-03 12:16:00+05:30,1964.6500244140625,1964.699951171875,1963.5,1964.0999755859375,107
2026-09-03 12:17:00+05:30,1963.800048828125,1964.8499755859375,1963.3499755859375,1964.6500244140625,65
2026-09-03 12:18:00+05:30,1964.0,1965.75,1963.550048828125,1963.5999755859375,142
2026-09-03 12:19:00+05:30,1963.800048828125,1964.050048828125,1963.800048828125,1964.050048828125,21
2026-09-03 12:20:00+05:30,1964.4000244140625,1965.8499755859375,1963.800048828125,1963.800048828125,68
2026-09-03 12:21:00+05:30,1965.199951171875,1965.800048828125,1965.0,1965.800048828125,77
2026-09-03 12:22:00+05:30,1964.5999755859375,1965.4000244140625,1964.449951171875,1965.4000244140625,23
2026-09-03 12:23:00+05:30,1964.449951171875,1964.449951171875,1964.0,1964.0,237
2026-09-03 12:24:00+05:30,1963.4000244140625,1964.4000244140625,1963.4000244140625,1964.0,68
2026-09-03 12:25:00+05:30,1963.5,1964.1500244140625,1963.0,1963.4000244140625,179
2026-09-03 12:26:00+05:30,1963.0,1963.5,1963.0,1963.0,60
2026-09-03 12:27:00+05:30,1961.5,1963.0,1961.5,1963.0,802
2026-09-03 12:28:00+05:30,1961.25,1962.0,1961.25,1961.5,115
2026-09-03 12:29:00+05:30,1961.8499755859375,1962.050048828125,1960.0,1962.0,2200
2026-09-03 12:30:00+05:30,1962.4000244140625,1962.4000244140625,1960.800048828125,1961.5,197
2026-09-03 12:31:00+05:30,1962.199951171875,1962.8499755859375,1961.949951171875,1961.949951171875,44
2026-09-03 12:32:00+05:30,1962.449951171875,1962.449951171875,1961.0,1962.050048828125,234
2026-09-03 12:33:00+05:30,1962.1500244140625,1962.4000244140625,1962.050048828125,1962.4000244140625,91
2026-09-03 12:34:00+05:30,1962.25,1962.25,1961.0999755859375,1962.0999755859375,23
2026-09-03 12:35:00+05:30,1961.050048828125,1962.1500244140625,1961.0,1961.800048828125,201
2026-09-03 12:36:00+05:30,1961.699951171875,1962.449951171875,1960.800048828125,1961.9000244140625,47
2026-09-03 12:37:00+05:30,1961.0,1961.5,1961.0,1961.5,255
2026-09-03 12:38:00+05:30,1961.550048828125,1961.5999755859375,1961.0,1961.0,81
2026-09-03 12:39:00+05:30,1961.550048828125,1962.25,1961.5,1961.550048828125,88
2026-09-03 12:40:00+05:30,1961.550048828125,1962.25,1961.0,1962.199951171875,123
2026-09-03 12:41:00+05:30,1960.699951171875,1962.0,1960.300048828125,1961.5,191
2026-09-03 12:42:00+05:30,1961.25,1961.5999755859375,1960.300048828125,1961.5999755859375,156
2026-09-03 12:43:00+05:30,1960.6500244140625,1961.6500244140625,1960.6500244140625,1961.25,59
2026-09-03 12:44:00+05:30,1961.6500244140625,1961.6500244140625,1960.6500244140625,1961.6500244140625,52
2026-09-03 12:45:00+05:30,1960.6500244140625,1961.949951171875,1960.6500244140625,1961.6500244140625,117
2026-09-03 12:46:00+05:30,1960.75,1961.9000244140625,1960.6500244140625,1960.6500244140625,109
2026-09-03 12:47:00+05:30,1961.0999755859375,1961.9000244140625,1960.6500244140625,1960.75,216
2026-09-03 12:48:00+05:30,1961.449951171875,1961.949951171875,1960.6500244140625,1961.949951171875,149
2026-09-03 12:49:00+05:30,1960.5,1961.949951171875,1960.5,1961.6500244140625,140
2026-09-03 12:50:00+05:30,1961.8499755859375,1961.949951171875,1960.5,1960.5,60
2026-09-03 12:51:00+05:30,1960.8499755859375,1962.300048828125,1960.550048828125,1961.8499755859375,246
2026-09-03 12:52:00+05:30,1961.0,1961.949951171875,1960.3499755859375,1960.6500244140625,351
2026-09-03 12:53:00+05:30,1962.25,1962.25,1960.949951171875,1961.0999755859375,76
2026-09-03 12:54:00+05:30,1961.949951171875,1963.0,1961.0,1962.25,273
2026-09-03 12:55:00+05:30,1962.1500244140625,1962.550048828125,1961.5,1962.0,170
2026-09-03 12:56:00+05:30,1961.699951171875,1962.0999755859375,1961.5,1962.0999755859375,160
2026-09-03 12:57:00+05:30,1961.75,1963.3499755859375,1961.75,1963.0,41
2026-09-03 12:58:00+05:30,1962.5999755859375,1963.1500244140625,1961.5,1961.75,48
2026-09-03 12:59:00+05:30,1962.800048828125,1963.0999755859375,1961.75,1962.6500244140625,23
2026-09-03 13:00:00+05:30,1962.9000244140625,1962.9000244140625,1961.800048828125,1962.0,170
2026-09-03 13:01:00+05:30,1962.1500244140625,1962.9000244140625,1961.9000244140625,1962.9000244140625,157
2026-09-03 13:02:00+05:30,1962.199951171875,1963.449951171875,1961.5999755859375,1963.3499755859375,98
2026-09-03 13:03:00+05:30,1961.5999755859375,1963.199951171875,1961.550048828125,1962.199951171875,53
2026-09-03 13:04:00+05:30,1963.0,1963.199951171875,1962.0,1962.0,28
2026-09-03 13:05:00+05:30,1962.699951171875,1963.449951171875,1962.699951171875,1963.0,84
2026-09-03 13:06:00+05:30,1962.5,1963.449951171875,1962.449951171875,1962.699951171875,159
2026-09-03 13:07:00+05:30,1961.5,1963.699951171875,1961.5,1963.699951171875,90
2026-09-03 13:08:00+05:30,1962.6500244140625,1964.25,1961.5,1961.5,676
2026-09-03 13:09:00+05:30,1963.050048828125,1963.1500244140625,1961.5999755859375,1962.1500244140625,37
2026-09-03 13:10:00+05:30,1962.0,1963.199951171875,1961.75,1963.199951171875,72
2026-09-03 13:11:00+05:30,1964.5999755859375,1964.699951171875,1962.0,1962.949951171875,116
2026-09-03 13:12:00+05:30,1963.25,1964.699951171875,1963.0999755859375,1964.5999755859375,251
2026-09-03 13:13:00+05:30,1963.300048828125,1963.300048828125,1963.0,1963.0999755859375,123
2026-09-03 13:14:00+05:30,1964.800048828125,1964.800048828125,1962.9000244140625,1963.300048828125,719
2026-09-03 13:15:00+05:30,1964.1500244140625,1965.0,1964.1500244140625,1965.0,31
2026-09-03 13:16:00+05:30,1963.800048828125,1965.5999755859375,1963.800048828125,1964.1500244140625,311
2026-09-03 13:17:00+05:30,1964.050048828125,1965.1500244140625,1963.800048828125,1963.800048828125,272
2026-09-03 13:18:00+05:30,1965.4000244140625,1965.5999755859375,1963.949951171875,1963.949951171875,109
2026-09-03 13:19:00+05:30,1964.0,1965.4000244140625,1963.5999755859375,1965.4000244140625,100
2026-09-03 13:20:00+05:30,1964.8499755859375,1964.949951171875,1964.0,1964.0,37
2026-09-03 13:21:00+05:30,1965.550048828125,1965.550048828125,1964.8499755859375,1964.8499755859375,6
2026-09-03 13:22:00+05:30,1963.9000244140625,1965.0999755859375,1963.75,1965.0,71
2026-09-03 13:23:00+05:30,1964.8499755859375,1965.0999755859375,1963.9000244140625,1963.9000244140625,38
2026-09-03 13:24:00+05:30,1963.949951171875,1965.0,1963.9000244140625,1964.949951171875,69
2026-09-03 13:25:00+05:30,1963.5999755859375,1964.75,1963.0,1963.949951171875,156
2026-09-03 13:26:00+05:30,1963.3499755859375,1964.8499755859375,1963.3499755859375,1963.5999755859375,32
2026-09-03 13:27:00+05:30,1964.6500244140625,1964.8499755859375,1963.25,1964.6500244140625,75
2026-09-03 13:28:00+05:30,1964.449951171875,1964.449951171875,1964.4000244140625,1964.4000244140625,21
2026-09-03 13:29:00+05:30,1963.0,1963.800048828125,1963.0,1963.800048828125,71
2026-09-03 13:30:00+05:30,1963.75,1964.0,1962.949951171875,1963.0,103
2026-09-03 13:31:00+05:30,1963.800048828125,1964.0999755859375,1962.699951171875,1963.699951171875,73
2026-09-03 13:32:00+05:30,1963.800048828125,1963.800048828125,1963.0,1963.800048828125,44
2026-09-03 13:33:00+05:30,1964.1500244140625,1965.0,1963.75,1963.800048828125,142
2026-09-03 13:34:00+05:30,1965.3499755859375,1965.3499755859375,1964.25,1964.300048828125,21
2026-09-03 13:35:00+05:30,1965.0,1965.5,1964.449951171875,1965.0,39
2026-09-03 13:36:00+05:30,1966.1500244140625,1966.699951171875,1965.4000244140625,1965.5,161
2026-09-03 13:37:00+05:30,1963.4000244140625,1964.9000244140625,1963.3499755859375,1964.9000244140625,54
2026-09-03 13:38:00+05:30,1964.699951171875,1964.699951171875,1962.6500244140625,1963.300048828125,92
2026-09-03 13:39:00+05:30,1964.1500244140625,1964.449951171875,1963.0,1964.449951171875,193
2026-09-03 13:40:00+05:30,1962.699951171875,1965.5,1962.6500244140625,1964.25,377
2026-09-03 13:41:00+05:30,1963.949951171875,1964.0,1962.9000244140625,1963.9000244140625,512
2026-09-03 13:42:00+05:30,1962.75,1962.75,1962.75,1962.75,20
2026-09-03 13:43:00+05:30,1962.5,1962.800048828125,1962.5,1962.75,69
2026-09-03 13:44:00+05:30,1962.5,1963.050048828125,1962.5,1962.800048828125,53
2026-09-03 13:45:00+05:30,1962.0,1963.0,1961.800048828125,1963.0,94
2026-09-03 13:46:00+05:30,1962.0,1962.0,1961.5,1961.5999755859375,15
2026-09-03 13:47:00+05:30,1961.25,1962.300048828125,1961.25,1962.300048828125,173
2026-09-03 13:48:00+05:30,1961.25,1961.699951171875,1961.25,1961.699951171875,96
2026-09-03 13:49:00+05:30,1961.800048828125,1961.800048828125,1961.0,1961.300048828125,274
2026-09-03 13:50:00+05:30,1962.0,1962.0,1961.0,1961.800048828125,57
2026-09-03 13:51:00+05:30,1962.3499755859375,1962.3499755859375,1961.3499755859375,1962.0,24
2026-09-03 13:52:00+05:30,1960.949951171875,1962.0999755859375,1960.949951171875,1962.0,197
2026-09-03 13:53:00+05:30,1961.0,1961.0,1960.6500244140625,1960.699951171875,28
2026-09-03 13:54:00+05:30,1961.75,1961.8499755859375,1961.0,1961.0,208
2026-09-03 13:55:00+05:30,1961.9000244140625,1961.9000244140625,1961.0,1961.699951171875,87
2026-09-03 13:56:00+05:30,1962.449951171875,1962.449951171875,1960.800048828125,1960.800048828125,91
2026-09-03 13:57:00+05:30,1962.0,1962.0,1961.0999755859375,1961.800048828125,151
2026-09-03 13:58:00+05:30,1961.949951171875,1961.949951171875,1961.5,1961.5,17
2026-09-03 13:59:00+05:30,1961.050048828125,1962.25,1961.0,1962.0,59
2026-09-03 14:00:00+05:30,1962.0,1962.75,1961.050048828125,1961.050048828125,80
2026-09-03 14:01:00+05:30,1961.0999755859375,1962.75,1961.0,1962.0,74
2026-09-03 14:02:00+05:30,1961.0,1962.3499755859375,1961.0,1961.199951171875,147
2026-09-03 14:03:00+05:30,1961.5999755859375,1963.0,1961.1500244140625,1961.1500244140625,91
2026-09-03 14:04:00+05:30,1961.800048828125,1963.0,1961.1500244140625,1962.8499755859375,70
2026-09-03 14:05:00+05:30,1961.5999755859375,1962.9000244140625,1961.5,1961.75,96
2026-09-03 14:06:00+05:30,1961.300048828125,1962.5,1961.300048828125,1961.5999755859375,72
2026-09-03 14:07:00+05:30,1961.699951171875,1962.6500244140625,1961.300048828125,1961.5999755859375,27
2026-09-03 14:08:00+05:30,1961.800048828125,1962.6500244140625,1961.5999755859375,1961.699951171875,74
2026-09-03 14:09:00+05:30,1962.5999755859375,1963.0,1961.800048828125,1963.0,4
2026-09-03 14:10:00+05:30,1962.5,1962.6500244140625,1961.699951171875,1962.550048828125,132
2026-09-03 14:11:00+05:30,1962.0,1962.0,1961.699951171875,1962.0,311
2026-09-03 14:12:00+05:30,1962.5,1962.800048828125,1961.6500244140625,1961.6500244140625,53
2026-09-03 14:13:00+05:30,1962.0,1962.0,1961.6500244140625,1961.6500244140625,106
2026-09-03 14:14:00+05:30,1962.0,1962.1500244140625,1961.300048828125,1962.1500244140625,63
2026-09-03 14:15:00+05:30,1962.5,1962.5,1961.0999755859375,1962.25,74
2026-09-03 14:16:00+05:30,1961.949951171875,1963.0,1961.9000244140625,1961.9000244140625,200
2026-09-03 14:17:00+05:30,1965.0999755859375,1965.0999755859375,1962.5999755859375,1962.5999755859375,603
2026-09-03 14:18:00+05:30,1964.699951171875,1965.0999755859375,1963.300048828125,1965.0999755859375,56
2026-09-03 14:19:00+05:30,1964.0,1964.8499755859375,1964.0,1964.8499755859375,24
2026-09-03 14:20:00+05:30,1964.5999755859375,1965.5999755859375,1964.0,1964.0,573
2026-09-03 14:21:00+05:30,1964.0,1965.1500244140625,1964.0,1965.1500244140625,18
2026-09-03 14:22:00+05:30,1963.1500244140625,1965.0,1963.1500244140625,1964.949951171875,29
2026-09-03 14:23:00+05:30,1964.1500244140625,1964.449951171875,1963.0,1963.1500244140625,55
2026-09-03 14:24:00+05:30,1964.0,1964.699951171875,1963.0,1964.1500244140625,209
2026-09-03 14:25:00+05:30,1963.4000244140625,1964.800048828125,1963.199951171875,1963.949951171875,268
2026-09-03 14:26:00+05:30,1964.0999755859375,1964.199951171875,1962.550048828125,1964.199951171875,124
2026-09-03 14:27:00+05:30,1963.1500244140625,1964.3499755859375,1962.5,1964.0999755859375,115
2026-09-03 14:28:00+05:30,1964.199951171875,1964.199951171875,1962.0,1963.1500244140625,130
2026-09-03 14:29:00+05:30,1963.0,1964.25,1962.199951171875,1964.25,223
2026-09-03 14:30:00+05:30,1963.449951171875,1963.699951171875,1962.199951171875,1963.0,76
2026-09-03 14:31:00+05:30,1964.6500244140625,1964.6500244140625,1962.300048828125,1963.449951171875,90
2026-09-03 14:32:00+05:30,1963.800048828125,1964.5,1963.4000244140625,1964.449951171875,89
2026-09-03 14:33:00+05:30,1963.550048828125,1963.6500244140625,1962.449951171875,1963.0,92
2026-09-03 14:34:00+05:30,1963.6500244140625,1963.800048828125,1962.449951171875,1962.449951171875,47
2026-09-03 14:35:00+05:30,1962.5999755859375,1963.1500244140625,1962.5999755859375,1963.0,72
2026-09-03 14:36:00+05:30,1962.199951171875,1963.949951171875,1962.199951171875,1963.050048828125,366
2026-09-03 14:37:00+05:30,1962.449951171875,1963.800048828125,1962.449951171875,1963.75,150
2026-09-03 14:38:00+05:30,1962.800048828125,1963.300048828125,1962.300048828125,1962.5999755859375,341
2026-09-03 14:39:00+05:30,1963.6500244140625,1964.199951171875,1962.199951171875,1962.199951171875,1216
2026-09-03 14:40:00+05:30,1963.0,1963.6500244140625,1962.4000244140625,1963.6500244140625,122
2026-09-03 14:41:00+05:30,1962.5,1963.75,1962.5,1963.0,207
2026-09-03 14:42:00+05:30,1962.550048828125,1963.5999755859375,1962.3499755859375,1962.550048828125,93
2026-09-03 14:43:00+05:30,1962.300048828125,1963.6500244140625,1962.300048828125,1962.550048828125,127
2026-09-03 14:44:00+05:30,1962.9000244140625,1963.5,1962.199951171875,1962.25,100
2026-09-03 14:45:00+05:30,1962.300048828125,1963.300048828125,1962.25,1962.9000244140625,106
2026-09-03 14:46:00+05:30,1962.5999755859375,1962.5999755859375,1962.199951171875,1962.300048828125,233
2026-09-03 14:47:00+05:30,1963.0,1963.5,1962.25,1962.5999755859375,287
2026-09-03 14:48:00+05:30,1962.25,1963.6500244140625,1962.199951171875,1963.0,164
2026-09-03 14:49:00+05:30,1963.949951171875,1963.949951171875,1961.75,1962.25,249
2026-09-03 14:50:00+05:30,1963.8499755859375,1964.300048828125,1960.0999755859375,1964.300048828125,5008
2026-09-03 14:51:00+05:30,1962.6500244140625,1963.25,1961.449951171875,1963.25,220
2026-09-03 14:52:00+05:30,1962.0,1962.6500244140625,1960.9000244140625,1962.6500244140625,124
2026-09-03 14:53:00+05:30,1962.5999755859375,1962.5999755859375,1961.0999755859375,1962.0,595
2026-09-03 14:54:00+05:30,1962.5999755859375,1962.6500244140625,1961.5,1962.300048828125,346
2026-09-03 14:55:00+05:30,1962.3499755859375,1962.5,1961.25,1962.5,59
2026-09-03 14:56:00+05:30,1961.050048828125,1962.449951171875,1961.0,1962.449951171875,177
2026-09-03 14:57:00+05:30,1961.449951171875,1961.75,1960.1500244140625,1961.050048828125,350
2026-09-03 14:58:00+05:30,1961.300048828125,1961.949951171875,1960.75,1961.449951171875,348
2026-09-03 14:59:00+05:30,1961.0,1962.0,1961.0,1961.449951171875,75
2026-09-03 15:00:00+05:30,1960.9000244140625,1961.75,1960.9000244140625,1961.3499755859375,308
2026-09-03 15:01:00+05:30,1960.699951171875,1961.6500244140625,1960.5999755859375,1961.5,17
2026-09-03 15:02:00+05:30,1960.800048828125,1960.8499755859375,1960.0999755859375,1960.699951171875,161
2026-09-03 15:03:00+05:30,1961.699951171875,1961.699951171875,1960.4000244140625,1961.0,99
2026-09-03 15:04:00+05:30,1960.0,1961.300048828125,1960.0,1961.300048828125,1630
2026-09-03 15:05:00+05:30,1961.300048828125,1961.3499755859375,1960.25,1960.949951171875,180
2026-09-03 15:06:00+05:30,1960.0,1961.0999755859375,1960.0,1960.949951171875,248
2026-09-03 15:07:00+05:30,1960.0,1961.6500244140625,1960.0,1960.8499755859375,512
2026-09-03 15:08:00+05:30,1961.550048828125,1961.75,1960.0,1960.0,186
2026-09-03 15:09:00+05:30,1961.5999755859375,1961.699951171875,1960.050048828125,1960.050048828125,758
2026-09-03 15:10:00+05:30,1964.3499755859375,1964.9000244140625,1960.0999755859375,1960.699951171875,988
2026-09-03 15:11:00+05:30,1961.0,1963.550048828125,1961.0,1963.550048828125,42
2026-09-03 15:12:00+05:30,1961.0,1962.0,1961.0,1961.949951171875,92
2026-09-03 15:13:00+05:30,1960.0,1961.8499755859375,1960.0,1961.0,1912
2026-09-03 15:14:00+05:30,1961.0999755859375,1962.0,1961.0,1961.6500244140625,110
2026-09-03 15:28:00+05:30,1956.1500244140625,1956.1500244140625,1956.1500244140625,1956.1500244140625,9912
2026-09-04 09:15:00+05:30,1956.5999755859375,1970.0,1956.199951171875,1970.0,1913
2026-09-04 09:16:00+05:30,1959.5999755859375,1961.550048828125,1957.3499755859375,1958.949951171875,742
2026-09-04 09:17:00+05:30,1958.300048828125,1960.199951171875,1957.699951171875,1960.0999755859375,360
2026-09-04 09:18:00+05:30,1959.449951171875,1960.4000244140625,1958.300048828125,1958.5,824
2026-09-04 09:19:00+05:30,1959.300048828125,1961.199951171875,1959.050048828125,1959.699951171875,747
2026-09-04 09:20:00+05:30,1961.0,1961.8499755859375,1959.25,1959.25,211
2026-09-04 09:21:00+05:30,1957.5,1961.0,1957.5,1959.800048828125,1101
2026-09-04 09:22:00+05:30,1957.0,1957.949951171875,1956.75,1957.5,223
2026-09-04 09:23:00+05:30,1958.0,1958.3499755859375,1957.0,1957.0,94
2026-09-04 09:24:00+05:30,1958.0999755859375,1959.199951171875,1957.5,1958.0,27
2026-09-04 09:25:00+05:30,1959.0,1959.0,1957.5,1958.75,186
2026-09-04 09:26:00+05:30,1959.050048828125,1959.050048828125,1958.4000244140625,1958.949951171875,103
2026-09-04 09:27:00+05:30,1956.5,1959.0,1956.5,1959.0,219
2026-09-04 09:28:00+05:30,1956.300048828125,1957.050048828125,1956.1500244140625,1956.699951171875,188
2026-09-04 09:29:00+05:30,1956.800048828125,1957.0,1956.1500244140625,1956.1500244140625,58
2026-09-04 09:30:00+05:30,1955.1500244140625,1956.5,1955.1500244140625,1956.199951171875,305
2026-09-04 09:31:00+05:30,1955.0,1956.050048828125,1954.9000244140625,1955.199951171875,464
2026-09-04 09:32:00+05:30,1954.9000244140625,1955.5999755859375,1954.9000244140625,1955.0,186
2026-09-04 09:33:00+05:30,1954.699951171875,1955.199951171875,1954.699951171875,1955.0,49
2026-09-04 09:34:00+05:30,1955.0,1956.0,1954.800048828125,1955.5,151
2026-09-04 09:35:00+05:30,1955.0,1955.0,1954.550048828125,1955.0,34
2026-09-04 09:36:00+05:30,1955.0,1955.8499755859375,1955.0,1955.0,113
2026-09-04 09:37:00+05:30,1956.0999755859375,1956.0999755859375,1955.4000244140625,1956.0999755859375,95
2026-09-04 09:38:00+05:30,1956.5999755859375,1956.6500244140625,1955.9000244140625,1955.9000244140625,92
2026-09-04 09:39:00+05:30,1955.1500244140625,1956.5999755859375,1954.0999755859375,1956.5999755859375,128
2026-09-04 09:40:00+05:30,1954.5,1955.0,1954.5,1955.0,72
2026-09-04 09:41:00+05:30,1954.5,1955.699951171875,1954.5,1955.0,32
2026-09-04 09:42:00+05:30,1953.0999755859375,1955.0,1953.0999755859375,1955.0,533
2026-09-04 09:43:00+05:30,1953.449951171875,1953.449951171875,1952.550048828125,1953.0,101
2026-09-04 09:44:00+05:30,1953.699951171875,1953.699951171875,1952.550048828125,1952.550048828125,36
2026-09-04 09:45:00+05:30,1954.8499755859375,1954.9000244140625,1954.0999755859375,1954.0999755859375,82
2026-09-04 09:46:00+05:30,1954.0999755859375,1955.0,1954.0999755859375,1954.300048828125,18
2026-09-04 09:47:00+05:30,1954.300048828125,1954.800048828125,1954.300048828125,1954.800048828125,73
2026-09-04 09:48:00+05:30,1953.5999755859375,1954.300048828125,1953.5,1954.300048828125,125
2026-09-04 09:49:00+05:30,1953.5999755859375,1953.5999755859375,1952.3499755859375,1952.3499755859375,159
2026-09-04 09:50:00+05:30,1953.0,1954.050048828125,1953.0,1953.8499755859375,45
2026-09-04 09:51:00+05:30,1952.0999755859375,1953.9000244140625,1951.0,1953.9000244140625,1214
2026-09-04 09:52:00+05:30,1953.0,1953.1500244140625,1951.3499755859375,1951.550048828125,188
2026-09-04 09:53:00+05:30,1953.4000244140625,1953.4000244140625,1952.0999755859375,1953.0,96
2026-09-04 09:54:00+05:30,1952.050048828125,1953.5999755859375,1952.050048828125,1953.449951171875,137
2026-09-04 09:55:00+05:30,1953.050048828125,1955.0,1952.800048828125,1952.800048828125,528
2026-09-04 09:56:00+05:30,1955.0,1955.0,1953.3499755859375,1953.3499755859375,5
2026-09-04 09:57:00+05:30,1954.0,1954.0,1953.75,1953.949951171875,363
2026-09-04 09:58:00+05:30,1954.4000244140625,1954.5,1954.4000244140625,1954.5,2
2026-09-04 09:59:00+05:30,1954.4000244140625,1954.5999755859375,1954.4000244140625,1954.4000244140625,14
2026-09-04 10:00:00+05:30,1955.699951171875,1956.0,1953.449951171875,1954.199951171875,422
2026-09-04 10:01:00+05:30,1957.25,1958.3499755859375,1956.0,1956.0,335
2026-09-04 10:02:00+05:30,1957.0,1957.449951171875,1955.699951171875,1957.449951171875,336
2026-09-04 10:03:00+05:30,1957.0,1957.0,1957.0,1957.0,5
2026-09-04 10:04:00+05:30,1958.75,1958.9000244140625,1957.0999755859375,1957.0999755859375,110
2026-09-04 10:05:00+05:30,1958.949951171875,1958.949951171875,1958.5,1958.949951171875,88
2026-09-04 10:06:00+05:30,1958.25,1958.25,1957.0999755859375,1958.0,264
2026-09-04 10:07:00+05:30,1958.3499755859375,1958.3499755859375,1958.3499755859375,1958.3499755859375,2
2026-09-04 10:08:00+05:30,1958.199951171875,1958.25,1958.199951171875,1958.25,18
2026-09-04 10:09:00+05:30,1957.949951171875,1958.699951171875,1957.0999755859375,1958.199951171875,242
2026-09-04 10:10:00+05:30,1957.949951171875,1958.0,1957.949951171875,1958.0,12
2026-09-04 10:11:00+05:30,1957.199951171875,1958.300048828125,1956.0,1956.699951171875,336
2026-09-04 10:12:00+05:30,1957.699951171875,1957.9000244140625,1957.199951171875,1957.199951171875,95
2026-09-04 10:13:00+05:30,1957.0999755859375,1958.5999755859375,1957.0999755859375,1958.5999755859375,98
2026-09-04 10:14:00+05:30,1959.0,1959.0,1957.5999755859375,1958.5,198
2026-09-04 10:15:00+05:30,1961.5999755859375,1962.25,1960.0,1960.0,679
2026-09-04 10:16:00+05:30,1963.75,1963.75,1961.800048828125,1961.800048828125,350
2026-09-04 10:17:00+05:30,1963.199951171875,1964.0999755859375,1963.0,1963.0999755859375,288
2026-09-04 10:18:00+05:30,1964.0,1964.25,1963.0,1963.5,186
2026-09-04 10:19:00+05:30,1963.800048828125,1963.800048828125,1963.0999755859375,1963.75,64
2026-09-04 10:20:00+05:30,1966.199951171875,1966.199951171875,1963.699951171875,1963.699951171875,710
2026-09-04 10:21:00+05:30,1966.0999755859375,1966.300048828125,1964.9000244140625,1964.9000244140625,115
2026-09-04 10:22:00+05:30,1967.550048828125,1967.949951171875,1966.199951171875,1967.0,332
2026-09-04 10:23:00+05:30,1967.0999755859375,1967.8499755859375,1966.1500244140625,1967.25,264
2026-09-04 10:24:00+05:30,1968.0,1968.0,1967.800048828125,1967.800048828125,103
2026-09-04 10:25:00+05:30,1967.4000244140625,1967.4000244140625,1967.0999755859375,1967.0999755859375,5
2026-09-04 10:26:00+05:30,1967.0,1967.4000244140625,1967.0,1967.4000244140625,7
2026-09-04 10:27:00+05:30,1969.0999755859375,1969.0999755859375,1968.0,1968.0,203
2026-09-04 10:28:00+05:30,1969.5999755859375,1969.5999755859375,1968.449951171875,1968.449951171875,11
2026-09-04 10:29:00+05:30,1968.300048828125,1969.949951171875,1968.300048828125,1969.6500244140625,120
2026-09-04 10:30:00+05:30,1968.300048828125,1968.300048828125,1968.300048828125,1968.300048828125,1
2026-09-04 10:31:00+05:30,1967.699951171875,1968.0,1967.699951171875,1968.0,40
2026-09-04 10:32:00+05:30,1967.699951171875,1968.300048828125,1967.699951171875,1968.300048828125,18
2026-09-04 10:33:00+05:30,1968.199951171875,1968.5999755859375,1967.25,1968.5999755859375,18
2026-09-04 10:34:00+05:30,1967.0999755859375,1967.0999755859375,1967.0999755859375,1967.0999755859375,50
2026-09-04 10:35:00+05:30,1966.5999755859375,1968.050048828125,1966.5999755859375,1967.050048828125,8
2026-09-04 10:36:00+05:30,1965.9000244140625,1966.5999755859375,1965.9000244140625,1966.5999755859375,17
2026-09-04 10:37:00+05:30,1967.300048828125,1967.4000244140625,1966.9000244140625,1967.300048828125,83
2026-09-04 10:38:00+05:30,1968.699951171875,1968.75,1968.0999755859375,1968.0999755859375,254
2026-09-04 10:39:00+05:30,1968.199951171875,1968.199951171875,1968.199951171875,1968.199951171875,46
2026-09-04 10:40:00+05:30,1968.199951171875,1968.25,1968.199951171875,1968.25,10
2026-09-04 10:41:00+05:30,1968.199951171875,1968.199951171875,1968.199951171875,1968.199951171875,1
2026-09-04 10:42:00+05:30,1967.75,1967.75,1967.75,1967.75,26
2026-09-04 10:43:00+05:30,1967.699951171875,1968.300048828125,1967.699951171875,1968.300048828125,26
2026-09-04 10:44:00+05:30,1968.0,1968.25,1968.0,1968.25,44
2026-09-04 10:45:00+05:30,1967.1500244140625,1968.0999755859375,1967.050048828125,1967.699951171875,94
2026-09-04 10:46:00+05:30,1968.0999755859375,1968.0999755859375,1968.0999755859375,1968.0999755859375,261
2026-09-04 10:47:00+05:30,1968.199951171875,1969.199951171875,1968.050048828125,1968.0999755859375,405
2026-09-04 10:48:00+05:30,1968.199951171875,1968.199951171875,1968.199951171875,1968.199951171875,5
2026-09-04 10:49:00+05:30,1968.050048828125,1968.050048828125,1968.050048828125,1968.050048828125,2
2026-09-04 10:50:00+05:30,1968.050048828125,1968.050048828125,1968.050048828125,1968.050048828125,55
2026-09-04 10:51:00+05:30,1968.9000244140625,1968.9000244140625,1967.800048828125,1967.800048828125,12
2026-09-04 10:52:00+05:30,1967.4000244140625,1969.0,1967.4000244140625,1969.0,45
2026-09-04 10:53:00+05:30,1967.0,1967.4000244140625,1967.0,1967.4000244140625,14
2026-09-04 10:54:00+05:30,1968.699951171875,1969.949951171875,1966.6500244140625,1966.6500244140625,198
2026-09-04 10:55:00+05:30,1977.0,1977.550048828125,1969.300048828125,1969.300048828125,3054
2026-09-04 10:56:00+05:30,1976.1500244140625,1977.300048828125,1975.5,1975.800048828125,497
2026-09-04 10:57:00+05:30,1976.199951171875,1976.949951171875,1976.199951171875,1976.9000244140625,31
2026-09-04 10:58:00+05:30,1975.6500244140625,1977.9000244140625,1975.6500244140625,1976.4000244140625,229
2026-09-04 10:59:00+05:30,1975.4000244140625,1976.9000244140625,1974.9000244140625,1974.9000244140625,566
2026-09-04 11:00:00+05:30,1975.300048828125,1975.300048828125,1975.0999755859375,1975.0999755859375,36
2026-09-04 11:01:00+05:30,1975.300048828125,1976.550048828125,1975.300048828125,1976.550048828125,173
2026-09-04 11:02:00+05:30,1975.0999755859375,1975.75,1974.5999755859375,1975.300048828125,187
2026-09-04 11:03:00+05:30,1975.9000244140625,1975.9000244140625,1975.0,1975.0,155
2026-09-04 11:04:00+05:30,1978.0,1978.0,1975.9000244140625,1975.9000244140625,54
2026-09-04 11:05:00+05:30,1977.550048828125,1978.5,1977.550048828125,1978.449951171875,145
2026-09-04 11:06:00+05:30,1978.5,1978.5,1978.0,1978.0,233
2026-09-04 11:07:00+05:30,1975.0999755859375,1978.0,1975.0999755859375,1978.0,318
2026-09-04 11:08:00+05:30,1975.75,1975.75,1975.0,1975.0999755859375,160
2026-09-04 11:09:00+05:30,1976.5,1976.5,1975.0,1975.0,178
2026-09-04 11:10:00+05:30,1977.199951171875,1977.199951171875,1976.4000244140625,1976.4000244140625,79
2026-09-04 11:11:00+05:30,1980.5999755859375,1981.8499755859375,1977.5999755859375,1977.5999755859375,906
2026-09-04 11:12:00+05:30,1981.0,1981.0,1978.5999755859375,1980.0,765
2026-09-04 11:13:00+05:30,1979.550048828125,1980.550048828125,1979.550048828125,1980.0,26
2026-09-04 11:14:00+05:30,1980.0999755859375,1980.0999755859375,1979.300048828125,1980.0,272
2026-09-04 11:15:00+05:30,1980.75,1980.75,1980.0,1980.0,28
2026-09-04 11:16:00+05:30,1981.75,1981.75,1981.0,1981.0,49
2026-09-04 11:17:00+05:30,1981.1500244140625,1981.1500244140625,1980.5,1981.0,85
2026-09-04 11:18:00+05:30,1980.5,1980.5,1980.5,1980.5,6
2026-09-04 11:19:00+05:30,1980.449951171875,1980.449951171875,1980.449951171875,1980.449951171875,1
2026-09-04 11:20:00+05:30,1981.199951171875,1981.199951171875,1980.3499755859375,1980.5999755859375,40
2026-09-04 11:21:00+05:30,1980.449951171875,1981.5,1980.449951171875,1981.5,2
2026-09-04 11:22:00+05:30,1980.4000244140625,1981.5999755859375,1980.300048828125,1980.449951171875,26
2026-09-04 11:23:00+05:30,1981.4000244140625,1981.4000244140625,1981.0,1981.0,11
2026-09-04 11:24:00+05:30,1982.0,1982.0999755859375,1981.300048828125,1981.800048828125,615
2026-09-04 11:25:00+05:30,1982.0999755859375,1982.9000244140625,1981.3499755859375,1982.0,100
2026-09-04 11:26:00+05:30,1981.4000244140625,1982.0999755859375,1981.4000244140625,1982.0999755859375,12
2026-09-04 11:27:00+05:30,1980.0999755859375,1981.800048828125,1980.0999755859375,1981.800048828125,103
2026-09-04 11:28:00+05:30,1980.199951171875,1980.199951171875,1980.0999755859375,1980.0999755859375,100
2026-09-04 11:29:00+05:30,1980.449951171875,1980.449951171875,1978.800048828125,1980.0999755859375,425
2026-09-04 11:30:00+05:30,1980.9000244140625,1980.9000244140625,1980.5,1980.5,41
2026-09-04 11:31:00+05:30,1981.25,1981.25,1980.050048828125,1980.050048828125,142
2026-09-04 11:32:00+05:30,1979.5,1981.199951171875,1979.5,1981.199951171875,2
2026-09-04 11:33:00+05:30,1980.0,1980.3499755859375,1980.0,1980.3499755859375,304
2026-09-04 11:34:00+05:30,1980.050048828125,1980.0999755859375,1979.0999755859375,1979.0999755859375,71
2026-09-04 11:35:00+05:30,1980.1500244140625,1980.5999755859375,1980.0999755859375,1980.0999755859375,57
2026-09-04 11:36:00+05:30,1983.550048828125,1984.0,1979.75,1981.1500244140625,190
2026-09-04 11:37:00+05:30,1981.199951171875,1982.300048828125,1981.199951171875,1982.300048828125,3
2026-09-04 11:38:00+05:30,1982.0,1982.0,1982.0,1982.0,20
2026-09-04 11:39:00+05:30,1981.199951171875,1982.449951171875,1981.199951171875,1982.449951171875,174
2026-09-04 11:40:00+05:30,1980.449951171875,1981.800048828125,1980.449951171875,1980.550048828125,42
2026-09-04 11:42:00+05:30,1980.0,1980.800048828125,1980.0,1980.449951171875,28
2026-09-04 11:43:00+05:30,1980.699951171875,1980.699951171875,1979.25,1980.5999755859375,50
2026-09-04 11:44:00+05:30,1980.449951171875,1980.5999755859375,1979.199951171875,1980.5999755859375,49
2026-09-04 11:45:00+05:30,1980.300048828125,1980.300048828125,1980.300048828125,1980.300048828125,30
2026-09-04 11:47:00+05:30,1980.199951171875,1980.199951171875,1980.0,1980.0,6
2026-09-04 11:48:00+05:30,1979.0999755859375,1979.0999755859375,1979.0999755859375,1979.0999755859375,1
2026-09-04 11:50:00+05:30,1980.199951171875,1980.449951171875,1980.199951171875,1980.449951171875,52
2026-09-04 11:51:00+05:30,1980.4000244140625,1980.4000244140625,1980.4000244140625,1980.4000244140625,11
2026-09-04 11:53:00+05:30,1980.4000244140625,1980.4000244140625,1980.4000244140625,1980.4000244140625,1
2026-09-04 11:55:00+05:30,1980.0,1980.0,1980.0,1980.0,5
2026-09-04 11:56:00+05:30,1980.3499755859375,1980.3499755859375,1980.3499755859375,1980.3499755859375,15
2026-09-04 11:58:00+05:30,1979.9000244140625,1979.9000244140625,1979.0999755859375,1979.0999755859375,12
2026-09-04 11:59:00+05:30,1979.9000244140625,1979.9000244140625,1979.9000244140625,1979.9000244140625,5
2026-09-04 12:00:00+05:30,1978.25,1980.0,1978.25,1980.0,160
2026-09-04 12:01:00+05:30,1979.449951171875,1979.449951171875,1979.0,1979.0,17
2026-09-04 12:02:00+05:30,1979.199951171875,1979.199951171875,1979.199951171875,1979.199951171875,7
2026-09-04 12:03:00+05:30,1979.949951171875,1979.949951171875,1979.199951171875,1979.199951171875,10
2026-09-04 12:04:00+05:30,1979.949951171875,1979.949951171875,1979.949951171875,1979.949951171875,19
2026-09-04 12:05:00+05:30,1979.949951171875,1979.949951171875,1979.949951171875,1979.949951171875,3
2026-09-04 12:06:00+05:30,1979.949951171875,1980.0,1979.949951171875,1979.949951171875,17
2026-09-04 12:07:00+05:30,1980.0,1980.0,1980.0,1980.0,100
2026-09-04 12:08:00+05:30,1979.199951171875,1980.0,1979.199951171875,1980.0,386
2026-09-04 12:09:00+05:30,1980.25,1980.25,1980.25,1980.25,50
2026-09-04 12:10:00+05:30,1980.050048828125,1980.050048828125,1979.199951171875,1979.199951171875,21
2026-09-04 12:13:00+05:30,1979.1500244140625,1979.1500244140625,1979.1500244140625,1979.1500244140625,5
2026-09-04 12:14:00+05:30,1979.0,1979.0,1979.0,1979.0,206
2026-09-04 12:15:00+05:30,1980.0,1980.0,1979.0,1979.0,34
2026-09-04 12:16:00+05:30,1977.5999755859375,1980.0,1977.5999755859375,1980.0,92
2026-09-04 12:17:00+05:30,1979.0,1979.3499755859375,1977.5,1977.5999755859375,76
2026-09-04 12:18:00+05:30,1978.9000244140625,1978.9000244140625,1978.9000244140625,1978.9000244140625,4
2026-09-04 12:19:00+05:30,1978.949951171875,1978.949951171875,1977.5,1977.5,18
2026-09-04 12:20:00+05:30,1974.449951171875,1974.75,1971.699951171875,1974.5999755859375,2888
2026-09-04 12:21:00+05:30,1976.300048828125,1976.300048828125,1974.300048828125,1974.699951171875,138
2026-09-04 12:22:00+05:30,1975.050048828125,1975.050048828125,1975.050048828125,1975.050048828125,450
2026-09-04 12:23:00+05:30,1977.75,1977.75,1975.699951171875,1976.75,187
2026-09-04 12:24:00+05:30,1974.4000244140625,1976.949951171875,1974.4000244140625,1976.9000244140625,302
2026-09-04 12:25:00+05:30,1977.25,1977.25,1976.0,1976.0,22
2026-09-04 12:26:00+05:30,1976.4000244140625,1976.4000244140625,1976.4000244140625,1976.4000244140625,8
2026-09-04 12:28:00+05:30,1974.4000244140625,1974.4000244140625,1974.4000244140625,1974.4000244140625,22
2026-09-04 12:29:00+05:30,1975.300048828125,1976.300048828125,1974.9000244140625,1974.9000244140625,197
2026-09-04 12:30:00+05:30,1975.300048828125,1975.300048828125,1975.300048828125,1975.300048828125,1
2026-09-04 12:31:00+05:30,1977.1500244140625,1977.3499755859375,1977.1500244140625,1977.3499755859375,35
2026-09-04 12:32:00+05:30,1976.949951171875,1976.949951171875,1975.550048828125,1975.75,13
2026-09-04 12:33:00+05:30,1976.800048828125,1976.800048828125,1975.5,1975.550048828125,19
2026-09-04 12:34:00+05:30,1975.9000244140625,1975.9000244140625,1975.9000244140625,1975.9000244140625,1
2026-09-04 12:37:00+05:30,1977.0,1977.0,1975.9000244140625,1975.9000244140625,51
2026-09-04 12:38:00+05:30,1976.800048828125,1977.0,1975.9000244140625,1975.9000244140625,7
2026-09-04 12:40:00+05:30,1976.550048828125,1976.550048828125,1976.550048828125,1976.550048828125,1
2026-09-04 12:41:00+05:30,1977.75,1977.75,1977.75,1977.75,1
2026-09-04 12:42:00+05:30,1978.6500244140625,1978.6500244140625,1978.6500244140625,1978.6500244140625,25
2026-09-04 12:43:00+05:30,1979.199951171875,1979.199951171875,1979.199951171875,1979.199951171875,5
2026-09-04 12:44:00+05:30,1977.8499755859375,1977.8499755859375,1977.4000244140625,1977.4000244140625,310
2026-09-04 12:46:00+05:30,1978.949951171875,1978.949951171875,1978.949951171875,1978.949951171875,10
2026-09-04 12:47:00+05:30,1978.949951171875,1978.949951171875,1978.949951171875,1978.949951171875,29
2026-09-04 12:48:00+05:30,1980.0,1980.0,1979.699951171875,1979.699951171875,11
2026-09-04 12:49:00+05:30,1980.0,1980.0,1980.0,1980.0,22
2026-09-04 12:50:00+05:30,1980.0999755859375,1980.0999755859375,1980.0999755859375,1980.0999755859375,1
2026-09-04 12:51:00+05:30,1979.0999755859375,1980.0999755859375,1979.0999755859375,1980.0,159
2026-09-04 12:53:00+05:30,1980.0,1980.0,1979.050048828125,1979.050048828125,50
2026-09-04 12:54:00+05:30,1980.0999755859375,1980.0999755859375,1979.949951171875,1979.949951171875,30
2026-09-04 12:55:00+05:30,1980.300048828125,1980.300048828125,1980.0,1980.0,38
2026-09-04 12:56:00+05:30,1980.4000244140625,1980.4000244140625,1980.4000244140625,1980.4000244140625,5
2026-09-04 12:57:00+05:30,1979.949951171875,1980.4000244140625,1979.9000244140625,1980.4000244140625,30
2026-09-04 12:58:00+05:30,1980.0,1980.0,1980.0,1980.0,27
2026-09-04 12:59:00+05:30,1980.4000244140625,1980.4000244140625,1980.0,1980.0,55
2026-09-04 13:00:00+05:30,1980.4000244140625,1980.4000244140625,1980.4000244140625,1980.4000244140625,50
2026-09-04 13:01:00+05:30,1978.949951171875,1979.300048828125,1978.949951171875,1979.300048828125,64
2026-09-04 13:02:00+05:30,1980.5,1980.5,1978.699951171875,1978.699951171875,108
2026-09-04 13:03:00+05:30,1980.3499755859375,1980.3499755859375,1980.3499755859375,1980.3499755859375,2
2026-09-04 13:04:00+05:30,1978.8499755859375,1978.8499755859375,1978.8499755859375,1978.8499755859375,2
2026-09-04 13:06:00+05:30,1980.0999755859375,1980.0999755859375,1980.0999755859375,1980.0999755859375,60
2026-09-04 13:07:00+05:30,1978.699951171875,1978.699951171875,1978.199951171875,1978.199951171875,7
2026-09-04 13:08:00+05:30,1978.5,1978.5,1978.5,1978.5,8
2026-09-04 13:10:00+05:30,1979.0,1980.0999755859375,1979.0,1980.0999755859375,22
2026-09-04 13:11:00+05:30,1978.699951171875,1980.0999755859375,1978.699951171875,1980.0999755859375,15
2026-09-04 13:13:00+05:30,1980.0999755859375,1980.0999755859375,1980.0,1980.0,9
2026-09-04 13:14:00+05:30,1981.75,1981.949951171875,1979.050048828125,1979.050048828125,148
2026-09-04 13:15:00+05:30,1980.4000244140625,1981.199951171875,1979.25,1981.199951171875,30
2026-09-04 13:16:00+05:30,1979.0999755859375,1980.4000244140625,1979.0999755859375,1980.4000244140625,17
2026-09-04 13:17:00+05:30,1980.0,1980.4000244140625,1979.3499755859375,1979.3499755859375,50
2026-09-04 13:18:00+05:30,1980.0,1980.0,1980.0,1980.0,26
2026-09-04 13:19:00+05:30,1980.0,1980.0,1980.0,1980.0,25
2026-09-04 13:20:00+05:30,1980.300048828125,1980.300048828125,1980.300048828125,1980.300048828125,1
2026-09-04 13:22:00+05:30,1980.199951171875,1980.199951171875,1980.199951171875,1980.199951171875,10
2026-09-04 13:24:00+05:30,1978.6500244140625,1980.25,1978.6500244140625,1980.0,57
2026-09-04 13:26:00+05:30,1974.4000244140625,1979.5,1974.4000244140625,1979.5,1831
2026-09-04 13:27:00+05:30,1972.5999755859375,1973.5,1972.449951171875,1973.199951171875,120
2026-09-04 13:28:00+05:30,1973.6500244140625,1973.6500244140625,1973.199951171875,1973.199951171875,4
2026-09-04 13:29:00+05:30,1972.9000244140625,1975.8499755859375,1972.9000244140625,1975.0,970
2026-09-04 13:30:00+05:30,1973.1500244140625,1973.1500244140625,1973.1500244140625,1973.1500244140625,350
2026-09-04 13:31:00+05:30,1974.75,1974.75,1973.8499755859375,1973.8499755859375,21
2026-09-04 13:33:00+05:30,1974.75,1974.75,1974.75,1974.75,50
2026-09-04 13:34:00+05:30,1974.949951171875,1974.949951171875,1974.949951171875,1974.949951171875,4
2026-09-04 13:35:00+05:30,1974.5,1974.5,1974.5,1974.5,10
2026-09-04 13:37:00+05:30,1974.5,1975.25,1974.5,1975.199951171875,24
2026-09-04 13:38:00+05:30,1974.5,1974.5,1974.4000244140625,1974.5,61
2026-09-04 13:39:00+05:30,1974.5,1974.5,1974.300048828125,1974.5,40
2026-09-04 13:40:00+05:30,1973.300048828125,1975.050048828125,1973.300048828125,1974.5,38
2026-09-04 13:41:00+05:30,1971.3499755859375,1973.1500244140625,1969.800048828125,1973.1500244140625,1278
2026-09-04 13:42:00+05:30,1970.949951171875,1970.949951171875,1970.949951171875,1970.949951171875,10
2026-09-04 13:43:00+05:30,1972.300048828125,1972.300048828125,1971.0,1971.0,143
2026-09-04 13:44:00+05:30,1970.75,1972.300048828125,1970.050048828125,1971.300048828125,72
2026-09-04 13:45:00+05:30,1970.0,1970.0,1970.0,1970.0,3
2026-09-04 13:46:00+05:30,1971.699951171875,1972.050048828125,1970.4000244140625,1970.4000244140625,139
2026-09-04 13:47:00+05:30,1971.25,1971.25,1971.25,1971.25,10
2026-09-04 13:48:00+05:30,1971.25,1972.0,1971.25,1972.0,20
2026-09-04 13:49:00+05:30,1972.300048828125,1972.300048828125,1971.0,1971.0,40
2026-09-04 13:50:00+05:30,1970.949951171875,1970.949951171875,1970.949951171875,1970.949951171875,8
2026-09-04 13:51:00+05:30,1972.300048828125,1972.300048828125,1972.0999755859375,1972.0999755859375,63
2026-09-04 13:53:00+05:30,1973.0,1973.0,1973.0,1973.0,24
2026-09-04 13:54:00+05:30,1973.0,1973.0,1973.0,1973.0,8
2026-09-04 13:55:00+05:30,1973.0999755859375,1973.0999755859375,1973.0999755859375,1973.0999755859375,10
2026-09-04 13:57:00+05:30,1973.0999755859375,1973.5,1973.0999755859375,1973.5,19
2026-09-04 13:58:00+05:30,1973.0999755859375,1973.0999755859375,1973.0999755859375,1973.0999755859375,25
2026-09-04 14:00:00+05:30,1972.0999755859375,1972.0999755859375,1972.0999755859375,1972.0999755859375,13
2026-09-04 14:01:00+05:30,1972.25,1973.449951171875,1972.25,1973.449951171875,194
2026-09-04 14:02:00+05:30,1972.199951171875,1972.3499755859375,1972.199951171875,1972.3499755859375,15
2026-09-04 14:03:00+05:30,1972.0999755859375,1972.199951171875,1970.8499755859375,1970.8499755859375,108
2026-09-04 14:04:00+05:30,1972.199951171875,1972.199951171875,1972.199951171875,1972.199951171875,2
2026-09-04 14:05:00+05:30,1972.199951171875,1972.199951171875,1972.0,1972.0,97
2026-09-04 14:06:00+05:30,1971.0999755859375,1971.0999755859375,1971.0999755859375,1971.0999755859375,25
2026-09-04 14:07:00+05:30,1972.800048828125,1972.800048828125,1972.4000244140625,1972.4000244140625,11
2026-09-04 14:08:00+05:30,1972.3499755859375,1972.3499755859375,1972.0,1972.0,107
2026-09-04 14:10:00+05:30,1972.3499755859375,1972.3499755859375,1972.3499755859375,1972.3499755859375,4
2026-09-04 14:11:00+05:30,1970.699951171875,1970.699951171875,1970.699951171875,1970.699951171875,25
2026-09-04 14:12:00+05:30,1970.800048828125,1970.800048828125,1970.800048828125,1970.800048828125,100
2026-09-04 14:13:00+05:30,1972.5,1972.5,1972.5,1972.5,40
2026-09-04 14:15:00+05:30,1972.300048828125,1972.300048828125,1971.800048828125,1971.800048828125,2
2026-09-04 14:16:00+05:30,1972.300048828125,1972.300048828125,1971.050048828125,1971.050048828125,9
2026-09-04 14:18:00+05:30,1972.300048828125,1972.300048828125,1972.300048828125,1972.300048828125,11
2026-09-04 14:19:00+05:30,1972.3499755859375,1972.3499755859375,1971.050048828125,1971.050048828125,16
2026-09-04 14:20:00+05:30,1972.3499755859375,1972.3499755859375,1972.3499755859375,1972.3499755859375,1
2026-09-04 14:22:00+05:30,1971.8499755859375,1971.8499755859375,1970.0999755859375,1970.4000244140625,41
2026-09-04 14:23:00+05:30,1971.0,1972.1500244140625,1971.0,1972.1500244140625,19
2026-09-04 14:24:00+05:30,1970.4000244140625,1971.0,1970.4000244140625,1971.0,9
2026-09-04 14:25:00+05:30,1970.0,1971.8499755859375,1970.0,1971.8499755859375,124
2026-09-04 14:26:00+05:30,1972.300048828125,1972.300048828125,1969.9000244140625,1970.5,71
2026-09-04 14:27:00+05:30,1972.25,1972.300048828125,1972.25,1972.300048828125,11
2026-09-04 14:28:00+05:30,1971.0,1971.550048828125,1971.0,1971.550048828125,12
2026-09-04 14:29:00+05:30,1971.9000244140625,1971.9000244140625,1971.9000244140625,1971.9000244140625,1
2026-09-04 14:30:00+05:30,1971.0,1971.0,1971.0,1971.0,8
2026-09-04 14:31:00+05:30,1972.25,1972.25,1972.25,1972.25,5
2026-09-04 14:32:00+05:30,1972.0999755859375,1972.0999755859375,1972.0999755859375,1972.0999755859375,200
2026-09-04 14:33:00+05:30,1973.0,1973.0,1970.75,1970.75,21
2026-09-04 14:34:00+05:30,1972.0,1972.199951171875,1972.0,1972.199951171875,16
2026-09-04 14:35:00+05:30,1970.9000244140625,1972.300048828125,1970.0,1972.300048828125,12
2026-09-04 14:36:00+05:30,1969.6500244140625,1970.949951171875,1969.0,1970.949951171875,67
2026-09-04 14:37:00+05:30,1971.0,1971.1500244140625,1968.699951171875,1968.699951171875,37
2026-09-04 14:39:00+05:30,1971.0,1971.0,1971.0,1971.0,1
2026-09-04 14:40:00+05:30,1970.75,1972.300048828125,1970.75,1971.0,6
2026-09-04 14:41:00+05:30,1972.300048828125,1972.300048828125,1972.300048828125,1972.300048828125,44
2026-09-04 14:42:00+05:30,1972.300048828125,1972.300048828125,1972.300048828125,1972.300048828125,80
2026-09-04 14:43:00+05:30,1972.050048828125,1972.050048828125,1972.050048828125,1972.050048828125,20
2026-09-04 14:44:00+05:30,1972.25,1972.25,1972.0,1972.0,14
2026-09-04 14:45:00+05:30,1972.199951171875,1972.199951171875,1971.300048828125,1971.300048828125,13
2026-09-04 14:46:00+05:30,1972.5,1972.75,1971.800048828125,1972.199951171875,39
2026-09-04 14:47:00+05:30,1971.5,1971.5,1971.5,1971.5,35
2026-09-04 14:48:00+05:30,1972.0,1972.3499755859375,1972.0,1972.3499755859375,22
2026-09-04 14:49:00+05:30,1972.0,1972.0,1972.0,1972.0,6
2026-09-04 14:50:00+05:30,1972.5,1972.5,1971.25,1972.0,116
2026-09-04 14:52:00+05:30,1972.5999755859375,1972.5999755859375,1972.550048828125,1972.550048828125,2
2026-09-04 14:53:00+05:30,1972.5,1972.5,1972.5,1972.5,1
2026-09-04 14:54:00+05:30,1972.5999755859375,1972.5999755859375,1972.3499755859375,1972.3499755859375,53
2026-09-04 14:56:00+05:30,1972.449951171875,1972.449951171875,1972.449951171875,1972.449951171875,3
2026-09-04 14:58:00+05:30,1973.300048828125,1973.300048828125,1972.5,1972.5,52
2026-09-04 14:59:00+05:30,1974.699951171875,1975.0,1974.050048828125,1975.0,184
2026-09-04 15:00:00+05:30,1974.5,1975.0,1974.1500244140625,1975.0,12
2026-09-04 15:01:00+05:30,1974.3499755859375,1974.449951171875,1973.800048828125,1974.449951171875,137
2026-09-04 15:02:00+05:30,1974.800048828125,1974.8499755859375,1974.0,1974.0,84
2026-09-04 15:03:00+05:30,1974.5999755859375,1975.0,1974.199951171875,1974.199951171875,293
2026-09-04 15:04:00+05:30,1974.0,1974.5999755859375,1973.4000244140625,1974.5999755859375,232
2026-09-04 15:06:00+05:30,1973.5,1974.5,1973.5,1973.9000244140625,137
2026-09-04 15:07:00+05:30,1974.050048828125,1974.050048828125,1974.050048828125,1974.050048828125,8
2026-09-04 15:08:00+05:30,1974.4000244140625,1974.4000244140625,1974.1500244140625,1974.1500244140625,145
2026-09-04 15:09:00+05:30,1974.199951171875,1974.3499755859375,1973.199951171875,1973.75,49
2026-09-04 15:10:00+05:30,1973.050048828125,1974.3499755859375,1973.050048828125,1974.3499755859375,36
2026-09-04 15:11:00+05:30,1973.050048828125,1975.0,1973.050048828125,1975.0,105
2026-09-04 15:12:00+05:30,1974.0,1974.0,1973.050048828125,1973.050048828125,310
2026-09-04 15:13:00+05:30,1974.5999755859375,1974.5999755859375,1971.199951171875,1971.199951171875,42
2026-09-04 15:14:00+05:30,1974.0,1974.0,1974.0,1974.0,40
2026-09-04 15:15:00+05:30,1974.0,1974.0,1974.0,1974.0,7
2026-09-04 15:29:00+05:30,1974.0,1974.0,1974.0,1974.0,655
2026-09-07 09:15:00+05:30,1959.0,1972.0,1959.0,1972.0,1298
2026-09-07 09:16:00+05:30,1963.050048828125,1964.6500244140625,1959.0,1959.5,119
2026-09-07 09:17:00+05:30,1962.9000244140625,1963.6500244140625,1961.4000244140625,1961.800048828125,255
2026-09-07 09:18:00+05:30,1962.050048828125,1963.300048828125,1962.0,1962.9000244140625,25
2026-09-07 09:19:00+05:30,1965.25,1965.300048828125,1962.449951171875,1963.300048828125,601
2026-09-07 09:20:00+05:30,1963.949951171875,1965.199951171875,1963.050048828125,1965.199951171875,262
2026-09-07 09:21:00+05:30,1964.699951171875,1965.0999755859375,1963.199951171875,1963.199951171875,467
2026-09-07 09:22:00+05:30,1965.4000244140625,1966.699951171875,1964.0,1964.3499755859375,293
2026-09-07 09:23:00+05:30,1966.0999755859375,1966.949951171875,1965.1500244140625,1966.949951171875,387
2026-09-07 09:24:00+05:30,1965.0,1966.25,1963.3499755859375,1964.75,146
2026-09-07 09:25:00+05:30,1964.0,1965.0,1963.5,1965.0,25
2026-09-07 09:26:00+05:30,1962.300048828125,1964.199951171875,1962.300048828125,1964.199951171875,620
2026-09-07 09:27:00+05:30,1962.300048828125,1963.699951171875,1962.0999755859375,1963.6500244140625,460
2026-09-07 09:28:00+05:30,1962.949951171875,1963.300048828125,1962.0999755859375,1963.300048828125,122
2026-09-07 09:29:00+05:30,1964.0999755859375,1964.0999755859375,1962.050048828125,1963.300048828125,193
2026-09-07 09:30:00+05:30,1964.0,1964.550048828125,1963.0,1963.050048828125,468
2026-09-07 09:31:00+05:30,1963.050048828125,1964.3499755859375,1963.0,1963.0,89
2026-09-07 09:32:00+05:30,1962.8499755859375,1964.4000244140625,1962.8499755859375,1964.199951171875,54
2026-09-07 09:33:00+05:30,1965.0,1965.0,1963.1500244140625,1963.1500244140625,342
2026-09-07 09:34:00+05:30,1962.9000244140625,1964.6500244140625,1962.0,1964.6500244140625,1170
2026-09-07 09:35:00+05:30,1963.0999755859375,1963.1500244140625,1961.6500244140625,1963.1500244140625,14
2026-09-07 09:36:00+05:30,1963.199951171875,1963.3499755859375,1962.0,1962.0,31
2026-09-07 09:37:00+05:30,1963.0,1963.5,1962.0,1962.0,295
2026-09-07 09:38:00+05:30,1962.5,1963.0,1962.0,1963.0,114
2026-09-07 09:39:00+05:30,1963.199951171875,1963.199951171875,1962.5,1962.5,54
2026-09-07 09:40:00+05:30,1963.4000244140625,1963.8499755859375,1963.199951171875,1963.8499755859375,118
2026-09-07 09:41:00+05:30,1963.8499755859375,1963.8499755859375,1962.75,1963.800048828125,40
2026-09-07 09:42:00+05:30,1964.0,1964.0,1963.300048828125,1963.8499755859375,235
2026-09-07 09:43:00+05:30,1964.5,1964.5,1964.0,1964.5,18
2026-09-07 09:44:00+05:30,1965.4000244140625,1965.4000244140625,1964.5,1964.5,70
2026-09-07 09:45:00+05:30,1965.949951171875,1966.4000244140625,1964.5999755859375,1964.5999755859375,538
2026-09-07 09:46:00+05:30,1965.949951171875,1966.3499755859375,1964.8499755859375,1964.8499755859375,394
2026-09-07 09:47:00+05:30,1965.8499755859375,1966.0999755859375,1965.0,1966.0999755859375,596
2026-09-07 09:48:00+05:30,1965.699951171875,1965.699951171875,1965.0,1965.0,72
2026-09-07 09:49:00+05:30,1966.3499755859375,1966.75,1965.0,1965.0,797
2026-09-07 09:50:00+05:30,1966.199951171875,1966.300048828125,1965.5,1966.0,14
2026-09-07 09:51:00+05:30,1964.949951171875,1966.0999755859375,1964.949951171875,1965.0,269
2026-09-07 09:52:00+05:30,1965.0,1966.0999755859375,1964.25,1966.0999755859375,49
2026-09-07 09:53:00+05:30,1965.5999755859375,1965.949951171875,1964.0,1964.3499755859375,99
2026-09-07 09:54:00+05:30,1963.5,1965.550048828125,1963.0,1965.550048828125,198
2026-09-07 09:55:00+05:30,1962.25,1963.6500244140625,1961.0,1962.75,130
2026-09-07 09:56:00+05:30,1961.800048828125,1961.800048828125,1961.0,1961.0999755859375,97
2026-09-07 09:57:00+05:30,1961.449951171875,1963.1500244140625,1961.449951171875,1962.550048828125,324
2026-09-07 09:58:00+05:30,1962.0,1962.0,1961.449951171875,1962.0,89
2026-09-07 09:59:00+05:30,1962.449951171875,1963.1500244140625,1961.9000244140625,1962.0,198
2026-09-07 10:00:00+05:30,1963.0,1963.800048828125,1962.449951171875,1963.1500244140625,187
2026-09-07 10:01:00+05:30,1963.1500244140625,1963.1500244140625,1962.0999755859375,1963.0999755859375,121
2026-09-07 10:02:00+05:30,1963.1500244140625,1963.1500244140625,1963.0,1963.1500244140625,43
2026-09-07 10:03:00+05:30,1963.0,1963.1500244140625,1962.050048828125,1962.050048828125,174
2026-09-07 10:04:00+05:30,1963.1500244140625,1963.1500244140625,1963.0,1963.1500244140625,76
2026-09-07 10:05:00+05:30,1961.8499755859375,1963.1500244140625,1961.699951171875,1963.1500244140625,5426
2026-09-07 10:06:00+05:30,1961.75,1962.0,1961.5,1961.8499755859375,60
2026-09-07 10:07:00+05:30,1961.5999755859375,1961.75,1960.199951171875,1961.699951171875,290
2026-09-07 10:08:00+05:30,1961.5,1961.5999755859375,1960.6500244140625,1961.5999755859375,24
2026-09-07 10:09:00+05:30,1963.449951171875,1965.5,1962.5,1963.1500244140625,439
2026-09-07 10:10:00+05:30,1962.5999755859375,1963.550048828125,1962.5999755859375,1963.550048828125,104
2026-09-07 10:11:00+05:30,1962.0999755859375,1962.5999755859375,1961.5999755859375,1962.050048828125,240
2026-09-07 10:12:00+05:30,1962.3499755859375,1962.3499755859375,1961.0999755859375,1962.0999755859375,148
2026-09-07 10:13:00+05:30,1964.5999755859375,1964.8499755859375,1962.3499755859375,1962.3499755859375,89
2026-09-07 10:14:00+05:30,1962.050048828125,1963.5,1962.050048828125,1963.5,6
2026-09-07 10:15:00+05:30,1962.0,1963.050048828125,1962.0,1962.0999755859375,31
2026-09-07 10:16:00+05:30,1960.949951171875,1962.300048828125,1960.9000244140625,1962.0,69
2026-09-07 10:17:00+05:30,1961.199951171875,1961.699951171875,1960.949951171875,1960.949951171875,17
2026-09-07 10:18:00+05:30,1961.5,1961.75,1961.199951171875,1961.199951171875,38
2026-09-07 10:19:00+05:30,1962.449951171875,1962.800048828125,1960.949951171875,1960.949951171875,142
2026-09-07 10:20:00+05:30,1962.699951171875,1963.0,1962.449951171875,1962.449951171875,18
2026-09-07 10:21:00+05:30,1965.75,1965.75,1962.449951171875,1962.449951171875,127
2026-09-07 10:22:00+05:30,1964.6500244140625,1965.699951171875,1964.449951171875,1964.449951171875,72
2026-09-07 10:23:00+05:30,1964.5,1964.699951171875,1962.699951171875,1964.0,23
2026-09-07 10:24:00+05:30,1964.199951171875,1964.3499755859375,1963.0,1963.0,56
2026-09-07 10:25:00+05:30,1963.6500244140625,1963.75,1962.1500244140625,1962.1500244140625,350
2026-09-07 10:26:00+05:30,1963.0999755859375,1963.800048828125,1962.0,1963.800048828125,75
2026-09-07 10:27:00+05:30,1962.8499755859375,1962.8499755859375,1961.6500244140625,1962.699951171875,26
2026-09-07 10:28:00+05:30,1962.8499755859375,1962.9000244140625,1962.5999755859375,1962.75,61
2026-09-07 10:29:00+05:30,1962.0,1962.5999755859375,1962.0,1962.5999755859375,12
2026-09-07 10:30:00+05:30,1963.75,1963.949951171875,1961.800048828125,1962.949951171875,121
2026-09-07 10:31:00+05:30,1963.699951171875,1963.75,1962.550048828125,1963.75,17
2026-09-07 10:32:00+05:30,1963.699951171875,1964.949951171875,1963.699951171875,1964.0,233
2026-09-07 10:33:00+05:30,1964.699951171875,1964.699951171875,1963.699951171875,1963.699951171875,110
2026-09-07 10:34:00+05:30,1964.0,1964.8499755859375,1963.449951171875,1964.699951171875,216
2026-09-07 10:35:00+05:30,1963.75,1964.25,1963.050048828125,1964.0,173
2026-09-07 10:36:00+05:30,1963.949951171875,1963.949951171875,1963.949951171875,1963.949951171875,18
2026-09-07 10:37:00+05:30,1964.0999755859375,1964.0999755859375,1963.050048828125,1963.9000244140625,39
2026-09-07 10:38:00+05:30,1964.25,1964.25,1963.0,1963.0,61
2026-09-07 10:39:00+05:30,1964.9000244140625,1964.9000244140625,1964.0,1964.25,428
2026-09-07 10:40:00+05:30,1965.0,1965.0,1963.25,1964.0,358
2026-09-07 10:41:00+05:30,1967.4000244140625,1967.4000244140625,1964.699951171875,1964.699951171875,178
2026-09-07 10:42:00+05:30,1967.0,1968.050048828125,1967.0,1967.050048828125,186
2026-09-07 10:43:00+05:30,1966.949951171875,1967.0,1966.199951171875,1967.0,403
2026-09-07 10:44:00+05:30,1965.6500244140625,1967.0,1965.6500244140625,1966.949951171875,389
2026-09-07 10:45:00+05:30,1966.0,1967.1500244140625,1966.0,1967.1500244140625,106
2026-09-07 10:46:00+05:30,1965.449951171875,1966.1500244140625,1965.449951171875,1966.050048828125,73
2026-09-07 10:47:00+05:30,1967.699951171875,1967.699951171875,1966.0,1966.75,217
2026-09-07 10:48:00+05:30,1966.949951171875,1967.949951171875,1966.5999755859375,1967.949951171875,20
2026-09-07 10:49:00+05:30,1967.300048828125,1967.300048828125,1965.25,1966.800048828125,95
2026-09-07 10:50:00+05:30,1966.0,1967.300048828125,1965.75,1967.300048828125,15
2026-09-07 10:51:00+05:30,1966.75,1967.1500244140625,1966.0,1967.1500244140625,113
2026-09-07 10:52:00+05:30,1966.5,1966.9000244140625,1965.5999755859375,1966.8499755859375,13
2026-09-07 10:53:00+05:30,1966.800048828125,1966.949951171875,1965.449951171875,1966.8499755859375,17
2026-09-07 10:54:00+05:30,1965.550048828125,1965.550048828125,1965.550048828125,1965.550048828125,5
2026-09-07 10:55:00+05:30,1966.5,1966.75,1965.5,1965.5,118
2026-09-07 10:56:00+05:30,1966.5,1966.5,1965.550048828125,1966.5,33
2026-09-07 10:57:00+05:30,1966.0,1966.5,1966.0,1966.5,27
2026-09-07 10:58:00+05:30,1966.3499755859375,1966.3499755859375,1965.0,1965.550048828125,28
2026-09-07 10:59:00+05:30,1965.0,1965.5999755859375,1965.0,1965.0,404
2026-09-07 11:00:00+05:30,1966.449951171875,1966.449951171875,1964.050048828125,1964.75,136
2026-09-07 11:02:00+05:30,1965.0,1966.3499755859375,1964.6500244140625,1966.3499755859375,41
2026-09-07 11:03:00+05:30,1966.75,1966.75,1965.0,1965.0,98
2026-09-07 11:04:00+05:30,1966.0,1966.0,1964.75,1965.0999755859375,75
2026-09-07 11:05:00+05:30,1965.8499755859375,1966.199951171875,1965.8499755859375,1966.0,73
2026-09-07 11:06:00+05:30,1966.050048828125,1966.050048828125,1964.800048828125,1964.800048828125,4
2026-09-07 11:07:00+05:30,1966.0,1966.0,1966.0,1966.0,8
2026-09-07 11:08:00+05:30,1965.5,1965.699951171875,1964.699951171875,1965.0,53
2026-09-07 11:09:00+05:30,1966.4000244140625,1966.4000244140625,1964.9000244140625,1965.5,58
2026-09-07 11:10:00+05:30,1966.300048828125,1966.300048828125,1966.300048828125,1966.300048828125,2
2026-09-07 11:11:00+05:30,1965.0,1965.0999755859375,1965.0,1965.0999755859375,141
2026-09-07 11:12:00+05:30,1966.800048828125,1966.800048828125,1966.0,1966.0,90
2026-09-07 11:13:00+05:30,1966.800048828125,1966.800048828125,1965.5999755859375,1966.6500244140625,11
2026-09-07 11:14:00+05:30,1966.949951171875,1966.949951171875,1966.050048828125,1966.800048828125,27
2026-09-07 11:15:00+05:30,1967.3499755859375,1967.6500244140625,1966.1500244140625,1966.949951171875,80
2026-09-07 11:16:00+05:30,1969.3499755859375,1969.949951171875,1968.0,1968.0,36
2026-09-07 11:17:00+05:30,1968.050048828125,1969.25,1968.050048828125,1969.25,2
2026-09-07 11:19:00+05:30,1968.949951171875,1969.0,1968.050048828125,1969.0,10
2026-09-07 11:20:00+05:30,1970.199951171875,1971.300048828125,1969.0999755859375,1969.25,351
2026-09-07 11:22:00+05:30,1971.199951171875,1971.199951171875,1971.199951171875,1971.199951171875,10
2026-09-07 11:23:00+05:30,1969.6500244140625,1969.6500244140625,1969.6500244140625,1969.6500244140625,50
2026-09-07 11:24:00+05:30,1969.6500244140625,1970.75,1969.6500244140625,1970.75,7
2026-09-07 11:25:00+05:30,1969.6500244140625,1969.800048828125,1968.4000244140625,1969.800048828125,132
2026-09-07 11:26:00+05:30,1969.0999755859375,1969.4000244140625,1968.25,1968.25,37
2026-09-07 11:27:00+05:30,1969.0,1969.050048828125,1969.0,1969.050048828125,7
2026-09-07 11:28:00+05:30,1968.0999755859375,1969.0,1968.0999755859375,1969.0,22
2026-09-07 11:29:00+05:30,1968.5999755859375,1968.5999755859375,1968.0999755859375,1968.0999755859375,76
2026-09-07 11:30:00+05:30,1967.9000244140625,1968.75,1967.9000244140625,1968.0,131
2026-09-07 11:31:00+05:30,1968.5999755859375,1968.9000244140625,1967.0999755859375,1967.5999755859375,45
2026-09-07 11:32:00+05:30,1967.1500244140625,1968.5999755859375,1967.1500244140625,1968.5999755859375,17
2026-09-07 11:33:00+05:30,1967.5,1968.0,1967.5,1968.0,16
2026-09-07 11:34:00+05:30,1967.0,1967.5,1967.0,1967.4000244140625,72
2026-09-07 11:35:00+05:30,1967.800048828125,1968.050048828125,1967.0,1967.5,163
2026-09-07 11:36:00+05:30,1965.25,1966.0,1964.8499755859375,1966.0,205
2026-09-07 11:37:00+05:30,1966.25,1966.449951171875,1966.25,1966.25,16
2026-09-07 11:38:00+05:30,1965.0999755859375,1966.25,1965.050048828125,1965.1500244140625,170
2026-09-07 11:39:00+05:30,1964.6500244140625,1964.6500244140625,1963.699951171875,1964.0,146
2026-09-07 11:40:00+05:30,1964.550048828125,1964.6500244140625,1964.4000244140625,1964.6500244140625,45
2026-09-07 11:41:00+05:30,1963.3499755859375,1964.550048828125,1962.6500244140625,1964.550048828125,139
2026-09-07 11:42:00+05:30,1963.9000244140625,1963.9000244140625,1962.5,1963.550048828125,59
2026-09-07 11:43:00+05:30,1963.0,1964.199951171875,1962.949951171875,1964.0,70
2026-09-07 11:44:00+05:30,1963.050048828125,1964.3499755859375,1963.0,1963.0,53
2026-09-07 11:45:00+05:30,1964.5,1964.5,1964.5,1964.5,10
2026-09-07 11:46:00+05:30,1964.300048828125,1964.5,1964.300048828125,1964.5,121
2026-09-07 11:47:00+05:30,1963.75,1964.0,1963.75,1964.0,31
2026-09-07 11:48:00+05:30,1963.5,1963.699951171875,1963.0,1963.5,94
2026-09-07 11:49:00+05:30,1963.4000244140625,1963.5,1963.0,1963.5,23
2026-09-07 11:50:00+05:30,1963.0,1963.5999755859375,1963.0,1963.050048828125,208
2026-09-07 11:51:00+05:30,1963.5,1963.5999755859375,1963.0,1963.550048828125,31
2026-09-07 11:52:00+05:30,1962.6500244140625,1963.550048828125,1962.6500244140625,1963.550048828125,16
2026-09-07 11:53:00+05:30,1963.550048828125,1963.550048828125,1962.5,1962.5,11
2026-09-07 11:54:00+05:30,1962.25,1963.550048828125,1962.25,1963.0,54
2026-09-07 11:55:00+05:30,1962.050048828125,1963.199951171875,1962.0,1962.0,79
2026-09-07 11:56:00+05:30,1962.949951171875,1963.0999755859375,1962.0,1963.0,77
2026-09-07 11:57:00+05:30,1962.949951171875,1962.949951171875,1962.949951171875,1962.949951171875,5
2026-09-07 11:58:00+05:30,1962.699951171875,1962.699951171875,1962.0,1962.6500244140625,44
2026-09-07 11:59:00+05:30,1962.699951171875,1962.699951171875,1962.0,1962.0,107
2026-09-07 12:00:00+05:30,1962.5999755859375,1962.5999755859375,1962.5999755859375,1962.5999755859375,4
2026-09-07 12:01:00+05:30,1962.0,1962.5999755859375,1962.0,1962.5999755859375,41
2026-09-07 12:02:00+05:30,1962.0,1962.6500244140625,1962.0,1962.0,68
2026-09-07 12:03:00+05:30,1962.300048828125,1962.300048828125,1962.0,1962.0,19
2026-09-07 12:04:00+05:30,1962.4000244140625,1962.449951171875,1962.300048828125,1962.300048828125,17
2026-09-07 12:05:00+05:30,1962.0,1962.0,1962.0,1962.0,6
2026-09-07 12:06:00+05:30,1962.0,1962.0,1962.0,1962.0,20
2026-09-07 12:08:00+05:30,1962.75,1962.75,1962.0,1962.75,29
2026-09-07 12:09:00+05:30,1962.0,1962.699951171875,1962.0,1962.699951171875,23
2026-09-07 12:10:00+05:30,1962.75,1962.75,1962.699951171875,1962.75,13
2026-09-07 12:11:00+05:30,1962.75,1962.75,1961.6500244140625,1962.75,96
2026-09-07 12:12:00+05:30,1962.75,1962.75,1961.9000244140625,1961.9000244140625,57
2026-09-07 12:13:00+05:30,1963.550048828125,1963.550048828125,1962.75,1962.949951171875,108
2026-09-07 12:14:00+05:30,1962.5,1962.6500244140625,1962.5,1962.6500244140625,26
2026-09-07 12:15:00+05:30,1963.5999755859375,1963.5999755859375,1963.550048828125,1963.550048828125,221
2026-09-07 12:16:00+05:30,1964.0,1964.0,1963.050048828125,1963.0999755859375,56
2026-09-07 12:17:00+05:30,1964.199951171875,1964.4000244140625,1964.0,1964.0,27
2026-09-07 12:18:00+05:30,1964.300048828125,1964.300048828125,1964.0,1964.0,101
2026-09-07 12:19:00+05:30,1964.300048828125,1964.300048828125,1963.5,1964.300048828125,21
2026-09-07 12:20:00+05:30,1964.5,1964.5,1963.550048828125,1963.550048828125,2
2026-09-07 12:21:00+05:30,1964.4000244140625,1964.5,1964.0,1964.5,13
2026-09-07 12:22:00+05:30,1964.25,1964.25,1962.9000244140625,1963.6500244140625,182
2026-09-07 12:23:00+05:30,1964.300048828125,1964.300048828125,1962.9000244140625,1962.9000244140625,26
2026-09-07 12:24:00+05:30,1964.3499755859375,1964.3499755859375,1964.0999755859375,1964.25,217
2026-09-07 12:25:00+05:30,1963.699951171875,1963.699951171875,1962.550048828125,1962.5999755859375,45
2026-09-07 12:26:00+05:30,1963.699951171875,1963.699951171875,1962.550048828125,1962.550048828125,16
2026-09-07 12:27:00+05:30,1963.300048828125,1963.300048828125,1963.300048828125,1963.300048828125,1
2026-09-07 12:28:00+05:30,1962.9000244140625,1962.9000244140625,1962.0,1962.550048828125,11
2026-09-07 12:29:00+05:30,1964.5,1964.5,1963.199951171875,1963.199951171875,60
2026-09-07 12:30:00+05:30,1965.0,1965.0,1963.6500244140625,1963.6500244140625,23
2026-09-07 12:31:00+05:30,1966.5,1966.5,1965.0,1965.0,69
2026-09-07 12:32:00+05:30,1965.8499755859375,1966.0,1964.0999755859375,1965.3499755859375,33
2026-09-07 12:33:00+05:30,1965.050048828125,1965.75,1964.0,1965.75,143
2026-09-07 12:34:00+05:30,1964.9000244140625,1964.9000244140625,1963.800048828125,1963.800048828125,27
2026-09-07 12:35:00+05:30,1964.949951171875,1964.949951171875,1963.25,1963.25,20
2026-09-07 12:36:00+05:30,1965.050048828125,1965.050048828125,1964.800048828125,1964.800048828125,17
2026-09-07 12:37:00+05:30,1963.6500244140625,1963.6500244140625,1963.6500244140625,1963.6500244140625,46
2026-09-07 12:38:00+05:30,1963.6500244140625,1964.5999755859375,1963.6500244140625,1964.5999755859375,47
2026-09-07 12:39:00+05:30,1964.699951171875,1964.699951171875,1964.5999755859375,1964.5999755859375,4
2026-09-07 12:40:00+05:30,1964.199951171875,1964.699951171875,1964.0,1964.699951171875,42
2026-09-07 12:41:00+05:30,1963.949951171875,1963.949951171875,1963.6500244140625,1963.6500244140625,3
2026-09-07 12:42:00+05:30,1966.5,1966.5,1963.949951171875,1963.949951171875,163
2026-09-07 12:43:00+05:30,1967.699951171875,1968.0,1966.0999755859375,1966.0999755859375,140
2026-09-07 12:44:00+05:30,1966.4000244140625,1967.800048828125,1966.4000244140625,1967.699951171875,59
2026-09-07 12:46:00+05:30,1966.0,1967.3499755859375,1966.0,1966.0,15
2026-09-07 12:47:00+05:30,1966.9000244140625,1966.9000244140625,1966.0,1966.8499755859375,11
2026-09-07 12:48:00+05:30,1966.949951171875,1966.949951171875,1966.0,1966.0,8
2026-09-07 12:49:00+05:30,1966.25,1967.0,1966.25,1967.0,15
2026-09-07 12:50:00+05:30,1966.949951171875,1967.0,1966.949951171875,1967.0,3
2026-09-07 12:51:00+05:30,1965.0,1966.6500244140625,1965.0,1965.9000244140625,29
2026-09-07 12:52:00+05:30,1963.6500244140625,1965.0,1963.6500244140625,1965.0,57
2026-09-07 12:53:00+05:30,1965.0999755859375,1965.0999755859375,1964.9000244140625,1964.9000244140625,36
2026-09-07 12:54:00+05:30,1965.0,1965.0,1964.0,1964.0,18
2026-09-07 12:55:00+05:30,1964.800048828125,1965.0,1963.800048828125,1965.0,8
2026-09-07 12:56:00+05:30,1964.699951171875,1964.800048828125,1963.550048828125,1964.800048828125,25
2026-09-07 12:57:00+05:30,1963.199951171875,1964.5999755859375,1963.199951171875,1964.5999755859375,53
2026-09-07 12:58:00+05:30,1964.699951171875,1964.699951171875,1964.0,1964.699951171875,9
2026-09-07 12:59:00+05:30,1964.699951171875,1964.699951171875,1964.6500244140625,1964.6500244140625,11
2026-09-07 13:00:00+05:30,1964.699951171875,1964.699951171875,1964.0,1964.699951171875,10
2026-09-07 13:01:00+05:30,1963.699951171875,1964.699951171875,1963.699951171875,1964.699951171875,7
2026-09-07 13:02:00+05:30,1964.5999755859375,1964.6500244140625,1963.3499755859375,1963.699951171875,36
2026-09-07 13:03:00+05:30,1964.550048828125,1964.5999755859375,1963.199951171875,1964.5999755859375,21
2026-09-07 13:04:00+05:30,1964.6500244140625,1964.6500244140625,1963.300048828125,1963.300048828125,34
2026-09-07 13:05:00+05:30,1963.5,1964.5999755859375,1963.449951171875,1963.449951171875,56
2026-09-07 13:06:00+05:30,1965.3499755859375,1965.3499755859375,1965.0,1965.0,150
2026-09-07 13:07:00+05:30,1966.949951171875,1966.949951171875,1966.949951171875,1966.949951171875,4
2026-09-07 13:08:00+05:30,1966.800048828125,1966.949951171875,1965.6500244140625,1965.699951171875,233
2026-09-07 13:09:00+05:30,1966.5999755859375,1966.5999755859375,1965.449951171875,1965.449951171875,6
2026-09-07 13:10:00+05:30,1966.5999755859375,1966.5999755859375,1966.5999755859375,1966.5999755859375,4
2026-09-07 13:11:00+05:30,1966.5,1966.5,1966.5,1966.5,7
2026-09-07 13:12:00+05:30,1966.550048828125,1966.8499755859375,1965.6500244140625,1966.8499755859375,131
2026-09-07 13:13:00+05:30,1966.5999755859375,1966.5999755859375,1965.4000244140625,1965.449951171875,29
2026-09-07 13:14:00+05:30,1967.0,1967.0,1966.5999755859375,1966.5999755859375,2
2026-09-07 13:15:00+05:30,1966.949951171875,1966.949951171875,1966.550048828125,1966.550048828125,20
2026-09-07 13:16:00+05:30,1965.6500244140625,1965.6500244140625,1965.6500244140625,1965.6500244140625,50
2026-09-07 13:17:00+05:30,1965.3499755859375,1965.449951171875,1965.3499755859375,1965.449951171875,12
2026-09-07 13:18:00+05:30,1965.4000244140625,1966.300048828125,1965.4000244140625,1966.300048828125,85
2026-09-07 13:19:00+05:30,1965.3499755859375,1965.3499755859375,1964.0,1964.75,267
2026-09-07 13:20:00+05:30,1965.3499755859375,1965.3499755859375,1964.4000244140625,1964.4000244140625,12
2026-09-07 13:21:00+05:30,1965.3499755859375,1965.3499755859375,1965.3499755859375,1965.3499755859375,1
2026-09-07 13:22:00+05:30,1966.300048828125,1966.300048828125,1965.0999755859375,1965.0999755859375,179
2026-09-07 13:23:00+05:30,1965.6500244140625,1966.9000244140625,1965.6500244140625,1965.699951171875,22
2026-09-07 13:24:00+05:30,1966.8499755859375,1966.8499755859375,1965.449951171875,1965.449951171875,25
2026-09-07 13:25:00+05:30,1966.9000244140625,1966.9000244140625,1966.9000244140625,1966.9000244140625,5
2026-09-07 13:26:00+05:30,1966.5999755859375,1966.9000244140625,1965.800048828125,1966.9000244140625,148
2026-09-07 13:27:00+05:30,1966.050048828125,1966.949951171875,1966.050048828125,1966.9000244140625,166
2026-09-07 13:28:00+05:30,1967.300048828125,1967.449951171875,1965.949951171875,1967.449951171875,42
2026-09-07 13:29:00+05:30,1967.3499755859375,1967.4000244140625,1967.3499755859375,1967.4000244140625,20
2026-09-07 13:30:00+05:30,1967.300048828125,1967.3499755859375,1966.300048828125,1966.3499755859375,48
2026-09-07 13:31:00+05:30,1967.3499755859375,1967.3499755859375,1966.449951171875,1967.3499755859375,65
2026-09-07 13:32:00+05:30,1966.4000244140625,1966.449951171875,1966.300048828125,1966.300048828125,73
2026-09-07 13:33:00+05:30,1967.3499755859375,1967.3499755859375,1967.3499755859375,1967.3499755859375,96
2026-09-07 13:34:00+05:30,1967.199951171875,1967.3499755859375,1965.75,1967.3499755859375,67
2026-09-07 13:35:00+05:30,1966.9000244140625,1966.9000244140625,1965.75,1965.75,30
2026-09-07 13:36:00+05:30,1967.3499755859375,1967.3499755859375,1967.0,1967.0,30
2026-09-07 13:37:00+05:30,1967.5,1967.5,1967.4000244140625,1967.4000244140625,101
2026-09-07 13:38:00+05:30,1967.5,1967.5,1967.5,1967.5,3
2026-09-07 13:39:00+05:30,1967.5,1967.5,1967.0,1967.5,10
2026-09-07 13:40:00+05:30,1967.75,1967.75,1967.5,1967.5,10
2026-09-07 13:41:00+05:30,1967.75,1967.75,1967.5,1967.5,17
2026-09-07 13:42:00+05:30,1967.9000244140625,1967.9000244140625,1967.75,1967.75,12
2026-09-07 13:43:00+05:30,1967.800048828125,1967.8499755859375,1967.800048828125,1967.8499755859375,4
2026-09-07 13:45:00+05:30,1966.3499755859375,1967.8499755859375,1966.3499755859375,1967.800048828125,113
2026-09-07 13:46:00+05:30,1967.949951171875,1967.949951171875,1966.949951171875,1967.949951171875,110
2026-09-07 13:47:00+05:30,1967.949951171875,1967.949951171875,1967.949951171875,1967.949951171875,6
2026-09-07 13:48:00+05:30,1968.300048828125,1968.300048828125,1967.949951171875,1967.949951171875,21
2026-09-07 13:49:00+05:30,1966.75,1968.0,1966.75,1966.949951171875,91
2026-09-07 13:50:00+05:30,1966.75,1967.949951171875,1966.75,1967.949951171875,92
2026-09-07 13:51:00+05:30,1968.050048828125,1968.050048828125,1968.050048828125,1968.050048828125,77
2026-09-07 13:52:00+05:30,1967.949951171875,1968.0,1967.949951171875,1967.949951171875,10
2026-09-07 13:53:00+05:30,1968.5,1968.5,1968.0,1968.0,75
2026-09-07 13:54:00+05:30,1968.5,1968.5,1967.949951171875,1967.949951171875,24
2026-09-07 13:55:00+05:30,1968.6500244140625,1968.6500244140625,1967.949951171875,1968.0,81
2026-09-07 13:56:00+05:30,1968.949951171875,1969.0,1968.0,1968.75,39
2026-09-07 13:57:00+05:30,1968.949951171875,1969.0,1968.949951171875,1969.0,26
2026-09-07 13:58:00+05:30,1969.0,1969.199951171875,1968.300048828125,1968.300048828125,103
2026-09-07 13:59:00+05:30,1969.199951171875,1969.199951171875,1968.25,1968.25,47
2026-09-07 14:00:00+05:30,1969.5,1969.5,1969.199951171875,1969.199951171875,39
2026-09-07 14:01:00+05:30,1970.5,1970.550048828125,1970.0,1970.0,25
2026-09-07 14:02:00+05:30,1971.199951171875,1971.199951171875,1969.3499755859375,1970.550048828125,108
2026-09-07 14:03:00+05:30,1969.699951171875,1969.699951171875,1969.699951171875,1969.699951171875,11
2026-09-07 14:04:00+05:30,1971.0,1971.050048828125,1969.449951171875,1970.550048828125,76
2026-09-07 14:05:00+05:30,1970.75,1970.75,1969.4000244140625,1969.4000244140625,51
2026-09-07 14:06:00+05:30,1970.0,1970.75,1970.0,1970.75,27
2026-09-07 14:07:00+05:30,1970.0,1970.699951171875,1970.0,1970.699951171875,14
2026-09-07 14:08:00+05:30,1970.0,1970.0,1969.0,1969.0,131
2026-09-07 14:09:00+05:30,1970.0,1970.0,1969.699951171875,1969.699951171875,33
2026-09-07 14:10:00+05:30,1969.0,1970.0,1969.0,1970.0,6
2026-09-07 14:11:00+05:30,1968.5,1969.75,1968.5,1969.0,21
2026-09-07 14:12:00+05:30,1969.0,1969.0,1969.0,1969.0,46
2026-09-07 14:13:00+05:30,1969.050048828125,1970.0,1969.050048828125,1969.9000244140625,13
2026-09-07 14:14:00+05:30,1968.800048828125,1970.0,1968.800048828125,1969.949951171875,61
2026-09-07 14:15:00+05:30,1969.9000244140625,1969.9000244140625,1969.9000244140625,1969.9000244140625,1
2026-09-07 14:16:00+05:30,1969.800048828125,1969.949951171875,1968.800048828125,1968.800048828125,34
2026-09-07 14:17:00+05:30,1968.550048828125,1969.800048828125,1968.550048828125,1968.6500244140625,477
2026-09-07 14:18:00+05:30,1968.5,1968.5,1968.5,1968.5,6
2026-09-07 14:19:00+05:30,1968.5,1968.5,1968.5,1968.5,5
2026-09-07 14:20:00+05:30,1968.0,1969.199951171875,1968.0,1968.5,42
2026-09-07 14:21:00+05:30,1967.949951171875,1968.0,1967.949951171875,1968.0,44
2026-09-07 14:22:00+05:30,1966.5,1967.8499755859375,1966.5,1967.0,208
2026-09-07 14:23:00+05:30,1967.300048828125,1967.3499755859375,1966.5,1966.5,19
2026-09-07 14:24:00+05:30,1968.75,1968.75,1967.6500244140625,1967.6500244140625,47
2026-09-07 14:25:00+05:30,1967.4000244140625,1968.75,1967.4000244140625,1968.699951171875,25
2026-09-07 14:26:00+05:30,1968.300048828125,1968.300048828125,1968.25,1968.25,44
2026-09-07 14:27:00+05:30,1967.9000244140625,1968.1500244140625,1967.9000244140625,1968.1500244140625,5
2026-09-07 14:28:00+05:30,1967.800048828125,1967.800048828125,1967.800048828125,1967.800048828125,11
2026-09-07 14:29:00+05:30,1967.800048828125,1967.800048828125,1967.300048828125,1967.800048828125,22
2026-09-07 14:30:00+05:30,1968.1500244140625,1968.1500244140625,1967.9000244140625,1967.9000244140625,16
2026-09-07 14:31:00+05:30,1966.550048828125,1968.25,1966.550048828125,1968.25,17
2026-09-07 14:32:00+05:30,1967.9000244140625,1967.9000244140625,1966.699951171875,1967.8499755859375,54
2026-09-07 14:33:00+05:30,1967.199951171875,1968.300048828125,1967.0,1967.9000244140625,15
2026-09-07 14:34:00+05:30,1967.0999755859375,1968.300048828125,1967.0999755859375,1968.300048828125,37
2026-09-07 14:35:00+05:30,1968.4000244140625,1968.4000244140625,1968.4000244140625,1968.4000244140625,1
2026-09-07 14:36:00+05:30,1968.3499755859375,1968.3499755859375,1967.050048828125,1968.0,33
2026-09-07 14:37:00+05:30,1968.0999755859375,1968.1500244140625,1968.0999755859375,1968.1500244140625,18
2026-09-07 14:38:00+05:30,1967.5999755859375,1967.800048828125,1966.4000244140625,1967.75,26
2026-09-07 14:39:00+05:30,1967.4000244140625,1967.4000244140625,1966.5,1967.0,13
2026-09-07 14:40:00+05:30,1967.3499755859375,1967.3499755859375,1966.25,1966.25,7
2026-09-07 14:41:00+05:30,1967.25,1967.300048828125,1966.3499755859375,1966.3499755859375,15
2026-09-07 14:42:00+05:30,1968.4000244140625,1968.4000244140625,1968.4000244140625,1968.4000244140625,5
2026-09-07 14:43:00+05:30,1967.9000244140625,1967.9000244140625,1967.9000244140625,1967.9000244140625,3
2026-09-07 14:44:00+05:30,1969.050048828125,1969.050048828125,1967.5999755859375,1968.0999755859375,34
2026-09-07 14:45:00+05:30,1966.5999755859375,1968.5999755859375,1966.5999755859375,1968.0,44
2026-09-07 14:46:00+05:30,1966.449951171875,1967.800048828125,1966.449951171875,1967.5,44
2026-09-07 14:47:00+05:30,1968.75,1968.75,1966.699951171875,1967.050048828125,141
2026-09-07 14:48:00+05:30,1966.949951171875,1967.6500244140625,1966.949951171875,1967.6500244140625,79
2026-09-07 14:49:00+05:30,1967.949951171875,1967.949951171875,1966.949951171875,1967.449951171875,81
2026-09-07 14:50:00+05:30,1968.199951171875,1968.199951171875,1967.0,1967.75,565
2026-09-07 14:51:00+05:30,1969.6500244140625,1969.6500244140625,1968.1500244140625,1968.1500244140625,52
2026-09-07 14:52:00+05:30,1969.300048828125,1969.300048828125,1968.050048828125,1968.5,133
2026-09-07 14:53:00+05:30,1969.5,1969.5,1968.75,1968.75,20
2026-09-07 14:54:00+05:30,1969.5,1969.5,1968.9000244140625,1969.5,68
2026-09-07 14:55:00+05:30,1969.449951171875,1969.5,1968.6500244140625,1969.5,54
2026-09-07 14:56:00+05:30,1970.0,1970.0,1968.6500244140625,1968.6500244140625,505
2026-09-07 14:57:00+05:30,1970.0,1970.0,1969.199951171875,1970.0,48
2026-09-07 14:58:00+05:30,1968.449951171875,1970.0,1968.449951171875,1970.0,393
2026-09-07 14:59:00+05:30,1968.9000244140625,1969.9000244140625,1968.550048828125,1968.550048828125,168
2026-09-07 15:00:00+05:30,1970.0,1970.050048828125,1968.699951171875,1970.050048828125,177
2026-09-07 15:01:00+05:30,1970.0,1970.0,1968.8499755859375,1969.949951171875,69
2026-09-07 15:02:00+05:30,1969.25,1970.0,1968.5,1970.0,135
2026-09-07 15:03:00+05:30,1970.0,1970.0,1969.0999755859375,1969.8499755859375,454
2026-09-07 15:04:00+05:30,1969.800048828125,1970.0,1969.0,1970.0,84
2026-09-07 15:05:00+05:30,1968.449951171875,1968.800048828125,1968.0,1968.800048828125,107
2026-09-07 15:06:00+05:30,1968.0,1968.75,1968.0,1968.3499755859375,267
2026-09-07 15:07:00+05:30,1969.0,1969.0,1967.449951171875,1967.449951171875,565
2026-09-07 15:08:00+05:30,1969.0,1969.0,1968.199951171875,1969.0,42
2026-09-07 15:09:00+05:30,1969.0,1969.0,1968.050048828125,1969.0,154
2026-09-07 15:10:00+05:30,1969.0,1969.0,1967.9000244140625,1968.9000244140625,213
2026-09-07 15:11:00+05:30,1967.300048828125,1971.0,1966.0999755859375,1971.0,631
2026-09-07 15:12:00+05:30,1968.5,1970.5,1968.25,1968.25,34
2026-09-07 15:13:00+05:30,1966.0,1968.5,1966.0,1968.0,445
2026-09-07 15:14:00+05:30,1966.0,1969.699951171875,1965.449951171875,1965.449951171875,96
2026-09-07 15:28:00+05:30,1966.0,1966.0,1966.0,1966.0,534
2026-09-08 09:15:00+05:30,1962.050048828125,1966.199951171875,1957.5999755859375,1966.199951171875,1597
2026-09-08 09:16:00+05:30,1969.449951171875,1970.0,1962.5,1962.5,190
2026-09-08 09:17:00+05:30,1972.4000244140625,1975.0,1968.949951171875,1971.0,230
2026-09-08 09:18:00+05:30,1970.0,1973.5,1968.75,1973.5,499
2026-09-08 09:19:00+05:30,1968.1500244140625,1970.4000244140625,1968.0999755859375,1970.3499755859375,485
2026-09-08 09:20:00+05:30,1965.0,1967.949951171875,1965.0,1967.9000244140625,262
2026-09-08 09:21:00+05:30,1963.550048828125,1965.0,1963.550048828125,1964.5,66
2026-09-08 09:22:00+05:30,1964.699951171875,1965.0,1962.8499755859375,1964.0,241
2026-09-08 09:23:00+05:30,1963.800048828125,1964.699951171875,1962.4000244140625,1964.699951171875,244
2026-09-08 09:24:00+05:30,1965.0,1965.0,1963.1500244140625,1963.1500244140625,179
2026-09-08 09:25:00+05:30,1964.9000244140625,1965.0,1964.050048828125,1965.0,112
2026-09-08 09:26:00+05:30,1965.9000244140625,1966.0,1964.449951171875,1964.949951171875,372
2026-09-08 09:27:00+05:30,1965.0,1966.0,1963.800048828125,1965.949951171875,168
2026-09-08 09:28:00+05:30,1965.0,1965.75,1964.25,1964.699951171875,31
2026-09-08 09:29:00+05:30,1965.3499755859375,1965.9000244140625,1964.5999755859375,1965.9000244140625,72
2026-09-08 09:30:00+05:30,1965.1500244140625,1966.0999755859375,1964.300048828125,1965.3499755859375,137
2026-09-08 09:31:00+05:30,1966.5,1966.699951171875,1965.0,1965.25,138
2026-09-08 09:32:00+05:30,1966.050048828125,1966.050048828125,1964.8499755859375,1965.949951171875,210
2026-09-08 09:33:00+05:30,1965.5,1966.1500244140625,1964.6500244140625,1965.9000244140625,64
2026-09-08 09:34:00+05:30,1965.800048828125,1965.800048828125,1964.0,1964.25,251
2026-09-08 09:35:00+05:30,1964.449951171875,1965.9000244140625,1964.449951171875,1964.699951171875,47
2026-09-08 09:36:00+05:30,1966.0999755859375,1966.0999755859375,1964.800048828125,1965.699951171875,76
2026-09-08 09:37:00+05:30,1965.4000244140625,1966.050048828125,1964.5,1966.050048828125,74
2026-09-08 09:38:00+05:30,1964.9000244140625,1965.25,1964.5,1964.5,31
2026-09-08 09:39:00+05:30,1965.550048828125,1965.949951171875,1964.699951171875,1965.550048828125,71
2026-09-08 09:40:00+05:30,1964.4000244140625,1965.550048828125,1963.050048828125,1964.0,175
2026-09-08 09:41:00+05:30,1964.9000244140625,1966.0,1964.9000244140625,1964.9000244140625,115
2026-09-08 09:42:00+05:30,1965.9000244140625,1966.5,1964.449951171875,1966.5,76
2026-09-08 09:43:00+05:30,1965.4000244140625,1965.9000244140625,1964.8499755859375,1965.9000244140625,73
2026-09-08 09:44:00+05:30,1964.5999755859375,1965.5,1964.0,1965.5,110
2026-09-08 09:45:00+05:30,1964.75,1964.9000244140625,1964.0,1964.4000244140625,32
2026-09-08 09:46:00+05:30,1965.0999755859375,1965.0999755859375,1963.800048828125,1964.0,271
2026-09-08 09:47:00+05:30,1965.25,1965.25,1963.3499755859375,1964.75,322
2026-09-08 09:48:00+05:30,1965.0,1965.0,1963.800048828125,1963.800048828125,40
2026-09-08 09:49:00+05:30,1965.25,1965.25,1964.949951171875,1964.949951171875,8
2026-09-08 09:50:00+05:30,1965.449951171875,1965.949951171875,1964.9000244140625,1965.1500244140625,111
2026-09-08 09:51:00+05:30,1965.0,1965.449951171875,1965.0,1965.449951171875,5
2026-09-08 09:52:00+05:30,1965.0,1965.0,1964.449951171875,1965.0,109
2026-09-08 09:53:00+05:30,1964.5999755859375,1965.1500244140625,1964.5999755859375,1965.0,30
2026-09-08 09:54:00+05:30,1964.8499755859375,1966.3499755859375,1964.8499755859375,1966.1500244140625,86
2026-09-08 09:55:00+05:30,1965.4000244140625,1965.5999755859375,1965.050048828125,1965.050048828125,35
2026-09-08 09:56:00+05:30,1965.0999755859375,1965.1500244140625,1964.4000244140625,1964.4000244140625,43
2026-09-08 09:57:00+05:30,1965.1500244140625,1967.0,1965.0,1965.0,256
2026-09-08 09:58:00+05:30,1967.5,1967.5,1965.9000244140625,1967.0,142
2026-09-08 09:59:00+05:30,1967.0999755859375,1968.5,1967.0999755859375,1968.5,106
2026-09-08 10:00:00+05:30,1968.5999755859375,1968.75,1967.4000244140625,1968.449951171875,91
2026-09-08 10:01:00+05:30,1970.449951171875,1971.0,1967.550048828125,1968.550048828125,563
2026-09-08 10:02:00+05:30,1973.0,1973.0,1970.800048828125,1971.800048828125,290
2026-09-08 10:03:00+05:30,1972.5,1973.0,1971.0999755859375,1973.0,206
2026-09-08 10:04:00+05:30,1972.5,1973.9000244140625,1972.5,1972.699951171875,96
2026-09-08 10:05:00+05:30,1972.25,1973.6500244140625,1971.8499755859375,1972.1500244140625,197
2026-09-08 10:06:00+05:30,1974.0,1974.0,1972.5999755859375,1973.4000244140625,17
2026-09-08 10:07:00+05:30,1974.0,1974.75,1974.0,1974.0,124
2026-09-08 10:08:00+05:30,1976.3499755859375,1976.75,1975.0,1975.0,389
2026-09-08 10:09:00+05:30,1974.949951171875,1976.199951171875,1973.699951171875,1976.199951171875,314
2026-09-08 10:10:00+05:30,1977.0,1977.0,1973.699951171875,1975.0,1009
2026-09-08 10:11:00+05:30,1978.0,1978.0,1976.050048828125,1977.0,559
2026-09-08 10:12:00+05:30,1976.449951171875,1977.800048828125,1975.949951171875,1977.800048828125,95
2026-09-08 10:13:00+05:30,1979.5,1981.550048828125,1977.4000244140625,1977.4000244140625,1311
2026-09-08 10:14:00+05:30,1979.9000244140625,1981.0,1979.0999755859375,1979.199951171875,411
2026-09-08 10:15:00+05:30,1979.449951171875,1980.8499755859375,1979.4000244140625,1979.949951171875,152
2026-09-08 10:16:00+05:30,1981.6500244140625,1981.699951171875,1980.0,1980.0,1626
2026-09-08 10:17:00+05:30,1980.0,1981.6500244140625,1980.0,1980.5999755859375,26
2026-09-08 10:18:00+05:30,1977.0,1979.6500244140625,1977.0,1979.6500244140625,108
2026-09-08 10:19:00+05:30,1978.0,1979.3499755859375,1977.4000244140625,1977.800048828125,511
2026-09-08 10:20:00+05:30,1979.949951171875,1979.949951171875,1977.5,1977.5,90
2026-09-08 10:21:00+05:30,1980.300048828125,1980.800048828125,1978.800048828125,1980.0,40
2026-09-08 10:22:00+05:30,1979.9000244140625,1979.9000244140625,1978.4000244140625,1979.449951171875,64
2026-09-08 10:23:00+05:30,1980.300048828125,1980.300048828125,1980.0,1980.300048828125,27
2026-09-08 10:24:00+05:30,1977.550048828125,1980.25,1977.300048828125,1980.25,252
2026-09-08 10:25:00+05:30,1977.0,1978.550048828125,1977.0,1978.550048828125,30
2026-09-08 10:26:00+05:30,1977.0999755859375,1978.1500244140625,1976.0,1977.800048828125,382
2026-09-08 10:27:00+05:30,1977.0999755859375,1977.300048828125,1977.0999755859375,1977.300048828125,79
2026-09-08 10:28:00+05:30,1978.050048828125,1978.050048828125,1976.800048828125,1977.0,44
2026-09-08 10:29:00+05:30,1977.449951171875,1977.5,1976.25,1977.5,50
2026-09-08 10:30:00+05:30,1975.800048828125,1977.0,1975.800048828125,1977.0,87
2026-09-08 10:31:00+05:30,1976.800048828125,1977.699951171875,1976.800048828125,1977.0,83
2026-09-08 10:32:00+05:30,1976.550048828125,1976.550048828125,1975.0999755859375,1975.4000244140625,26
2026-09-08 10:33:00+05:30,1976.800048828125,1976.800048828125,1976.3499755859375,1976.3499755859375,17
2026-09-08 10:34:00+05:30,1975.800048828125,1977.1500244140625,1975.75,1976.550048828125,22
2026-09-08 10:35:00+05:30,1977.0,1977.0,1975.8499755859375,1975.9000244140625,34
2026-09-08 10:36:00+05:30,1976.75,1976.9000244140625,1976.75,1976.9000244140625,12
2026-09-08 10:37:00+05:30,1975.75,1976.3499755859375,1973.9000244140625,1976.0,1234
2026-09-08 10:38:00+05:30,1975.6500244140625,1975.75,1974.550048828125,1975.75,27
2026-09-08 10:39:00+05:30,1975.550048828125,1975.6500244140625,1973.800048828125,1975.6500244140625,73
2026-09-08 10:40:00+05:30,1975.5,1975.5,1975.449951171875,1975.449951171875,6
2026-09-08 10:41:00+05:30,1975.0,1975.0,1974.300048828125,1974.300048828125,9
2026-09-08 10:42:00+05:30,1974.800048828125,1975.0,1974.800048828125,1975.0,16
2026-09-08 10:43:00+05:30,1973.0,1973.800048828125,1972.050048828125,1972.199951171875,119
2026-09-08 10:44:00+05:30,1975.050048828125,1975.050048828125,1972.199951171875,1973.199951171875,188
2026-09-08 10:45:00+05:30,1977.800048828125,1978.0,1976.0,1976.0,56
2026-09-08 10:46:00+05:30,1978.800048828125,1978.800048828125,1978.550048828125,1978.550048828125,137
2026-09-08 10:47:00+05:30,1978.75,1978.75,1978.75,1978.75,7
2026-09-08 10:48:00+05:30,1977.9000244140625,1978.5999755859375,1977.3499755859375,1977.3499755859375,31
2026-09-08 10:49:00+05:30,1977.8499755859375,1977.949951171875,1976.4000244140625,1977.699951171875,45
2026-09-08 10:50:00+05:30,1978.800048828125,1978.800048828125,1978.3499755859375,1978.3499755859375,31
2026-09-08 10:51:00+05:30,1981.699951171875,1981.699951171875,1978.800048828125,1978.800048828125,994
2026-09-08 10:52:00+05:30,1981.25,1981.300048828125,1980.199951171875,1980.8499755859375,113
2026-09-08 10:53:00+05:30,1980.949951171875,1981.699951171875,1980.9000244140625,1981.699951171875,46
2026-09-08 10:54:00+05:30,1982.0,1982.0,1981.6500244140625,1981.6500244140625,101
2026-09-08 10:55:00+05:30,1981.1500244140625,1981.699951171875,1980.949951171875,1981.0,161
2026-09-08 10:56:00+05:30,1980.699951171875,1980.8499755859375,1980.0999755859375,1980.800048828125,8
2026-09-08 10:57:00+05:30,1980.699951171875,1980.699951171875,1980.699951171875,1980.699951171875,6
2026-09-08 10:58:00+05:30,1981.0,1981.3499755859375,1980.0999755859375,1980.0999755859375,29
2026-09-08 10:59:00+05:30,1980.3499755859375,1982.0,1980.3499755859375,1981.0,89
2026-09-08 11:00:00+05:30,1980.3499755859375,1981.3499755859375,1980.050048828125,1980.050048828125,155
2026-09-08 11:01:00+05:30,1981.0,1981.3499755859375,1980.3499755859375,1980.3499755859375,232
2026-09-08 11:02:00+05:30,1980.449951171875,1982.0,1980.449951171875,1981.0999755859375,80
2026-09-08 11:03:00+05:30,1980.25,1982.199951171875,1980.25,1982.199951171875,67
2026-09-08 11:04:00+05:30,1980.300048828125,1981.800048828125,1980.300048828125,1981.800048828125,79
2026-09-08 11:05:00+05:30,1982.0,1982.199951171875,1981.0,1981.0,210
2026-09-08 11:06:00+05:30,1983.0,1983.0,1982.0,1982.0,176
2026-09-08 11:07:00+05:30,1983.0,1983.0,1982.050048828125,1983.0,124
2026-09-08 11:08:00+05:30,1985.0999755859375,1986.550048828125,1982.1500244140625,1983.0,2352
2026-09-08 11:09:00+05:30,1985.5,1985.550048828125,1984.4000244140625,1985.550048828125,21
2026-09-08 11:10:00+05:30,1985.0,1985.25,1984.949951171875,1985.25,66
2026-09-08 11:11:00+05:30,1985.949951171875,1986.0,1984.5,1984.949951171875,284
2026-09-08 11:12:00+05:30,1985.5999755859375,1985.8499755859375,1984.6500244140625,1984.6500244140625,73
2026-09-08 11:13:00+05:30,1985.949951171875,1985.949951171875,1985.0,1985.75,43
2026-09-08 11:14:00+05:30,1986.5999755859375,1986.5999755859375,1985.5,1985.949951171875,66
2026-09-08 11:15:00+05:30,1986.050048828125,1987.449951171875,1985.9000244140625,1986.0999755859375,219
2026-09-08 11:16:00+05:30,1986.5,1987.050048828125,1986.5,1987.050048828125,6
2026-09-08 11:17:00+05:30,1987.050048828125,1987.050048828125,1986.5,1987.050048828125,72
2026-09-08 11:18:00+05:30,1987.0,1987.050048828125,1987.0,1987.050048828125,103
2026-09-08 11:19:00+05:30,1987.8499755859375,1987.9000244140625,1987.0,1987.0,184
2026-09-08 11:20:00+05:30,1987.0,1987.699951171875,1987.0,1987.699951171875,64
2026-09-08 11:21:00+05:30,1987.5999755859375,1987.699951171875,1986.0999755859375,1987.699951171875,436
2026-09-08 11:22:00+05:30,1986.449951171875,1987.8499755859375,1986.449951171875,1987.6500244140625,69
2026-09-08 11:23:00+05:30,1985.050048828125,1986.699951171875,1985.050048828125,1986.0,28
2026-09-08 11:24:00+05:30,1985.949951171875,1986.1500244140625,1985.0,1985.0,75
2026-09-08 11:25:00+05:30,1985.949951171875,1985.949951171875,1985.9000244140625,1985.949951171875,8
2026-09-08 11:26:00+05:30,1983.949951171875,1984.8499755859375,1983.0,1984.0,86
2026-09-08 11:27:00+05:30,1983.0,1984.050048828125,1983.0,1983.0,328
2026-09-08 11:28:00+05:30,1983.0,1983.0,1983.0,1983.0,57
2026-09-08 11:29:00+05:30,1983.800048828125,1983.8499755859375,1983.800048828125,1983.800048828125,21
2026-09-08 11:30:00+05:30,1984.550048828125,1984.550048828125,1984.0,1984.0,79
2026-09-08 11:31:00+05:30,1984.550048828125,1984.550048828125,1983.800048828125,1984.550048828125,42
2026-09-08 11:32:00+05:30,1984.550048828125,1984.550048828125,1984.0,1984.550048828125,43
2026-09-08 11:33:00+05:30,1984.0,1984.550048828125,1984.0,1984.0999755859375,14
2026-09-08 11:34:00+05:30,1983.949951171875,1983.949951171875,1982.0,1983.5,188
2026-09-08 11:35:00+05:30,1983.5,1983.550048828125,1982.050048828125,1982.050048828125,76
2026-09-08 11:36:00+05:30,1982.5999755859375,1983.449951171875,1982.199951171875,1982.199951171875,13
2026-09-08 11:37:00+05:30,1982.25,1983.0999755859375,1982.050048828125,1983.0999755859375,66
2026-09-08 11:38:00+05:30,1983.5,1983.5,1982.0999755859375,1982.0999755859375,14
2026-09-08 11:39:00+05:30,1983.449951171875,1983.449951171875,1983.449951171875,1983.449951171875,5
2026-09-08 11:40:00+05:30,1983.4000244140625,1983.449951171875,1983.4000244140625,1983.449951171875,2
2026-09-08 11:41:00+05:30,1983.449951171875,1983.449951171875,1983.449951171875,1983.449951171875,39
2026-09-08 11:42:00+05:30,1983.0,1983.0,1983.0,1983.0,22
2026-09-08 11:43:00+05:30,1983.0,1983.0,1983.0,1983.0,22
2026-09-08 11:44:00+05:30,1984.0,1984.0,1983.4000244140625,1983.4000244140625,266
2026-09-08 11:45:00+05:30,1985.0,1985.0,1984.949951171875,1984.949951171875,55
2026-09-08 11:46:00+05:30,1985.4000244140625,1985.4000244140625,1984.5,1984.5,256
2026-09-08 11:47:00+05:30,1985.0,1985.5,1985.0,1985.5,209
2026-09-08 11:48:00+05:30,1985.0,1985.0,1984.0,1984.0,26
2026-09-08 11:49:00+05:30,1984.5999755859375,1984.75,1984.0,1984.5,42
2026-09-08 11:50:00+05:30,1984.0,1984.550048828125,1984.0,1984.550048828125,14
2026-09-08 11:51:00+05:30,1984.25,1984.300048828125,1983.5,1984.0,29
2026-09-08 11:52:00+05:30,1983.699951171875,1984.5,1982.199951171875,1984.5,41
2026-09-08 11:53:00+05:30,1983.5999755859375,1983.9000244140625,1983.550048828125,1983.9000244140625,25
2026-09-08 11:54:00+05:30,1981.550048828125,1981.550048828125,1981.550048828125,1981.550048828125,50
2026-09-08 11:55:00+05:30,1981.449951171875,1982.699951171875,1981.449951171875,1982.699951171875,21
2026-09-08 11:56:00+05:30,1981.5,1981.5,1981.5,1981.5,9
2026-09-08 11:57:00+05:30,1982.0,1982.949951171875,1981.6500244140625,1981.6500244140625,310
2026-09-08 11:58:00+05:30,1981.800048828125,1982.699951171875,1981.800048828125,1982.699951171875,8
2026-09-08 11:59:00+05:30,1982.6500244140625,1982.6500244140625,1982.6500244140625,1982.6500244140625,17
2026-09-08 12:00:00+05:30,1981.4000244140625,1982.6500244140625,1981.4000244140625,1982.6500244140625,17
2026-09-08 12:01:00+05:30,1982.449951171875,1982.6500244140625,1982.449951171875,1982.6500244140625,25
2026-09-08 12:02:00+05:30,1982.699951171875,1982.699951171875,1982.449951171875,1982.449951171875,130
2026-09-08 12:03:00+05:30,1982.449951171875,1982.699951171875,1982.449951171875,1982.699951171875,67
2026-09-08 12:04:00+05:30,1982.699951171875,1983.1500244140625,1982.449951171875,1982.449951171875,35
2026-09-08 12:05:00+05:30,1983.5,1983.5,1981.8499755859375,1981.8499755859375,7
2026-09-08 12:06:00+05:30,1982.449951171875,1982.449951171875,1982.449951171875,1982.449951171875,4
2026-09-08 12:07:00+05:30,1983.5,1983.5,1982.5999755859375,1982.5999755859375,17
2026-09-08 12:08:00+05:30,1981.0,1983.5,1981.0,1983.5,641
2026-09-08 12:09:00+05:30,1982.0,1982.0,1982.0,1982.0,2
2026-09-08 12:10:00+05:30,1982.1500244140625,1983.3499755859375,1982.0,1982.0,10
2026-09-08 12:11:00+05:30,1983.449951171875,1983.5,1983.449951171875,1983.5,21
2026-09-08 12:12:00+05:30,1983.449951171875,1983.449951171875,1983.449951171875,1983.449951171875,3
2026-09-08 12:13:00+05:30,1983.449951171875,1983.449951171875,1983.3499755859375,1983.3499755859375,10
2026-09-08 12:14:00+05:30,1983.449951171875,1983.449951171875,1982.5,1982.5,137
2026-09-08 12:15:00+05:30,1983.9000244140625,1983.9000244140625,1982.8499755859375,1983.5,132
2026-09-08 12:16:00+05:30,1983.9000244140625,1983.9000244140625,1983.8499755859375,1983.8499755859375,36
2026-09-08 12:17:00+05:30,1984.199951171875,1984.199951171875,1983.9000244140625,1983.9000244140625,426
2026-09-08 12:18:00+05:30,1983.300048828125,1984.9000244140625,1983.300048828125,1984.5999755859375,45
2026-09-08 12:19:00+05:30,1984.6500244140625,1984.8499755859375,1983.5,1983.8499755859375,38
2026-09-08 12:20:00+05:30,1983.75,1984.6500244140625,1983.550048828125,1983.550048828125,6
2026-09-08 12:21:00+05:30,1984.050048828125,1984.5999755859375,1984.050048828125,1984.5,24
2026-09-08 12:22:00+05:30,1983.9000244140625,1984.050048828125,1983.800048828125,1983.800048828125,21
2026-09-08 12:23:00+05:30,1984.0,1984.0,1982.550048828125,1983.9000244140625,188
2026-09-08 12:24:00+05:30,1983.25,1984.6500244140625,1983.199951171875,1983.199951171875,71
2026-09-08 12:25:00+05:30,1983.300048828125,1984.6500244140625,1983.300048828125,1984.0,115
2026-09-08 12:26:00+05:30,1984.4000244140625,1984.4000244140625,1983.300048828125,1983.4000244140625,172
2026-09-08 12:27:00+05:30,1982.449951171875,1984.550048828125,1982.449951171875,1984.550048828125,42
2026-09-08 12:28:00+05:30,1982.699951171875,1983.800048828125,1982.5,1982.5,67
2026-09-08 12:29:00+05:30,1982.8499755859375,1984.5,1982.5999755859375,1982.5999755859375,87
2026-09-08 12:30:00+05:30,1984.449951171875,1984.449951171875,1982.9000244140625,1982.9000244140625,10
2026-09-08 12:31:00+05:30,1982.9000244140625,1984.1500244140625,1982.5999755859375,1983.449951171875,78
2026-09-08 12:32:00+05:30,1984.449951171875,1984.449951171875,1983.449951171875,1983.449951171875,21
2026-09-08 12:33:00+05:30,1983.050048828125,1984.5,1982.8499755859375,1982.949951171875,132
2026-09-08 12:35:00+05:30,1982.8499755859375,1982.8499755859375,1982.8499755859375,1982.8499755859375,50
2026-09-08 12:36:00+05:30,1984.449951171875,1984.5,1983.0,1983.300048828125,75
2026-09-08 12:37:00+05:30,1985.9000244140625,1985.9000244140625,1984.550048828125,1984.6500244140625,817
2026-09-08 12:38:00+05:30,1985.1500244140625,1985.800048828125,1985.1500244140625,1985.550048828125,16
2026-09-08 12:39:00+05:30,1985.0,1986.0,1985.0,1986.0,67
2026-09-08 12:40:00+05:30,1984.1500244140625,1985.199951171875,1984.050048828125,1984.050048828125,50
2026-09-08 12:41:00+05:30,1985.8499755859375,1985.8499755859375,1984.1500244140625,1984.1500244140625,213
2026-09-08 12:42:00+05:30,1984.9000244140625,1985.0,1984.800048828125,1984.800048828125,31
2026-09-08 12:43:00+05:30,1984.199951171875,1984.9000244140625,1984.050048828125,1984.050048828125,365
2026-09-08 12:44:00+05:30,1984.9000244140625,1984.9000244140625,1984.199951171875,1984.199951171875,26
2026-09-08 12:45:00+05:30,1984.9000244140625,1984.9000244140625,1984.9000244140625,1984.9000244140625,348
2026-09-08 12:46:00+05:30,1984.3499755859375,1985.5999755859375,1984.3499755859375,1985.5999755859375,15
2026-09-08 12:47:00+05:30,1987.300048828125,1987.5,1985.550048828125,1986.0,280
2026-09-08 12:48:00+05:30,1986.9000244140625,1987.5,1986.9000244140625,1987.5,25
2026-09-08 12:49:00+05:30,1986.699951171875,1986.8499755859375,1986.699951171875,1986.8499755859375,136
2026-09-08 12:50:00+05:30,1985.4000244140625,1986.699951171875,1985.1500244140625,1986.699951171875,116
2026-09-08 12:52:00+05:30,1985.25,1986.9000244140625,1985.25,1986.3499755859375,7
2026-09-08 12:53:00+05:30,1985.5999755859375,1986.449951171875,1985.5999755859375,1986.449951171875,82
2026-09-08 12:54:00+05:30,1986.8499755859375,1986.8499755859375,1986.8499755859375,1986.8499755859375,5
2026-09-08 12:55:00+05:30,1986.0,1986.8499755859375,1985.8499755859375,1986.800048828125,81
2026-09-08 12:56:00+05:30,1986.699951171875,1986.699951171875,1986.0,1986.0,11
2026-09-08 12:57:00+05:30,1986.4000244140625,1986.5999755859375,1986.0,1986.0,187
2026-09-08 12:58:00+05:30,1986.5,1986.800048828125,1986.0,1986.0,14
2026-09-08 12:59:00+05:30,1986.0,1986.5,1986.0,1986.5,50
2026-09-08 13:00:00+05:30,1985.300048828125,1986.4000244140625,1985.300048828125,1986.0,87
2026-09-08 13:02:00+05:30,1987.6500244140625,1990.5,1987.0,1987.0,1738
2026-09-08 13:03:00+05:30,1988.1500244140625,1989.6500244140625,1988.1500244140625,1988.4000244140625,37
2026-09-08 13:04:00+05:30,1988.0,1988.1500244140625,1988.0,1988.1500244140625,45
2026-09-08 13:05:00+05:30,1988.5,1988.5,1987.9000244140625,1987.9000244140625,12
2026-09-08 13:06:00+05:30,1987.9000244140625,1988.4000244140625,1987.9000244140625,1988.4000244140625,102
2026-09-08 13:07:00+05:30,1988.25,1988.25,1986.25,1988.0,98
2026-09-08 13:08:00+05:30,1988.550048828125,1988.75,1987.9000244140625,1988.75,8
2026-09-08 13:09:00+05:30,1988.5,1988.5,1987.300048828125,1988.0,86
2026-09-08 13:10:00+05:30,1986.9000244140625,1988.5,1986.9000244140625,1988.5,51
2026-09-08 13:11:00+05:30,1986.9000244140625,1988.449951171875,1986.8499755859375,1988.449951171875,111
2026-09-08 13:12:00+05:30,1986.5999755859375,1988.050048828125,1986.5999755859375,1986.8499755859375,42
2026-09-08 13:13:00+05:30,1987.699951171875,1988.050048828125,1986.3499755859375,1988.050048828125,25
2026-09-08 13:14:00+05:30,1987.699951171875,1987.699951171875,1985.9000244140625,1985.9000244140625,103
2026-09-08 13:15:00+05:30,1987.699951171875,1987.699951171875,1987.6500244140625,1987.699951171875,16
2026-09-08 13:16:00+05:30,1985.3499755859375,1986.800048828125,1985.3499755859375,1986.800048828125,55
2026-09-08 13:17:00+05:30,1985.300048828125,1985.300048828125,1985.300048828125,1985.300048828125,10
2026-09-08 13:18:00+05:30,1987.5,1987.5,1985.3499755859375,1985.3499755859375,26
2026-09-08 13:19:00+05:30,1987.4000244140625,1987.4000244140625,1987.4000244140625,1987.4000244140625,1
2026-09-08 13:20:00+05:30,1987.199951171875,1987.199951171875,1987.199951171875,1987.199951171875,20
2026-09-08 13:21:00+05:30,1987.4000244140625,1987.4000244140625,1986.300048828125,1987.199951171875,39
2026-09-08 13:22:00+05:30,1987.5,1987.5,1987.449951171875,1987.5,25
2026-09-08 13:23:00+05:30,1987.0999755859375,1987.0999755859375,1986.5,1986.5,81
2026-09-08 13:24:00+05:30,1986.0,1987.199951171875,1986.0,1987.050048828125,162
2026-09-08 13:25:00+05:30,1987.1500244140625,1987.1500244140625,1987.1500244140625,1987.1500244140625,10
2026-09-08 13:26:00+05:30,1987.0,1987.0,1987.0,1987.0,55
2026-09-08 13:27:00+05:30,1987.0,1987.1500244140625,1985.4000244140625,1987.1500244140625,303
2026-09-08 13:28:00+05:30,1986.0,1986.800048828125,1986.0,1986.699951171875,5
2026-09-08 13:29:00+05:30,1986.300048828125,1986.449951171875,1985.449951171875,1986.449951171875,54
2026-09-08 13:30:00+05:30,1985.25,1986.300048828125,1985.25,1986.0999755859375,178
2026-09-08 13:31:00+05:30,1986.050048828125,1986.050048828125,1986.050048828125,1986.050048828125,4
2026-09-08 13:32:00+05:30,1985.0,1985.0,1985.0,1985.0,143
2026-09-08 13:33:00+05:30,1984.0,1985.0,1984.0,1984.050048828125,44
2026-09-08 13:34:00+05:30,1985.0,1985.0,1985.0,1985.0,2
2026-09-08 13:35:00+05:30,1984.949951171875,1985.0,1984.050048828125,1985.0,83
2026-09-08 13:36:00+05:30,1984.949951171875,1984.949951171875,1984.949951171875,1984.949951171875,5
2026-09-08 13:37:00+05:30,1984.949951171875,1984.949951171875,1984.949951171875,1984.949951171875,1
2026-09-08 13:38:00+05:30,1985.0,1985.0,1984.949951171875,1984.949951171875,76
2026-09-08 13:39:00+05:30,1984.949951171875,1984.949951171875,1983.8499755859375,1983.8499755859375,51
2026-09-08 13:40:00+05:30,1985.300048828125,1985.4000244140625,1985.0,1985.0,62
2026-09-08 13:41:00+05:30,1985.300048828125,1985.300048828125,1984.300048828125,1984.300048828125,5
2026-09-08 13:42:00+05:30,1985.0999755859375,1985.0999755859375,1983.8499755859375,1983.8499755859375,178
2026-09-08 13:43:00+05:30,1985.0,1985.0,1985.0,1985.0,208
2026-09-08 13:44:00+05:30,1984.949951171875,1984.949951171875,1984.1500244140625,1984.949951171875,13
2026-09-08 13:45:00+05:30,1985.0,1985.0,1984.949951171875,1984.949951171875,120
2026-09-08 13:46:00+05:30,1985.0,1985.0,1985.0,1985.0,2
2026-09-08 13:47:00+05:30,1985.0,1985.0,1985.0,1985.0,43
2026-09-08 13:48:00+05:30,1983.6500244140625,1983.6500244140625,1983.6500244140625,1983.6500244140625,135
2026-09-08 13:49:00+05:30,1981.0,1984.949951171875,1981.0,1984.800048828125,410
2026-09-08 13:50:00+05:30,1981.3499755859375,1983.25,1981.3499755859375,1983.25,296
2026-09-08 13:51:00+05:30,1982.699951171875,1983.0,1982.300048828125,1983.0,33
2026-09-08 13:52:00+05:30,1982.699951171875,1982.699951171875,1981.3499755859375,1981.3499755859375,23
2026-09-08 13:53:00+05:30,1983.4000244140625,1983.4000244140625,1983.4000244140625,1983.4000244140625,12
2026-09-08 13:54:00+05:30,1981.3499755859375,1983.4000244140625,1981.3499755859375,1981.5,55
2026-09-08 13:55:00+05:30,1982.949951171875,1982.949951171875,1982.949951171875,1982.949951171875,3
2026-09-08 13:56:00+05:30,1983.4000244140625,1983.4000244140625,1981.3499755859375,1981.3499755859375,87
2026-09-08 13:57:00+05:30,1982.4000244140625,1982.6500244140625,1982.4000244140625,1982.6500244140625,39
2026-09-08 13:58:00+05:30,1983.4000244140625,1983.4000244140625,1983.4000244140625,1983.4000244140625,13
2026-09-08 13:59:00+05:30,1983.0,1983.5999755859375,1983.0,1983.5999755859375,18
2026-09-08 14:00:00+05:30,1983.0,1983.0,1983.0,1983.0,15
2026-09-08 14:01:00+05:30,1984.0,1984.0,1982.6500244140625,1982.6500244140625,60
2026-09-08 14:02:00+05:30,1984.0,1984.0,1983.0,1983.0,4
2026-09-08 14:03:00+05:30,1984.0,1984.0,1984.0,1984.0,25
2026-09-08 14:04:00+05:30,1983.949951171875,1983.949951171875,1983.0,1983.0,16
2026-09-08 14:05:00+05:30,1983.1500244140625,1983.949951171875,1983.1500244140625,1983.949951171875,51
2026-09-08 14:06:00+05:30,1984.5999755859375,1984.6500244140625,1984.5999755859375,1984.6500244140625,109
2026-09-08 14:07:00+05:30,1984.1500244140625,1984.199951171875,1982.8499755859375,1982.8499755859375,50
2026-09-08 14:08:00+05:30,1984.1500244140625,1984.1500244140625,1984.1500244140625,1984.1500244140625,1
2026-09-08 14:09:00+05:30,1984.449951171875,1984.449951171875,1982.8499755859375,1982.8499755859375,30
2026-09-08 14:10:00+05:30,1984.3499755859375,1984.5,1984.199951171875,1984.199951171875,36
2026-09-08 14:11:00+05:30,1984.449951171875,1984.449951171875,1983.4000244140625,1983.4000244140625,25
2026-09-08 14:12:00+05:30,1984.449951171875,1984.449951171875,1984.4000244140625,1984.4000244140625,5
2026-09-08 14:13:00+05:30,1984.4000244140625,1984.4000244140625,1984.4000244140625,1984.4000244140625,1
2026-09-08 14:14:00+05:30,1984.300048828125,1984.3499755859375,1984.300048828125,1984.3499755859375,60
2026-09-08 14:15:00+05:30,1984.3499755859375,1984.3499755859375,1984.25,1984.25,20
2026-09-08 14:16:00+05:30,1982.449951171875,1984.4000244140625,1982.449951171875,1984.4000244140625,150
2026-09-08 14:17:00+05:30,1985.8499755859375,1986.0,1983.949951171875,1983.949951171875,419
2026-09-08 14:18:00+05:30,1985.5999755859375,1985.699951171875,1984.3499755859375,1984.3499755859375,9
2026-09-08 14:19:00+05:30,1985.550048828125,1985.550048828125,1985.550048828125,1985.550048828125,5
2026-09-08 14:20:00+05:30,1985.5,1985.5,1985.5,1985.5,3
2026-09-08 14:21:00+05:30,1984.4000244140625,1984.4000244140625,1984.4000244140625,1984.4000244140625,55
2026-09-08 14:22:00+05:30,1985.5,1985.5,1985.5,1985.5,21
2026-09-08 14:23:00+05:30,1984.3499755859375,1984.3499755859375,1984.3499755859375,1984.3499755859375,2
2026-09-08 14:24:00+05:30,1985.449951171875,1985.449951171875,1985.4000244140625,1985.4000244140625,22
2026-09-08 14:26:00+05:30,1985.449951171875,1985.449951171875,1985.449951171875,1985.449951171875,16
2026-09-08 14:27:00+05:30,1984.4000244140625,1984.4000244140625,1984.4000244140625,1984.4000244140625,13
2026-09-08 14:28:00+05:30,1984.4000244140625,1985.4000244140625,1984.4000244140625,1985.4000244140625,123
2026-09-08 14:29:00+05:30,1984.4000244140625,1985.3499755859375,1984.4000244140625,1985.25,17
2026-09-08 14:30:00+05:30,1985.3499755859375,1985.4000244140625,1985.3499755859375,1985.4000244140625,223
2026-09-08 14:31:00+05:30,1984.4000244140625,1985.3499755859375,1984.0999755859375,1984.4000244140625,113
2026-09-08 14:32:00+05:30,1985.3499755859375,1985.3499755859375,1985.3499755859375,1985.3499755859375,5
2026-09-08 14:33:00+05:30,1985.3499755859375,1985.3499755859375,1985.3499755859375,1985.3499755859375,5
2026-09-08 14:34:00+05:30,1985.3499755859375,1985.3499755859375,1984.5,1984.5,9
2026-09-08 14:35:00+05:30,1986.5999755859375,1986.5999755859375,1984.5,1985.4000244140625,457
2026-09-08 14:36:00+05:30,1985.550048828125,1986.449951171875,1985.550048828125,1985.550048828125,79
2026-09-08 14:37:00+05:30,1986.5,1986.5,1986.449951171875,1986.449951171875,34
2026-09-08 14:38:00+05:30,1986.3499755859375,1986.5,1986.3499755859375,1986.5,27
2026-09-08 14:39:00+05:30,1985.0,1985.550048828125,1984.6500244140625,1985.550048828125,132
2026-09-08 14:40:00+05:30,1985.0,1985.0,1985.0,1985.0,2
2026-09-08 14:41:00+05:30,1984.800048828125,1985.0,1984.449951171875,1984.449951171875,155
2026-09-08 14:42:00+05:30,1985.050048828125,1985.800048828125,1984.550048828125,1984.550048828125,19
2026-09-08 14:43:00+05:30,1984.699951171875,1985.800048828125,1984.699951171875,1985.800048828125,17
2026-09-08 14:45:00+05:30,1985.5999755859375,1985.5999755859375,1984.699951171875,1984.699951171875,16
2026-09-08 14:46:00+05:30,1985.699951171875,1985.699951171875,1985.5,1985.5,78
2026-09-08 14:47:00+05:30,1985.0,1985.6500244140625,1985.0,1985.6500244140625,20
2026-09-08 14:48:00+05:30,1985.4000244140625,1985.6500244140625,1985.4000244140625,1985.6500244140625,50
2026-09-08 14:49:00+05:30,1985.550048828125,1986.4000244140625,1985.550048828125,1986.4000244140625,16
2026-09-08 14:50:00+05:30,1985.800048828125,1987.0,1985.1500244140625,1986.0,864
2026-09-08 14:51:00+05:30,1986.25,1986.25,1986.25,1986.25,10
2026-09-08 14:52:00+05:30,1984.9000244140625,1985.8499755859375,1984.75,1984.8499755859375,129
2026-09-08 14:53:00+05:30,1985.800048828125,1985.800048828125,1985.800048828125,1985.800048828125,10
2026-09-08 14:54:00+05:30,1986.0,1986.0,1984.800048828125,1984.800048828125,24
2026-09-08 14:55:00+05:30,1986.8499755859375,1987.0,1986.25,1986.25,60
2026-09-08 14:56:00+05:30,1985.0,1986.8499755859375,1985.0,1986.8499755859375,657
2026-09-08 14:57:00+05:30,1986.75,1986.8499755859375,1986.0,1986.6500244140625,104
2026-09-08 14:58:00+05:30,1986.949951171875,1987.6500244140625,1986.75,1986.75,323
2026-09-08 14:59:00+05:30,1986.9000244140625,1986.9000244140625,1986.5,1986.5,39
2026-09-08 15:00:00+05:30,1986.9000244140625,1986.9000244140625,1986.550048828125,1986.9000244140625,26
2026-09-08 15:01:00+05:30,1986.75,1986.9000244140625,1986.75,1986.9000244140625,53
2026-09-08 15:02:00+05:30,1987.3499755859375,1987.5,1986.8499755859375,1986.9000244140625,237
2026-09-08 15:03:00+05:30,1985.0,1986.4000244140625,1985.0,1985.5,413
2026-09-08 15:04:00+05:30,1985.0,1985.75,1985.0,1985.0,248
2026-09-08 15:05:00+05:30,1981.0,1985.699951171875,1981.0,1985.699951171875,361
2026-09-08 15:06:00+05:30,1983.6500244140625,1983.6500244140625,1980.0999755859375,1981.0,246
2026-09-08 15:07:00+05:30,1982.5999755859375,1982.9000244140625,1982.0999755859375,1982.9000244140625,154
2026-09-08 15:08:00+05:30,1982.5999755859375,1982.5999755859375,1981.300048828125,1981.300048828125,26
2026-09-08 15:09:00+05:30,1981.199951171875,1982.4000244140625,1981.199951171875,1982.4000244140625,226
2026-09-08 15:10:00+05:30,1982.5,1984.9000244140625,1982.449951171875,1982.449951171875,92
2026-09-08 15:11:00+05:30,1980.9000244140625,1984.75,1980.9000244140625,1984.75,113
2026-09-08 15:12:00+05:30,1982.0,1982.0,1979.0,1980.0999755859375,557
2026-09-08 15:13:00+05:30,1976.050048828125,1982.5,1976.050048828125,1982.0,246
2026-09-08 15:14:00+05:30,1979.25,1980.949951171875,1976.6500244140625,1980.949951171875,83
2026-09-08 15:28:00+05:30,1982.5,1982.5,1982.5,1982.5,346
2026-09-09 09:15:00+05:30,1968.9000244140625,1975.449951171875,1968.9000244140625,1970.949951171875,469
2026-09-09 09:16:00+05:30,1968.0,1968.9000244140625,1965.6500244140625,1968.9000244140625,168
2026-09-09 09:17:00+05:30,1968.3499755859375,1968.3499755859375,1966.199951171875,1967.550048828125,156
2026-09-09 09:18:00+05:30,1966.8499755859375,1968.3499755859375,1966.0999755859375,1968.0,219
2026-09-09 09:19:00+05:30,1967.199951171875,1967.800048828125,1966.8499755859375,1966.8499755859375,138
2026-09-09 09:20:00+05:30,1966.199951171875,1967.800048828125,1966.0,1967.5999755859375,87
2026-09-09 09:21:00+05:30,1965.5999755859375,1966.699951171875,1965.5999755859375,1966.1500244140625,1734
2026-09-09 09:22:00+05:30,1964.699951171875,1965.6500244140625,1964.699951171875,1965.0999755859375,168
2026-09-09 09:23:00+05:30,1964.800048828125,1965.6500244140625,1964.699951171875,1965.5999755859375,163
2026-09-09 09:24:00+05:30,1965.300048828125,1965.6500244140625,1964.0999755859375,1964.550048828125,173
2026-09-09 09:25:00+05:30,1962.949951171875,1964.800048828125,1962.949951171875,1964.5,204
2026-09-09 09:26:00+05:30,1963.5,1964.0,1963.300048828125,1963.300048828125,42
2026-09-09 09:27:00+05:30,1963.800048828125,1963.800048828125,1962.9000244140625,1962.949951171875,51
2026-09-09 09:28:00+05:30,1962.199951171875,1963.699951171875,1961.550048828125,1963.0999755859375,278
2026-09-09 09:29:00+05:30,1962.0,1962.75,1961.300048828125,1962.75,180
2026-09-09 09:30:00+05:30,1961.9000244140625,1962.550048828125,1961.0,1962.1500244140625,194
2026-09-09 09:31:00+05:30,1961.5,1962.3499755859375,1961.5,1961.9000244140625,86
2026-09-09 09:32:00+05:30,1962.199951171875,1962.300048828125,1961.4000244140625,1961.9000244140625,216
2026-09-09 09:33:00+05:30,1962.449951171875,1962.5,1961.800048828125,1962.199951171875,481
2026-09-09 09:34:00+05:30,1962.300048828125,1962.300048828125,1961.800048828125,1962.0999755859375,79
2026-09-09 09:35:00+05:30,1960.9000244140625,1961.800048828125,1960.0,1961.800048828125,604
2026-09-09 09:36:00+05:30,1960.4000244140625,1960.949951171875,1960.3499755859375,1960.800048828125,133
2026-09-09 09:37:00+05:30,1960.25,1960.8499755859375,1960.0999755859375,1960.550048828125,59
2026-09-09 09:38:00+05:30,1961.25,1961.25,1960.0,1960.25,151
2026-09-09 09:39:00+05:30,1961.800048828125,1961.949951171875,1961.300048828125,1961.949951171875,109
2026-09-09 09:40:00+05:30,1961.300048828125,1961.949951171875,1961.0,1961.949951171875,83
2026-09-09 09:41:00+05:30,1961.5999755859375,1961.949951171875,1961.0,1961.300048828125,619
2026-09-09 09:42:00+05:30,1961.300048828125,1961.300048828125,1960.199951171875,1961.300048828125,142
2026-09-09 09:43:00+05:30,1957.5,1961.300048828125,1957.5,1961.300048828125,1250
2026-09-09 09:44:00+05:30,1955.1500244140625,1957.4000244140625,1955.0999755859375,1957.4000244140625,495
2026-09-09 09:45:00+05:30,1957.0,1957.0,1955.5,1955.6500244140625,91
2026-09-09 09:46:00+05:30,1956.5,1957.0,1955.300048828125,1957.0,1066
2026-09-09 09:47:00+05:30,1956.550048828125,1956.6500244140625,1955.300048828125,1956.5,326
2026-09-09 09:48:00+05:30,1956.199951171875,1956.8499755859375,1956.199951171875,1956.5,64
2026-09-09 09:49:00+05:30,1956.5,1957.0,1956.5,1956.8499755859375,57
2026-09-09 09:50:00+05:30,1955.800048828125,1957.0,1955.800048828125,1956.699951171875,511
2026-09-09 09:51:00+05:30,1955.699951171875,1956.199951171875,1954.699951171875,1955.9000244140625,890
2026-09-09 09:52:00+05:30,1953.699951171875,1956.5,1953.699951171875,1955.699951171875,295
2026-09-09 09:53:00+05:30,1954.1500244140625,1954.699951171875,1953.0999755859375,1953.0999755859375,279
2026-09-09 09:54:00+05:30,1953.5,1954.3499755859375,1953.0,1954.3499755859375,177
2026-09-09 09:55:00+05:30,1953.449951171875,1953.949951171875,1953.0,1953.25,75
2026-09-09 09:56:00+05:30,1953.0,1953.5999755859375,1952.949951171875,1953.550048828125,415
2026-09-09 09:57:00+05:30,1953.0,1953.0,1952.75,1953.0,467
2026-09-09 09:58:00+05:30,1953.0,1953.4000244140625,1952.75,1952.75,472
2026-09-09 09:59:00+05:30,1952.949951171875,1953.0,1952.949951171875,1953.0,973
2026-09-09 10:00:00+05:30,1952.800048828125,1953.449951171875,1952.800048828125,1953.199951171875,190
2026-09-09 10:01:00+05:30,1952.199951171875,1953.0,1952.199951171875,1953.0,261
2026-09-09 10:02:00+05:30,1952.0,1952.9000244140625,1951.0,1952.9000244140625,775
2026-09-09 10:03:00+05:30,1952.0,1952.0,1951.0,1952.0,328
2026-09-09 10:04:00+05:30,1952.0,1952.0,1951.5,1952.0,413
2026-09-09 10:05:00+05:30,1952.0,1952.0,1951.0,1952.0,339
2026-09-09 10:06:00+05:30,1951.0,1952.0,1951.0,1952.0,91
2026-09-09 10:07:00+05:30,1952.0,1952.0,1950.75,1951.699951171875,121
2026-09-09 10:08:00+05:30,1951.199951171875,1952.0,1950.75,1952.0,258
2026-09-09 10:09:00+05:30,1950.800048828125,1951.199951171875,1950.050048828125,1951.199951171875,262
2026-09-09 10:10:00+05:30,1949.9000244140625,1950.699951171875,1949.050048828125,1950.699951171875,3390
2026-09-09 10:11:00+05:30,1948.0,1949.5,1947.5999755859375,1949.4000244140625,4036
2026-09-09 10:12:00+05:30,1948.0,1948.0,1947.5,1948.0,257
2026-09-09 10:13:00+05:30,1949.5,1949.75,1948.0,1948.0,2431
2026-09-09 10:14:00+05:30,1950.0,1950.0,1949.050048828125,1949.5,471
2026-09-09 10:15:00+05:30,1950.3499755859375,1950.5,1949.550048828125,1949.550048828125,146
2026-09-09 10:16:00+05:30,1953.199951171875,1953.199951171875,1950.5,1950.5,128
2026-09-09 10:17:00+05:30,1952.800048828125,1954.25,1952.5999755859375,1953.199951171875,454
2026-09-09 10:18:00+05:30,1953.550048828125,1953.800048828125,1952.5999755859375,1952.5999755859375,214
2026-09-09 10:19:00+05:30,1953.199951171875,1953.550048828125,1952.1500244140625,1953.5,45
2026-09-09 10:20:00+05:30,1954.3499755859375,1954.699951171875,1953.0,1953.199951171875,2036
2026-09-09 10:21:00+05:30,1955.0,1955.0,1953.9000244140625,1953.9000244140625,323
2026-09-09 10:22:00+05:30,1955.0,1955.5,1954.300048828125,1955.3499755859375,388
2026-09-09 10:23:00+05:30,1955.0,1955.0,1954.3499755859375,1955.0,651
2026-09-09 10:24:00+05:30,1955.0,1955.0,1954.5,1955.0,919
2026-09-09 10:25:00+05:30,1954.1500244140625,1955.0,1953.9000244140625,1955.0,302
2026-09-09 10:26:00+05:30,1955.0,1955.6500244140625,1955.0,1955.0,157
2026-09-09 10:27:00+05:30,1954.0,1954.75,1954.0,1954.5999755859375,158
2026-09-09 10:28:00+05:30,1955.0,1955.0,1954.5,1954.5,87
2026-09-09 10:29:00+05:30,1955.550048828125,1956.0,1954.5999755859375,1954.800048828125,106
2026-09-09 10:30:00+05:30,1956.4000244140625,1957.050048828125,1955.800048828125,1956.5999755859375,298
2026-09-09 10:31:00+05:30,1956.4000244140625,1956.4000244140625,1955.1500244140625,1955.1500244140625,132
2026-09-09 10:32:00+05:30,1955.9000244140625,1956.0999755859375,1955.5999755859375,1956.0999755859375,55
2026-09-09 10:33:00+05:30,1954.0,1955.9000244140625,1954.0,1955.9000244140625,167
2026-09-09 10:34:00+05:30,1954.199951171875,1954.3499755859375,1953.800048828125,1954.0,486
2026-09-09 10:35:00+05:30,1953.0,1954.0,1953.0,1954.0,93
2026-09-09 10:36:00+05:30,1953.0,1954.0999755859375,1953.0,1954.0999755859375,231
2026-09-09 10:37:00+05:30,1953.9000244140625,1953.9000244140625,1952.9000244140625,1953.449951171875,288
2026-09-09 10:38:00+05:30,1953.449951171875,1953.75,1952.550048828125,1953.5999755859375,271
2026-09-09 10:39:00+05:30,1953.0999755859375,1953.0999755859375,1952.0,1953.0,300
2026-09-09 10:40:00+05:30,1952.6500244140625,1953.0999755859375,1952.5999755859375,1953.050048828125,46
2026-09-09 10:41:00+05:30,1952.6500244140625,1952.6500244140625,1952.0,1952.0999755859375,43
2026-09-09 10:42:00+05:30,1952.4000244140625,1952.6500244140625,1952.0,1952.5,219
2026-09-09 10:43:00+05:30,1953.0,1953.0,1952.0,1952.4000244140625,49
2026-09-09 10:44:00+05:30,1953.0,1953.199951171875,1953.0,1953.0,25
2026-09-09 10:45:00+05:30,1953.800048828125,1953.800048828125,1952.699951171875,1953.0,76
2026-09-09 10:46:00+05:30,1954.5999755859375,1954.5999755859375,1953.3499755859375,1953.3499755859375,42
2026-09-09 10:47:00+05:30,1956.0999755859375,1957.0,1955.4000244140625,1955.4000244140625,184
2026-09-09 10:48:00+05:30,1956.5999755859375,1956.6500244140625,1955.5,1956.6500244140625,43
2026-09-09 10:49:00+05:30,1956.5999755859375,1956.5999755859375,1955.9000244140625,1956.5999755859375,131
2026-09-09 10:50:00+05:30,1956.0,1956.5999755859375,1956.0,1956.5999755859375,81
2026-09-09 10:51:00+05:30,1956.0,1956.0,1956.0,1956.0,3
2026-09-09 10:52:00+05:30,1955.4000244140625,1955.699951171875,1955.4000244140625,1955.4000244140625,74
2026-09-09 10:53:00+05:30,1955.4000244140625,1955.5999755859375,1955.4000244140625,1955.4000244140625,67
2026-09-09 10:54:00+05:30,1954.5999755859375,1955.4000244140625,1954.0,1955.4000244140625,101
2026-09-09 10:55:00+05:30,1953.6500244140625,1954.5999755859375,1952.699951171875,1954.5999755859375,52
2026-09-09 10:56:00+05:30,1953.199951171875,1953.300048828125,1951.800048828125,1953.300048828125,361
2026-09-09 10:57:00+05:30,1953.699951171875,1953.8499755859375,1953.199951171875,1953.8499755859375,374
2026-09-09 10:58:00+05:30,1951.050048828125,1953.75,1950.0,1953.75,724
2026-09-09 10:59:00+05:30,1951.0,1951.550048828125,1950.800048828125,1950.9000244140625,35
2026-09-09 11:00:00+05:30,1951.9000244140625,1952.0,1951.6500244140625,1951.6500244140625,279
2026-09-09 11:01:00+05:30,1953.5,1953.5999755859375,1951.800048828125,1951.800048828125,59
2026-09-09 11:02:00+05:30,1952.199951171875,1953.449951171875,1952.0,1952.0,179
2026-09-09 11:03:00+05:30,1953.0,1953.0,1953.0,1953.0,19
2026-09-09 11:04:00+05:30,1952.300048828125,1952.300048828125,1952.300048828125,1952.300048828125,1
2026-09-09 11:05:00+05:30,1952.75,1953.0,1952.1500244140625,1953.0,45
2026-09-09 11:06:00+05:30,1952.9000244140625,1952.9000244140625,1952.0,1952.75,185
2026-09-09 11:07:00+05:30,1952.9000244140625,1952.9000244140625,1952.0,1952.0,31
2026-09-09 11:08:00+05:30,1952.800048828125,1952.9000244140625,1952.0999755859375,1952.9000244140625,38
2026-09-09 11:09:00+05:30,1952.0999755859375,1952.800048828125,1952.0,1952.800048828125,48
2026-09-09 11:10:00+05:30,1952.9000244140625,1952.9000244140625,1952.9000244140625,1952.9000244140625,18
2026-09-09 11:11:00+05:30,1953.0,1953.199951171875,1952.9000244140625,1952.9000244140625,19
2026-09-09 11:12:00+05:30,1952.800048828125,1953.050048828125,1952.1500244140625,1953.0,286
2026-09-09 11:13:00+05:30,1952.75,1952.800048828125,1952.0,1952.800048828125,186
2026-09-09 11:14:00+05:30,1952.6500244140625,1952.75,1952.0,1952.75,20
2026-09-09 11:15:00+05:30,1952.75,1952.75,1951.199951171875,1952.0,634
2026-09-09 11:16:00+05:30,1952.0999755859375,1952.5,1952.0999755859375,1952.5,83
2026-09-09 11:17:00+05:30,1952.199951171875,1952.300048828125,1952.0999755859375,1952.300048828125,21
2026-09-09 11:18:00+05:30,1952.8499755859375,1952.8499755859375,1951.699951171875,1952.550048828125,16
2026-09-09 11:19:00+05:30,1952.5999755859375,1952.5999755859375,1952.5999755859375,1952.5999755859375,2
2026-09-09 11:20:00+05:30,1952.5999755859375,1952.5999755859375,1952.050048828125,1952.5999755859375,28
2026-09-09 11:21:00+05:30,1952.0,1952.5999755859375,1951.0,1952.5999755859375,795
2026-09-09 11:22:00+05:30,1952.5999755859375,1952.5999755859375,1952.0,1952.0,64
2026-09-09 11:23:00+05:30,1952.5999755859375,1952.5999755859375,1951.9000244140625,1952.5999755859375,106
2026-09-09 11:24:00+05:30,1953.199951171875,1953.199951171875,1952.5999755859375,1952.5999755859375,66
2026-09-09 11:25:00+05:30,1953.199951171875,1953.300048828125,1953.199951171875,1953.199951171875,116
2026-09-09 11:26:00+05:30,1953.5999755859375,1953.75,1952.6500244140625,1953.300048828125,145
2026-09-09 11:27:00+05:30,1953.800048828125,1953.9000244140625,1953.5999755859375,1953.9000244140625,14
2026-09-09 11:28:00+05:30,1953.699951171875,1953.9000244140625,1953.699951171875,1953.800048828125,65
2026-09-09 11:29:00+05:30,1953.4000244140625,1953.699951171875,1953.0999755859375,1953.5999755859375,23
2026-09-09 11:30:00+05:30,1953.0999755859375,1953.4000244140625,1953.0999755859375,1953.4000244140625,6
2026-09-09 11:31:00+05:30,1953.4000244140625,1953.4000244140625,1953.0999755859375,1953.0999755859375,141
2026-09-09 11:32:00+05:30,1953.699951171875,1953.699951171875,1953.0999755859375,1953.4000244140625,32
2026-09-09 11:33:00+05:30,1953.699951171875,1953.699951171875,1952.699951171875,1953.5,150
2026-09-09 11:34:00+05:30,1953.300048828125,1953.699951171875,1953.199951171875,1953.199951171875,70
2026-09-09 11:35:00+05:30,1953.699951171875,1953.699951171875,1953.0999755859375,1953.4000244140625,59
2026-09-09 11:36:00+05:30,1953.5999755859375,1953.699951171875,1953.0,1953.699951171875,24
2026-09-09 11:37:00+05:30,1953.5,1953.5999755859375,1953.4000244140625,1953.5,108
2026-09-09 11:38:00+05:30,1953.5,1953.5,1952.4000244140625,1953.5,521
2026-09-09 11:39:00+05:30,1953.5,1953.6500244140625,1953.300048828125,1953.5,68
2026-09-09 11:40:00+05:30,1953.0,1953.550048828125,1953.0,1953.4000244140625,20
2026-09-09 11:41:00+05:30,1953.0,1953.4000244140625,1953.0,1953.4000244140625,18
2026-09-09 11:42:00+05:30,1953.0,1953.0,1952.699951171875,1952.699951171875,110
2026-09-09 11:43:00+05:30,1954.1500244140625,1954.1500244140625,1952.5999755859375,1953.8499755859375,279
2026-09-09 11:44:00+05:30,1954.5999755859375,1954.5999755859375,1954.0,1954.0,128
2026-09-09 11:45:00+05:30,1954.199951171875,1954.800048828125,1954.0,1954.300048828125,136
2026-09-09 11:46:00+05:30,1954.0,1954.199951171875,1954.0,1954.199951171875,189
2026-09-09 11:47:00+05:30,1955.0,1955.0,1954.199951171875,1954.199951171875,389
2026-09-09 11:48:00+05:30,1954.800048828125,1955.0,1954.800048828125,1955.0,27
2026-09-09 11:49:00+05:30,1954.0,1954.9000244140625,1954.0,1954.800048828125,240
2026-09-09 11:50:00+05:30,1954.0,1954.3499755859375,1953.5999755859375,1954.0,85
2026-09-09 11:51:00+05:30,1954.0,1954.0,1953.0999755859375,1953.0999755859375,67
2026-09-09 11:52:00+05:30,1953.699951171875,1953.699951171875,1953.699951171875,1953.699951171875,2
2026-09-09 11:53:00+05:30,1953.5999755859375,1953.699951171875,1953.0,1953.0,61
2026-09-09 11:54:00+05:30,1953.4000244140625,1953.9000244140625,1953.0,1953.0,176
2026-09-09 11:55:00+05:30,1953.0,1953.4000244140625,1953.0,1953.4000244140625,118
2026-09-09 11:56:00+05:30,1953.300048828125,1953.300048828125,1953.0,1953.300048828125,111
2026-09-09 11:57:00+05:30,1952.0999755859375,1953.300048828125,1952.0999755859375,1953.300048828125,25
2026-09-09 11:58:00+05:30,1952.0999755859375,1952.0999755859375,1952.0999755859375,1952.0999755859375,1
2026-09-09 11:59:00+05:30,1952.300048828125,1952.449951171875,1951.300048828125,1952.449951171875,171
2026-09-09 12:00:00+05:30,1951.0,1952.0999755859375,1951.0,1952.0999755859375,173
2026-09-09 12:01:00+05:30,1950.0999755859375,1951.449951171875,1949.4000244140625,1950.050048828125,1658
2026-09-09 12:02:00+05:30,1948.9000244140625,1949.9000244140625,1948.0,1949.9000244140625,639
2026-09-09 12:03:00+05:30,1948.0,1948.9000244140625,1948.0,1948.9000244140625,560
2026-09-09 12:04:00+05:30,1948.300048828125,1948.75,1947.75,1947.75,192
2026-09-09 12:05:00+05:30,1948.0,1948.699951171875,1948.0,1948.0,162
2026-09-09 12:06:00+05:30,1948.199951171875,1948.199951171875,1947.5,1947.5999755859375,44
2026-09-09 12:07:00+05:30,1947.0999755859375,1948.0,1947.0,1947.5,416
2026-09-09 12:08:00+05:30,1947.699951171875,1947.699951171875,1947.0999755859375,1947.0999755859375,59
2026-09-09 12:09:00+05:30,1946.5,1946.699951171875,1945.3499755859375,1946.300048828125,819
2026-09-09 12:10:00+05:30,1946.5999755859375,1947.3499755859375,1946.5999755859375,1946.5999755859375,48
2026-09-09 12:11:00+05:30,1945.800048828125,1946.5999755859375,1945.3499755859375,1946.5,219
2026-09-09 12:12:00+05:30,1946.0,1947.4000244140625,1945.25,1945.800048828125,435
2026-09-09 12:13:00+05:30,1946.949951171875,1947.449951171875,1946.0,1946.0,484
2026-09-09 12:14:00+05:30,1946.5,1946.800048828125,1946.5,1946.800048828125,127
2026-09-09 12:15:00+05:30,1946.4000244140625,1946.5,1945.5,1946.5,75
2026-09-09 12:16:00+05:30,1946.199951171875,1946.3499755859375,1945.0,1946.3499755859375,890
2026-09-09 12:17:00+05:30,1946.25,1946.25,1946.1500244140625,1946.199951171875,67
2026-09-09 12:18:00+05:30,1946.25,1946.449951171875,1945.800048828125,1946.25,347
2026-09-09 12:19:00+05:30,1946.0999755859375,1946.25,1945.300048828125,1945.300048828125,25
2026-09-09 12:20:00+05:30,1947.0,1947.0,1945.3499755859375,1946.0999755859375,322
2026-09-09 12:21:00+05:30,1946.0,1946.800048828125,1946.0,1946.800048828125,118
2026-09-09 12:22:00+05:30,1945.4000244140625,1946.3499755859375,1945.4000244140625,1946.3499755859375,87
2026-09-09 12:23:00+05:30,1946.4000244140625,1946.4000244140625,1945.25,1945.3499755859375,121
2026-09-09 12:24:00+05:30,1946.9000244140625,1946.9000244140625,1946.300048828125,1946.300048828125,5
2026-09-09 12:25:00+05:30,1947.1500244140625,1947.1500244140625,1946.300048828125,1946.300048828125,2431
2026-09-09 12:26:00+05:30,1948.050048828125,1948.050048828125,1947.5,1947.5,41
2026-09-09 12:27:00+05:30,1948.0,1948.050048828125,1948.0,1948.050048828125,70
2026-09-09 12:28:00+05:30,1948.5,1948.5,1948.0,1948.0,22
2026-09-09 12:29:00+05:30,1948.0,1949.050048828125,1947.949951171875,1949.050048828125,51
2026-09-09 12:30:00+05:30,1949.0,1949.4000244140625,1948.0,1948.0,34
2026-09-09 12:31:00+05:30,1949.0,1949.5999755859375,1948.3499755859375,1949.199951171875,55
2026-09-09 12:32:00+05:30,1949.0,1949.0,1948.3499755859375,1948.3499755859375,44
2026-09-09 12:33:00+05:30,1949.75,1950.0,1949.0,1949.0,83
2026-09-09 12:34:00+05:30,1948.949951171875,1949.550048828125,1948.3499755859375,1949.0,18
2026-09-09 12:35:00+05:30,1948.9000244140625,1948.9000244140625,1948.9000244140625,1948.9000244140625,21
2026-09-09 12:36:00+05:30,1949.0,1949.699951171875,1948.949951171875,1948.949951171875,52
2026-09-09 12:37:00+05:30,1949.300048828125,1949.300048828125,1948.0999755859375,1948.9000244140625,167
2026-09-09 12:38:00+05:30,1949.0,1949.300048828125,1949.0,1949.300048828125,3
2026-09-09 12:39:00+05:30,1949.8499755859375,1949.8499755859375,1948.550048828125,1949.8499755859375,126
2026-09-09 12:40:00+05:30,1949.8499755859375,1949.9000244140625,1949.0,1949.0,51
2026-09-09 12:41:00+05:30,1950.0,1950.300048828125,1949.300048828125,1949.699951171875,15273
2026-09-09 12:42:00+05:30,1950.0,1950.75,1949.699951171875,1950.0999755859375,6983
2026-09-09 12:43:00+05:30,1950.0999755859375,1950.0999755859375,1950.0,1950.0,3691
2026-09-09 12:44:00+05:30,1950.5,1950.5,1950.0999755859375,1950.0999755859375,10
2026-09-09 12:45:00+05:30,1950.0,1950.800048828125,1950.0,1950.5,5747
2026-09-09 12:46:00+05:30,1948.699951171875,1950.0999755859375,1948.0,1950.0999755859375,13501
2026-09-09 12:47:00+05:30,1948.5,1948.5,1948.0,1948.0,51
2026-09-09 12:48:00+05:30,1948.449951171875,1948.5,1948.449951171875,1948.5,20
2026-09-09 12:49:00+05:30,1949.800048828125,1950.0999755859375,1949.0,1949.0,256
2026-09-09 12:50:00+05:30,1949.9000244140625,1949.9000244140625,1949.25,1949.5999755859375,84
2026-09-09 12:51:00+05:30,1949.5999755859375,1949.5999755859375,1949.5999755859375,1949.5999755859375,17
2026-09-09 12:52:00+05:30,1949.5,1949.5999755859375,1949.0,1949.5,77
2026-09-09 12:53:00+05:30,1947.5999755859375,1949.4000244140625,1947.5999755859375,1949.4000244140625,458
2026-09-09 12:54:00+05:30,1948.199951171875,1948.199951171875,1946.8499755859375,1948.0999755859375,410
2026-09-09 12:55:00+05:30,1948.8499755859375,1948.8499755859375,1947.0,1948.5999755859375,294
2026-09-09 12:56:00+05:30,1948.4000244140625,1949.0,1947.5,1948.9000244140625,150
2026-09-09 12:57:00+05:30,1948.800048828125,1948.9000244140625,1947.6500244140625,1948.4000244140625,106
2026-09-09 12:58:00+05:30,1948.0999755859375,1948.9000244140625,1948.0999755859375,1948.800048828125,90
2026-09-09 12:59:00+05:30,1950.0,1950.0,1948.0999755859375,1948.0999755859375,35
2026-09-09 13:00:00+05:30,1949.949951171875,1950.4000244140625,1948.800048828125,1950.0,202
2026-09-09 13:01:00+05:30,1948.699951171875,1948.800048828125,1948.699951171875,1948.800048828125,27
2026-09-09 13:02:00+05:30,1948.699951171875,1948.699951171875,1948.699951171875,1948.699951171875,1
2026-09-09 13:03:00+05:30,1948.5999755859375,1948.5999755859375,1948.5999755859375,1948.5999755859375,55
2026-09-09 13:04:00+05:30,1948.5999755859375,1948.5999755859375,1948.0,1948.5,590
2026-09-09 13:05:00+05:30,1947.5999755859375,1949.949951171875,1947.5999755859375,1949.949951171875,92
2026-09-09 13:06:00+05:30,1949.5999755859375,1949.5999755859375,1948.5,1948.800048828125,143
2026-09-09 13:07:00+05:30,1949.699951171875,1949.699951171875,1949.699951171875,1949.699951171875,69
2026-09-09 13:08:00+05:30,1948.800048828125,1949.5999755859375,1948.6500244140625,1949.5999755859375,125
2026-09-09 13:09:00+05:30,1949.0999755859375,1949.5999755859375,1948.5,1948.800048828125,156
2026-09-09 13:10:00+05:30,1947.199951171875,1949.0999755859375,1947.199951171875,1949.0999755859375,1107
2026-09-09 13:11:00+05:30,1948.949951171875,1948.949951171875,1948.949951171875,1948.949951171875,1
2026-09-09 13:12:00+05:30,1948.0,1948.9000244140625,1948.0,1948.9000244140625,12
2026-09-09 13:13:00+05:30,1947.25,1948.449951171875,1945.5,1948.449951171875,831
2026-09-09 13:14:00+05:30,1946.699951171875,1947.5999755859375,1946.699951171875,1947.25,22
2026-09-09 13:15:00+05:30,1947.5999755859375,1947.5999755859375,1947.550048828125,1947.550048828125,27
2026-09-09 13:16:00+05:30,1947.0,1947.5999755859375,1947.0,1947.0,8
2026-09-09 13:17:00+05:30,1947.550048828125,1947.5999755859375,1946.449951171875,1947.5999755859375,55
2026-09-09 13:18:00+05:30,1947.5999755859375,1947.5999755859375,1947.550048828125,1947.550048828125,14
2026-09-09 13:19:00+05:30,1947.4000244140625,1947.4000244140625,1946.8499755859375,1947.4000244140625,23
2026-09-09 13:20:00+05:30,1946.1500244140625,1947.050048828125,1946.1500244140625,1946.5,8
2026-09-09 13:21:00+05:30,1945.199951171875,1946.949951171875,1945.199951171875,1946.949951171875,1033
2026-09-09 13:22:00+05:30,1946.4000244140625,1946.5999755859375,1946.0,1946.5999755859375,65
2026-09-09 13:23:00+05:30,1946.300048828125,1946.300048828125,1946.300048828125,1946.300048828125,17
2026-09-09 13:24:00+05:30,1945.800048828125,1946.050048828125,1945.800048828125,1946.050048828125,46
2026-09-09 13:25:00+05:30,1945.800048828125,1945.800048828125,1945.800048828125,1945.800048828125,12
2026-09-09 13:26:00+05:30,1946.800048828125,1946.8499755859375,1945.0,1946.0,1688
2026-09-09 13:27:00+05:30,1946.0,1947.050048828125,1946.0,1947.0,48
2026-09-09 13:28:00+05:30,1946.550048828125,1946.6500244140625,1946.0,1946.6500244140625,11
2026-09-09 13:29:00+05:30,1947.25,1947.25,1945.8499755859375,1946.5,21
2026-09-09 13:30:00+05:30,1947.25,1947.25,1946.25,1947.25,14
2026-09-09 13:31:00+05:30,1947.050048828125,1947.050048828125,1947.0,1947.0,59
2026-09-09 13:32:00+05:30,1946.5999755859375,1947.0,1946.0,1947.0,534
2026-09-09 13:33:00+05:30,1943.0,1946.25,1943.0,1946.25,2465
2026-09-09 13:34:00+05:30,1942.300048828125,1943.4000244140625,1941.300048828125,1943.0,702
2026-09-09 13:35:00+05:30,1942.449951171875,1943.0999755859375,1941.199951171875,1942.1500244140625,304
2026-09-09 13:36:00+05:30,1943.449951171875,1943.449951171875,1943.0999755859375,1943.0999755859375,9
2026-09-09 13:37:00+05:30,1943.0,1943.199951171875,1943.0,1943.199951171875,22
2026-09-09 13:38:00+05:30,1942.800048828125,1943.449951171875,1942.5,1943.199951171875,80
2026-09-09 13:39:00+05:30,1943.0,1943.4000244140625,1941.75,1941.75,75
2026-09-09 13:40:00+05:30,1943.0,1943.0,1942.199951171875,1942.199951171875,24
2026-09-09 13:41:00+05:30,1942.25,1943.050048828125,1942.25,1943.0,21
2026-09-09 13:42:00+05:30,1943.0999755859375,1943.5,1942.050048828125,1942.050048828125,49
2026-09-09 13:43:00+05:30,1942.800048828125,1943.4000244140625,1942.050048828125,1942.9000244140625,142
2026-09-09 13:44:00+05:30,1943.5999755859375,1943.699951171875,1942.800048828125,1943.699951171875,36
2026-09-09 13:45:00+05:30,1943.9000244140625,1944.0,1943.0,1944.0,34
2026-09-09 13:46:00+05:30,1944.0,1944.0,1943.550048828125,1943.550048828125,17
2026-09-09 13:47:00+05:30,1944.0,1944.0,1944.0,1944.0,33
2026-09-09 13:48:00+05:30,1944.0,1944.0,1943.949951171875,1943.949951171875,35
2026-09-09 13:49:00+05:30,1945.0,1945.0,1943.0999755859375,1943.550048828125,105
2026-09-09 13:50:00+05:30,1944.300048828125,1945.0,1944.199951171875,1945.0,43
2026-09-09 13:51:00+05:30,1944.0999755859375,1944.0999755859375,1944.0999755859375,1944.0999755859375,15
2026-09-09 13:52:00+05:30,1946.1500244140625,1946.1500244140625,1943.800048828125,1944.0,449
2026-09-09 13:53:00+05:30,1944.8499755859375,1945.6500244140625,1944.75,1945.6500244140625,44
2026-09-09 13:54:00+05:30,1944.3499755859375,1944.4000244140625,1944.0,1944.0,19
2026-09-09 13:55:00+05:30,1944.0,1944.199951171875,1943.550048828125,1944.199951171875,42
2026-09-09 13:56:00+05:30,1944.0,1944.449951171875,1943.5,1943.5,102
2026-09-09 13:57:00+05:30,1943.800048828125,1944.300048828125,1943.1500244140625,1943.1500244140625,82
2026-09-09 13:58:00+05:30,1944.449951171875,1944.449951171875,1944.1500244140625,1944.1500244140625,12
2026-09-09 13:59:00+05:30,1945.0,1945.0,1944.4000244140625,1944.4000244140625,80
2026-09-09 14:00:00+05:30,1945.0,1945.0,1944.4000244140625,1945.0,16
2026-09-09 14:01:00+05:30,1945.300048828125,1945.300048828125,1945.0,1945.0,88
2026-09-09 14:02:00+05:30,1945.9000244140625,1946.050048828125,1945.9000244140625,1946.050048828125,42
2026-09-09 14:03:00+05:30,1945.3499755859375,1945.9000244140625,1945.3499755859375,1945.9000244140625,8
2026-09-09 14:04:00+05:30,1945.949951171875,1945.949951171875,1945.1500244140625,1945.949951171875,9
2026-09-09 14:05:00+05:30,1945.699951171875,1945.699951171875,1945.25,1945.25,28918
2026-09-09 14:06:00+05:30,1945.699951171875,1945.699951171875,1945.699951171875,1945.699951171875,55
2026-09-09 14:07:00+05:30,1944.199951171875,1945.699951171875,1944.199951171875,1945.699951171875,327
2026-09-09 14:08:00+05:30,1944.9000244140625,1945.1500244140625,1944.25,1945.1500244140625,32
2026-09-09 14:09:00+05:30,1944.0,1944.9000244140625,1944.0,1944.9000244140625,166
2026-09-09 14:10:00+05:30,1944.050048828125,1944.199951171875,1943.050048828125,1944.0,83
2026-09-09 14:11:00+05:30,1944.3499755859375,1944.4000244140625,1943.0,1944.0999755859375,193
2026-09-09 14:12:00+05:30,1944.0,1944.0,1944.0,1944.0,1
2026-09-09 14:13:00+05:30,1944.800048828125,1944.949951171875,1944.449951171875,1944.449951171875,28
2026-09-09 14:14:00+05:30,1944.25,1944.25,1943.5,1944.0,35
2026-09-09 14:15:00+05:30,1943.5999755859375,1946.0,1943.5999755859375,1944.199951171875,301254
2026-09-09 14:16:00+05:30,1943.0,1944.550048828125,1943.0,1944.550048828125,89
2026-09-09 14:17:00+05:30,1943.8499755859375,1944.0,1943.5,1943.5,68
2026-09-09 14:18:00+05:30,1943.0,1943.0,1942.5999755859375,1942.5999755859375,52
2026-09-09 14:19:00+05:30,1943.699951171875,1943.699951171875,1943.5999755859375,1943.5999755859375,48
2026-09-09 14:20:00+05:30,1943.0999755859375,1943.699951171875,1943.0,1943.699951171875,65
2026-09-09 14:21:00+05:30,1943.5999755859375,1943.5999755859375,1942.5,1943.5999755859375,264
2026-09-09 14:22:00+05:30,1944.199951171875,1944.199951171875,1943.5999755859375,1943.5999755859375,81
2026-09-09 14:23:00+05:30,1944.550048828125,1944.550048828125,1943.699951171875,1943.699951171875,9
2026-09-09 14:24:00+05:30,1943.5999755859375,1944.300048828125,1943.5999755859375,1944.300048828125,110
2026-09-09 14:25:00+05:30,1944.4000244140625,1944.4000244140625,1943.5999755859375,1943.5999755859375,152
2026-09-09 14:26:00+05:30,1944.0,1944.4000244140625,1944.0,1944.4000244140625,19
2026-09-09 14:27:00+05:30,1944.0999755859375,1944.0999755859375,1944.0999755859375,1944.0999755859375,30
2026-09-09 14:28:00+05:30,1944.0999755859375,1944.0999755859375,1943.300048828125,1944.0999755859375,113
2026-09-09 14:29:00+05:30,1943.699951171875,1943.699951171875,1943.5,1943.5,18
2026-09-09 14:30:00+05:30,1943.050048828125,1943.800048828125,1943.0,1943.0,265
2026-09-09 14:31:00+05:30,1943.0999755859375,1943.9000244140625,1943.0999755859375,1943.800048828125,20
2026-09-09 14:32:00+05:30,1943.699951171875,1943.699951171875,1943.699951171875,1943.699951171875,15
2026-09-09 14:33:00+05:30,1943.050048828125,1943.699951171875,1943.050048828125,1943.699951171875,82
2026-09-09 14:34:00+05:30,1943.0999755859375,1943.4000244140625,1943.0,1943.4000244140625,39
2026-09-09 14:35:00+05:30,1943.300048828125,1943.300048828125,1943.0,1943.300048828125,27
2026-09-09 14:36:00+05:30,1943.0999755859375,1943.3499755859375,1942.5,1943.3499755859375,219
2026-09-09 14:37:00+05:30,1942.300048828125,1943.0999755859375,1942.300048828125,1943.0999755859375,9
2026-09-09 14:38:00+05:30,1942.1500244140625,1942.5999755859375,1941.0,1942.5999755859375,727
2026-09-09 14:39:00+05:30,1942.0,1942.5,1941.800048828125,1942.0999755859375,314
2026-09-09 14:40:00+05:30,1943.0,1943.0999755859375,1942.4000244140625,1942.4000244140625,42
2026-09-09 14:41:00+05:30,1942.699951171875,1943.0,1942.300048828125,1942.300048828125,123
2026-09-09 14:42:00+05:30,1942.800048828125,1943.0,1942.800048828125,1943.0,57
2026-09-09 14:43:00+05:30,1943.0999755859375,1943.0999755859375,1942.699951171875,1942.699951171875,14
2026-09-09 14:44:00+05:30,1942.5999755859375,1943.0,1942.0999755859375,1943.0,157
2026-09-09 14:45:00+05:30,1943.0,1943.0,1941.800048828125,1942.5999755859375,242
2026-09-09 14:46:00+05:30,1942.050048828125,1943.0,1941.9000244140625,1941.9000244140625,333
2026-09-09 14:47:00+05:30,1942.199951171875,1942.949951171875,1941.300048828125,1942.050048828125,218
2026-09-09 14:48:00+05:30,1941.949951171875,1942.199951171875,1941.949951171875,1942.199951171875,272
2026-09-09 14:49:00+05:30,1942.0,1942.0,1941.0,1941.0,132
2026-09-09 14:50:00+05:30,1942.550048828125,1942.550048828125,1941.1500244140625,1941.9000244140625,74
2026-09-09 14:51:00+05:30,1942.0,1942.800048828125,1941.1500244140625,1942.800048828125,223
2026-09-09 14:52:00+05:30,1942.25,1945.0,1941.1500244140625,1945.0,953
2026-09-09 14:53:00+05:30,1941.75,1942.5,1941.0,1942.1500244140625,303
2026-09-09 14:54:00+05:30,1941.300048828125,1942.5,1941.300048828125,1942.5,167
2026-09-09 14:55:00+05:30,1938.0,1941.75,1938.0,1941.300048828125,3919
2026-09-09 14:56:00+05:30,1936.5,1938.9000244140625,1936.0,1937.699951171875,2838
2026-09-09 14:57:00+05:30,1940.0,1940.0,1936.0,1936.5,72
2026-09-09 14:58:00+05:30,1940.0,1940.4000244140625,1938.6500244140625,1939.5,549
2026-09-09 14:59:00+05:30,1940.75,1941.0,1939.800048828125,1940.5,152
2026-09-09 15:00:00+05:30,1940.5,1940.800048828125,1940.0,1940.800048828125,46
2026-09-09 15:01:00+05:30,1940.0,1940.5,1940.0,1940.5,142
2026-09-09 15:02:00+05:30,1940.0,1940.0999755859375,1940.0,1940.0999755859375,34
2026-09-09 15:03:00+05:30,1939.5999755859375,1940.0999755859375,1939.5999755859375,1940.0999755859375,274
2026-09-09 15:04:00+05:30,1939.199951171875,1939.5999755859375,1939.0,1939.5999755859375,145
2026-09-09 15:05:00+05:30,1938.699951171875,1939.0,1938.0,1939.0,204
2026-09-09 15:06:00+05:30,1939.0,1939.199951171875,1938.5999755859375,1939.0,287
2026-09-09 15:07:00+05:30,1938.0,1939.0,1938.0,1939.0,338
2026-09-09 15:08:00+05:30,1939.0,1939.0,1938.0,1938.0,98
2026-09-09 15:09:00+05:30,1937.699951171875,1939.0,1936.0,1939.0,1021
2026-09-09 15:10:00+05:30,1937.449951171875,1937.6500244140625,1936.0,1937.6500244140625,184
2026-09-09 15:11:00+05:30,1937.9000244140625,1937.9000244140625,1937.0,1937.25,573
2026-09-09 15:12:00+05:30,1937.5,1937.9000244140625,1937.5,1937.9000244140625,225
2026-09-09 15:13:00+05:30,1941.5999755859375,1943.300048828125,1935.0,1937.5,2865
2026-09-09 15:14:00+05:30,1943.300048828125,1943.300048828125,1939.199951171875,1941.449951171875,316
2026-09-09 15:28:00+05:30,1945.0,1945.0,1945.0,1945.0,440
2026-09-10 09:15:00+05:30,1943.5,1943.5,1937.050048828125,1939.5,567
2026-09-10 09:16:00+05:30,1945.800048828125,1947.0,1942.0999755859375,1943.25,300
2026-09-10 09:17:00+05:30,1947.949951171875,1950.0,1946.050048828125,1946.050048828125,339
2026-09-10 09:18:00+05:30,1946.0,1948.800048828125,1946.0,1948.800048828125,240
2026-09-10 09:19:00+05:30,1946.75,1947.1500244140625,1946.0,1946.699951171875,145
2026-09-10 09:20:00+05:30,1945.5,1947.050048828125,1945.0,1945.0,121
2026-09-10 09:21:00+05:30,1947.699951171875,1947.699951171875,1945.699951171875,1945.699951171875,136
2026-09-10 09:22:00+05:30,1946.0,1947.800048828125,1946.0,1947.800048828125,48
2026-09-10 09:23:00+05:30,1944.3499755859375,1946.3499755859375,1943.800048828125,1945.5,1070
2026-09-10 09:24:00+05:30,1944.6500244140625,1945.5,1944.0,1945.5,40
2026-09-10 09:25:00+05:30,1945.5,1945.5,1944.4000244140625,1944.4000244140625,103
2026-09-10 09:26:00+05:30,1945.5,1945.5,1945.0999755859375,1945.0999755859375,18
2026-09-10 09:27:00+05:30,1946.0,1946.300048828125,1945.0999755859375,1945.5,64
2026-09-10 09:28:00+05:30,1947.0,1947.0,1946.0,1946.300048828125,47
2026-09-10 09:29:00+05:30,1946.050048828125,1947.0999755859375,1946.050048828125,1947.0999755859375,64
2026-09-10 09:30:00+05:30,1946.699951171875,1946.8499755859375,1946.0,1946.0,146
2026-09-10 09:31:00+05:30,1946.449951171875,1946.699951171875,1945.800048828125,1946.5,95
2026-09-10 09:32:00+05:30,1946.0,1946.0999755859375,1945.800048828125,1946.0999755859375,65
2026-09-10 09:33:00+05:30,1945.1500244140625,1946.4000244140625,1945.0,1945.0,31
2026-09-10 09:34:00+05:30,1944.800048828125,1946.5999755859375,1944.0,1946.5999755859375,188
2026-09-10 09:35:00+05:30,1945.3499755859375,1945.3499755859375,1944.800048828125,1945.0,24
2026-09-10 09:36:00+05:30,1946.0,1946.0,1944.25,1944.25,12
2026-09-10 09:37:00+05:30,1946.300048828125,1946.300048828125,1945.199951171875,1946.0,35
2026-09-10 09:38:00+05:30,1946.300048828125,1946.300048828125,1946.300048828125,1946.300048828125,85
2026-09-10 09:39:00+05:30,1946.5,1946.5,1946.0,1946.0,117
2026-09-10 09:40:00+05:30,1946.0,1946.699951171875,1946.0,1946.0999755859375,65
2026-09-10 09:41:00+05:30,1946.0,1946.699951171875,1946.0,1946.699951171875,42
2026-09-10 09:42:00+05:30,1947.0,1947.800048828125,1946.199951171875,1946.199951171875,395
2026-09-10 09:43:00+05:30,1947.4000244140625,1947.800048828125,1946.050048828125,1946.25,41
2026-09-10 09:44:00+05:30,1945.6500244140625,1946.75,1945.6500244140625,1946.699951171875,26
2026-09-10 09:45:00+05:30,1947.0,1947.0,1946.9000244140625,1946.9000244140625,458
2026-09-10 09:46:00+05:30,1947.5999755859375,1948.0,1946.0,1947.0,131
2026-09-10 09:47:00+05:30,1947.9000244140625,1947.949951171875,1946.6500244140625,1947.949951171875,78
2026-09-10 09:48:00+05:30,1947.5,1947.5,1946.550048828125,1946.550048828125,71
2026-09-10 09:49:00+05:30,1945.0999755859375,1947.4000244140625,1945.0999755859375,1947.4000244140625,212
2026-09-10 09:50:00+05:30,1946.4000244140625,1947.0,1946.4000244140625,1947.0,52
2026-09-10 09:51:00+05:30,1946.4000244140625,1946.5,1946.0,1946.5,87
2026-09-10 09:52:00+05:30,1946.0,1946.4000244140625,1946.0,1946.4000244140625,8
2026-09-10 09:53:00+05:30,1947.4000244140625,1947.5,1946.0,1946.0,80
2026-09-10 09:54:00+05:30,1947.0999755859375,1947.4000244140625,1946.800048828125,1947.4000244140625,14
2026-09-10 09:55:00+05:30,1947.0999755859375,1947.0999755859375,1945.75,1947.050048828125,106
2026-09-10 09:56:00+05:30,1947.5,1947.5,1947.5,1947.5,10
2026-09-10 09:57:00+05:30,1947.0,1947.5,1947.0,1947.5,1005
2026-09-10 09:58:00+05:30,1946.5999755859375,1947.4000244140625,1946.5999755859375,1947.4000244140625,12
2026-09-10 09:59:00+05:30,1946.550048828125,1946.550048828125,1945.3499755859375,1945.449951171875,32
2026-09-10 10:00:00+05:30,1946.0,1946.699951171875,1946.0,1946.550048828125,134
2026-09-10 10:01:00+05:30,1945.4000244140625,1946.9000244140625,1945.3499755859375,1946.9000244140625,20
2026-09-10 10:02:00+05:30,1944.0,1946.449951171875,1944.0,1946.449951171875,60
2026-09-10 10:03:00+05:30,1943.949951171875,1944.550048828125,1940.1500244140625,1944.550048828125,1045
2026-09-10 10:04:00+05:30,1943.9000244140625,1943.9000244140625,1943.25,1943.3499755859375,53
2026-09-10 10:05:00+05:30,1943.6500244140625,1943.9000244140625,1942.1500244140625,1943.9000244140625,58
2026-09-10 10:06:00+05:30,1941.8499755859375,1943.449951171875,1941.800048828125,1943.0,7
2026-09-10 10:07:00+05:30,1941.0,1943.5,1941.0,1943.0999755859375,409
2026-09-10 10:08:00+05:30,1940.0,1942.0,1940.0,1942.0,1532
2026-09-10 10:09:00+05:30,1940.5999755859375,1940.5999755859375,1939.0,1939.0,35
2026-09-10 10:10:00+05:30,1940.0,1940.5999755859375,1940.0,1940.5999755859375,21
2026-09-10 10:11:00+05:30,1939.050048828125,1940.050048828125,1939.050048828125,1940.050048828125,26
2026-09-10 10:12:00+05:30,1939.0,1940.449951171875,1939.0,1940.449951171875,41
2026-09-10 10:13:00+05:30,1938.8499755859375,1939.5999755859375,1938.8499755859375,1939.0,194
2026-09-10 10:14:00+05:30,1939.699951171875,1939.699951171875,1938.0,1938.0,100
2026-09-10 10:15:00+05:30,1938.0,1939.699951171875,1938.0,1939.699951171875,40
2026-09-10 10:16:00+05:30,1939.5999755859375,1939.5999755859375,1937.699951171875,1937.699951171875,11
2026-09-10 10:17:00+05:30,1939.949951171875,1939.949951171875,1938.6500244140625,1938.6500244140625,19
2026-09-10 10:18:00+05:30,1943.0999755859375,1943.199951171875,1940.0,1940.0,48
2026-09-10 10:19:00+05:30,1941.5999755859375,1942.449951171875,1941.5999755859375,1942.449951171875,14
2026-09-10 10:20:00+05:30,1941.699951171875,1941.699951171875,1941.3499755859375,1941.3499755859375,2
2026-09-10 10:21:00+05:30,1939.0,1941.25,1939.0,1940.25,57
2026-09-10 10:22:00+05:30,1939.300048828125,1939.3499755859375,1938.0,1939.3499755859375,37
2026-09-10 10:23:00+05:30,1940.0,1940.300048828125,1939.800048828125,1939.800048828125,31
2026-09-10 10:24:00+05:30,1938.6500244140625,1940.1500244140625,1938.6500244140625,1940.050048828125,18
2026-09-10 10:25:00+05:30,1940.0,1940.0,1938.9000244140625,1939.9000244140625,17
2026-09-10 10:26:00+05:30,1939.949951171875,1939.949951171875,1939.0,1939.0,64
2026-09-10 10:27:00+05:30,1939.949951171875,1939.949951171875,1938.449951171875,1939.949951171875,148
2026-09-10 10:28:00+05:30,1939.6500244140625,1939.6500244140625,1939.0,1939.0,7
2026-09-10 10:29:00+05:30,1939.050048828125,1940.0,1939.050048828125,1939.6500244140625,18
2026-09-10 10:30:00+05:30,1939.699951171875,1939.800048828125,1939.699951171875,1939.800048828125,20
2026-09-10 10:31:00+05:30,1939.5,1939.5,1939.5,1939.5,2
2026-09-10 10:32:00+05:30,1939.5,1939.5,1939.0,1939.5,21
2026-09-10 10:33:00+05:30,1939.0,1940.0999755859375,1939.0,1940.0999755859375,47
2026-09-10 10:34:00+05:30,1939.050048828125,1939.949951171875,1939.050048828125,1939.949951171875,18
2026-09-10 10:35:00+05:30,1940.550048828125,1940.550048828125,1940.3499755859375,1940.3499755859375,10
2026-09-10 10:36:00+05:30,1940.4000244140625,1940.4000244140625,1940.4000244140625,1940.4000244140625,5
2026-09-10 10:37:00+05:30,1940.0,1940.3499755859375,1939.800048828125,1940.0,5
2026-09-10 10:38:00+05:30,1939.050048828125,1940.25,1939.050048828125,1940.25,11
2026-09-10 10:39:00+05:30,1939.5,1939.5,1939.0,1939.5,27
2026-09-10 10:40:00+05:30,1939.0,1939.5,1939.0,1939.5,9
2026-09-10 10:41:00+05:30,1940.3499755859375,1940.3499755859375,1939.300048828125,1939.5,125
2026-09-10 10:42:00+05:30,1941.300048828125,1941.300048828125,1941.300048828125,1941.300048828125,2
2026-09-10 10:43:00+05:30,1941.300048828125,1941.300048828125,1941.25,1941.25,6
2026-09-10 10:44:00+05:30,1941.550048828125,1941.550048828125,1941.25,1941.25,7
2026-09-10 10:45:00+05:30,1940.5,1941.6500244140625,1940.5,1941.6500244140625,14
2026-09-10 10:46:00+05:30,1941.300048828125,1941.300048828125,1940.949951171875,1940.949951171875,4
2026-09-10 10:47:00+05:30,1941.300048828125,1941.3499755859375,1941.300048828125,1941.3499755859375,26
2026-09-10 10:48:00+05:30,1940.0,1940.5,1940.0,1940.5,58
2026-09-10 10:49:00+05:30,1940.300048828125,1940.300048828125,1940.300048828125,1940.300048828125,1
2026-09-10 10:50:00+05:30,1940.300048828125,1940.300048828125,1940.300048828125,1940.300048828125,1
2026-09-10 10:51:00+05:30,1939.050048828125,1940.300048828125,1939.050048828125,1940.300048828125,27
2026-09-10 10:52:00+05:30,1939.050048828125,1939.050048828125,1939.050048828125,1939.050048828125,5
2026-09-10 10:53:00+05:30,1939.9000244140625,1939.9000244140625,1939.0,1939.0,40
2026-09-10 10:54:00+05:30,1939.1500244140625,1939.1500244140625,1938.0,1939.0,233
2026-09-10 10:55:00+05:30,1938.949951171875,1938.949951171875,1938.0,1938.0,97
2026-09-10 10:56:00+05:30,1938.8499755859375,1938.8499755859375,1938.8499755859375,1938.8499755859375,2
2026-09-10 10:57:00+05:30,1938.699951171875,1938.699951171875,1937.800048828125,1938.6500244140625,62
2026-09-10 10:58:00+05:30,1939.199951171875,1939.199951171875,1937.800048828125,1937.800048828125,56
2026-09-10 10:59:00+05:30,1937.75,1939.0999755859375,1937.75,1937.75,33
2026-09-10 11:01:00+05:30,1939.0999755859375,1939.0999755859375,1938.25,1939.0999755859375,15
2026-09-10 11:02:00+05:30,1937.75,1938.0,1937.75,1938.0,7
2026-09-10 11:03:00+05:30,1937.0999755859375,1938.1500244140625,1937.0,1938.1500244140625,222
2026-09-10 11:04:00+05:30,1938.0,1938.0,1937.949951171875,1938.0,70
2026-09-10 11:05:00+05:30,1938.0,1938.5999755859375,1938.0,1938.5999755859375,84
2026-09-10 11:06:00+05:30,1938.25,1938.25,1938.0,1938.0,38
2026-09-10 11:07:00+05:30,1938.0,1939.0999755859375,1938.0,1939.0999755859375,33
2026-09-10 11:08:00+05:30,1938.0,1938.949951171875,1938.0,1938.949951171875,4
2026-09-10 11:09:00+05:30,1937.4000244140625,1938.5999755859375,1937.4000244140625,1938.0,127
2026-09-10 11:10:00+05:30,1938.550048828125,1938.5999755859375,1937.25,1938.550048828125,23
2026-09-10 11:11:00+05:30,1938.5,1938.550048828125,1938.0999755859375,1938.4000244140625,19
2026-09-10 11:12:00+05:30,1938.5,1938.5,1937.25,1937.25,21
2026-09-10 11:13:00+05:30,1938.5,1938.5,1938.5,1938.5,7
2026-09-10 11:14:00+05:30,1938.550048828125,1938.550048828125,1937.4000244140625,1937.4000244140625,47
2026-09-10 11:15:00+05:30,1939.0999755859375,1939.0999755859375,1938.550048828125,1938.550048828125,41
2026-09-10 11:16:00+05:30,1937.449951171875,1939.0999755859375,1937.449951171875,1939.0,118
2026-09-10 11:17:00+05:30,1939.4000244140625,1939.4000244140625,1939.300048828125,1939.300048828125,27
2026-09-10 11:18:00+05:30,1937.199951171875,1938.5999755859375,1937.199951171875,1938.5999755859375,203
2026-09-10 11:19:00+05:30,1938.75,1938.75,1937.199951171875,1937.199951171875,6
2026-09-10 11:20:00+05:30,1938.800048828125,1938.800048828125,1938.5,1938.6500244140625,15
2026-09-10 11:21:00+05:30,1938.0,1939.050048828125,1938.0,1938.800048828125,205
2026-09-10 11:22:00+05:30,1939.449951171875,1939.5,1939.300048828125,1939.300048828125,5
2026-09-10 11:23:00+05:30,1940.199951171875,1940.199951171875,1939.699951171875,1939.699951171875,94
2026-09-10 11:24:00+05:30,1939.0,1940.0,1939.0,1940.0,17
2026-09-10 11:25:00+05:30,1939.449951171875,1939.449951171875,1938.5,1938.550048828125,22
2026-09-10 11:26:00+05:30,1939.0,1939.0,1939.0,1939.0,22
2026-09-10 11:27:00+05:30,1938.0,1938.5,1938.0,1938.5,88
2026-09-10 11:28:00+05:30,1938.0,1938.0,1938.0,1938.0,43
2026-09-10 11:29:00+05:30,1939.0,1939.0,1937.5,1938.0,77
2026-09-10 11:30:00+05:30,1939.8499755859375,1941.0,1939.8499755859375,1941.0,238
2026-09-10 11:31:00+05:30,1940.050048828125,1941.449951171875,1940.050048828125,1941.449951171875,6
2026-09-10 11:32:00+05:30,1939.8499755859375,1940.800048828125,1939.8499755859375,1940.800048828125,4
2026-09-10 11:33:00+05:30,1940.0,1940.0,1940.0,1940.0,4
2026-09-10 11:34:00+05:30,1939.8499755859375,1940.0,1939.8499755859375,1940.0,32
2026-09-10 11:35:00+05:30,1939.949951171875,1939.949951171875,1939.949951171875,1939.949951171875,10
2026-09-10 11:36:00+05:30,1938.9000244140625,1939.949951171875,1938.9000244140625,1939.949951171875,11
2026-09-10 11:37:00+05:30,1939.0999755859375,1940.0999755859375,1939.0999755859375,1940.0999755859375,20
2026-09-10 11:39:00+05:30,1938.0,1939.800048828125,1938.0,1939.800048828125,23
2026-09-10 11:40:00+05:30,1938.5999755859375,1938.949951171875,1938.449951171875,1938.449951171875,16
2026-09-10 11:41:00+05:30,1938.75,1938.75,1938.699951171875,1938.699951171875,16
2026-09-10 11:42:00+05:30,1938.75,1938.800048828125,1937.6500244140625,1937.6500244140625,10
2026-09-10 11:43:00+05:30,1937.550048828125,1939.050048828125,1937.550048828125,1938.9000244140625,105
2026-09-10 11:44:00+05:30,1940.0,1940.0,1937.9000244140625,1938.8499755859375,77
2026-09-10 11:45:00+05:30,1941.550048828125,1941.8499755859375,1940.75,1940.75,59
2026-09-10 11:46:00+05:30,1941.949951171875,1942.800048828125,1941.949951171875,1942.800048828125,5
2026-09-10 11:47:00+05:30,1943.5,1943.5,1941.949951171875,1942.8499755859375,53
2026-09-10 11:48:00+05:30,1941.75,1943.449951171875,1941.75,1943.449951171875,12
2026-09-10 11:49:00+05:30,1943.199951171875,1943.199951171875,1942.6500244140625,1942.6500244140625,5
2026-09-10 11:50:00+05:30,1942.5,1943.199951171875,1942.5,1943.199951171875,3
2026-09-10 11:51:00+05:30,1943.4000244140625,1943.4000244140625,1943.0,1943.0,10
2026-09-10 11:52:00+05:30,1942.25,1943.5,1942.25,1942.25,237
2026-09-10 11:53:00+05:30,1943.5,1943.5,1943.449951171875,1943.449951171875,103
2026-09-10 11:54:00+05:30,1943.5,1943.5,1943.5,1943.5,11
2026-09-10 11:55:00+05:30,1943.3499755859375,1943.3499755859375,1942.0999755859375,1942.0999755859375,210
2026-09-10 11:56:00+05:30,1941.0,1943.4000244140625,1941.0,1943.4000244140625,55
2026-09-10 11:57:00+05:30,1943.449951171875,1943.449951171875,1941.949951171875,1941.949951171875,129
2026-09-10 11:58:00+05:30,1941.050048828125,1943.25,1941.050048828125,1943.25,11
2026-09-10 11:59:00+05:30,1942.550048828125,1942.550048828125,1942.550048828125,1942.550048828125,1
2026-09-10 12:00:00+05:30,1942.0,1942.6500244140625,1942.0,1942.6500244140625,7
2026-09-10 12:02:00+05:30,1942.0,1942.0,1942.0,1942.0,25
2026-09-10 12:03:00+05:30,1942.699951171875,1942.9000244140625,1941.6500244140625,1942.9000244140625,23
2026-09-10 12:04:00+05:30,1941.75,1942.699951171875,1941.75,1942.699951171875,5
2026-09-10 12:05:00+05:30,1942.699951171875,1942.699951171875,1942.699951171875,1942.699951171875,1
2026-09-10 12:06:00+05:30,1941.75,1942.699951171875,1941.75,1942.699951171875,16
2026-09-10 12:07:00+05:30,1942.3499755859375,1942.3499755859375,1942.3499755859375,1942.3499755859375,10
2026-09-10 12:08:00+05:30,1942.300048828125,1942.300048828125,1942.300048828125,1942.300048828125,12
2026-09-10 12:09:00+05:30,1941.9000244140625,1942.699951171875,1941.9000244140625,1942.699951171875,41
2026-09-10 12:10:00+05:30,1941.9000244140625,1942.6500244140625,1941.9000244140625,1941.9000244140625,129
2026-09-10 12:11:00+05:30,1942.75,1942.75,1942.6500244140625,1942.6500244140625,4
2026-09-10 12:12:00+05:30,1943.5,1943.5,1943.5,1943.5,3
2026-09-10 12:13:00+05:30,1944.800048828125,1944.800048828125,1944.0999755859375,1944.0999755859375,347
2026-09-10 12:14:00+05:30,1944.800048828125,1944.800048828125,1944.800048828125,1944.800048828125,1
2026-09-10 12:15:00+05:30,1945.9000244140625,1945.9000244140625,1945.0,1945.0,131
2026-09-10 12:16:00+05:30,1945.75,1945.75,1945.699951171875,1945.699951171875,25
2026-09-10 12:17:00+05:30,1945.5999755859375,1945.699951171875,1945.5999755859375,1945.699951171875,12
2026-09-10 12:18:00+05:30,1945.0,1945.6500244140625,1945.0,1945.6500244140625,25
2026-09-10 12:19:00+05:30,1945.0,1945.0,1944.0,1944.0,161
2026-09-10 12:21:00+05:30,1944.449951171875,1945.0,1944.300048828125,1944.300048828125,58
2026-09-10 12:22:00+05:30,1944.5,1945.0,1944.5,1945.0,104
2026-09-10 12:23:00+05:30,1944.9000244140625,1945.0,1944.5,1944.5,10
2026-09-10 12:24:00+05:30,1944.8499755859375,1945.5,1944.8499755859375,1944.9000244140625,161
2026-09-10 12:25:00+05:30,1945.0,1945.0,1944.1500244140625,1944.1500244140625,5
2026-09-10 12:26:00+05:30,1945.699951171875,1945.699951171875,1945.0,1945.0,17
2026-09-10 12:28:00+05:30,1947.1500244140625,1947.1500244140625,1945.699951171875,1945.699951171875,357
2026-09-10 12:29:00+05:30,1947.3499755859375,1947.8499755859375,1946.75,1946.75,27
2026-09-10 12:30:00+05:30,1946.300048828125,1946.300048828125,1946.300048828125,1946.300048828125,1
2026-09-10 12:31:00+05:30,1946.25,1946.300048828125,1946.0,1946.300048828125,40
2026-09-10 12:32:00+05:30,1946.1500244140625,1946.1500244140625,1946.1500244140625,1946.1500244140625,5
2026-09-10 12:33:00+05:30,1945.699951171875,1946.1500244140625,1945.050048828125,1946.1500244140625,4
2026-09-10 12:36:00+05:30,1946.300048828125,1946.6500244140625,1945.0,1946.6500244140625,50
2026-09-10 12:37:00+05:30,1941.25,1945.0,1941.25,1945.0,182
2026-09-10 12:38:00+05:30,1942.3499755859375,1942.3499755859375,1940.800048828125,1941.199951171875,365
2026-09-10 12:39:00+05:30,1943.550048828125,1944.699951171875,1942.800048828125,1942.800048828125,69
2026-09-10 12:40:00+05:30,1943.6500244140625,1944.1500244140625,1943.550048828125,1944.1500244140625,19
2026-09-10 12:41:00+05:30,1943.0,1943.300048828125,1942.050048828125,1942.050048828125,69
2026-09-10 12:42:00+05:30,1942.3499755859375,1942.3499755859375,1942.3499755859375,1942.3499755859375,10
2026-09-10 12:44:00+05:30,1943.4000244140625,1944.25,1942.6500244140625,1943.0,52
2026-09-10 12:45:00+05:30,1943.300048828125,1943.699951171875,1943.300048828125,1943.699951171875,45
2026-09-10 12:46:00+05:30,1943.300048828125,1943.300048828125,1942.449951171875,1943.300048828125,19
2026-09-10 12:47:00+05:30,1943.0,1943.300048828125,1943.0,1943.300048828125,21
2026-09-10 12:48:00+05:30,1943.0999755859375,1943.0999755859375,1941.0,1943.0,267
2026-09-10 12:49:00+05:30,1945.0,1945.0,1943.050048828125,1944.699951171875,60
2026-09-10 12:50:00+05:30,1945.0,1945.0,1945.0,1945.0,89
2026-09-10 12:51:00+05:30,1944.699951171875,1945.0,1944.699951171875,1945.0,13
2026-09-10 12:52:00+05:30,1943.699951171875,1944.0,1943.699951171875,1944.0,9
2026-09-10 12:53:00+05:30,1943.699951171875,1943.9000244140625,1943.0,1943.0,63
2026-09-10 12:54:00+05:30,1943.4000244140625,1943.4000244140625,1942.6500244140625,1942.6500244140625,63
2026-09-10 12:55:00+05:30,1944.1500244140625,1944.1500244140625,1944.1500244140625,1944.1500244140625,15
2026-09-10 12:56:00+05:30,1943.0,1943.0,1943.0,1943.0,3
2026-09-10 12:57:00+05:30,1943.0,1943.5,1943.0,1943.5,7
2026-09-10 12:58:00+05:30,1944.1500244140625,1944.1500244140625,1944.1500244140625,1944.1500244140625,15
2026-09-10 12:59:00+05:30,1944.0,1944.75,1944.0,1944.75,24
2026-09-10 13:00:00+05:30,1943.1500244140625,1944.75,1943.1500244140625,1944.75,22
2026-09-10 13:01:00+05:30,1944.300048828125,1944.300048828125,1944.300048828125,1944.300048828125,22
2026-09-10 13:02:00+05:30,1944.449951171875,1944.75,1944.0,1944.0,69
2026-09-10 13:03:00+05:30,1944.0,1944.5999755859375,1944.0,1944.300048828125,16
2026-09-10 13:05:00+05:30,1943.6500244140625,1943.6500244140625,1943.3499755859375,1943.3499755859375,65
2026-09-10 13:06:00+05:30,1940.8499755859375,1944.4000244140625,1940.8499755859375,1944.4000244140625,95
2026-09-10 13:07:00+05:30,1942.6500244140625,1942.6500244140625,1941.25,1942.199951171875,31
2026-09-10 13:08:00+05:30,1943.4000244140625,1943.4000244140625,1943.4000244140625,1943.4000244140625,35
2026-09-10 13:09:00+05:30,1943.0,1943.0,1943.0,1943.0,2
2026-09-10 13:10:00+05:30,1944.0,1944.0,1943.0,1943.0,35
2026-09-10 13:11:00+05:30,1944.550048828125,1944.9000244140625,1943.5999755859375,1943.699951171875,15
2026-09-10 13:12:00+05:30,1944.25,1944.25,1943.5,1943.5,25
2026-09-10 13:13:00+05:30,1943.9000244140625,1943.9000244140625,1943.9000244140625,1943.9000244140625,5
2026-09-10 13:14:00+05:30,1943.9000244140625,1943.9000244140625,1943.9000244140625,1943.9000244140625,8
2026-09-10 13:15:00+05:30,1943.9000244140625,1943.9000244140625,1943.0999755859375,1943.0999755859375,20
2026-09-10 13:16:00+05:30,1943.449951171875,1943.9000244140625,1943.449951171875,1943.9000244140625,41
2026-09-10 13:17:00+05:30,1943.9000244140625,1943.9000244140625,1943.25,1943.25,13
2026-09-10 13:18:00+05:30,1943.9000244140625,1943.9000244140625,1943.9000244140625,1943.9000244140625,10
2026-09-10 13:19:00+05:30,1942.0,1944.050048828125,1942.0,1942.5,46
2026-09-10 13:20:00+05:30,1942.0,1943.050048828125,1942.0,1942.9000244140625,28
2026-09-10 13:21:00+05:30,1946.0,1946.0,1941.5999755859375,1941.5999755859375,98
2026-09-10 13:22:00+05:30,1945.949951171875,1945.949951171875,1945.949951171875,1945.949951171875,5
2026-09-10 13:23:00+05:30,1945.6500244140625,1945.699951171875,1945.0,1945.699951171875,9
2026-09-10 13:24:00+05:30,1945.5,1945.5,1945.5,1945.5,1
2026-09-10 13:25:00+05:30,1942.449951171875,1945.5,1942.449951171875,1945.0999755859375,69
2026-09-10 13:26:00+05:30,1942.050048828125,1942.050048828125,1942.050048828125,1942.050048828125,199
2026-09-10 13:27:00+05:30,1943.5,1943.5,1943.5,1943.5,1
2026-09-10 13:29:00+05:30,1942.0999755859375,1942.949951171875,1942.0999755859375,1942.949951171875,92
2026-09-10 13:30:00+05:30,1942.0,1942.9000244140625,1942.0,1942.0999755859375,227
2026-09-10 13:31:00+05:30,1943.0999755859375,1943.0999755859375,1941.550048828125,1941.550048828125,12
2026-09-10 13:32:00+05:30,1943.0,1943.0,1943.0,1943.0,1
2026-09-10 13:34:00+05:30,1941.050048828125,1941.050048828125,1941.050048828125,1941.050048828125,9
2026-09-10 13:35:00+05:30,1941.1500244140625,1941.1500244140625,1941.1500244140625,1941.1500244140625,31
2026-09-10 13:36:00+05:30,1941.25,1941.25,1941.25,1941.25,1
2026-09-10 13:37:00+05:30,1941.6500244140625,1942.75,1941.6500244140625,1942.75,21
2026-09-10 13:38:00+05:30,1942.050048828125,1943.5,1942.050048828125,1943.5,19
2026-09-10 13:39:00+05:30,1943.5,1943.5,1943.5,1943.5,22
2026-09-10 13:40:00+05:30,1942.6500244140625,1942.6500244140625,1942.6500244140625,1942.6500244140625,25
2026-09-10 13:41:00+05:30,1943.4000244140625,1943.5,1942.300048828125,1943.5,29
2026-09-10 13:42:00+05:30,1942.0,1943.3499755859375,1942.0,1943.3499755859375,15
2026-09-10 13:43:00+05:30,1942.5,1942.5,1941.199951171875,1941.199951171875,14
2026-09-10 13:44:00+05:30,1942.449951171875,1942.449951171875,1941.199951171875,1941.199951171875,22
2026-09-10 13:45:00+05:30,1941.1500244140625,1942.550048828125,1941.1500244140625,1942.550048828125,60
2026-09-10 13:46:00+05:30,1942.199951171875,1942.3499755859375,1942.0,1942.199951171875,90
2026-09-10 13:47:00+05:30,1942.199951171875,1942.25,1941.1500244140625,1941.1500244140625,39
2026-09-10 13:48:00+05:30,1942.1500244140625,1942.1500244140625,1941.0,1941.0,2
2026-09-10 13:49:00+05:30,1942.300048828125,1942.300048828125,1942.300048828125,1942.300048828125,1
2026-09-10 13:50:00+05:30,1942.300048828125,1942.300048828125,1942.300048828125,1942.300048828125,5
2026-09-10 13:51:00+05:30,1941.550048828125,1942.5999755859375,1941.550048828125,1942.449951171875,27
2026-09-10 13:52:00+05:30,1942.0,1942.5999755859375,1942.0,1942.550048828125,6
2026-09-10 13:53:00+05:30,1941.5,1942.0,1941.5,1942.0,54
2026-09-10 13:54:00+05:30,1942.550048828125,1942.550048828125,1941.050048828125,1941.050048828125,5
2026-09-10 13:55:00+05:30,1942.0,1942.4000244140625,1942.0,1942.4000244140625,11
2026-09-10 13:56:00+05:30,1941.25,1941.25,1941.25,1941.25,30
2026-09-10 13:57:00+05:30,1941.949951171875,1941.949951171875,1941.949951171875,1941.949951171875,2
2026-09-10 13:58:00+05:30,1942.4000244140625,1942.5,1941.199951171875,1941.75,59
2026-09-10 13:59:00+05:30,1942.4000244140625,1942.4000244140625,1941.25,1941.25,35
2026-09-10 14:00:00+05:30,1943.449951171875,1943.449951171875,1943.449951171875,1943.449951171875,1
2026-09-10 14:01:00+05:30,1943.5,1943.5,1942.5,1942.5,116
2026-09-10 14:02:00+05:30,1942.4000244140625,1942.4000244140625,1942.4000244140625,1942.4000244140625,25
2026-09-10 14:03:00+05:30,1943.0999755859375,1943.0999755859375,1942.25,1942.25,39
2026-09-10 14:04:00+05:30,1941.050048828125,1942.75,1941.050048828125,1942.25,113
2026-09-10 14:05:00+05:30,1942.300048828125,1942.300048828125,1941.050048828125,1941.050048828125,6
2026-09-10 14:06:00+05:30,1941.0,1941.0,1941.0,1941.0,59
2026-09-10 14:07:00+05:30,1942.3499755859375,1942.3499755859375,1942.300048828125,1942.300048828125,18
2026-09-10 14:08:00+05:30,1942.300048828125,1942.3499755859375,1942.300048828125,1942.3499755859375,13
2026-09-10 14:09:00+05:30,1941.25,1942.25,1941.25,1942.25,4
2026-09-10 14:11:00+05:30,1942.050048828125,1942.1500244140625,1941.0,1942.1500244140625,117
2026-09-10 14:12:00+05:30,1942.6500244140625,1942.6500244140625,1941.75,1942.050048828125,34
2026-09-10 14:13:00+05:30,1942.5999755859375,1942.6500244140625,1942.0,1942.6500244140625,6
2026-09-10 14:14:00+05:30,1942.449951171875,1942.449951171875,1941.25,1941.25,53
2026-09-10 14:15:00+05:30,1942.4000244140625,1942.449951171875,1942.4000244140625,1942.449951171875,1
2026-09-10 14:16:00+05:30,1942.300048828125,1942.4000244140625,1941.5,1942.4000244140625,18
2026-09-10 14:17:00+05:30,1941.5,1942.300048828125,1941.5,1941.5,39
2026-09-10 14:18:00+05:30,1941.5,1942.5999755859375,1941.5,1942.5999755859375,38
2026-09-10 14:19:00+05:30,1941.6500244140625,1941.6500244140625,1941.6500244140625,1941.6500244140625,1
2026-09-10 14:20:00+05:30,1941.5,1942.199951171875,1941.5,1941.5,50
2026-09-10 14:21:00+05:30,1942.300048828125,1942.300048828125,1942.300048828125,1942.300048828125,2
2026-09-10 14:22:00+05:30,1942.0,1942.0,1942.0,1942.0,10
2026-09-10 14:23:00+05:30,1942.949951171875,1942.949951171875,1942.949951171875,1942.949951171875,7
2026-09-10 14:24:00+05:30,1942.699951171875,1942.699951171875,1942.699951171875,1942.699951171875,2
2026-09-10 14:25:00+05:30,1943.0999755859375,1943.0999755859375,1942.25,1942.5,162
2026-09-10 14:26:00+05:30,1942.5999755859375,1943.0999755859375,1942.0,1943.0999755859375,45
2026-09-10 14:27:00+05:30,1942.050048828125,1942.9000244140625,1942.050048828125,1942.5999755859375,7
2026-09-10 14:28:00+05:30,1943.0,1943.0,1943.0,1943.0,21
2026-09-10 14:29:00+05:30,1943.0,1943.0,1942.5,1942.5,12
2026-09-10 14:30:00+05:30,1942.5,1942.5,1942.5,1942.5,3
2026-09-10 14:31:00+05:30,1941.0999755859375,1942.5,1941.0999755859375,1942.5,109
2026-09-10 14:33:00+05:30,1940.9000244140625,1942.0,1940.9000244140625,1942.0,38
2026-09-10 14:34:00+05:30,1941.0,1941.0,1941.0,1941.0,409
2026-09-10 14:35:00+05:30,1940.5,1941.0,1940.5,1941.0,26
2026-09-10 14:36:00+05:30,1940.9000244140625,1941.9000244140625,1940.9000244140625,1940.9000244140625,5
2026-09-10 14:37:00+05:30,1941.5999755859375,1941.5999755859375,1940.9000244140625,1940.9000244140625,6
2026-09-10 14:38:00+05:30,1941.5,1941.5,1940.550048828125,1940.550048828125,17
2026-09-10 14:39:00+05:30,1940.5999755859375,1941.0,1940.0,1941.0,172
2026-09-10 14:40:00+05:30,1940.0,1940.800048828125,1940.0,1940.5999755859375,122
2026-09-10 14:41:00+05:30,1940.25,1940.5999755859375,1940.25,1940.5999755859375,12
2026-09-10 14:43:00+05:30,1940.8499755859375,1940.8499755859375,1940.8499755859375,1940.8499755859375,26
2026-09-10 14:44:00+05:30,1940.4000244140625,1941.1500244140625,1940.4000244140625,1941.0,98
2026-09-10 14:45:00+05:30,1940.800048828125,1940.800048828125,1940.800048828125,1940.800048828125,1
2026-09-10 14:46:00+05:30,1941.699951171875,1941.699951171875,1941.5999755859375,1941.5999755859375,2
2026-09-10 14:47:00+05:30,1941.4000244140625,1941.75,1941.300048828125,1941.75,311
2026-09-10 14:48:00+05:30,1941.75,1941.75,1941.75,1941.75,1
2026-09-10 14:49:00+05:30,1941.75,1941.75,1941.0,1941.5,26
2026-09-10 14:50:00+05:30,1941.300048828125,1941.699951171875,1940.8499755859375,1940.949951171875,26
2026-09-10 14:51:00+05:30,1941.25,1941.300048828125,1940.0,1941.300048828125,339
2026-09-10 14:52:00+05:30,1942.0999755859375,1943.0,1941.9000244140625,1943.0,388
2026-09-10 14:53:00+05:30,1943.5,1943.5,1942.300048828125,1942.300048828125,9
2026-09-10 14:54:00+05:30,1944.1500244140625,1944.1500244140625,1943.5,1943.5,66
2026-09-10 14:55:00+05:30,1943.699951171875,1943.699951171875,1943.3499755859375,1943.3499755859375,9
2026-09-10 14:56:00+05:30,1944.3499755859375,1944.3499755859375,1944.3499755859375,1944.3499755859375,10
2026-09-10 14:57:00+05:30,1944.3499755859375,1944.3499755859375,1944.3499755859375,1944.3499755859375,33
2026-09-10 14:58:00+05:30,1943.6500244140625,1944.3499755859375,1943.6500244140625,1944.3499755859375,50
2026-09-10 14:59:00+05:30,1944.0,1944.0,1944.0,1944.0,11
2026-09-10 15:00:00+05:30,1942.8499755859375,1944.1500244140625,1942.8499755859375,1944.0,68
2026-09-10 15:01:00+05:30,1942.300048828125,1942.5999755859375,1941.949951171875,1942.5999755859375,55
2026-09-10 15:02:00+05:30,1942.800048828125,1943.75,1942.800048828125,1943.5,8
2026-09-10 15:03:00+05:30,1943.5,1943.5,1942.1500244140625,1942.3499755859375,33
2026-09-10 15:04:00+05:30,1943.3499755859375,1943.3499755859375,1943.050048828125,1943.25,14
2026-09-10 15:05:00+05:30,1943.5,1943.5,1943.3499755859375,1943.3499755859375,16
2026-09-10 15:06:00+05:30,1942.949951171875,1943.449951171875,1942.0999755859375,1942.0999755859375,124
2026-09-10 15:07:00+05:30,1940.4000244140625,1942.949951171875,1940.4000244140625,1942.949951171875,927
2026-09-10 15:08:00+05:30,1942.199951171875,1942.5,1941.0,1942.25,77
2026-09-10 15:09:00+05:30,1942.75,1942.75,1941.1500244140625,1942.4000244140625,61
2026-09-10 15:10:00+05:30,1942.550048828125,1943.449951171875,1942.0999755859375,1942.4000244140625,92
2026-09-10 15:11:00+05:30,1941.949951171875,1942.800048828125,1940.800048828125,1942.800048828125,78
2026-09-10 15:12:00+05:30,1938.0,1942.5,1938.0,1942.5,323
2026-09-10 15:13:00+05:30,1939.0999755859375,1939.949951171875,1937.0,1939.949951171875,306
2026-09-10 15:14:00+05:30,1939.550048828125,1940.300048828125,1937.0,1939.5999755859375,129
2026-09-10 15:29:00+05:30,1937.5,1937.5,1937.5,1937.5,4074
2026-09-11 09:15:00+05:30,1929.9000244140625,1931.1500244140625,1927.25,1929.5,908
2026-09-11 09:16:00+05:30,1935.1500244140625,1935.949951171875,1930.5,1930.5,267
2026-09-11 09:17:00+05:30,1936.9000244140625,1937.0,1934.8499755859375,1934.8499755859375,110
2026-09-11 09:18:00+05:30,1935.0,1936.550048828125,1935.0,1936.550048828125,14
2026-09-11 09:19:00+05:30,1936.6500244140625,1936.9000244140625,1935.8499755859375,1936.9000244140625,30
2026-09-11 09:20:00+05:30,1938.050048828125,1939.199951171875,1936.449951171875,1936.550048828125,255
2026-09-11 09:21:00+05:30,1935.0,1936.4000244140625,1935.0,1936.4000244140625,63
2026-09-11 09:22:00+05:30,1935.0,1936.699951171875,1935.0,1936.1500244140625,124
2026-09-11 09:23:00+05:30,1935.0,1936.300048828125,1935.0,1936.300048828125,32
2026-09-11 09:24:00+05:30,1934.5999755859375,1934.75,1933.6500244140625,1934.75,28
2026-09-11 09:25:00+05:30,1932.4000244140625,1934.5999755859375,1932.4000244140625,1934.5999755859375,643
2026-09-11 09:26:00+05:30,1933.5999755859375,1933.5999755859375,1932.1500244140625,1932.4000244140625,80
2026-09-11 09:27:00+05:30,1933.1500244140625,1933.1500244140625,1932.75,1933.0,60
2026-09-11 09:28:00+05:30,1934.050048828125,1934.050048828125,1932.25,1932.25,50
2026-09-11 09:29:00+05:30,1934.449951171875,1934.449951171875,1934.050048828125,1934.050048828125,35
2026-09-11 09:30:00+05:30,1932.75,1933.75,1932.0,1933.5999755859375,46
2026-09-11 09:31:00+05:30,1934.050048828125,1935.0,1933.0,1933.0,12
2026-09-11 09:32:00+05:30,1932.0,1933.9000244140625,1932.0,1933.9000244140625,55
2026-09-11 09:33:00+05:30,1932.0,1932.0,1932.0,1932.0,102
2026-09-11 09:34:00+05:30,1932.5,1933.6500244140625,1932.5,1933.199951171875,11
2026-09-11 09:35:00+05:30,1932.5,1933.550048828125,1932.5,1933.550048828125,17
2026-09-11 09:36:00+05:30,1932.699951171875,1934.300048828125,1932.699951171875,1933.949951171875,334
2026-09-11 09:37:00+05:30,1934.0999755859375,1934.0999755859375,1934.050048828125,1934.050048828125,13
2026-09-11 09:38:00+05:30,1933.5,1933.5,1933.5,1933.5,15
2026-09-11 09:39:00+05:30,1933.5,1933.949951171875,1932.0,1933.949951171875,133
2026-09-11 09:40:00+05:30,1932.050048828125,1932.050048828125,1932.050048828125,1932.050048828125,10
2026-09-11 09:41:00+05:30,1932.300048828125,1932.300048828125,1932.0,1932.0,6
2026-09-11 09:42:00+05:30,1932.300048828125,1932.300048828125,1931.199951171875,1931.199951171875,54
2026-09-11 09:43:00+05:30,1932.75,1932.75,1931.0999755859375,1931.0999755859375,30
2026-09-11 09:44:00+05:30,1931.0,1934.75,1931.0,1934.75,178
2026-09-11 09:45:00+05:30,1932.0,1932.0,1930.300048828125,1931.0,199
2026-09-11 09:46:00+05:30,1931.75,1932.0,1931.0,1931.949951171875,43
2026-09-11 09:47:00+05:30,1929.199951171875,1931.8499755859375,1928.0,1931.8499755859375,830
2026-09-11 09:48:00+05:30,1928.5999755859375,1928.5999755859375,1928.5999755859375,1928.5999755859375,100
2026-09-11 09:49:00+05:30,1928.800048828125,1929.5999755859375,1928.800048828125,1929.5999755859375,32
2026-09-11 09:50:00+05:30,1929.0,1929.8499755859375,1928.5,1928.5,21
2026-09-11 09:51:00+05:30,1929.0,1929.0,1929.0,1929.0,7
2026-09-11 09:52:00+05:30,1929.9000244140625,1929.9000244140625,1929.9000244140625,1929.9000244140625,41
2026-09-11 09:53:00+05:30,1930.300048828125,1930.3499755859375,1928.6500244140625,1929.9000244140625,275
2026-09-11 09:54:00+05:30,1929.050048828125,1929.050048828125,1929.050048828125,1929.050048828125,1
2026-09-11 09:55:00+05:30,1929.050048828125,1929.050048828125,1929.050048828125,1929.050048828125,2
2026-09-11 09:56:00+05:30,1930.0,1930.0,1929.949951171875,1929.949951171875,22
2026-09-11 09:57:00+05:30,1929.5,1930.0,1929.5,1930.0,3
2026-09-11 09:58:00+05:30,1929.8499755859375,1929.8499755859375,1929.8499755859375,1929.8499755859375,1
2026-09-11 10:00:00+05:30,1930.0,1930.0,1930.0,1930.0,5
2026-09-11 10:01:00+05:30,1928.8499755859375,1929.25,1928.8499755859375,1929.25,15
2026-09-11 10:02:00+05:30,1929.0,1929.0,1929.0,1929.0,10
2026-09-11 10:03:00+05:30,1930.0,1930.0,1929.3499755859375,1929.3499755859375,54
2026-09-11 10:04:00+05:30,1930.0,1930.0,1930.0,1930.0,11
2026-09-11 10:05:00+05:30,1930.5999755859375,1931.6500244140625,1929.8499755859375,1929.8499755859375,10
2026-09-11 10:06:00+05:30,1931.25,1932.0,1931.25,1932.0,21
2026-09-11 10:07:00+05:30,1931.8499755859375,1931.8499755859375,1930.5,1930.5999755859375,68
2026-09-11 10:08:00+05:30,1930.6500244140625,1930.6500244140625,1930.0,1930.449951171875,28
2026-09-11 10:10:00+05:30,1930.0,1930.6500244140625,1930.0,1930.6500244140625,7
2026-09-11 10:11:00+05:30,1930.0,1930.0,1930.0,1930.0,11
2026-09-11 10:12:00+05:30,1929.800048828125,1930.449951171875,1929.800048828125,1930.0999755859375,81
2026-09-11 10:13:00+05:30,1929.5,1930.449951171875,1929.5,1929.5,4
2026-09-11 10:15:00+05:30,1929.0,1929.0,1929.0,1929.0,70
2026-09-11 10:16:00+05:30,1931.1500244140625,1931.1500244140625,1930.699951171875,1931.0,4
2026-09-11 10:17:00+05:30,1929.800048828125,1931.1500244140625,1929.800048828125,1931.1500244140625,151
2026-09-11 10:18:00+05:30,1932.6500244140625,1932.6500244140625,1931.1500244140625,1931.1500244140625,73
2026-09-11 10:19:00+05:30,1936.0,1936.0,1932.550048828125,1932.550048828125,72
2026-09-11 10:20:00+05:30,1937.949951171875,1937.949951171875,1937.0,1937.0,28
2026-09-11 10:21:00+05:30,1936.800048828125,1936.800048828125,1936.800048828125,1936.800048828125,25
2026-09-11 10:22:00+05:30,1937.0,1937.949951171875,1937.0,1937.949951171875,79
2026-09-11 10:23:00+05:30,1937.0,1937.9000244140625,1937.0,1937.9000244140625,68
2026-09-11 10:24:00+05:30,1937.0,1937.0,1937.0,1937.0,772
2026-09-11 10:25:00+05:30,1937.75,1937.75,1937.0,1937.0,31
2026-09-11 10:26:00+05:30,1937.5,1937.699951171875,1937.0,1937.699951171875,10
2026-09-11 10:27:00+05:30,1935.0,1936.5,1935.0,1936.3499755859375,23
2026-09-11 10:28:00+05:30,1935.3499755859375,1935.3499755859375,1934.25,1935.0,75
2026-09-11 10:29:00+05:30,1935.3499755859375,1935.3499755859375,1935.3499755859375,1935.3499755859375,1
2026-09-11 10:30:00+05:30,1935.25,1935.25,1934.949951171875,1934.949951171875,14
2026-09-11 10:32:00+05:30,1935.5,1935.5,1935.5,1935.5,101
2026-09-11 10:33:00+05:30,1935.5,1935.5,1935.5,1935.5,2
2026-09-11 10:34:00+05:30,1934.8499755859375,1935.5,1934.8499755859375,1935.5,81
2026-09-11 10:35:00+05:30,1934.5999755859375,1935.5,1934.449951171875,1935.0,27
2026-09-11 10:36:00+05:30,1935.0,1935.5,1935.0,1935.4000244140625,83
2026-09-11 10:37:00+05:30,1936.4000244140625,1936.4000244140625,1935.5,1935.5,12
2026-09-11 10:38:00+05:30,1935.4000244140625,1936.300048828125,1935.4000244140625,1936.300048828125,3
2026-09-11 10:39:00+05:30,1936.3499755859375,1936.3499755859375,1936.3499755859375,1936.3499755859375,20
2026-09-11 10:40:00+05:30,1936.0,1936.0,1936.0,1936.0,10
2026-09-11 10:41:00+05:30,1935.949951171875,1935.949951171875,1935.949951171875,1935.949951171875,150
2026-09-11 10:42:00+05:30,1936.199951171875,1937.699951171875,1936.199951171875,1937.699951171875,101
2026-09-11 10:43:00+05:30,1937.1500244140625,1937.1500244140625,1936.1500244140625,1936.1500244140625,8
2026-09-11 10:44:00+05:30,1937.199951171875,1937.199951171875,1936.0,1936.6500244140625,27
2026-09-11 10:45:00+05:30,1937.300048828125,1938.0,1937.199951171875,1937.199951171875,26
2026-09-11 10:46:00+05:30,1938.0,1938.0,1937.699951171875,1937.949951171875,23
2026-09-11 10:47:00+05:30,1937.800048828125,1938.0,1937.0999755859375,1937.0999755859375,20
2026-09-11 10:48:00+05:30,1937.800048828125,1937.949951171875,1937.800048828125,1937.949951171875,18
2026-09-11 10:49:00+05:30,1937.800048828125,1937.8499755859375,1937.800048828125,1937.8499755859375,11
2026-09-11 10:50:00+05:30,1937.300048828125,1937.800048828125,1937.300048828125,1937.800048828125,2
2026-09-11 10:51:00+05:30,1936.8499755859375,1937.800048828125,1936.8499755859375,1937.800048828125,24
2026-09-11 10:52:00+05:30,1936.800048828125,1937.949951171875,1936.800048828125,1937.949951171875,20
2026-09-11 10:53:00+05:30,1937.0,1937.0,1936.050048828125,1936.050048828125,101
2026-09-11 10:56:00+05:30,1936.0,1936.0,1936.0,1936.0,56
2026-09-11 10:57:00+05:30,1935.550048828125,1935.550048828125,1935.550048828125,1935.550048828125,2
2026-09-11 10:58:00+05:30,1942.0,1942.0,1939.050048828125,1939.050048828125,634
2026-09-11 11:00:00+05:30,1943.0,1943.0,1942.0,1942.0,235
2026-09-11 11:01:00+05:30,1943.0999755859375,1943.0999755859375,1943.0,1943.0,6
2026-09-11 11:02:00+05:30,1943.0999755859375,1943.699951171875,1943.0999755859375,1943.699951171875,35
2026-09-11 11:03:00+05:30,1943.9000244140625,1943.9000244140625,1943.9000244140625,1943.9000244140625,21
2026-09-11 11:04:00+05:30,1943.800048828125,1943.800048828125,1943.800048828125,1943.800048828125,3
2026-09-11 11:05:00+05:30,1943.949951171875,1943.949951171875,1943.0,1943.800048828125,259
2026-09-11 11:06:00+05:30,1943.5,1943.949951171875,1942.8499755859375,1943.949951171875,43
2026-09-11 11:07:00+05:30,1943.5,1943.5,1943.5,1943.5,1
2026-09-11 11:09:00+05:30,1943.8499755859375,1944.1500244140625,1943.5,1943.5,70
2026-09-11 11:10:00+05:30,1944.0,1944.0,1943.4000244140625,1944.0,139
2026-09-11 11:11:00+05:30,1943.4000244140625,1943.4000244140625,1943.4000244140625,1943.4000244140625,1
2026-09-11 11:12:00+05:30,1943.25,1943.25,1943.25,1943.25,2
2026-09-11 11:13:00+05:30,1944.0,1944.0,1943.5999755859375,1943.8499755859375,51
2026-09-11 11:14:00+05:30,1945.0,1945.0,1945.0,1945.0,111
2026-09-11 11:16:00+05:30,1943.25,1945.0,1943.25,1945.0,655
2026-09-11 11:17:00+05:30,1944.449951171875,1945.5999755859375,1944.449951171875,1945.5999755859375,20
2026-09-11 11:18:00+05:30,1945.800048828125,1945.9000244140625,1944.449951171875,1945.800048828125,72
2026-09-11 11:19:00+05:30,1945.1500244140625,1945.1500244140625,1945.1500244140625,1945.1500244140625,25
2026-09-11 11:20:00+05:30,1944.0,1944.8499755859375,1944.0,1944.8499755859375,4
2026-09-11 11:21:00+05:30,1944.449951171875,1944.449951171875,1943.050048828125,1943.050048828125,46
2026-09-11 11:22:00+05:30,1945.0,1945.0,1945.0,1945.0,39
2026-09-11 11:23:00+05:30,1945.0,1945.9000244140625,1945.0,1945.9000244140625,102
2026-09-11 11:24:00+05:30,1946.0,1946.0,1946.0,1946.0,10
2026-09-11 11:25:00+05:30,1944.9000244140625,1945.050048828125,1944.9000244140625,1945.050048828125,18
2026-09-11 11:26:00+05:30,1945.949951171875,1945.949951171875,1945.949951171875,1945.949951171875,10
2026-09-11 11:27:00+05:30,1945.800048828125,1945.800048828125,1945.800048828125,1945.800048828125,1
2026-09-11 11:28:00+05:30,1946.0,1946.0,1946.0,1946.0,68
2026-09-11 11:31:00+05:30,1945.800048828125,1946.949951171875,1945.800048828125,1946.0,4
2026-09-11 11:32:00+05:30,1946.3499755859375,1946.3499755859375,1946.3499755859375,1946.3499755859375,11
2026-09-11 11:33:00+05:30,1946.6500244140625,1946.6500244140625,1946.6500244140625,1946.6500244140625,1
2026-09-11 11:35:00+05:30,1945.5999755859375,1946.0,1945.5999755859375,1946.0,14
2026-09-11 11:38:00+05:30,1946.6500244140625,1946.6500244140625,1946.6500244140625,1946.6500244140625,2
2026-09-11 11:39:00+05:30,1944.800048828125,1945.0999755859375,1944.800048828125,1945.0999755859375,91
2026-09-11 11:40:00+05:30,1946.300048828125,1946.300048828125,1946.300048828125,1946.300048828125,20
2026-09-11 11:42:00+05:30,1944.800048828125,1944.800048828125,1944.800048828125,1944.800048828125,60
2026-09-11 11:43:00+05:30,1946.0,1946.0,1946.0,1946.0,27
2026-09-11 11:44:00+05:30,1946.25,1946.25,1946.25,1946.25,1
2026-09-11 11:45:00+05:30,1946.050048828125,1946.25,1946.050048828125,1946.25,5
2026-09-11 11:46:00+05:30,1945.0,1945.0,1944.949951171875,1944.949951171875,5
2026-09-11 11:47:00+05:30,1946.199951171875,1946.199951171875,1946.0,1946.0,8
2026-09-11 11:49:00+05:30,1945.8499755859375,1945.8499755859375,1945.0,1945.0,4
2026-09-11 11:50:00+05:30,1944.800048828125,1945.699951171875,1944.800048828125,1945.699951171875,6
2026-09-11 11:51:00+05:30,1944.0,1944.0,1944.0,1944.0,12
2026-09-11 11:52:00+05:30,1943.949951171875,1943.949951171875,1943.949951171875,1943.949951171875,2
2026-09-11 11:53:00+05:30,1943.75,1943.75,1943.75,1943.75,1
2026-09-11 11:54:00+05:30,1944.5,1944.5,1943.0999755859375,1943.0999755859375,41
2026-09-11 11:57:00+05:30,1943.0,1943.3499755859375,1943.0,1943.3499755859375,34
2026-09-11 11:58:00+05:30,1940.0,1943.0,1940.0,1943.0,108
2026-09-11 11:59:00+05:30,1939.0,1939.0,1939.0,1939.0,10
2026-09-11 12:00:00+05:30,1939.0,1939.0,1939.0,1939.0,1
2026-09-11 12:01:00+05:30,1939.050048828125,1939.050048828125,1937.4000244140625,1939.0,314
2026-09-11 12:03:00+05:30,1941.0,1941.0,1940.4000244140625,1940.4000244140625,1995
2026-09-11 12:04:00+05:30,1941.0,1941.0,1941.0,1941.0,61
2026-09-11 12:05:00+05:30,1941.0,1941.0,1941.0,1941.0,959
2026-09-11 12:06:00+05:30,1941.0,1941.0,1941.0,1941.0,1768
2026-09-11 12:07:00+05:30,1941.0,1941.0,1941.0,1941.0,1604
2026-09-11 12:08:00+05:30,1941.5,1941.5,1940.0,1941.0,8744
2026-09-11 12:09:00+05:30,1938.199951171875,1941.0,1938.199951171875,1941.0,14927
2026-09-11 12:10:00+05:30,1937.1500244140625,1937.25,1937.1500244140625,1937.25,325
2026-09-11 12:11:00+05:30,1937.199951171875,1937.199951171875,1937.199951171875,1937.199951171875,5
2026-09-11 12:12:00+05:30,1935.0,1937.199951171875,1935.0,1937.199951171875,43
2026-09-11 12:13:00+05:30,1935.5999755859375,1935.5999755859375,1934.300048828125,1934.300048828125,209
2026-09-11 12:15:00+05:30,1936.050048828125,1936.050048828125,1936.050048828125,1936.050048828125,50
2026-09-11 12:16:00+05:30,1934.5999755859375,1935.0,1934.5999755859375,1935.0,8
2026-09-11 12:17:00+05:30,1934.5999755859375,1935.800048828125,1934.5999755859375,1935.699951171875,85
2026-09-11 12:18:00+05:30,1937.25,1937.25,1935.6500244140625,1935.6500244140625,82
2026-09-11 12:19:00+05:30,1935.300048828125,1935.300048828125,1935.300048828125,1935.300048828125,12
2026-09-11 12:20:00+05:30,1936.5,1936.5,1936.5,1936.5,1
2026-09-11 12:21:00+05:30,1935.4000244140625,1935.4000244140625,1935.4000244140625,1935.4000244140625,70
2026-09-11 12:22:00+05:30,1935.199951171875,1935.199951171875,1935.199951171875,1935.199951171875,15
2026-09-11 12:23:00+05:30,1935.4000244140625,1936.550048828125,1935.4000244140625,1936.550048828125,146
2026-09-11 12:24:00+05:30,1935.300048828125,1935.300048828125,1934.449951171875,1935.0,11
2026-09-11 12:25:00+05:30,1934.050048828125,1935.25,1934.050048828125,1935.25,106
2026-09-11 12:26:00+05:30,1933.6500244140625,1933.6500244140625,1933.6500244140625,1933.6500244140625,62
2026-09-11 12:28:00+05:30,1934.699951171875,1934.9000244140625,1933.6500244140625,1933.6500244140625,42
2026-09-11 12:29:00+05:30,1935.8499755859375,1935.8499755859375,1934.699951171875,1934.699951171875,13
2026-09-11 12:30:00+05:30,1937.4000244140625,1937.4000244140625,1937.4000244140625,1937.4000244140625,15
2026-09-11 12:32:00+05:30,1937.5,1937.5,1937.5,1937.5,1
2026-09-11 12:34:00+05:30,1936.75,1936.800048828125,1936.75,1936.800048828125,4
2026-09-11 12:36:00+05:30,1936.0,1936.800048828125,1936.0,1936.800048828125,8
2026-09-11 12:37:00+05:30,1937.550048828125,1937.550048828125,1935.199951171875,1935.199951171875,9
2026-09-11 12:38:00+05:30,1938.0,1938.0,1937.699951171875,1937.699951171875,12
2026-09-11 12:39:00+05:30,1938.0,1938.5999755859375,1938.0,1938.5999755859375,494
2026-09-11 12:40:00+05:30,1938.0999755859375,1938.0999755859375,1937.0,1938.0999755859375,19
2026-09-11 12:42:00+05:30,1940.0,1940.0,1938.0999755859375,1938.0999755859375,50001
2026-09-11 12:43:00+05:30,1939.25,1939.25,1939.050048828125,1939.050048828125,11
2026-09-11 12:44:00+05:30,1938.949951171875,1938.949951171875,1938.949951171875,1938.949951171875,24
2026-09-11 12:45:00+05:30,1937.0,1938.699951171875,1937.0,1938.699951171875,11
2026-09-11 12:46:00+05:30,1934.4000244140625,1934.4000244140625,1934.0,1934.0,165
2026-09-11 12:47:00+05:30,1935.449951171875,1935.449951171875,1935.449951171875,1935.449951171875,41
2026-09-11 12:48:00+05:30,1936.75,1936.75,1936.75,1936.75,24
2026-09-11 12:49:00+05:30,1935.449951171875,1937.25,1935.449951171875,1937.25,20
2026-09-11 12:52:00+05:30,1934.0,1934.0,1934.0,1934.0,5
2026-09-11 12:53:00+05:30,1934.4000244140625,1934.4000244140625,1934.4000244140625,1934.4000244140625,3
2026-09-11 12:54:00+05:30,1936.0,1936.0,1936.0,1936.0,10
2026-09-11 12:55:00+05:30,1937.0,1937.0,1937.0,1937.0,1
2026-09-11 12:56:00+05:30,1937.4000244140625,1937.4000244140625,1937.4000244140625,1937.4000244140625,2
2026-09-11 12:57:00+05:30,1936.75,1936.75,1936.75,1936.75,4
2026-09-11 12:58:00+05:30,1937.4000244140625,1937.4000244140625,1937.4000244140625,1937.4000244140625,6
2026-09-11 13:01:00+05:30,1935.5,1936.5,1935.5,1936.5,11
2026-09-11 13:06:00+05:30,1938.699951171875,1938.699951171875,1937.25,1937.25,33
2026-09-11 13:08:00+05:30,1938.5,1939.0,1937.8499755859375,1937.8499755859375,17
2026-09-11 13:09:00+05:30,1937.0999755859375,1938.5999755859375,1937.0999755859375,1938.5999755859375,8
2026-09-11 13:10:00+05:30,1937.0,1937.0,1937.0,1937.0,25
2026-09-11 13:11:00+05:30,1937.0,1937.0,1936.949951171875,1936.949951171875,3
2026-09-11 13:13:00+05:30,1936.6500244140625,1938.0,1936.6500244140625,1938.0,130
2026-09-11 13:14:00+05:30,1937.6500244140625,1937.6500244140625,1937.6500244140625,1937.6500244140625,1
2026-09-11 13:15:00+05:30,1936.8499755859375,1937.0,1936.8499755859375,1936.949951171875,67
2026-09-11 13:18:00+05:30,1936.4000244140625,1936.4000244140625,1936.4000244140625,1936.4000244140625,5
2026-09-11 13:21:00+05:30,1935.6500244140625,1935.6500244140625,1935.6500244140625,1935.6500244140625,22
2026-09-11 13:22:00+05:30,1937.050048828125,1937.050048828125,1937.050048828125,1937.050048828125,10
2026-09-11 13:26:00+05:30,1936.0,1936.8499755859375,1936.0,1936.8499755859375,25
2026-09-11 13:27:00+05:30,1936.800048828125,1936.800048828125,1936.800048828125,1936.800048828125,1
2026-09-11 13:28:00+05:30,1935.8499755859375,1935.8499755859375,1935.8499755859375,1935.8499755859375,43
2026-09-11 13:29:00+05:30,1935.9000244140625,1935.9000244140625,1935.5,1935.5,9
2026-09-11 13:30:00+05:30,1935.25,1935.25,1935.0,1935.0,66
2026-09-11 13:32:00+05:30,1936.4000244140625,1936.4000244140625,1935.449951171875,1936.300048828125,23
2026-09-11 13:33:00+05:30,1936.9000244140625,1936.9000244140625,1936.9000244140625,1936.9000244140625,10
2026-09-11 13:34:00+05:30,1934.800048828125,1934.800048828125,1934.4000244140625,1934.449951171875,13
2026-09-11 13:35:00+05:30,1934.800048828125,1934.800048828125,1934.800048828125,1934.800048828125,1
2026-09-11 13:37:00+05:30,1937.0,1937.0,1934.0,1934.0,101
2026-09-11 13:41:00+05:30,1934.1500244140625,1934.1500244140625,1934.1500244140625,1934.1500244140625,6
2026-09-11 13:42:00+05:30,1935.300048828125,1935.300048828125,1935.300048828125,1935.300048828125,5
2026-09-11 13:45:00+05:30,1935.3499755859375,1935.3499755859375,1935.3499755859375,1935.3499755859375,1
2026-09-11 13:48:00+05:30,1934.199951171875,1935.3499755859375,1934.199951171875,1935.3499755859375,55
2026-09-11 13:49:00+05:30,1935.0,1935.25,1935.0,1935.25,5
2026-09-11 13:50:00+05:30,1935.5,1935.5,1935.5,1935.5,1
2026-09-11 13:51:00+05:30,1934.25,1935.1500244140625,1934.25,1935.0,8
2026-09-11 13:52:00+05:30,1934.25,1934.25,1934.25,1934.25,1
2026-09-11 13:53:00+05:30,1934.5999755859375,1934.5999755859375,1934.5999755859375,1934.5999755859375,1
2026-09-11 13:54:00+05:30,1936.0999755859375,1936.0999755859375,1934.949951171875,1934.949951171875,15
2026-09-11 13:56:00+05:30,1937.3499755859375,1937.3499755859375,1937.0,1937.25,12
2026-09-11 13:59:00+05:30,1936.5,1936.5,1936.5,1936.5,2
2026-09-11 14:02:00+05:30,1938.25,1938.25,1937.5,1937.5,56
2026-09-11 14:03:00+05:30,1937.5999755859375,1937.800048828125,1937.5,1937.800048828125,508
2026-09-11 14:04:00+05:30,1938.8499755859375,1938.8499755859375,1938.8499755859375,1938.8499755859375,1
2026-09-11 14:05:00+05:30,1939.5,1939.5,1938.449951171875,1938.449951171875,139
2026-09-11 14:06:00+05:30,1939.199951171875,1939.199951171875,1939.0,1939.0,6
2026-09-11 14:07:00+05:30,1937.449951171875,1938.0,1937.449951171875,1937.449951171875,59
2026-09-11 14:08:00+05:30,1936.800048828125,1936.800048828125,1936.800048828125,1936.800048828125,250
2026-09-11 14:09:00+05:30,1938.25,1938.25,1938.0999755859375,1938.0999755859375,11
2026-09-11 14:10:00+05:30,1938.3499755859375,1938.3499755859375,1938.0999755859375,1938.1500244140625,14
2026-09-11 14:12:00+05:30,1938.0999755859375,1938.0999755859375,1938.0999755859375,1938.0999755859375,1
2026-09-11 14:13:00+05:30,1939.25,1939.25,1939.199951171875,1939.199951171875,12
2026-09-11 14:15:00+05:30,1937.1500244140625,1938.3499755859375,1937.1500244140625,1938.199951171875,108
2026-09-11 14:16:00+05:30,1938.3499755859375,1938.3499755859375,1937.0,1937.0,18
2026-09-11 14:17:00+05:30,1938.949951171875,1938.949951171875,1938.949951171875,1938.949951171875,150
2026-09-11 14:18:00+05:30,1938.0,1938.75,1938.0,1938.75,111
2026-09-11 14:19:00+05:30,1940.8499755859375,1940.8499755859375,1939.0,1939.699951171875,55
2026-09-11 14:20:00+05:30,1941.0,1941.0,1941.0,1941.0,50
2026-09-11 14:21:00+05:30,1939.9000244140625,1940.8499755859375,1939.9000244140625,1940.8499755859375,15
2026-09-11 14:22:00+05:30,1940.0,1940.0,1940.0,1940.0,2
2026-09-11 14:23:00+05:30,1940.0999755859375,1940.0999755859375,1940.0999755859375,1940.0999755859375,20
2026-09-11 14:24:00+05:30,1943.3499755859375,1943.3499755859375,1941.0,1941.0,183
2026-09-11 14:29:00+05:30,1945.0,1945.0,1945.0,1945.0,125
2026-09-11 14:31:00+05:30,1945.3499755859375,1945.3499755859375,1943.550048828125,1943.550048828125,59
2026-09-11 14:32:00+05:30,1945.0,1945.0,1945.0,1945.0,10
2026-09-11 14:34:00+05:30,1943.550048828125,1943.550048828125,1943.550048828125,1943.550048828125,24
2026-09-11 14:36:00+05:30,1943.550048828125,1944.5,1943.550048828125,1944.5,68
2026-09-11 14:38:00+05:30,1943.550048828125,1944.5,1943.550048828125,1944.5,21
2026-09-11 14:39:00+05:30,1942.25,1943.6500244140625,1942.0999755859375,1943.550048828125,230
2026-09-11 14:40:00+05:30,1942.300048828125,1942.300048828125,1942.300048828125,1942.300048828125,9
2026-09-11 14:41:00+05:30,1941.5,1943.050048828125,1941.5,1943.050048828125,58
2026-09-11 14:42:00+05:30,1941.5,1942.0,1941.5,1942.0,3
2026-09-11 14:43:00+05:30,1941.5,1941.5,1941.0,1941.0,67
2026-09-11 14:44:00+05:30,1940.699951171875,1940.8499755859375,1940.699951171875,1940.8499755859375,6
2026-09-11 14:45:00+05:30,1940.0,1940.0,1940.0,1940.0,21
2026-09-11 14:47:00+05:30,1939.5999755859375,1939.5999755859375,1938.4000244140625,1938.4000244140625,25
2026-09-11 14:49:00+05:30,1938.0,1938.0,1938.0,1938.0,14
2026-09-11 14:50:00+05:30,1937.0,1937.0,1937.0,1937.0,10
2026-09-11 14:51:00+05:30,1937.4000244140625,1937.9000244140625,1937.4000244140625,1937.9000244140625,37
2026-09-11 14:52:00+05:30,1939.300048828125,1939.300048828125,1939.300048828125,1939.300048828125,9
2026-09-11 14:53:00+05:30,1936.449951171875,1936.449951171875,1936.449951171875,1936.449951171875,1
2026-09-11 14:54:00+05:30,1937.5999755859375,1937.5999755859375,1937.5999755859375,1937.5999755859375,5
2026-09-11 14:56:00+05:30,1936.9000244140625,1937.0,1936.9000244140625,1937.0,17
2026-09-11 14:57:00+05:30,1936.4000244140625,1936.4000244140625,1936.4000244140625,1936.4000244140625,69
2026-09-11 14:58:00+05:30,1936.4000244140625,1936.4000244140625,1936.4000244140625,1936.4000244140625,2
2026-09-11 14:59:00+05:30,1937.699951171875,1937.699951171875,1937.0,1937.699951171875,156
2026-09-11 15:00:00+05:30,1937.0999755859375,1937.0999755859375,1936.4000244140625,1936.8499755859375,5
2026-09-11 15:01:00+05:30,1936.050048828125,1936.5999755859375,1935.0,1936.5999755859375,130
2026-09-11 15:02:00+05:30,1935.449951171875,1935.449951171875,1935.0,1935.0,218
2026-09-11 15:03:00+05:30,1935.0,1935.449951171875,1935.0,1935.449951171875,72
2026-09-11 15:04:00+05:30,1933.0,1934.6500244140625,1933.0,1934.0,120
2026-09-11 15:05:00+05:30,1934.550048828125,1934.550048828125,1932.699951171875,1934.199951171875,251
2026-09-11 15:07:00+05:30,1933.8499755859375,1933.8499755859375,1933.6500244140625,1933.8499755859375,99312
2026-09-11 15:08:00+05:30,1934.0,1934.0,1933.8499755859375,1933.8499755859375,21
2026-09-11 15:09:00+05:30,1933.8499755859375,1934.9000244140625,1933.8499755859375,1934.4000244140625,89
2026-09-11 15:10:00+05:30,1935.9000244140625,1935.9000244140625,1932.6500244140625,1933.8499755859375,308
2026-09-11 15:11:00+05:30,1935.0,1935.0,1935.0,1935.0,1
2026-09-11 15:12:00+05:30,1936.0,1936.0,1935.0,1935.0,23
2026-09-11 15:13:00+05:30,1934.050048828125,1936.0,1934.050048828125,1935.8499755859375,19
2026-09-11 15:14:00+05:30,1935.0,1935.8499755859375,1935.0,1935.8499755859375,30
2026-09-11 15:28:00+05:30,1934.0,1934.0,1934.0,1934.0,160
2026-09-15 09:15:00+05:30,1940.800048828125,1943.0,1936.550048828125,1941.5999755859375,1350
2026-09-15 09:16:00+05:30,1954.5999755859375,1957.0999755859375,1938.8499755859375,1938.8499755859375,3139
2026-09-15 09:17:00+05:30,1947.8499755859375,1957.0999755859375,1947.8499755859375,1957.0999755859375,751
2026-09-15 09:18:00+05:30,1946.8499755859375,1948.5999755859375,1945.300048828125,1947.9000244140625,368
2026-09-15 09:19:00+05:30,1953.699951171875,1955.0,1946.75,1948.25,1531
2026-09-15 09:20:00+05:30,1952.5999755859375,1954.5999755859375,1951.25,1951.300048828125,204
2026-09-15 09:21:00+05:30,1951.6500244140625,1952.949951171875,1951.0,1951.0,221
2026-09-15 09:22:00+05:30,1955.9000244140625,1955.9000244140625,1949.550048828125,1951.25,408
2026-09-15 09:23:00+05:30,1957.0,1957.5,1955.0,1955.0999755859375,294
2026-09-15 09:24:00+05:30,1958.449951171875,1959.5999755859375,1955.949951171875,1956.8499755859375,931
2026-09-15 09:25:00+05:30,1958.3499755859375,1959.75,1956.9000244140625,1958.199951171875,172
2026-09-15 09:26:00+05:30,1958.449951171875,1960.0,1956.050048828125,1957.1500244140625,797
2026-09-15 09:27:00+05:30,1961.5,1961.5,1957.75,1957.75,812
2026-09-15 09:28:00+05:30,1958.0,1960.5,1957.4000244140625,1960.0,356
2026-09-15 09:29:00+05:30,1959.5,1959.5,1957.3499755859375,1957.3499755859375,987
2026-09-15 09:30:00+05:30,1965.0,1965.0,1958.800048828125,1960.199951171875,1829
2026-09-15 09:31:00+05:30,1962.0999755859375,1965.0,1962.0999755859375,1965.0,218
2026-09-15 09:32:00+05:30,1960.1500244140625,1962.4000244140625,1960.1500244140625,1961.050048828125,461
2026-09-15 09:33:00+05:30,1958.300048828125,1960.800048828125,1956.9000244140625,1960.800048828125,524
2026-09-15 09:34:00+05:30,1956.5,1958.050048828125,1955.25,1958.050048828125,384
2026-09-15 09:35:00+05:30,1955.0999755859375,1957.550048828125,1955.0999755859375,1955.9000244140625,280
2026-09-15 09:36:00+05:30,1954.25,1955.300048828125,1954.25,1955.0999755859375,380
2026-09-15 09:37:00+05:30,1954.0,1955.0,1954.0,1955.0,50
2026-09-15 09:38:00+05:30,1951.25,1954.300048828125,1951.25,1954.0,104
2026-09-15 09:39:00+05:30,1951.449951171875,1952.949951171875,1950.75,1952.449951171875,357
2026-09-15 09:40:00+05:30,1952.949951171875,1953.0,1952.0,1952.0,77
2026-09-15 09:41:00+05:30,1954.0999755859375,1954.0999755859375,1952.0999755859375,1953.199951171875,307
2026-09-15 09:42:00+05:30,1955.300048828125,1955.300048828125,1953.5,1954.5999755859375,145
2026-09-15 09:43:00+05:30,1956.0999755859375,1956.0999755859375,1954.300048828125,1955.6500244140625,257
2026-09-15 09:44:00+05:30,1955.5999755859375,1956.5999755859375,1955.0,1955.0,105
2026-09-15 09:45:00+05:30,1953.5,1955.5999755859375,1953.5,1955.5999755859375,221
2026-09-15 09:46:00+05:30,1957.0,1957.0,1954.300048828125,1955.3499755859375,300
2026-09-15 09:47:00+05:30,1960.800048828125,1963.199951171875,1957.300048828125,1957.300048828125,733
2026-09-15 09:48:00+05:30,1959.75,1960.6500244140625,1958.6500244140625,1959.050048828125,92
2026-09-15 09:49:00+05:30,1958.4000244140625,1959.0,1957.25,1958.6500244140625,217
2026-09-15 09:50:00+05:30,1958.5999755859375,1959.5999755859375,1957.199951171875,1957.199951171875,98
2026-09-15 09:51:00+05:30,1957.0,1958.5999755859375,1956.449951171875,1958.5999755859375,143
2026-09-15 09:52:00+05:30,1956.0,1957.5999755859375,1955.0,1957.5999755859375,280
2026-09-15 09:53:00+05:30,1952.800048828125,1955.5999755859375,1952.800048828125,1955.0,121
2026-09-15 09:54:00+05:30,1953.6500244140625,1954.6500244140625,1953.6500244140625,1954.0,63
2026-09-15 09:55:00+05:30,1952.1500244140625,1953.0999755859375,1951.0,1953.0999755859375,84
2026-09-15 09:56:00+05:30,1950.3499755859375,1951.800048828125,1950.3499755859375,1951.800048828125,47
2026-09-15 09:57:00+05:30,1950.0,1950.9000244140625,1949.8499755859375,1950.0999755859375,353
2026-09-15 09:58:00+05:30,1950.25,1950.699951171875,1950.0,1950.0,62
2026-09-15 09:59:00+05:30,1951.4000244140625,1951.4000244140625,1949.699951171875,1949.699951171875,62
2026-09-15 10:00:00+05:30,1949.4000244140625,1951.699951171875,1949.4000244140625,1951.699951171875,108
2026-09-15 10:01:00+05:30,1948.9000244140625,1949.3499755859375,1948.0,1949.3499755859375,118
2026-09-15 10:02:00+05:30,1949.550048828125,1949.550048828125,1948.9000244140625,1949.449951171875,27
2026-09-15 10:03:00+05:30,1947.0,1949.550048828125,1947.0,1949.550048828125,46
2026-09-15 10:04:00+05:30,1946.699951171875,1947.5,1946.699951171875,1947.0,36
2026-09-15 10:05:00+05:30,1947.8499755859375,1948.0,1947.8499755859375,1948.0,17
2026-09-15 10:06:00+05:30,1946.800048828125,1948.0,1946.800048828125,1948.0,13
2026-09-15 10:07:00+05:30,1947.8499755859375,1947.8499755859375,1946.800048828125,1946.800048828125,37
2026-09-15 10:08:00+05:30,1947.0,1947.8499755859375,1946.6500244140625,1947.8499755859375,49
2026-09-15 10:09:00+05:30,1947.0999755859375,1947.8499755859375,1947.0999755859375,1947.8499755859375,20
2026-09-15 10:10:00+05:30,1947.199951171875,1948.0999755859375,1947.199951171875,1948.0999755859375,15
2026-09-15 10:11:00+05:30,1950.0,1950.0,1948.0,1948.0,26
2026-09-15 10:12:00+05:30,1949.0,1949.0,1949.0,1949.0,40
2026-09-15 10:13:00+05:30,1949.8499755859375,1950.0,1949.0,1949.0,58
2026-09-15 10:14:00+05:30,1949.0,1949.8499755859375,1949.0,1949.8499755859375,75
2026-09-15 10:15:00+05:30,1948.3499755859375,1948.9000244140625,1947.6500244140625,1948.9000244140625,10
2026-09-15 10:16:00+05:30,1948.300048828125,1948.300048828125,1948.0,1948.0,7
2026-09-15 10:17:00+05:30,1947.6500244140625,1948.25,1947.6500244140625,1948.25,68
2026-09-15 10:18:00+05:30,1950.050048828125,1951.0,1947.6500244140625,1947.6500244140625,324
2026-09-15 10:19:00+05:30,1950.75,1951.0999755859375,1950.050048828125,1951.0999755859375,32
2026-09-15 10:20:00+05:30,1952.0,1952.0,1949.699951171875,1949.699951171875,96
2026-09-15 10:21:00+05:30,1951.4000244140625,1951.9000244140625,1950.3499755859375,1951.9000244140625,165
2026-09-15 10:22:00+05:30,1950.4000244140625,1950.4000244140625,1950.4000244140625,1950.4000244140625,1
2026-09-15 10:23:00+05:30,1950.0999755859375,1950.8499755859375,1950.0999755859375,1950.8499755859375,6
2026-09-15 10:24:00+05:30,1951.5,1951.5,1948.25,1949.0,363
2026-09-15 10:25:00+05:30,1952.3499755859375,1952.3499755859375,1950.6500244140625,1951.5,410
2026-09-15 10:26:00+05:30,1951.0,1952.0999755859375,1951.0,1952.050048828125,7
2026-09-15 10:27:00+05:30,1951.0999755859375,1951.199951171875,1950.050048828125,1951.199951171875,29
2026-09-15 10:28:00+05:30,1949.550048828125,1950.75,1949.550048828125,1950.75,10
2026-09-15 10:29:00+05:30,1950.0,1950.949951171875,1950.0,1950.800048828125,81
2026-09-15 10:30:00+05:30,1949.0,1950.300048828125,1949.0,1950.300048828125,127
2026-09-15 10:32:00+05:30,1949.699951171875,1949.699951171875,1949.0,1949.0,25
2026-09-15 10:33:00+05:30,1948.9000244140625,1949.699951171875,1948.9000244140625,1949.699951171875,128
2026-09-15 10:34:00+05:30,1947.1500244140625,1948.9000244140625,1947.1500244140625,1948.0,43
2026-09-15 10:35:00+05:30,1947.949951171875,1948.050048828125,1947.1500244140625,1948.0,70
2026-09-15 10:36:00+05:30,1948.0999755859375,1948.0999755859375,1948.050048828125,1948.050048828125,37
2026-09-15 10:37:00+05:30,1948.5,1948.5,1948.0999755859375,1948.0999755859375,6
2026-09-15 10:38:00+05:30,1948.75,1948.9000244140625,1948.75,1948.9000244140625,17
2026-09-15 10:39:00+05:30,1949.0,1949.0,1948.5999755859375,1948.5999755859375,73
2026-09-15 10:40:00+05:30,1948.800048828125,1949.0,1947.9000244140625,1949.0,10
2026-09-15 10:41:00+05:30,1948.75,1948.800048828125,1947.6500244140625,1948.800048828125,47
2026-09-15 10:42:00+05:30,1947.5999755859375,1948.300048828125,1947.5999755859375,1948.300048828125,15
2026-09-15 10:43:00+05:30,1948.0999755859375,1948.550048828125,1947.1500244140625,1948.550048828125,143
2026-09-15 10:44:00+05:30,1945.9000244140625,1947.1500244140625,1945.9000244140625,1947.0999755859375,167
2026-09-15 10:45:00+05:30,1946.300048828125,1946.9000244140625,1946.300048828125,1946.300048828125,15
2026-09-15 10:46:00+05:30,1945.0,1946.0,1945.0,1946.0,296
2026-09-15 10:47:00+05:30,1946.699951171875,1946.699951171875,1944.050048828125,1945.0,109
2026-09-15 10:48:00+05:30,1946.699951171875,1946.699951171875,1946.6500244140625,1946.6500244140625,6
2026-09-15 10:49:00+05:30,1945.5999755859375,1946.25,1945.550048828125,1946.25,6
2026-09-15 10:50:00+05:30,1946.800048828125,1946.800048828125,1945.800048828125,1945.800048828125,21
2026-09-15 10:51:00+05:30,1946.300048828125,1946.75,1946.300048828125,1946.75,160
2026-09-15 10:52:00+05:30,1946.25,1946.25,1944.449951171875,1944.5,49
2026-09-15 10:53:00+05:30,1945.9000244140625,1946.0999755859375,1945.9000244140625,1946.0999755859375,80
2026-09-15 10:54:00+05:30,1945.550048828125,1945.550048828125,1945.550048828125,1945.550048828125,13
2026-09-15 10:55:00+05:30,1945.25,1945.4000244140625,1944.1500244140625,1944.1500244140625,13
2026-09-15 10:56:00+05:30,1945.0,1945.0,1944.199951171875,1944.949951171875,10
2026-09-15 10:57:00+05:30,1945.0,1945.0,1945.0,1945.0,1
2026-09-15 10:59:00+05:30,1944.9000244140625,1944.9000244140625,1944.9000244140625,1944.9000244140625,4
2026-09-15 11:00:00+05:30,1945.550048828125,1945.550048828125,1944.9000244140625,1944.9000244140625,102
2026-09-15 11:01:00+05:30,1946.0,1946.1500244140625,1944.9000244140625,1945.300048828125,41
2026-09-15 11:02:00+05:30,1945.8499755859375,1946.0,1944.9000244140625,1945.1500244140625,95
2026-09-15 11:03:00+05:30,1946.699951171875,1948.0,1945.5,1945.800048828125,448
2026-09-15 11:04:00+05:30,1947.5999755859375,1947.5999755859375,1946.449951171875,1946.449951171875,107
2026-09-15 11:05:00+05:30,1947.5,1947.5,1946.1500244140625,1946.300048828125,63
2026-09-15 11:06:00+05:30,1947.0,1947.0,1946.050048828125,1946.0999755859375,45
2026-09-15 11:07:00+05:30,1949.0,1949.0,1947.699951171875,1947.699951171875,93
2026-09-15 11:08:00+05:30,1949.0,1949.0,1949.0,1949.0,41
2026-09-15 11:09:00+05:30,1948.550048828125,1948.75,1947.25,1947.9000244140625,25
2026-09-15 11:10:00+05:30,1948.6500244140625,1948.6500244140625,1948.449951171875,1948.449951171875,4
2026-09-15 11:11:00+05:30,1948.050048828125,1948.050048828125,1947.6500244140625,1947.6500244140625,15
2026-09-15 11:12:00+05:30,1948.0,1948.050048828125,1948.0,1948.050048828125,78
2026-09-15 11:13:00+05:30,1946.5999755859375,1947.949951171875,1946.5999755859375,1947.949951171875,4
2026-09-15 11:14:00+05:30,1962.5,1962.9000244140625,1960.4000244140625,1960.800048828125,7449
2026-09-15 11:15:00+05:30,1965.5999755859375,1965.699951171875,1964.0,1964.75,754
2026-09-15 11:16:00+05:30,1962.8499755859375,1966.0,1962.8499755859375,1966.0,101
2026-09-15 11:17:00+05:30,1964.449951171875,1965.25,1964.300048828125,1964.300048828125,284
2026-09-15 11:18:00+05:30,1964.0,1965.0,1962.5,1965.0,175
2026-09-15 11:19:00+05:30,1962.550048828125,1963.5999755859375,1962.3499755859375,1962.3499755859375,62
2026-09-15 11:20:00+05:30,1960.8499755859375,1960.8499755859375,1960.8499755859375,1960.8499755859375,21
2026-09-15 11:21:00+05:30,1961.949951171875,1962.0,1961.1500244140625,1962.0,10
2026-09-15 11:22:00+05:30,1960.9000244140625,1962.0,1960.050048828125,1962.0,146
2026-09-15 11:23:00+05:30,1959.949951171875,1960.9000244140625,1959.949951171875,1960.9000244140625,197
2026-09-15 11:24:00+05:30,1961.0999755859375,1961.0999755859375,1959.9000244140625,1961.050048828125,39
2026-09-15 11:25:00+05:30,1959.300048828125,1960.5,1959.300048828125,1960.5,177
2026-09-15 11:26:00+05:30,1959.1500244140625,1960.5,1959.1500244140625,1960.5,30
2026-09-15 11:27:00+05:30,1955.9000244140625,1957.75,1955.9000244140625,1957.75,49
2026-09-15 11:28:00+05:30,1957.0,1957.0,1957.0,1957.0,10
2026-09-15 11:29:00+05:30,1958.0,1958.0,1957.050048828125,1957.050048828125,19
2026-09-15 11:30:00+05:30,1957.5,1959.5,1957.5,1959.5,370
2026-09-15 11:31:00+05:30,1957.0,1958.4000244140625,1957.0,1957.5,29
2026-09-15 11:32:00+05:30,1956.8499755859375,1958.300048828125,1956.5999755859375,1958.25,127
2026-09-15 11:33:00+05:30,1957.0,1958.3499755859375,1957.0,1958.3499755859375,96
2026-09-15 11:34:00+05:30,1957.0,1958.050048828125,1957.0,1958.050048828125,16
2026-09-15 11:35:00+05:30,1958.0999755859375,1958.0999755859375,1957.0,1957.0,27
2026-09-15 11:36:00+05:30,1958.0999755859375,1958.0999755859375,1957.050048828125,1958.0999755859375,67
2026-09-15 11:37:00+05:30,1956.199951171875,1959.0,1956.199951171875,1959.0,314
2026-09-15 11:38:00+05:30,1958.0,1958.8499755859375,1958.0,1958.8499755859375,37
2026-09-15 11:39:00+05:30,1957.949951171875,1957.949951171875,1956.949951171875,1956.949951171875,35
2026-09-15 11:40:00+05:30,1956.949951171875,1957.949951171875,1956.949951171875,1957.050048828125,29
2026-09-15 11:41:00+05:30,1954.800048828125,1956.199951171875,1954.800048828125,1956.199951171875,324
2026-09-15 11:42:00+05:30,1957.0,1957.0,1954.75,1954.75,21
2026-09-15 11:43:00+05:30,1956.75,1956.75,1955.800048828125,1955.800048828125,48
2026-09-15 11:44:00+05:30,1957.0,1957.0,1956.800048828125,1956.800048828125,21
2026-09-15 11:45:00+05:30,1955.5999755859375,1956.550048828125,1955.4000244140625,1955.800048828125,25
2026-09-15 11:46:00+05:30,1955.550048828125,1956.5,1955.550048828125,1956.5,52
2026-09-15 11:47:00+05:30,1955.300048828125,1955.550048828125,1955.300048828125,1955.4000244140625,49
2026-09-15 11:48:00+05:30,1956.0,1956.0,1955.1500244140625,1955.300048828125,65
2026-09-15 11:49:00+05:30,1956.0,1956.0,1955.5,1955.5,7
2026-09-15 11:50:00+05:30,1955.050048828125,1955.050048828125,1955.050048828125,1955.050048828125,22
2026-09-15 11:51:00+05:30,1956.5,1956.5,1955.0,1955.0999755859375,131
2026-09-15 11:52:00+05:30,1956.0,1956.0,1956.0,1956.0,2
2026-09-15 11:53:00+05:30,1954.699951171875,1957.0,1954.699951171875,1954.75,480
2026-09-15 11:54:00+05:30,1953.449951171875,1954.0,1952.550048828125,1954.0,19
2026-09-15 11:55:00+05:30,1952.1500244140625,1953.25,1952.1500244140625,1953.25,22
2026-09-15 11:56:00+05:30,1953.0,1953.0,1952.199951171875,1952.199951171875,7
2026-09-15 11:57:00+05:30,1952.1500244140625,1952.800048828125,1952.1500244140625,1952.800048828125,12
2026-09-15 11:58:00+05:30,1961.449951171875,1961.449951171875,1952.1500244140625,1952.1500244140625,1020
2026-09-15 11:59:00+05:30,1964.0,1964.0,1961.550048828125,1962.0,578
2026-09-15 12:00:00+05:30,1966.4000244140625,1966.4000244140625,1964.199951171875,1964.199951171875,474
2026-09-15 12:01:00+05:30,1966.0,1966.8499755859375,1965.5,1966.8499755859375,158
2026-09-15 12:02:00+05:30,1966.0,1966.949951171875,1965.800048828125,1966.0,155
2026-09-15 12:03:00+05:30,1965.5,1966.6500244140625,1965.5,1965.800048828125,325
2026-09-15 12:04:00+05:30,1967.0,1967.0,1966.449951171875,1966.5999755859375,151
2026-09-15 12:05:00+05:30,1967.4000244140625,1968.949951171875,1967.3499755859375,1967.3499755859375,88
2026-09-15 12:06:00+05:30,1964.8499755859375,1967.300048828125,1964.8499755859375,1967.300048828125,63
2026-09-15 12:07:00+05:30,1963.449951171875,1965.1500244140625,1963.449951171875,1964.8499755859375,178
2026-09-15 12:08:00+05:30,1965.300048828125,1965.300048828125,1965.1500244140625,1965.1500244140625,210
2026-09-15 12:09:00+05:30,1965.5999755859375,1965.6500244140625,1965.5999755859375,1965.6500244140625,31
2026-09-15 12:10:00+05:30,1964.0,1964.0,1962.9000244140625,1963.3499755859375,70
2026-09-15 12:11:00+05:30,1963.699951171875,1963.800048828125,1962.0999755859375,1962.5,148
2026-09-15 12:12:00+05:30,1963.5999755859375,1963.5999755859375,1962.449951171875,1962.550048828125,33
2026-09-15 12:13:00+05:30,1963.9000244140625,1964.3499755859375,1962.449951171875,1964.3499755859375,53
2026-09-15 12:14:00+05:30,1963.1500244140625,1964.1500244140625,1962.75,1962.75,187
2026-09-15 12:15:00+05:30,1963.699951171875,1964.0,1963.4000244140625,1963.4000244140625,10
2026-09-15 12:16:00+05:30,1962.199951171875,1963.699951171875,1962.199951171875,1963.699951171875,102
2026-09-15 12:17:00+05:30,1962.9000244140625,1964.1500244140625,1962.8499755859375,1964.1500244140625,90
2026-09-15 12:18:00+05:30,1964.0,1964.050048828125,1964.0,1964.050048828125,6
2026-09-15 12:19:00+05:30,1963.800048828125,1963.9000244140625,1962.699951171875,1963.9000244140625,10
2026-09-15 12:20:00+05:30,1962.449951171875,1963.75,1962.449951171875,1963.75,94
2026-09-15 12:22:00+05:30,1963.3499755859375,1963.3499755859375,1963.3499755859375,1963.3499755859375,1
2026-09-15 12:23:00+05:30,1963.25,1963.25,1962.050048828125,1962.050048828125,33
2026-09-15 12:24:00+05:30,1963.5,1964.0,1963.5,1963.5,65
2026-09-15 12:25:00+05:30,1962.449951171875,1963.5,1962.449951171875,1963.5,21
2026-09-15 12:26:00+05:30,1963.6500244140625,1963.6500244140625,1962.5,1962.5,6
2026-09-15 12:27:00+05:30,1963.75,1963.75,1963.6500244140625,1963.6500244140625,14
2026-09-15 12:28:00+05:30,1962.5999755859375,1964.0,1962.5999755859375,1964.0,22
2026-09-15 12:29:00+05:30,1963.5,1963.5,1963.5,1963.5,2
2026-09-15 12:30:00+05:30,1963.5,1963.5,1962.699951171875,1962.699951171875,4
2026-09-15 12:31:00+05:30,1961.6500244140625,1963.5,1961.6500244140625,1963.5,24
2026-09-15 12:32:00+05:30,1961.699951171875,1962.949951171875,1961.699951171875,1962.949951171875,25
2026-09-15 12:33:00+05:30,1963.1500244140625,1963.199951171875,1963.1500244140625,1963.199951171875,152
2026-09-15 12:34:00+05:30,1963.0,1963.0,1962.0,1962.0,32
2026-09-15 12:35:00+05:30,1962.199951171875,1962.75,1961.6500244140625,1962.75,41
2026-09-15 12:36:00+05:30,1961.75,1963.0,1961.75,1963.0,156
2026-09-15 12:37:00+05:30,1963.0,1963.0,1961.75,1961.75,41
2026-09-15 12:38:00+05:30,1961.800048828125,1963.0,1961.800048828125,1963.0,14
2026-09-15 12:39:00+05:30,1962.050048828125,1962.949951171875,1962.050048828125,1962.949951171875,6
2026-09-15 12:40:00+05:30,1962.0,1962.050048828125,1962.0,1962.050048828125,112
2026-09-15 12:41:00+05:30,1960.8499755859375,1962.0,1960.8499755859375,1962.0,470
2026-09-15 12:42:00+05:30,1961.550048828125,1961.9000244140625,1960.8499755859375,1960.8499755859375,4
2026-09-15 12:43:00+05:30,1961.199951171875,1961.550048828125,1961.0,1961.0,29
2026-09-15 12:44:00+05:30,1960.0,1961.199951171875,1960.0,1961.199951171875,198
2026-09-15 12:45:00+05:30,1960.5999755859375,1960.5999755859375,1959.75,1959.800048828125,28
2026-09-15 12:46:00+05:30,1960.5999755859375,1960.5999755859375,1959.6500244140625,1959.6500244140625,34
2026-09-15 12:47:00+05:30,1959.6500244140625,1960.5999755859375,1959.6500244140625,1960.5999755859375,11
2026-09-15 12:48:00+05:30,1960.0,1961.0999755859375,1959.25,1959.25,348
2026-09-15 12:50:00+05:30,1961.0,1961.0,1960.25,1960.25,353
2026-09-15 12:51:00+05:30,1960.050048828125,1960.800048828125,1960.050048828125,1960.800048828125,102
2026-09-15 12:52:00+05:30,1960.949951171875,1961.0,1960.0999755859375,1961.0,30
2026-09-15 12:53:00+05:30,1961.0,1961.0,1961.0,1961.0,2
2026-09-15 12:54:00+05:30,1960.050048828125,1961.0,1960.050048828125,1961.0,12
2026-09-15 12:55:00+05:30,1965.6500244140625,1965.6500244140625,1960.0,1961.0,605
2026-09-15 12:56:00+05:30,1961.5,1961.75,1961.5,1961.75,39
2026-09-15 12:57:00+05:30,1961.3499755859375,1961.5,1961.3499755859375,1961.5,51
2026-09-15 12:58:00+05:30,1962.4000244140625,1962.4000244140625,1962.4000244140625,1962.4000244140625,1
2026-09-15 12:59:00+05:30,1960.050048828125,1961.800048828125,1960.050048828125,1961.800048828125,21
2026-09-15 13:00:00+05:30,1959.800048828125,1961.1500244140625,1959.800048828125,1961.0999755859375,7
2026-09-15 13:01:00+05:30,1960.800048828125,1960.800048828125,1959.75,1959.75,3
2026-09-15 13:02:00+05:30,1960.5,1960.5,1960.5,1960.5,5
2026-09-15 13:03:00+05:30,1959.5,1960.0,1959.5,1960.0,151
2026-09-15 13:04:00+05:30,1959.25,1959.5,1959.25,1959.5,49
2026-09-15 13:05:00+05:30,1959.300048828125,1960.0,1959.300048828125,1960.0,44
2026-09-15 13:06:00+05:30,1960.300048828125,1960.5999755859375,1960.300048828125,1960.5999755859375,5
2026-09-15 13:07:00+05:30,1959.25,1960.0,1959.25,1960.0,30
2026-09-15 13:08:00+05:30,1959.199951171875,1959.300048828125,1959.199951171875,1959.300048828125,49
2026-09-15 13:09:00+05:30,1959.25,1960.0999755859375,1959.25,1960.0999755859375,110
2026-09-15 13:10:00+05:30,1960.0999755859375,1960.5,1960.0999755859375,1960.5,106
2026-09-15 13:11:00+05:30,1959.0,1959.0,1959.0,1959.0,1
2026-09-15 13:12:00+05:30,1959.1500244140625,1960.0999755859375,1959.1500244140625,1960.0999755859375,6
2026-09-15 13:13:00+05:30,1958.8499755859375,1960.1500244140625,1958.8499755859375,1960.1500244140625,201
2026-09-15 13:14:00+05:30,1959.050048828125,1960.199951171875,1958.800048828125,1960.199951171875,205
2026-09-15 13:16:00+05:30,1960.1500244140625,1960.449951171875,1958.0,1959.1500244140625,181
2026-09-15 13:17:00+05:30,1959.6500244140625,1960.0,1959.6500244140625,1960.0,55
2026-09-15 13:18:00+05:30,1961.5,1961.949951171875,1959.25,1959.25,116
2026-09-15 13:19:00+05:30,1961.75,1961.800048828125,1961.75,1961.800048828125,6
2026-09-15 13:20:00+05:30,1961.050048828125,1961.050048828125,1960.050048828125,1960.0999755859375,10
2026-09-15 13:21:00+05:30,1960.8499755859375,1960.9000244140625,1959.8499755859375,1959.8499755859375,165
2026-09-15 13:22:00+05:30,1960.75,1960.75,1959.6500244140625,1959.6500244140625,30
2026-09-15 13:23:00+05:30,1959.25,1960.6500244140625,1959.25,1960.4000244140625,33
2026-09-15 13:24:00+05:30,1959.25,1959.300048828125,1959.25,1959.300048828125,977
2026-09-15 13:25:00+05:30,1959.25,1959.25,1959.25,1959.25,2
2026-09-15 13:26:00+05:30,1960.300048828125,1960.300048828125,1959.0999755859375,1960.199951171875,36
2026-09-15 13:27:00+05:30,1959.1500244140625,1960.199951171875,1959.1500244140625,1960.199951171875,7
2026-09-15 13:28:00+05:30,1960.199951171875,1960.199951171875,1960.199951171875,1960.199951171875,4
2026-09-15 13:29:00+05:30,1959.199951171875,1960.300048828125,1959.1500244140625,1960.25,34
2026-09-15 13:30:00+05:30,1959.5999755859375,1960.6500244140625,1959.5999755859375,1960.4000244140625,384
2026-09-15 13:31:00+05:30,1959.5999755859375,1959.5999755859375,1959.5999755859375,1959.5999755859375,1
2026-09-15 13:32:00+05:30,1959.449951171875,1959.449951171875,1959.300048828125,1959.300048828125,22
2026-09-15 13:33:00+05:30,1959.5,1960.300048828125,1959.5,1960.300048828125,108
2026-09-15 13:34:00+05:30,1960.699951171875,1960.699951171875,1960.699951171875,1960.699951171875,3
2026-09-15 13:35:00+05:30,1960.699951171875,1961.75,1960.699951171875,1961.75,19
2026-09-15 13:36:00+05:30,1960.699951171875,1960.699951171875,1960.5,1960.5,413
2026-09-15 13:37:00+05:30,1961.5,1961.5,1960.050048828125,1960.699951171875,21
2026-09-15 13:38:00+05:30,1961.1500244140625,1961.1500244140625,1960.0,1960.0,117
2026-09-15 13:39:00+05:30,1960.0,1960.050048828125,1960.0,1960.050048828125,123
2026-09-15 13:40:00+05:30,1958.8499755859375,1960.5,1958.8499755859375,1960.0,509
2026-09-15 13:41:00+05:30,1959.1500244140625,1959.199951171875,1959.1500244140625,1959.1500244140625,75
2026-09-15 13:42:00+05:30,1959.1500244140625,1960.5,1959.1500244140625,1960.5,25
2026-09-15 13:43:00+05:30,1957.4000244140625,1959.1500244140625,1956.5999755859375,1959.1500244140625,342
2026-09-15 13:44:00+05:30,1958.800048828125,1958.800048828125,1957.800048828125,1957.949951171875,36
2026-09-15 13:45:00+05:30,1957.1500244140625,1958.8499755859375,1956.449951171875,1958.800048828125,1030
2026-09-15 13:46:00+05:30,1958.1500244140625,1958.3499755859375,1957.199951171875,1958.3499755859375,3
2026-09-15 13:47:00+05:30,1957.800048828125,1957.800048828125,1956.050048828125,1957.5,123
2026-09-15 13:48:00+05:30,1956.699951171875,1957.800048828125,1956.699951171875,1957.800048828125,9
2026-09-15 13:49:00+05:30,1959.1500244140625,1959.1500244140625,1958.4000244140625,1958.4000244140625,61
2026-09-15 13:50:00+05:30,1959.050048828125,1959.300048828125,1957.949951171875,1959.1500244140625,20
2026-09-15 13:51:00+05:30,1958.5999755859375,1958.5999755859375,1957.5,1957.5,29
2026-09-15 13:52:00+05:30,1958.5,1958.9000244140625,1958.5,1958.5,64
2026-09-15 13:53:00+05:30,1957.5999755859375,1958.5,1957.449951171875,1958.5,63
2026-09-15 13:54:00+05:30,1958.800048828125,1958.800048828125,1958.800048828125,1958.800048828125,5
2026-09-15 13:55:00+05:30,1958.800048828125,1959.050048828125,1957.25,1957.25,162
2026-09-15 13:56:00+05:30,1960.0,1960.0,1959.5999755859375,1959.75,29
2026-09-15 13:57:00+05:30,1958.6500244140625,1960.0,1958.6500244140625,1960.0,16
2026-09-15 13:58:00+05:30,1960.0,1960.0,1960.0,1960.0,122
2026-09-15 13:59:00+05:30,1960.0999755859375,1960.0999755859375,1960.0999755859375,1960.0999755859375,1
2026-09-15 14:00:00+05:30,1960.0,1960.5,1960.0,1960.5,14
2026-09-15 14:01:00+05:30,1962.0,1962.0,1960.6500244140625,1960.6500244140625,604
2026-09-15 14:02:00+05:30,1961.5999755859375,1961.5999755859375,1960.5999755859375,1960.5999755859375,155
2026-09-15 14:03:00+05:30,1961.9000244140625,1961.9000244140625,1960.25,1960.550048828125,27
2026-09-15 14:04:00+05:30,1960.5999755859375,1961.699951171875,1960.550048828125,1961.699951171875,35
2026-09-15 14:05:00+05:30,1961.949951171875,1962.0,1960.8499755859375,1962.0,30
2026-09-15 14:06:00+05:30,1963.8499755859375,1963.8499755859375,1962.0,1962.0,90
2026-09-15 14:07:00+05:30,1962.0,1963.9000244140625,1962.0,1963.9000244140625,213
2026-09-15 14:08:00+05:30,1961.5,1961.800048828125,1960.1500244140625,1961.800048828125,43
2026-09-15 14:09:00+05:30,1959.75,1961.300048828125,1958.699951171875,1961.300048828125,97
2026-09-15 14:10:00+05:30,1958.4000244140625,1959.5999755859375,1958.4000244140625,1959.5999755859375,17
2026-09-15 14:11:00+05:30,1958.75,1959.25,1958.75,1959.25,4
2026-09-15 14:12:00+05:30,1958.8499755859375,1958.8499755859375,1957.0999755859375,1957.300048828125,104
2026-09-15 14:13:00+05:30,1958.5999755859375,1958.699951171875,1958.0,1958.699951171875,40
2026-09-15 14:14:00+05:30,1959.0,1959.0,1958.0,1958.5,128
2026-09-15 14:15:00+05:30,1957.0999755859375,1958.0,1957.0999755859375,1958.0,12
2026-09-15 14:16:00+05:30,1956.0999755859375,1956.0999755859375,1956.050048828125,1956.050048828125,12
2026-09-15 14:17:00+05:30,1956.6500244140625,1956.699951171875,1955.199951171875,1956.699951171875,44
2026-09-15 14:18:00+05:30,1956.6500244140625,1956.699951171875,1956.6500244140625,1956.6500244140625,319
2026-09-15 14:19:00+05:30,1955.199951171875,1955.75,1955.199951171875,1955.75,63
2026-09-15 14:20:00+05:30,1956.0,1957.4000244140625,1955.75,1955.75,336
2026-09-15 14:21:00+05:30,1957.5,1957.5,1957.25,1957.25,7
2026-09-15 14:22:00+05:30,1957.5,1957.5,1956.449951171875,1957.5,3
2026-09-15 14:23:00+05:30,1957.5,1957.5,1957.5,1957.5,90
2026-09-15 14:24:00+05:30,1961.0,1961.0,1959.0,1959.0,62
2026-09-15 14:25:00+05:30,1961.550048828125,1961.550048828125,1960.0999755859375,1961.5,14
2026-09-15 14:26:00+05:30,1960.6500244140625,1961.9000244140625,1960.6500244140625,1961.9000244140625,13
2026-09-15 14:27:00+05:30,1961.5,1962.0,1961.0,1961.0,31
2026-09-15 14:28:00+05:30,1960.6500244140625,1961.5,1960.6500244140625,1961.5,53
2026-09-15 14:29:00+05:30,1958.8499755859375,1961.300048828125,1958.8499755859375,1960.5,42
2026-09-15 14:30:00+05:30,1960.0,1960.0,1958.75,1958.75,17
2026-09-15 14:31:00+05:30,1958.1500244140625,1959.75,1958.1500244140625,1959.75,44
2026-09-15 14:32:00+05:30,1958.4000244140625,1959.75,1958.4000244140625,1959.75,16
2026-09-15 14:33:00+05:30,1958.449951171875,1959.9000244140625,1958.449951171875,1959.699951171875,460
2026-09-15 14:34:00+05:30,1957.25,1958.5,1957.25,1958.0,136
2026-09-15 14:35:00+05:30,1958.550048828125,1958.550048828125,1957.25,1957.25,40
2026-09-15 14:36:00+05:30,1957.5,1957.5999755859375,1957.449951171875,1957.5999755859375,27
2026-09-15 14:37:00+05:30,1957.0999755859375,1958.4000244140625,1956.1500244140625,1957.5,146
2026-09-15 14:38:00+05:30,1959.25,1959.4000244140625,1958.550048828125,1958.550048828125,79
2026-09-15 14:39:00+05:30,1959.9000244140625,1959.9000244140625,1959.25,1959.25,3
2026-09-15 14:40:00+05:30,1958.0,1958.1500244140625,1958.0,1958.1500244140625,5
2026-09-15 14:41:00+05:30,1958.0,1958.800048828125,1958.0,1958.800048828125,21
2026-09-15 14:43:00+05:30,1958.199951171875,1958.199951171875,1957.050048828125,1958.0,10
2026-09-15 14:45:00+05:30,1957.0,1958.0,1955.800048828125,1958.0,36
2026-09-15 14:46:00+05:30,1957.050048828125,1957.050048828125,1955.9000244140625,1955.9000244140625,7
2026-09-15 14:47:00+05:30,1954.75,1956.699951171875,1954.75,1956.699951171875,165
2026-09-15 14:48:00+05:30,1952.5,1954.25,1952.0,1954.0,170
2026-09-15 14:49:00+05:30,1952.4000244140625,1953.5,1952.199951171875,1952.199951171875,88
2026-09-15 14:50:00+05:30,1953.0,1953.8499755859375,1953.0,1953.8499755859375,14
2026-09-15 14:51:00+05:30,1955.199951171875,1955.199951171875,1953.0999755859375,1953.0999755859375,5
2026-09-15 14:52:00+05:30,1955.199951171875,1955.199951171875,1955.199951171875,1955.199951171875,50
2026-09-15 14:53:00+05:30,1954.6500244140625,1955.0,1953.3499755859375,1955.0,12
2026-09-15 14:54:00+05:30,1953.3499755859375,1954.6500244140625,1953.3499755859375,1954.6500244140625,18
2026-09-15 14:55:00+05:30,1953.199951171875,1953.300048828125,1951.949951171875,1953.300048828125,8
2026-09-15 14:56:00+05:30,1954.0,1954.0,1952.550048828125,1953.300048828125,78
2026-09-15 14:57:00+05:30,1953.3499755859375,1953.8499755859375,1952.25,1953.8499755859375,59
2026-09-15 14:58:00+05:30,1953.25,1953.25,1951.800048828125,1953.25,533
2026-09-15 14:59:00+05:30,1952.550048828125,1953.800048828125,1952.550048828125,1953.0,15
2026-09-15 15:00:00+05:30,1952.0,1953.300048828125,1951.550048828125,1952.5,360
2026-09-15 15:01:00+05:30,1952.3499755859375,1952.8499755859375,1951.050048828125,1952.8499755859375,168
2026-09-15 15:02:00+05:30,1952.1500244140625,1952.300048828125,1952.1500244140625,1952.300048828125,16
2026-09-15 15:03:00+05:30,1953.449951171875,1953.6500244140625,1952.300048828125,1952.300048828125,223
2026-09-15 15:04:00+05:30,1953.449951171875,1953.449951171875,1953.199951171875,1953.449951171875,35
2026-09-15 15:05:00+05:30,1953.5999755859375,1955.0,1953.1500244140625,1954.5,178
2026-09-15 15:06:00+05:30,1955.0,1955.0,1953.9000244140625,1953.9000244140625,40
2026-09-15 15:07:00+05:30,1952.800048828125,1954.3499755859375,1952.449951171875,1954.25,92
2026-09-15 15:08:00+05:30,1952.75,1954.1500244140625,1952.550048828125,1952.800048828125,186
2026-09-15 15:09:00+05:30,1954.449951171875,1954.449951171875,1953.0,1953.800048828125,98
2026-09-15 15:10:00+05:30,1953.5,1954.6500244140625,1952.800048828125,1952.800048828125,166
2026-09-15 15:11:00+05:30,1954.449951171875,1954.449951171875,1952.75,1952.75,100
2026-09-15 15:12:00+05:30,1949.699951171875,1954.949951171875,1949.699951171875,1954.949951171875,100258
2026-09-15 15:13:00+05:30,1949.0,1951.5,1948.0,1949.0999755859375,97
2026-09-15 15:14:00+05:30,1947.0,1949.0,1947.0,1949.0,74
2026-09-15 15:29:00+05:30,1940.0,1940.0,1940.0,1940.0,627
2026-09-16 09:15:00+05:30,1959.300048828125,1960.0,1946.1500244140625,1949.699951171875,1297
2026-09-16 09:16:00+05:30,1966.0,1969.550048828125,1959.300048828125,1960.3499755859375,4727
2026-09-16 09:17:00+05:30,1962.0,1966.0,1960.1500244140625,1966.0,171
2026-09-16 09:18:00+05:30,1961.800048828125,1964.8499755859375,1961.3499755859375,1961.3499755859375,566
2026-09-16 09:19:00+05:30,1960.5,1962.449951171875,1960.0,1962.0,1058
2026-09-16 09:20:00+05:30,1960.0,1963.3499755859375,1960.0,1961.0,137
2026-09-16 09:21:00+05:30,1960.4000244140625,1961.3499755859375,1960.050048828125,1960.800048828125,70
2026-09-16 09:22:00+05:30,1963.9000244140625,1963.9000244140625,1958.8499755859375,1961.300048828125,399
2026-09-16 09:23:00+05:30,1966.0,1967.0,1963.6500244140625,1964.199951171875,563
2026-09-16 09:24:00+05:30,1963.6500244140625,1966.4000244140625,1962.5,1966.4000244140625,3301
2026-09-16 09:25:00+05:30,1967.75,1967.949951171875,1965.1500244140625,1965.1500244140625,748
2026-09-16 09:26:00+05:30,1966.050048828125,1967.449951171875,1965.25,1967.449951171875,221
2026-09-16 09:27:00+05:30,1962.949951171875,1966.5,1961.6500244140625,1966.5,84
2026-09-16 09:28:00+05:30,1956.949951171875,1962.75,1956.949951171875,1962.75,167
2026-09-16 09:29:00+05:30,1956.300048828125,1956.9000244140625,1955.449951171875,1955.449951171875,37
2026-09-16 09:30:00+05:30,1955.199951171875,1955.550048828125,1954.5,1955.449951171875,130
2026-09-16 09:31:00+05:30,1956.25,1957.0999755859375,1955.6500244140625,1955.6500244140625,207
2026-09-16 09:32:00+05:30,1956.449951171875,1956.449951171875,1956.0,1956.1500244140625,24
2026-09-16 09:33:00+05:30,1957.0,1957.800048828125,1956.199951171875,1956.699951171875,333
2026-09-16 09:34:00+05:30,1958.550048828125,1958.550048828125,1957.0,1957.0,97
2026-09-16 09:35:00+05:30,1955.1500244140625,1958.300048828125,1955.1500244140625,1957.9000244140625,65
2026-09-16 09:36:00+05:30,1955.0,1956.3499755859375,1953.800048828125,1955.6500244140625,349
2026-09-16 09:37:00+05:30,1961.0999755859375,1964.0999755859375,1956.3499755859375,1956.3499755859375,444
2026-09-16 09:38:00+05:30,1961.5999755859375,1962.0,1961.050048828125,1961.550048828125,110
2026-09-16 09:39:00+05:30,1962.449951171875,1962.449951171875,1961.3499755859375,1962.0,93
2026-09-16 09:40:00+05:30,1958.050048828125,1960.9000244140625,1958.050048828125,1960.800048828125,294
2026-09-16 09:41:00+05:30,1957.5,1959.0999755859375,1957.300048828125,1958.5,278
2026-09-16 09:42:00+05:30,1956.8499755859375,1958.3499755859375,1956.5999755859375,1956.5999755859375,105
2026-09-16 09:43:00+05:30,1956.199951171875,1958.1500244140625,1955.050048828125,1958.1500244140625,420
2026-09-16 09:44:00+05:30,1955.550048828125,1956.25,1955.550048828125,1956.25,32
2026-09-16 09:45:00+05:30,1956.550048828125,1957.0999755859375,1954.4000244140625,1955.5,396
2026-09-16 09:46:00+05:30,1959.300048828125,1960.0,1956.0999755859375,1957.5999755859375,333
2026-09-16 09:47:00+05:30,1957.550048828125,1959.800048828125,1957.550048828125,1958.949951171875,70
2026-09-16 09:48:00+05:30,1961.0,1961.0,1955.550048828125,1957.800048828125,549
2026-09-16 09:49:00+05:30,1961.550048828125,1962.0,1960.449951171875,1960.949951171875,192
2026-09-16 09:50:00+05:30,1961.550048828125,1962.550048828125,1960.4000244140625,1961.3499755859375,713
2026-09-16 09:51:00+05:30,1961.5,1961.550048828125,1960.8499755859375,1961.300048828125,35
2026-09-16 09:52:00+05:30,1962.949951171875,1964.050048828125,1961.5,1961.5,160
2026-09-16 09:53:00+05:30,1963.1500244140625,1963.75,1962.0,1963.75,347
2026-09-16 09:54:00+05:30,1964.0,1964.050048828125,1962.5,1962.5,110
2026-09-16 09:55:00+05:30,1962.300048828125,1964.0,1962.300048828125,1963.050048828125,133
2026-09-16 09:56:00+05:30,1962.0,1963.699951171875,1962.0,1963.0,256
2026-09-16 09:57:00+05:30,1960.0999755859375,1962.25,1960.0,1961.9000244140625,204
2026-09-16 09:58:00+05:30,1958.550048828125,1960.050048828125,1958.550048828125,1959.300048828125,40
2026-09-16 09:59:00+05:30,1960.8499755859375,1960.8499755859375,1958.6500244140625,1959.8499755859375,15
2026-09-16 10:00:00+05:30,1959.25,1960.4000244140625,1959.25,1960.4000244140625,11
2026-09-16 10:01:00+05:30,1958.6500244140625,1960.8499755859375,1958.6500244140625,1959.949951171875,271
2026-09-16 10:02:00+05:30,1957.050048828125,1958.5999755859375,1957.050048828125,1958.550048828125,28
2026-09-16 10:03:00+05:30,1958.75,1959.050048828125,1958.199951171875,1958.3499755859375,52
2026-09-16 10:04:00+05:30,1957.9000244140625,1958.699951171875,1957.0,1957.5,154
2026-09-16 10:05:00+05:30,1955.0,1957.0,1955.0,1957.0,117
2026-09-16 10:06:00+05:30,1956.4000244140625,1957.0,1952.75,1952.75,306
2026-09-16 10:07:00+05:30,1955.8499755859375,1956.5,1955.8499755859375,1956.25,53
2026-09-16 10:08:00+05:30,1953.0,1956.050048828125,1953.0,1955.25,222
2026-09-16 10:09:00+05:30,1953.0,1953.0,1953.0,1953.0,5
2026-09-16 10:10:00+05:30,1951.949951171875,1952.949951171875,1951.25,1952.0,118
2026-09-16 10:11:00+05:30,1952.1500244140625,1952.1500244140625,1950.0999755859375,1951.0,115
2026-09-16 10:12:00+05:30,1953.050048828125,1953.050048828125,1952.4000244140625,1953.0,50
2026-09-16 10:13:00+05:30,1950.550048828125,1952.0999755859375,1950.25,1952.0999755859375,81
2026-09-16 10:14:00+05:30,1951.550048828125,1952.0999755859375,1950.5,1951.4000244140625,65
2026-09-16 10:15:00+05:30,1950.0999755859375,1951.4000244140625,1950.0999755859375,1951.4000244140625,35
2026-09-16 10:16:00+05:30,1951.300048828125,1951.3499755859375,1950.3499755859375,1950.3499755859375,6
2026-09-16 10:17:00+05:30,1952.1500244140625,1952.1500244140625,1950.699951171875,1951.4000244140625,78
2026-09-16 10:18:00+05:30,1952.0,1952.0,1951.5999755859375,1951.5999755859375,23
2026-09-16 10:19:00+05:30,1948.800048828125,1951.4000244140625,1948.800048828125,1951.4000244140625,241
2026-09-16 10:20:00+05:30,1951.0,1951.0,1949.5,1949.5,10
2026-09-16 10:21:00+05:30,1949.9000244140625,1952.3499755859375,1949.9000244140625,1951.0,384
2026-09-16 10:22:00+05:30,1951.5999755859375,1951.8499755859375,1950.9000244140625,1951.5999755859375,48
2026-09-16 10:23:00+05:30,1956.3499755859375,1956.3499755859375,1950.75,1951.550048828125,110
2026-09-16 10:24:00+05:30,1954.800048828125,1955.5,1953.9000244140625,1955.0999755859375,247
2026-09-16 10:25:00+05:30,1952.25,1954.5,1952.25,1954.0,28
2026-09-16 10:26:00+05:30,1954.0999755859375,1954.0999755859375,1952.9000244140625,1953.550048828125,19
2026-09-16 10:27:00+05:30,1954.300048828125,1954.300048828125,1953.0,1953.0,101
2026-09-16 10:28:00+05:30,1953.6500244140625,1954.300048828125,1953.6500244140625,1954.300048828125,13
2026-09-16 10:29:00+05:30,1953.6500244140625,1954.199951171875,1953.6500244140625,1953.6500244140625,42
2026-09-16 10:30:00+05:30,1953.4000244140625,1954.0999755859375,1953.4000244140625,1953.5999755859375,30
2026-09-16 10:31:00+05:30,1952.8499755859375,1953.0,1952.8499755859375,1953.0,2
2026-09-16 10:32:00+05:30,1953.0,1953.4000244140625,1952.449951171875,1953.0999755859375,370
2026-09-16 10:33:00+05:30,1953.550048828125,1953.550048828125,1952.5,1953.0,687
2026-09-16 10:34:00+05:30,1952.699951171875,1952.800048828125,1952.699951171875,1952.800048828125,433
2026-09-16 10:35:00+05:30,1953.5,1953.5,1952.25,1952.25,30
2026-09-16 10:37:00+05:30,1952.8499755859375,1953.0,1952.8499755859375,1953.0,16
2026-09-16 10:38:00+05:30,1953.300048828125,1953.8499755859375,1952.9000244140625,1952.9000244140625,8
2026-09-16 10:39:00+05:30,1953.1500244140625,1953.300048828125,1952.300048828125,1953.199951171875,49
2026-09-16 10:40:00+05:30,1953.5,1953.5,1952.5,1952.5,57
2026-09-16 10:41:00+05:30,1954.8499755859375,1954.8499755859375,1953.449951171875,1953.449951171875,105
2026-09-16 10:42:00+05:30,1954.949951171875,1954.949951171875,1954.949951171875,1954.949951171875,24
2026-09-16 10:43:00+05:30,1953.550048828125,1954.949951171875,1953.550048828125,1954.949951171875,15
2026-09-16 10:44:00+05:30,1953.5,1954.6500244140625,1953.5,1954.6500244140625,32
2026-09-16 10:45:00+05:30,1953.699951171875,1953.699951171875,1953.5,1953.5,26
2026-09-16 10:46:00+05:30,1953.449951171875,1953.449951171875,1953.0,1953.0,56
2026-09-16 10:47:00+05:30,1953.5,1953.800048828125,1952.1500244140625,1953.800048828125,143
2026-09-16 10:48:00+05:30,1954.949951171875,1954.949951171875,1953.449951171875,1954.699951171875,64
2026-09-16 10:49:00+05:30,1956.5,1956.800048828125,1953.699951171875,1953.949951171875,154
2026-09-16 10:50:00+05:30,1957.199951171875,1957.4000244140625,1956.699951171875,1956.699951171875,78
2026-09-16 10:51:00+05:30,1957.1500244140625,1957.1500244140625,1956.5999755859375,1957.0,202
2026-09-16 10:52:00+05:30,1957.1500244140625,1957.699951171875,1957.1500244140625,1957.199951171875,20
2026-09-16 10:53:00+05:30,1956.699951171875,1956.800048828125,1956.0,1956.0,14
2026-09-16 10:54:00+05:30,1956.800048828125,1956.800048828125,1956.4000244140625,1956.4000244140625,110
2026-09-16 10:55:00+05:30,1956.1500244140625,1956.1500244140625,1955.0,1955.050048828125,361
2026-09-16 10:56:00+05:30,1956.800048828125,1956.800048828125,1955.5999755859375,1955.5999755859375,121
2026-09-16 10:57:00+05:30,1957.5,1958.699951171875,1957.5,1958.0,63
2026-09-16 10:58:00+05:30,1958.5,1958.8499755859375,1957.4000244140625,1957.6500244140625,57
2026-09-16 10:59:00+05:30,1958.0,1958.3499755859375,1957.1500244140625,1957.550048828125,17
2026-09-16 11:00:00+05:30,1965.5999755859375,1965.5999755859375,1958.3499755859375,1958.3499755859375,1533
2026-09-16 11:01:00+05:30,1966.75,1967.0,1964.75,1965.0,589
2026-09-16 11:02:00+05:30,1966.3499755859375,1966.699951171875,1965.0,1965.0,521
2026-09-16 11:03:00+05:30,1968.3499755859375,1968.3499755859375,1965.050048828125,1965.949951171875,492
2026-09-16 11:04:00+05:30,1971.050048828125,1972.3499755859375,1967.300048828125,1967.5,1279
2026-09-16 11:05:00+05:30,1970.0999755859375,1970.800048828125,1968.75,1970.25,759
2026-09-16 11:06:00+05:30,1970.9000244140625,1973.25,1970.550048828125,1970.550048828125,685
2026-09-16 11:07:00+05:30,1970.949951171875,1972.0999755859375,1970.949951171875,1972.0999755859375,114
2026-09-16 11:08:00+05:30,1971.699951171875,1971.699951171875,1970.0,1971.0,1509
2026-09-16 11:09:00+05:30,1970.0,1970.9000244140625,1969.25,1970.9000244140625,65
2026-09-16 11:10:00+05:30,1971.699951171875,1971.949951171875,1970.4000244140625,1970.4000244140625,154
2026-09-16 11:11:00+05:30,1969.699951171875,1972.0,1969.699951171875,1971.0,136
2026-09-16 11:12:00+05:30,1970.4000244140625,1970.4000244140625,1969.3499755859375,1969.699951171875,188
2026-09-16 11:13:00+05:30,1970.75,1971.0,1970.4000244140625,1970.4000244140625,28
2026-09-16 11:14:00+05:30,1971.0,1971.0,1968.699951171875,1969.6500244140625,131
2026-09-16 11:15:00+05:30,1972.4000244140625,1972.5999755859375,1970.050048828125,1972.0,200
2026-09-16 11:16:00+05:30,1973.5999755859375,1973.5999755859375,1972.4000244140625,1972.4000244140625,66
2026-09-16 11:17:00+05:30,1972.4000244140625,1973.0,1971.6500244140625,1973.0,561
2026-09-16 11:18:00+05:30,1973.0,1973.199951171875,1972.4000244140625,1972.4000244140625,621
2026-09-16 11:19:00+05:30,1973.050048828125,1973.5999755859375,1973.0,1973.0,112
2026-09-16 11:20:00+05:30,1973.9000244140625,1973.9000244140625,1973.050048828125,1973.050048828125,71
2026-09-16 11:21:00+05:30,1972.3499755859375,1973.9000244140625,1972.0999755859375,1973.9000244140625,287
2026-09-16 11:22:00+05:30,1971.6500244140625,1974.800048828125,1971.6500244140625,1974.0,254
2026-09-16 11:23:00+05:30,1972.199951171875,1973.199951171875,1972.199951171875,1973.0999755859375,90
2026-09-16 11:24:00+05:30,1972.949951171875,1972.949951171875,1971.699951171875,1972.949951171875,155
2026-09-16 11:25:00+05:30,1972.5,1973.0,1971.9000244140625,1972.050048828125,36
2026-09-16 11:26:00+05:30,1970.0999755859375,1972.5,1970.0999755859375,1972.5,44
2026-09-16 11:27:00+05:30,1971.0,1971.0,1969.6500244140625,1970.0,237
2026-09-16 11:28:00+05:30,1972.550048828125,1972.550048828125,1970.5,1971.0,265
2026-09-16 11:29:00+05:30,1973.0,1973.0,1972.0,1972.0,41
2026-09-16 11:30:00+05:30,1973.0,1973.699951171875,1972.949951171875,1973.0,179
2026-09-16 11:31:00+05:30,1973.449951171875,1973.449951171875,1972.949951171875,1973.0,93
2026-09-16 11:32:00+05:30,1972.75,1972.75,1972.0,1972.75,86
2026-09-16 11:33:00+05:30,1971.0,1972.050048828125,1970.550048828125,1972.050048828125,23
2026-09-16 11:34:00+05:30,1971.300048828125,1971.699951171875,1971.300048828125,1971.699951171875,104
2026-09-16 11:35:00+05:30,1971.699951171875,1971.75,1971.300048828125,1971.75,457
2026-09-16 11:36:00+05:30,1971.0,1971.0,1971.0,1971.0,105
2026-09-16 11:37:00+05:30,1970.199951171875,1971.0,1970.199951171875,1971.0,40
2026-09-16 11:38:00+05:30,1971.449951171875,1971.6500244140625,1970.0,1970.0,144
2026-09-16 11:39:00+05:30,1975.5,1975.6500244140625,1970.4000244140625,1970.4000244140625,2520
2026-09-16 11:40:00+05:30,1973.9000244140625,1974.949951171875,1973.3499755859375,1973.3499755859375,137
2026-09-16 11:41:00+05:30,1975.0,1975.0,1974.199951171875,1974.199951171875,119
2026-09-16 11:42:00+05:30,1974.949951171875,1975.199951171875,1973.8499755859375,1973.8499755859375,221
2026-09-16 11:43:00+05:30,1974.949951171875,1974.949951171875,1974.1500244140625,1974.1500244140625,129
2026-09-16 11:44:00+05:30,1974.1500244140625,1974.949951171875,1974.1500244140625,1974.949951171875,36
2026-09-16 11:45:00+05:30,1973.199951171875,1974.75,1972.1500244140625,1974.75,31
2026-09-16 11:46:00+05:30,1972.300048828125,1973.449951171875,1972.050048828125,1972.300048828125,30
2026-09-16 11:47:00+05:30,1972.949951171875,1972.949951171875,1972.5999755859375,1972.5999755859375,43
2026-09-16 11:48:00+05:30,1972.0,1972.4000244140625,1972.0,1972.4000244140625,8
2026-09-16 11:49:00+05:30,1972.8499755859375,1972.8499755859375,1972.4000244140625,1972.4000244140625,14
2026-09-16 11:50:00+05:30,1972.449951171875,1974.0,1972.449951171875,1972.8499755859375,73
2026-09-16 11:51:00+05:30,1973.949951171875,1973.949951171875,1972.449951171875,1972.449951171875,94
2026-09-16 11:52:00+05:30,1973.0,1973.0,1973.0,1973.0,2
2026-09-16 11:53:00+05:30,1972.4000244140625,1973.0,1972.4000244140625,1973.0,65
2026-09-16 11:54:00+05:30,1972.199951171875,1972.199951171875,1972.199951171875,1972.199951171875,7
2026-09-16 11:55:00+05:30,1972.0,1972.8499755859375,1972.0,1972.8499755859375,113
2026-09-16 11:56:00+05:30,1971.550048828125,1972.5999755859375,1970.949951171875,1972.5999755859375,109
2026-09-16 11:57:00+05:30,1973.9000244140625,1973.9000244140625,1972.75,1973.0,234
2026-09-16 11:58:00+05:30,1973.6500244140625,1973.6500244140625,1973.550048828125,1973.550048828125,15
2026-09-16 11:59:00+05:30,1973.0999755859375,1973.0999755859375,1972.050048828125,1972.050048828125,220
2026-09-16 12:00:00+05:30,1972.800048828125,1973.050048828125,1972.800048828125,1973.050048828125,131
2026-09-16 12:01:00+05:30,1972.800048828125,1972.800048828125,1972.5999755859375,1972.75,78
2026-09-16 12:02:00+05:30,1972.0,1972.0,1972.0,1972.0,50
2026-09-16 12:03:00+05:30,1974.0,1974.0,1972.0,1972.8499755859375,6126
2026-09-16 12:04:00+05:30,1974.9000244140625,1975.0,1974.0,1974.0,10048
2026-09-16 12:05:00+05:30,1975.0,1975.0,1975.0,1975.0,4297
2026-09-16 12:06:00+05:30,1974.8499755859375,1975.0,1973.699951171875,1975.0,6961
2026-09-16 12:07:00+05:30,1974.6500244140625,1974.699951171875,1973.75,1973.75,52
2026-09-16 12:08:00+05:30,1973.5999755859375,1974.3499755859375,1973.5999755859375,1974.3499755859375,38
2026-09-16 12:09:00+05:30,1973.5999755859375,1974.0,1973.25,1974.0,90
2026-09-16 12:10:00+05:30,1974.0,1974.0,1973.050048828125,1973.5999755859375,73
2026-09-16 12:11:00+05:30,1973.0,1973.449951171875,1973.0,1973.449951171875,6
2026-09-16 12:12:00+05:30,1973.1500244140625,1973.699951171875,1973.0,1973.0,14
2026-09-16 12:13:00+05:30,1973.0999755859375,1973.1500244140625,1973.0999755859375,1973.1500244140625,9
2026-09-16 12:14:00+05:30,1973.300048828125,1974.0,1973.300048828125,1973.5,48
2026-09-16 12:15:00+05:30,1973.0,1973.0,1973.0,1973.0,16
2026-09-16 12:16:00+05:30,1975.5,1975.5999755859375,1973.0,1973.0,444
2026-09-16 12:17:00+05:30,1974.050048828125,1975.1500244140625,1973.300048828125,1975.1500244140625,86
2026-09-16 12:18:00+05:30,1974.050048828125,1974.5999755859375,1974.050048828125,1974.5999755859375,47
2026-09-16 12:19:00+05:30,1974.5999755859375,1974.5999755859375,1974.0,1974.5,67
2026-09-16 12:20:00+05:30,1973.1500244140625,1974.550048828125,1973.1500244140625,1974.050048828125,97
2026-09-16 12:21:00+05:30,1974.5999755859375,1974.5999755859375,1973.449951171875,1973.449951171875,127
2026-09-16 12:22:00+05:30,1975.0999755859375,1975.0999755859375,1975.0,1975.0,202
2026-09-16 12:23:00+05:30,1976.6500244140625,1976.6500244140625,1975.25,1976.0,97
2026-09-16 12:24:00+05:30,1976.9000244140625,1976.9000244140625,1975.9000244140625,1976.0,67
2026-09-16 12:25:00+05:30,1976.75,1976.75,1975.800048828125,1975.800048828125,23
2026-09-16 12:26:00+05:30,1976.3499755859375,1976.3499755859375,1975.800048828125,1975.800048828125,68
2026-09-16 12:27:00+05:30,1973.0,1975.0,1973.0,1975.0,591
2026-09-16 12:28:00+05:30,1972.0,1972.5,1972.0,1972.0,70
2026-09-16 12:29:00+05:30,1972.949951171875,1974.0999755859375,1972.949951171875,1974.0999755859375,67
2026-09-16 12:30:00+05:30,1973.1500244140625,1974.5,1972.949951171875,1973.8499755859375,40
2026-09-16 12:31:00+05:30,1973.0,1974.1500244140625,1973.0,1973.1500244140625,332
2026-09-16 12:32:00+05:30,1972.9000244140625,1973.8499755859375,1972.9000244140625,1973.8499755859375,13
2026-09-16 12:33:00+05:30,1974.199951171875,1975.199951171875,1973.699951171875,1973.699951171875,714
2026-09-16 12:34:00+05:30,1974.25,1975.199951171875,1974.25,1975.199951171875,5
2026-09-16 12:35:00+05:30,1975.0,1975.0,1974.0999755859375,1974.0999755859375,78
2026-09-16 12:36:00+05:30,1974.5999755859375,1975.1500244140625,1974.5999755859375,1975.1500244140625,27
2026-09-16 12:37:00+05:30,1975.550048828125,1975.550048828125,1975.5,1975.550048828125,28
2026-09-16 12:38:00+05:30,1976.0,1976.0,1975.550048828125,1975.550048828125,18
2026-09-16 12:39:00+05:30,1975.5999755859375,1976.0,1975.5999755859375,1976.0,3
2026-09-16 12:40:00+05:30,1974.6500244140625,1975.949951171875,1974.6500244140625,1975.949951171875,58
2026-09-16 12:41:00+05:30,1975.0,1975.449951171875,1975.0,1975.449951171875,75
2026-09-16 12:42:00+05:30,1974.5,1975.4000244140625,1974.5,1975.0,57
2026-09-16 12:43:00+05:30,1974.3499755859375,1975.0,1974.3499755859375,1975.0,46
2026-09-16 12:44:00+05:30,1974.3499755859375,1975.050048828125,1974.300048828125,1974.300048828125,56
2026-09-16 12:45:00+05:30,1972.8499755859375,1974.0,1972.8499755859375,1974.0,15
2026-09-16 12:46:00+05:30,1972.1500244140625,1972.800048828125,1972.1500244140625,1972.800048828125,103
2026-09-16 12:48:00+05:30,1970.449951171875,1972.9000244140625,1970.449951171875,1972.9000244140625,1487
2026-09-16 12:49:00+05:30,1972.300048828125,1972.300048828125,1971.0,1972.0,266
2026-09-16 12:50:00+05:30,1971.199951171875,1971.199951171875,1971.199951171875,1971.199951171875,1
2026-09-16 12:51:00+05:30,1972.300048828125,1972.300048828125,1971.199951171875,1971.199951171875,45
2026-09-16 12:52:00+05:30,1972.0999755859375,1972.300048828125,1971.3499755859375,1972.300048828125,38
2026-09-16 12:53:00+05:30,1971.3499755859375,1971.3499755859375,1971.3499755859375,1971.3499755859375,20
2026-09-16 12:54:00+05:30,1972.0,1972.699951171875,1972.0,1972.1500244140625,73
2026-09-16 12:56:00+05:30,1972.199951171875,1972.75,1972.0,1972.75,38
2026-09-16 12:57:00+05:30,1970.0,1971.699951171875,1970.0,1971.699951171875,363
2026-09-16 12:58:00+05:30,1970.050048828125,1970.1500244140625,1970.0,1970.0,159
2026-09-16 12:59:00+05:30,1970.800048828125,1970.800048828125,1970.800048828125,1970.800048828125,15
2026-09-16 13:00:00+05:30,1970.800048828125,1970.800048828125,1970.800048828125,1970.800048828125,2
2026-09-16 13:01:00+05:30,1970.800048828125,1970.800048828125,1970.800048828125,1970.800048828125,7
2026-09-16 13:02:00+05:30,1970.25,1970.25,1970.25,1970.25,2
2026-09-16 13:04:00+05:30,1970.25,1970.800048828125,1970.25,1970.800048828125,11
2026-09-16 13:05:00+05:30,1970.300048828125,1971.0,1970.300048828125,1971.0,6
2026-09-16 13:06:00+05:30,1971.0,1971.0,1971.0,1971.0,6
2026-09-16 13:07:00+05:30,1975.0,1975.0,1972.0,1972.0,6
2026-09-16 13:08:00+05:30,1975.3499755859375,1975.3499755859375,1973.699951171875,1973.699951171875,633
2026-09-16 13:09:00+05:30,1975.75,1975.75,1974.5999755859375,1975.300048828125,26
2026-09-16 13:10:00+05:30,1975.0,1975.0,1975.0,1975.0,10
2026-09-16 13:11:00+05:30,1974.0999755859375,1975.1500244140625,1974.0999755859375,1975.1500244140625,35
2026-09-16 13:12:00+05:30,1973.5999755859375,1974.050048828125,1972.5999755859375,1972.5999755859375,57
2026-09-16 13:13:00+05:30,1973.0,1973.0,1972.0,1972.800048828125,27
2026-09-16 13:15:00+05:30,1971.0,1972.0,1970.5,1972.0,82
2026-09-16 13:16:00+05:30,1970.949951171875,1970.949951171875,1970.0999755859375,1970.0999755859375,11
2026-09-16 13:17:00+05:30,1971.300048828125,1971.300048828125,1970.5999755859375,1970.949951171875,103
2026-09-16 13:18:00+05:30,1971.550048828125,1971.550048828125,1971.550048828125,1971.550048828125,10
2026-09-16 13:19:00+05:30,1971.9000244140625,1972.0,1971.9000244140625,1972.0,34
2026-09-16 13:20:00+05:30,1972.300048828125,1972.300048828125,1971.199951171875,1971.25,31
2026-09-16 13:21:00+05:30,1972.699951171875,1972.800048828125,1971.199951171875,1971.199951171875,26
2026-09-16 13:23:00+05:30,1972.300048828125,1972.300048828125,1972.300048828125,1972.300048828125,4
2026-09-16 13:24:00+05:30,1970.1500244140625,1971.0,1970.0999755859375,1971.0,163
2026-09-16 13:25:00+05:30,1970.8499755859375,1971.0,1970.1500244140625,1970.949951171875,70
2026-09-16 13:26:00+05:30,1970.1500244140625,1970.5,1970.1500244140625,1970.1500244140625,54
2026-09-16 13:27:00+05:30,1970.1500244140625,1970.199951171875,1970.1500244140625,1970.199951171875,16
2026-09-16 13:28:00+05:30,1970.0,1970.1500244140625,1970.0,1970.1500244140625,51
2026-09-16 13:29:00+05:30,1970.1500244140625,1970.1500244140625,1969.1500244140625,1969.1500244140625,187
2026-09-16 13:30:00+05:30,1969.300048828125,1970.0999755859375,1969.300048828125,1969.9000244140625,4
2026-09-16 13:31:00+05:30,1970.0999755859375,1970.949951171875,1970.0999755859375,1970.0999755859375,59
2026-09-16 13:32:00+05:30,1970.4000244140625,1970.4000244140625,1969.550048828125,1969.75,30
2026-09-16 13:33:00+05:30,1969.3499755859375,1970.25,1969.0,1970.25,23
2026-09-16 13:34:00+05:30,1970.4000244140625,1970.4000244140625,1969.5,1969.5,5
2026-09-16 13:36:00+05:30,1970.4000244140625,1970.4000244140625,1969.5999755859375,1970.4000244140625,21
2026-09-16 13:37:00+05:30,1970.1500244140625,1970.1500244140625,1970.1500244140625,1970.1500244140625,5
2026-09-16 13:38:00+05:30,1969.5,1969.5,1969.5,1969.5,2
2026-09-16 13:39:00+05:30,1968.800048828125,1969.5,1967.4000244140625,1969.5,731
2026-09-16 13:40:00+05:30,1968.1500244140625,1968.1500244140625,1968.1500244140625,1968.1500244140625,5
2026-09-16 13:41:00+05:30,1967.6500244140625,1967.6500244140625,1967.6500244140625,1967.6500244140625,3
2026-09-16 13:42:00+05:30,1966.199951171875,1967.0,1966.199951171875,1967.0,109
2026-09-16 13:43:00+05:30,1966.1500244140625,1966.1500244140625,1965.300048828125,1965.300048828125,31
2026-09-16 13:44:00+05:30,1965.8499755859375,1965.8499755859375,1965.25,1965.25,13
2026-09-16 13:45:00+05:30,1966.25,1966.25,1965.1500244140625,1965.1500244140625,70
2026-09-16 13:46:00+05:30,1967.050048828125,1967.050048828125,1965.9000244140625,1965.9000244140625,26
2026-09-16 13:47:00+05:30,1966.5,1966.5,1966.5,1966.5,2
2026-09-16 13:48:00+05:30,1965.25,1966.4000244140625,1965.25,1966.0,13
2026-09-16 13:49:00+05:30,1965.949951171875,1966.949951171875,1965.949951171875,1966.949951171875,3
2026-09-16 13:50:00+05:30,1966.75,1966.75,1966.75,1966.75,4
2026-09-16 13:51:00+05:30,1966.699951171875,1966.699951171875,1966.699951171875,1966.699951171875,1
2026-09-16 13:52:00+05:30,1966.75,1966.75,1966.75,1966.75,29
2026-09-16 13:54:00+05:30,1967.949951171875,1967.949951171875,1966.949951171875,1967.800048828125,30
2026-09-16 13:55:00+05:30,1967.75,1967.8499755859375,1967.75,1967.8499755859375,13
2026-09-16 13:56:00+05:30,1967.050048828125,1967.699951171875,1965.6500244140625,1967.699951171875,512
2026-09-16 13:57:00+05:30,1967.050048828125,1967.050048828125,1967.050048828125,1967.050048828125,1
2026-09-16 13:58:00+05:30,1965.8499755859375,1967.25,1965.8499755859375,1966.300048828125,52
2026-09-16 13:59:00+05:30,1967.050048828125,1967.050048828125,1967.050048828125,1967.050048828125,1
2026-09-16 14:00:00+05:30,1967.449951171875,1967.449951171875,1966.3499755859375,1967.0,20
2026-09-16 14:01:00+05:30,1967.949951171875,1967.949951171875,1966.75,1967.5,55
2026-09-16 14:02:00+05:30,1968.199951171875,1968.550048828125,1968.199951171875,1968.550048828125,14
2026-09-16 14:03:00+05:30,1970.0,1970.0,1968.0999755859375,1968.0999755859375,335
2026-09-16 14:04:00+05:30,1969.0,1969.3499755859375,1967.800048828125,1969.3499755859375,230
2026-09-16 14:05:00+05:30,1967.75,1967.75,1967.0999755859375,1967.0999755859375,4
2026-09-16 14:06:00+05:30,1967.800048828125,1968.75,1967.300048828125,1968.75,31
2026-09-16 14:07:00+05:30,1966.550048828125,1967.699951171875,1966.550048828125,1967.699951171875,136
2026-09-16 14:08:00+05:30,1966.5,1966.5,1966.5,1966.5,34
2026-09-16 14:09:00+05:30,1966.800048828125,1966.800048828125,1966.5,1966.800048828125,31
2026-09-16 14:10:00+05:30,1966.800048828125,1966.9000244140625,1966.800048828125,1966.9000244140625,2
2026-09-16 14:11:00+05:30,1967.4000244140625,1967.4000244140625,1966.699951171875,1966.800048828125,9
2026-09-16 14:12:00+05:30,1966.0,1966.699951171875,1966.0,1966.4000244140625,62
2026-09-16 14:13:00+05:30,1966.050048828125,1966.050048828125,1966.050048828125,1966.050048828125,1
2026-09-16 14:14:00+05:30,1966.9000244140625,1966.9000244140625,1966.0,1966.0,114
2026-09-16 14:15:00+05:30,1966.9000244140625,1966.9000244140625,1966.5999755859375,1966.5999755859375,4
2026-09-16 14:16:00+05:30,1966.5,1966.5,1966.5,1966.5,2
2026-09-16 14:17:00+05:30,1966.5,1966.5,1966.0,1966.0,18
2026-09-16 14:18:00+05:30,1966.949951171875,1966.949951171875,1966.5999755859375,1966.5999755859375,18
2026-09-16 14:19:00+05:30,1965.75,1967.300048828125,1965.75,1967.300048828125,209
2026-09-16 14:21:00+05:30,1966.050048828125,1966.5999755859375,1966.050048828125,1966.050048828125,8
2026-09-16 14:22:00+05:30,1966.0,1966.050048828125,1966.0,1966.050048828125,2
2026-09-16 14:23:00+05:30,1965.5999755859375,1966.050048828125,1965.5999755859375,1966.050048828125,26
2026-09-16 14:24:00+05:30,1966.949951171875,1966.949951171875,1965.5999755859375,1965.5999755859375,88
2026-09-16 14:25:00+05:30,1966.0999755859375,1966.0999755859375,1965.5999755859375,1965.5999755859375,23
2026-09-16 14:26:00+05:30,1966.0999755859375,1966.0999755859375,1966.0999755859375,1966.0999755859375,78
2026-09-16 14:27:00+05:30,1966.0999755859375,1966.0999755859375,1966.050048828125,1966.050048828125,37
2026-09-16 14:28:00+05:30,1966.0999755859375,1966.0999755859375,1965.300048828125,1965.300048828125,113
2026-09-16 14:29:00+05:30,1966.25,1966.75,1966.25,1966.75,7
2026-09-16 14:30:00+05:30,1966.6500244140625,1967.0,1966.050048828125,1967.0,8
2026-09-16 14:31:00+05:30,1966.5999755859375,1966.5999755859375,1966.5999755859375,1966.5999755859375,1
2026-09-16 14:32:00+05:30,1967.4000244140625,1967.4000244140625,1966.5999755859375,1966.5999755859375,67
2026-09-16 14:33:00+05:30,1967.5,1967.800048828125,1966.699951171875,1966.699951171875,26
2026-09-16 14:34:00+05:30,1967.699951171875,1967.8499755859375,1966.800048828125,1966.800048828125,28
2026-09-16 14:35:00+05:30,1967.5999755859375,1967.6500244140625,1966.8499755859375,1966.8499755859375,4
2026-09-16 14:36:00+05:30,1967.0,1967.5,1966.699951171875,1967.5,20
2026-09-16 14:37:00+05:30,1967.550048828125,1967.550048828125,1967.449951171875,1967.449951171875,65
2026-09-16 14:38:00+05:30,1966.8499755859375,1967.0,1966.8499755859375,1967.0,80
2026-09-16 14:39:00+05:30,1967.4000244140625,1967.4000244140625,1966.800048828125,1966.800048828125,7
2026-09-16 14:40:00+05:30,1967.449951171875,1967.449951171875,1967.449951171875,1967.449951171875,1
2026-09-16 14:41:00+05:30,1966.699951171875,1967.0,1966.699951171875,1967.0,29
2026-09-16 14:42:00+05:30,1966.699951171875,1966.699951171875,1966.699951171875,1966.699951171875,5
2026-09-16 14:43:00+05:30,1966.8499755859375,1967.0999755859375,1966.699951171875,1966.699951171875,140
2026-09-16 14:44:00+05:30,1966.9000244140625,1967.800048828125,1966.9000244140625,1966.9000244140625,28
2026-09-16 14:45:00+05:30,1967.699951171875,1967.699951171875,1967.699951171875,1967.699951171875,2
2026-09-16 14:46:00+05:30,1967.699951171875,1967.699951171875,1967.699951171875,1967.699951171875,2
2026-09-16 14:47:00+05:30,1966.949951171875,1968.300048828125,1966.949951171875,1968.300048828125,68
2026-09-16 14:48:00+05:30,1967.9000244140625,1967.9000244140625,1967.9000244140625,1967.9000244140625,5
2026-09-16 14:49:00+05:30,1966.6500244140625,1967.3499755859375,1966.6500244140625,1966.6500244140625,15
2026-09-16 14:50:00+05:30,1967.5,1967.5,1967.5,1967.5,9
2026-09-16 14:51:00+05:30,1968.1500244140625,1968.1500244140625,1967.300048828125,1967.300048828125,238
2026-09-16 14:52:00+05:30,1967.5999755859375,1968.0999755859375,1967.4000244140625,1968.0999755859375,7
2026-09-16 14:53:00+05:30,1966.699951171875,1967.449951171875,1966.699951171875,1967.449951171875,28
2026-09-16 14:54:00+05:30,1966.3499755859375,1966.6500244140625,1965.699951171875,1966.6500244140625,82
2026-09-16 14:55:00+05:30,1966.8499755859375,1966.949951171875,1965.699951171875,1965.699951171875,33
2026-09-16 14:56:00+05:30,1966.8499755859375,1967.25,1966.8499755859375,1967.25,7
2026-09-16 14:57:00+05:30,1966.1500244140625,1966.8499755859375,1966.1500244140625,1966.8499755859375,2
2026-09-16 14:58:00+05:30,1965.4000244140625,1966.800048828125,1965.4000244140625,1966.1500244140625,97
2026-09-16 14:59:00+05:30,1966.0999755859375,1966.0999755859375,1965.4000244140625,1965.449951171875,86
2026-09-16 15:00:00+05:30,1966.0999755859375,1966.0999755859375,1966.0999755859375,1966.0999755859375,1
2026-09-16 15:01:00+05:30,1966.0999755859375,1967.1500244140625,1966.0999755859375,1967.1500244140625,60
2026-09-16 15:02:00+05:30,1966.0999755859375,1966.3499755859375,1965.4000244140625,1966.3499755859375,271
2026-09-16 15:03:00+05:30,1966.550048828125,1966.550048828125,1966.449951171875,1966.449951171875,25
2026-09-16 15:04:00+05:30,1965.300048828125,1966.0,1965.300048828125,1966.0,78
2026-09-16 15:05:00+05:30,1966.5,1966.800048828125,1965.4000244140625,1966.0,328
2026-09-16 15:06:00+05:30,1965.300048828125,1966.050048828125,1965.300048828125,1966.050048828125,9
2026-09-16 15:07:00+05:30,1965.550048828125,1966.050048828125,1965.300048828125,1965.300048828125,32
2026-09-16 15:08:00+05:30,1965.0999755859375,1966.300048828125,1965.0999755859375,1965.300048828125,293
2026-09-16 15:09:00+05:30,1965.199951171875,1966.300048828125,1965.0999755859375,1966.300048828125,102
2026-09-16 15:10:00+05:30,1966.6500244140625,1966.6500244140625,1965.0999755859375,1965.699951171875,279
2026-09-16 15:11:00+05:30,1966.8499755859375,1966.949951171875,1966.5999755859375,1966.5999755859375,71
2026-09-16 15:12:00+05:30,1964.6500244140625,1966.9000244140625,1962.0,1966.0,313
2026-09-16 15:13:00+05:30,1965.1500244140625,1965.1500244140625,1962.4000244140625,1964.699951171875,55
2026-09-16 15:14:00+05:30,1962.5999755859375,1965.9000244140625,1961.5,1964.6500244140625,515
2026-09-16 15:29:00+05:30,1963.5,1963.5,1963.5,1963.5,107
2026-09-17 09:15:00+05:30,1960.0999755859375,1966.4000244140625,1957.699951171875,1961.949951171875,632
2026-09-17 09:16:00+05:30,1964.8499755859375,1964.8499755859375,1959.300048828125,1959.6500244140625,94
2026-09-17 09:17:00+05:30,1968.5999755859375,1968.5999755859375,1961.4000244140625,1961.4000244140625,456
2026-09-17 09:18:00+05:30,1968.050048828125,1968.5999755859375,1966.4000244140625,1966.4000244140625,533
2026-09-17 09:19:00+05:30,1964.699951171875,1967.8499755859375,1963.4000244140625,1966.449951171875,81
2026-09-17 09:20:00+05:30,1963.800048828125,1965.0999755859375,1963.4000244140625,1964.199951171875,40
2026-09-17 09:21:00+05:30,1962.6500244140625,1964.550048828125,1961.25,1964.550048828125,120
2026-09-17 09:22:00+05:30,1960.800048828125,1962.9000244140625,1960.800048828125,1962.449951171875,598
2026-09-17 09:23:00+05:30,1961.8499755859375,1962.0,1960.6500244140625,1962.0,62
2026-09-17 09:24:00+05:30,1960.1500244140625,1961.5,1960.0,1960.8499755859375,71
2026-09-17 09:25:00+05:30,1960.9000244140625,1960.949951171875,1960.1500244140625,1960.949951171875,30
2026-09-17 09:26:00+05:30,1962.0,1962.0,1960.699951171875,1960.949951171875,24
2026-09-17 09:27:00+05:30,1962.5999755859375,1962.5999755859375,1960.449951171875,1961.050048828125,245
2026-09-17 09:28:00+05:30,1961.699951171875,1961.699951171875,1961.300048828125,1961.699951171875,25
2026-09-17 09:29:00+05:30,1960.6500244140625,1961.800048828125,1960.6500244140625,1961.699951171875,24
2026-09-17 09:30:00+05:30,1961.6500244140625,1961.6500244140625,1960.6500244140625,1960.6500244140625,176
2026-09-17 09:31:00+05:30,1961.75,1962.0,1960.699951171875,1962.0,71
2026-09-17 09:32:00+05:30,1961.25,1961.75,1960.6500244140625,1960.6500244140625,83
2026-09-17 09:33:00+05:30,1960.0,1962.25,1960.0,1962.25,322
2026-09-17 09:34:00+05:30,1958.0,1959.8499755859375,1957.800048828125,1959.8499755859375,17
2026-09-17 09:35:00+05:30,1957.0,1958.4000244140625,1957.0,1958.0999755859375,196
2026-09-17 09:36:00+05:30,1958.0999755859375,1958.199951171875,1956.5,1956.5,44
2026-09-17 09:37:00+05:30,1957.5,1958.800048828125,1957.449951171875,1958.0,183
2026-09-17 09:38:00+05:30,1958.300048828125,1958.4000244140625,1956.8499755859375,1956.949951171875,464
2026-09-17 09:39:00+05:30,1957.949951171875,1957.949951171875,1956.699951171875,1957.699951171875,29
2026-09-17 09:40:00+05:30,1957.0,1957.0,1957.0,1957.0,10
2026-09-17 09:41:00+05:30,1956.699951171875,1958.199951171875,1956.5,1957.9000244140625,59
2026-09-17 09:42:00+05:30,1955.0,1956.0,1955.0,1956.0,47
2026-09-17 09:43:00+05:30,1954.9000244140625,1955.699951171875,1954.9000244140625,1955.0,51
2026-09-17 09:44:00+05:30,1955.5999755859375,1955.949951171875,1955.050048828125,1955.949951171875,19
2026-09-17 09:45:00+05:30,1953.0,1956.0,1953.0,1956.0,66
2026-09-17 09:46:00+05:30,1954.5999755859375,1954.5999755859375,1953.050048828125,1953.050048828125,18
2026-09-17 09:47:00+05:30,1954.5,1955.0,1953.75,1953.75,40
2026-09-17 09:48:00+05:30,1955.699951171875,1955.699951171875,1953.75,1953.75,35
2026-09-17 09:49:00+05:30,1954.5,1956.0,1954.5,1955.050048828125,33
2026-09-17 09:50:00+05:30,1955.0,1955.3499755859375,1955.0,1955.0,22
2026-09-17 09:51:00+05:30,1955.5,1955.5,1954.449951171875,1955.0,40
2026-09-17 09:52:00+05:30,1956.0,1956.0,1955.800048828125,1955.949951171875,265
2026-09-17 09:53:00+05:30,1957.9000244140625,1958.1500244140625,1957.9000244140625,1958.1500244140625,16
2026-09-17 09:54:00+05:30,1958.8499755859375,1958.8499755859375,1957.199951171875,1958.0,444
2026-09-17 09:55:00+05:30,1959.0,1959.449951171875,1958.8499755859375,1958.8499755859375,381
2026-09-17 09:56:00+05:30,1959.4000244140625,1959.449951171875,1959.0,1959.0,45
2026-09-17 09:57:00+05:30,1959.449951171875,1959.449951171875,1959.0,1959.4000244140625,142
2026-09-17 09:58:00+05:30,1962.0,1962.0,1958.449951171875,1958.449951171875,125
2026-09-17 09:59:00+05:30,1961.550048828125,1962.0,1960.3499755859375,1962.0,40
2026-09-17 10:00:00+05:30,1961.0,1961.0999755859375,1961.0,1961.0999755859375,5
2026-09-17 10:01:00+05:30,1961.949951171875,1962.0,1961.0,1961.0,15
2026-09-17 10:02:00+05:30,1962.0,1962.0,1962.0,1962.0,115
2026-09-17 10:03:00+05:30,1963.0,1963.0,1961.949951171875,1962.0,483
2026-09-17 10:04:00+05:30,1963.25,1963.4000244140625,1962.050048828125,1963.4000244140625,19
2026-09-17 10:05:00+05:30,1963.0999755859375,1963.0999755859375,1961.300048828125,1961.300048828125,48
2026-09-17 10:06:00+05:30,1962.3499755859375,1962.3499755859375,1961.050048828125,1961.050048828125,7
2026-09-17 10:07:00+05:30,1962.9000244140625,1962.9000244140625,1962.0,1962.050048828125,20
2026-09-17 10:08:00+05:30,1962.050048828125,1963.5,1962.050048828125,1963.5,11
2026-09-17 10:09:00+05:30,1965.0,1965.0,1963.449951171875,1963.449951171875,25
2026-09-17 10:10:00+05:30,1966.050048828125,1966.050048828125,1963.699951171875,1963.699951171875,629
2026-09-17 10:11:00+05:30,1966.1500244140625,1966.5999755859375,1964.8499755859375,1966.4000244140625,166
2026-09-17 10:12:00+05:30,1965.300048828125,1965.300048828125,1963.75,1963.75,52
2026-09-17 10:13:00+05:30,1964.0,1964.949951171875,1964.0,1964.0,53
2026-09-17 10:14:00+05:30,1964.75,1964.9000244140625,1964.0,1964.9000244140625,38
2026-09-17 10:15:00+05:30,1965.1500244140625,1965.25,1964.75,1964.75,23
2026-09-17 10:16:00+05:30,1964.199951171875,1964.949951171875,1964.199951171875,1964.949951171875,10
2026-09-17 10:17:00+05:30,1965.0,1965.0,1964.050048828125,1964.050048828125,151
2026-09-17 10:18:00+05:30,1962.6500244140625,1965.0,1962.0,1965.0,89
2026-09-17 10:19:00+05:30,1962.5999755859375,1963.0,1961.3499755859375,1963.0,521
2026-09-17 10:20:00+05:30,1960.6500244140625,1962.0,1960.5,1960.5,65
2026-09-17 10:21:00+05:30,1961.9000244140625,1961.9000244140625,1961.9000244140625,1961.9000244140625,2
2026-09-17 10:22:00+05:30,1962.0999755859375,1963.0,1962.0,1962.800048828125,70
2026-09-17 10:23:00+05:30,1962.449951171875,1964.0999755859375,1962.0,1963.4000244140625,54
2026-09-17 10:24:00+05:30,1962.9000244140625,1962.9000244140625,1962.9000244140625,1962.9000244140625,1
2026-09-17 10:25:00+05:30,1962.449951171875,1963.050048828125,1962.25,1963.050048828125,25
2026-09-17 10:26:00+05:30,1961.0,1962.4000244140625,1961.0,1962.1500244140625,479
2026-09-17 10:27:00+05:30,1961.5999755859375,1961.8499755859375,1960.0999755859375,1961.8499755859375,37
2026-09-17 10:28:00+05:30,1962.199951171875,1962.199951171875,1960.25,1960.25,4
2026-09-17 10:29:00+05:30,1961.699951171875,1961.9000244140625,1960.949951171875,1960.949951171875,17
2026-09-17 10:30:00+05:30,1960.9000244140625,1961.8499755859375,1960.9000244140625,1961.699951171875,67
2026-09-17 10:31:00+05:30,1959.5999755859375,1960.9000244140625,1959.5999755859375,1960.9000244140625,53
2026-09-17 10:32:00+05:30,1959.0,1959.300048828125,1959.0,1959.300048828125,16
2026-09-17 10:33:00+05:30,1959.9000244140625,1959.949951171875,1959.9000244140625,1959.949951171875,2
2026-09-17 10:34:00+05:30,1959.9000244140625,1960.1500244140625,1959.9000244140625,1960.1500244140625,11
2026-09-17 10:35:00+05:30,1959.6500244140625,1959.9000244140625,1959.199951171875,1959.9000244140625,23
2026-09-17 10:36:00+05:30,1961.0,1962.0,1961.0,1961.949951171875,12
2026-09-17 10:38:00+05:30,1961.5999755859375,1961.5999755859375,1961.3499755859375,1961.3499755859375,104
2026-09-17 10:39:00+05:30,1961.0,1961.5999755859375,1961.0,1961.550048828125,4
2026-09-17 10:40:00+05:30,1960.5,1961.5,1960.5,1961.199951171875,10
2026-09-17 10:41:00+05:30,1961.199951171875,1961.449951171875,1960.199951171875,1960.3499755859375,47
2026-09-17 10:42:00+05:30,1961.1500244140625,1961.199951171875,1960.0999755859375,1961.199951171875,16
2026-09-17 10:43:00+05:30,1960.8499755859375,1960.8499755859375,1960.1500244140625,1960.1500244140625,19
2026-09-17 10:44:00+05:30,1960.4000244140625,1960.800048828125,1959.5,1960.800048828125,27
2026-09-17 10:45:00+05:30,1958.0,1959.050048828125,1958.0,1959.0,28
2026-09-17 10:46:00+05:30,1959.699951171875,1959.699951171875,1958.0,1959.0,13
2026-09-17 10:47:00+05:30,1959.800048828125,1960.550048828125,1959.800048828125,1959.800048828125,142
2026-09-17 10:48:00+05:30,1958.0,1960.0,1958.0,1960.0,61
2026-09-17 10:49:00+05:30,1958.4000244140625,1958.5999755859375,1958.0,1958.5999755859375,40
2026-09-17 10:50:00+05:30,1957.050048828125,1957.050048828125,1956.5,1957.0,28
2026-09-17 10:51:00+05:30,1957.9000244140625,1957.9000244140625,1957.0,1957.9000244140625,12
2026-09-17 10:52:00+05:30,1957.6500244140625,1957.6500244140625,1957.6500244140625,1957.6500244140625,4
2026-09-17 10:53:00+05:30,1957.3499755859375,1957.6500244140625,1957.0,1957.0,39
2026-09-17 10:54:00+05:30,1957.0999755859375,1957.949951171875,1956.0,1957.25,152
2026-09-17 10:55:00+05:30,1957.5,1957.5,1957.5,1957.5,3
2026-09-17 10:56:00+05:30,1959.0999755859375,1959.0999755859375,1957.800048828125,1957.800048828125,4
2026-09-17 10:57:00+05:30,1959.300048828125,1959.300048828125,1958.0999755859375,1958.0999755859375,7
2026-09-17 10:58:00+05:30,1959.300048828125,1959.300048828125,1958.0999755859375,1958.0999755859375,21
2026-09-17 10:59:00+05:30,1958.1500244140625,1959.4000244140625,1958.1500244140625,1959.300048828125,10
2026-09-17 11:00:00+05:30,1957.3499755859375,1959.4000244140625,1957.3499755859375,1959.300048828125,96
2026-09-17 11:01:00+05:30,1957.0,1957.0,1956.699951171875,1956.699951171875,12
2026-09-17 11:02:00+05:30,1957.0,1957.0,1957.0,1957.0,41
2026-09-17 11:03:00+05:30,1956.3499755859375,1956.5,1956.0,1956.5,64
2026-09-17 11:04:00+05:30,1956.550048828125,1956.550048828125,1956.5,1956.5,12
2026-09-17 11:05:00+05:30,1956.5999755859375,1956.5999755859375,1956.5999755859375,1956.5999755859375,11
2026-09-17 11:06:00+05:30,1955.0,1956.4000244140625,1955.0,1956.4000244140625,162
2026-09-17 11:07:00+05:30,1955.5,1955.8499755859375,1955.5,1955.8499755859375,2
2026-09-17 11:08:00+05:30,1954.0,1955.199951171875,1953.5999755859375,1953.5999755859375,331
2026-09-17 11:09:00+05:30,1954.5,1954.5,1953.0999755859375,1953.199951171875,19
2026-09-17 11:10:00+05:30,1954.300048828125,1954.3499755859375,1954.300048828125,1954.3499755859375,26
2026-09-17 11:11:00+05:30,1954.4000244140625,1954.800048828125,1953.0,1954.0,53
2026-09-17 11:12:00+05:30,1954.0,1954.3499755859375,1954.0,1954.3499755859375,12
2026-09-17 11:13:00+05:30,1954.1500244140625,1954.1500244140625,1951.6500244140625,1954.0,1278
2026-09-17 11:14:00+05:30,1952.949951171875,1953.449951171875,1951.5999755859375,1953.449951171875,57
2026-09-17 11:15:00+05:30,1952.949951171875,1953.8499755859375,1952.949951171875,1953.3499755859375,61
2026-09-17 11:16:00+05:30,1953.0,1953.0,1953.0,1953.0,1
2026-09-17 11:17:00+05:30,1953.25,1953.25,1953.0,1953.0,16
2026-09-17 11:18:00+05:30,1951.5,1953.949951171875,1951.5,1953.0,135
2026-09-17 11:19:00+05:30,1952.25,1953.5,1952.25,1953.5,29
2026-09-17 11:20:00+05:30,1952.300048828125,1953.5,1952.300048828125,1952.3499755859375,53
2026-09-17 11:21:00+05:30,1953.75,1953.75,1952.050048828125,1952.0999755859375,55
2026-09-17 11:22:00+05:30,1952.0,1953.699951171875,1952.0,1953.699951171875,22
2026-09-17 11:24:00+05:30,1952.0,1952.3499755859375,1952.0,1952.0,183
2026-09-17 11:25:00+05:30,1951.5,1952.5,1951.5,1952.5,42
2026-09-17 11:26:00+05:30,1951.0,1952.5,1951.0,1952.5,71
2026-09-17 11:27:00+05:30,1950.1500244140625,1951.199951171875,1950.1500244140625,1951.199951171875,28
2026-09-17 11:28:00+05:30,1951.300048828125,1951.300048828125,1950.199951171875,1951.300048828125,34
2026-09-17 11:29:00+05:30,1952.300048828125,1953.75,1952.1500244140625,1953.0,27
2026-09-17 11:30:00+05:30,1952.5,1952.8499755859375,1951.199951171875,1951.199951171875,245
2026-09-17 11:31:00+05:30,1951.9000244140625,1952.75,1951.9000244140625,1952.75,4
2026-09-17 11:32:00+05:30,1952.1500244140625,1953.1500244140625,1951.9000244140625,1953.1500244140625,8
2026-09-17 11:33:00+05:30,1953.0,1953.300048828125,1952.699951171875,1953.300048828125,9
2026-09-17 11:34:00+05:30,1950.550048828125,1952.1500244140625,1950.550048828125,1950.5999755859375,448
2026-09-17 11:35:00+05:30,1950.0,1950.0,1948.800048828125,1949.949951171875,558
2026-09-17 11:36:00+05:30,1951.6500244140625,1951.6500244140625,1951.1500244140625,1951.1500244140625,6
2026-09-17 11:37:00+05:30,1951.8499755859375,1952.449951171875,1951.5999755859375,1951.5999755859375,49
2026-09-17 11:38:00+05:30,1951.5999755859375,1951.5999755859375,1951.5999755859375,1951.5999755859375,7
2026-09-17 11:39:00+05:30,1951.699951171875,1951.800048828125,1951.699951171875,1951.800048828125,3
2026-09-17 11:40:00+05:30,1951.0,1951.6500244140625,1951.0,1951.5999755859375,102
2026-09-17 11:41:00+05:30,1950.75,1951.0,1950.75,1951.0,65
2026-09-17 11:42:00+05:30,1951.6500244140625,1951.6500244140625,1951.25,1951.25,10
2026-09-17 11:43:00+05:30,1951.199951171875,1951.199951171875,1950.9000244140625,1950.9000244140625,3
2026-09-17 11:44:00+05:30,1951.050048828125,1951.300048828125,1951.050048828125,1951.300048828125,8
2026-09-17 11:45:00+05:30,1952.699951171875,1952.699951171875,1950.5,1950.5,295
2026-09-17 11:46:00+05:30,1954.449951171875,1955.9000244140625,1954.449951171875,1955.300048828125,94
2026-09-17 11:47:00+05:30,1956.1500244140625,1956.1500244140625,1956.1500244140625,1956.1500244140625,13
2026-09-17 11:48:00+05:30,1954.800048828125,1956.1500244140625,1954.800048828125,1954.9000244140625,88
2026-09-17 11:49:00+05:30,1955.1500244140625,1955.1500244140625,1955.1500244140625,1955.1500244140625,2
2026-09-17 11:51:00+05:30,1957.949951171875,1957.949951171875,1956.0999755859375,1956.0999755859375,28
2026-09-17 11:52:00+05:30,1957.5,1957.5,1957.5,1957.5,1
2026-09-17 11:53:00+05:30,1957.0,1957.0,1957.0,1957.0,20
2026-09-17 11:54:00+05:30,1958.3499755859375,1958.3499755859375,1956.5999755859375,1956.5999755859375,517
2026-09-17 11:55:00+05:30,1956.0,1957.800048828125,1956.0,1956.6500244140625,121
2026-09-17 11:56:00+05:30,1956.800048828125,1956.800048828125,1956.800048828125,1956.800048828125,40
2026-09-17 11:57:00+05:30,1957.9000244140625,1958.5,1957.3499755859375,1957.3499755859375,24
2026-09-17 11:58:00+05:30,1958.4000244140625,1959.9000244140625,1958.4000244140625,1958.449951171875,65
2026-09-17 11:59:00+05:30,1959.9000244140625,1959.9000244140625,1958.699951171875,1959.9000244140625,102
2026-09-17 12:00:00+05:30,1959.75,1959.949951171875,1959.699951171875,1959.9000244140625,53
2026-09-17 12:01:00+05:30,1959.949951171875,1960.0,1959.949951171875,1960.0,27
2026-09-17 12:02:00+05:30,1960.5,1960.5,1960.0,1960.0,123
2026-09-17 12:03:00+05:30,1962.199951171875,1962.199951171875,1960.5,1960.5,75
2026-09-17 12:04:00+05:30,1961.25,1962.050048828125,1961.25,1962.050048828125,11
2026-09-17 12:05:00+05:30,1959.1500244140625,1962.949951171875,1959.1500244140625,1962.9000244140625,1297
2026-09-17 12:06:00+05:30,1961.9000244140625,1961.9000244140625,1960.5999755859375,1960.5999755859375,3
2026-09-17 12:07:00+05:30,1962.5999755859375,1963.449951171875,1962.5999755859375,1963.449951171875,27
2026-09-17 12:08:00+05:30,1965.199951171875,1966.0,1962.949951171875,1964.0999755859375,380
2026-09-17 12:09:00+05:30,1965.050048828125,1966.5,1965.050048828125,1966.5,12
2026-09-17 12:10:00+05:30,1963.4000244140625,1966.25,1963.4000244140625,1966.25,40
2026-09-17 12:11:00+05:30,1964.0999755859375,1964.25,1963.300048828125,1963.300048828125,11
2026-09-17 12:12:00+05:30,1965.5,1965.5,1965.5,1965.5,20
2026-09-17 12:13:00+05:30,1964.949951171875,1966.0,1964.9000244140625,1964.9000244140625,72
2026-09-17 12:14:00+05:30,1965.550048828125,1965.550048828125,1965.550048828125,1965.550048828125,1
2026-09-17 12:15:00+05:30,1962.9000244140625,1965.0,1962.9000244140625,1965.0,89
2026-09-17 12:17:00+05:30,1963.0,1963.550048828125,1963.0,1963.5,11
2026-09-17 12:18:00+05:30,1962.3499755859375,1962.3499755859375,1960.949951171875,1960.949951171875,62
2026-09-17 12:19:00+05:30,1962.1500244140625,1962.1500244140625,1961.0,1961.0,72
2026-09-17 12:20:00+05:30,1962.4000244140625,1962.699951171875,1962.4000244140625,1962.699951171875,104
2026-09-17 12:21:00+05:30,1962.9000244140625,1962.9000244140625,1962.1500244140625,1962.1500244140625,16
2026-09-17 12:22:00+05:30,1963.5999755859375,1963.5999755859375,1962.449951171875,1963.199951171875,156
2026-09-17 12:23:00+05:30,1962.699951171875,1963.5999755859375,1962.699951171875,1962.8499755859375,57
2026-09-17 12:24:00+05:30,1962.5,1962.699951171875,1962.5,1962.699951171875,132
2026-09-17 12:25:00+05:30,1962.25,1962.5,1962.25,1962.5,12
2026-09-17 12:26:00+05:30,1962.75,1962.75,1962.75,1962.75,1
2026-09-17 12:27:00+05:30,1962.0,1962.800048828125,1962.0,1962.699951171875,21
2026-09-17 12:28:00+05:30,1962.300048828125,1962.300048828125,1960.050048828125,1961.550048828125,42
2026-09-17 12:29:00+05:30,1962.9000244140625,1963.0,1962.050048828125,1962.9000244140625,53
2026-09-17 12:30:00+05:30,1961.75,1963.8499755859375,1961.75,1963.8499755859375,39
2026-09-17 12:31:00+05:30,1962.800048828125,1962.800048828125,1962.4000244140625,1962.4000244140625,23
2026-09-17 12:32:00+05:30,1962.4000244140625,1962.449951171875,1962.4000244140625,1962.4000244140625,56
2026-09-17 12:33:00+05:30,1962.449951171875,1962.449951171875,1962.449951171875,1962.449951171875,32
2026-09-17 12:34:00+05:30,1962.449951171875,1962.449951171875,1961.800048828125,1961.800048828125,2
2026-09-17 12:35:00+05:30,1962.449951171875,1962.449951171875,1961.75,1962.449951171875,154
2026-09-17 12:36:00+05:30,1963.4000244140625,1964.0999755859375,1961.699951171875,1961.699951171875,133
2026-09-17 12:37:00+05:30,1963.449951171875,1964.5,1963.449951171875,1964.5,6
2026-09-17 12:39:00+05:30,1964.3499755859375,1964.3499755859375,1962.949951171875,1962.949951171875,6
2026-09-17 12:40:00+05:30,1962.699951171875,1963.75,1962.699951171875,1963.75,72
2026-09-17 12:41:00+05:30,1962.550048828125,1962.550048828125,1962.550048828125,1962.550048828125,5
2026-09-17 12:42:00+05:30,1962.550048828125,1962.550048828125,1962.550048828125,1962.550048828125,6
2026-09-17 12:43:00+05:30,1962.550048828125,1962.550048828125,1962.199951171875,1962.199951171875,20
2026-09-17 12:44:00+05:30,1961.4000244140625,1962.5,1961.4000244140625,1961.5,9
2026-09-17 12:45:00+05:30,1962.0999755859375,1962.4000244140625,1962.0999755859375,1962.4000244140625,7
2026-09-17 12:46:00+05:30,1959.0,1961.0,1959.0,1961.0,51
2026-09-17 12:47:00+05:30,1960.0,1960.0,1960.0,1960.0,5
2026-09-17 12:48:00+05:30,1958.75,1959.800048828125,1958.75,1959.800048828125,21
2026-09-17 12:49:00+05:30,1957.8499755859375,1958.800048828125,1957.5,1957.5,54
2026-09-17 12:50:00+05:30,1956.5999755859375,1956.5999755859375,1956.5999755859375,1956.5999755859375,28
2026-09-17 12:51:00+05:30,1958.1500244140625,1958.1500244140625,1956.199951171875,1957.4000244140625,47
2026-09-17 12:52:00+05:30,1957.0999755859375,1958.0,1957.0999755859375,1958.0,20
2026-09-17 12:53:00+05:30,1958.800048828125,1958.800048828125,1958.0,1958.0,308
2026-09-17 12:54:00+05:30,1959.199951171875,1959.5999755859375,1958.5999755859375,1958.5999755859375,8
2026-09-17 12:55:00+05:30,1960.4000244140625,1960.4000244140625,1960.4000244140625,1960.4000244140625,6
2026-09-17 12:56:00+05:30,1960.0,1960.0,1960.0,1960.0,50
2026-09-17 12:57:00+05:30,1959.050048828125,1959.050048828125,1959.050048828125,1959.050048828125,2
2026-09-17 12:59:00+05:30,1959.6500244140625,1959.6500244140625,1959.6500244140625,1959.6500244140625,2
2026-09-17 13:01:00+05:30,1958.699951171875,1959.8499755859375,1958.699951171875,1959.8499755859375,48
2026-09-17 13:02:00+05:30,1959.0,1959.0,1958.6500244140625,1958.75,7
2026-09-17 13:03:00+05:30,1959.75,1959.75,1959.75,1959.75,25
2026-09-17 13:04:00+05:30,1959.3499755859375,1959.3499755859375,1959.25,1959.25,9
2026-09-17 13:05:00+05:30,1957.949951171875,1958.5,1957.949951171875,1958.5,25
2026-09-17 13:06:00+05:30,1958.0,1958.0,1958.0,1958.0,10
2026-09-17 13:07:00+05:30,1957.949951171875,1958.699951171875,1957.949951171875,1958.300048828125,23
2026-09-17 13:08:00+05:30,1958.199951171875,1959.050048828125,1957.300048828125,1958.699951171875,58
2026-09-17 13:09:00+05:30,1958.0,1958.199951171875,1958.0,1958.199951171875,41
2026-09-17 13:10:00+05:30,1958.0,1958.0,1958.0,1958.0,1
2026-09-17 13:11:00+05:30,1957.550048828125,1958.4000244140625,1957.550048828125,1958.199951171875,11
2026-09-17 13:13:00+05:30,1956.9000244140625,1957.8499755859375,1956.8499755859375,1957.8499755859375,24
2026-09-17 13:14:00+05:30,1956.949951171875,1957.9000244140625,1956.949951171875,1957.9000244140625,73
2026-09-17 13:15:00+05:30,1956.8499755859375,1957.5,1956.8499755859375,1957.5,12
2026-09-17 13:17:00+05:30,1956.6500244140625,1958.0999755859375,1956.6500244140625,1958.0999755859375,118
2026-09-17 13:18:00+05:30,1957.800048828125,1957.800048828125,1957.75,1957.75,9
2026-09-17 13:19:00+05:30,1959.1500244140625,1959.1500244140625,1959.1500244140625,1959.1500244140625,35
2026-09-17 13:20:00+05:30,1959.699951171875,1959.699951171875,1959.699951171875,1959.699951171875,1
2026-09-17 13:21:00+05:30,1958.8499755859375,1960.1500244140625,1958.8499755859375,1960.050048828125,31
2026-09-17 13:22:00+05:30,1958.8499755859375,1960.0,1958.4000244140625,1959.9000244140625,26
2026-09-17 13:23:00+05:30,1957.9000244140625,1958.8499755859375,1957.9000244140625,1958.8499755859375,106
2026-09-17 13:24:00+05:30,1958.25,1958.4000244140625,1957.550048828125,1957.550048828125,37
2026-09-17 13:25:00+05:30,1957.0,1958.300048828125,1957.0,1958.300048828125,151
2026-09-17 13:26:00+05:30,1957.0,1957.0,1957.0,1957.0,855
2026-09-17 13:27:00+05:30,1955.949951171875,1956.5,1955.300048828125,1956.5,101
2026-09-17 13:28:00+05:30,1954.0999755859375,1955.800048828125,1954.0999755859375,1955.800048828125,112
2026-09-17 13:29:00+05:30,1952.300048828125,1952.300048828125,1952.300048828125,1952.300048828125,15
2026-09-17 13:30:00+05:30,1952.699951171875,1953.0,1952.0,1953.0,53
2026-09-17 13:31:00+05:30,1953.699951171875,1954.0,1953.0,1953.0,28
2026-09-17 13:32:00+05:30,1954.0,1954.0,1953.050048828125,1953.050048828125,20
2026-09-17 13:33:00+05:30,1952.199951171875,1953.5,1952.199951171875,1953.5,30
2026-09-17 13:34:00+05:30,1952.949951171875,1953.300048828125,1952.949951171875,1953.300048828125,66
2026-09-17 13:35:00+05:30,1951.6500244140625,1952.550048828125,1951.0,1952.550048828125,29
2026-09-17 13:36:00+05:30,1951.4000244140625,1951.5,1951.4000244140625,1951.5,6
2026-09-17 13:37:00+05:30,1951.550048828125,1952.0,1951.5,1951.5,75
2026-09-17 13:38:00+05:30,1952.5,1952.800048828125,1952.5,1952.800048828125,4
2026-09-17 13:39:00+05:30,1952.0,1952.550048828125,1951.9000244140625,1951.9000244140625,16
2026-09-17 13:40:00+05:30,1953.449951171875,1953.449951171875,1952.0999755859375,1952.0999755859375,12
2026-09-17 13:42:00+05:30,1953.050048828125,1953.0999755859375,1953.050048828125,1953.050048828125,7
2026-09-17 13:43:00+05:30,1950.5,1953.050048828125,1950.5,1953.050048828125,92
2026-09-17 13:44:00+05:30,1950.5,1950.75,1949.699951171875,1950.75,335
2026-09-17 13:45:00+05:30,1951.3499755859375,1951.3499755859375,1950.199951171875,1950.199951171875,11
2026-09-17 13:46:00+05:30,1950.8499755859375,1951.800048828125,1950.8499755859375,1951.300048828125,28
2026-09-17 13:47:00+05:30,1952.0,1952.0,1950.199951171875,1950.4000244140625,321
2026-09-17 13:48:00+05:30,1951.949951171875,1952.0,1951.949951171875,1952.0,55
2026-09-17 13:49:00+05:30,1951.3499755859375,1951.3499755859375,1950.050048828125,1951.0,317
2026-09-17 13:50:00+05:30,1953.4000244140625,1953.4000244140625,1950.550048828125,1950.550048828125,176
2026-09-17 13:51:00+05:30,1953.5,1953.5,1952.550048828125,1952.550048828125,7
2026-09-17 13:52:00+05:30,1953.0,1953.300048828125,1953.0,1953.300048828125,104
2026-09-17 13:53:00+05:30,1953.5,1953.5,1953.0,1953.0,7
2026-09-17 13:54:00+05:30,1953.9000244140625,1953.9000244140625,1953.0,1953.0,25
2026-09-17 13:55:00+05:30,1953.0,1953.9000244140625,1953.0,1953.9000244140625,61
2026-09-17 13:56:00+05:30,1951.0,1953.0,1951.0,1952.550048828125,57
2026-09-17 13:57:00+05:30,1953.4000244140625,1953.4000244140625,1951.0,1951.0,84
2026-09-17 13:58:00+05:30,1953.050048828125,1953.9000244140625,1952.1500244140625,1953.9000244140625,61
2026-09-17 13:59:00+05:30,1952.4000244140625,1952.949951171875,1951.699951171875,1952.949951171875,61
2026-09-17 14:00:00+05:30,1951.699951171875,1951.699951171875,1951.050048828125,1951.699951171875,66
2026-09-17 14:01:00+05:30,1952.0999755859375,1952.0999755859375,1951.050048828125,1951.050048828125,10
2026-09-17 14:03:00+05:30,1952.0,1952.199951171875,1952.0,1952.0,111
2026-09-17 14:04:00+05:30,1952.0,1952.5,1950.8499755859375,1950.8499755859375,243
2026-09-17 14:05:00+05:30,1951.4000244140625,1951.8499755859375,1950.5,1951.8499755859375,40
2026-09-17 14:06:00+05:30,1950.0,1950.050048828125,1950.0,1950.050048828125,43
2026-09-17 14:07:00+05:30,1952.0,1952.0,1950.6500244140625,1951.300048828125,91
2026-09-17 14:08:00+05:30,1952.3499755859375,1952.3499755859375,1951.550048828125,1951.5999755859375,12
2026-09-17 14:09:00+05:30,1951.300048828125,1952.300048828125,1949.6500244140625,1952.300048828125,2070
2026-09-17 14:10:00+05:30,1952.75,1952.75,1951.449951171875,1951.449951171875,1222
2026-09-17 14:11:00+05:30,1952.0,1952.550048828125,1950.8499755859375,1952.3499755859375,893
2026-09-17 14:12:00+05:30,1952.800048828125,1952.800048828125,1952.0999755859375,1952.0999755859375,12
2026-09-17 14:13:00+05:30,1951.300048828125,1952.0,1951.300048828125,1951.4000244140625,32
2026-09-17 14:14:00+05:30,1950.8499755859375,1951.5999755859375,1950.75,1951.5999755859375,72
2026-09-17 14:15:00+05:30,1952.0,1952.0,1950.800048828125,1951.949951171875,898
2026-09-17 14:16:00+05:30,1952.5999755859375,1952.5999755859375,1952.5999755859375,1952.5999755859375,15
2026-09-17 14:17:00+05:30,1951.949951171875,1951.949951171875,1951.949951171875,1951.949951171875,11
2026-09-17 14:19:00+05:30,1952.0,1952.5,1951.949951171875,1951.949951171875,69
2026-09-17 14:20:00+05:30,1952.0,1952.4000244140625,1952.0,1952.4000244140625,17
2026-09-17 14:21:00+05:30,1952.0,1952.0,1952.0,1952.0,7
2026-09-17 14:22:00+05:30,1952.5999755859375,1952.8499755859375,1952.5999755859375,1952.8499755859375,42
2026-09-17 14:23:00+05:30,1952.0999755859375,1953.0,1952.0999755859375,1953.0,215
2026-09-17 14:24:00+05:30,1952.3499755859375,1952.3499755859375,1952.3499755859375,1952.3499755859375,16
2026-09-17 14:25:00+05:30,1952.0,1953.3499755859375,1952.0,1953.3499755859375,18
2026-09-17 14:26:00+05:30,1951.5,1952.0,1951.5,1952.0,26
2026-09-17 14:27:00+05:30,1952.050048828125,1952.6500244140625,1951.9000244140625,1952.0,79
2026-09-17 14:28:00+05:30,1952.0,1952.800048828125,1952.0,1952.800048828125,12
2026-09-17 14:29:00+05:30,1952.449951171875,1952.449951171875,1952.0,1952.0,21
2026-09-17 14:30:00+05:30,1951.0999755859375,1951.949951171875,1951.0,1951.300048828125,67
2026-09-17 14:31:00+05:30,1951.949951171875,1951.949951171875,1951.949951171875,1951.949951171875,6
2026-09-17 14:32:00+05:30,1951.949951171875,1951.949951171875,1951.949951171875,1951.949951171875,3
2026-09-17 14:33:00+05:30,1951.4000244140625,1952.0,1951.4000244140625,1951.949951171875,13
2026-09-17 14:34:00+05:30,1952.0999755859375,1952.300048828125,1951.0,1952.300048828125,52
2026-09-17 14:35:00+05:30,1952.5,1952.5,1952.050048828125,1952.050048828125,33
2026-09-17 14:36:00+05:30,1952.699951171875,1953.5,1952.5,1953.0,28
2026-09-17 14:37:00+05:30,1953.300048828125,1953.300048828125,1951.800048828125,1952.699951171875,73
2026-09-17 14:38:00+05:30,1952.0,1953.449951171875,1952.0,1952.699951171875,21
2026-09-17 14:39:00+05:30,1953.4000244140625,1953.4000244140625,1953.0,1953.0,7
2026-09-17 14:40:00+05:30,1953.449951171875,1953.449951171875,1952.449951171875,1952.449951171875,10
2026-09-17 14:41:00+05:30,1953.5,1953.5,1952.5999755859375,1952.5999755859375,25
2026-09-17 14:42:00+05:30,1952.6500244140625,1953.0,1952.0,1953.0,28
2026-09-17 14:43:00+05:30,1951.0,1952.6500244140625,1951.0,1952.6500244140625,36
2026-09-17 14:44:00+05:30,1951.699951171875,1951.699951171875,1950.5999755859375,1950.5999755859375,79
2026-09-17 14:45:00+05:30,1951.6500244140625,1953.1500244140625,1951.6500244140625,1951.75,205
2026-09-17 14:46:00+05:30,1952.25,1952.8499755859375,1952.0,1952.8499755859375,10
2026-09-17 14:47:00+05:30,1952.300048828125,1953.0,1951.25,1953.0,270
2026-09-17 14:48:00+05:30,1952.699951171875,1952.699951171875,1952.0999755859375,1952.4000244140625,19
2026-09-17 14:49:00+05:30,1952.300048828125,1952.6500244140625,1951.800048828125,1952.6500244140625,39
2026-09-17 14:50:00+05:30,1952.25,1952.300048828125,1951.5,1951.5,131
2026-09-17 14:51:00+05:30,1952.800048828125,1953.4000244140625,1952.0999755859375,1952.300048828125,223
2026-09-17 14:52:00+05:30,1953.5,1953.5,1952.699951171875,1952.800048828125,3
2026-09-17 14:53:00+05:30,1953.3499755859375,1953.5,1953.3499755859375,1953.3499755859375,126
2026-09-17 14:54:00+05:30,1953.050048828125,1953.050048828125,1953.050048828125,1953.050048828125,4
2026-09-17 14:55:00+05:30,1951.949951171875,1953.199951171875,1951.949951171875,1953.199951171875,40
2026-09-17 14:56:00+05:30,1952.550048828125,1952.5999755859375,1951.9000244140625,1952.5999755859375,98
2026-09-17 14:57:00+05:30,1951.800048828125,1951.9000244140625,1951.800048828125,1951.9000244140625,21
2026-09-17 14:58:00+05:30,1952.5,1952.5,1951.800048828125,1951.800048828125,89
2026-09-17 14:59:00+05:30,1951.300048828125,1952.0,1951.300048828125,1952.0,35
2026-09-17 15:00:00+05:30,1953.199951171875,1953.3499755859375,1952.0,1952.0,86
2026-09-17 15:01:00+05:30,1953.449951171875,1953.5,1952.550048828125,1952.550048828125,52
2026-09-17 15:02:00+05:30,1952.5999755859375,1952.699951171875,1951.699951171875,1952.0,38
2026-09-17 15:03:00+05:30,1952.699951171875,1952.699951171875,1951.699951171875,1952.699951171875,321
2026-09-17 15:04:00+05:30,1951.5,1952.5999755859375,1951.5,1951.6500244140625,242
2026-09-17 15:05:00+05:30,1951.449951171875,1951.5,1951.25,1951.25,166
2026-09-17 15:06:00+05:30,1952.0,1952.0,1951.0,1951.449951171875,160
2026-09-17 15:07:00+05:30,1950.5,1952.0,1950.5,1952.0,130
2026-09-17 15:08:00+05:30,1950.550048828125,1951.949951171875,1950.550048828125,1951.699951171875,283
2026-09-17 15:09:00+05:30,1950.949951171875,1951.0,1950.949951171875,1951.0,57
2026-09-17 15:10:00+05:30,1950.5,1951.199951171875,1950.199951171875,1950.949951171875,285
2026-09-17 15:11:00+05:30,1951.0,1951.0,1950.0,1950.0999755859375,77
2026-09-17 15:12:00+05:30,1950.4000244140625,1951.199951171875,1948.3499755859375,1950.0,388
2026-09-17 15:13:00+05:30,1950.0,1950.949951171875,1948.199951171875,1949.0,127
2026-09-17 15:14:00+05:30,1954.550048828125,1955.0,1948.0999755859375,1950.449951171875,197
2026-09-17 15:28:00+05:30,1955.949951171875,1955.949951171875,1955.949951171875,1955.949951171875,4555
2026-09-18 09:15:00+05:30,1950.449951171875,1953.9000244140625,1950.0,1950.0,208
2026-09-18 09:16:00+05:30,1954.1500244140625,1954.1500244140625,1950.050048828125,1951.75,73
2026-09-18 09:17:00+05:30,1950.050048828125,1954.0999755859375,1950.050048828125,1952.1500244140625,18
2026-09-18 09:18:00+05:30,1948.0,1952.0,1948.0,1950.0,415
2026-09-18 09:19:00+05:30,1947.0,1948.75,1946.0,1948.75,604
2026-09-18 09:20:00+05:30,1944.050048828125,1946.3499755859375,1944.0,1945.75,207
2026-09-18 09:21:00+05:30,1947.5,1947.5,1944.449951171875,1945.9000244140625,20
2026-09-18 09:22:00+05:30,1947.300048828125,1947.550048828125,1945.6500244140625,1945.6500244140625,149
2026-09-18 09:23:00+05:30,1948.449951171875,1948.449951171875,1946.0,1946.0,188
2026-09-18 09:24:00+05:30,1948.5,1948.5,1947.0,1947.0999755859375,280
2026-09-18 09:25:00+05:30,1947.0,1948.5,1947.0,1947.050048828125,22
2026-09-18 09:26:00+05:30,1947.0,1948.75,1947.0,1948.0,328
2026-09-18 09:27:00+05:30,1945.3499755859375,1946.0,1945.3499755859375,1946.0,20
2026-09-18 09:28:00+05:30,1945.6500244140625,1946.5999755859375,1945.6500244140625,1946.5999755859375,162
2026-09-18 09:29:00+05:30,1948.949951171875,1948.949951171875,1945.699951171875,1945.699951171875,103
2026-09-18 09:30:00+05:30,1946.3499755859375,1949.1500244140625,1946.3499755859375,1949.0,680
2026-09-18 09:31:00+05:30,1949.25,1949.9000244140625,1947.449951171875,1947.449951171875,92
2026-09-18 09:32:00+05:30,1948.4000244140625,1949.1500244140625,1947.1500244140625,1949.1500244140625,96
2026-09-18 09:33:00+05:30,1947.050048828125,1949.0,1947.0,1948.550048828125,57
2026-09-18 09:34:00+05:30,1947.699951171875,1947.949951171875,1947.0,1947.0,40
2026-09-18 09:35:00+05:30,1946.300048828125,1947.699951171875,1946.300048828125,1947.0,244
2026-09-18 09:36:00+05:30,1946.699951171875,1948.0999755859375,1946.699951171875,1947.5999755859375,613
2026-09-18 09:37:00+05:30,1948.3499755859375,1948.5999755859375,1947.199951171875,1948.5,91
2026-09-18 09:38:00+05:30,1948.25,1948.300048828125,1948.25,1948.300048828125,4
2026-09-18 09:39:00+05:30,1948.0,1948.0,1947.199951171875,1948.0,28
2026-09-18 09:40:00+05:30,1948.0999755859375,1948.949951171875,1947.25,1947.3499755859375,24
2026-09-18 09:41:00+05:30,1947.25,1947.25,1947.199951171875,1947.25,29
2026-09-18 09:42:00+05:30,1948.3499755859375,1948.3499755859375,1948.3499755859375,1948.3499755859375,205
2026-09-18 09:43:00+05:30,1948.699951171875,1948.699951171875,1947.25,1948.3499755859375,94
2026-09-18 09:44:00+05:30,1948.0,1948.4000244140625,1947.4000244140625,1947.449951171875,258
2026-09-18 09:45:00+05:30,1947.9000244140625,1948.5,1947.0,1948.5,147
2026-09-18 09:46:00+05:30,1948.800048828125,1949.0,1947.1500244140625,1947.1500244140625,137
2026-09-18 09:47:00+05:30,1948.800048828125,1948.949951171875,1948.800048828125,1948.949951171875,22
2026-09-18 09:48:00+05:30,1949.0,1949.0,1948.5,1948.9000244140625,173
2026-09-18 09:49:00+05:30,1948.300048828125,1949.9000244140625,1948.300048828125,1949.0999755859375,166
2026-09-18 09:50:00+05:30,1948.550048828125,1949.8499755859375,1948.550048828125,1949.8499755859375,378
2026-09-18 09:51:00+05:30,1948.300048828125,1948.550048828125,1947.4000244140625,1948.0,42
2026-09-18 09:52:00+05:30,1947.4000244140625,1948.5,1947.4000244140625,1948.3499755859375,12
2026-09-18 09:53:00+05:30,1946.4000244140625,1948.550048828125,1946.4000244140625,1947.5999755859375,992
2026-09-18 09:54:00+05:30,1947.699951171875,1948.9000244140625,1947.0999755859375,1947.0999755859375,32
2026-09-18 09:55:00+05:30,1948.3499755859375,1949.949951171875,1947.8499755859375,1947.8499755859375,84
2026-09-18 09:56:00+05:30,1949.699951171875,1949.699951171875,1949.699951171875,1949.699951171875,202
2026-09-18 09:57:00+05:30,1949.949951171875,1950.0,1949.9000244140625,1949.9000244140625,11
2026-09-18 09:58:00+05:30,1948.949951171875,1950.5999755859375,1948.949951171875,1950.0,404
2026-09-18 09:59:00+05:30,1951.75,1951.75,1950.5999755859375,1950.5999755859375,92
2026-09-18 10:00:00+05:30,1950.0999755859375,1951.6500244140625,1950.0999755859375,1951.6500244140625,18
2026-09-18 10:01:00+05:30,1950.199951171875,1950.8499755859375,1950.0999755859375,1950.0999755859375,33
2026-09-18 10:02:00+05:30,1951.199951171875,1951.199951171875,1950.199951171875,1950.199951171875,26
2026-09-18 10:03:00+05:30,1951.75,1951.800048828125,1951.300048828125,1951.300048828125,11
2026-09-18 10:04:00+05:30,1951.6500244140625,1951.6500244140625,1950.4000244140625,1950.4000244140625,28
2026-09-18 10:05:00+05:30,1950.4000244140625,1951.699951171875,1949.25,1951.699951171875,92
2026-09-18 10:06:00+05:30,1950.449951171875,1950.449951171875,1949.0999755859375,1949.0999755859375,6
2026-09-18 10:07:00+05:30,1950.449951171875,1950.449951171875,1950.449951171875,1950.449951171875,2
2026-09-18 10:08:00+05:30,1950.0999755859375,1950.449951171875,1949.0999755859375,1950.449951171875,22
2026-09-18 10:09:00+05:30,1949.550048828125,1950.9000244140625,1949.5,1950.75,34
2026-09-18 10:10:00+05:30,1949.3499755859375,1949.800048828125,1949.3499755859375,1949.800048828125,41
2026-09-18 10:11:00+05:30,1949.75,1950.9000244140625,1949.75,1950.1500244140625,137
2026-09-18 10:12:00+05:30,1950.0,1950.800048828125,1950.0,1950.800048828125,11
2026-09-18 10:13:00+05:30,1950.6500244140625,1950.8499755859375,1950.6500244140625,1950.699951171875,6
2026-09-18 10:14:00+05:30,1951.0,1951.0,1950.6500244140625,1950.8499755859375,50
2026-09-18 10:15:00+05:30,1951.0,1951.0,1950.4000244140625,1951.0,32
2026-09-18 10:16:00+05:30,1951.0,1951.0,1950.6500244140625,1951.0,41
2026-09-18 10:17:00+05:30,1951.5999755859375,1951.9000244140625,1951.0,1951.699951171875,135
2026-09-18 10:18:00+05:30,1951.0,1951.800048828125,1950.199951171875,1951.3499755859375,358
2026-09-18 10:19:00+05:30,1950.800048828125,1951.1500244140625,1950.0,1951.050048828125,113
2026-09-18 10:20:00+05:30,1949.25,1950.75,1949.199951171875,1950.75,23
2026-09-18 10:21:00+05:30,1951.949951171875,1951.949951171875,1949.3499755859375,1949.3499755859375,103
2026-09-18 10:22:00+05:30,1952.199951171875,1953.1500244140625,1952.199951171875,1952.8499755859375,17
2026-09-18 10:23:00+05:30,1952.199951171875,1953.300048828125,1951.550048828125,1953.300048828125,56
2026-09-18 10:24:00+05:30,1952.4000244140625,1952.4000244140625,1952.050048828125,1952.050048828125,14
2026-09-18 10:25:00+05:30,1952.300048828125,1952.3499755859375,1951.199951171875,1952.3499755859375,9
2026-09-18 10:26:00+05:30,1952.5,1952.5,1951.199951171875,1952.25,16
2026-09-18 10:27:00+05:30,1953.0999755859375,1953.0999755859375,1951.199951171875,1951.199951171875,22
2026-09-18 10:28:00+05:30,1954.0,1954.0,1953.0,1953.0,30
2026-09-18 10:29:00+05:30,1954.3499755859375,1954.949951171875,1954.3499755859375,1954.949951171875,44
2026-09-18 10:30:00+05:30,1955.0,1955.0,1955.0,1955.0,52
2026-09-18 10:31:00+05:30,1955.25,1956.5999755859375,1955.199951171875,1955.199951171875,143
2026-09-18 10:32:00+05:30,1956.300048828125,1956.300048828125,1956.300048828125,1956.300048828125,1
2026-09-18 10:33:00+05:30,1956.1500244140625,1956.25,1956.1500244140625,1956.25,33
2026-09-18 10:34:00+05:30,1956.5,1956.5,1956.300048828125,1956.300048828125,21
2026-09-18 10:35:00+05:30,1956.550048828125,1956.550048828125,1956.1500244140625,1956.1500244140625,121
2026-09-18 10:36:00+05:30,1954.9000244140625,1956.5999755859375,1954.9000244140625,1956.5999755859375,145
2026-09-18 10:37:00+05:30,1954.4000244140625,1954.9000244140625,1954.4000244140625,1954.9000244140625,35
2026-09-18 10:38:00+05:30,1953.800048828125,1955.949951171875,1953.800048828125,1955.949951171875,37
2026-09-18 10:39:00+05:30,1953.0,1953.0,1953.0,1953.0,2
2026-09-18 10:40:00+05:30,1953.0,1953.0,1953.0,1953.0,3
2026-09-18 10:41:00+05:30,1953.800048828125,1953.800048828125,1953.0,1953.0,12
2026-09-18 10:42:00+05:30,1954.0,1954.5999755859375,1953.0,1953.0,56
2026-09-18 10:43:00+05:30,1953.9000244140625,1954.25,1953.0,1954.0,68
2026-09-18 10:45:00+05:30,1953.8499755859375,1953.8499755859375,1952.5999755859375,1953.8499755859375,23
2026-09-18 10:46:00+05:30,1953.9000244140625,1953.9000244140625,1953.0,1953.0,11
2026-09-18 10:47:00+05:30,1953.949951171875,1953.949951171875,1953.9000244140625,1953.9000244140625,62
2026-09-18 10:48:00+05:30,1954.0,1954.0,1953.25,1953.949951171875,29
2026-09-18 10:49:00+05:30,1953.25,1954.25,1953.25,1954.25,14
2026-09-18 10:50:00+05:30,1955.0,1955.0,1954.0,1954.0,57
2026-09-18 10:51:00+05:30,1953.6500244140625,1955.1500244140625,1953.6500244140625,1955.1500244140625,73
2026-09-18 10:52:00+05:30,1955.0999755859375,1955.6500244140625,1953.949951171875,1955.1500244140625,19
2026-09-18 10:53:00+05:30,1954.949951171875,1954.949951171875,1954.949951171875,1954.949951171875,5
2026-09-18 10:54:00+05:30,1954.949951171875,1954.949951171875,1954.949951171875,1954.949951171875,1
2026-09-18 10:55:00+05:30,1954.6500244140625,1954.9000244140625,1953.199951171875,1953.5999755859375,136
2026-09-18 10:56:00+05:30,1955.0999755859375,1955.0999755859375,1955.0999755859375,1955.0999755859375,25
2026-09-18 10:57:00+05:30,1954.949951171875,1956.25,1954.949951171875,1955.0999755859375,95
2026-09-18 10:58:00+05:30,1955.8499755859375,1956.449951171875,1955.8499755859375,1956.449951171875,63
2026-09-18 10:59:00+05:30,1956.5,1956.5,1955.8499755859375,1955.8499755859375,109
2026-09-18 11:00:00+05:30,1957.0,1957.0,1957.0,1957.0,54
2026-09-18 11:01:00+05:30,1955.75,1957.9000244140625,1955.75,1957.9000244140625,126
2026-09-18 11:02:00+05:30,1956.949951171875,1956.949951171875,1956.949951171875,1956.949951171875,1
2026-09-18 11:03:00+05:30,1957.0,1957.0,1957.0,1957.0,8
2026-09-18 11:04:00+05:30,1956.1500244140625,1956.550048828125,1954.800048828125,1956.550048828125,159
2026-09-18 11:05:00+05:30,1956.0,1956.0,1954.3499755859375,1954.3499755859375,25
2026-09-18 11:06:00+05:30,1955.1500244140625,1956.1500244140625,1955.1500244140625,1956.0,146
2026-09-18 11:07:00+05:30,1956.0999755859375,1956.0999755859375,1954.9000244140625,1954.9000244140625,40
2026-09-18 11:09:00+05:30,1955.6500244140625,1955.6500244140625,1954.449951171875,1954.449951171875,21
2026-09-18 11:10:00+05:30,1956.0,1956.0,1955.800048828125,1955.800048828125,6
2026-09-18 11:11:00+05:30,1955.699951171875,1955.8499755859375,1955.699951171875,1955.8499755859375,9
2026-09-18 11:12:00+05:30,1956.0999755859375,1956.0999755859375,1955.699951171875,1955.699951171875,2
2026-09-18 11:14:00+05:30,1955.5999755859375,1955.5999755859375,1954.3499755859375,1954.3499755859375,64
2026-09-18 11:15:00+05:30,1954.199951171875,1955.5999755859375,1954.199951171875,1955.5999755859375,38
2026-09-18 11:16:00+05:30,1953.0,1955.5,1953.0,1955.5,243
2026-09-18 11:17:00+05:30,1953.300048828125,1953.300048828125,1951.800048828125,1953.050048828125,58
2026-09-18 11:18:00+05:30,1953.449951171875,1953.5999755859375,1951.800048828125,1953.300048828125,62
2026-09-18 11:19:00+05:30,1953.199951171875,1953.5,1953.199951171875,1953.5,93
2026-09-18 11:20:00+05:30,1954.0,1955.050048828125,1954.0,1955.050048828125,9
2026-09-18 11:21:00+05:30,1954.75,1955.1500244140625,1954.0,1954.0,274
2026-09-18 11:22:00+05:30,1954.75,1954.800048828125,1954.0,1954.800048828125,3
2026-09-18 11:24:00+05:30,1954.0,1954.699951171875,1954.0,1954.699951171875,33
2026-09-18 11:25:00+05:30,1954.800048828125,1954.800048828125,1954.800048828125,1954.800048828125,2
2026-09-18 11:26:00+05:30,1954.0,1955.0,1954.0,1955.0,220
2026-09-18 11:27:00+05:30,1955.0,1955.0,1954.8499755859375,1954.8499755859375,35
2026-09-18 11:28:00+05:30,1954.050048828125,1954.949951171875,1954.050048828125,1954.75,32
2026-09-18 11:29:00+05:30,1954.0,1954.949951171875,1954.0,1954.949951171875,33
2026-09-18 11:30:00+05:30,1954.949951171875,1954.949951171875,1954.949951171875,1954.949951171875,10
2026-09-18 11:31:00+05:30,1954.0,1955.75,1954.0,1955.0,52
2026-09-18 11:32:00+05:30,1954.9000244140625,1955.0,1954.0,1955.0,59
2026-09-18 11:33:00+05:30,1954.8499755859375,1954.8499755859375,1954.0999755859375,1954.0999755859375,76
2026-09-18 11:34:00+05:30,1954.800048828125,1954.800048828125,1954.800048828125,1954.800048828125,5
2026-09-18 11:35:00+05:30,1954.949951171875,1954.949951171875,1954.949951171875,1954.949951171875,1
2026-09-18 11:36:00+05:30,1955.0,1955.0,1954.050048828125,1954.9000244140625,46
2026-09-18 11:37:00+05:30,1954.8499755859375,1955.0,1954.8499755859375,1955.0,7
2026-09-18 11:38:00+05:30,1954.0,1955.0,1954.0,1955.0,19
2026-09-18 11:39:00+05:30,1954.949951171875,1954.949951171875,1954.0,1954.0,101
2026-09-18 11:40:00+05:30,1954.949951171875,1954.949951171875,1954.949951171875,1954.949951171875,1
2026-09-18 11:41:00+05:30,1955.0,1955.0,1954.199951171875,1954.199951171875,21
2026-09-18 11:42:00+05:30,1956.0999755859375,1956.0999755859375,1956.0999755859375,1956.0999755859375,10
2026-09-18 11:43:00+05:30,1954.800048828125,1955.800048828125,1954.75,1955.800048828125,104
2026-09-18 11:44:00+05:30,1955.449951171875,1955.449951171875,1955.449951171875,1955.449951171875,1
2026-09-18 11:45:00+05:30,1955.449951171875,1955.449951171875,1955.449951171875,1955.449951171875,20
2026-09-18 11:46:00+05:30,1956.0,1956.0,1955.449951171875,1955.449951171875,253
2026-09-18 11:48:00+05:30,1956.0999755859375,1956.0999755859375,1956.0999755859375,1956.0999755859375,31
2026-09-18 11:49:00+05:30,1956.300048828125,1956.550048828125,1955.449951171875,1956.550048828125,19
2026-09-18 11:50:00+05:30,1956.75,1956.75,1956.75,1956.75,360
2026-09-18 11:51:00+05:30,1956.949951171875,1956.949951171875,1956.949951171875,1956.949951171875,25
2026-09-18 11:53:00+05:30,1956.050048828125,1956.449951171875,1956.050048828125,1956.4000244140625,15
2026-09-18 11:54:00+05:30,1956.199951171875,1956.199951171875,1956.199951171875,1956.199951171875,1
2026-09-18 11:55:00+05:30,1957.050048828125,1957.050048828125,1957.0,1957.0,48
2026-09-18 11:56:00+05:30,1957.449951171875,1957.449951171875,1957.449951171875,1957.449951171875,4
2026-09-18 11:57:00+05:30,1956.0,1956.9000244140625,1956.0,1956.9000244140625,35
2026-09-18 11:58:00+05:30,1956.0,1957.550048828125,1956.0,1957.550048828125,28
2026-09-18 11:59:00+05:30,1955.199951171875,1956.050048828125,1953.5999755859375,1956.050048828125,2902
2026-09-18 12:00:00+05:30,1956.0,1956.25,1954.550048828125,1956.0,2347
2026-09-18 12:01:00+05:30,1955.25,1955.25,1955.25,1955.25,1000
2026-09-18 12:03:00+05:30,1956.6500244140625,1956.800048828125,1956.0999755859375,1956.0999755859375,13
2026-09-18 12:04:00+05:30,1955.25,1956.75,1955.25,1956.75,52
2026-09-18 12:05:00+05:30,1954.0,1954.0,1954.0,1954.0,4
2026-09-18 12:06:00+05:30,1954.1500244140625,1954.1500244140625,1953.050048828125,1954.0,213
2026-09-18 12:07:00+05:30,1955.949951171875,1955.949951171875,1955.6500244140625,1955.6500244140625,13
2026-09-18 12:08:00+05:30,1956.0,1956.0,1956.0,1956.0,13
2026-09-18 12:09:00+05:30,1955.3499755859375,1956.0,1954.050048828125,1955.0999755859375,28
2026-09-18 12:10:00+05:30,1953.9000244140625,1953.9000244140625,1953.6500244140625,1953.6500244140625,32
2026-09-18 12:12:00+05:30,1954.550048828125,1954.550048828125,1953.9000244140625,1953.9000244140625,10
2026-09-18 12:13:00+05:30,1955.4000244140625,1956.0999755859375,1954.300048828125,1954.300048828125,98
2026-09-18 12:14:00+05:30,1955.550048828125,1956.949951171875,1955.1500244140625,1956.4000244140625,357
2026-09-18 12:15:00+05:30,1956.0,1956.0,1955.5999755859375,1955.5999755859375,71
2026-09-18 12:16:00+05:30,1955.199951171875,1956.25,1955.199951171875,1955.949951171875,113
2026-09-18 12:17:00+05:30,1955.75,1955.75,1955.75,1955.75,5
2026-09-18 12:19:00+05:30,1955.1500244140625,1955.1500244140625,1955.1500244140625,1955.1500244140625,5
2026-09-18 12:20:00+05:30,1956.25,1956.25,1956.25,1956.25,8
2026-09-18 12:21:00+05:30,1955.449951171875,1956.550048828125,1955.449951171875,1956.550048828125,8
2026-09-18 12:22:00+05:30,1956.5,1956.5,1956.5,1956.5,4
2026-09-18 12:23:00+05:30,1956.3499755859375,1956.3499755859375,1956.3499755859375,1956.3499755859375,3
2026-09-18 12:24:00+05:30,1956.449951171875,1956.449951171875,1956.449951171875,1956.449951171875,4
2026-09-18 12:25:00+05:30,1956.0,1956.449951171875,1956.0,1956.449951171875,13
2026-09-18 12:26:00+05:30,1956.6500244140625,1956.6500244140625,1955.25,1955.25,12
2026-09-18 12:27:00+05:30,1956.550048828125,1956.8499755859375,1955.550048828125,1956.699951171875,39
2026-09-18 12:28:00+05:30,1957.0999755859375,1957.0999755859375,1956.9000244140625,1956.9000244140625,29
2026-09-18 12:29:00+05:30,1957.949951171875,1957.949951171875,1957.199951171875,1957.9000244140625,95
2026-09-18 12:30:00+05:30,1959.1500244140625,1959.1500244140625,1957.5,1957.5,372
2026-09-18 12:31:00+05:30,1958.050048828125,1958.050048828125,1956.6500244140625,1956.6500244140625,51
2026-09-18 12:32:00+05:30,1956.6500244140625,1958.4000244140625,1956.6500244140625,1958.050048828125,24
2026-09-18 12:33:00+05:30,1957.800048828125,1957.800048828125,1956.5999755859375,1956.5999755859375,36
2026-09-18 12:34:00+05:30,1958.0,1958.0,1957.8499755859375,1957.8499755859375,46
2026-09-18 12:35:00+05:30,1956.9000244140625,1958.0,1956.9000244140625,1958.0,41
2026-09-18 12:36:00+05:30,1956.25,1956.5,1956.25,1956.5,15
2026-09-18 12:38:00+05:30,1957.4000244140625,1957.550048828125,1957.4000244140625,1957.550048828125,41
2026-09-18 12:39:00+05:30,1956.9000244140625,1957.0,1956.5,1957.0,18
2026-09-18 12:40:00+05:30,1955.949951171875,1956.1500244140625,1955.949951171875,1955.949951171875,20
2026-09-18 12:41:00+05:30,1957.3499755859375,1957.5,1957.0,1957.1500244140625,20
2026-09-18 12:42:00+05:30,1957.050048828125,1957.050048828125,1956.9000244140625,1956.9000244140625,32
2026-09-18 12:43:00+05:30,1957.6500244140625,1957.6500244140625,1955.449951171875,1955.449951171875,120
2026-09-18 12:44:00+05:30,1955.300048828125,1955.4000244140625,1955.300048828125,1955.4000244140625,53
2026-09-18 12:45:00+05:30,1956.0999755859375,1956.0999755859375,1955.699951171875,1955.699951171875,2
2026-09-18 12:46:00+05:30,1957.0,1957.0,1955.699951171875,1956.699951171875,72
2026-09-18 12:47:00+05:30,1957.75,1957.75,1957.75,1957.75,1
2026-09-18 12:48:00+05:30,1958.0,1958.0,1957.8499755859375,1957.8499755859375,114
2026-09-18 12:49:00+05:30,1956.699951171875,1958.0,1956.699951171875,1956.699951171875,40
2026-09-18 12:50:00+05:30,1958.0,1958.0,1958.0,1958.0,11
2026-09-18 12:51:00+05:30,1956.699951171875,1956.699951171875,1956.699951171875,1956.699951171875,2
2026-09-18 12:52:00+05:30,1955.5999755859375,1957.199951171875,1955.5999755859375,1957.199951171875,42
2026-09-18 12:53:00+05:30,1956.25,1957.449951171875,1956.25,1956.6500244140625,202
2026-09-18 12:54:00+05:30,1958.0,1958.0,1957.8499755859375,1957.8499755859375,64
2026-09-18 12:55:00+05:30,1959.0,1959.0,1959.0,1959.0,500
2026-09-18 12:58:00+05:30,1959.0,1959.0,1959.0,1959.0,1
2026-09-18 12:59:00+05:30,1959.300048828125,1959.300048828125,1959.0,1959.0,7
2026-09-18 13:01:00+05:30,1958.8499755859375,1959.1500244140625,1958.8499755859375,1959.1500244140625,2
2026-09-18 13:02:00+05:30,1957.5,1958.0,1957.5,1958.0,8
2026-09-18 13:03:00+05:30,1958.3499755859375,1958.3499755859375,1958.3499755859375,1958.3499755859375,7
2026-09-18 13:04:00+05:30,1956.5999755859375,1958.0,1956.5999755859375,1958.0,7
2026-09-18 13:05:00+05:30,1957.6500244140625,1957.6500244140625,1956.5,1956.5,22
2026-09-18 13:06:00+05:30,1957.4000244140625,1957.4000244140625,1956.0,1956.1500244140625,67
2026-09-18 13:07:00+05:30,1956.0999755859375,1956.75,1956.0999755859375,1956.75,3
2026-09-18 13:08:00+05:30,1957.25,1957.25,1955.8499755859375,1955.8499755859375,102
2026-09-18 13:09:00+05:30,1957.1500244140625,1957.199951171875,1956.199951171875,1956.199951171875,89
2026-09-18 13:10:00+05:30,1955.0,1955.75,1955.0,1955.699951171875,151
2026-09-18 13:11:00+05:30,1956.4000244140625,1956.4000244140625,1954.5,1954.5,156
2026-09-18 13:12:00+05:30,1955.0,1955.0,1955.0,1955.0,50
2026-09-18 13:13:00+05:30,1952.5,1953.449951171875,1952.5,1953.449951171875,45
2026-09-18 13:14:00+05:30,1952.0,1952.0,1952.0,1952.0,3
2026-09-18 13:15:00+05:30,1953.25,1954.0999755859375,1952.75,1952.800048828125,31
2026-09-18 13:16:00+05:30,1951.5,1952.0,1951.5,1952.0,16
2026-09-18 13:17:00+05:30,1953.6500244140625,1953.6500244140625,1952.25,1952.75,57
2026-09-18 13:18:00+05:30,1952.050048828125,1952.949951171875,1952.0,1952.949951171875,10
2026-09-18 13:19:00+05:30,1952.800048828125,1952.800048828125,1951.199951171875,1951.199951171875,42
2026-09-18 13:20:00+05:30,1951.0,1952.0,1951.0,1952.0,36
2026-09-18 13:21:00+05:30,1952.0,1952.0,1952.0,1952.0,1
2026-09-18 13:22:00+05:30,1951.050048828125,1952.0,1951.050048828125,1952.0,514
2026-09-18 13:23:00+05:30,1951.949951171875,1951.949951171875,1951.949951171875,1951.949951171875,1
2026-09-18 13:24:00+05:30,1952.5,1952.8499755859375,1951.300048828125,1952.199951171875,59
2026-09-18 13:25:00+05:30,1951.199951171875,1951.199951171875,1951.199951171875,1951.199951171875,1
2026-09-18 13:26:00+05:30,1951.449951171875,1952.449951171875,1951.449951171875,1952.449951171875,3
2026-09-18 13:27:00+05:30,1952.5999755859375,1952.949951171875,1952.4000244140625,1952.949951171875,53
2026-09-18 13:28:00+05:30,1951.0,1952.4000244140625,1951.0,1952.4000244140625,75
2026-09-18 13:29:00+05:30,1951.0,1951.0,1951.0,1951.0,30
2026-09-18 13:30:00+05:30,1951.0,1951.0,1951.0,1951.0,2
2026-09-18 13:31:00+05:30,1951.0,1951.050048828125,1951.0,1951.0,74
2026-09-18 13:32:00+05:30,1951.5999755859375,1952.550048828125,1951.550048828125,1951.550048828125,10
2026-09-18 13:33:00+05:30,1952.5999755859375,1952.5999755859375,1952.0,1952.0,2
2026-09-18 13:34:00+05:30,1952.949951171875,1953.0,1952.5999755859375,1952.699951171875,19
2026-09-18 13:36:00+05:30,1952.9000244140625,1952.9000244140625,1952.9000244140625,1952.9000244140625,3
2026-09-18 13:37:00+05:30,1951.8499755859375,1952.75,1951.8499755859375,1952.75,27
2026-09-18 13:38:00+05:30,1951.5999755859375,1952.9000244140625,1951.25,1951.25,208
2026-09-18 13:39:00+05:30,1952.5,1952.550048828125,1951.550048828125,1952.550048828125,13
2026-09-18 13:40:00+05:30,1952.449951171875,1952.5,1952.449951171875,1952.5,13
2026-09-18 13:41:00+05:30,1950.9000244140625,1952.3499755859375,1950.9000244140625,1952.300048828125,196
2026-09-18 13:42:00+05:30,1951.3499755859375,1951.3499755859375,1951.0,1951.0,25
2026-09-18 13:43:00+05:30,1949.8499755859375,1952.300048828125,1949.8499755859375,1951.449951171875,537
2026-09-18 13:44:00+05:30,1949.199951171875,1949.75,1948.1500244140625,1949.75,56
2026-09-18 13:45:00+05:30,1949.5,1949.5,1948.0999755859375,1948.0999755859375,5
2026-09-18 13:46:00+05:30,1949.5,1949.5,1949.5,1949.5,35
2026-09-18 13:47:00+05:30,1949.5,1949.5,1949.0999755859375,1949.0999755859375,10
2026-09-18 13:48:00+05:30,1948.5,1949.5,1948.5,1949.5,101
2026-09-18 13:49:00+05:30,1949.4000244140625,1949.449951171875,1949.4000244140625,1949.4000244140625,7
2026-09-18 13:50:00+05:30,1949.3499755859375,1949.3499755859375,1949.3499755859375,1949.3499755859375,1
2026-09-18 13:51:00+05:30,1948.5999755859375,1949.800048828125,1948.5999755859375,1948.6500244140625,17
2026-09-18 13:52:00+05:30,1949.9000244140625,1949.949951171875,1949.9000244140625,1949.949951171875,2
2026-09-18 13:53:00+05:30,1949.9000244140625,1950.4000244140625,1949.9000244140625,1950.4000244140625,2
2026-09-18 13:54:00+05:30,1950.25,1950.25,1950.050048828125,1950.1500244140625,11
2026-09-18 13:55:00+05:30,1950.25,1950.25,1950.25,1950.25,10
2026-09-18 13:56:00+05:30,1950.25,1950.25,1950.25,1950.25,1005
2026-09-18 13:57:00+05:30,1950.25,1950.25,1950.25,1950.25,1
2026-09-18 13:58:00+05:30,1949.1500244140625,1950.25,1949.1500244140625,1950.25,28
2026-09-18 13:59:00+05:30,1950.3499755859375,1950.3499755859375,1950.0,1950.0,12
2026-09-18 14:00:00+05:30,1949.5999755859375,1950.550048828125,1949.5999755859375,1950.3499755859375,55
2026-09-18 14:01:00+05:30,1949.4000244140625,1950.5,1949.4000244140625,1949.6500244140625,42
2026-09-18 14:02:00+05:30,1950.0,1950.3499755859375,1950.0,1950.3499755859375,27
2026-09-18 14:03:00+05:30,1950.0,1950.0,1950.0,1950.0,6
2026-09-18 14:04:00+05:30,1950.0,1950.75,1950.0,1950.699951171875,121
2026-09-18 14:05:00+05:30,1950.0,1950.0,1950.0,1950.0,5
2026-09-18 14:06:00+05:30,1950.0,1950.0,1948.949951171875,1949.5,108
2026-09-18 14:07:00+05:30,1950.0,1950.0,1950.0,1950.0,1
2026-09-18 14:08:00+05:30,1949.199951171875,1949.199951171875,1949.199951171875,1949.199951171875,5
2026-09-18 14:09:00+05:30,1950.0,1950.0,1949.25,1949.949951171875,11
2026-09-18 14:10:00+05:30,1950.25,1950.25,1949.300048828125,1949.300048828125,49
2026-09-18 14:11:00+05:30,1949.4000244140625,1949.4000244140625,1949.4000244140625,1949.4000244140625,1
2026-09-18 14:12:00+05:30,1950.25,1950.25,1950.25,1950.25,10
2026-09-18 14:13:00+05:30,1949.949951171875,1950.1500244140625,1949.0,1949.3499755859375,246
2026-09-18 14:14:00+05:30,1950.0,1950.0,1949.949951171875,1949.949951171875,3
2026-09-18 14:17:00+05:30,1950.449951171875,1950.75,1950.0,1950.0,38
2026-09-18 14:18:00+05:30,1951.0,1951.0,1949.0999755859375,1949.0999755859375,43
2026-09-18 14:19:00+05:30,1950.8499755859375,1951.199951171875,1950.8499755859375,1951.199951171875,30
2026-09-18 14:20:00+05:30,1953.0,1953.0,1952.1500244140625,1953.0,39
2026-09-18 14:21:00+05:30,1954.0,1954.0,1954.0,1954.0,1
2026-09-18 14:22:00+05:30,1953.0,1953.4000244140625,1952.699951171875,1953.4000244140625,13
2026-09-18 14:23:00+05:30,1953.8499755859375,1953.8499755859375,1953.0,1953.0,2
2026-09-18 14:24:00+05:30,1952.5,1953.0,1952.5,1953.0,33
2026-09-18 14:25:00+05:30,1954.0,1954.0,1952.5999755859375,1954.0,144
2026-09-18 14:26:00+05:30,1953.550048828125,1953.9000244140625,1952.5,1953.9000244140625,84
2026-09-18 14:27:00+05:30,1952.8499755859375,1953.800048828125,1952.8499755859375,1953.4000244140625,21
2026-09-18 14:28:00+05:30,1954.0,1954.0,1952.699951171875,1952.699951171875,151
2026-09-18 14:29:00+05:30,1954.5999755859375,1955.0,1954.5999755859375,1954.5999755859375,12
2026-09-18 14:30:00+05:30,1954.5,1954.699951171875,1953.0,1954.5999755859375,309
2026-09-18 14:31:00+05:30,1953.300048828125,1953.300048828125,1953.300048828125,1953.300048828125,7
2026-09-18 14:32:00+05:30,1955.1500244140625,1955.1500244140625,1954.0999755859375,1954.0999755859375,3
2026-09-18 14:33:00+05:30,1953.3499755859375,1955.050048828125,1953.3499755859375,1955.050048828125,6
2026-09-18 14:34:00+05:30,1954.050048828125,1954.0999755859375,1953.300048828125,1953.300048828125,3
2026-09-18 14:35:00+05:30,1953.300048828125,1954.300048828125,1953.300048828125,1953.300048828125,21
2026-09-18 14:36:00+05:30,1953.5,1954.0,1953.0999755859375,1954.0,74
2026-09-18 14:37:00+05:30,1952.25,1953.6500244140625,1952.0,1952.0,119
2026-09-18 14:39:00+05:30,1953.25,1953.25,1953.25,1953.25,8
2026-09-18 14:40:00+05:30,1953.800048828125,1953.800048828125,1953.800048828125,1953.800048828125,10
2026-09-18 14:41:00+05:30,1954.199951171875,1954.3499755859375,1953.0,1953.800048828125,57
2026-09-18 14:42:00+05:30,1952.800048828125,1953.8499755859375,1952.800048828125,1953.8499755859375,25
2026-09-18 14:43:00+05:30,1952.4000244140625,1952.4000244140625,1952.300048828125,1952.4000244140625,23
2026-09-18 14:44:00+05:30,1953.0,1953.0,1952.4000244140625,1952.4000244140625,36
2026-09-18 14:45:00+05:30,1952.800048828125,1953.0,1952.800048828125,1953.0,51
2026-09-18 14:47:00+05:30,1952.8499755859375,1954.1500244140625,1952.8499755859375,1953.949951171875,197
2026-09-18 14:48:00+05:30,1952.949951171875,1954.050048828125,1952.949951171875,1954.050048828125,21
2026-09-18 14:49:00+05:30,1954.4000244140625,1955.0999755859375,1953.5,1955.0999755859375,65
2026-09-18 14:50:00+05:30,1954.6500244140625,1954.6500244140625,1954.6500244140625,1954.6500244140625,4
2026-09-18 14:51:00+05:30,1954.949951171875,1956.1500244140625,1954.0,1954.4000244140625,132
2026-09-18 14:52:00+05:30,1956.1500244140625,1956.1500244140625,1956.1500244140625,1956.1500244140625,8
2026-09-18 14:53:00+05:30,1955.4000244140625,1957.199951171875,1955.4000244140625,1956.1500244140625,122
2026-09-18 14:54:00+05:30,1957.1500244140625,1957.1500244140625,1956.0999755859375,1956.300048828125,902
2026-09-18 14:55:00+05:30,1956.4000244140625,1956.6500244140625,1956.4000244140625,1956.6500244140625,5
2026-09-18 14:56:00+05:30,1956.1500244140625,1956.199951171875,1956.1500244140625,1956.1500244140625,22
2026-09-18 14:57:00+05:30,1955.1500244140625,1956.1500244140625,1955.1500244140625,1956.1500244140625,11
2026-09-18 14:58:00+05:30,1956.300048828125,1956.3499755859375,1956.300048828125,1956.3499755859375,21
2026-09-18 14:59:00+05:30,1956.550048828125,1956.550048828125,1956.550048828125,1956.550048828125,1
2026-09-18 15:00:00+05:30,1954.6500244140625,1955.699951171875,1953.199951171875,1955.1500244140625,150
2026-09-18 15:01:00+05:30,1954.3499755859375,1954.3499755859375,1953.050048828125,1953.300048828125,62
2026-09-18 15:02:00+05:30,1954.449951171875,1954.449951171875,1953.199951171875,1953.25,15
2026-09-18 15:03:00+05:30,1953.6500244140625,1955.3499755859375,1953.449951171875,1953.449951171875,312
2026-09-18 15:04:00+05:30,1954.449951171875,1954.449951171875,1953.0,1953.6500244140625,8
2026-09-18 15:05:00+05:30,1953.5,1953.8499755859375,1953.5,1953.5,152
2026-09-18 15:06:00+05:30,1954.0,1954.0999755859375,1952.300048828125,1953.5,487
2026-09-18 15:07:00+05:30,1953.300048828125,1953.300048828125,1952.3499755859375,1952.3499755859375,142
2026-09-18 15:08:00+05:30,1952.449951171875,1952.449951171875,1952.3499755859375,1952.3499755859375,3
2026-09-18 15:09:00+05:30,1952.5,1952.5,1952.3499755859375,1952.3499755859375,104
2026-09-18 15:10:00+05:30,1950.0999755859375,1952.4000244140625,1950.0,1952.3499755859375,402
2026-09-18 15:11:00+05:30,1949.9000244140625,1950.0999755859375,1949.9000244140625,1950.0,59
2026-09-18 15:12:00+05:30,1948.800048828125,1950.0,1948.0,1950.0,166
2026-09-18 15:13:00+05:30,1949.75,1949.75,1948.0,1948.0,82
2026-09-18 15:14:00+05:30,1948.050048828125,1955.0,1948.050048828125,1949.0,76
2026-09-18 15:29:00+05:30,1934.949951171875,1934.949951171875,1934.949951171875,1934.949951171875,4269
2026-09-21 09:15:00+05:30,1950.0,1951.0,1935.6500244140625,1935.6500244140625,496
2026-09-21 09:16:00+05:30,1950.5,1953.0,1949.25,1951.0,1057
2026-09-21 09:17:00+05:30,1952.949951171875,1953.0,1950.050048828125,1951.6500244140625,543
2026-09-21 09:18:00+05:30,1953.300048828125,1955.0,1951.5999755859375,1951.5999755859375,725
2026-09-21 09:19:00+05:30,1950.5,1952.9000244140625,1948.949951171875,1952.8499755859375,225
2026-09-21 09:20:00+05:30,1951.199951171875,1951.199951171875,1949.0,1951.050048828125,74
2026-09-21 09:21:00+05:30,1947.25,1951.0,1947.25,1949.550048828125,296
2026-09-21 09:22:00+05:30,1949.75,1950.6500244140625,1947.25,1947.25,2057
2026-09-21 09:23:00+05:30,1950.0999755859375,1950.0999755859375,1948.449951171875,1948.550048828125,29
2026-09-21 09:24:00+05:30,1953.1500244140625,1954.0,1950.0999755859375,1950.449951171875,487
2026-09-21 09:25:00+05:30,1954.0,1954.0,1951.800048828125,1951.800048828125,383
2026-09-21 09:26:00+05:30,1956.0,1956.0,1953.9000244140625,1955.0,335
2026-09-21 09:27:00+05:30,1954.8499755859375,1957.050048828125,1954.8499755859375,1957.050048828125,330
2026-09-21 09:28:00+05:30,1958.0,1958.0,1957.0,1957.0,380
2026-09-21 09:29:00+05:30,1956.0999755859375,1958.300048828125,1955.0,1958.300048828125,579
2026-09-21 09:30:00+05:30,1959.800048828125,1962.0,1956.25,1956.25,557
2026-09-21 09:31:00+05:30,1960.949951171875,1961.3499755859375,1960.0,1960.8499755859375,179
2026-09-21 09:32:00+05:30,1960.199951171875,1960.5,1959.5,1960.050048828125,29
2026-09-21 09:33:00+05:30,1961.25,1961.25,1958.75,1959.550048828125,378
2026-09-21 09:34:00+05:30,1960.800048828125,1960.949951171875,1960.0,1960.949951171875,93
2026-09-21 09:35:00+05:30,1962.050048828125,1962.050048828125,1960.050048828125,1960.050048828125,610
2026-09-21 09:36:00+05:30,1965.0,1965.0,1960.5,1960.699951171875,562
2026-09-21 09:37:00+05:30,1959.5999755859375,1966.6500244140625,1959.5999755859375,1966.6500244140625,1393
2026-09-21 09:38:00+05:30,1959.0,1959.300048828125,1957.550048828125,1959.300048828125,57
2026-09-21 09:39:00+05:30,1957.5,1958.25,1956.3499755859375,1957.0999755859375,901
2026-09-21 09:40:00+05:30,1956.699951171875,1956.699951171875,1955.6500244140625,1956.1500244140625,168
2026-09-21 09:41:00+05:30,1954.699951171875,1955.25,1954.699951171875,1955.25,83
2026-09-21 09:42:00+05:30,1956.1500244140625,1956.1500244140625,1954.0,1954.0,89
2026-09-21 09:43:00+05:30,1957.5,1957.5,1955.0,1955.0,522
2026-09-21 09:44:00+05:30,1957.8499755859375,1958.4000244140625,1956.199951171875,1957.300048828125,377
2026-09-21 09:45:00+05:30,1954.199951171875,1958.3499755859375,1953.550048828125,1958.0999755859375,415
2026-09-21 09:46:00+05:30,1953.0,1954.199951171875,1953.0,1954.199951171875,57
2026-09-21 09:47:00+05:30,1952.1500244140625,1953.9000244140625,1952.1500244140625,1953.9000244140625,49
2026-09-21 09:48:00+05:30,1955.300048828125,1955.300048828125,1953.4000244140625,1953.4000244140625,104
2026-09-21 09:49:00+05:30,1955.1500244140625,1956.0,1955.0,1955.300048828125,316
2026-09-21 09:50:00+05:30,1954.949951171875,1955.550048828125,1953.949951171875,1955.1500244140625,211
2026-09-21 09:51:00+05:30,1955.0,1955.25,1954.4000244140625,1955.25,18
2026-09-21 09:52:00+05:30,1954.0,1954.0,1954.0,1954.0,50
2026-09-21 09:53:00+05:30,1953.949951171875,1954.0,1953.949951171875,1954.0,81
2026-09-21 09:54:00+05:30,1953.9000244140625,1953.9000244140625,1953.0,1953.0,26
2026-09-21 09:55:00+05:30,1953.050048828125,1953.9000244140625,1953.050048828125,1953.0999755859375,243
2026-09-21 09:56:00+05:30,1954.300048828125,1954.8499755859375,1953.9000244140625,1954.0,114
2026-09-21 09:57:00+05:30,1954.949951171875,1954.949951171875,1954.300048828125,1954.300048828125,6
2026-09-21 09:58:00+05:30,1954.3499755859375,1954.949951171875,1953.4000244140625,1954.949951171875,88
2026-09-21 09:59:00+05:30,1954.9000244140625,1954.9000244140625,1953.9000244140625,1954.550048828125,27
2026-09-21 10:00:00+05:30,1953.800048828125,1954.949951171875,1953.800048828125,1954.9000244140625,37
2026-09-21 10:01:00+05:30,1953.800048828125,1953.800048828125,1953.800048828125,1953.800048828125,125
2026-09-21 10:02:00+05:30,1954.25,1954.25,1953.800048828125,1953.800048828125,38
2026-09-21 10:03:00+05:30,1954.0,1954.0999755859375,1953.050048828125,1953.050048828125,3
2026-09-21 10:04:00+05:30,1953.050048828125,1953.1500244140625,1953.050048828125,1953.050048828125,38
2026-09-21 10:05:00+05:30,1953.9000244140625,1954.050048828125,1953.0,1953.9000244140625,35
2026-09-21 10:06:00+05:30,1953.8499755859375,1954.0,1953.0,1953.9000244140625,25
2026-09-21 10:07:00+05:30,1956.0,1956.0,1953.6500244140625,1953.6500244140625,528
2026-09-21 10:08:00+05:30,1958.3499755859375,1958.3499755859375,1956.0,1956.0,247
2026-09-21 10:09:00+05:30,1957.949951171875,1958.449951171875,1957.300048828125,1957.300048828125,45
2026-09-21 10:10:00+05:30,1957.0999755859375,1957.6500244140625,1957.0999755859375,1957.6500244140625,24
2026-09-21 10:11:00+05:30,1957.0,1957.6500244140625,1957.0,1957.6500244140625,130
2026-09-21 10:12:00+05:30,1957.449951171875,1957.449951171875,1956.550048828125,1956.550048828125,96
2026-09-21 10:13:00+05:30,1956.699951171875,1957.4000244140625,1955.550048828125,1957.4000244140625,14
2026-09-21 10:14:00+05:30,1956.5,1956.550048828125,1956.5,1956.550048828125,25
2026-09-21 10:15:00+05:30,1956.0,1956.050048828125,1956.0,1956.050048828125,7
2026-09-21 10:16:00+05:30,1955.550048828125,1956.0,1955.550048828125,1956.0,77
2026-09-21 10:17:00+05:30,1955.5,1955.9000244140625,1955.5,1955.550048828125,31
2026-09-21 10:18:00+05:30,1955.0,1956.0,1955.0,1956.0,34
2026-09-21 10:19:00+05:30,1955.0999755859375,1955.0999755859375,1955.0,1955.0,63
2026-09-21 10:20:00+05:30,1954.0,1955.0,1954.0,1955.0,80
2026-09-21 10:21:00+05:30,1954.5,1954.5,1953.050048828125,1954.3499755859375,51
2026-09-21 10:22:00+05:30,1958.5,1959.0,1954.1500244140625,1954.1500244140625,291
2026-09-21 10:23:00+05:30,1960.5,1962.0,1959.199951171875,1959.25,448
2026-09-21 10:24:00+05:30,1961.800048828125,1961.9000244140625,1960.8499755859375,1961.0999755859375,54
2026-09-21 10:25:00+05:30,1961.25,1963.0,1961.25,1963.0,387
2026-09-21 10:26:00+05:30,1959.4000244140625,1960.5,1958.800048828125,1960.5,81
2026-09-21 10:27:00+05:30,1959.050048828125,1959.449951171875,1958.0,1959.449951171875,18
2026-09-21 10:28:00+05:30,1956.0,1958.9000244140625,1956.0,1958.0,74
2026-09-21 10:29:00+05:30,1956.699951171875,1956.949951171875,1956.0,1956.0,44
2026-09-21 10:30:00+05:30,1955.0,1956.4000244140625,1955.0,1956.0,72
2026-09-21 10:31:00+05:30,1956.4000244140625,1956.4000244140625,1955.0,1955.699951171875,20
2026-09-21 10:32:00+05:30,1954.0,1956.300048828125,1954.0,1956.300048828125,73
2026-09-21 10:33:00+05:30,1953.0,1954.6500244140625,1953.0,1954.050048828125,216
2026-09-21 10:34:00+05:30,1953.25,1953.25,1952.699951171875,1952.699951171875,82
2026-09-21 10:35:00+05:30,1953.0,1954.449951171875,1953.0,1954.449951171875,10
2026-09-21 10:36:00+05:30,1953.8499755859375,1954.199951171875,1953.050048828125,1953.050048828125,8
2026-09-21 10:37:00+05:30,1953.0,1953.8499755859375,1953.0,1953.8499755859375,16
2026-09-21 10:38:00+05:30,1953.0,1953.8499755859375,1953.0,1953.8499755859375,99
2026-09-21 10:39:00+05:30,1953.25,1954.0999755859375,1953.050048828125,1954.0999755859375,66
2026-09-21 10:40:00+05:30,1953.0,1954.0,1953.0,1953.0,28
2026-09-21 10:41:00+05:30,1953.9000244140625,1953.9000244140625,1953.8499755859375,1953.8499755859375,14
2026-09-21 10:42:00+05:30,1953.5999755859375,1954.199951171875,1953.5999755859375,1953.9000244140625,28
2026-09-21 10:43:00+05:30,1954.550048828125,1955.0,1953.8499755859375,1954.199951171875,75
2026-09-21 10:44:00+05:30,1954.550048828125,1954.550048828125,1954.550048828125,1954.550048828125,10
2026-09-21 10:45:00+05:30,1953.6500244140625,1953.6500244140625,1953.6500244140625,1953.6500244140625,5
2026-09-21 10:46:00+05:30,1954.9000244140625,1954.9000244140625,1953.949951171875,1954.8499755859375,42
2026-09-21 10:47:00+05:30,1953.800048828125,1954.949951171875,1953.800048828125,1954.0999755859375,26
2026-09-21 10:48:00+05:30,1953.0,1954.050048828125,1953.0,1953.5999755859375,54
2026-09-21 10:49:00+05:30,1954.300048828125,1954.300048828125,1954.300048828125,1954.300048828125,1
2026-09-21 10:50:00+05:30,1954.0999755859375,1954.0999755859375,1953.300048828125,1953.300048828125,33
2026-09-21 10:51:00+05:30,1955.9000244140625,1955.9000244140625,1955.0,1955.0,21
2026-09-21 10:52:00+05:30,1955.3499755859375,1955.6500244140625,1954.5999755859375,1955.6500244140625,22
2026-09-21 10:54:00+05:30,1956.5999755859375,1956.5999755859375,1956.0,1956.0,111
2026-09-21 10:55:00+05:30,1955.300048828125,1956.449951171875,1955.25,1956.449951171875,33
2026-09-21 10:56:00+05:30,1955.75,1955.800048828125,1955.75,1955.800048828125,2
2026-09-21 10:57:00+05:30,1956.0,1956.0,1954.699951171875,1955.75,80
2026-09-21 10:58:00+05:30,1955.5,1955.949951171875,1954.5,1954.5,38
2026-09-21 10:59:00+05:30,1955.5999755859375,1955.8499755859375,1955.5999755859375,1955.8499755859375,17
2026-09-21 11:00:00+05:30,1955.5999755859375,1955.5999755859375,1954.5,1954.5,7
2026-09-21 11:01:00+05:30,1954.550048828125,1955.699951171875,1954.550048828125,1955.699951171875,3
2026-09-21 11:02:00+05:30,1955.949951171875,1955.949951171875,1954.550048828125,1954.75,31
2026-09-21 11:03:00+05:30,1955.949951171875,1955.949951171875,1954.8499755859375,1954.8499755859375,6
2026-09-21 11:04:00+05:30,1956.1500244140625,1956.1500244140625,1956.0,1956.0,17
2026-09-21 11:05:00+05:30,1957.6500244140625,1957.6500244140625,1954.800048828125,1954.800048828125,334
2026-09-21 11:06:00+05:30,1957.949951171875,1957.949951171875,1956.6500244140625,1957.699951171875,28
2026-09-21 11:07:00+05:30,1957.6500244140625,1957.949951171875,1957.0,1957.949951171875,13
2026-09-21 11:08:00+05:30,1958.0,1958.0,1957.6500244140625,1957.6500244140625,81
2026-09-21 11:09:00+05:30,1960.0,1960.0,1959.0,1959.0,40
2026-09-21 11:10:00+05:30,1959.0999755859375,1959.550048828125,1958.0,1958.550048828125,129
2026-09-21 11:11:00+05:30,1960.5,1960.5,1957.9000244140625,1958.3499755859375,257
2026-09-21 11:12:00+05:30,1961.6500244140625,1962.0,1961.0,1961.0,164
2026-09-21 11:13:00+05:30,1962.0,1962.75,1960.75,1961.949951171875,154
2026-09-21 11:14:00+05:30,1959.5999755859375,1961.800048828125,1959.5999755859375,1961.800048828125,652
2026-09-21 11:15:00+05:30,1960.75,1961.4000244140625,1960.75,1961.4000244140625,9
2026-09-21 11:16:00+05:30,1957.75,1957.75,1957.75,1957.75,55
2026-09-21 11:17:00+05:30,1958.5,1958.5,1958.5,1958.5,1
2026-09-21 11:18:00+05:30,1960.800048828125,1962.0999755859375,1959.449951171875,1962.0999755859375,222
2026-09-21 11:19:00+05:30,1959.300048828125,1959.5,1958.550048828125,1958.550048828125,4
2026-09-21 11:20:00+05:30,1958.0,1959.550048828125,1958.0,1959.550048828125,14
2026-09-21 11:21:00+05:30,1958.699951171875,1958.8499755859375,1958.699951171875,1958.8499755859375,18
2026-09-21 11:22:00+05:30,1958.1500244140625,1958.1500244140625,1958.0,1958.0,9
2026-09-21 11:23:00+05:30,1959.4000244140625,1959.4000244140625,1958.449951171875,1959.1500244140625,8
2026-09-21 11:24:00+05:30,1959.0,1959.4000244140625,1958.4000244140625,1959.4000244140625,10
2026-09-21 11:25:00+05:30,1958.800048828125,1958.949951171875,1958.800048828125,1958.8499755859375,18
2026-09-21 11:26:00+05:30,1958.4000244140625,1958.4000244140625,1958.4000244140625,1958.4000244140625,15
2026-09-21 11:27:00+05:30,1958.3499755859375,1958.3499755859375,1958.3499755859375,1958.3499755859375,1
2026-09-21 11:28:00+05:30,1957.949951171875,1957.949951171875,1957.949951171875,1957.949951171875,5
2026-09-21 11:29:00+05:30,1957.0,1957.0,1957.0,1957.0,41
2026-09-21 11:30:00+05:30,1956.6500244140625,1957.5999755859375,1956.5,1957.5999755859375,48
2026-09-21 11:31:00+05:30,1957.699951171875,1957.699951171875,1956.800048828125,1956.800048828125,12
2026-09-21 11:32:00+05:30,1957.5,1957.5,1956.800048828125,1956.800048828125,10
2026-09-21 11:33:00+05:30,1957.9000244140625,1957.9000244140625,1956.0,1956.0,23
2026-09-21 11:34:00+05:30,1956.449951171875,1956.449951171875,1956.449951171875,1956.449951171875,10
2026-09-21 11:35:00+05:30,1956.949951171875,1957.25,1955.8499755859375,1956.0,25
2026-09-21 11:36:00+05:30,1957.4000244140625,1959.4000244140625,1957.199951171875,1957.199951171875,671
2026-09-21 11:37:00+05:30,1958.0,1958.0,1958.0,1958.0,9
2026-09-21 11:38:00+05:30,1958.6500244140625,1958.6500244140625,1957.550048828125,1958.0,36
2026-09-21 11:39:00+05:30,1956.5999755859375,1958.1500244140625,1956.5999755859375,1957.550048828125,36
2026-09-21 11:40:00+05:30,1957.1500244140625,1957.699951171875,1957.1500244140625,1957.699951171875,19
2026-09-21 11:41:00+05:30,1956.199951171875,1957.0,1956.199951171875,1957.0,7
2026-09-21 11:42:00+05:30,1956.5999755859375,1956.5999755859375,1956.449951171875,1956.449951171875,52
2026-09-21 11:43:00+05:30,1957.0999755859375,1957.0999755859375,1957.0999755859375,1957.0999755859375,25
2026-09-21 11:44:00+05:30,1956.25,1957.199951171875,1956.25,1957.199951171875,3
2026-09-21 11:45:00+05:30,1957.5,1957.5,1957.3499755859375,1957.3499755859375,3
2026-09-21 11:46:00+05:30,1956.550048828125,1957.449951171875,1955.8499755859375,1957.449951171875,57
2026-09-21 11:47:00+05:30,1955.0,1957.1500244140625,1955.0,1955.8499755859375,20
2026-09-21 11:48:00+05:30,1955.3499755859375,1956.300048828125,1954.5999755859375,1954.5999755859375,15
2026-09-21 11:49:00+05:30,1956.050048828125,1956.300048828125,1956.050048828125,1956.300048828125,16
2026-09-21 11:50:00+05:30,1953.949951171875,1955.0,1953.949951171875,1955.0,243
2026-09-21 11:51:00+05:30,1955.0,1955.0,1955.0,1955.0,50
2026-09-21 11:52:00+05:30,1955.0,1955.0,1955.0,1955.0,2
2026-09-21 11:53:00+05:30,1955.75,1955.949951171875,1955.75,1955.949951171875,60
2026-09-21 11:54:00+05:30,1954.699951171875,1956.0,1954.699951171875,1956.0,33
2026-09-21 11:55:00+05:30,1955.699951171875,1956.199951171875,1955.699951171875,1956.199951171875,17
2026-09-21 11:56:00+05:30,1955.5999755859375,1955.699951171875,1954.4000244140625,1955.699951171875,391
2026-09-21 11:57:00+05:30,1955.3499755859375,1955.6500244140625,1955.3499755859375,1955.6500244140625,2
2026-09-21 11:58:00+05:30,1955.4000244140625,1956.5,1955.4000244140625,1956.449951171875,19
2026-09-21 11:59:00+05:30,1953.699951171875,1956.699951171875,1953.699951171875,1956.5999755859375,971
2026-09-21 12:01:00+05:30,1955.5999755859375,1955.5999755859375,1955.300048828125,1955.449951171875,19
2026-09-21 12:02:00+05:30,1955.4000244140625,1955.5999755859375,1955.4000244140625,1955.5999755859375,12
2026-09-21 12:03:00+05:30,1955.050048828125,1955.300048828125,1955.0,1955.300048828125,12
2026-09-21 12:05:00+05:30,1954.050048828125,1954.050048828125,1954.050048828125,1954.050048828125,5
2026-09-21 12:06:00+05:30,1954.0,1954.949951171875,1954.0,1954.949951171875,5
2026-09-21 12:07:00+05:30,1956.8499755859375,1957.0999755859375,1953.699951171875,1954.25,993
2026-09-21 12:08:00+05:30,1954.8499755859375,1956.699951171875,1954.0999755859375,1956.699951171875,14
2026-09-21 12:09:00+05:30,1955.0,1955.949951171875,1955.0,1955.9000244140625,11
2026-09-21 12:10:00+05:30,1956.0,1956.300048828125,1954.800048828125,1956.300048828125,48
2026-09-21 12:11:00+05:30,1956.300048828125,1956.300048828125,1955.050048828125,1955.050048828125,52
2026-09-21 12:12:00+05:30,1954.699951171875,1955.699951171875,1954.699951171875,1955.25,108
2026-09-21 12:13:00+05:30,1954.3499755859375,1954.3499755859375,1954.3499755859375,1954.3499755859375,5
2026-09-21 12:14:00+05:30,1955.800048828125,1955.800048828125,1954.6500244140625,1954.6500244140625,15
2026-09-21 12:15:00+05:30,1955.5999755859375,1955.5999755859375,1954.949951171875,1954.949951171875,5
2026-09-21 12:16:00+05:30,1955.5,1955.5,1955.0,1955.0,14
2026-09-21 12:17:00+05:30,1954.6500244140625,1955.5999755859375,1954.6500244140625,1955.5999755859375,8
2026-09-21 12:18:00+05:30,1954.050048828125,1955.25,1953.9000244140625,1954.3499755859375,51
2026-09-21 12:19:00+05:30,1954.199951171875,1954.199951171875,1954.199951171875,1954.199951171875,3
2026-09-21 12:20:00+05:30,1955.050048828125,1955.050048828125,1954.25,1954.25,18
2026-09-21 12:21:00+05:30,1955.050048828125,1955.5999755859375,1955.050048828125,1955.550048828125,34
2026-09-21 12:22:00+05:30,1955.050048828125,1956.0,1955.050048828125,1955.1500244140625,11
2026-09-21 12:23:00+05:30,1954.699951171875,1954.699951171875,1954.699951171875,1954.699951171875,25
2026-09-21 12:24:00+05:30,1957.9000244140625,1958.0999755859375,1955.050048828125,1955.050048828125,382
2026-09-21 12:25:00+05:30,1956.5,1956.5,1956.5,1956.5,3
2026-09-21 12:26:00+05:30,1957.449951171875,1957.449951171875,1957.449951171875,1957.449951171875,1
2026-09-21 12:27:00+05:30,1957.449951171875,1957.449951171875,1955.699951171875,1955.699951171875,70
2026-09-21 12:28:00+05:30,1959.25,1960.0,1957.5999755859375,1957.9000244140625,355
2026-09-21 12:29:00+05:30,1959.300048828125,1960.6500244140625,1959.300048828125,1960.6500244140625,55
2026-09-21 12:30:00+05:30,1957.550048828125,1960.4000244140625,1957.550048828125,1960.4000244140625,2
2026-09-21 12:31:00+05:30,1958.550048828125,1959.699951171875,1957.6500244140625,1957.6500244140625,119
2026-09-21 12:32:00+05:30,1961.0,1961.0,1958.550048828125,1958.550048828125,257
2026-09-21 12:33:00+05:30,1961.0,1961.0,1959.300048828125,1959.300048828125,47
2026-09-21 12:34:00+05:30,1960.949951171875,1960.949951171875,1960.9000244140625,1960.9000244140625,70
2026-09-21 12:35:00+05:30,1961.050048828125,1961.050048828125,1959.300048828125,1959.300048828125,7
2026-09-21 12:36:00+05:30,1961.4000244140625,1961.4000244140625,1959.800048828125,1959.800048828125,13
2026-09-21 12:37:00+05:30,1959.199951171875,1959.449951171875,1959.199951171875,1959.449951171875,8
2026-09-21 12:38:00+05:30,1959.0,1959.949951171875,1959.0,1959.949951171875,3
2026-09-21 12:39:00+05:30,1958.25,1960.1500244140625,1958.25,1960.1500244140625,99
2026-09-21 12:40:00+05:30,1958.75,1958.8499755859375,1958.0,1958.8499755859375,29
2026-09-21 12:42:00+05:30,1957.5999755859375,1957.5999755859375,1957.5999755859375,1957.5999755859375,14
2026-09-21 12:43:00+05:30,1957.5999755859375,1957.5999755859375,1957.5999755859375,1957.5999755859375,1
2026-09-21 12:44:00+05:30,1957.9000244140625,1957.9000244140625,1957.0,1957.0,49
2026-09-21 12:45:00+05:30,1958.25,1958.25,1957.5999755859375,1957.5999755859375,2
2026-09-21 12:46:00+05:30,1957.9000244140625,1957.9000244140625,1957.9000244140625,1957.9000244140625,3
2026-09-21 12:47:00+05:30,1956.199951171875,1957.9000244140625,1956.199951171875,1957.9000244140625,31
2026-09-21 12:48:00+05:30,1957.199951171875,1957.199951171875,1956.3499755859375,1956.3499755859375,8
2026-09-21 12:49:00+05:30,1956.1500244140625,1957.0,1956.1500244140625,1957.0,52
2026-09-21 12:50:00+05:30,1956.0,1956.9000244140625,1956.0,1956.9000244140625,6
2026-09-21 12:51:00+05:30,1957.050048828125,1957.050048828125,1957.050048828125,1957.050048828125,1
2026-09-21 12:52:00+05:30,1956.9000244140625,1956.9000244140625,1956.3499755859375,1956.3499755859375,4
2026-09-21 12:53:00+05:30,1956.0,1956.0,1956.0,1956.0,10
2026-09-21 12:54:00+05:30,1956.1500244140625,1956.5999755859375,1955.3499755859375,1956.5999755859375,17
2026-09-21 12:55:00+05:30,1955.300048828125,1955.9000244140625,1955.0,1955.9000244140625,44
2026-09-21 12:56:00+05:30,1956.9000244140625,1956.9000244140625,1955.949951171875,1955.949951171875,67
2026-09-21 12:57:00+05:30,1955.800048828125,1956.199951171875,1955.1500244140625,1955.1500244140625,5
2026-09-21 12:58:00+05:30,1955.550048828125,1955.550048828125,1955.0,1955.0,32
2026-09-21 12:59:00+05:30,1954.949951171875,1954.949951171875,1954.8499755859375,1954.8499755859375,7
2026-09-21 13:00:00+05:30,1954.75,1955.550048828125,1954.75,1955.550048828125,13
2026-09-21 13:01:00+05:30,1954.3499755859375,1955.699951171875,1954.3499755859375,1955.699951171875,39
2026-09-21 13:02:00+05:30,1955.0,1955.199951171875,1955.0,1955.199951171875,17
2026-09-21 13:03:00+05:30,1955.0,1955.0,1955.0,1955.0,88
2026-09-21 13:04:00+05:30,1955.0,1955.0,1954.0999755859375,1955.0,31
2026-09-21 13:05:00+05:30,1955.199951171875,1955.199951171875,1955.199951171875,1955.199951171875,15
2026-09-21 13:06:00+05:30,1954.0,1954.0999755859375,1954.0,1954.0999755859375,38
2026-09-21 13:07:00+05:30,1953.550048828125,1953.800048828125,1953.0,1953.800048828125,348
2026-09-21 13:08:00+05:30,1953.0,1953.0,1953.0,1953.0,101
2026-09-21 13:09:00+05:30,1952.0999755859375,1952.0999755859375,1952.0999755859375,1952.0999755859375,62
2026-09-21 13:10:00+05:30,1953.0,1953.199951171875,1952.0999755859375,1952.300048828125,53
2026-09-21 13:11:00+05:30,1952.0,1953.6500244140625,1952.0,1953.0,208
2026-09-21 13:12:00+05:30,1953.8499755859375,1953.8499755859375,1953.0,1953.0,31
2026-09-21 13:13:00+05:30,1953.75,1953.800048828125,1953.0,1953.800048828125,21
2026-09-21 13:14:00+05:30,1953.6500244140625,1953.75,1952.800048828125,1953.050048828125,29
2026-09-21 13:15:00+05:30,1956.199951171875,1956.199951171875,1953.1500244140625,1953.1500244140625,262
2026-09-21 13:16:00+05:30,1956.199951171875,1957.0,1955.800048828125,1957.0,60
2026-09-21 13:17:00+05:30,1956.699951171875,1956.949951171875,1956.699951171875,1956.949951171875,6
2026-09-21 13:18:00+05:30,1956.699951171875,1956.699951171875,1956.0,1956.0,33
2026-09-21 13:19:00+05:30,1956.0999755859375,1956.0999755859375,1955.5,1955.5,9
2026-09-21 13:21:00+05:30,1956.4000244140625,1956.4000244140625,1955.300048828125,1956.0999755859375,131
2026-09-21 13:22:00+05:30,1956.4000244140625,1956.4000244140625,1956.4000244140625,1956.4000244140625,1
2026-09-21 13:23:00+05:30,1956.800048828125,1956.800048828125,1956.699951171875,1956.699951171875,181
2026-09-21 13:24:00+05:30,1957.25,1957.4000244140625,1956.4000244140625,1956.4000244140625,181
2026-09-21 13:25:00+05:30,1955.800048828125,1956.5999755859375,1955.300048828125,1956.5999755859375,41
2026-09-21 13:26:00+05:30,1957.300048828125,1957.300048828125,1957.300048828125,1957.300048828125,113
2026-09-21 13:29:00+05:30,1956.5999755859375,1957.449951171875,1956.5999755859375,1957.449951171875,20
2026-09-21 13:30:00+05:30,1956.449951171875,1956.5999755859375,1956.449951171875,1956.5999755859375,57
2026-09-21 13:32:00+05:30,1956.5,1957.5999755859375,1956.5,1957.5999755859375,22
2026-09-21 13:33:00+05:30,1956.6500244140625,1956.6500244140625,1955.5,1956.4000244140625,29
2026-09-21 13:34:00+05:30,1957.6500244140625,1957.699951171875,1956.6500244140625,1956.6500244140625,8
2026-09-21 13:36:00+05:30,1957.699951171875,1957.699951171875,1956.5999755859375,1956.5999755859375,34
2026-09-21 13:37:00+05:30,1957.5999755859375,1957.699951171875,1957.449951171875,1957.449951171875,3
2026-09-21 13:38:00+05:30,1956.1500244140625,1957.0999755859375,1956.1500244140625,1957.0999755859375,15
2026-09-21 13:39:00+05:30,1957.449951171875,1957.449951171875,1957.3499755859375,1957.3499755859375,4
2026-09-21 13:40:00+05:30,1956.050048828125,1957.449951171875,1956.050048828125,1957.449951171875,16
2026-09-21 13:41:00+05:30,1956.6500244140625,1956.699951171875,1956.6500244140625,1956.699951171875,6
2026-09-21 13:42:00+05:30,1956.9000244140625,1956.9000244140625,1956.0,1956.0,14
2026-09-21 13:44:00+05:30,1957.5,1957.5,1956.9000244140625,1956.9000244140625,6
2026-09-21 13:45:00+05:30,1956.9000244140625,1957.550048828125,1956.9000244140625,1957.550048828125,220
2026-09-21 13:46:00+05:30,1957.5,1957.5,1957.5,1957.5,1
2026-09-21 13:47:00+05:30,1957.5999755859375,1957.699951171875,1956.6500244140625,1957.0999755859375,42
2026-09-21 13:48:00+05:30,1957.449951171875,1957.449951171875,1957.449951171875,1957.449951171875,2
2026-09-21 13:50:00+05:30,1957.0,1957.0,1957.0,1957.0,1
2026-09-21 13:51:00+05:30,1957.25,1957.25,1956.550048828125,1956.699951171875,5
2026-09-21 13:52:00+05:30,1957.25,1957.25,1957.199951171875,1957.199951171875,4
2026-09-21 13:53:00+05:30,1956.5999755859375,1957.199951171875,1956.5999755859375,1956.5999755859375,32
2026-09-21 13:54:00+05:30,1956.4000244140625,1956.4000244140625,1956.1500244140625,1956.1500244140625,29
2026-09-21 13:55:00+05:30,1956.949951171875,1958.0,1956.4000244140625,1956.4000244140625,348
2026-09-21 13:57:00+05:30,1958.0,1958.0,1957.3499755859375,1958.0,134
2026-09-21 13:58:00+05:30,1958.699951171875,1958.699951171875,1957.949951171875,1958.0,20
2026-09-21 13:59:00+05:30,1959.949951171875,1960.0,1958.0,1958.699951171875,282
2026-09-21 14:00:00+05:30,1958.5,1959.699951171875,1958.050048828125,1958.8499755859375,55
2026-09-21 14:01:00+05:30,1959.5999755859375,1959.5999755859375,1959.5999755859375,1959.5999755859375,5
2026-09-21 14:02:00+05:30,1958.4000244140625,1959.4000244140625,1958.4000244140625,1959.4000244140625,29
2026-09-21 14:03:00+05:30,1959.4000244140625,1959.4000244140625,1959.4000244140625,1959.4000244140625,2
2026-09-21 14:04:00+05:30,1959.300048828125,1959.5999755859375,1959.300048828125,1959.5999755859375,11
2026-09-21 14:05:00+05:30,1958.300048828125,1958.300048828125,1957.0999755859375,1957.0999755859375,12
2026-09-21 14:06:00+05:30,1958.800048828125,1958.800048828125,1958.800048828125,1958.800048828125,5
2026-09-21 14:08:00+05:30,1958.75,1958.800048828125,1957.949951171875,1958.6500244140625,22
2026-09-21 14:09:00+05:30,1958.0,1958.800048828125,1957.800048828125,1958.800048828125,39
2026-09-21 14:11:00+05:30,1958.949951171875,1958.949951171875,1958.949951171875,1958.949951171875,10
2026-09-21 14:12:00+05:30,1958.300048828125,1958.300048828125,1958.300048828125,1958.300048828125,11
2026-09-21 14:13:00+05:30,1957.75,1958.300048828125,1957.75,1958.300048828125,19
2026-09-21 14:14:00+05:30,1957.75,1957.75,1957.75,1957.75,9
2026-09-21 14:15:00+05:30,1958.300048828125,1958.300048828125,1958.300048828125,1958.300048828125,10
2026-09-21 14:16:00+05:30,1958.300048828125,1958.300048828125,1957.449951171875,1957.449951171875,5
2026-09-21 14:17:00+05:30,1958.300048828125,1958.300048828125,1957.449951171875,1958.300048828125,229
2026-09-21 14:18:00+05:30,1958.300048828125,1958.300048828125,1958.0,1958.300048828125,30
2026-09-21 14:19:00+05:30,1958.0,1958.0,1958.0,1958.0,14
2026-09-21 14:20:00+05:30,1959.5999755859375,1959.5999755859375,1957.6500244140625,1958.300048828125,947
2026-09-21 14:21:00+05:30,1959.300048828125,1960.0,1959.300048828125,1960.0,11
2026-09-21 14:22:00+05:30,1958.6500244140625,1960.0,1958.5999755859375,1960.0,32
2026-09-21 14:23:00+05:30,1957.5,1957.5,1957.5,1957.5,1
2026-09-21 14:24:00+05:30,1957.75,1957.949951171875,1957.75,1957.949951171875,50
2026-09-21 14:26:00+05:30,1958.3499755859375,1958.3499755859375,1958.3499755859375,1958.3499755859375,3
2026-09-21 14:27:00+05:30,1957.75,1958.3499755859375,1957.75,1958.3499755859375,33
2026-09-21 14:28:00+05:30,1956.699951171875,1957.449951171875,1956.699951171875,1957.0,32
2026-09-21 14:29:00+05:30,1957.300048828125,1957.300048828125,1956.699951171875,1956.699951171875,114
2026-09-21 14:30:00+05:30,1957.199951171875,1957.199951171875,1956.5999755859375,1956.9000244140625,56
2026-09-21 14:31:00+05:30,1956.199951171875,1958.0,1956.199951171875,1956.5,1135
2026-09-21 14:32:00+05:30,1956.6500244140625,1956.6500244140625,1956.0,1956.0,60
2026-09-21 14:33:00+05:30,1955.75,1956.0,1955.699951171875,1956.0,27
2026-09-21 14:34:00+05:30,1955.0999755859375,1955.6500244140625,1955.0999755859375,1955.6500244140625,12
2026-09-21 14:35:00+05:30,1954.0999755859375,1955.0999755859375,1954.0999755859375,1955.0999755859375,88
2026-09-21 14:36:00+05:30,1954.0,1955.0,1954.0,1955.0,66
2026-09-21 14:37:00+05:30,1954.0999755859375,1954.0999755859375,1953.6500244140625,1954.0,69
2026-09-21 14:38:00+05:30,1953.6500244140625,1953.6500244140625,1953.6500244140625,1953.6500244140625,50
2026-09-21 14:39:00+05:30,1953.75,1953.75,1953.75,1953.75,1
2026-09-21 14:40:00+05:30,1954.0999755859375,1954.0999755859375,1953.300048828125,1953.699951171875,85
2026-09-21 14:41:00+05:30,1954.4000244140625,1955.0999755859375,1954.1500244140625,1954.1500244140625,115
2026-09-21 14:42:00+05:30,1954.199951171875,1954.4000244140625,1954.199951171875,1954.4000244140625,11
2026-09-21 14:43:00+05:30,1953.0999755859375,1954.199951171875,1953.0999755859375,1954.199951171875,101
2026-09-21 14:44:00+05:30,1953.050048828125,1953.199951171875,1953.050048828125,1953.0999755859375,17
2026-09-21 14:45:00+05:30,1955.0,1955.0,1953.199951171875,1953.199951171875,62
2026-09-21 14:46:00+05:30,1954.800048828125,1954.800048828125,1953.550048828125,1954.0,59
2026-09-21 14:47:00+05:30,1954.0,1954.75,1953.949951171875,1954.550048828125,61
2026-09-21 14:48:00+05:30,1953.6500244140625,1953.6500244140625,1953.6500244140625,1953.6500244140625,13
2026-09-21 14:49:00+05:30,1953.8499755859375,1954.050048828125,1953.050048828125,1953.050048828125,63
2026-09-21 14:50:00+05:30,1953.0,1953.75,1953.0,1953.75,99
2026-09-21 14:51:00+05:30,1956.550048828125,1957.0,1954.300048828125,1955.1500244140625,384
2026-09-21 14:52:00+05:30,1955.9000244140625,1956.0999755859375,1955.9000244140625,1955.9000244140625,113
2026-09-21 14:53:00+05:30,1954.699951171875,1954.699951171875,1954.699951171875,1954.699951171875,10
2026-09-21 14:54:00+05:30,1955.0,1956.199951171875,1954.800048828125,1956.199951171875,17
2026-09-21 14:55:00+05:30,1954.3499755859375,1954.699951171875,1954.3499755859375,1954.699951171875,4
2026-09-21 14:56:00+05:30,1954.3499755859375,1954.3499755859375,1954.3499755859375,1954.3499755859375,1
2026-09-21 14:57:00+05:30,1954.949951171875,1954.949951171875,1953.6500244140625,1954.75,37
2026-09-21 14:58:00+05:30,1955.0,1955.0,1954.949951171875,1954.949951171875,188
2026-09-21 14:59:00+05:30,1954.550048828125,1955.699951171875,1954.550048828125,1955.0,52
2026-09-21 15:00:00+05:30,1954.949951171875,1955.3499755859375,1954.0,1954.4000244140625,26
2026-09-21 15:01:00+05:30,1954.0,1955.5,1954.0,1954.949951171875,83
2026-09-21 15:02:00+05:30,1954.6500244140625,1955.0999755859375,1954.0,1954.0,84
2026-09-21 15:03:00+05:30,1954.8499755859375,1954.8499755859375,1953.550048828125,1954.25,108
2026-09-21 15:04:00+05:30,1954.5999755859375,1954.5999755859375,1953.050048828125,1953.449951171875,431
2026-09-21 15:05:00+05:30,1953.449951171875,1954.300048828125,1952.449951171875,1954.0,31
2026-09-21 15:06:00+05:30,1953.300048828125,1953.300048828125,1952.8499755859375,1953.1500244140625,93
2026-09-21 15:07:00+05:30,1952.0,1953.300048828125,1952.0,1953.300048828125,18
2026-09-21 15:08:00+05:30,1952.449951171875,1952.449951171875,1951.800048828125,1952.0999755859375,217
2026-09-21 15:09:00+05:30,1952.800048828125,1953.9000244140625,1951.5,1951.800048828125,185
2026-09-21 15:10:00+05:30,1954.5,1954.5,1951.9000244140625,1951.9000244140625,65
2026-09-21 15:11:00+05:30,1954.0,1954.6500244140625,1954.0,1954.6500244140625,52
2026-09-21 15:12:00+05:30,1953.9000244140625,1953.949951171875,1952.0,1953.8499755859375,70
2026-09-21 15:13:00+05:30,1953.75,1953.75,1950.0,1950.0,538
2026-09-21 15:14:00+05:30,1954.0,1954.0,1952.550048828125,1953.1500244140625,50
2026-09-21 15:29:00+05:30,1950.0,1950.0,1950.0,1950.0,169
2026-09-22 09:15:00+05:30,1950.050048828125,1950.050048828125,1950.050048828125,1950.050048828125,15
2026-09-22 09:16:00+05:30,1950.0,1955.25,1950.0,1955.25,294
2026-09-22 09:17:00+05:30,1950.0,1950.0,1949.0,1950.0,16
2026-09-22 09:18:00+05:30,1952.949951171875,1952.949951171875,1952.949951171875,1952.949951171875,227
2026-09-22 09:19:00+05:30,1952.5999755859375,1952.5999755859375,1952.5999755859375,1952.5999755859375,22
2026-09-22 09:20:00+05:30,1951.0,1951.0,1951.0,1951.0,101
2026-09-22 09:21:00+05:30,1948.449951171875,1948.449951171875,1948.449951171875,1948.449951171875,273
2026-09-22 09:22:00+05:30,1947.0,1947.1500244140625,1947.0,1947.1500244140625,159
2026-09-22 09:23:00+05:30,1947.050048828125,1948.550048828125,1947.050048828125,1947.300048828125,818
2026-09-22 09:24:00+05:30,1947.0999755859375,1947.0999755859375,1947.0999755859375,1947.0999755859375,10
2026-09-22 09:25:00+05:30,1946.0,1948.5,1946.0,1948.5,301
2026-09-22 09:27:00+05:30,1947.0999755859375,1947.3499755859375,1945.800048828125,1947.3499755859375,342
2026-09-22 09:28:00+05:30,1947.1500244140625,1947.449951171875,1945.800048828125,1946.0999755859375,185
2026-09-22 09:29:00+05:30,1946.449951171875,1947.6500244140625,1945.8499755859375,1945.8499755859375,83
2026-09-22 09:30:00+05:30,1945.9000244140625,1947.5,1945.9000244140625,1947.25,164
2026-09-22 09:31:00+05:30,1945.4000244140625,1947.050048828125,1945.4000244140625,1946.75,83
2026-09-22 09:32:00+05:30,1946.9000244140625,1946.9000244140625,1946.0,1946.699951171875,18
2026-09-22 09:33:00+05:30,1947.0999755859375,1947.0999755859375,1947.0,1947.0,55
2026-09-22 09:34:00+05:30,1946.050048828125,1947.25,1946.050048828125,1947.25,33
2026-09-22 09:35:00+05:30,1946.6500244140625,1947.699951171875,1946.6500244140625,1947.550048828125,8
2026-09-22 09:36:00+05:30,1945.75,1947.199951171875,1945.0,1947.199951171875,945
2026-09-22 09:37:00+05:30,1944.699951171875,1945.75,1944.699951171875,1945.75,63
2026-09-22 09:38:00+05:30,1945.8499755859375,1946.050048828125,1945.0,1945.5,41
2026-09-22 09:39:00+05:30,1945.8499755859375,1945.8499755859375,1945.8499755859375,1945.8499755859375,5
2026-09-22 09:40:00+05:30,1945.800048828125,1945.800048828125,1944.5,1945.0,216
2026-09-22 09:41:00+05:30,1947.0999755859375,1947.0999755859375,1945.9000244140625,1946.050048828125,109
2026-09-22 09:42:00+05:30,1946.25,1947.199951171875,1946.0,1946.050048828125,166
2026-09-22 09:43:00+05:30,1946.8499755859375,1947.199951171875,1945.800048828125,1946.300048828125,32
2026-09-22 09:44:00+05:30,1946.800048828125,1947.199951171875,1945.800048828125,1946.949951171875,32
2026-09-22 09:45:00+05:30,1946.300048828125,1946.800048828125,1946.300048828125,1946.5,132
2026-09-22 09:46:00+05:30,1946.199951171875,1946.3499755859375,1945.0,1946.0,177
2026-09-22 09:47:00+05:30,1945.0,1945.75,1945.0,1945.699951171875,36
2026-09-22 09:48:00+05:30,1945.1500244140625,1946.3499755859375,1945.0,1945.0,471
2026-09-22 09:49:00+05:30,1945.0,1946.1500244140625,1945.0,1945.199951171875,234
2026-09-22 09:50:00+05:30,1945.4000244140625,1945.4000244140625,1945.0,1945.0,314
2026-09-22 09:51:00+05:30,1945.699951171875,1945.75,1945.0,1945.0,201
2026-09-22 09:52:00+05:30,1946.550048828125,1946.550048828125,1945.0,1945.0,417
2026-09-22 09:53:00+05:30,1946.6500244140625,1946.6500244140625,1945.449951171875,1945.449951171875,28
2026-09-22 09:54:00+05:30,1946.699951171875,1946.699951171875,1945.550048828125,1946.449951171875,97
2026-09-22 09:55:00+05:30,1945.550048828125,1946.6500244140625,1945.550048828125,1946.6500244140625,18
2026-09-22 09:56:00+05:30,1946.1500244140625,1946.3499755859375,1945.4000244140625,1946.300048828125,52
2026-09-22 09:57:00+05:30,1946.5999755859375,1946.6500244140625,1945.5,1945.9000244140625,78
2026-09-22 09:58:00+05:30,1946.25,1946.300048828125,1946.25,1946.300048828125,58
2026-09-22 09:59:00+05:30,1945.5999755859375,1945.949951171875,1945.0,1945.550048828125,51
2026-09-22 10:00:00+05:30,1945.300048828125,1945.75,1945.0,1945.0,349
2026-09-22 10:01:00+05:30,1946.699951171875,1946.699951171875,1945.300048828125,1945.300048828125,220
2026-09-22 10:02:00+05:30,1946.800048828125,1948.8499755859375,1945.8499755859375,1947.5,197
2026-09-22 10:03:00+05:30,1947.0,1947.5,1947.0,1947.5,120
2026-09-22 10:04:00+05:30,1947.0,1948.0,1947.0,1947.0,142
2026-09-22 10:05:00+05:30,1946.25,1947.800048828125,1946.25,1947.800048828125,187
2026-09-22 10:06:00+05:30,1947.0,1947.0,1945.800048828125,1946.300048828125,269
2026-09-22 10:07:00+05:30,1947.4000244140625,1947.449951171875,1945.800048828125,1945.800048828125,152
2026-09-22 10:08:00+05:30,1946.1500244140625,1947.4000244140625,1946.0999755859375,1946.5,32
2026-09-22 10:09:00+05:30,1947.699951171875,1947.800048828125,1947.0,1947.0,43
2026-09-22 10:10:00+05:30,1947.5,1947.5,1946.3499755859375,1947.0,63
2026-09-22 10:11:00+05:30,1946.25,1947.75,1946.25,1947.0,114
2026-09-22 10:12:00+05:30,1945.3499755859375,1946.25,1945.3499755859375,1946.25,169
2026-09-22 10:13:00+05:30,1946.050048828125,1946.0999755859375,1946.050048828125,1946.0999755859375,21
2026-09-22 10:14:00+05:30,1946.0,1946.199951171875,1945.050048828125,1946.199951171875,39
2026-09-22 10:15:00+05:30,1945.800048828125,1945.9000244140625,1945.050048828125,1945.9000244140625,6
2026-09-22 10:16:00+05:30,1944.6500244140625,1945.050048828125,1944.6500244140625,1945.050048828125,487
2026-09-22 10:17:00+05:30,1945.699951171875,1945.699951171875,1944.5,1945.449951171875,131
2026-09-22 10:18:00+05:30,1945.75,1945.75,1944.5,1944.5,51
2026-09-22 10:19:00+05:30,1945.300048828125,1945.300048828125,1944.699951171875,1944.699951171875,37
2026-09-22 10:20:00+05:30,1945.25,1945.300048828125,1944.5,1944.800048828125,219
2026-09-22 10:21:00+05:30,1945.0999755859375,1945.75,1944.699951171875,1945.75,15
2026-09-22 10:22:00+05:30,1944.0,1945.300048828125,1944.0,1944.5,291
2026-09-22 10:23:00+05:30,1943.4000244140625,1944.0,1943.4000244140625,1944.0,218
2026-09-22 10:24:00+05:30,1943.4000244140625,1944.449951171875,1942.5,1944.449951171875,73
2026-09-22 10:25:00+05:30,1944.25,1944.25,1943.5999755859375,1943.5999755859375,13
2026-09-22 10:26:00+05:30,1943.0999755859375,1944.199951171875,1942.949951171875,1944.199951171875,20
2026-09-22 10:27:00+05:30,1944.1500244140625,1944.1500244140625,1943.1500244140625,1943.1500244140625,12
2026-09-22 10:28:00+05:30,1944.199951171875,1944.199951171875,1944.050048828125,1944.050048828125,3
2026-09-22 10:29:00+05:30,1944.0,1944.5,1943.550048828125,1944.25,15
2026-09-22 10:30:00+05:30,1943.0,1944.4000244140625,1943.0,1943.5,481
2026-09-22 10:31:00+05:30,1943.699951171875,1943.800048828125,1942.3499755859375,1943.800048828125,22
2026-09-22 10:32:00+05:30,1942.550048828125,1942.550048828125,1942.550048828125,1942.550048828125,34
2026-09-22 10:33:00+05:30,1942.0,1943.0,1942.0,1943.0,306
2026-09-22 10:34:00+05:30,1942.0,1943.0,1942.0,1942.0,23
2026-09-22 10:35:00+05:30,1941.9000244140625,1942.0,1941.9000244140625,1942.0,192
2026-09-22 10:36:00+05:30,1942.5999755859375,1942.8499755859375,1941.5,1941.800048828125,46
2026-09-22 10:37:00+05:30,1942.3499755859375,1942.3499755859375,1941.550048828125,1941.550048828125,6
2026-09-22 10:38:00+05:30,1942.1500244140625,1942.3499755859375,1941.0999755859375,1942.300048828125,263
2026-09-22 10:39:00+05:30,1941.449951171875,1942.050048828125,1940.449951171875,1941.0,243
2026-09-22 10:40:00+05:30,1940.25,1941.4000244140625,1940.25,1940.4000244140625,213
2026-09-22 10:41:00+05:30,1940.800048828125,1941.5,1940.0999755859375,1941.5,46
2026-09-22 10:42:00+05:30,1938.1500244140625,1940.0999755859375,1937.0,1940.0999755859375,998
2026-09-22 10:43:00+05:30,1939.1500244140625,1939.1500244140625,1939.0,1939.0,131
2026-09-22 10:44:00+05:30,1938.1500244140625,1939.449951171875,1938.1500244140625,1939.0,1036
2026-09-22 10:45:00+05:30,1937.8499755859375,1938.25,1937.1500244140625,1938.1500244140625,248
2026-09-22 10:46:00+05:30,1937.25,1938.449951171875,1936.5,1937.0,103
2026-09-22 10:47:00+05:30,1937.050048828125,1938.050048828125,1936.8499755859375,1938.050048828125,212
2026-09-22 10:48:00+05:30,1937.0999755859375,1938.550048828125,1937.050048828125,1937.0999755859375,209
2026-09-22 10:49:00+05:30,1937.300048828125,1938.5999755859375,1937.25,1937.25,24
2026-09-22 10:50:00+05:30,1938.050048828125,1938.199951171875,1936.699951171875,1938.199951171875,197
2026-09-22 10:51:00+05:30,1938.050048828125,1938.0999755859375,1936.9000244140625,1938.050048828125,38
2026-09-22 10:52:00+05:30,1936.800048828125,1938.4000244140625,1936.800048828125,1938.4000244140625,161
2026-09-22 10:53:00+05:30,1937.0999755859375,1937.3499755859375,1936.199951171875,1937.3499755859375,129
2026-09-22 10:54:00+05:30,1938.75,1938.75,1936.3499755859375,1936.4000244140625,162
2026-09-22 10:55:00+05:30,1939.5,1939.5,1938.699951171875,1939.0999755859375,199
2026-09-22 10:56:00+05:30,1939.75,1939.75,1937.949951171875,1938.0,90
2026-09-22 10:57:00+05:30,1938.300048828125,1939.6500244140625,1938.300048828125,1939.6500244140625,209
2026-09-22 10:58:00+05:30,1940.25,1940.550048828125,1937.699951171875,1937.699951171875,687
2026-09-22 10:59:00+05:30,1939.75,1940.8499755859375,1939.75,1940.8499755859375,139
2026-09-22 11:00:00+05:30,1939.4000244140625,1940.8499755859375,1939.1500244140625,1940.8499755859375,143
2026-09-22 11:01:00+05:30,1939.6500244140625,1939.6500244140625,1939.300048828125,1939.4000244140625,64
2026-09-22 11:02:00+05:30,1940.300048828125,1940.300048828125,1940.050048828125,1940.050048828125,23
2026-09-22 11:03:00+05:30,1940.25,1940.25,1939.1500244140625,1939.1500244140625,119
2026-09-22 11:04:00+05:30,1939.5,1940.800048828125,1939.5,1940.25,14
2026-09-22 11:05:00+05:30,1939.8499755859375,1940.699951171875,1939.8499755859375,1940.699951171875,102
2026-09-22 11:06:00+05:30,1939.5999755859375,1941.25,1939.5999755859375,1940.699951171875,155
2026-09-22 11:07:00+05:30,1940.1500244140625,1940.5999755859375,1939.4000244140625,1939.5999755859375,79
2026-09-22 11:08:00+05:30,1941.0,1942.0,1939.949951171875,1939.949951171875,71
2026-09-22 11:09:00+05:30,1942.1500244140625,1942.1500244140625,1941.300048828125,1941.300048828125,6
2026-09-22 11:10:00+05:30,1942.199951171875,1942.199951171875,1942.0,1942.199951171875,71
2026-09-22 11:11:00+05:30,1942.0,1942.199951171875,1942.0,1942.199951171875,29
2026-09-22 11:12:00+05:30,1940.9000244140625,1942.0999755859375,1940.9000244140625,1942.0,159
2026-09-22 11:13:00+05:30,1941.0999755859375,1942.199951171875,1941.0999755859375,1942.199951171875,12
2026-09-22 11:14:00+05:30,1942.1500244140625,1942.199951171875,1941.0999755859375,1942.199951171875,19
2026-09-22 11:15:00+05:30,1942.0,1942.1500244140625,1941.1500244140625,1942.0,24
2026-09-22 11:16:00+05:30,1942.3499755859375,1942.3499755859375,1942.0999755859375,1942.0999755859375,368
2026-09-22 11:17:00+05:30,1944.0,1944.0,1943.0,1943.0,41
2026-09-22 11:18:00+05:30,1944.5,1944.5,1944.199951171875,1944.5,164
2026-09-22 11:19:00+05:30,1942.9000244140625,1944.449951171875,1942.9000244140625,1944.449951171875,212
2026-09-22 11:20:00+05:30,1942.800048828125,1942.800048828125,1942.800048828125,1942.800048828125,4
2026-09-22 11:21:00+05:30,1943.8499755859375,1944.050048828125,1943.8499755859375,1943.9000244140625,37
2026-09-22 11:22:00+05:30,1943.5999755859375,1943.8499755859375,1943.5999755859375,1943.8499755859375,15
2026-09-22 11:23:00+05:30,1942.4000244140625,1943.0999755859375,1942.4000244140625,1943.0999755859375,21
2026-09-22 11:24:00+05:30,1942.5999755859375,1943.5999755859375,1942.1500244140625,1942.1500244140625,86
2026-09-22 11:25:00+05:30,1943.25,1943.5999755859375,1943.25,1943.5999755859375,64
2026-09-22 11:26:00+05:30,1943.6500244140625,1943.6500244140625,1943.6500244140625,1943.6500244140625,2
2026-09-22 11:27:00+05:30,1944.300048828125,1944.300048828125,1944.300048828125,1944.300048828125,11
2026-09-22 11:28:00+05:30,1943.949951171875,1944.25,1943.949951171875,1944.25,41
2026-09-22 11:29:00+05:30,1943.5,1945.5,1943.5,1944.9000244140625,148
2026-09-22 11:30:00+05:30,1944.5999755859375,1945.3499755859375,1944.5999755859375,1945.3499755859375,8
2026-09-22 11:31:00+05:30,1943.25,1943.25,1943.25,1943.25,1
2026-09-22 11:32:00+05:30,1942.6500244140625,1943.25,1942.6500244140625,1943.25,30
2026-09-22 11:33:00+05:30,1942.0,1942.800048828125,1942.0,1942.800048828125,58
2026-09-22 11:34:00+05:30,1942.0,1943.25,1942.0,1942.050048828125,23
2026-09-22 11:35:00+05:30,1941.800048828125,1942.949951171875,1941.800048828125,1942.949951171875,225
2026-09-22 11:36:00+05:30,1942.0,1942.0,1942.0,1942.0,10
2026-09-22 11:37:00+05:30,1941.300048828125,1942.949951171875,1941.300048828125,1942.949951171875,18
2026-09-22 11:38:00+05:30,1942.1500244140625,1942.1500244140625,1941.0999755859375,1941.0999755859375,8
2026-09-22 11:39:00+05:30,1941.0999755859375,1942.1500244140625,1941.0999755859375,1942.1500244140625,116
2026-09-22 11:40:00+05:30,1940.449951171875,1942.050048828125,1940.0999755859375,1941.0999755859375,353
2026-09-22 11:41:00+05:30,1941.25,1941.6500244140625,1940.449951171875,1941.6500244140625,37
2026-09-22 11:42:00+05:30,1940.050048828125,1940.5,1940.050048828125,1940.5,137
2026-09-22 11:43:00+05:30,1941.0,1941.0,1940.0,1940.0,103
2026-09-22 11:44:00+05:30,1941.0,1941.0,1941.0,1941.0,2
2026-09-22 11:45:00+05:30,1942.5,1942.550048828125,1941.0,1942.199951171875,213
2026-09-22 11:46:00+05:30,1942.6500244140625,1942.6500244140625,1941.3499755859375,1941.3499755859375,13
2026-09-22 11:47:00+05:30,1943.9000244140625,1943.9000244140625,1942.050048828125,1942.6500244140625,1656
2026-09-22 11:48:00+05:30,1943.550048828125,1944.8499755859375,1943.550048828125,1944.0,167
2026-09-22 11:49:00+05:30,1944.699951171875,1944.699951171875,1943.5,1943.5,268
2026-09-22 11:50:00+05:30,1944.0,1944.0,1944.0,1944.0,640
2026-09-22 11:51:00+05:30,1944.9000244140625,1944.9000244140625,1944.0,1944.0,699
2026-09-22 11:52:00+05:30,1944.9000244140625,1944.9000244140625,1944.0,1944.0,629
2026-09-22 11:53:00+05:30,1944.0,1944.300048828125,1944.0,1944.050048828125,429
2026-09-22 11:54:00+05:30,1944.0,1944.0,1944.0,1944.0,442
2026-09-22 11:55:00+05:30,1943.75,1944.0,1943.75,1944.0,12879
2026-09-22 11:56:00+05:30,1944.199951171875,1944.199951171875,1943.75,1943.75,635
2026-09-22 11:57:00+05:30,1943.75,1943.75,1943.75,1943.75,759
2026-09-22 11:58:00+05:30,1944.5,1944.5,1943.75,1943.75,625
2026-09-22 11:59:00+05:30,1944.0,1945.0,1944.0,1944.050048828125,248
2026-09-22 12:00:00+05:30,1943.75,1944.4000244140625,1943.75,1944.0,659
2026-09-22 12:01:00+05:30,1943.800048828125,1943.949951171875,1943.5,1943.75,685
2026-09-22 12:02:00+05:30,1943.5999755859375,1943.800048828125,1943.5999755859375,1943.5999755859375,620
2026-09-22 12:03:00+05:30,1943.5,1943.5999755859375,1943.5,1943.5999755859375,620
2026-09-22 12:04:00+05:30,1943.25,1943.5,1943.25,1943.5,928
2026-09-22 12:05:00+05:30,1944.0,1944.0,1943.25,1943.25,643
2026-09-22 12:06:00+05:30,1943.5999755859375,1944.0999755859375,1943.25,1943.25,646
2026-09-22 12:07:00+05:30,1943.25,1943.5,1943.25,1943.25,631
2026-09-22 12:08:00+05:30,1943.25,1943.25,1943.25,1943.25,620
2026-09-22 12:09:00+05:30,1943.699951171875,1943.9000244140625,1943.25,1943.25,661
2026-09-22 12:10:00+05:30,1944.0,1944.800048828125,1944.0,1944.800048828125,58
2026-09-22 12:11:00+05:30,1944.0,1944.4000244140625,1944.0,1944.0,223
2026-09-22 12:12:00+05:30,1944.0999755859375,1944.0999755859375,1944.0,1944.0,167811
2026-09-22 12:13:00+05:30,1944.0,1944.5999755859375,1944.0,1944.5999755859375,631
2026-09-22 12:14:00+05:30,1944.0,1944.75,1944.0,1944.0,317
2026-09-22 12:15:00+05:30,1944.0,1944.0,1944.0,1944.0,11094
2026-09-22 12:16:00+05:30,1943.0,1944.0,1943.0,1944.0,1432
2026-09-22 12:17:00+05:30,1941.449951171875,1943.4000244140625,1941.449951171875,1942.300048828125,431
2026-09-22 12:18:00+05:30,1942.6500244140625,1942.6500244140625,1941.6500244140625,1941.6500244140625,2
2026-09-22 12:19:00+05:30,1941.699951171875,1942.5999755859375,1941.0,1942.5999755859375,125
2026-09-22 12:20:00+05:30,1941.699951171875,1941.699951171875,1940.4000244140625,1941.0,207
2026-09-22 12:21:00+05:30,1943.699951171875,1943.800048828125,1943.199951171875,1943.199951171875,28
2026-09-22 12:22:00+05:30,1942.300048828125,1943.550048828125,1942.300048828125,1943.550048828125,7
2026-09-22 12:23:00+05:30,1943.550048828125,1943.550048828125,1943.550048828125,1943.550048828125,3
2026-09-22 12:24:00+05:30,1943.800048828125,1944.0,1942.199951171875,1942.199951171875,583
2026-09-22 12:25:00+05:30,1943.699951171875,1944.050048828125,1943.0,1943.9000244140625,62
2026-09-22 12:26:00+05:30,1942.199951171875,1943.699951171875,1941.9000244140625,1943.6500244140625,97
2026-09-22 12:27:00+05:30,1942.5999755859375,1943.3499755859375,1942.5999755859375,1943.3499755859375,4
2026-09-22 12:28:00+05:30,1940.699951171875,1941.199951171875,1940.699951171875,1941.199951171875,30
2026-09-22 12:29:00+05:30,1940.0,1940.5,1940.0,1940.5,127
2026-09-22 12:30:00+05:30,1939.5,1940.0,1939.5,1940.0,276
2026-09-22 12:31:00+05:30,1940.0999755859375,1940.25,1939.1500244140625,1939.5,102
2026-09-22 12:32:00+05:30,1939.0,1940.050048828125,1939.0,1940.050048828125,37
2026-09-22 12:33:00+05:30,1942.1500244140625,1942.4000244140625,1938.5999755859375,1939.0,338
2026-09-22 12:34:00+05:30,1942.550048828125,1942.550048828125,1942.1500244140625,1942.1500244140625,6
2026-09-22 12:35:00+05:30,1942.199951171875,1942.199951171875,1942.1500244140625,1942.1500244140625,16
2026-09-22 12:36:00+05:30,1940.449951171875,1940.9000244140625,1940.449951171875,1940.9000244140625,33
2026-09-22 12:37:00+05:30,1939.25,1939.25,1939.25,1939.25,100
2026-09-22 12:38:00+05:30,1942.0,1942.0,1940.8499755859375,1940.8499755859375,123
2026-09-22 12:39:00+05:30,1939.4000244140625,1939.4000244140625,1939.4000244140625,1939.4000244140625,24
2026-09-22 12:40:00+05:30,1939.3499755859375,1939.3499755859375,1939.300048828125,1939.3499755859375,13
2026-09-22 12:41:00+05:30,1938.5999755859375,1939.050048828125,1938.5999755859375,1939.0,74
2026-09-22 12:42:00+05:30,1938.5999755859375,1938.5999755859375,1938.5,1938.5,140
2026-09-22 12:43:00+05:30,1939.0,1939.0,1939.0,1939.0,5
2026-09-22 12:44:00+05:30,1939.5,1939.5,1939.5,1939.5,10
2026-09-22 12:45:00+05:30,1938.800048828125,1939.0,1938.0,1939.0,160
2026-09-22 12:46:00+05:30,1939.5,1939.5,1938.050048828125,1938.050048828125,307
2026-09-22 12:47:00+05:30,1939.449951171875,1939.449951171875,1938.300048828125,1938.300048828125,37
2026-09-22 12:48:00+05:30,1937.3499755859375,1939.050048828125,1937.3499755859375,1939.050048828125,271
2026-09-22 12:49:00+05:30,1938.199951171875,1938.199951171875,1937.0,1937.0,277
2026-09-22 12:50:00+05:30,1938.050048828125,1938.050048828125,1937.949951171875,1937.949951171875,104
2026-09-22 12:51:00+05:30,1938.5999755859375,1938.5999755859375,1937.0,1937.0,282
2026-09-22 12:52:00+05:30,1937.550048828125,1938.0,1937.550048828125,1938.0,10
2026-09-22 12:53:00+05:30,1939.1500244140625,1939.300048828125,1937.300048828125,1938.0,199
2026-09-22 12:54:00+05:30,1938.699951171875,1938.800048828125,1937.4000244140625,1938.800048828125,273
2026-09-22 12:55:00+05:30,1937.199951171875,1937.199951171875,1937.199951171875,1937.199951171875,9
2026-09-22 12:56:00+05:30,1937.5999755859375,1938.300048828125,1937.0,1938.300048828125,713
2026-09-22 12:57:00+05:30,1938.0999755859375,1938.1500244140625,1937.300048828125,1938.1500244140625,47
2026-09-22 12:58:00+05:30,1938.8499755859375,1938.9000244140625,1937.300048828125,1937.300048828125,78
2026-09-22 12:59:00+05:30,1938.75,1938.75,1938.75,1938.75,2
2026-09-22 13:00:00+05:30,1938.5,1938.75,1937.300048828125,1938.75,137
2026-09-22 13:01:00+05:30,1938.199951171875,1939.0,1937.550048828125,1938.0,42
2026-09-22 13:02:00+05:30,1939.300048828125,1939.300048828125,1938.199951171875,1939.1500244140625,49
2026-09-22 13:03:00+05:30,1939.449951171875,1939.449951171875,1937.949951171875,1937.949951171875,16
2026-09-22 13:04:00+05:30,1939.449951171875,1939.449951171875,1939.449951171875,1939.449951171875,2
2026-09-22 13:05:00+05:30,1938.300048828125,1938.300048828125,1938.300048828125,1938.300048828125,50
2026-09-22 13:06:00+05:30,1939.0999755859375,1939.1500244140625,1939.0999755859375,1939.1500244140625,17
2026-09-22 13:07:00+05:30,1939.4000244140625,1939.4000244140625,1938.300048828125,1938.449951171875,53
2026-09-22 13:08:00+05:30,1938.699951171875,1939.4000244140625,1938.699951171875,1939.4000244140625,48
2026-09-22 13:09:00+05:30,1939.9000244140625,1939.949951171875,1939.9000244140625,1939.949951171875,46
2026-09-22 13:11:00+05:30,1941.0,1941.0,1940.0,1940.0,41
2026-09-22 13:12:00+05:30,1941.199951171875,1941.199951171875,1941.199951171875,1941.199951171875,20
2026-09-22 13:13:00+05:30,1940.8499755859375,1941.199951171875,1940.050048828125,1941.0,50
2026-09-22 13:14:00+05:30,1940.0,1940.0,1940.0,1940.0,3
2026-09-22 13:15:00+05:30,1940.5,1940.75,1939.699951171875,1940.0,50
2026-09-22 13:16:00+05:30,1941.1500244140625,1941.1500244140625,1940.0,1940.199951171875,92
2026-09-22 13:17:00+05:30,1939.550048828125,1940.449951171875,1939.550048828125,1939.699951171875,69
2026-09-22 13:18:00+05:30,1940.550048828125,1940.550048828125,1939.550048828125,1940.550048828125,17
2026-09-22 13:19:00+05:30,1940.9000244140625,1940.949951171875,1940.9000244140625,1940.949951171875,4
2026-09-22 13:20:00+05:30,1940.800048828125,1940.800048828125,1940.800048828125,1940.800048828125,10
2026-09-22 13:21:00+05:30,1940.0,1940.9000244140625,1940.0,1940.699951171875,44
2026-09-22 13:22:00+05:30,1940.0,1940.8499755859375,1940.0,1940.8499755859375,4
2026-09-22 13:23:00+05:30,1940.0,1940.0,1940.0,1940.0,3
2026-09-22 13:24:00+05:30,1940.0,1940.0,1940.0,1940.0,26
2026-09-22 13:25:00+05:30,1940.699951171875,1940.75,1940.0,1940.0,23
2026-09-22 13:26:00+05:30,1940.0,1940.0,1940.0,1940.0,18
2026-09-22 13:27:00+05:30,1940.1500244140625,1940.5,1940.1500244140625,1940.5,155
2026-09-22 13:28:00+05:30,1940.800048828125,1940.800048828125,1940.800048828125,1940.800048828125,46
2026-09-22 13:29:00+05:30,1940.9000244140625,1940.9000244140625,1940.800048828125,1940.800048828125,30
2026-09-22 13:30:00+05:30,1940.0,1940.199951171875,1939.1500244140625,1939.949951171875,65
2026-09-22 13:31:00+05:30,1939.1500244140625,1940.75,1939.1500244140625,1940.75,34
2026-09-22 13:32:00+05:30,1939.9000244140625,1940.199951171875,1939.9000244140625,1940.199951171875,3
2026-09-22 13:33:00+05:30,1939.5999755859375,1939.5999755859375,1938.5999755859375,1939.0,63
2026-09-22 13:34:00+05:30,1939.0,1939.550048828125,1939.0,1939.550048828125,34
2026-09-22 13:35:00+05:30,1939.050048828125,1939.25,1939.0,1939.0,13
2026-09-22 13:36:00+05:30,1938.5,1938.5,1937.300048828125,1938.0999755859375,565
2026-09-22 13:37:00+05:30,1937.5,1938.3499755859375,1937.5,1937.5,38
2026-09-22 13:38:00+05:30,1937.449951171875,1937.5,1937.449951171875,1937.5,31
2026-09-22 13:39:00+05:30,1937.0,1937.9000244140625,1937.0,1937.449951171875,69
2026-09-22 13:40:00+05:30,1937.300048828125,1937.800048828125,1937.300048828125,1937.800048828125,15
2026-09-22 13:41:00+05:30,1938.4000244140625,1938.5,1938.199951171875,1938.25,112
2026-09-22 13:42:00+05:30,1938.1500244140625,1938.300048828125,1937.800048828125,1938.300048828125,26
2026-09-22 13:43:00+05:30,1938.5,1938.5999755859375,1937.300048828125,1937.5999755859375,19
2026-09-22 13:44:00+05:30,1937.300048828125,1938.449951171875,1937.300048828125,1938.449951171875,110
2026-09-22 13:45:00+05:30,1937.300048828125,1937.9000244140625,1937.300048828125,1937.9000244140625,144
2026-09-22 13:46:00+05:30,1937.199951171875,1937.300048828125,1937.199951171875,1937.300048828125,62
2026-09-22 13:47:00+05:30,1937.4000244140625,1937.4000244140625,1937.0999755859375,1937.199951171875,47
2026-09-22 13:48:00+05:30,1939.5,1939.9000244140625,1938.1500244140625,1939.0,66
2026-09-22 13:49:00+05:30,1939.0999755859375,1939.0999755859375,1939.0999755859375,1939.0999755859375,1
2026-09-22 13:50:00+05:30,1938.050048828125,1938.050048828125,1937.199951171875,1938.0,23
2026-09-22 13:51:00+05:30,1937.3499755859375,1938.5,1937.3499755859375,1938.050048828125,19
2026-09-22 13:52:00+05:30,1937.5999755859375,1937.5999755859375,1937.0,1937.300048828125,193
2026-09-22 13:53:00+05:30,1938.050048828125,1938.050048828125,1937.0,1937.0,53
2026-09-22 13:54:00+05:30,1937.050048828125,1937.8499755859375,1937.0,1937.0,60
2026-09-22 13:55:00+05:30,1937.75,1937.8499755859375,1937.050048828125,1937.050048828125,10
2026-09-22 13:56:00+05:30,1937.0,1938.0,1937.0,1937.050048828125,141
2026-09-22 13:57:00+05:30,1937.6500244140625,1938.0,1936.8499755859375,1936.8499755859375,81
2026-09-22 13:58:00+05:30,1937.449951171875,1937.5999755859375,1936.5,1937.5999755859375,107
2026-09-22 13:59:00+05:30,1936.5,1936.8499755859375,1936.5,1936.8499755859375,89
2026-09-22 14:00:00+05:30,1935.9000244140625,1936.9000244140625,1935.25,1936.300048828125,369
2026-09-22 14:01:00+05:30,1936.5,1936.5,1935.300048828125,1935.949951171875,183
2026-09-22 14:02:00+05:30,1935.199951171875,1936.25,1935.0,1935.449951171875,263
2026-09-22 14:03:00+05:30,1935.0,1935.9000244140625,1935.0,1935.199951171875,52
2026-09-22 14:04:00+05:30,1935.199951171875,1936.300048828125,1935.0,1935.0,139
2026-09-22 14:05:00+05:30,1935.0,1935.199951171875,1935.0,1935.199951171875,192
2026-09-22 14:06:00+05:30,1935.4000244140625,1935.4000244140625,1935.0,1935.0,201
2026-09-22 14:07:00+05:30,1935.0,1935.0,1935.0,1935.0,63
2026-09-22 14:08:00+05:30,1935.0999755859375,1935.699951171875,1935.0,1935.699951171875,161
2026-09-22 14:09:00+05:30,1936.5,1936.5,1935.0,1935.0999755859375,97
2026-09-22 14:10:00+05:30,1936.1500244140625,1936.449951171875,1935.050048828125,1936.449951171875,155
2026-09-22 14:11:00+05:30,1936.3499755859375,1936.3499755859375,1935.199951171875,1935.199951171875,10
2026-09-22 14:12:00+05:30,1936.300048828125,1936.3499755859375,1935.199951171875,1936.3499755859375,9
2026-09-22 14:13:00+05:30,1937.0,1937.699951171875,1935.949951171875,1937.699951171875,27
2026-09-22 14:14:00+05:30,1939.0,1939.0,1936.9000244140625,1936.9000244140625,164
2026-09-22 14:15:00+05:30,1939.800048828125,1941.0,1938.949951171875,1940.0,146
2026-09-22 14:16:00+05:30,1939.449951171875,1940.0,1938.75,1940.0,3
2026-09-22 14:17:00+05:30,1940.550048828125,1940.550048828125,1939.449951171875,1939.449951171875,4
2026-09-22 14:18:00+05:30,1941.0999755859375,1941.0999755859375,1941.0999755859375,1941.0999755859375,5
2026-09-22 14:19:00+05:30,1940.3499755859375,1940.3499755859375,1940.3499755859375,1940.3499755859375,1
2026-09-22 14:20:00+05:30,1940.949951171875,1940.949951171875,1939.0999755859375,1940.3499755859375,571
2026-09-22 14:21:00+05:30,1941.1500244140625,1941.5999755859375,1941.0999755859375,1941.0999755859375,13
2026-09-22 14:22:00+05:30,1942.75,1943.0,1941.699951171875,1941.699951171875,25
2026-09-22 14:23:00+05:30,1942.5,1942.5,1940.9000244140625,1941.8499755859375,44
2026-09-22 14:24:00+05:30,1941.1500244140625,1941.1500244140625,1941.1500244140625,1941.1500244140625,5
2026-09-22 14:25:00+05:30,1942.300048828125,1942.300048828125,1941.3499755859375,1941.3499755859375,22
2026-09-22 14:26:00+05:30,1941.3499755859375,1941.3499755859375,1940.4000244140625,1940.8499755859375,32
2026-09-22 14:27:00+05:30,1941.75,1941.75,1940.4000244140625,1940.4000244140625,6
2026-09-22 14:28:00+05:30,1941.0,1941.050048828125,1940.0,1940.5,44
2026-09-22 14:29:00+05:30,1940.9000244140625,1941.699951171875,1940.5,1940.5,55
2026-09-22 14:30:00+05:30,1942.300048828125,1942.4000244140625,1941.5,1942.1500244140625,18
2026-09-22 14:31:00+05:30,1942.0,1942.449951171875,1941.3499755859375,1942.300048828125,11
2026-09-22 14:32:00+05:30,1941.5,1941.5,1940.8499755859375,1940.8499755859375,28
2026-09-22 14:33:00+05:30,1940.0,1941.25,1940.0,1940.4000244140625,79
2026-09-22 14:34:00+05:30,1939.0,1940.5999755859375,1939.0,1940.5999755859375,68
2026-09-22 14:35:00+05:30,1939.0,1939.0,1939.0,1939.0,50
2026-09-22 14:36:00+05:30,1939.4000244140625,1939.4000244140625,1939.0,1939.0,51
2026-09-22 14:37:00+05:30,1939.8499755859375,1940.0,1938.75,1940.0,63
2026-09-22 14:38:00+05:30,1938.3499755859375,1939.9000244140625,1938.3499755859375,1939.9000244140625,82
2026-09-22 14:39:00+05:30,1938.0,1938.699951171875,1938.0,1938.0,17
2026-09-22 14:40:00+05:30,1939.3499755859375,1939.3499755859375,1939.3499755859375,1939.3499755859375,101
2026-09-22 14:41:00+05:30,1938.0,1939.300048828125,1937.75,1939.300048828125,144
2026-09-22 14:42:00+05:30,1937.800048828125,1938.3499755859375,1937.0,1938.3499755859375,44
2026-09-22 14:43:00+05:30,1937.699951171875,1937.699951171875,1937.0,1937.25,190
2026-09-22 14:44:00+05:30,1938.0,1938.0,1938.0,1938.0,28
2026-09-22 14:45:00+05:30,1939.6500244140625,1939.6500244140625,1938.0,1938.0,67
2026-09-22 14:46:00+05:30,1938.1500244140625,1939.4000244140625,1938.1500244140625,1938.25,63
2026-09-22 14:47:00+05:30,1938.0,1938.949951171875,1938.0,1938.949951171875,12
2026-09-22 14:48:00+05:30,1937.1500244140625,1938.6500244140625,1937.0,1938.6500244140625,67
2026-09-22 14:49:00+05:30,1938.1500244140625,1938.1500244140625,1937.8499755859375,1937.8499755859375,20
2026-09-22 14:50:00+05:30,1938.75,1938.75,1937.1500244140625,1937.5,202
2026-09-22 14:51:00+05:30,1936.800048828125,1938.0999755859375,1936.800048828125,1937.699951171875,110
2026-09-22 14:52:00+05:30,1939.0,1939.0,1935.800048828125,1938.1500244140625,353
2026-09-22 14:53:00+05:30,1938.0,1939.8499755859375,1937.699951171875,1938.300048828125,1420
2026-09-22 14:54:00+05:30,1937.800048828125,1938.949951171875,1937.449951171875,1938.0,17
2026-09-22 14:55:00+05:30,1936.75,1937.8499755859375,1936.75,1937.8499755859375,439
2026-09-22 14:56:00+05:30,1935.0999755859375,1936.75,1935.0999755859375,1936.75,619
2026-09-22 14:57:00+05:30,1935.0999755859375,1936.5,1935.0999755859375,1936.5,164
2026-09-22 14:58:00+05:30,1935.300048828125,1935.75,1935.0999755859375,1935.75,47
2026-09-22 14:59:00+05:30,1935.5999755859375,1936.25,1935.0,1936.0,1049
2026-09-22 15:00:00+05:30,1935.0,1936.800048828125,1935.0,1936.800048828125,73
2026-09-22 15:01:00+05:30,1937.5999755859375,1937.5999755859375,1935.6500244140625,1935.6500244140625,223
2026-09-22 15:02:00+05:30,1936.8499755859375,1938.300048828125,1936.8499755859375,1937.550048828125,85
2026-09-22 15:03:00+05:30,1936.25,1936.5,1935.300048828125,1936.5,124
2026-09-22 15:04:00+05:30,1935.8499755859375,1936.199951171875,1935.0999755859375,1936.199951171875,65
2026-09-22 15:05:00+05:30,1935.050048828125,1937.199951171875,1935.050048828125,1935.9000244140625,159
2026-09-22 15:06:00+05:30,1935.0,1937.3499755859375,1935.0,1937.0999755859375,19
2026-09-22 15:07:00+05:30,1935.0,1935.5,1935.0,1935.0,632
2026-09-22 15:08:00+05:30,1934.1500244140625,1936.1500244140625,1934.1500244140625,1935.0,684
2026-09-22 15:09:00+05:30,1935.199951171875,1935.6500244140625,1934.0999755859375,1935.0,790
2026-09-22 15:10:00+05:30,1936.050048828125,1936.6500244140625,1935.0,1935.6500244140625,115
2026-09-22 15:11:00+05:30,1937.5,1937.5,1934.949951171875,1936.5999755859375,71
2026-09-22 15:12:00+05:30,1937.25,1937.25,1934.5999755859375,1937.25,91
2026-09-22 15:13:00+05:30,1935.0999755859375,1937.25,1935.0999755859375,1937.0,256
2026-09-22 15:14:00+05:30,1944.050048828125,1944.050048828125,1935.1500244140625,1935.1500244140625,598
2026-09-22 15:28:00+05:30,1935.0,1935.0,1935.0,1935.0,167
2026-09-23 09:15:00+05:30,1937.949951171875,1943.0,1936.6500244140625,1938.9000244140625,651
2026-09-23 09:16:00+05:30,1941.0,1942.4000244140625,1937.949951171875,1937.949951171875,1414
2026-09-23 09:17:00+05:30,1942.050048828125,1944.0,1942.050048828125,1942.199951171875,164
2026-09-23 09:18:00+05:30,1942.5999755859375,1943.949951171875,1942.050048828125,1942.050048828125,33
2026-09-23 09:19:00+05:30,1945.0,1945.0,1943.5,1944.0,129
2026-09-23 09:20:00+05:30,1946.5,1946.5,1943.5,1944.449951171875,193
2026-09-23 09:21:00+05:30,1948.050048828125,1948.949951171875,1946.4000244140625,1946.4000244140625,202
2026-09-23 09:22:00+05:30,1947.050048828125,1948.4000244140625,1947.050048828125,1948.4000244140625,113
2026-09-23 09:23:00+05:30,1946.9000244140625,1948.0,1946.25,1948.0,102
2026-09-23 09:24:00+05:30,1945.800048828125,1946.949951171875,1945.6500244140625,1946.9000244140625,291
2026-09-23 09:25:00+05:30,1946.25,1946.25,1945.0,1945.800048828125,60
2026-09-23 09:26:00+05:30,1945.3499755859375,1946.3499755859375,1945.3499755859375,1946.3499755859375,39
2026-09-23 09:27:00+05:30,1945.0,1946.75,1945.0,1946.75,167
2026-09-23 09:28:00+05:30,1943.699951171875,1945.4000244140625,1943.699951171875,1945.199951171875,47
2026-09-23 09:29:00+05:30,1943.5999755859375,1944.699951171875,1943.550048828125,1944.0,23
2026-09-23 09:30:00+05:30,1944.050048828125,1944.8499755859375,1944.050048828125,1944.5999755859375,5
2026-09-23 09:31:00+05:30,1944.550048828125,1944.8499755859375,1944.550048828125,1944.8499755859375,15
2026-09-23 09:32:00+05:30,1943.8499755859375,1944.0999755859375,1943.6500244140625,1944.0999755859375,77
2026-09-23 09:33:00+05:30,1944.8499755859375,1944.9000244140625,1943.699951171875,1944.800048828125,67
2026-09-23 09:34:00+05:30,1942.449951171875,1945.0,1942.449951171875,1944.9000244140625,146
2026-09-23 09:35:00+05:30,1942.0999755859375,1943.550048828125,1941.9000244140625,1943.550048828125,23
2026-09-23 09:36:00+05:30,1942.0999755859375,1942.199951171875,1942.0999755859375,1942.199951171875,16
2026-09-23 09:37:00+05:30,1941.449951171875,1943.1500244140625,1941.449951171875,1942.0999755859375,101
2026-09-23 09:38:00+05:30,1943.0999755859375,1943.0999755859375,1941.949951171875,1943.0,16
2026-09-23 09:39:00+05:30,1943.0999755859375,1943.0999755859375,1943.0999755859375,1943.0999755859375,2
2026-09-23 09:40:00+05:30,1943.0999755859375,1943.0999755859375,1942.4000244140625,1943.0999755859375,30
2026-09-23 09:41:00+05:30,1944.449951171875,1944.449951171875,1942.550048828125,1943.0999755859375,90
2026-09-23 09:42:00+05:30,1943.8499755859375,1944.9000244140625,1943.8499755859375,1944.699951171875,164
2026-09-23 09:43:00+05:30,1945.800048828125,1945.800048828125,1943.8499755859375,1945.0,162
2026-09-23 09:44:00+05:30,1946.5,1946.5,1945.550048828125,1945.550048828125,54
2026-09-23 09:45:00+05:30,1946.5,1946.5,1946.5,1946.5,38
2026-09-23 09:46:00+05:30,1948.050048828125,1949.8499755859375,1946.9000244140625,1946.9000244140625,311
2026-09-23 09:47:00+05:30,1949.300048828125,1949.8499755859375,1948.050048828125,1949.8499755859375,18
2026-09-23 09:48:00+05:30,1947.300048828125,1948.949951171875,1947.300048828125,1948.0,133
2026-09-23 09:49:00+05:30,1946.9000244140625,1948.1500244140625,1945.800048828125,1948.1500244140625,119
2026-09-23 09:50:00+05:30,1948.800048828125,1948.8499755859375,1947.5999755859375,1947.800048828125,93
2026-09-23 09:51:00+05:30,1948.199951171875,1948.3499755859375,1947.1500244140625,1948.3499755859375,35
2026-09-23 09:52:00+05:30,1948.449951171875,1948.5,1947.300048828125,1947.8499755859375,109
2026-09-23 09:53:00+05:30,1948.0,1948.0,1948.0,1948.0,10
2026-09-23 09:54:00+05:30,1947.3499755859375,1947.449951171875,1946.0,1947.0,123
2026-09-23 09:55:00+05:30,1947.25,1947.550048828125,1947.25,1947.449951171875,14
2026-09-23 09:56:00+05:30,1946.050048828125,1947.550048828125,1946.050048828125,1946.8499755859375,310
2026-09-23 09:57:00+05:30,1946.199951171875,1946.199951171875,1945.0,1945.6500244140625,66
2026-09-23 09:58:00+05:30,1945.800048828125,1946.699951171875,1945.5999755859375,1946.0999755859375,80
2026-09-23 09:59:00+05:30,1947.8499755859375,1947.949951171875,1946.800048828125,1946.800048828125,59
2026-09-23 10:00:00+05:30,1946.699951171875,1946.800048828125,1946.699951171875,1946.800048828125,14
2026-09-23 10:01:00+05:30,1947.0,1947.25,1946.75,1946.75,8
2026-09-23 10:02:00+05:30,1945.8499755859375,1946.0999755859375,1945.0,1946.0,46
2026-09-23 10:03:00+05:30,1946.0999755859375,1946.0999755859375,1944.0,1944.9000244140625,45
2026-09-23 10:04:00+05:30,1945.9000244140625,1946.050048828125,1945.4000244140625,1946.050048828125,27
2026-09-23 10:05:00+05:30,1944.699951171875,1945.75,1944.699951171875,1945.4000244140625,129
2026-09-23 10:06:00+05:30,1945.75,1945.75,1945.75,1945.75,10
2026-09-23 10:07:00+05:30,1946.1500244140625,1946.1500244140625,1944.75,1945.75,154
2026-09-23 10:08:00+05:30,1944.1500244140625,1946.1500244140625,1944.1500244140625,1946.1500244140625,519
2026-09-23 10:09:00+05:30,1945.0,1945.550048828125,1944.199951171875,1945.550048828125,146
2026-09-23 10:10:00+05:30,1945.0,1945.0999755859375,1944.0,1945.0999755859375,33
2026-09-23 10:11:00+05:30,1942.9000244140625,1944.800048828125,1942.9000244140625,1944.0,58
2026-09-23 10:12:00+05:30,1944.0999755859375,1944.0999755859375,1942.5,1943.449951171875,133
2026-09-23 10:13:00+05:30,1945.0999755859375,1945.0999755859375,1944.0999755859375,1944.0999755859375,39
2026-09-23 10:14:00+05:30,1943.0,1944.0999755859375,1943.0,1943.25,65
2026-09-23 10:15:00+05:30,1946.1500244140625,1946.5,1943.5999755859375,1944.0,113
2026-09-23 10:16:00+05:30,1947.0,1947.0,1945.5999755859375,1946.0999755859375,350
2026-09-23 10:17:00+05:30,1947.1500244140625,1947.1500244140625,1947.0,1947.0,19
2026-09-23 10:18:00+05:30,1946.75,1947.25,1945.8499755859375,1945.8499755859375,22
2026-09-23 10:19:00+05:30,1947.0999755859375,1947.0999755859375,1945.800048828125,1945.800048828125,222
2026-09-23 10:20:00+05:30,1947.0999755859375,1947.1500244140625,1947.0,1947.1500244140625,62
2026-09-23 10:21:00+05:30,1947.5,1947.5,1946.1500244140625,1946.1500244140625,222
2026-09-23 10:22:00+05:30,1948.0999755859375,1948.0999755859375,1946.75,1947.5999755859375,107
2026-09-23 10:23:00+05:30,1948.050048828125,1948.0999755859375,1946.3499755859375,1948.0999755859375,697
2026-09-23 10:24:00+05:30,1947.9000244140625,1948.050048828125,1947.9000244140625,1948.050048828125,11
2026-09-23 10:25:00+05:30,1946.5,1946.5,1946.5,1946.5,21
2026-09-23 10:26:00+05:30,1945.8499755859375,1947.25,1945.800048828125,1945.800048828125,32
2026-09-23 10:27:00+05:30,1947.300048828125,1947.300048828125,1947.300048828125,1947.300048828125,1
2026-09-23 10:28:00+05:30,1944.699951171875,1945.8499755859375,1944.699951171875,1945.8499755859375,352
2026-09-23 10:29:00+05:30,1946.1500244140625,1946.25,1945.050048828125,1945.050048828125,3
2026-09-23 10:30:00+05:30,1946.1500244140625,1946.1500244140625,1945.300048828125,1945.300048828125,29
2026-09-23 10:31:00+05:30,1946.8499755859375,1946.8499755859375,1945.9000244140625,1946.1500244140625,111
2026-09-23 10:32:00+05:30,1945.699951171875,1946.9000244140625,1945.6500244140625,1946.9000244140625,24
2026-09-23 10:33:00+05:30,1946.8499755859375,1946.8499755859375,1946.8499755859375,1946.8499755859375,3
2026-09-23 10:34:00+05:30,1946.6500244140625,1946.8499755859375,1946.6500244140625,1946.8499755859375,11
2026-09-23 10:35:00+05:30,1945.6500244140625,1946.550048828125,1945.6500244140625,1946.550048828125,131
2026-09-23 10:36:00+05:30,1945.800048828125,1946.5,1945.6500244140625,1946.5,80
2026-09-23 10:37:00+05:30,1947.0,1947.0,1945.800048828125,1945.800048828125,306
2026-09-23 10:38:00+05:30,1947.0,1947.449951171875,1947.0,1947.0999755859375,10
2026-09-23 10:39:00+05:30,1947.1500244140625,1947.1500244140625,1947.1500244140625,1947.1500244140625,1
2026-09-23 10:40:00+05:30,1945.5,1945.6500244140625,1945.300048828125,1945.6500244140625,211
2026-09-23 10:41:00+05:30,1947.300048828125,1947.300048828125,1946.1500244140625,1946.25,333
2026-09-23 10:42:00+05:30,1946.699951171875,1948.6500244140625,1946.699951171875,1947.0999755859375,138
2026-09-23 10:43:00+05:30,1945.6500244140625,1947.449951171875,1945.6500244140625,1947.449951171875,84
2026-09-23 10:44:00+05:30,1947.0999755859375,1947.199951171875,1945.6500244140625,1945.6500244140625,22
2026-09-23 10:45:00+05:30,1946.4000244140625,1947.0,1946.4000244140625,1947.0,11
2026-09-23 10:46:00+05:30,1945.050048828125,1946.199951171875,1945.050048828125,1946.199951171875,28
2026-09-23 10:47:00+05:30,1946.199951171875,1946.199951171875,1946.199951171875,1946.199951171875,16
2026-09-23 10:48:00+05:30,1945.0,1945.0,1945.0,1945.0,1
2026-09-23 10:50:00+05:30,1946.199951171875,1946.199951171875,1945.050048828125,1945.050048828125,7
2026-09-23 10:51:00+05:30,1945.6500244140625,1945.949951171875,1945.5,1945.949951171875,21
2026-09-23 10:52:00+05:30,1946.1500244140625,1947.0,1945.5,1945.949951171875,1232
2026-09-23 10:53:00+05:30,1945.0,1945.800048828125,1945.0,1945.0,157
2026-09-23 10:54:00+05:30,1945.0,1945.6500244140625,1945.0,1945.6500244140625,150
2026-09-23 10:55:00+05:30,1944.949951171875,1944.949951171875,1944.050048828125,1944.050048828125,42
2026-09-23 10:56:00+05:30,1944.050048828125,1944.050048828125,1944.050048828125,1944.050048828125,15
2026-09-23 10:57:00+05:30,1944.6500244140625,1944.75,1944.0999755859375,1944.0999755859375,16
2026-09-23 10:58:00+05:30,1944.0,1944.8499755859375,1944.0,1944.6500244140625,21
2026-09-23 10:59:00+05:30,1943.949951171875,1943.949951171875,1942.0,1943.199951171875,110
2026-09-23 11:00:00+05:30,1943.6500244140625,1943.949951171875,1943.6500244140625,1943.800048828125,7
2026-09-23 11:01:00+05:30,1942.449951171875,1942.6500244140625,1942.449951171875,1942.6500244140625,39
2026-09-23 11:02:00+05:30,1943.5,1943.5,1943.0,1943.449951171875,77
2026-09-23 11:03:00+05:30,1943.0,1943.8499755859375,1943.0,1943.8499755859375,14
2026-09-23 11:04:00+05:30,1943.699951171875,1943.75,1943.699951171875,1943.75,6
2026-09-23 11:05:00+05:30,1942.550048828125,1943.75,1942.550048828125,1943.699951171875,19
2026-09-23 11:06:00+05:30,1943.5,1943.5,1942.199951171875,1943.199951171875,141
2026-09-23 11:07:00+05:30,1943.5,1943.5,1943.5,1943.5,15
2026-09-23 11:08:00+05:30,1942.9000244140625,1943.3499755859375,1942.9000244140625,1943.1500244140625,10
2026-09-23 11:09:00+05:30,1943.550048828125,1943.550048828125,1943.5,1943.5,13
2026-09-23 11:10:00+05:30,1943.0,1943.0,1943.0,1943.0,15
2026-09-23 11:11:00+05:30,1943.6500244140625,1943.6500244140625,1943.6500244140625,1943.6500244140625,27
2026-09-23 11:12:00+05:30,1942.5,1943.5999755859375,1942.5,1943.5999755859375,28
2026-09-23 11:13:00+05:30,1943.4000244140625,1944.75,1943.1500244140625,1943.1500244140625,812
2026-09-23 11:14:00+05:30,1944.5999755859375,1944.5999755859375,1944.5999755859375,1944.5999755859375,3
2026-09-23 11:15:00+05:30,1944.300048828125,1944.3499755859375,1943.699951171875,1943.699951171875,33
2026-09-23 11:16:00+05:30,1943.0999755859375,1944.300048828125,1943.0999755859375,1944.300048828125,48
2026-09-23 11:17:00+05:30,1943.0999755859375,1944.050048828125,1943.0999755859375,1943.0999755859375,103
2026-09-23 11:18:00+05:30,1942.5,1944.0,1941.300048828125,1944.0,204
2026-09-23 11:19:00+05:30,1942.3499755859375,1942.3499755859375,1941.1500244140625,1942.3499755859375,22
2026-09-23 11:20:00+05:30,1942.0999755859375,1942.3499755859375,1941.0,1941.0,265
2026-09-23 11:21:00+05:30,1940.6500244140625,1941.0,1940.0,1940.5,46
2026-09-23 11:22:00+05:30,1940.800048828125,1940.800048828125,1940.0,1940.0,119
2026-09-23 11:23:00+05:30,1942.0,1942.0,1940.0,1940.0,6933
2026-09-23 11:24:00+05:30,1942.0,1942.050048828125,1942.0,1942.0,981
2026-09-23 11:25:00+05:30,1942.0,1942.25,1942.0,1942.050048828125,232
2026-09-23 11:26:00+05:30,1942.0,1942.050048828125,1942.0,1942.050048828125,193
2026-09-23 11:27:00+05:30,1942.0,1942.300048828125,1942.0,1942.300048828125,1537
2026-09-23 11:28:00+05:30,1942.0,1942.300048828125,1942.0,1942.0,1951
2026-09-23 11:29:00+05:30,1942.0,1942.0,1942.0,1942.0,159
2026-09-23 11:30:00+05:30,1942.0,1942.0999755859375,1942.0,1942.0,539
2026-09-23 11:31:00+05:30,1942.0,1942.0,1942.0,1942.0,257
2026-09-23 11:32:00+05:30,1943.0,1943.199951171875,1943.0,1943.0,19522
2026-09-23 11:33:00+05:30,1943.0,1943.300048828125,1943.0,1943.050048828125,227
2026-09-23 11:34:00+05:30,1943.300048828125,1944.199951171875,1943.0999755859375,1944.0,15722
2026-09-23 11:35:00+05:30,1942.5999755859375,1943.300048828125,1941.1500244140625,1943.300048828125,403
2026-09-23 11:36:00+05:30,1943.199951171875,1944.3499755859375,1943.199951171875,1943.9000244140625,196
2026-09-23 11:37:00+05:30,1944.25,1944.25,1943.0,1943.0,29
2026-09-23 11:38:00+05:30,1945.800048828125,1945.800048828125,1944.0,1944.25,200
2026-09-23 11:39:00+05:30,1945.0,1945.0,1944.5,1945.0,223
2026-09-23 11:40:00+05:30,1945.199951171875,1945.199951171875,1945.199951171875,1945.199951171875,2
2026-09-23 11:41:00+05:30,1945.300048828125,1945.300048828125,1944.550048828125,1944.6500244140625,108
2026-09-23 11:42:00+05:30,1945.300048828125,1945.300048828125,1944.6500244140625,1944.6500244140625,25
2026-09-23 11:43:00+05:30,1946.300048828125,1946.300048828125,1945.050048828125,1945.300048828125,72
2026-09-23 11:44:00+05:30,1946.25,1947.0,1946.25,1946.300048828125,97
2026-09-23 11:45:00+05:30,1947.300048828125,1947.449951171875,1946.25,1946.25,36
2026-09-23 11:46:00+05:30,1947.1500244140625,1947.5,1947.1500244140625,1947.5,328
2026-09-23 11:47:00+05:30,1947.1500244140625,1948.0,1947.1500244140625,1947.1500244140625,56
2026-09-23 11:48:00+05:30,1948.300048828125,1948.300048828125,1947.050048828125,1948.0,86
2026-09-23 11:49:00+05:30,1949.0999755859375,1949.5,1947.449951171875,1947.449951171875,432
2026-09-23 11:50:00+05:30,1948.9000244140625,1949.5,1947.550048828125,1949.050048828125,93
2026-09-23 11:51:00+05:30,1949.0,1949.3499755859375,1949.0,1949.300048828125,26
2026-09-23 11:52:00+05:30,1950.4000244140625,1950.4000244140625,1949.0,1949.0,1004
2026-09-23 11:53:00+05:30,1949.449951171875,1949.449951171875,1949.449951171875,1949.449951171875,10
2026-09-23 11:54:00+05:30,1948.8499755859375,1950.0,1948.8499755859375,1950.0,529
2026-09-23 11:55:00+05:30,1950.0,1950.4000244140625,1949.4000244140625,1950.4000244140625,115
2026-09-23 11:56:00+05:30,1951.0,1951.0,1950.300048828125,1950.300048828125,41
2026-09-23 11:57:00+05:30,1951.0,1951.0,1950.199951171875,1951.0,9
2026-09-23 11:58:00+05:30,1951.0,1951.0,1951.0,1951.0,117
2026-09-23 11:59:00+05:30,1950.949951171875,1950.949951171875,1950.949951171875,1950.949951171875,1
2026-09-23 12:00:00+05:30,1951.0,1951.0,1950.300048828125,1950.300048828125,133
2026-09-23 12:01:00+05:30,1951.0999755859375,1951.0999755859375,1950.199951171875,1950.300048828125,133
2026-09-23 12:02:00+05:30,1951.0,1951.4000244140625,1951.0,1951.4000244140625,56
2026-09-23 12:03:00+05:30,1951.699951171875,1951.699951171875,1951.0,1951.0,105
2026-09-23 12:05:00+05:30,1951.0,1951.0,1951.0,1951.0,86
2026-09-23 12:06:00+05:30,1951.9000244140625,1951.9000244140625,1951.9000244140625,1951.9000244140625,5
2026-09-23 12:07:00+05:30,1951.9000244140625,1951.9000244140625,1951.9000244140625,1951.9000244140625,3
2026-09-23 12:08:00+05:30,1951.8499755859375,1951.8499755859375,1951.8499755859375,1951.8499755859375,1
2026-09-23 12:09:00+05:30,1951.0,1951.0,1951.0,1951.0,1
2026-09-23 12:10:00+05:30,1951.199951171875,1951.199951171875,1951.199951171875,1951.199951171875,18
2026-09-23 12:11:00+05:30,1951.5,1951.5,1950.75,1951.199951171875,23
2026-09-23 12:12:00+05:30,1951.5,1951.5,1951.5,1951.5,1
2026-09-23 12:13:00+05:30,1951.0,1951.0,1951.0,1951.0,1
2026-09-23 12:14:00+05:30,1951.4000244140625,1951.4000244140625,1951.4000244140625,1951.4000244140625,15
2026-09-23 12:15:00+05:30,1951.4000244140625,1951.4000244140625,1951.4000244140625,1951.4000244140625,2
2026-09-23 12:16:00+05:30,1951.4000244140625,1951.4000244140625,1951.4000244140625,1951.4000244140625,3
2026-09-23 12:17:00+05:30,1951.4000244140625,1951.4000244140625,1951.4000244140625,1951.4000244140625,5
2026-09-23 12:18:00+05:30,1951.300048828125,1951.300048828125,1951.300048828125,1951.300048828125,2
2026-09-23 12:19:00+05:30,1951.5,1951.5,1950.550048828125,1951.4000244140625,138
2026-09-23 12:20:00+05:30,1951.550048828125,1951.550048828125,1950.449951171875,1950.449951171875,63
2026-09-23 12:21:00+05:30,1950.550048828125,1951.949951171875,1950.550048828125,1951.5,38
2026-09-23 12:22:00+05:30,1951.6500244140625,1951.6500244140625,1951.6500244140625,1951.6500244140625,13
2026-09-23 12:23:00+05:30,1951.6500244140625,1951.6500244140625,1951.6500244140625,1951.6500244140625,40
2026-09-23 12:25:00+05:30,1950.300048828125,1950.300048828125,1950.300048828125,1950.300048828125,4
2026-09-23 12:26:00+05:30,1950.800048828125,1950.800048828125,1950.5,1950.5,2
2026-09-23 12:27:00+05:30,1951.5999755859375,1951.5999755859375,1951.5999755859375,1951.5999755859375,101
2026-09-23 12:28:00+05:30,1950.5999755859375,1950.5999755859375,1950.550048828125,1950.550048828125,24
2026-09-23 12:29:00+05:30,1951.5,1951.5,1950.449951171875,1950.449951171875,18
2026-09-23 12:30:00+05:30,1951.5999755859375,1951.5999755859375,1951.5999755859375,1951.5999755859375,18
2026-09-23 12:31:00+05:30,1950.6500244140625,1951.5999755859375,1950.6500244140625,1951.5999755859375,27
2026-09-23 12:32:00+05:30,1950.6500244140625,1950.6500244140625,1950.6500244140625,1950.6500244140625,9
2026-09-23 12:33:00+05:30,1950.4000244140625,1951.5999755859375,1950.4000244140625,1951.5,14
2026-09-23 12:35:00+05:30,1951.5999755859375,1951.5999755859375,1950.4000244140625,1950.4000244140625,16
2026-09-23 12:37:00+05:30,1950.550048828125,1950.550048828125,1950.550048828125,1950.550048828125,10
2026-09-23 12:38:00+05:30,1951.5999755859375,1951.5999755859375,1951.5999755859375,1951.5999755859375,1
2026-09-23 12:40:00+05:30,1950.449951171875,1951.5999755859375,1950.449951171875,1951.5999755859375,31
2026-09-23 12:41:00+05:30,1951.550048828125,1951.5999755859375,1950.4000244140625,1951.5999755859375,54
2026-09-23 12:42:00+05:30,1951.550048828125,1951.550048828125,1950.300048828125,1951.550048828125,51
2026-09-23 12:43:00+05:30,1951.5,1951.5,1951.449951171875,1951.449951171875,5
2026-09-23 12:45:00+05:30,1950.300048828125,1951.0,1950.300048828125,1950.3499755859375,15
2026-09-23 12:46:00+05:30,1951.25,1951.25,1950.25,1951.0,51
2026-09-23 12:47:00+05:30,1951.25,1951.25,1951.25,1951.25,6
2026-09-23 12:48:00+05:30,1950.1500244140625,1950.1500244140625,1950.1500244140625,1950.1500244140625,5
2026-09-23 12:49:00+05:30,1951.199951171875,1951.199951171875,1951.199951171875,1951.199951171875,1
2026-09-23 12:50:00+05:30,1951.199951171875,1951.199951171875,1950.25,1950.25,5
2026-09-23 12:53:00+05:30,1951.199951171875,1951.199951171875,1950.5,1950.5,41
2026-09-23 12:54:00+05:30,1950.300048828125,1951.199951171875,1950.300048828125,1951.199951171875,29
2026-09-23 12:55:00+05:30,1950.300048828125,1950.300048828125,1950.300048828125,1950.300048828125,18
2026-09-23 12:56:00+05:30,1951.5999755859375,1951.5999755859375,1950.300048828125,1951.0,116
2026-09-23 12:57:00+05:30,1951.5999755859375,1951.5999755859375,1951.550048828125,1951.550048828125,7
2026-09-23 12:58:00+05:30,1951.550048828125,1951.550048828125,1950.25,1950.25,19
2026-09-23 12:59:00+05:30,1950.5,1951.5,1950.5,1951.0,15
2026-09-23 13:00:00+05:30,1951.5,1951.5,1950.5,1950.5,117
2026-09-23 13:01:00+05:30,1951.5,1951.5,1951.5,1951.5,1
2026-09-23 13:02:00+05:30,1951.550048828125,1951.550048828125,1950.550048828125,1951.5,65
2026-09-23 13:03:00+05:30,1951.550048828125,1951.550048828125,1951.550048828125,1951.550048828125,6
2026-09-23 13:04:00+05:30,1951.0,1951.0,1951.0,1951.0,1
2026-09-23 13:05:00+05:30,1950.4000244140625,1951.5999755859375,1950.0,1950.550048828125,134
2026-09-23 13:06:00+05:30,1950.550048828125,1950.550048828125,1949.1500244140625,1949.1500244140625,15
2026-09-23 13:07:00+05:30,1950.5,1950.5,1950.5,1950.5,5
2026-09-23 13:08:00+05:30,1950.0,1950.0,1949.199951171875,1949.199951171875,8
2026-09-23 13:09:00+05:30,1948.5,1949.0,1948.0,1949.0,49
2026-09-23 13:10:00+05:30,1947.9000244140625,1947.949951171875,1947.9000244140625,1947.949951171875,28
2026-09-23 13:11:00+05:30,1946.3499755859375,1946.3499755859375,1946.3499755859375,1946.3499755859375,40
2026-09-23 13:12:00+05:30,1947.800048828125,1947.800048828125,1946.699951171875,1946.699951171875,15
2026-09-23 13:13:00+05:30,1947.050048828125,1947.1500244140625,1946.0,1946.0,7
2026-09-23 13:14:00+05:30,1947.0999755859375,1947.0999755859375,1945.699951171875,1947.0,151
2026-09-23 13:15:00+05:30,1946.300048828125,1947.0999755859375,1946.300048828125,1947.0999755859375,35
2026-09-23 13:16:00+05:30,1947.0,1947.0,1947.0,1947.0,10
2026-09-23 13:17:00+05:30,1946.3499755859375,1946.3499755859375,1946.3499755859375,1946.3499755859375,8
2026-09-23 13:18:00+05:30,1946.3499755859375,1946.550048828125,1945.4000244140625,1945.4000244140625,21
2026-09-23 13:19:00+05:30,1946.5999755859375,1946.5999755859375,1946.3499755859375,1946.5999755859375,7
2026-09-23 13:20:00+05:30,1946.0999755859375,1946.5999755859375,1946.0999755859375,1946.5999755859375,112
2026-09-23 13:21:00+05:30,1946.550048828125,1946.550048828125,1945.449951171875,1946.550048828125,33
2026-09-23 13:22:00+05:30,1947.0,1947.0,1946.5999755859375,1946.5999755859375,231
2026-09-23 13:23:00+05:30,1946.0,1947.0999755859375,1946.0,1947.0999755859375,47
2026-09-23 13:24:00+05:30,1947.050048828125,1947.050048828125,1947.050048828125,1947.050048828125,8
2026-09-23 13:25:00+05:30,1946.25,1946.25,1946.25,1946.25,4
2026-09-23 13:26:00+05:30,1947.1500244140625,1947.5999755859375,1947.1500244140625,1947.5999755859375,13
2026-09-23 13:27:00+05:30,1946.0,1947.300048828125,1946.0,1946.300048828125,103
2026-09-23 13:28:00+05:30,1946.550048828125,1946.6500244140625,1945.5,1946.6500244140625,14
2026-09-23 13:29:00+05:30,1945.4000244140625,1946.800048828125,1945.4000244140625,1945.75,36
2026-09-23 13:30:00+05:30,1945.0999755859375,1946.0999755859375,1945.0999755859375,1945.3499755859375,28
2026-09-23 13:31:00+05:30,1945.0,1945.050048828125,1945.0,1945.050048828125,113
2026-09-23 13:32:00+05:30,1945.4000244140625,1945.800048828125,1945.0,1945.550048828125,26
2026-09-23 13:33:00+05:30,1943.9000244140625,1945.0999755859375,1943.9000244140625,1944.4000244140625,47
2026-09-23 13:34:00+05:30,1944.699951171875,1944.699951171875,1944.699951171875,1944.699951171875,2
2026-09-23 13:35:00+05:30,1943.9000244140625,1943.9000244140625,1943.0999755859375,1943.9000244140625,34
2026-09-23 13:36:00+05:30,1942.9000244140625,1943.9000244140625,1942.9000244140625,1943.9000244140625,101
2026-09-23 13:37:00+05:30,1943.9000244140625,1943.9000244140625,1943.9000244140625,1943.9000244140625,4
2026-09-23 13:38:00+05:30,1943.9000244140625,1943.9000244140625,1943.9000244140625,1943.9000244140625,6
2026-09-23 13:39:00+05:30,1942.8499755859375,1943.9000244140625,1942.8499755859375,1943.9000244140625,40
2026-09-23 13:40:00+05:30,1943.9000244140625,1943.9000244140625,1942.949951171875,1943.9000244140625,9
2026-09-23 13:41:00+05:30,1944.550048828125,1946.199951171875,1943.0,1943.0,629
2026-09-23 13:42:00+05:30,1944.75,1946.25,1944.550048828125,1946.25,8
2026-09-23 13:43:00+05:30,1944.5999755859375,1944.5999755859375,1944.5999755859375,1944.5999755859375,14
2026-09-23 13:44:00+05:30,1945.300048828125,1945.300048828125,1945.300048828125,1945.300048828125,1
2026-09-23 13:45:00+05:30,1947.5,1947.550048828125,1946.25,1947.550048828125,112
2026-09-23 13:46:00+05:30,1946.050048828125,1946.050048828125,1946.050048828125,1946.050048828125,50
2026-09-23 13:47:00+05:30,1946.199951171875,1946.8499755859375,1946.199951171875,1946.75,36
2026-09-23 13:48:00+05:30,1946.199951171875,1946.199951171875,1945.3499755859375,1945.3499755859375,4
2026-09-23 13:49:00+05:30,1945.3499755859375,1945.3499755859375,1945.3499755859375,1945.3499755859375,19
2026-09-23 13:50:00+05:30,1945.5,1946.0,1945.5,1946.0,201
2026-09-23 13:51:00+05:30,1946.1500244140625,1946.449951171875,1945.4000244140625,1946.449951171875,117
2026-09-23 13:52:00+05:30,1946.0,1946.4000244140625,1946.0,1946.0999755859375,77
2026-09-23 13:53:00+05:30,1946.550048828125,1946.550048828125,1945.199951171875,1945.199951171875,3
2026-09-23 13:54:00+05:30,1945.0,1945.550048828125,1945.0,1945.550048828125,59
2026-09-23 13:55:00+05:30,1946.699951171875,1946.699951171875,1946.699951171875,1946.699951171875,7
2026-09-23 13:56:00+05:30,1946.75,1946.75,1945.449951171875,1946.699951171875,52
2026-09-23 13:58:00+05:30,1946.1500244140625,1946.449951171875,1946.1500244140625,1946.449951171875,3
2026-09-23 13:59:00+05:30,1945.0,1945.800048828125,1945.0,1945.0,60
2026-09-23 14:00:00+05:30,1946.050048828125,1946.050048828125,1946.050048828125,1946.050048828125,1
2026-09-23 14:01:00+05:30,1946.25,1946.300048828125,1946.25,1946.300048828125,14
2026-09-23 14:02:00+05:30,1945.449951171875,1946.300048828125,1945.449951171875,1946.300048828125,18
2026-09-23 14:03:00+05:30,1946.199951171875,1946.199951171875,1946.199951171875,1946.199951171875,6
2026-09-23 14:04:00+05:30,1946.550048828125,1946.550048828125,1946.199951171875,1946.550048828125,32
2026-09-23 14:05:00+05:30,1946.0,1946.0,1946.0,1946.0,1
2026-09-23 14:06:00+05:30,1945.5,1946.550048828125,1945.5,1946.0,90
2026-09-23 14:07:00+05:30,1946.699951171875,1946.699951171875,1945.199951171875,1945.199951171875,226
2026-09-23 14:08:00+05:30,1946.0,1946.0,1945.4000244140625,1945.4000244140625,12
2026-09-23 14:09:00+05:30,1946.5,1946.5,1946.5,1946.5,2
2026-09-23 14:11:00+05:30,1946.0,1946.449951171875,1946.0,1946.449951171875,11
2026-09-23 14:12:00+05:30,1946.449951171875,1946.449951171875,1946.449951171875,1946.449951171875,3
2026-09-23 14:13:00+05:30,1946.449951171875,1946.449951171875,1946.0,1946.0,5
2026-09-23 14:14:00+05:30,1947.0999755859375,1947.0999755859375,1946.9000244140625,1947.0,112
2026-09-23 14:15:00+05:30,1947.050048828125,1947.050048828125,1946.0,1946.0,3
2026-09-23 14:16:00+05:30,1947.25,1947.25,1946.050048828125,1946.050048828125,3
2026-09-23 14:17:00+05:30,1947.1500244140625,1947.1500244140625,1947.1500244140625,1947.1500244140625,10
2026-09-23 14:18:00+05:30,1947.25,1947.25,1946.300048828125,1947.1500244140625,215
2026-09-23 14:19:00+05:30,1946.300048828125,1946.300048828125,1946.300048828125,1946.300048828125,11
2026-09-23 14:20:00+05:30,1948.4000244140625,1949.300048828125,1947.1500244140625,1947.1500244140625,120
2026-09-23 14:21:00+05:30,1948.0,1950.0,1947.25,1948.4000244140625,2338
2026-09-23 14:22:00+05:30,1950.5,1950.5,1950.5,1950.5,2
2026-09-23 14:23:00+05:30,1950.0999755859375,1950.75,1949.550048828125,1949.6500244140625,57
2026-09-23 14:24:00+05:30,1949.4000244140625,1950.699951171875,1949.4000244140625,1950.699951171875,93
2026-09-23 14:25:00+05:30,1949.4000244140625,1950.4000244140625,1949.4000244140625,1950.4000244140625,21
2026-09-23 14:26:00+05:30,1950.4000244140625,1950.4000244140625,1950.3499755859375,1950.3499755859375,7
2026-09-23 14:27:00+05:30,1950.050048828125,1950.9000244140625,1949.9000244140625,1949.9000244140625,27
2026-09-23 14:28:00+05:30,1950.0,1950.699951171875,1950.0,1950.699951171875,14
2026-09-23 14:29:00+05:30,1950.5999755859375,1950.5999755859375,1950.0,1950.0,6
2026-09-23 14:31:00+05:30,1950.550048828125,1950.5999755859375,1949.4000244140625,1950.5999755859375,62
2026-09-23 14:32:00+05:30,1950.0999755859375,1950.3499755859375,1949.4000244140625,1949.4000244140625,20
2026-09-23 14:33:00+05:30,1949.25,1950.0,1949.25,1949.449951171875,39
2026-09-23 14:34:00+05:30,1950.199951171875,1950.25,1950.0999755859375,1950.25,31
2026-09-23 14:35:00+05:30,1950.25,1950.25,1950.25,1950.25,10
2026-09-23 14:36:00+05:30,1949.3499755859375,1949.3499755859375,1949.3499755859375,1949.3499755859375,10
2026-09-23 14:37:00+05:30,1950.0,1950.0,1949.4000244140625,1949.4000244140625,125
2026-09-23 14:38:00+05:30,1950.0,1950.0,1949.1500244140625,1949.1500244140625,181
2026-09-23 14:39:00+05:30,1950.199951171875,1950.25,1949.050048828125,1950.0,165
2026-09-23 14:40:00+05:30,1950.3499755859375,1950.550048828125,1950.300048828125,1950.300048828125,40
2026-09-23 14:41:00+05:30,1950.300048828125,1950.300048828125,1949.3499755859375,1950.300048828125,25
2026-09-23 14:42:00+05:30,1950.0,1950.0,1950.0,1950.0,50
2026-09-23 14:43:00+05:30,1949.5,1951.0,1949.5,1949.699951171875,159
2026-09-23 14:44:00+05:30,1950.0,1950.5999755859375,1950.0,1950.0,83
2026-09-23 14:45:00+05:30,1949.800048828125,1949.800048828125,1949.800048828125,1949.800048828125,20
2026-09-23 14:46:00+05:30,1949.6500244140625,1949.75,1949.6500244140625,1949.6500244140625,53
2026-09-23 14:47:00+05:30,1949.5999755859375,1949.5999755859375,1949.5999755859375,1949.5999755859375,10
2026-09-23 14:48:00+05:30,1950.5999755859375,1950.5999755859375,1950.300048828125,1950.449951171875,104
2026-09-23 14:49:00+05:30,1950.949951171875,1951.0,1950.449951171875,1950.449951171875,181
2026-09-23 14:50:00+05:30,1951.0,1951.0,1950.9000244140625,1950.9000244140625,430
2026-09-23 14:51:00+05:30,1950.3499755859375,1951.5,1950.3499755859375,1950.550048828125,67
2026-09-23 14:52:00+05:30,1951.3499755859375,1951.5,1950.300048828125,1951.5,116
2026-09-23 14:53:00+05:30,1951.800048828125,1952.0,1950.300048828125,1950.300048828125,541
2026-09-23 14:54:00+05:30,1952.050048828125,1952.1500244140625,1951.0,1951.25,50
2026-09-23 14:55:00+05:30,1952.0999755859375,1952.0999755859375,1952.0999755859375,1952.0999755859375,2
2026-09-23 14:56:00+05:30,1950.75,1952.1500244140625,1950.75,1952.1500244140625,11
2026-09-23 14:58:00+05:30,1950.5,1951.5999755859375,1950.5,1951.5999755859375,8
2026-09-23 14:59:00+05:30,1951.0,1951.0,1951.0,1951.0,48
2026-09-23 15:00:00+05:30,1949.9000244140625,1950.699951171875,1949.9000244140625,1950.6500244140625,244
2026-09-23 15:01:00+05:30,1950.1500244140625,1950.800048828125,1950.1500244140625,1950.800048828125,38
2026-09-23 15:02:00+05:30,1948.0999755859375,1949.0,1948.0999755859375,1949.0,30
2026-09-23 15:03:00+05:30,1949.199951171875,1949.199951171875,1949.199951171875,1949.199951171875,7
2026-09-23 15:04:00+05:30,1949.3499755859375,1950.5999755859375,1948.800048828125,1948.800048828125,216
2026-09-23 15:05:00+05:30,1949.1500244140625,1950.75,1948.949951171875,1950.75,604
2026-09-23 15:06:00+05:30,1950.550048828125,1950.550048828125,1950.550048828125,1950.550048828125,1
2026-09-23 15:07:00+05:30,1950.300048828125,1950.550048828125,1950.300048828125,1950.550048828125,5
2026-09-23 15:08:00+05:30,1949.1500244140625,1950.3499755859375,1948.75,1948.75,1804
2026-09-23 15:09:00+05:30,1949.3499755859375,1949.3499755859375,1949.199951171875,1949.25,99
2026-09-23 15:10:00+05:30,1950.3499755859375,1950.3499755859375,1949.949951171875,1949.949951171875,60
2026-09-23 15:11:00+05:30,1949.1500244140625,1949.949951171875,1949.1500244140625,1949.6500244140625,310
2026-09-23 15:12:00+05:30,1949.949951171875,1949.949951171875,1949.0999755859375,1949.949951171875,11
2026-09-23 15:13:00+05:30,1947.300048828125,1949.75,1947.300048828125,1948.0999755859375,98
2026-09-23 15:14:00+05:30,1951.0,1951.0,1947.0,1947.0,2453
2026-09-23 15:29:00+05:30,1951.0,1951.0,1951.0,1951.0,140
2026-09-24 09:15:00+05:30,1944.050048828125,1951.550048828125,1941.300048828125,1941.300048828125,328
2026-09-24 09:16:00+05:30,1945.0,1945.699951171875,1941.550048828125,1943.0,473
2026-09-24 09:17:00+05:30,1946.300048828125,1946.300048828125,1943.75,1945.0,51
2026-09-24 09:18:00+05:30,1945.4000244140625,1948.3499755859375,1945.0,1948.3499755859375,226
2026-09-24 09:19:00+05:30,1948.699951171875,1948.699951171875,1945.4000244140625,1945.4000244140625,92
2026-09-24 09:20:00+05:30,1950.949951171875,1951.0,1948.3499755859375,1949.050048828125,1393
2026-09-24 09:21:00+05:30,1952.0999755859375,1952.4000244140625,1950.1500244140625,1951.0,115
2026-09-24 09:22:00+05:30,1948.1500244140625,1951.8499755859375,1948.1500244140625,1951.8499755859375,119
2026-09-24 09:23:00+05:30,1945.25,1948.1500244140625,1945.25,1948.1500244140625,385
2026-09-24 09:24:00+05:30,1947.6500244140625,1947.9000244140625,1945.300048828125,1945.300048828125,203
2026-09-24 09:25:00+05:30,1945.3499755859375,1946.1500244140625,1943.050048828125,1946.0,1110
2026-09-24 09:26:00+05:30,1942.6500244140625,1944.449951171875,1942.6500244140625,1944.0,63
2026-09-24 09:27:00+05:30,1944.3499755859375,1944.3499755859375,1942.0,1942.25,80
2026-09-24 09:28:00+05:30,1943.25,1944.0,1942.4000244140625,1944.0,85
2026-09-24 09:29:00+05:30,1943.25,1943.949951171875,1943.25,1943.949951171875,56
2026-09-24 09:30:00+05:30,1943.550048828125,1944.949951171875,1942.0,1944.199951171875,620
2026-09-24 09:31:00+05:30,1941.75,1943.949951171875,1941.75,1942.0,339
2026-09-24 09:32:00+05:30,1943.1500244140625,1943.4000244140625,1941.3499755859375,1941.449951171875,144
2026-09-24 09:33:00+05:30,1941.0,1943.1500244140625,1941.0,1943.1500244140625,147
2026-09-24 09:34:00+05:30,1940.3499755859375,1941.800048828125,1940.0,1940.9000244140625,1157
2026-09-24 09:35:00+05:30,1939.5,1940.8499755859375,1939.5,1940.300048828125,37
2026-09-24 09:36:00+05:30,1940.9000244140625,1941.1500244140625,1940.8499755859375,1940.9000244140625,140
2026-09-24 09:37:00+05:30,1939.5,1940.9000244140625,1939.5,1940.9000244140625,112
2026-09-24 09:38:00+05:30,1937.5,1939.9000244140625,1937.5,1939.0,266
2026-09-24 09:39:00+05:30,1938.0,1938.050048828125,1937.0,1938.050048828125,126
2026-09-24 09:40:00+05:30,1935.550048828125,1937.800048828125,1935.550048828125,1937.0,120
2026-09-24 09:41:00+05:30,1936.300048828125,1937.300048828125,1935.5,1935.5,22
2026-09-24 09:42:00+05:30,1937.5,1937.6500244140625,1936.0,1936.300048828125,38
2026-09-24 09:43:00+05:30,1935.5999755859375,1937.25,1935.5999755859375,1935.6500244140625,104
2026-09-24 09:44:00+05:30,1936.75,1936.75,1935.5999755859375,1936.5,284
2026-09-24 09:45:00+05:30,1935.25,1936.25,1935.25,1935.5,31
2026-09-24 09:46:00+05:30,1933.0,1936.0,1933.0,1936.0,435
2026-09-24 09:47:00+05:30,1935.0999755859375,1935.0999755859375,1932.0,1933.0,49
2026-09-24 09:48:00+05:30,1934.550048828125,1934.949951171875,1933.0,1934.949951171875,45
2026-09-24 09:49:00+05:30,1934.550048828125,1934.800048828125,1934.0,1934.0,117
2026-09-24 09:50:00+05:30,1933.8499755859375,1934.4000244140625,1932.0,1934.4000244140625,664
2026-09-24 09:51:00+05:30,1932.800048828125,1933.8499755859375,1932.699951171875,1933.8499755859375,132
2026-09-24 09:52:00+05:30,1933.5,1933.5,1932.199951171875,1932.9000244140625,47
2026-09-24 09:53:00+05:30,1933.5,1935.0,1933.25,1933.25,179
2026-09-24 09:54:00+05:30,1933.5999755859375,1934.699951171875,1933.0,1934.0,114
2026-09-24 09:55:00+05:30,1933.4000244140625,1933.75,1933.4000244140625,1933.75,25
2026-09-24 09:56:00+05:30,1931.800048828125,1934.0,1931.800048828125,1932.0,278
2026-09-24 09:57:00+05:30,1932.8499755859375,1933.050048828125,1931.75,1931.75,599
2026-09-24 09:58:00+05:30,1932.8499755859375,1932.8499755859375,1931.8499755859375,1932.0,69
2026-09-24 09:59:00+05:30,1932.5999755859375,1932.800048828125,1931.699951171875,1931.699951171875,110
2026-09-24 10:00:00+05:30,1933.0,1933.0999755859375,1931.8499755859375,1932.699951171875,29
2026-09-24 10:01:00+05:30,1932.800048828125,1932.800048828125,1932.0,1932.800048828125,39
2026-09-24 10:02:00+05:30,1931.5,1932.75,1931.5,1932.5,55
2026-09-24 10:03:00+05:30,1932.0,1932.800048828125,1931.8499755859375,1932.800048828125,37
2026-09-24 10:04:00+05:30,1931.949951171875,1932.800048828125,1931.5,1931.5,136
2026-09-24 10:05:00+05:30,1932.199951171875,1932.800048828125,1931.5,1932.800048828125,338
2026-09-24 10:06:00+05:30,1932.0,1932.5999755859375,1931.0999755859375,1932.199951171875,152
2026-09-24 10:07:00+05:30,1932.0,1932.550048828125,1931.0999755859375,1932.550048828125,44
2026-09-24 10:08:00+05:30,1932.1500244140625,1932.1500244140625,1931.0,1932.0,19
2026-09-24 10:09:00+05:30,1931.800048828125,1932.1500244140625,1931.800048828125,1932.0,16
2026-09-24 10:10:00+05:30,1930.8499755859375,1931.8499755859375,1930.8499755859375,1931.0,171
2026-09-24 10:11:00+05:30,1931.9000244140625,1932.25,1931.0,1931.0,214
2026-09-24 10:12:00+05:30,1931.699951171875,1932.0999755859375,1930.550048828125,1931.0,56
2026-09-24 10:13:00+05:30,1931.25,1931.699951171875,1930.5,1931.699951171875,37
2026-09-24 10:14:00+05:30,1930.8499755859375,1931.300048828125,1929.0999755859375,1931.300048828125,951
2026-09-24 10:15:00+05:30,1930.0,1930.9000244140625,1930.0,1930.9000244140625,87
2026-09-24 10:16:00+05:30,1929.800048828125,1930.9000244140625,1929.5999755859375,1930.9000244140625,21
2026-09-24 10:17:00+05:30,1928.4000244140625,1930.0,1928.4000244140625,1930.0,148
2026-09-24 10:18:00+05:30,1929.0,1929.300048828125,1928.5,1928.699951171875,24
2026-09-24 10:19:00+05:30,1929.5,1929.75,1929.0,1929.75,119
2026-09-24 10:20:00+05:30,1931.3499755859375,1931.3499755859375,1929.5,1929.5,123
2026-09-24 10:21:00+05:30,1929.5999755859375,1930.6500244140625,1929.25,1930.4000244140625,73
2026-09-24 10:22:00+05:30,1929.9000244140625,1929.9000244140625,1928.8499755859375,1929.5999755859375,151
2026-09-24 10:23:00+05:30,1928.800048828125,1929.5,1928.050048828125,1929.4000244140625,103
2026-09-24 10:24:00+05:30,1929.800048828125,1929.800048828125,1928.0,1928.0,151
2026-09-24 10:25:00+05:30,1929.9000244140625,1929.9000244140625,1928.5,1929.8499755859375,586
2026-09-24 10:26:00+05:30,1930.050048828125,1930.050048828125,1928.9000244140625,1929.5999755859375,29
2026-09-24 10:27:00+05:30,1929.800048828125,1930.699951171875,1929.5,1929.5,120
2026-09-24 10:28:00+05:30,1930.1500244140625,1931.5999755859375,1929.6500244140625,1931.1500244140625,181
2026-09-24 10:29:00+05:30,1930.25,1930.449951171875,1929.0999755859375,1929.5999755859375,21
2026-09-24 10:30:00+05:30,1930.699951171875,1930.699951171875,1929.0,1930.0,17
2026-09-24 10:31:00+05:30,1930.550048828125,1930.550048828125,1930.0,1930.5,17
2026-09-24 10:32:00+05:30,1931.0999755859375,1931.0999755859375,1929.449951171875,1930.550048828125,56
2026-09-24 10:33:00+05:30,1931.4000244140625,1931.4000244140625,1931.300048828125,1931.300048828125,9
2026-09-24 10:34:00+05:30,1931.300048828125,1931.300048828125,1930.9000244140625,1930.9000244140625,4
2026-09-24 10:35:00+05:30,1930.5,1931.75,1930.0,1931.300048828125,75
2026-09-24 10:36:00+05:30,1930.699951171875,1930.699951171875,1930.699951171875,1930.699951171875,3
2026-09-24 10:37:00+05:30,1931.4000244140625,1931.4000244140625,1929.75,1931.199951171875,97
2026-09-24 10:38:00+05:30,1931.4000244140625,1931.800048828125,1930.0,1931.75,172
2026-09-24 10:39:00+05:30,1930.949951171875,1932.1500244140625,1930.949951171875,1931.5,71
2026-09-24 10:40:00+05:30,1931.4000244140625,1931.449951171875,1930.949951171875,1930.949951171875,7
2026-09-24 10:41:00+05:30,1931.199951171875,1931.199951171875,1930.0,1930.0,38
2026-09-24 10:42:00+05:30,1930.800048828125,1931.1500244140625,1930.0,1930.9000244140625,8
2026-09-24 10:43:00+05:30,1930.050048828125,1930.5,1929.0,1930.0,119
2026-09-24 10:44:00+05:30,1930.699951171875,1931.0999755859375,1929.050048828125,1929.050048828125,1195
2026-09-24 10:45:00+05:30,1930.4000244140625,1930.699951171875,1930.1500244140625,1930.699951171875,9
2026-09-24 10:46:00+05:30,1929.8499755859375,1930.4000244140625,1929.8499755859375,1930.0,34
2026-09-24 10:47:00+05:30,1930.0,1930.9000244140625,1930.0,1930.4000244140625,17
2026-09-24 10:48:00+05:30,1929.800048828125,1930.5999755859375,1929.800048828125,1930.5999755859375,37
2026-09-24 10:49:00+05:30,1930.4000244140625,1930.8499755859375,1929.5,1930.8499755859375,43
2026-09-24 10:50:00+05:30,1930.5,1930.75,1929.699951171875,1930.3499755859375,21
2026-09-24 10:51:00+05:30,1929.5,1930.0,1929.5,1930.0,160
2026-09-24 10:52:00+05:30,1930.550048828125,1930.550048828125,1929.5,1929.5,46
2026-09-24 10:53:00+05:30,1931.699951171875,1931.699951171875,1930.050048828125,1930.949951171875,146
2026-09-24 10:54:00+05:30,1931.699951171875,1931.699951171875,1930.0999755859375,1930.0999755859375,107
2026-09-24 10:55:00+05:30,1930.8499755859375,1931.8499755859375,1930.4000244140625,1930.4000244140625,14
2026-09-24 10:56:00+05:30,1932.0,1932.1500244140625,1932.0,1932.0,123
2026-09-24 10:57:00+05:30,1932.0999755859375,1932.1500244140625,1932.0,1932.1500244140625,8
2026-09-24 10:58:00+05:30,1932.800048828125,1932.800048828125,1932.0999755859375,1932.0999755859375,72
2026-09-24 10:59:00+05:30,1932.699951171875,1933.0,1932.5999755859375,1932.800048828125,103
2026-09-24 11:00:00+05:30,1934.0,1934.0,1932.0999755859375,1934.0,44
2026-09-24 11:01:00+05:30,1934.0,1934.5,1934.0,1934.0,55
2026-09-24 11:02:00+05:30,1934.800048828125,1935.0,1933.25,1935.0,133
2026-09-24 11:03:00+05:30,1933.0,1933.0,1933.0,1933.0,4
2026-09-24 11:04:00+05:30,1933.75,1933.75,1931.1500244140625,1933.550048828125,223
2026-09-24 11:05:00+05:30,1933.550048828125,1933.550048828125,1933.550048828125,1933.550048828125,10
2026-09-24 11:06:00+05:30,1932.25,1932.25,1932.199951171875,1932.199951171875,14
2026-09-24 11:07:00+05:30,1932.4000244140625,1932.4000244140625,1930.4000244140625,1932.25,70
2026-09-24 11:08:00+05:30,1932.199951171875,1932.8499755859375,1932.199951171875,1932.8499755859375,56
2026-09-24 11:09:00+05:30,1931.9000244140625,1932.25,1930.699951171875,1930.699951171875,86
2026-09-24 11:10:00+05:30,1931.9000244140625,1931.9000244140625,1930.8499755859375,1930.8499755859375,27
2026-09-24 11:11:00+05:30,1931.8499755859375,1932.75,1931.8499755859375,1931.8499755859375,87
2026-09-24 11:12:00+05:30,1931.699951171875,1932.3499755859375,1931.699951171875,1932.3499755859375,5
2026-09-24 11:13:00+05:30,1931.300048828125,1931.800048828125,1931.300048828125,1931.800048828125,3
2026-09-24 11:14:00+05:30,1932.4000244140625,1932.4000244140625,1932.4000244140625,1932.4000244140625,1
2026-09-24 11:15:00+05:30,1931.449951171875,1932.300048828125,1931.449951171875,1932.300048828125,37
2026-09-24 11:16:00+05:30,1933.3499755859375,1933.3499755859375,1932.75,1932.75,751
2026-09-24 11:17:00+05:30,1933.1500244140625,1933.199951171875,1932.699951171875,1932.699951171875,13
2026-09-24 11:18:00+05:30,1932.75,1932.8499755859375,1931.699951171875,1931.699951171875,62
2026-09-24 11:19:00+05:30,1932.800048828125,1933.199951171875,1932.800048828125,1933.199951171875,6
2026-09-24 11:20:00+05:30,1932.75,1932.75,1932.75,1932.75,2
2026-09-24 11:21:00+05:30,1932.75,1932.75,1931.699951171875,1931.699951171875,19
2026-09-24 11:22:00+05:30,1932.699951171875,1932.699951171875,1932.300048828125,1932.5999755859375,31
2026-09-24 11:23:00+05:30,1932.449951171875,1932.75,1931.699951171875,1932.75,23
2026-09-24 11:24:00+05:30,1932.3499755859375,1932.3499755859375,1931.050048828125,1931.050048828125,25
2026-09-24 11:25:00+05:30,1932.449951171875,1932.449951171875,1932.300048828125,1932.300048828125,30
2026-09-24 11:26:00+05:30,1933.199951171875,1933.300048828125,1932.4000244140625,1933.300048828125,17
2026-09-24 11:27:00+05:30,1934.449951171875,1934.449951171875,1933.199951171875,1934.0,54
2026-09-24 11:28:00+05:30,1932.949951171875,1934.050048828125,1932.75,1934.050048828125,97
2026-09-24 11:29:00+05:30,1934.75,1934.75,1934.75,1934.75,9
2026-09-24 11:30:00+05:30,1934.0999755859375,1934.949951171875,1934.0999755859375,1934.949951171875,15
2026-09-24 11:31:00+05:30,1934.75,1935.0,1934.75,1934.9000244140625,95
2026-09-24 11:32:00+05:30,1936.0,1936.0,1935.0,1935.0,330
2026-09-24 11:33:00+05:30,1935.800048828125,1935.9000244140625,1934.75,1934.75,74
2026-09-24 11:34:00+05:30,1935.800048828125,1936.550048828125,1935.800048828125,1935.9000244140625,90
2026-09-24 11:35:00+05:30,1934.9000244140625,1935.5,1934.75,1934.75,36
2026-09-24 11:36:00+05:30,1934.800048828125,1935.3499755859375,1934.0,1934.0,45
2026-09-24 11:37:00+05:30,1934.25,1934.300048828125,1933.8499755859375,1933.8499755859375,26
2026-09-24 11:38:00+05:30,1933.0,1934.25,1933.0,1933.9000244140625,34
2026-09-24 11:39:00+05:30,1932.5999755859375,1933.550048828125,1932.25,1932.25,82
2026-09-24 11:40:00+05:30,1933.550048828125,1933.550048828125,1933.550048828125,1933.550048828125,1
2026-09-24 11:41:00+05:30,1934.0,1934.0,1933.550048828125,1933.550048828125,5
2026-09-24 11:42:00+05:30,1934.0,1934.0,1934.0,1934.0,6
2026-09-24 11:43:00+05:30,1934.800048828125,1934.800048828125,1934.25,1934.25,13
2026-09-24 11:44:00+05:30,1934.5999755859375,1935.0,1933.25,1934.800048828125,20
2026-09-24 11:45:00+05:30,1936.0,1936.0,1935.0,1935.0,13
2026-09-24 11:46:00+05:30,1936.0,1936.0,1935.0999755859375,1935.0999755859375,13
2026-09-24 11:47:00+05:30,1936.0,1936.0,1934.9000244140625,1935.0,123
2026-09-24 11:48:00+05:30,1935.699951171875,1936.0,1935.0,1936.0,17
2026-09-24 11:49:00+05:30,1936.800048828125,1936.800048828125,1936.800048828125,1936.800048828125,300
2026-09-24 11:50:00+05:30,1936.199951171875,1936.199951171875,1935.75,1935.75,101
2026-09-24 11:51:00+05:30,1933.699951171875,1935.0,1933.699951171875,1935.0,20
2026-09-24 11:52:00+05:30,1933.0,1934.0999755859375,1933.0,1934.0999755859375,46
2026-09-24 11:53:00+05:30,1932.050048828125,1933.800048828125,1932.0,1932.6500244140625,83
2026-09-24 11:54:00+05:30,1933.699951171875,1934.800048828125,1933.4000244140625,1933.5,27
2026-09-24 11:55:00+05:30,1934.300048828125,1934.300048828125,1933.699951171875,1933.699951171875,5
2026-09-24 11:56:00+05:30,1934.300048828125,1934.949951171875,1933.300048828125,1933.300048828125,54
2026-09-24 11:58:00+05:30,1935.4000244140625,1936.0,1935.0,1935.0,38
2026-09-24 11:59:00+05:30,1934.0,1934.699951171875,1934.0,1934.699951171875,3
2026-09-24 12:00:00+05:30,1933.4000244140625,1934.699951171875,1933.4000244140625,1934.699951171875,31
2026-09-24 12:01:00+05:30,1935.4000244140625,1935.4000244140625,1934.5,1934.5,6
2026-09-24 12:02:00+05:30,1935.1500244140625,1935.3499755859375,1933.6500244140625,1935.3499755859375,40
2026-09-24 12:04:00+05:30,1935.4000244140625,1935.4000244140625,1935.1500244140625,1935.1500244140625,11
2026-09-24 12:05:00+05:30,1936.5999755859375,1936.800048828125,1936.5999755859375,1936.75,96
2026-09-24 12:06:00+05:30,1936.800048828125,1936.800048828125,1935.550048828125,1936.75,74
2026-09-24 12:07:00+05:30,1935.4000244140625,1936.300048828125,1935.4000244140625,1936.25,17
2026-09-24 12:08:00+05:30,1933.8499755859375,1935.0,1933.8499755859375,1935.0,106
2026-09-24 12:09:00+05:30,1933.6500244140625,1934.8499755859375,1933.6500244140625,1934.050048828125,23
2026-09-24 12:10:00+05:30,1934.050048828125,1934.050048828125,1933.050048828125,1933.199951171875,47
2026-09-24 12:11:00+05:30,1935.300048828125,1935.300048828125,1933.699951171875,1934.199951171875,30
2026-09-24 12:12:00+05:30,1935.8499755859375,1935.8499755859375,1935.8499755859375,1935.8499755859375,2
2026-09-24 12:13:00+05:30,1935.699951171875,1935.699951171875,1934.9000244140625,1934.9000244140625,74
2026-09-24 12:14:00+05:30,1934.8499755859375,1935.4000244140625,1934.8499755859375,1935.4000244140625,15
2026-09-24 12:15:00+05:30,1935.949951171875,1935.949951171875,1934.300048828125,1934.300048828125,7
2026-09-24 12:16:00+05:30,1934.9000244140625,1936.0,1934.9000244140625,1935.0999755859375,21
2026-09-24 12:17:00+05:30,1934.949951171875,1935.949951171875,1934.949951171875,1935.949951171875,33
2026-09-24 12:18:00+05:30,1935.699951171875,1935.699951171875,1935.699951171875,1935.699951171875,7
2026-09-24 12:19:00+05:30,1935.8499755859375,1935.8499755859375,1935.699951171875,1935.699951171875,35
2026-09-24 12:20:00+05:30,1934.9000244140625,1936.0,1934.9000244140625,1936.0,19
2026-09-24 12:21:00+05:30,1935.699951171875,1935.9000244140625,1935.699951171875,1935.699951171875,12
2026-09-24 12:23:00+05:30,1935.0,1935.699951171875,1935.0,1935.699951171875,40
2026-09-24 12:24:00+05:30,1934.949951171875,1935.0,1934.949951171875,1935.0,485
2026-09-24 12:25:00+05:30,1935.449951171875,1935.5999755859375,1934.9000244140625,1935.5999755859375,5
2026-09-24 12:28:00+05:30,1935.5999755859375,1935.5999755859375,1934.550048828125,1935.5999755859375,12
2026-09-24 12:29:00+05:30,1935.699951171875,1935.699951171875,1935.5999755859375,1935.5999755859375,12
2026-09-24 12:30:00+05:30,1935.449951171875,1935.449951171875,1934.9000244140625,1934.9000244140625,32
2026-09-24 12:31:00+05:30,1935.5,1935.5,1934.800048828125,1935.5,58
2026-09-24 12:32:00+05:30,1934.699951171875,1935.5,1934.699951171875,1935.5,101
2026-09-24 12:33:00+05:30,1935.5,1935.5,1934.699951171875,1935.449951171875,7
2026-09-24 12:34:00+05:30,1934.699951171875,1935.5,1934.699951171875,1935.5,11
2026-09-24 12:35:00+05:30,1934.25,1935.8499755859375,1934.0,1935.8499755859375,180
2026-09-24 12:36:00+05:30,1936.0,1936.0,1934.300048828125,1934.949951171875,567
2026-09-24 12:37:00+05:30,1936.199951171875,1936.300048828125,1935.75,1936.0,23
2026-09-24 12:38:00+05:30,1936.199951171875,1936.3499755859375,1934.949951171875,1936.199951171875,49
2026-09-24 12:39:00+05:30,1934.949951171875,1936.1500244140625,1934.949951171875,1936.1500244140625,27
2026-09-24 12:40:00+05:30,1935.0,1935.0999755859375,1934.949951171875,1934.949951171875,8
2026-09-24 12:41:00+05:30,1936.0,1936.199951171875,1935.0,1935.0,74
2026-09-24 12:42:00+05:30,1935.4000244140625,1936.0999755859375,1935.4000244140625,1936.0999755859375,7
2026-09-24 12:43:00+05:30,1935.8499755859375,1936.0,1935.699951171875,1936.0,28
2026-09-24 12:44:00+05:30,1935.0,1935.0,1935.0,1935.0,20
2026-09-24 12:45:00+05:30,1932.199951171875,1934.699951171875,1932.199951171875,1934.0,83
2026-09-24 12:46:00+05:30,1933.4000244140625,1933.4000244140625,1932.25,1933.199951171875,70
2026-09-24 12:47:00+05:30,1933.4000244140625,1933.4000244140625,1933.4000244140625,1933.4000244140625,6
2026-09-24 12:48:00+05:30,1934.800048828125,1935.25,1933.4000244140625,1933.4000244140625,55
2026-09-24 12:49:00+05:30,1934.699951171875,1935.0,1934.699951171875,1934.800048828125,34
2026-09-24 12:50:00+05:30,1934.0,1934.800048828125,1934.0,1934.800048828125,11
2026-09-24 12:51:00+05:30,1934.0,1934.0,1933.6500244140625,1933.949951171875,11
2026-09-24 12:52:00+05:30,1934.0,1934.0,1933.25,1933.25,82
2026-09-24 12:53:00+05:30,1934.0,1934.0,1933.300048828125,1934.0,24
2026-09-24 12:54:00+05:30,1934.5999755859375,1934.6500244140625,1934.0,1934.0999755859375,51
2026-09-24 12:55:00+05:30,1935.0,1935.0,1933.800048828125,1934.6500244140625,40
2026-09-24 12:56:00+05:30,1935.75,1936.199951171875,1935.0,1935.0,142
2026-09-24 12:57:00+05:30,1934.699951171875,1936.199951171875,1934.699951171875,1936.199951171875,18
2026-09-24 12:58:00+05:30,1936.1500244140625,1936.1500244140625,1934.949951171875,1935.8499755859375,22
2026-09-24 12:59:00+05:30,1935.5999755859375,1935.75,1935.5999755859375,1935.75,11
2026-09-24 13:00:00+05:30,1933.949951171875,1936.0999755859375,1933.949951171875,1936.0999755859375,217
2026-09-24 13:02:00+05:30,1935.75,1936.1500244140625,1935.75,1936.1500244140625,40
2026-09-24 13:03:00+05:30,1935.8499755859375,1935.8499755859375,1935.8499755859375,1935.8499755859375,2
2026-09-24 13:04:00+05:30,1934.8499755859375,1935.5,1934.8499755859375,1935.0,29
2026-09-24 13:05:00+05:30,1935.800048828125,1935.800048828125,1935.800048828125,1935.800048828125,1
2026-09-24 13:06:00+05:30,1934.5,1934.5,1934.5,1934.5,49
2026-09-24 13:07:00+05:30,1935.1500244140625,1935.5,1935.1500244140625,1935.5,5
2026-09-24 13:08:00+05:30,1935.1500244140625,1936.0,1935.1500244140625,1936.0,16
2026-09-24 13:09:00+05:30,1935.8499755859375,1935.9000244140625,1935.8499755859375,1935.8499755859375,9
2026-09-24 13:10:00+05:30,1934.199951171875,1935.050048828125,1934.0,1935.050048828125,72
2026-09-24 13:11:00+05:30,1935.0,1935.449951171875,1933.75,1933.75,7
2026-09-24 13:12:00+05:30,1935.199951171875,1935.199951171875,1934.550048828125,1934.550048828125,22
2026-09-24 13:13:00+05:30,1934.949951171875,1935.25,1934.949951171875,1935.25,13
2026-09-24 13:14:00+05:30,1935.0999755859375,1935.0999755859375,1934.449951171875,1934.449951171875,19
2026-09-24 13:15:00+05:30,1935.0999755859375,1935.0999755859375,1934.25,1934.25,14
2026-09-24 13:16:00+05:30,1935.0999755859375,1935.199951171875,1935.0999755859375,1935.1500244140625,26
2026-09-24 13:17:00+05:30,1935.0,1935.0,1934.25,1934.25,8
2026-09-24 13:18:00+05:30,1935.0,1935.0,1935.0,1935.0,17
2026-09-24 13:19:00+05:30,1934.050048828125,1934.050048828125,1934.050048828125,1934.050048828125,10
2026-09-24 13:20:00+05:30,1934.949951171875,1935.0,1934.949951171875,1935.0,2
2026-09-24 13:21:00+05:30,1934.0,1935.199951171875,1934.0,1935.0,15
2026-09-24 13:22:00+05:30,1934.0,1934.949951171875,1934.0,1934.949951171875,9
2026-09-24 13:23:00+05:30,1934.699951171875,1934.699951171875,1934.699951171875,1934.699951171875,1
2026-09-24 13:24:00+05:30,1933.75,1933.75,1933.75,1933.75,12
2026-09-24 13:25:00+05:30,1933.0,1933.699951171875,1933.0,1933.699951171875,19
2026-09-24 13:26:00+05:30,1934.449951171875,1934.449951171875,1933.550048828125,1933.5999755859375,82
2026-09-24 13:27:00+05:30,1931.0999755859375,1933.0,1931.0999755859375,1932.0,264
2026-09-24 13:28:00+05:30,1930.5999755859375,1930.5999755859375,1930.5999755859375,1930.5999755859375,433
2026-09-24 13:29:00+05:30,1930.9000244140625,1931.75,1930.5999755859375,1931.5,15
2026-09-24 13:30:00+05:30,1932.199951171875,1932.449951171875,1931.0999755859375,1932.449951171875,9
2026-09-24 13:31:00+05:30,1931.199951171875,1931.199951171875,1931.199951171875,1931.199951171875,10
2026-09-24 13:32:00+05:30,1933.050048828125,1933.050048828125,1932.699951171875,1932.75,8
2026-09-24 13:33:00+05:30,1933.0,1933.0,1931.5999755859375,1931.5999755859375,3
2026-09-24 13:34:00+05:30,1933.6500244140625,1934.0,1932.449951171875,1934.0,74
2026-09-24 13:35:00+05:30,1934.0,1934.0,1934.0,1934.0,5
2026-09-24 13:36:00+05:30,1933.6500244140625,1934.75,1933.6500244140625,1934.0,38
2026-09-24 13:37:00+05:30,1933.25,1933.25,1933.25,1933.25,5
2026-09-24 13:38:00+05:30,1933.9000244140625,1933.9000244140625,1933.9000244140625,1933.9000244140625,2
2026-09-24 13:39:00+05:30,1934.949951171875,1934.949951171875,1934.949951171875,1934.949951171875,11
2026-09-24 13:40:00+05:30,1934.0,1934.5,1933.300048828125,1934.5,18
2026-09-24 13:41:00+05:30,1933.699951171875,1934.550048828125,1933.25,1934.0,49
2026-09-24 13:42:00+05:30,1933.4000244140625,1933.699951171875,1932.3499755859375,1933.0,36
2026-09-24 13:43:00+05:30,1931.0,1933.4000244140625,1931.0,1933.4000244140625,75
2026-09-24 13:44:00+05:30,1930.9000244140625,1931.0,1930.9000244140625,1931.0,17
2026-09-24 13:45:00+05:30,1931.5,1932.75,1930.5,1932.75,16
2026-09-24 13:46:00+05:30,1931.0,1931.5999755859375,1930.949951171875,1930.949951171875,40
2026-09-24 13:47:00+05:30,1930.5,1930.949951171875,1930.5,1930.949951171875,102
2026-09-24 13:48:00+05:30,1930.699951171875,1931.949951171875,1930.699951171875,1931.949951171875,10
2026-09-24 13:49:00+05:30,1931.3499755859375,1931.3499755859375,1931.3499755859375,1931.3499755859375,1
2026-09-24 13:50:00+05:30,1930.0,1931.449951171875,1930.0,1930.699951171875,276
2026-09-24 13:51:00+05:30,1928.9000244140625,1930.9000244140625,1928.9000244140625,1930.9000244140625,1041
2026-09-24 13:52:00+05:30,1928.0,1929.4000244140625,1928.0,1928.9000244140625,424
2026-09-24 13:53:00+05:30,1928.9000244140625,1929.5999755859375,1928.0,1929.0999755859375,331
2026-09-24 13:54:00+05:30,1928.8499755859375,1928.8499755859375,1927.75,1928.75,40
2026-09-24 13:55:00+05:30,1928.9000244140625,1929.550048828125,1927.8499755859375,1927.8499755859375,118
2026-09-24 13:56:00+05:30,1928.0,1929.199951171875,1928.0,1929.199951171875,16
2026-09-24 13:57:00+05:30,1927.3499755859375,1928.050048828125,1926.5,1928.050048828125,543
2026-09-24 13:58:00+05:30,1926.75,1927.199951171875,1926.0,1927.199951171875,206
2026-09-24 13:59:00+05:30,1927.449951171875,1927.449951171875,1925.3499755859375,1925.3499755859375,421
2026-09-24 14:00:00+05:30,1928.0,1928.0,1925.949951171875,1925.949951171875,110
2026-09-24 14:01:00+05:30,1927.949951171875,1928.0,1926.949951171875,1926.949951171875,8
2026-09-24 14:02:00+05:30,1927.25,1928.0,1927.25,1928.0,39
2026-09-24 14:03:00+05:30,1927.5999755859375,1928.0,1927.25,1928.0,76
2026-09-24 14:04:00+05:30,1926.5999755859375,1928.0,1926.0,1927.75,95
2026-09-24 14:05:00+05:30,1927.0,1927.0,1925.800048828125,1926.75,24
2026-09-24 14:06:00+05:30,1926.9000244140625,1926.9000244140625,1926.5,1926.800048828125,33
2026-09-24 14:07:00+05:30,1926.0,1926.800048828125,1926.0,1926.800048828125,76
2026-09-24 14:08:00+05:30,1927.0,1927.0,1926.0,1926.949951171875,105
2026-09-24 14:09:00+05:30,1927.0,1927.449951171875,1927.0,1927.0,203
2026-09-24 14:10:00+05:30,1928.25,1928.25,1926.300048828125,1926.300048828125,40
2026-09-24 14:11:00+05:30,1928.0,1928.0,1926.75,1926.75,60
2026-09-24 14:12:00+05:30,1928.5999755859375,1928.5999755859375,1926.5999755859375,1927.699951171875,135
2026-09-24 14:13:00+05:30,1927.699951171875,1927.9000244140625,1926.5999755859375,1927.9000244140625,152
2026-09-24 14:14:00+05:30,1928.550048828125,1928.800048828125,1927.699951171875,1927.699951171875,50
2026-09-24 14:15:00+05:30,1928.0999755859375,1929.1500244140625,1928.0,1928.6500244140625,29
2026-09-24 14:16:00+05:30,1927.5999755859375,1928.199951171875,1927.5999755859375,1928.199951171875,58
2026-09-24 14:17:00+05:30,1927.9000244140625,1928.0999755859375,1927.5,1927.699951171875,38
2026-09-24 14:18:00+05:30,1927.699951171875,1927.9000244140625,1926.300048828125,1927.5,96
2026-09-24 14:19:00+05:30,1927.8499755859375,1927.949951171875,1927.0999755859375,1927.699951171875,36
2026-09-24 14:20:00+05:30,1927.800048828125,1928.0,1927.699951171875,1928.0,19
2026-09-24 14:21:00+05:30,1927.949951171875,1928.0,1927.199951171875,1927.9000244140625,21
2026-09-24 14:22:00+05:30,1927.300048828125,1928.0,1927.300048828125,1928.0,20
2026-09-24 14:23:00+05:30,1927.5,1927.699951171875,1927.5,1927.5,84
2026-09-24 14:24:00+05:30,1927.5,1927.5,1927.5,1927.5,8
2026-09-24 14:25:00+05:30,1927.5,1927.5,1927.0,1927.5,56
2026-09-24 14:26:00+05:30,1927.5,1927.5,1927.050048828125,1927.5,80
2026-09-24 14:27:00+05:30,1927.4000244140625,1927.75,1927.0,1927.5,602
2026-09-24 14:28:00+05:30,1927.5,1927.9000244140625,1927.0,1927.9000244140625,127
2026-09-24 14:29:00+05:30,1927.0,1927.9000244140625,1927.0,1927.9000244140625,105
2026-09-24 14:30:00+05:30,1927.0,1927.0,1926.9000244140625,1926.9000244140625,258
2026-09-24 14:31:00+05:30,1927.75,1927.75,1926.0,1927.199951171875,485
2026-09-24 14:32:00+05:30,1927.75,1927.800048828125,1927.0,1927.0,12
2026-09-24 14:33:00+05:30,1927.75,1927.75,1927.75,1927.75,136
2026-09-24 14:34:00+05:30,1928.050048828125,1929.1500244140625,1927.6500244140625,1929.0,80
2026-09-24 14:35:00+05:30,1929.300048828125,1929.300048828125,1928.0,1929.1500244140625,7
2026-09-24 14:36:00+05:30,1928.5999755859375,1929.300048828125,1928.5,1929.300048828125,6
2026-09-24 14:37:00+05:30,1927.5999755859375,1928.800048828125,1927.5999755859375,1928.0,279
2026-09-24 14:38:00+05:30,1928.4000244140625,1929.0,1928.4000244140625,1929.0,11
2026-09-24 14:39:00+05:30,1929.300048828125,1929.300048828125,1929.199951171875,1929.199951171875,5
2026-09-24 14:40:00+05:30,1930.0,1930.0,1929.75,1930.0,60
2026-09-24 14:41:00+05:30,1928.699951171875,1930.800048828125,1928.699951171875,1930.699951171875,190
2026-09-24 14:42:00+05:30,1929.0999755859375,1930.5,1928.25,1928.550048828125,373
2026-09-24 14:43:00+05:30,1928.449951171875,1929.949951171875,1928.4000244140625,1929.1500244140625,64
2026-09-24 14:44:00+05:30,1929.550048828125,1929.75,1928.1500244140625,1929.75,69
2026-09-24 14:45:00+05:30,1929.800048828125,1930.0,1929.0,1930.0,44
2026-09-24 14:46:00+05:30,1929.949951171875,1930.0,1929.1500244140625,1929.1500244140625,60
2026-09-24 14:47:00+05:30,1929.0,1930.050048828125,1929.0,1929.949951171875,26
2026-09-24 14:48:00+05:30,1929.800048828125,1930.1500244140625,1928.9000244140625,1930.1500244140625,27
2026-09-24 14:49:00+05:30,1930.0,1931.0,1929.4000244140625,1930.0,18
2026-09-24 14:50:00+05:30,1930.5,1930.699951171875,1930.5,1930.699951171875,100
2026-09-24 14:51:00+05:30,1930.699951171875,1930.699951171875,1930.699951171875,1930.699951171875,4
2026-09-24 14:52:00+05:30,1930.75,1930.75,1930.699951171875,1930.699951171875,238
2026-09-24 14:53:00+05:30,1933.0,1933.0,1932.0,1932.449951171875,159
2026-09-24 14:54:00+05:30,1931.449951171875,1933.550048828125,1931.449951171875,1933.550048828125,204
2026-09-24 14:55:00+05:30,1932.949951171875,1932.949951171875,1931.4000244140625,1931.4000244140625,433
2026-09-24 14:56:00+05:30,1932.6500244140625,1932.9000244140625,1932.5,1932.5,88
2026-09-24 14:57:00+05:30,1932.0999755859375,1932.0999755859375,1931.4000244140625,1932.0,18
2026-09-24 14:58:00+05:30,1931.75,1932.0,1931.0999755859375,1931.0999755859375,52
2026-09-24 14:59:00+05:30,1931.5999755859375,1931.800048828125,1929.8499755859375,1931.75,496
2026-09-24 15:00:00+05:30,1931.9000244140625,1932.5999755859375,1930.9000244140625,1930.9000244140625,108
2026-09-24 15:01:00+05:30,1931.0,1931.0,1929.0,1931.0,25
2026-09-24 15:02:00+05:30,1931.0,1931.0,1930.949951171875,1930.949951171875,82
2026-09-24 15:03:00+05:30,1930.300048828125,1932.300048828125,1930.300048828125,1931.75,478
2026-09-24 15:04:00+05:30,1930.3499755859375,1931.5999755859375,1930.3499755859375,1931.5,41
2026-09-24 15:05:00+05:30,1929.3499755859375,1931.1500244140625,1929.3499755859375,1931.1500244140625,181
2026-09-24 15:06:00+05:30,1929.5,1930.6500244140625,1929.5,1930.6500244140625,20
2026-09-24 15:07:00+05:30,1929.6500244140625,1929.6500244140625,1929.0,1929.0,82
2026-09-24 15:08:00+05:30,1930.0999755859375,1930.5999755859375,1929.0,1929.6500244140625,139
2026-09-24 15:09:00+05:30,1929.0,1929.4000244140625,1927.0999755859375,1929.4000244140625,289
2026-09-24 15:10:00+05:30,1928.949951171875,1928.949951171875,1927.5,1927.5,110
2026-09-24 15:11:00+05:30,1929.0,1929.800048828125,1927.4000244140625,1928.0,295
2026-09-24 15:12:00+05:30,1928.0,1929.800048828125,1927.5999755859375,1929.300048828125,210
2026-09-24 15:13:00+05:30,1928.0,1928.0,1927.300048828125,1928.0,725
2026-09-24 15:14:00+05:30,1931.300048828125,1934.0,1928.0,1928.0,816
2026-09-24 15:29:00+05:30,1933.0,1933.0,1933.0,1933.0,15120
2026-09-25 09:15:00+05:30,1933.199951171875,1933.199951171875,1928.0,1930.4000244140625,481
2026-09-25 09:16:00+05:30,1932.9000244140625,1937.1500244140625,1932.9000244140625,1932.9000244140625,173
2026-09-25 09:17:00+05:30,1931.5999755859375,1932.0,1931.5999755859375,1932.0,5
2026-09-25 09:18:00+05:30,1929.300048828125,1930.75,1929.300048828125,1930.050048828125,53
2026-09-25 09:19:00+05:30,1929.449951171875,1931.0999755859375,1929.300048828125,1931.0999755859375,16
2026-09-25 09:20:00+05:30,1927.5,1928.0,1927.0,1927.0,36
2026-09-25 09:21:00+05:30,1928.0,1928.75,1928.0,1928.0,72
2026-09-25 09:22:00+05:30,1928.5,1929.0999755859375,1928.5,1928.5,21
2026-09-25 09:23:00+05:30,1927.4000244140625,1929.050048828125,1926.5,1928.5,61
2026-09-25 09:24:00+05:30,1923.25,1926.300048828125,1923.25,1926.0,945
2026-09-25 09:25:00+05:30,1924.0,1925.3499755859375,1924.0,1925.0999755859375,35
2026-09-25 09:26:00+05:30,1923.25,1923.25,1923.25,1923.25,15
2026-09-25 09:27:00+05:30,1925.800048828125,1925.800048828125,1925.800048828125,1925.800048828125,13
2026-09-25 09:28:00+05:30,1928.300048828125,1928.300048828125,1928.0999755859375,1928.0999755859375,11
2026-09-25 09:29:00+05:30,1927.800048828125,1928.0,1927.800048828125,1928.0,166
2026-09-25 09:30:00+05:30,1927.199951171875,1927.800048828125,1927.199951171875,1927.800048828125,26
2026-09-25 09:31:00+05:30,1927.0,1927.25,1927.0,1927.25,24
2026-09-25 09:32:00+05:30,1928.0,1928.0,1927.4000244140625,1928.0,87
2026-09-25 09:33:00+05:30,1926.449951171875,1926.5999755859375,1925.199951171875,1926.5999755859375,18
2026-09-25 09:34:00+05:30,1926.449951171875,1926.449951171875,1926.449951171875,1926.449951171875,10
2026-09-25 09:35:00+05:30,1926.199951171875,1926.199951171875,1926.199951171875,1926.199951171875,10
2026-09-25 09:37:00+05:30,1924.550048828125,1925.699951171875,1924.0,1925.300048828125,156
2026-09-25 09:38:00+05:30,1925.449951171875,1925.449951171875,1924.1500244140625,1924.1500244140625,43
2026-09-25 09:39:00+05:30,1925.0,1925.0,1925.0,1925.0,10
2026-09-25 09:40:00+05:30,1925.4000244140625,1925.449951171875,1925.4000244140625,1925.449951171875,9
2026-09-25 09:41:00+05:30,1924.550048828125,1925.949951171875,1924.550048828125,1925.8499755859375,188
2026-09-25 09:42:00+05:30,1922.949951171875,1923.699951171875,1922.9000244140625,1923.5,666
2026-09-25 09:43:00+05:30,1922.800048828125,1922.8499755859375,1922.800048828125,1922.8499755859375,12
2026-09-25 09:44:00+05:30,1924.3499755859375,1924.3499755859375,1924.25,1924.25,25
2026-09-25 09:45:00+05:30,1924.550048828125,1924.949951171875,1924.550048828125,1924.949951171875,6
2026-09-25 09:46:00+05:30,1924.25,1925.1500244140625,1923.0,1924.6500244140625,29
2026-09-25 09:47:00+05:30,1925.0,1925.050048828125,1924.8499755859375,1925.050048828125,6
2026-09-25 09:49:00+05:30,1923.449951171875,1923.9000244140625,1923.449951171875,1923.9000244140625,3
2026-09-25 09:50:00+05:30,1922.0999755859375,1923.8499755859375,1922.0,1923.8499755859375,37
2026-09-25 09:51:00+05:30,1919.0,1922.949951171875,1919.0,1921.25,705
2026-09-25 09:52:00+05:30,1918.199951171875,1919.449951171875,1917.699951171875,1917.699951171875,40
2026-09-25 09:53:00+05:30,1918.199951171875,1918.199951171875,1917.0,1918.0,26
2026-09-25 09:54:00+05:30,1917.0,1917.0,1917.0,1917.0,49
2026-09-25 09:55:00+05:30,1916.3499755859375,1917.0,1916.0999755859375,1916.5,544
2026-09-25 09:56:00+05:30,1917.0,1917.1500244140625,1916.0,1917.1500244140625,161
2026-09-25 09:57:00+05:30,1919.199951171875,1919.199951171875,1918.25,1918.3499755859375,67
2026-09-25 09:58:00+05:30,1919.0999755859375,1919.0999755859375,1919.0999755859375,1919.0999755859375,23
2026-09-25 09:59:00+05:30,1921.5,1921.5,1920.699951171875,1921.4000244140625,36
2026-09-25 10:00:00+05:30,1922.050048828125,1922.050048828125,1922.050048828125,1922.050048828125,8
2026-09-25 10:01:00+05:30,1922.800048828125,1922.800048828125,1922.800048828125,1922.800048828125,1
2026-09-25 10:02:00+05:30,1923.9000244140625,1923.9000244140625,1923.0,1923.0,56
2026-09-25 10:03:00+05:30,1924.0,1924.0,1922.4000244140625,1922.4000244140625,14
2026-09-25 10:04:00+05:30,1924.199951171875,1924.199951171875,1924.199951171875,1924.199951171875,50
2026-09-25 10:05:00+05:30,1924.0,1925.0999755859375,1924.0,1925.0999755859375,54
2026-09-25 10:06:00+05:30,1924.3499755859375,1924.3499755859375,1922.8499755859375,1924.0,133
2026-09-25 10:07:00+05:30,1924.0,1924.0,1923.0999755859375,1923.0999755859375,15
2026-09-25 10:08:00+05:30,1923.949951171875,1923.949951171875,1923.949951171875,1923.949951171875,8
2026-09-25 10:09:00+05:30,1923.699951171875,1923.949951171875,1923.6500244140625,1923.949951171875,8
2026-09-25 10:10:00+05:30,1923.800048828125,1924.199951171875,1923.800048828125,1924.199951171875,11
2026-09-25 10:11:00+05:30,1924.300048828125,1924.300048828125,1923.800048828125,1923.800048828125,64
2026-09-25 10:12:00+05:30,1923.199951171875,1924.3499755859375,1923.0,1924.300048828125,62
2026-09-25 10:14:00+05:30,1924.699951171875,1924.9000244140625,1924.699951171875,1924.9000244140625,10
2026-09-25 10:15:00+05:30,1925.5,1925.75,1924.699951171875,1924.699951171875,19
2026-09-25 10:16:00+05:30,1925.0,1925.0,1925.0,1925.0,18
2026-09-25 10:18:00+05:30,1925.0,1925.0,1924.1500244140625,1925.0,11
2026-09-25 10:19:00+05:30,1925.5,1925.9000244140625,1924.4000244140625,1925.0,53
2026-09-25 10:20:00+05:30,1925.800048828125,1925.800048828125,1925.5,1925.5,192
2026-09-25 10:21:00+05:30,1926.699951171875,1926.699951171875,1926.0,1926.0,57
2026-09-25 10:22:00+05:30,1926.699951171875,1926.699951171875,1925.800048828125,1926.3499755859375,25
2026-09-25 10:23:00+05:30,1927.3499755859375,1927.3499755859375,1925.5,1925.5,95
2026-09-25 10:24:00+05:30,1927.3499755859375,1928.699951171875,1927.3499755859375,1928.199951171875,71
2026-09-25 10:25:00+05:30,1930.9000244140625,1930.9000244140625,1930.0,1930.0,117
2026-09-25 10:26:00+05:30,1930.9000244140625,1930.9000244140625,1930.9000244140625,1930.9000244140625,12
2026-09-25 10:27:00+05:30,1930.0999755859375,1930.0999755859375,1930.0999755859375,1930.0999755859375,1
2026-09-25 10:28:00+05:30,1926.5,1929.0,1926.5,1929.0,34
2026-09-25 10:29:00+05:30,1927.3499755859375,1927.3499755859375,1927.3499755859375,1927.3499755859375,1
2026-09-25 10:30:00+05:30,1926.300048828125,1926.300048828125,1926.050048828125,1926.050048828125,2
2026-09-25 10:31:00+05:30,1927.0999755859375,1927.0999755859375,1927.0999755859375,1927.0999755859375,1
2026-09-25 10:32:00+05:30,1926.0,1926.800048828125,1926.0,1926.5,126
2026-09-25 10:34:00+05:30,1923.199951171875,1925.0,1923.199951171875,1925.0,98
2026-09-25 10:35:00+05:30,1923.300048828125,1923.300048828125,1923.300048828125,1923.300048828125,10
2026-09-25 10:36:00+05:30,1923.699951171875,1923.699951171875,1923.699951171875,1923.699951171875,1
2026-09-25 10:37:00+05:30,1924.449951171875,1924.449951171875,1922.6500244140625,1924.199951171875,170
2026-09-25 10:38:00+05:30,1925.0999755859375,1925.0999755859375,1925.0999755859375,1925.0999755859375,5
2026-09-25 10:39:00+05:30,1925.0999755859375,1925.0999755859375,1925.0999755859375,1925.0999755859375,10
2026-09-25 10:41:00+05:30,1925.8499755859375,1925.8499755859375,1925.8499755859375,1925.8499755859375,1
2026-09-25 10:42:00+05:30,1925.8499755859375,1925.8499755859375,1925.8499755859375,1925.8499755859375,5
2026-09-25 10:44:00+05:30,1924.6500244140625,1925.8499755859375,1924.6500244140625,1925.8499755859375,35
2026-09-25 10:45:00+05:30,1925.550048828125,1925.5999755859375,1925.5,1925.5999755859375,18
2026-09-25 10:46:00+05:30,1925.3499755859375,1925.3499755859375,1925.25,1925.25,11
2026-09-25 10:47:00+05:30,1923.75,1925.5,1923.75,1925.3499755859375,77
2026-09-25 10:48:00+05:30,1923.699951171875,1923.699951171875,1923.699951171875,1923.699951171875,10
2026-09-25 10:49:00+05:30,1922.699951171875,1923.050048828125,1922.0,1923.050048828125,23
2026-09-25 10:50:00+05:30,1924.25,1924.25,1922.9000244140625,1923.0,36
2026-09-25 10:51:00+05:30,1923.3499755859375,1923.3499755859375,1923.3499755859375,1923.3499755859375,3
2026-09-25 10:52:00+05:30,1924.199951171875,1925.699951171875,1924.199951171875,1925.699951171875,21
2026-09-25 10:54:00+05:30,1924.0,1924.75,1924.0,1924.75,131
2026-09-25 10:55:00+05:30,1924.0,1924.5999755859375,1924.0,1924.5999755859375,7
2026-09-25 10:56:00+05:30,1924.0,1924.800048828125,1924.0,1924.800048828125,155
2026-09-25 10:57:00+05:30,1924.0,1924.0,1924.0,1924.0,6
2026-09-25 10:58:00+05:30,1924.5999755859375,1924.5999755859375,1924.5999755859375,1924.5999755859375,300
2026-09-25 10:59:00+05:30,1924.5999755859375,1924.5999755859375,1924.5999755859375,1924.5999755859375,10
2026-09-25 11:00:00+05:30,1923.550048828125,1923.550048828125,1923.550048828125,1923.550048828125,1
2026-09-25 11:01:00+05:30,1922.8499755859375,1923.0,1922.8499755859375,1923.0,250
2026-09-25 11:02:00+05:30,1924.199951171875,1924.199951171875,1923.949951171875,1923.949951171875,7
2026-09-25 11:03:00+05:30,1924.5999755859375,1924.5999755859375,1924.5999755859375,1924.5999755859375,5
2026-09-25 11:05:00+05:30,1924.300048828125,1924.5999755859375,1924.300048828125,1924.5999755859375,16
2026-09-25 11:06:00+05:30,1924.9000244140625,1924.9000244140625,1924.300048828125,1924.300048828125,41
2026-09-25 11:07:00+05:30,1924.050048828125,1925.300048828125,1924.050048828125,1925.300048828125,78
2026-09-25 11:08:00+05:30,1924.9000244140625,1924.9000244140625,1924.9000244140625,1924.9000244140625,1
2026-09-25 11:09:00+05:30,1925.0,1925.0,1925.0,1925.0,4
2026-09-25 11:10:00+05:30,1923.8499755859375,1923.8499755859375,1923.8499755859375,1923.8499755859375,96
2026-09-25 11:11:00+05:30,1924.050048828125,1924.050048828125,1923.199951171875,1923.199951171875,16
2026-09-25 11:13:00+05:30,1923.699951171875,1923.699951171875,1923.699951171875,1923.699951171875,1
2026-09-25 11:14:00+05:30,1923.699951171875,1923.699951171875,1923.1500244140625,1923.1500244140625,41
2026-09-25 11:15:00+05:30,1924.6500244140625,1924.6500244140625,1923.699951171875,1923.699951171875,28
2026-09-25 11:16:00+05:30,1924.949951171875,1924.949951171875,1924.949951171875,1924.949951171875,1
2026-09-25 11:18:00+05:30,1922.8499755859375,1923.0,1922.8499755859375,1923.0,11
2026-09-25 11:19:00+05:30,1923.5999755859375,1923.5999755859375,1923.5999755859375,1923.5999755859375,1
2026-09-25 11:21:00+05:30,1922.8499755859375,1922.8499755859375,1922.8499755859375,1922.8499755859375,1
2026-09-25 11:22:00+05:30,1923.5,1923.550048828125,1922.8499755859375,1922.8499755859375,16
2026-09-25 11:23:00+05:30,1923.300048828125,1923.550048828125,1922.5,1922.5,68
2026-09-25 11:24:00+05:30,1922.75,1923.0999755859375,1922.5,1922.5,319
2026-09-25 11:25:00+05:30,1923.0,1923.0,1923.0,1923.0,300
2026-09-25 11:26:00+05:30,1923.550048828125,1923.550048828125,1922.699951171875,1922.699951171875,5
2026-09-25 11:27:00+05:30,1924.0,1924.0,1923.0,1923.0,54
2026-09-25 11:28:00+05:30,1925.0,1925.0,1923.0999755859375,1923.449951171875,154
2026-09-25 11:29:00+05:30,1924.1500244140625,1925.0,1923.0,1924.75,37
2026-09-25 11:30:00+05:30,1924.0,1924.0,1924.0,1924.0,1
2026-09-25 11:31:00+05:30,1925.4000244140625,1925.4000244140625,1925.4000244140625,1925.4000244140625,1
2026-09-25 11:33:00+05:30,1925.5,1925.5,1925.5,1925.5,9
2026-09-25 11:34:00+05:30,1923.550048828125,1923.550048828125,1923.550048828125,1923.550048828125,33
2026-09-25 11:35:00+05:30,1923.550048828125,1923.550048828125,1923.550048828125,1923.550048828125,4
2026-09-25 11:36:00+05:30,1924.6500244140625,1924.6500244140625,1924.6500244140625,1924.6500244140625,10
2026-09-25 11:37:00+05:30,1925.0,1925.0,1925.0,1925.0,77
2026-09-25 11:40:00+05:30,1925.5,1925.5,1924.6500244140625,1924.6500244140625,2
2026-09-25 11:41:00+05:30,1924.6500244140625,1925.4000244140625,1924.6500244140625,1925.4000244140625,4
2026-09-25 11:42:00+05:30,1925.5999755859375,1925.5999755859375,1925.5999755859375,1925.5999755859375,3
2026-09-25 11:43:00+05:30,1925.300048828125,1925.300048828125,1925.300048828125,1925.300048828125,5
2026-09-25 11:44:00+05:30,1924.5999755859375,1924.5999755859375,1924.5999755859375,1924.5999755859375,11
2026-09-25 11:45:00+05:30,1924.3499755859375,1924.3499755859375,1924.3499755859375,1924.3499755859375,11
2026-09-25 11:46:00+05:30,1924.1500244140625,1924.5999755859375,1924.1500244140625,1924.5999755859375,45
2026-09-25 11:47:00+05:30,1925.0,1925.0,1925.0,1925.0,5
2026-09-25 11:48:00+05:30,1925.75,1926.0,1925.699951171875,1925.699951171875,206
2026-09-25 11:49:00+05:30,1925.0,1925.550048828125,1925.0,1925.0,12
2026-09-25 11:50:00+05:30,1926.0,1926.0,1926.0,1926.0,1
2026-09-25 11:51:00+05:30,1926.0999755859375,1926.0999755859375,1926.0999755859375,1926.0999755859375,15
2026-09-25 11:52:00+05:30,1925.300048828125,1926.0,1925.300048828125,1926.0,2
2026-09-25 11:53:00+05:30,1926.5,1926.5,1925.199951171875,1925.199951171875,38
2026-09-25 11:55:00+05:30,1924.5,1925.0999755859375,1924.5,1925.0999755859375,4
2026-09-25 11:56:00+05:30,1924.0,1924.0,1924.0,1924.0,1
2026-09-25 11:57:00+05:30,1924.8499755859375,1924.8499755859375,1924.8499755859375,1924.8499755859375,9
2026-09-25 11:58:00+05:30,1924.5,1924.5,1924.5,1924.5,1
2026-09-25 11:59:00+05:30,1923.9000244140625,1923.9000244140625,1923.9000244140625,1923.9000244140625,22
2026-09-25 12:01:00+05:30,1925.0,1925.0,1923.449951171875,1923.449951171875,20
2026-09-25 12:03:00+05:30,1923.199951171875,1923.199951171875,1922.4000244140625,1922.9000244140625,3349
2026-09-25 12:04:00+05:30,1923.449951171875,1924.199951171875,1923.449951171875,1924.199951171875,30
2026-09-25 12:07:00+05:30,1923.4000244140625,1923.4000244140625,1923.4000244140625,1923.4000244140625,2
2026-09-25 12:08:00+05:30,1922.300048828125,1922.300048828125,1922.300048828125,1922.300048828125,15
2026-09-25 12:09:00+05:30,1922.449951171875,1923.6500244140625,1922.449951171875,1923.6500244140625,11
2026-09-25 12:10:00+05:30,1922.6500244140625,1923.949951171875,1922.5,1922.5,28
2026-09-25 12:11:00+05:30,1923.699951171875,1923.699951171875,1922.6500244140625,1922.6500244140625,10
2026-09-25 12:12:00+05:30,1923.4000244140625,1923.4000244140625,1923.4000244140625,1923.4000244140625,10
2026-09-25 12:13:00+05:30,1924.4000244140625,1924.4000244140625,1923.25,1923.9000244140625,33
2026-09-25 12:14:00+05:30,1925.0,1925.0,1924.949951171875,1925.0,57
2026-09-25 12:15:00+05:30,1925.0,1925.0,1924.300048828125,1924.300048828125,67
2026-09-25 12:16:00+05:30,1925.0,1925.0,1925.0,1925.0,64
2026-09-25 12:18:00+05:30,1925.550048828125,1925.550048828125,1925.550048828125,1925.550048828125,1
2026-09-25 12:21:00+05:30,1923.8499755859375,1923.8499755859375,1923.8499755859375,1923.8499755859375,100
2026-09-25 12:22:00+05:30,1924.5,1924.5,1924.5,1924.5,5
2026-09-25 12:28:00+05:30,1924.6500244140625,1925.5999755859375,1924.1500244140625,1925.050048828125,40
2026-09-25 12:29:00+05:30,1925.949951171875,1925.949951171875,1924.5,1925.5,49
2026-09-25 12:30:00+05:30,1925.0,1925.949951171875,1925.0,1925.9000244140625,35
2026-09-25 12:32:00+05:30,1924.199951171875,1924.199951171875,1924.199951171875,1924.199951171875,25
2026-09-25 12:36:00+05:30,1923.0,1924.300048828125,1922.5999755859375,1924.300048828125,42
2026-09-25 12:37:00+05:30,1923.4000244140625,1923.4000244140625,1923.4000244140625,1923.4000244140625,3
2026-09-25 12:38:00+05:30,1923.300048828125,1924.199951171875,1923.300048828125,1924.199951171875,2
2026-09-25 12:39:00+05:30,1922.449951171875,1924.550048828125,1922.449951171875,1924.550048828125,45
2026-09-25 12:40:00+05:30,1922.4000244140625,1922.4000244140625,1922.4000244140625,1922.4000244140625,4
2026-09-25 12:41:00+05:30,1924.949951171875,1924.949951171875,1922.6500244140625,1922.6500244140625,2
2026-09-25 12:42:00+05:30,1925.0,1925.0,1924.5,1924.5,41
2026-09-25 12:44:00+05:30,1925.9000244140625,1925.9000244140625,1925.9000244140625,1925.9000244140625,1
2026-09-25 12:45:00+05:30,1925.800048828125,1926.0,1925.800048828125,1926.0,7
2026-09-25 12:46:00+05:30,1924.6500244140625,1925.050048828125,1924.6500244140625,1925.0,21
2026-09-25 12:47:00+05:30,1925.550048828125,1925.550048828125,1924.3499755859375,1924.3499755859375,2
2026-09-25 12:49:00+05:30,1924.3499755859375,1925.0,1924.3499755859375,1924.449951171875,28
2026-09-25 12:50:00+05:30,1925.0,1925.0,1924.449951171875,1925.0,17
2026-09-25 12:51:00+05:30,1924.3499755859375,1924.3499755859375,1924.3499755859375,1924.3499755859375,5
2026-09-25 12:52:00+05:30,1924.25,1924.25,1924.25,1924.25,15
2026-09-25 12:53:00+05:30,1923.699951171875,1924.699951171875,1923.699951171875,1924.699951171875,35
2026-09-25 12:55:00+05:30,1925.0999755859375,1925.0999755859375,1923.949951171875,1923.949951171875,21
2026-09-25 12:57:00+05:30,1923.5999755859375,1924.0,1923.449951171875,1924.0,33
2026-09-25 12:58:00+05:30,1923.3499755859375,1923.699951171875,1923.3499755859375,1923.699951171875,57
2026-09-25 12:59:00+05:30,1923.3499755859375,1923.3499755859375,1923.3499755859375,1923.3499755859375,14
2026-09-25 13:00:00+05:30,1924.300048828125,1924.300048828125,1923.0,1923.0,4
2026-09-25 13:03:00+05:30,1923.75,1924.0,1923.75,1924.0,25
2026-09-25 13:04:00+05:30,1924.949951171875,1924.949951171875,1924.949951171875,1924.949951171875,5
2026-09-25 13:06:00+05:30,1923.800048828125,1923.800048828125,1923.800048828125,1923.800048828125,72
2026-09-25 13:07:00+05:30,1924.6500244140625,1924.6500244140625,1924.6500244140625,1924.6500244140625,3
2026-09-25 13:08:00+05:30,1923.5999755859375,1923.5999755859375,1923.5999755859375,1923.5999755859375,2
2026-09-25 13:09:00+05:30,1924.6500244140625,1924.6500244140625,1924.6500244140625,1924.6500244140625,2
2026-09-25 13:12:00+05:30,1924.550048828125,1924.5999755859375,1924.550048828125,1924.5999755859375,9
2026-09-25 13:13:00+05:30,1924.5999755859375,1924.5999755859375,1924.5,1924.5,58
2026-09-25 13:14:00+05:30,1924.5999755859375,1924.5999755859375,1924.5999755859375,1924.5999755859375,13
2026-09-25 13:15:00+05:30,1926.0,1926.0,1924.4000244140625,1924.4000244140625,154
2026-09-25 13:16:00+05:30,1927.0,1927.0,1925.9000244140625,1925.9000244140625,51
2026-09-25 13:17:00+05:30,1927.0,1927.0,1927.0,1927.0,100
2026-09-25 13:18:00+05:30,1925.300048828125,1925.300048828125,1925.0999755859375,1925.0999755859375,301
2026-09-25 13:19:00+05:30,1925.5999755859375,1926.449951171875,1925.5999755859375,1926.449951171875,83
2026-09-25 13:20:00+05:30,1927.449951171875,1927.449951171875,1927.449951171875,1927.449951171875,97
2026-09-25 13:21:00+05:30,1926.4000244140625,1926.4000244140625,1926.4000244140625,1926.4000244140625,32
2026-09-25 13:23:00+05:30,1927.3499755859375,1927.4000244140625,1926.3499755859375,1926.3499755859375,72
2026-09-25 13:24:00+05:30,1928.25,1928.25,1928.25,1928.25,1
2026-09-25 13:25:00+05:30,1927.5,1927.5,1927.5,1927.5,2
2026-09-25 13:26:00+05:30,1927.3499755859375,1927.3499755859375,1927.1500244140625,1927.1500244140625,12
2026-09-25 13:27:00+05:30,1926.9000244140625,1927.3499755859375,1926.9000244140625,1927.3499755859375,7
2026-09-25 13:29:00+05:30,1925.4000244140625,1925.4000244140625,1925.4000244140625,1925.4000244140625,300
2026-09-25 13:30:00+05:30,1925.8499755859375,1925.8499755859375,1925.8499755859375,1925.8499755859375,10
2026-09-25 13:32:00+05:30,1926.5,1926.5,1926.5,1926.5,1
2026-09-25 13:34:00+05:30,1927.1500244140625,1927.1500244140625,1926.6500244140625,1926.6500244140625,21
2026-09-25 13:37:00+05:30,1927.699951171875,1927.699951171875,1927.550048828125,1927.550048828125,17
2026-09-25 13:38:00+05:30,1928.4000244140625,1928.4000244140625,1928.4000244140625,1928.4000244140625,11
2026-09-25 13:39:00+05:30,1928.1500244140625,1928.699951171875,1928.1500244140625,1928.699951171875,34
2026-09-25 13:40:00+05:30,1928.050048828125,1928.300048828125,1927.550048828125,1928.300048828125,28
2026-09-25 13:41:00+05:30,1928.0999755859375,1928.0999755859375,1927.699951171875,1927.699951171875,4
2026-09-25 13:43:00+05:30,1928.9000244140625,1928.9000244140625,1928.9000244140625,1928.9000244140625,2
2026-09-25 13:44:00+05:30,1928.8499755859375,1928.8499755859375,1927.800048828125,1927.800048828125,11
2026-09-25 13:45:00+05:30,1928.5,1928.5,1928.5,1928.5,10
2026-09-25 13:46:00+05:30,1928.449951171875,1928.449951171875,1928.449951171875,1928.449951171875,2
2026-09-25 13:47:00+05:30,1929.449951171875,1929.449951171875,1929.449951171875,1929.449951171875,5
2026-09-25 13:49:00+05:30,1928.699951171875,1928.699951171875,1928.699951171875,1928.699951171875,1
2026-09-25 13:51:00+05:30,1928.699951171875,1928.699951171875,1928.699951171875,1928.699951171875,26
2026-09-25 13:52:00+05:30,1928.699951171875,1928.699951171875,1928.6500244140625,1928.6500244140625,150
2026-09-25 13:53:00+05:30,1928.5999755859375,1928.699951171875,1928.5999755859375,1928.699951171875,101
2026-09-25 13:55:00+05:30,1927.800048828125,1927.800048828125,1927.800048828125,1927.800048828125,34
2026-09-25 13:56:00+05:30,1929.1500244140625,1929.1500244140625,1929.1500244140625,1929.1500244140625,1
2026-09-25 13:57:00+05:30,1929.9000244140625,1929.9000244140625,1929.9000244140625,1929.9000244140625,2
2026-09-25 13:58:00+05:30,1929.9000244140625,1929.9000244140625,1929.9000244140625,1929.9000244140625,4
2026-09-25 13:59:00+05:30,1930.8499755859375,1930.8499755859375,1929.9000244140625,1929.9000244140625,26
2026-09-25 14:00:00+05:30,1932.4000244140625,1932.4000244140625,1932.4000244140625,1932.4000244140625,1
2026-09-25 14:01:00+05:30,1933.1500244140625,1933.1500244140625,1933.1500244140625,1933.1500244140625,6
2026-09-25 14:03:00+05:30,1937.25,1937.25,1933.9000244140625,1933.9000244140625,207
2026-09-25 14:04:00+05:30,1935.300048828125,1935.300048828125,1935.300048828125,1935.300048828125,4
2026-09-25 14:05:00+05:30,1935.25,1935.25,1935.25,1935.25,11
2026-09-25 14:06:00+05:30,1936.0,1936.0,1936.0,1936.0,25
2026-09-25 14:08:00+05:30,1935.0,1935.199951171875,1935.0,1935.199951171875,4
2026-09-25 14:11:00+05:30,1932.949951171875,1932.949951171875,1931.800048828125,1931.800048828125,70
2026-09-25 14:15:00+05:30,1932.199951171875,1933.5,1932.199951171875,1933.0,30
2026-09-25 14:16:00+05:30,1933.449951171875,1933.449951171875,1933.449951171875,1933.449951171875,1
2026-09-25 14:18:00+05:30,1935.9000244140625,1935.949951171875,1935.9000244140625,1935.9000244140625,1351
2026-09-25 14:20:00+05:30,1935.0,1935.0,1935.0,1935.0,100
2026-09-25 14:21:00+05:30,1935.5,1935.5,1935.0,1935.0,7
2026-09-25 14:22:00+05:30,1935.449951171875,1935.449951171875,1934.1500244140625,1934.1500244140625,15
2026-09-25 14:24:00+05:30,1935.449951171875,1935.449951171875,1935.449951171875,1935.449951171875,10
2026-09-25 14:25:00+05:30,1935.449951171875,1935.449951171875,1935.449951171875,1935.449951171875,50
2026-09-25 14:26:00+05:30,1936.4000244140625,1936.4000244140625,1935.5,1935.5,125
2026-09-25 14:27:00+05:30,1937.4000244140625,1937.4000244140625,1937.4000244140625,1937.4000244140625,8
2026-09-25 14:28:00+05:30,1937.4000244140625,1937.4000244140625,1937.0,1937.0,39
2026-09-25 14:29:00+05:30,1937.9000244140625,1937.9000244140625,1937.0,1937.0,17
2026-09-25 14:30:00+05:30,1938.6500244140625,1938.6500244140625,1938.6500244140625,1938.6500244140625,936
2026-09-25 14:32:00+05:30,1938.0,1938.0,1938.0,1938.0,5
2026-09-25 14:33:00+05:30,1937.0,1938.0,1937.0,1938.0,313
2026-09-25 14:34:00+05:30,1939.0,1939.0,1939.0,1939.0,9
2026-09-25 14:35:00+05:30,1938.949951171875,1939.0,1938.949951171875,1939.0,10
2026-09-25 14:36:00+05:30,1938.050048828125,1938.050048828125,1938.0,1938.0,7
2026-09-25 14:37:00+05:30,1939.9000244140625,1939.9000244140625,1937.699951171875,1937.699951171875,473
2026-09-25 14:38:00+05:30,1938.449951171875,1939.9000244140625,1938.449951171875,1939.9000244140625,87
2026-09-25 14:40:00+05:30,1939.3499755859375,1939.3499755859375,1939.3499755859375,1939.3499755859375,8
2026-09-25 14:41:00+05:30,1940.0,1940.0,1939.300048828125,1939.300048828125,327
2026-09-25 14:42:00+05:30,1940.0,1940.0,1940.0,1940.0,66
2026-09-25 14:43:00+05:30,1940.0,1940.0,1940.0,1940.0,102
2026-09-25 14:44:00+05:30,1940.0,1940.699951171875,1940.0,1940.4000244140625,341
2026-09-25 14:45:00+05:30,1940.0,1940.550048828125,1939.300048828125,1940.0,301
2026-09-25 14:46:00+05:30,1940.0,1940.449951171875,1940.0,1940.449951171875,101
2026-09-25 14:47:00+05:30,1940.0,1940.0,1940.0,1940.0,83
2026-09-25 14:48:00+05:30,1940.0,1940.0,1938.699951171875,1940.0,343
2026-09-25 14:49:00+05:30,1939.300048828125,1940.050048828125,1939.0,1939.0,43
2026-09-25 14:50:00+05:30,1938.5999755859375,1939.0,1938.5999755859375,1939.0,197
2026-09-25 14:51:00+05:30,1938.800048828125,1938.800048828125,1938.449951171875,1938.449951171875,77
2026-09-25 14:52:00+05:30,1938.800048828125,1938.800048828125,1938.699951171875,1938.699951171875,36
2026-09-25 14:53:00+05:30,1938.9000244140625,1938.9000244140625,1938.75,1938.75,31
2026-09-25 14:54:00+05:30,1939.300048828125,1939.300048828125,1939.0,1939.0,36
2026-09-25 14:55:00+05:30,1939.0999755859375,1939.0999755859375,1939.0999755859375,1939.0999755859375,8
2026-09-25 14:56:00+05:30,1937.5,1937.9000244140625,1937.5,1937.9000244140625,25
2026-09-25 14:57:00+05:30,1937.949951171875,1938.25,1937.949951171875,1938.25,148
2026-09-25 14:58:00+05:30,1939.0999755859375,1939.0999755859375,1938.199951171875,1938.199951171875,17
2026-09-25 14:59:00+05:30,1939.4000244140625,1939.4000244140625,1939.199951171875,1939.199951171875,268
2026-09-25 15:00:00+05:30,1939.0999755859375,1939.4000244140625,1939.0999755859375,1939.4000244140625,35
2026-09-25 15:01:00+05:30,1938.449951171875,1938.449951171875,1938.449951171875,1938.449951171875,4
2026-09-25 15:04:00+05:30,1938.5,1939.550048828125,1938.5,1938.9000244140625,258
2026-09-25 15:05:00+05:30,1939.0999755859375,1939.5999755859375,1938.5,1938.5,28
2026-09-25 15:06:00+05:30,1939.0,1939.300048828125,1938.5,1939.300048828125,25
2026-09-25 15:07:00+05:30,1939.5999755859375,1940.0,1939.25,1939.8499755859375,53
2026-09-25 15:09:00+05:30,1939.6500244140625,1940.0,1939.6500244140625,1939.949951171875,92
2026-09-25 15:11:00+05:30,1939.449951171875,1939.449951171875,1938.9000244140625,1938.9000244140625,53
2026-09-25 15:12:00+05:30,1938.0,1939.0,1938.0,1938.449951171875,45
2026-09-25 15:13:00+05:30,1937.5999755859375,1938.8499755859375,1937.0,1938.4000244140625,19
2026-09-25 15:29:00+05:30,1940.0,1940.0,1940.0,1940.0,195
