Datetime,Close,High,Low,Open,Volume
2026-08-28 09:15:00+05:30,1029.800048828125,1032.0,1029.0,1029.0,1992
2026-08-28 09:16:00+05:30,1026.9000244140625,1030.1500244140625,1026.9000244140625,1029.699951171875,1257
2026-08-28 09:17:00+05:30,1029.050048828125,1029.050048828125,1027.6500244140625,1027.6500244140625,395
2026-08-28 09:18:00+05:30,1030.449951171875,1031.5999755859375,1028.949951171875,1028.949951171875,502
2026-08-28 09:19:00+05:30,1030.449951171875,1031.0,1030.0,1030.050048828125,340
2026-08-28 09:20:00+05:30,1031.0,1032.25,1030.5,1030.9000244140625,970
2026-08-28 09:21:00+05:30,1031.25,1031.25,1031.0,1031.199951171875,136
2026-08-28 09:22:00+05:30,1030.0,1031.0999755859375,1030.0,1030.9000244140625,209
2026-08-28 09:23:00+05:30,1029.300048828125,1029.800048828125,1029.300048828125,1029.75,291
2026-08-28 09:24:00+05:30,1029.8499755859375,1029.8499755859375,1028.949951171875,1029.3499755859375,469
2026-08-28 09:25:00+05:30,1031.0,1031.5,1030.9000244140625,1030.9000244140625,219
2026-08-28 09:26:00+05:30,1030.75,1031.25,1030.5999755859375,1031.199951171875,562
2026-08-28 09:27:00+05:30,1031.0,1031.25,1030.75,1030.75,112
2026-08-28 09:28:00+05:30,1031.4000244140625,1031.5,1031.0,1031.0,81
2026-08-28 09:29:00+05:30,1031.5,1031.5,1031.4000244140625,1031.4000244140625,219
2026-08-28 09:30:00+05:30,1032.0,1032.0,1031.199951171875,1031.800048828125,1160
2026-08-28 09:31:00+05:30,1031.449951171875,1031.699951171875,1031.4000244140625,1031.4000244140625,142
2026-08-28 09:32:00+05:30,1031.0,1031.5,1031.0,1031.449951171875,237
2026-08-28 09:33:00+05:30,1030.3499755859375,1031.199951171875,1030.050048828125,1031.0,201
2026-08-28 09:34:00+05:30,1029.5999755859375,1030.0,1029.5999755859375,1030.0,309
2026-08-28 09:35:00+05:30,1028.5,1028.5,1028.3499755859375,1028.3499755859375,5547
2026-08-28 09:36:00+05:30,1028.300048828125,1028.3499755859375,1028.0,1028.300048828125,523
2026-08-28 09:37:00+05:30,1027.800048828125,1028.5,1027.800048828125,1028.5,1425
2026-08-28 09:38:00+05:30,1029.5999755859375,1029.5999755859375,1028.050048828125,1028.3499755859375,919
2026-08-28 09:39:00+05:30,1030.0,1030.0,1030.0,1030.0,11
2026-08-28 09:40:00+05:30,1029.550048828125,1029.699951171875,1029.25,1029.699951171875,27
2026-08-28 09:41:00+05:30,1031.0,1031.0,1029.5999755859375,1029.6500244140625,605
2026-08-28 09:42:00+05:30,1031.050048828125,1031.0999755859375,1030.75,1031.050048828125,561
2026-08-28 09:43:00+05:30,1031.699951171875,1031.699951171875,1031.0999755859375,1031.0999755859375,313
2026-08-28 09:45:00+05:30,1031.949951171875,1032.0,1031.0999755859375,1031.75,1505
2026-08-28 09:46:00+05:30,1032.5,1032.5,1031.800048828125,1031.800048828125,170
2026-08-28 09:47:00+05:30,1031.9000244140625,1031.9000244140625,1031.199951171875,1031.199951171875,79
2026-08-28 09:48:00+05:30,1031.3499755859375,1031.3499755859375,1030.9000244140625,1030.949951171875,45
2026-08-28 09:49:00+05:30,1031.0,1031.300048828125,1030.800048828125,1030.800048828125,129
2026-08-28 09:50:00+05:30,1031.5,1031.5,1031.199951171875,1031.25,369
2026-08-28 09:51:00+05:30,1032.0,1032.300048828125,1031.9000244140625,1031.9000244140625,183
2026-08-28 09:52:00+05:30,1031.5999755859375,1031.949951171875,1031.550048828125,1031.949951171875,24
2026-08-28 09:53:00+05:30,1032.050048828125,1032.300048828125,1031.6500244140625,1031.6500244140625,230
2026-08-28 09:54:00+05:30,1032.0,1032.050048828125,1031.550048828125,1032.050048828125,208
2026-08-28 09:55:00+05:30,1031.949951171875,1032.0,1031.800048828125,1032.0,23
2026-08-28 09:56:00+05:30,1031.050048828125,1031.75,1031.050048828125,1031.75,430
2026-08-28 09:57:00+05:30,1031.5999755859375,1031.5999755859375,1031.199951171875,1031.199951171875,50
2026-08-28 09:58:00+05:30,1031.0,1031.0,1031.0,1031.0,20
2026-08-28 09:59:00+05:30,1031.300048828125,1031.300048828125,1030.800048828125,1030.800048828125,135
2026-08-28 10:00:00+05:30,1030.5,1031.0,1030.5,1030.75,82
2026-08-28 10:01:00+05:30,1030.550048828125,1030.5999755859375,1030.550048828125,1030.5999755859375,111
2026-08-28 10:02:00+05:30,1030.5999755859375,1030.5999755859375,1030.550048828125,1030.550048828125,23
2026-08-28 10:03:00+05:30,1030.5,1030.5,1030.0,1030.0,8
2026-08-28 10:04:00+05:30,1030.5,1030.550048828125,1030.5,1030.550048828125,124
2026-08-28 10:05:00+05:30,1030.449951171875,1030.449951171875,1030.449951171875,1030.449951171875,151
2026-08-28 10:06:00+05:30,1029.5,1030.0,1029.5,1030.0,223
2026-08-28 10:07:00+05:30,1030.550048828125,1030.949951171875,1030.0,1030.0,286
2026-08-28 10:08:00+05:30,1030.800048828125,1030.800048828125,1030.800048828125,1030.800048828125,2
2026-08-28 10:09:00+05:30,1031.0,1031.0,1030.5,1030.800048828125,138
2026-08-28 10:10:00+05:30,1031.0,1031.0,1031.0,1031.0,75
2026-08-28 10:11:00+05:30,1031.0999755859375,1031.0999755859375,1031.0999755859375,1031.0999755859375,35
2026-08-28 10:12:00+05:30,1031.0999755859375,1031.0999755859375,1031.0999755859375,1031.0999755859375,8
2026-08-28 10:13:00+05:30,1031.300048828125,1031.300048828125,1031.0,1031.0,76
2026-08-28 10:14:00+05:30,1032.0,1032.0,1031.75,1031.75,202
2026-08-28 10:15:00+05:30,1032.0,1032.0,1032.0,1032.0,3
2026-08-28 10:16:00+05:30,1031.8499755859375,1032.0,1031.8499755859375,1032.0,26
2026-08-28 10:17:00+05:30,1032.449951171875,1032.449951171875,1031.8499755859375,1031.8499755859375,186
2026-08-28 10:18:00+05:30,1031.550048828125,1032.300048828125,1031.5,1032.300048828125,1091
2026-08-28 10:19:00+05:30,1031.4000244140625,1031.5999755859375,1031.1500244140625,1031.1500244140625,37
2026-08-28 10:20:00+05:30,1031.0,1031.0,1031.0,1031.0,1
2026-08-28 10:21:00+05:30,1030.8499755859375,1030.8499755859375,1030.8499755859375,1030.8499755859375,38
2026-08-28 10:22:00+05:30,1030.300048828125,1030.300048828125,1030.300048828125,1030.300048828125,8
2026-08-28 10:23:00+05:30,1030.449951171875,1030.550048828125,1030.449951171875,1030.550048828125,290
2026-08-28 10:24:00+05:30,1030.949951171875,1030.949951171875,1030.4000244140625,1030.4000244140625,86
2026-08-28 10:25:00+05:30,1030.449951171875,1030.449951171875,1030.449951171875,1030.449951171875,1
2026-08-28 10:26:00+05:30,1030.5999755859375,1030.5999755859375,1029.5,1029.5,422
2026-08-28 10:27:00+05:30,1030.5999755859375,1030.5999755859375,1030.5999755859375,1030.5999755859375,66
2026-08-28 10:28:00+05:30,1030.5999755859375,1030.5999755859375,1030.5999755859375,1030.5999755859375,21
2026-08-28 10:29:00+05:30,1030.5999755859375,1030.5999755859375,1030.5999755859375,1030.5999755859375,1
2026-08-28 10:30:00+05:30,1030.199951171875,1030.199951171875,1030.199951171875,1030.199951171875,15
2026-08-28 10:31:00+05:30,1030.25,1030.300048828125,1030.0,1030.300048828125,19
2026-08-28 10:32:00+05:30,1030.1500244140625,1030.3499755859375,1030.1500244140625,1030.25,206
2026-08-28 10:33:00+05:30,1030.3499755859375,1030.3499755859375,1030.3499755859375,1030.3499755859375,26
2026-08-28 10:34:00+05:30,1030.4000244140625,1030.4000244140625,1030.3499755859375,1030.3499755859375,100
2026-08-28 10:35:00+05:30,1031.3499755859375,1031.3499755859375,1031.3499755859375,1031.3499755859375,1620
2026-08-28 10:36:00+05:30,1030.8499755859375,1030.8499755859375,1030.8499755859375,1030.8499755859375,53
2026-08-28 10:37:00+05:30,1031.3499755859375,1031.3499755859375,1030.75,1030.75,60
2026-08-28 10:38:00+05:30,1031.3499755859375,1031.3499755859375,1030.9000244140625,1030.9000244140625,61
2026-08-28 10:39:00+05:30,1031.4000244140625,1031.4000244140625,1031.3499755859375,1031.3499755859375,54
2026-08-28 10:40:00+05:30,1031.0,1031.6500244140625,1031.0,1031.4000244140625,241
2026-08-28 10:41:00+05:30,1031.0,1031.0,1030.449951171875,1030.449951171875,54
2026-08-28 10:42:00+05:30,1031.0,1031.0,1031.0,1031.0,1
2026-08-28 10:43:00+05:30,1030.449951171875,1031.0,1030.449951171875,1031.0,37
2026-08-28 10:44:00+05:30,1030.75,1030.75,1030.300048828125,1030.75,87
2026-08-28 10:45:00+05:30,1030.699951171875,1030.949951171875,1030.4000244140625,1030.949951171875,636
2026-08-28 10:47:00+05:30,1031.4000244140625,1031.4000244140625,1031.4000244140625,1031.4000244140625,11
2026-08-28 10:48:00+05:30,1031.1500244140625,1031.1500244140625,1031.1500244140625,1031.1500244140625,30
2026-08-28 10:49:00+05:30,1031.4000244140625,1031.4000244140625,1031.0,1031.0,69
2026-08-28 10:50:00+05:30,1031.4000244140625,1031.4000244140625,1031.4000244140625,1031.4000244140625,2
2026-08-28 10:51:00+05:30,1031.0,1031.9000244140625,1031.0,1031.9000244140625,75
2026-08-28 10:52:00+05:30,1031.0,1031.5999755859375,1031.0,1031.5999755859375,115
2026-08-28 10:53:00+05:30,1030.8499755859375,1030.8499755859375,1030.300048828125,1030.300048828125,12
2026-08-28 10:55:00+05:30,1030.8499755859375,1030.8499755859375,1030.8499755859375,1030.8499755859375,3
2026-08-28 10:56:00+05:30,1030.9000244140625,1030.9000244140625,1030.8499755859375,1030.8499755859375,11
2026-08-28 10:57:00+05:30,1030.9000244140625,1031.300048828125,1030.9000244140625,1030.9000244140625,239
2026-08-28 10:58:00+05:30,1031.300048828125,1031.300048828125,1030.5,1030.5,112
2026-08-28 10:59:00+05:30,1031.300048828125,1031.300048828125,1031.050048828125,1031.050048828125,16
2026-08-28 11:00:00+05:30,1031.8499755859375,1031.8499755859375,1031.300048828125,1031.300048828125,216
2026-08-28 11:01:00+05:30,1031.800048828125,1031.800048828125,1031.050048828125,1031.75,286
2026-08-28 11:02:00+05:30,1031.5,1031.6500244140625,1031.5,1031.6500244140625,26
2026-08-28 11:03:00+05:30,1031.550048828125,1031.550048828125,1031.550048828125,1031.550048828125,10
2026-08-28 11:05:00+05:30,1031.5,1031.5,1031.5,1031.5,23
2026-08-28 11:06:00+05:30,1031.5,1031.5,1031.5,1031.5,40
2026-08-28 11:07:00+05:30,1032.5,1032.5,1030.8499755859375,1030.8499755859375,3010
2026-08-28 11:08:00+05:30,1032.449951171875,1032.449951171875,1032.449951171875,1032.449951171875,83
2026-08-28 11:09:00+05:30,1032.949951171875,1032.949951171875,1032.5,1032.5,605
2026-08-28 11:10:00+05:30,1033.300048828125,1033.300048828125,1032.4000244140625,1032.4000244140625,518
2026-08-28 11:11:00+05:30,1032.699951171875,1033.550048828125,1032.699951171875,1033.550048828125,542
2026-08-28 11:12:00+05:30,1033.5,1033.5,1033.199951171875,1033.449951171875,126
2026-08-28 11:13:00+05:30,1032.949951171875,1033.550048828125,1032.949951171875,1033.550048828125,909
2026-08-28 11:14:00+05:30,1034.0,1034.0,1033.449951171875,1033.699951171875,709
2026-08-28 11:15:00+05:30,1034.050048828125,1034.550048828125,1034.050048828125,1034.550048828125,26
2026-08-28 11:16:00+05:30,1033.75,1034.050048828125,1033.75,1034.0,7
2026-08-28 11:18:00+05:30,1032.75,1032.75,1032.75,1032.75,10
2026-08-28 11:19:00+05:30,1032.3499755859375,1033.1500244140625,1032.3499755859375,1033.1500244140625,149
2026-08-28 11:20:00+05:30,1032.3499755859375,1032.5,1032.3499755859375,1032.5,1221
2026-08-28 11:21:00+05:30,1030.0,1032.3499755859375,1030.0,1032.3499755859375,3567
2026-08-28 11:22:00+05:30,1030.4000244140625,1030.449951171875,1030.4000244140625,1030.449951171875,51
2026-08-28 11:23:00+05:30,1031.050048828125,1031.050048828125,1030.199951171875,1030.199951171875,951
2026-08-28 11:24:00+05:30,1030.449951171875,1030.449951171875,1030.0,1030.0,34
2026-08-28 11:25:00+05:30,1030.449951171875,1030.449951171875,1030.449951171875,1030.449951171875,1
2026-08-28 11:26:00+05:30,1029.8499755859375,1030.5,1029.800048828125,1030.5,44
2026-08-28 11:27:00+05:30,1029.300048828125,1029.800048828125,1029.300048828125,1029.800048828125,145
2026-08-28 11:28:00+05:30,1029.25,1029.75,1029.25,1029.75,39
2026-08-28 11:29:00+05:30,1028.4000244140625,1029.1500244140625,1028.25,1029.0,140
2026-08-28 11:30:00+05:30,1028.9000244140625,1029.4000244140625,1028.5999755859375,1029.0,328
2026-08-28 11:31:00+05:30,1029.449951171875,1029.449951171875,1028.949951171875,1028.949951171875,4659
2026-08-28 11:32:00+05:30,1029.0999755859375,1029.8499755859375,1029.0999755859375,1029.8499755859375,22
2026-08-28 11:33:00+05:30,1028.800048828125,1029.0,1028.800048828125,1029.0,55
2026-08-28 11:34:00+05:30,1029.0999755859375,1029.199951171875,1028.550048828125,1028.550048828125,203
2026-08-28 11:35:00+05:30,1029.0,1029.0,1028.5,1028.5,2
2026-08-28 11:36:00+05:30,1028.449951171875,1028.949951171875,1028.449951171875,1028.949951171875,5
2026-08-28 11:37:00+05:30,1028.449951171875,1029.5999755859375,1028.4000244140625,1028.4000244140625,2300
2026-08-28 11:38:00+05:30,1028.449951171875,1028.449951171875,1028.449951171875,1028.449951171875,1
2026-08-28 11:39:00+05:30,1028.449951171875,1028.949951171875,1028.449951171875,1028.949951171875,49
2026-08-28 11:40:00+05:30,1028.9000244140625,1028.9000244140625,1028.449951171875,1028.449951171875,24
2026-08-28 11:41:00+05:30,1028.5,1028.8499755859375,1028.5,1028.8499755859375,31
2026-08-28 11:42:00+05:30,1028.0,1028.6500244140625,1028.0,1028.6500244140625,135
2026-08-28 11:43:00+05:30,1028.4000244140625,1028.4000244140625,1028.4000244140625,1028.4000244140625,17
2026-08-28 11:45:00+05:30,1027.5999755859375,1028.0,1027.0,1028.0,1718
2026-08-28 11:46:00+05:30,1027.5999755859375,1027.5999755859375,1027.199951171875,1027.199951171875,11
2026-08-28 11:47:00+05:30,1027.550048828125,1027.949951171875,1027.550048828125,1027.949951171875,55
2026-08-28 11:48:00+05:30,1027.949951171875,1027.949951171875,1027.949951171875,1027.949951171875,214
2026-08-28 11:49:00+05:30,1027.8499755859375,1027.8499755859375,1027.8499755859375,1027.8499755859375,25
2026-08-28 11:50:00+05:30,1027.949951171875,1027.949951171875,1027.949951171875,1027.949951171875,100
2026-08-28 11:52:00+05:30,1027.300048828125,1027.949951171875,1027.300048828125,1027.949951171875,4
2026-08-28 11:54:00+05:30,1027.5,1027.5,1027.5,1027.5,5
2026-08-28 11:55:00+05:30,1027.0,1027.199951171875,1027.0,1027.199951171875,94
2026-08-28 11:56:00+05:30,1026.5,1026.75,1026.5,1026.75,104
2026-08-28 11:57:00+05:30,1026.199951171875,1026.25,1025.5999755859375,1026.0,565
2026-08-28 11:58:00+05:30,1026.800048828125,1026.800048828125,1026.199951171875,1026.199951171875,65
2026-08-28 11:59:00+05:30,1026.949951171875,1027.050048828125,1026.800048828125,1026.800048828125,12
2026-08-28 12:00:00+05:30,1026.300048828125,1026.300048828125,1026.300048828125,1026.300048828125,2
2026-08-28 12:01:00+05:30,1026.699951171875,1026.699951171875,1026.6500244140625,1026.6500244140625,23
2026-08-28 12:02:00+05:30,1027.0,1027.0,1026.5,1026.5,139
2026-08-28 12:03:00+05:30,1026.9000244140625,1027.0,1026.9000244140625,1027.0,21
2026-08-28 12:04:00+05:30,1026.8499755859375,1027.0,1026.1500244140625,1027.0,155
2026-08-28 12:05:00+05:30,1027.4000244140625,1027.4000244140625,1027.4000244140625,1027.4000244140625,10
2026-08-28 12:07:00+05:30,1027.25,1027.25,1027.25,1027.25,100
2026-08-28 12:08:00+05:30,1027.8499755859375,1027.8499755859375,1027.800048828125,1027.800048828125,257
2026-08-28 12:09:00+05:30,1027.300048828125,1027.8499755859375,1027.300048828125,1027.8499755859375,114
2026-08-28 12:10:00+05:30,1027.8499755859375,1027.8499755859375,1027.8499755859375,1027.8499755859375,50
2026-08-28 12:12:00+05:30,1026.949951171875,1027.5,1026.949951171875,1026.949951171875,221
2026-08-28 12:13:00+05:30,1027.550048828125,1027.550048828125,1027.550048828125,1027.550048828125,49
2026-08-28 12:14:00+05:30,1027.550048828125,1027.550048828125,1027.550048828125,1027.550048828125,4604
2026-08-28 12:15:00+05:30,1027.4000244140625,1027.4000244140625,1027.4000244140625,1027.4000244140625,5
2026-08-28 12:16:00+05:30,1027.3499755859375,1027.3499755859375,1026.949951171875,1026.949951171875,4
2026-08-28 12:17:00+05:30,1027.199951171875,1027.199951171875,1027.199951171875,1027.199951171875,5
2026-08-28 12:18:00+05:30,1027.0,1027.0,1027.0,1027.0,2
2026-08-28 12:19:00+05:30,1027.050048828125,1027.050048828125,1027.050048828125,1027.050048828125,55
2026-08-28 12:20:00+05:30,1027.5,1027.5,1027.0,1027.050048828125,239
2026-08-28 12:21:00+05:30,1027.050048828125,1027.449951171875,1026.949951171875,1026.949951171875,91
2026-08-28 12:22:00+05:30,1027.0,1027.0,1027.0,1027.0,12
2026-08-28 12:23:00+05:30,1027.199951171875,1027.199951171875,1027.199951171875,1027.199951171875,1
2026-08-28 12:24:00+05:30,1027.199951171875,1027.199951171875,1027.199951171875,1027.199951171875,2
2026-08-28 12:25:00+05:30,1027.0,1027.0,1027.0,1027.0,47
2026-08-28 12:26:00+05:30,1027.0,1027.0,1027.0,1027.0,5
2026-08-28 12:27:00+05:30,1027.0,1027.0,1027.0,1027.0,4
2026-08-28 12:28:00+05:30,1027.0,1027.0,1027.0,1027.0,204
2026-08-28 12:29:00+05:30,1027.0,1027.0,1027.0,1027.0,20
2026-08-28 12:30:00+05:30,1027.550048828125,1027.550048828125,1027.199951171875,1027.199951171875,30
2026-08-28 12:31:00+05:30,1028.0,1028.0,1027.199951171875,1027.199951171875,117
2026-08-28 12:32:00+05:30,1028.300048828125,1028.75,1028.0,1028.0,196
2026-08-28 12:33:00+05:30,1029.449951171875,1029.449951171875,1028.550048828125,1028.550048828125,24
2026-08-28 12:34:00+05:30,1029.449951171875,1029.449951171875,1029.449951171875,1029.449951171875,18
2026-08-28 12:35:00+05:30,1028.75,1029.0,1028.1500244140625,1029.0,50
2026-08-28 12:37:00+05:30,1028.25,1028.25,1027.6500244140625,1028.0,138
2026-08-28 12:38:00+05:30,1027.949951171875,1027.949951171875,1027.949951171875,1027.949951171875,15
2026-08-28 12:40:00+05:30,1027.8499755859375,1027.8499755859375,1027.5,1027.5,3
2026-08-28 12:41:00+05:30,1027.75,1027.75,1027.75,1027.75,25
2026-08-28 12:43:00+05:30,1028.0,1028.0,1027.5999755859375,1027.5999755859375,39
2026-08-28 12:45:00+05:30,1027.949951171875,1027.949951171875,1027.949951171875,1027.949951171875,1
2026-08-28 12:47:00+05:30,1027.949951171875,1027.949951171875,1027.949951171875,1027.949951171875,1
2026-08-28 12:48:00+05:30,1028.0,1028.0,1027.949951171875,1027.949951171875,13
2026-08-28 12:49:00+05:30,1030.550048828125,1030.550048828125,1027.6500244140625,1028.0,1027
2026-08-28 12:50:00+05:30,1030.449951171875,1030.449951171875,1030.300048828125,1030.300048828125,312
2026-08-28 12:51:00+05:30,1030.449951171875,1030.449951171875,1030.449951171875,1030.449951171875,330
2026-08-28 12:52:00+05:30,1030.800048828125,1030.9000244140625,1030.75,1030.9000244140625,8
2026-08-28 12:53:00+05:30,1030.5,1031.4000244140625,1030.5,1030.949951171875,141
2026-08-28 12:54:00+05:30,1030.5,1030.5,1030.5,1030.5,13
2026-08-28 12:55:00+05:30,1030.5,1030.5,1030.5,1030.5,20
2026-08-28 12:56:00+05:30,1030.9000244140625,1030.9000244140625,1030.9000244140625,1030.9000244140625,1
2026-08-28 12:58:00+05:30,1030.050048828125,1030.050048828125,1030.050048828125,1030.050048828125,9
2026-08-28 12:59:00+05:30,1031.3499755859375,1031.3499755859375,1030.75,1030.75,220
2026-08-28 13:01:00+05:30,1031.3499755859375,1031.3499755859375,1031.3499755859375,1031.3499755859375,229
2026-08-28 13:02:00+05:30,1032.0,1032.0,1032.0,1032.0,100
2026-08-28 13:03:00+05:30,1031.5,1031.5,1031.5,1031.5,7
2026-08-28 13:04:00+05:30,1032.5,1032.5,1031.5,1031.5,182
2026-08-28 13:05:00+05:30,1032.6500244140625,1032.6500244140625,1032.550048828125,1032.550048828125,31
2026-08-28 13:06:00+05:30,1032.5999755859375,1032.5999755859375,1032.5999755859375,1032.5999755859375,6
2026-08-28 13:07:00+05:30,1032.8499755859375,1033.0,1032.8499755859375,1033.0,324
2026-08-28 13:08:00+05:30,1033.0,1033.0,1033.0,1033.0,300
2026-08-28 13:11:00+05:30,1032.5,1032.699951171875,1032.5,1032.699951171875,205
2026-08-28 13:12:00+05:30,1033.3499755859375,1033.3499755859375,1032.75,1032.75,346
2026-08-28 13:13:00+05:30,1033.0,1033.3499755859375,1033.0,1033.3499755859375,27
2026-08-28 13:14:00+05:30,1033.300048828125,1033.300048828125,1033.300048828125,1033.300048828125,19
2026-08-28 13:15:00+05:30,1033.25,1033.300048828125,1033.25,1033.300048828125,43
2026-08-28 13:16:00+05:30,1033.300048828125,1033.300048828125,1032.8499755859375,1032.8499755859375,86
2026-08-28 13:18:00+05:30,1034.3499755859375,1034.3499755859375,1033.449951171875,1034.0,1205
2026-08-28 13:19:00+05:30,1034.300048828125,1034.300048828125,1034.300048828125,1034.300048828125,10
2026-08-28 13:20:00+05:30,1033.949951171875,1034.199951171875,1033.949951171875,1034.199951171875,236
2026-08-28 13:21:00+05:30,1033.6500244140625,1033.949951171875,1033.6500244140625,1033.949951171875,106
2026-08-28 13:22:00+05:30,1034.0,1034.0,1033.949951171875,1033.949951171875,325
2026-08-28 13:23:00+05:30,1033.699951171875,1033.699951171875,1033.699951171875,1033.699951171875,50
2026-08-28 13:24:00+05:30,1033.699951171875,1033.699951171875,1033.699951171875,1033.699951171875,19
2026-08-28 13:25:00+05:30,1033.25,1033.25,1033.25,1033.25,1
2026-08-28 13:26:00+05:30,1033.1500244140625,1033.1500244140625,1033.1500244140625,1033.1500244140625,20
2026-08-28 13:28:00+05:30,1032.75,1033.1500244140625,1032.75,1033.1500244140625,15
2026-08-28 13:29:00+05:30,1032.050048828125,1032.050048828125,1032.050048828125,1032.050048828125,7
2026-08-28 13:30:00+05:30,1032.0,1032.0,1032.0,1032.0,2
2026-08-28 13:31:00+05:30,1031.8499755859375,1032.449951171875,1031.8499755859375,1032.449951171875,160
2026-08-28 13:32:00+05:30,1032.0,1032.0,1032.0,1032.0,40
2026-08-28 13:33:00+05:30,1032.449951171875,1032.449951171875,1032.449951171875,1032.449951171875,71
2026-08-28 13:34:00+05:30,1032.4000244140625,1032.4000244140625,1032.4000244140625,1032.4000244140625,3
2026-08-28 13:36:00+05:30,1032.9000244140625,1032.9000244140625,1032.449951171875,1032.449951171875,370
2026-08-28 13:37:00+05:30,1032.5999755859375,1033.050048828125,1032.5999755859375,1033.050048828125,179
2026-08-28 13:38:00+05:30,1032.5999755859375,1032.800048828125,1032.5999755859375,1032.5999755859375,21
2026-08-28 13:39:00+05:30,1031.550048828125,1032.300048828125,1031.550048828125,1031.75,51
2026-08-28 13:40:00+05:30,1032.0999755859375,1032.0999755859375,1031.550048828125,1031.550048828125,36
2026-08-28 13:41:00+05:30,1032.0999755859375,1032.0999755859375,1032.0999755859375,1032.0999755859375,2
2026-08-28 13:42:00+05:30,1031.199951171875,1031.199951171875,1031.199951171875,1031.199951171875,200
2026-08-28 13:44:00+05:30,1032.550048828125,1032.550048828125,1032.0999755859375,1032.0999755859375,307
2026-08-28 13:45:00+05:30,1032.199951171875,1032.199951171875,1032.1500244140625,1032.1500244140625,95
2026-08-28 13:47:00+05:30,1032.5,1032.5,1032.050048828125,1032.050048828125,14
2026-08-28 13:48:00+05:30,1032.0,1032.0,1032.0,1032.0,10
2026-08-28 13:49:00+05:30,1032.0,1032.0,1032.0,1032.0,10
2026-08-28 13:50:00+05:30,1032.300048828125,1032.300048828125,1032.25,1032.25,28
2026-08-28 13:51:00+05:30,1032.4000244140625,1032.4000244140625,1032.4000244140625,1032.4000244140625,1
2026-08-28 13:52:00+05:30,1032.800048828125,1033.0,1032.25,1032.25,548
2026-08-28 13:53:00+05:30,1033.0,1033.0,1033.0,1033.0,9
2026-08-28 13:54:00+05:30,1032.550048828125,1032.550048828125,1032.550048828125,1032.550048828125,8
2026-08-28 13:55:00+05:30,1032.550048828125,1032.550048828125,1032.0,1032.0,84
2026-08-28 13:57:00+05:30,1032.8499755859375,1032.8499755859375,1032.25,1032.25,238
2026-08-28 13:58:00+05:30,1032.8499755859375,1032.8499755859375,1032.4000244140625,1032.8499755859375,65
2026-08-28 13:59:00+05:30,1032.800048828125,1032.800048828125,1032.800048828125,1032.800048828125,1
2026-08-28 14:01:00+05:30,1032.75,1032.75,1032.25,1032.25,6
2026-08-28 14:04:00+05:30,1032.25,1032.25,1031.9000244140625,1032.25,51
2026-08-28 14:05:00+05:30,1032.25,1032.25,1032.25,1032.25,86
2026-08-28 14:06:00+05:30,1031.9000244140625,1032.25,1031.9000244140625,1032.25,35
2026-08-28 14:07:00+05:30,1031.75,1031.75,1031.75,1031.75,201
2026-08-28 14:08:00+05:30,1031.550048828125,1031.75,1031.550048828125,1031.75,169
2026-08-28 14:09:00+05:30,1031.6500244140625,1031.6500244140625,1031.6500244140625,1031.6500244140625,5
2026-08-28 14:10:00+05:30,1032.0999755859375,1032.0999755859375,1032.0,1032.0,52
2026-08-28 14:11:00+05:30,1031.75,1032.0999755859375,1031.75,1032.0999755859375,2
2026-08-28 14:12:00+05:30,1031.75,1031.75,1031.75,1031.75,16
2026-08-28 14:13:00+05:30,1032.1500244140625,1032.1500244140625,1032.0,1032.0999755859375,16
2026-08-28 14:14:00+05:30,1032.1500244140625,1032.1500244140625,1031.75,1031.75,17
2026-08-28 14:15:00+05:30,1031.699951171875,1032.0,1031.699951171875,1032.0,52
2026-08-28 14:16:00+05:30,1031.699951171875,1031.699951171875,1031.699951171875,1031.699951171875,50
2026-08-28 14:17:00+05:30,1032.1500244140625,1032.1500244140625,1032.1500244140625,1032.1500244140625,1
2026-08-28 14:18:00+05:30,1032.1500244140625,1032.1500244140625,1032.1500244140625,1032.1500244140625,3
2026-08-28 14:20:00+05:30,1032.1500244140625,1032.1500244140625,1032.1500244140625,1032.1500244140625,9
2026-08-28 14:21:00+05:30,1032.0,1032.0,1031.5999755859375,1031.5999755859375,132
2026-08-28 14:22:00+05:30,1031.6500244140625,1032.0,1031.6500244140625,1031.8499755859375,49
2026-08-28 14:23:00+05:30,1032.0,1032.1500244140625,1032.0,1032.1500244140625,10
2026-08-28 14:24:00+05:30,1032.1500244140625,1032.1500244140625,1032.1500244140625,1032.1500244140625,1
2026-08-28 14:25:00+05:30,1032.300048828125,1032.300048828125,1032.300048828125,1032.300048828125,250
2026-08-28 14:26:00+05:30,1032.300048828125,1032.300048828125,1032.300048828125,1032.300048828125,1
2026-08-28 14:27:00+05:30,1032.050048828125,1032.449951171875,1032.050048828125,1032.449951171875,44
2026-08-28 14:28:00+05:30,1032.4000244140625,1032.4000244140625,1032.4000244140625,1032.4000244140625,7
2026-08-28 14:30:00+05:30,1032.4000244140625,1032.4000244140625,1032.4000244140625,1032.4000244140625,3
2026-08-28 14:32:00+05:30,1031.5999755859375,1032.199951171875,1031.5999755859375,1032.199951171875,85
2026-08-28 14:33:00+05:30,1031.5999755859375,1031.5999755859375,1031.5999755859375,1031.5999755859375,561
2026-08-28 14:34:00+05:30,1031.75,1031.75,1031.75,1031.75,55
2026-08-28 14:35:00+05:30,1031.75,1031.75,1031.199951171875,1031.199951171875,5
2026-08-28 14:36:00+05:30,1031.0999755859375,1031.0999755859375,1031.0999755859375,1031.0999755859375,80
2026-08-28 14:37:00+05:30,1031.699951171875,1031.699951171875,1031.6500244140625,1031.6500244140625,597
2026-08-28 14:39:00+05:30,1032.050048828125,1032.050048828125,1032.050048828125,1032.050048828125,13
2026-08-28 14:40:00+05:30,1031.6500244140625,1031.6500244140625,1031.6500244140625,1031.6500244140625,1011
2026-08-28 14:41:00+05:30,1031.5,1031.75,1031.5,1031.75,138
2026-08-28 14:42:00+05:30,1031.75,1031.75,1031.5,1031.5,232
2026-08-28 14:43:00+05:30,1031.800048828125,1031.800048828125,1031.5,1031.5,219
2026-08-28 14:44:00+05:30,1032.199951171875,1032.199951171875,1032.199951171875,1032.199951171875,5
2026-08-28 14:45:00+05:30,1032.199951171875,1032.199951171875,1032.199951171875,1032.199951171875,1
2026-08-28 14:46:00+05:30,1032.050048828125,1032.050048828125,1031.300048828125,1032.0,162
2026-08-28 14:47:00+05:30,1031.8499755859375,1032.0,1031.5,1031.5,1463
2026-08-28 14:48:00+05:30,1032.4000244140625,1032.4000244140625,1032.0,1032.0,106
2026-08-28 14:49:00+05:30,1032.4000244140625,1032.4000244140625,1032.4000244140625,1032.4000244140625,59
2026-08-28 14:50:00+05:30,1032.25,1032.25,1032.1500244140625,1032.1500244140625,491
2026-08-28 14:52:00+05:30,1032.5,1032.5,1031.550048828125,1032.050048828125,1054
2026-08-28 14:54:00+05:30,1032.1500244140625,1032.1500244140625,1031.5,1031.5,112
2026-08-28 14:55:00+05:30,1032.0999755859375,1032.0999755859375,1032.0,1032.0,12
2026-08-28 14:57:00+05:30,1030.800048828125,1031.5,1030.800048828125,1031.449951171875,449
2026-08-28 14:58:00+05:30,1030.9000244140625,1030.9000244140625,1030.449951171875,1030.449951171875,35
2026-08-28 14:59:00+05:30,1031.4000244140625,1031.4000244140625,1030.9000244140625,1031.1500244140625,463
2026-08-28 15:00:00+05:30,1030.300048828125,1031.4000244140625,1030.300048828125,1031.4000244140625,111
2026-08-28 15:01:00+05:30,1031.5,1031.5,1030.800048828125,1030.800048828125,975
2026-08-28 15:02:00+05:30,1030.9000244140625,1032.0,1030.199951171875,1031.550048828125,344
2026-08-28 15:03:00+05:30,1031.0,1031.0,1030.5,1030.9000244140625,174
2026-08-28 15:04:00+05:30,1031.550048828125,1031.550048828125,1030.949951171875,1030.949951171875,130
2026-08-28 15:05:00+05:30,1032.050048828125,1032.050048828125,1031.4000244140625,1031.5,410
2026-08-28 15:06:00+05:30,1032.0999755859375,1032.0999755859375,1031.9000244140625,1032.050048828125,472
2026-08-28 15:07:00+05:30,1032.5,1032.5,1032.4000244140625,1032.4000244140625,114
2026-08-28 15:08:00+05:30,1032.0999755859375,1032.5,1032.0999755859375,1032.1500244140625,124
2026-08-28 15:09:00+05:30,1032.5,1032.5,1032.4000244140625,1032.4000244140625,524
2026-08-28 15:10:00+05:30,1033.6500244140625,1033.6500244140625,1031.300048828125,1031.300048828125,4878
2026-08-28 15:11:00+05:30,1033.25,1033.25,1031.5,1031.5,1213
2026-08-28 15:12:00+05:30,1034.3499755859375,1034.3499755859375,1033.5999755859375,1033.9000244140625,156
2026-08-28 15:13:00+05:30,1033.800048828125,1034.3499755859375,1033.800048828125,1034.300048828125,47
2026-08-28 15:14:00+05:30,1034.449951171875,1034.449951171875,1033.800048828125,1033.800048828125,278
2026-08-28 15:28:00+05:30,1036.949951171875,1036.949951171875,1036.949951171875,1036.949951171875,563
2026-08-31 09:15:00+05:30,1017.0,1033.1500244140625,1014.1500244140624,1033.1500244140625,6223
2026-08-31 09:16:00+05:30,1013.75,1016.3499755859376,1012.0999755859376,1015.5999755859376,1841
2026-08-31 09:17:00+05:30,1013.8499755859376,1013.8499755859376,1011.0,1013.0,1849
2026-08-31 09:18:00+05:30,1010.5499877929688,1014.25,1010.5499877929688,1014.0,1003
2026-08-31 09:19:00+05:30,1009.7999877929688,1010.7999877929688,1009.0,1010.0,2298
2026-08-31 09:20:00+05:30,1014.0,1014.75,1010.1500244140624,1010.5,1128
2026-08-31 09:21:00+05:30,1014.9000244140624,1014.9000244140624,1013.8499755859376,1014.0499877929688,409
2026-08-31 09:22:00+05:30,1015.7000122070312,1016.0499877929688,1015.0,1015.0,507
2026-08-31 09:23:00+05:30,1014.0,1015.7999877929688,1014.0,1015.7999877929688,662
2026-08-31 09:24:00+05:30,1009.7999877929688,1013.9000244140624,1008.9000244140624,1013.9000244140624,1576
2026-08-31 09:25:00+05:30,1008.1500244140624,1009.25,1007.7999877929688,1009.0,979
2026-08-31 09:26:00+05:30,1007.9000244140624,1008.5,1006.0,1008.5,1163
2026-08-31 09:27:00+05:30,1008.5,1009.2999877929688,1008.5,1008.75,1134
2026-08-31 09:28:00+05:30,1008.4000244140624,1010.0,1008.4000244140624,1008.9000244140624,343
2026-08-31 09:29:00+05:30,1008.0,1009.0499877929688,1008.0,1008.6500244140624,566
2026-08-31 09:30:00+05:30,1006.5,1007.5,1006.5,1007.5,237
2026-08-31 09:31:00+05:30,1007.25,1007.25,1006.4500122070312,1006.5,361
2026-08-31 09:32:00+05:30,1007.7000122070312,1007.7000122070312,1006.5,1006.8499755859376,2135
2026-08-31 09:33:00+05:30,1009.7999877929688,1009.8499755859376,1006.9500122070312,1006.9500122070312,2287
2026-08-31 09:34:00+05:30,1009.2000122070312,1010.0,1008.9000244140624,1010.0,389
2026-08-31 09:35:00+05:30,1008.75,1009.1500244140624,1008.5499877929688,1009.0,911
2026-08-31 09:36:00+05:30,1009.4500122070312,1009.9500122070312,1009.0999755859376,1009.1500244140624,118
2026-08-31 09:37:00+05:30,1008.5,1009.5,1008.5,1009.5,512
2026-08-31 09:38:00+05:30,1009.2999877929688,1009.2999877929688,1008.5,1008.5,756
2026-08-31 09:39:00+05:30,1008.75,1008.8499755859376,1008.75,1008.8499755859376,31
2026-08-31 09:40:00+05:30,1009.2000122070312,1009.2000122070312,1009.2000122070312,1009.2000122070312,18
2026-08-31 09:41:00+05:30,1009.9500122070312,1009.9500122070312,1009.1500244140624,1009.3499755859376,1233
2026-08-31 09:42:00+05:30,1009.5999755859376,1009.5999755859376,1009.5999755859376,1009.5999755859376,2
2026-08-31 09:43:00+05:30,1010.0,1010.0,1009.0499877929688,1009.0499877929688,1628
2026-08-31 09:44:00+05:30,1010.5,1011.3499755859376,1010.0,1010.25,2068
2026-08-31 09:45:00+05:30,1009.5499877929688,1010.5999755859376,1009.5499877929688,1010.5999755859376,238
2026-08-31 09:46:00+05:30,1010.25,1010.25,1009.9000244140624,1009.9500122070312,195
2026-08-31 09:47:00+05:30,1009.9500122070312,1010.5,1009.4000244140624,1010.5,146
2026-08-31 09:48:00+05:30,1009.5999755859376,1009.5999755859376,1009.4000244140624,1009.5999755859376,448
2026-08-31 09:49:00+05:30,1009.4000244140624,1009.5999755859376,1009.4000244140624,1009.5,62
2026-08-31 09:50:00+05:30,1008.5,1009.2000122070312,1008.5,1009.0,67
2026-08-31 09:51:00+05:30,1008.75,1008.75,1008.5,1008.5,39
2026-08-31 09:52:00+05:30,1008.7999877929688,1009.0,1008.25,1008.6500244140624,1944
2026-08-31 09:53:00+05:30,1008.9000244140624,1009.2000122070312,1008.5499877929688,1008.5499877929688,1139
2026-08-31 09:54:00+05:30,1009.1500244140624,1009.4000244140624,1009.0,1009.0,469
2026-08-31 09:55:00+05:30,1008.5999755859376,1008.75,1008.5999755859376,1008.75,5
2026-08-31 09:56:00+05:30,1008.3499755859376,1008.3499755859376,1008.0,1008.3499755859376,13
2026-08-31 09:57:00+05:30,1008.0,1008.0,1008.0,1008.0,20
2026-08-31 09:58:00+05:30,1008.5999755859376,1008.5999755859376,1008.3499755859376,1008.3499755859376,164
2026-08-31 09:59:00+05:30,1008.0499877929688,1008.0999755859376,1008.0499877929688,1008.0999755859376,47
2026-08-31 10:00:00+05:30,1008.7000122070312,1008.75,1008.25,1008.25,55
2026-08-31 10:01:00+05:30,1008.8499755859376,1008.8499755859376,1008.7000122070312,1008.7000122070312,85
2026-08-31 10:02:00+05:30,1009.3499755859376,1009.3499755859376,1009.1500244140624,1009.1500244140624,72
2026-08-31 10:03:00+05:30,1008.25,1009.0,1008.25,1009.0,66
2026-08-31 10:04:00+05:30,1007.0,1008.5999755859376,1006.5499877929688,1008.5999755859376,357
2026-08-31 10:05:00+05:30,1006.8499755859376,1007.0,1006.25,1006.4500122070312,213
2026-08-31 10:06:00+05:30,1008.0,1008.0499877929688,1007.5499877929688,1007.5499877929688,125
2026-08-31 10:07:00+05:30,1007.9500122070312,1008.5,1007.9500122070312,1008.0499877929688,477
2026-08-31 10:08:00+05:30,1008.6500244140624,1008.6500244140624,1008.5,1008.5,46
2026-08-31 10:09:00+05:30,1009.0,1009.2000122070312,1008.5999755859376,1008.6500244140624,62
2026-08-31 10:10:00+05:30,1008.7999877929688,1008.7999877929688,1008.7999877929688,1008.7999877929688,1
2026-08-31 10:11:00+05:30,1008.2000122070312,1008.2000122070312,1008.2000122070312,1008.2000122070312,10
2026-08-31 10:12:00+05:30,1008.9500122070312,1009.0499877929688,1007.9500122070312,1008.7000122070312,2192
2026-08-31 10:13:00+05:30,1010.2999877929688,1010.2999877929688,1009.5999755859376,1009.5999755859376,89
2026-08-31 10:14:00+05:30,1010.3499755859376,1010.4500122070312,1010.0999755859376,1010.0999755859376,84
2026-08-31 10:15:00+05:30,1009.75,1009.75,1009.5999755859376,1009.5999755859376,8
2026-08-31 10:16:00+05:30,1010.0,1010.25,1009.6500244140624,1009.75,386
2026-08-31 10:17:00+05:30,1010.1500244140624,1010.4500122070312,1009.9500122070312,1010.2999877929688,842
2026-08-31 10:19:00+05:30,1009.2000122070312,1010.0499877929688,1009.2000122070312,1010.0499877929688,306
2026-08-31 10:20:00+05:30,1009.5999755859376,1009.9000244140624,1009.5999755859376,1009.9000244140624,56
2026-08-31 10:21:00+05:30,1009.7000122070312,1009.7000122070312,1009.5999755859376,1009.5999755859376,83
2026-08-31 10:22:00+05:30,1010.75,1011.0,1010.7000122070312,1010.75,512
2026-08-31 10:23:00+05:30,1010.9500122070312,1011.2999877929688,1010.5,1010.9000244140624,457
2026-08-31 10:24:00+05:30,1010.25,1010.7999877929688,1010.0,1010.6500244140624,215
2026-08-31 10:25:00+05:30,1010.7000122070312,1010.75,1010.7000122070312,1010.75,10
2026-08-31 10:26:00+05:30,1010.5,1011.0999755859376,1010.5,1010.8499755859376,325
2026-08-31 10:27:00+05:30,1011.3499755859376,1011.4500122070312,1011.0,1011.0499877929688,300
2026-08-31 10:28:00+05:30,1012.75,1012.75,1011.0,1011.4000244140624,330
2026-08-31 10:29:00+05:30,1012.0,1012.75,1012.0,1012.5499877929688,8
2026-08-31 10:30:00+05:30,1011.0,1011.0,1010.9500122070312,1010.9500122070312,150
2026-08-31 10:31:00+05:30,1011.4500122070312,1011.5499877929688,1011.0499877929688,1011.5499877929688,4
2026-08-31 10:32:00+05:30,1011.6500244140624,1011.6500244140624,1011.6500244140624,1011.6500244140624,6
2026-08-31 10:33:00+05:30,1010.75,1011.1500244140624,1010.75,1010.9000244140624,179
2026-08-31 10:34:00+05:30,1010.25,1010.25,1009.1500244140624,1010.25,49
2026-08-31 10:35:00+05:30,1010.25,1010.25,1010.0499877929688,1010.0499877929688,254
2026-08-31 10:36:00+05:30,1010.1500244140624,1011.0499877929688,1010.1500244140624,1010.25,3179
2026-08-31 10:37:00+05:30,1010.2000122070312,1010.2000122070312,1010.2000122070312,1010.2000122070312,10
2026-08-31 10:38:00+05:30,1010.4500122070312,1010.5,1010.2000122070312,1010.2000122070312,95
2026-08-31 10:39:00+05:30,1010.3499755859376,1010.8499755859376,1010.3499755859376,1010.5,29
2026-08-31 10:40:00+05:30,1010.4000244140624,1010.8499755859376,1010.4000244140624,1010.8499755859376,526
2026-08-31 10:41:00+05:30,1010.4500122070312,1010.4500122070312,1010.4500122070312,1010.4500122070312,10
2026-08-31 10:43:00+05:30,1011.0999755859376,1011.0999755859376,1010.7000122070312,1010.9500122070312,277
2026-08-31 10:44:00+05:30,1009.9000244140624,1010.3499755859376,1009.9000244140624,1010.3499755859376,206
2026-08-31 10:45:00+05:30,1010.2000122070312,1010.2000122070312,1010.2000122070312,1010.2000122070312,7
2026-08-31 10:46:00+05:30,1010.25,1010.25,1010.25,1010.25,70
2026-08-31 10:47:00+05:30,1010.25,1010.25,1010.25,1010.25,2
2026-08-31 10:48:00+05:30,1010.6500244140624,1010.6500244140624,1010.25,1010.25,11
2026-08-31 10:49:00+05:30,1009.75,1009.8499755859376,1009.75,1009.8499755859376,11
2026-08-31 10:50:00+05:30,1009.7000122070312,1009.7000122070312,1009.7000122070312,1009.7000122070312,3
2026-08-31 10:51:00+05:30,1009.3499755859376,1009.8499755859376,1009.3499755859376,1009.8499755859376,67
2026-08-31 10:52:00+05:30,1009.3499755859376,1009.5999755859376,1009.3499755859376,1009.5999755859376,28
2026-08-31 10:53:00+05:30,1009.1500244140624,1009.2999877929688,1009.1500244140624,1009.2999877929688,687
2026-08-31 10:54:00+05:30,1009.4000244140624,1009.4500122070312,1009.4000244140624,1009.4500122070312,309
2026-08-31 10:55:00+05:30,1009.5999755859376,1009.5999755859376,1008.5499877929688,1009.2999877929688,947
2026-08-31 10:56:00+05:30,1009.2999877929688,1009.5999755859376,1009.2999877929688,1009.5999755859376,11
2026-08-31 10:57:00+05:30,1010.25,1010.25,1009.7999877929688,1009.7999877929688,139
2026-08-31 10:58:00+05:30,1010.5499877929688,1010.5499877929688,1010.2000122070312,1010.2000122070312,78
2026-08-31 10:59:00+05:30,1010.5499877929688,1010.5499877929688,1010.5499877929688,1010.5499877929688,5
2026-08-31 11:00:00+05:30,1011.0,1011.0999755859376,1011.0,1011.0999755859376,12
2026-08-31 11:01:00+05:30,1011.0,1011.3499755859376,1011.0,1011.3499755859376,4
2026-08-31 11:02:00+05:30,1011.3499755859376,1011.3499755859376,1011.0,1011.0,29
2026-08-31 11:03:00+05:30,1011.4500122070312,1011.5499877929688,1011.0499877929688,1011.5499877929688,68
2026-08-31 11:04:00+05:30,1011.0,1011.5499877929688,1011.0,1011.5499877929688,1078
2026-08-31 11:06:00+05:30,1011.1500244140624,1011.1500244140624,1011.0,1011.0,33
2026-08-31 11:07:00+05:30,1010.9000244140624,1011.0,1010.5,1011.0,20
2026-08-31 11:08:00+05:30,1010.3499755859376,1011.1500244140624,1010.3499755859376,1010.75,5
2026-08-31 11:09:00+05:30,1010.4000244140624,1010.5999755859376,1010.0,1010.5999755859376,563
2026-08-31 11:10:00+05:30,1010.6500244140624,1010.6500244140624,1010.0,1010.0,166
2026-08-31 11:11:00+05:30,1010.7999877929688,1010.7999877929688,1010.7999877929688,1010.7999877929688,1
2026-08-31 11:13:00+05:30,1011.0,1011.0,1010.7999877929688,1010.7999877929688,12
2026-08-31 11:14:00+05:30,1011.7000122070312,1011.7000122070312,1011.0,1011.0,599
2026-08-31 11:15:00+05:30,1011.5499877929688,1011.8499755859376,1011.5499877929688,1011.8499755859376,60
2026-08-31 11:16:00+05:30,1011.2000122070312,1011.2000122070312,1011.2000122070312,1011.2000122070312,8
2026-08-31 11:17:00+05:30,1011.7999877929688,1011.7999877929688,1011.7999877929688,1011.7999877929688,1
2026-08-31 11:18:00+05:30,1011.5999755859376,1012.0499877929688,1011.5999755859376,1012.0499877929688,52
2026-08-31 11:19:00+05:30,1012.5499877929688,1012.5499877929688,1012.5499877929688,1012.5499877929688,1
2026-08-31 11:20:00+05:30,1012.3499755859376,1012.5499877929688,1012.3499755859376,1012.4000244140624,131
2026-08-31 11:21:00+05:30,1012.5,1012.5,1012.0499877929688,1012.0499877929688,147
2026-08-31 11:22:00+05:30,1013.0,1013.0,1012.5499877929688,1012.5499877929688,54
2026-08-31 11:23:00+05:30,1012.25,1012.5,1012.25,1012.5,46
2026-08-31 11:24:00+05:30,1012.8499755859376,1012.8499755859376,1012.6500244140624,1012.6500244140624,80
2026-08-31 11:25:00+05:30,1011.2000122070312,1011.25,1011.2000122070312,1011.2000122070312,17
2026-08-31 11:26:00+05:30,1010.5,1011.0499877929688,1010.5,1011.0499877929688,109
2026-08-31 11:27:00+05:30,1010.0999755859376,1010.0999755859376,1010.0999755859376,1010.0999755859376,192
2026-08-31 11:28:00+05:30,1010.0499877929688,1010.0999755859376,1010.0499877929688,1010.0999755859376,9
2026-08-31 11:29:00+05:30,1010.75,1010.75,1010.75,1010.75,55
2026-08-31 11:31:00+05:30,1010.4500122070312,1010.4500122070312,1010.4500122070312,1010.4500122070312,1
2026-08-31 11:32:00+05:30,1009.9000244140624,1010.5499877929688,1009.0,1010.5499877929688,368
2026-08-31 11:33:00+05:30,1010.4000244140624,1010.4000244140624,1010.4000244140624,1010.4000244140624,1
2026-08-31 11:34:00+05:30,1010.7999877929688,1010.7999877929688,1010.7999877929688,1010.7999877929688,1
2026-08-31 11:36:00+05:30,1010.7999877929688,1010.7999877929688,1010.7999877929688,1010.7999877929688,10
2026-08-31 11:37:00+05:30,1010.7999877929688,1010.7999877929688,1010.3499755859376,1010.3499755859376,40
2026-08-31 11:39:00+05:30,1010.5,1010.5,1010.5,1010.5,1
2026-08-31 11:40:00+05:30,1011.0,1011.0,1010.7999877929688,1010.7999877929688,75
2026-08-31 11:41:00+05:30,1010.9500122070312,1010.9500122070312,1010.9500122070312,1010.9500122070312,1
2026-08-31 11:42:00+05:30,1012.5,1012.7000122070312,1011.3499755859376,1011.3499755859376,2067
2026-08-31 11:43:00+05:30,1012.25,1012.25,1011.5999755859376,1011.5999755859376,83
2026-08-31 11:44:00+05:30,1012.25,1012.25,1012.25,1012.25,24
2026-08-31 11:46:00+05:30,1012.6500244140624,1012.6500244140624,1012.25,1012.25,7
2026-08-31 11:47:00+05:30,1012.4000244140624,1012.4000244140624,1011.75,1012.0,534
2026-08-31 11:48:00+05:30,1013.4500122070312,1013.75,1011.9500122070312,1012.0,2949
2026-08-31 11:49:00+05:30,1013.5,1013.7000122070312,1013.4500122070312,1013.4500122070312,125
2026-08-31 11:50:00+05:30,1014.0,1014.5499877929688,1013.5,1013.5,1080
2026-08-31 11:52:00+05:30,1013.2999877929688,1014.4000244140624,1013.2999877929688,1014.0,823
2026-08-31 11:53:00+05:30,1013.0999755859376,1013.5,1012.0499877929688,1012.0499877929688,420
2026-08-31 11:54:00+05:30,1014.2999877929688,1014.2999877929688,1013.5999755859376,1013.6500244140624,98
2026-08-31 11:55:00+05:30,1014.5,1014.5,1014.0499877929688,1014.0499877929688,103
2026-08-31 11:56:00+05:30,1014.75,1014.9000244140624,1014.0,1014.0,349
2026-08-31 11:57:00+05:30,1014.5999755859376,1014.6500244140624,1013.8499755859376,1013.8499755859376,205
2026-08-31 11:58:00+05:30,1014.0999755859376,1014.5999755859376,1014.0999755859376,1014.5999755859376,256
2026-08-31 11:59:00+05:30,1013.75,1014.9000244140624,1013.5499877929688,1014.5499877929688,3405
2026-08-31 12:00:00+05:30,1014.4000244140624,1014.7000122070312,1014.0,1014.25,359
2026-08-31 12:01:00+05:30,1014.6500244140624,1014.6500244140624,1014.4000244140624,1014.4000244140624,367
2026-08-31 12:02:00+05:30,1015.4000244140624,1015.5499877929688,1014.25,1014.25,2329
2026-08-31 12:03:00+05:30,1016.5999755859376,1016.7999877929688,1015.4000244140624,1015.4000244140624,404
2026-08-31 12:05:00+05:30,1017.1500244140624,1017.25,1015.75,1016.3499755859376,1589
2026-08-31 12:06:00+05:30,1017.9500122070312,1017.9500122070312,1016.25,1016.5499877929688,3555
2026-08-31 12:07:00+05:30,1017.75,1017.9000244140624,1017.2999877929688,1017.2999877929688,245
2026-08-31 12:08:00+05:30,1017.9000244140624,1017.9000244140624,1017.5,1017.5,161
2026-08-31 12:09:00+05:30,1017.2999877929688,1017.4000244140624,1017.2999877929688,1017.4000244140624,30
2026-08-31 12:10:00+05:30,1017.9500122070312,1018.9500122070312,1017.1500244140624,1017.1500244140624,463
2026-08-31 12:11:00+05:30,1018.0499877929688,1018.0499877929688,1017.5,1017.9500122070312,725
2026-08-31 12:12:00+05:30,1015.8499755859376,1018.0499877929688,1015.8499755859376,1018.0499877929688,1554
2026-08-31 12:13:00+05:30,1016.4000244140624,1016.9000244140624,1015.7999877929688,1015.7999877929688,1002
2026-08-31 12:15:00+05:30,1016.2000122070312,1016.3499755859376,1015.5999755859376,1016.0,127
2026-08-31 12:16:00+05:30,1016.25,1016.3499755859376,1015.9000244140624,1015.9500122070312,108
2026-08-31 12:17:00+05:30,1016.2999877929688,1016.75,1015.5999755859376,1015.7999877929688,390
2026-08-31 12:18:00+05:30,1017.0,1017.0,1016.4000244140624,1016.75,260
2026-08-31 12:19:00+05:30,1016.5499877929688,1017.25,1016.3499755859376,1016.7000122070312,347
2026-08-31 12:20:00+05:30,1014.5,1015.5999755859376,1014.5,1015.5999755859376,1261
2026-08-31 12:21:00+05:30,1015.25,1015.2999877929688,1013.5,1013.7999877929688,1502
2026-08-31 12:22:00+05:30,1015.5499877929688,1015.5499877929688,1015.2000122070312,1015.2999877929688,61
2026-08-31 12:24:00+05:30,1015.3499755859376,1015.3499755859376,1015.3499755859376,1015.3499755859376,22
2026-08-31 12:25:00+05:30,1015.4000244140624,1015.5999755859376,1015.4000244140624,1015.5999755859376,221
2026-08-31 12:26:00+05:30,1015.4000244140624,1015.4000244140624,1015.4000244140624,1015.4000244140624,1
2026-08-31 12:28:00+05:30,1015.5,1015.5,1015.5,1015.5,80
2026-08-31 12:29:00+05:30,1015.0499877929688,1015.5,1015.0499877929688,1015.5,25
2026-08-31 12:33:00+05:30,1015.0499877929688,1015.4500122070312,1015.0499877929688,1015.4000244140624,3
2026-08-31 12:34:00+05:30,1015.5999755859376,1015.5999755859376,1015.4500122070312,1015.4500122070312,206
2026-08-31 12:35:00+05:30,1015.6500244140624,1015.6500244140624,1015.5999755859376,1015.5999755859376,48
2026-08-31 12:36:00+05:30,1016.25,1016.25,1016.25,1016.25,13
2026-08-31 12:39:00+05:30,1016.2999877929688,1016.2999877929688,1016.2999877929688,1016.2999877929688,2
2026-08-31 12:40:00+05:30,1016.2999877929688,1016.2999877929688,1015.7999877929688,1015.9500122070312,287
2026-08-31 12:41:00+05:30,1016.2999877929688,1016.2999877929688,1016.2999877929688,1016.2999877929688,1
2026-08-31 12:42:00+05:30,1016.7000122070312,1016.7000122070312,1016.7000122070312,1016.7000122070312,1
2026-08-31 12:43:00+05:30,1016.5,1016.5,1016.25,1016.25,24
2026-08-31 12:44:00+05:30,1016.7000122070312,1016.7000122070312,1016.7000122070312,1016.7000122070312,12
2026-08-31 12:45:00+05:30,1016.6500244140624,1016.6500244140624,1016.6500244140624,1016.6500244140624,1
2026-08-31 12:46:00+05:30,1016.4500122070312,1016.4500122070312,1016.4500122070312,1016.4500122070312,10
2026-08-31 12:47:00+05:30,1016.0,1016.0,1016.0,1016.0,2
2026-08-31 12:50:00+05:30,1016.0,1016.0,1016.0,1016.0,5
2026-08-31 12:51:00+05:30,1014.0,1015.5499877929688,1014.0,1015.5499877929688,1060
2026-08-31 12:52:00+05:30,1015.25,1015.25,1014.75,1014.75,426
2026-08-31 12:53:00+05:30,1014.9500122070312,1014.9500122070312,1014.9500122070312,1014.9500122070312,1
2026-08-31 12:54:00+05:30,1014.9500122070312,1014.9500122070312,1014.9500122070312,1014.9500122070312,45
2026-08-31 12:55:00+05:30,1014.9500122070312,1014.9500122070312,1014.9500122070312,1014.9500122070312,1
2026-08-31 12:57:00+05:30,1014.9500122070312,1015.0,1014.9000244140624,1014.9500122070312,142
2026-08-31 12:59:00+05:30,1015.6500244140624,1015.6500244140624,1015.6500244140624,1015.6500244140624,2
2026-08-31 13:01:00+05:30,1015.6500244140624,1015.6500244140624,1015.6500244140624,1015.6500244140624,10
2026-08-31 13:03:00+05:30,1016.2000122070312,1016.2000122070312,1015.5499877929688,1015.5499877929688,6
2026-08-31 13:04:00+05:30,1015.9000244140624,1015.9000244140624,1015.9000244140624,1015.9000244140624,25
2026-08-31 13:05:00+05:30,1016.8499755859376,1016.8499755859376,1016.8499755859376,1016.8499755859376,120
2026-08-31 13:06:00+05:30,1016.7999877929688,1016.7999877929688,1016.75,1016.7999877929688,16
2026-08-31 13:07:00+05:30,1016.9000244140624,1016.9000244140624,1016.9000244140624,1016.9000244140624,1
2026-08-31 13:08:00+05:30,1016.6500244140624,1017.5499877929688,1016.6500244140624,1017.5499877929688,84
2026-08-31 13:09:00+05:30,1016.7000122070312,1016.7000122070312,1016.7000122070312,1016.7000122070312,20
2026-08-31 13:10:00+05:30,1017.6500244140624,1018.0999755859376,1017.4500122070312,1017.6500244140624,379
2026-08-31 13:11:00+05:30,1018.0,1018.0,1017.5499877929688,1017.5499877929688,52
2026-08-31 13:12:00+05:30,1018.4000244140624,1018.5999755859376,1018.4000244140624,1018.5,238
2026-08-31 13:13:00+05:30,1018.7000122070312,1018.7000122070312,1018.5999755859376,1018.5999755859376,3
2026-08-31 13:14:00+05:30,1018.6500244140624,1018.6500244140624,1018.2000122070312,1018.2000122070312,43
2026-08-31 13:15:00+05:30,1018.5999755859376,1018.5999755859376,1018.5999755859376,1018.5999755859376,1
2026-08-31 13:16:00+05:30,1018.0,1018.5499877929688,1018.0,1018.5499877929688,40
2026-08-31 13:19:00+05:30,1018.3499755859376,1018.4000244140624,1018.0,1018.4000244140624,25
2026-08-31 13:20:00+05:30,1018.0,1018.0,1018.0,1018.0,19
2026-08-31 13:21:00+05:30,1017.5999755859376,1017.5999755859376,1017.5999755859376,1017.5999755859376,3
2026-08-31 13:24:00+05:30,1018.3499755859376,1018.3499755859376,1018.0,1018.0,6
2026-08-31 13:25:00+05:30,1018.0,1018.0,1018.0,1018.0,50
2026-08-31 13:27:00+05:30,1018.0,1018.0,1018.0,1018.0,52
2026-08-31 13:30:00+05:30,1018.3499755859376,1018.3499755859376,1017.7000122070312,1017.7000122070312,83
2026-08-31 13:31:00+05:30,1019.7000122070312,1019.7000122070312,1018.7000122070312,1018.7000122070312,411
2026-08-31 13:33:00+05:30,1019.25,1019.25,1019.25,1019.25,5
2026-08-31 13:34:00+05:30,1019.5,1019.5,1019.5,1019.5,130
2026-08-31 13:35:00+05:30,1019.25,1019.7000122070312,1018.6500244140624,1019.7000122070312,40
2026-08-31 13:36:00+05:30,1019.7999877929688,1019.7999877929688,1019.4500122070312,1019.4500122070312,35
2026-08-31 13:39:00+05:30,1019.2000122070312,1019.2000122070312,1019.2000122070312,1019.2000122070312,1
2026-08-31 13:40:00+05:30,1019.9500122070312,1020.0,1019.75,1019.75,734
2026-08-31 13:41:00+05:30,1020.5,1020.5,1020.5,1020.5,2
2026-08-31 13:42:00+05:30,1020.5499877929688,1020.5499877929688,1020.5499877929688,1020.5499877929688,50
2026-08-31 13:43:00+05:30,1020.0,1020.1500244140624,1020.0,1020.1500244140624,3
2026-08-31 13:45:00+05:30,1020.0,1020.0,1020.0,1020.0,125
2026-08-31 13:46:00+05:30,1019.75,1019.75,1019.2999877929688,1019.2999877929688,5
2026-08-31 13:48:00+05:30,1019.75,1019.75,1019.75,1019.75,50
2026-08-31 13:49:00+05:30,1020.0,1020.0,1019.3499755859376,1019.75,49
2026-08-31 13:50:00+05:30,1019.8499755859376,1019.8499755859376,1019.8499755859376,1019.8499755859376,1
2026-08-31 13:51:00+05:30,1019.8499755859376,1019.8499755859376,1019.75,1019.75,2
2026-08-31 13:53:00+05:30,1019.9000244140624,1019.9000244140624,1019.9000244140624,1019.9000244140624,21
2026-08-31 13:54:00+05:30,1019.3499755859376,1019.9500122070312,1019.3499755859376,1019.5,37
2026-08-31 13:55:00+05:30,1019.7999877929688,1019.7999877929688,1019.7999877929688,1019.7999877929688,25
2026-08-31 13:56:00+05:30,1019.0,1019.0,1019.0,1019.0,30
2026-08-31 13:57:00+05:30,1020.1500244140624,1020.1500244140624,1019.6500244140624,1019.6500244140624,236
2026-08-31 13:59:00+05:30,1019.6500244140624,1019.6500244140624,1019.25,1019.25,16
2026-08-31 14:01:00+05:30,1020.5999755859376,1020.5999755859376,1019.7000122070312,1019.7000122070312,217
2026-08-31 14:02:00+05:30,1020.5999755859376,1020.5999755859376,1020.5999755859376,1020.5999755859376,35
2026-08-31 14:03:00+05:30,1021.0,1021.0,1020.6500244140624,1020.6500244140624,34
2026-08-31 14:04:00+05:30,1020.7000122070312,1020.7000122070312,1020.7000122070312,1020.7000122070312,32
2026-08-31 14:05:00+05:30,1021.0,1021.0499877929688,1021.0,1021.0499877929688,102
2026-08-31 14:06:00+05:30,1020.8499755859376,1021.0,1020.8499755859376,1021.0,432
2026-08-31 14:07:00+05:30,1022.1500244140624,1022.5,1021.5,1021.5,350
2026-08-31 14:08:00+05:30,1022.9500122070312,1022.9500122070312,1022.9500122070312,1022.9500122070312,50
2026-08-31 14:09:00+05:30,1022.5,1022.8499755859376,1022.5,1022.8499755859376,8
2026-08-31 14:11:00+05:30,1022.0,1022.0,1022.0,1022.0,2
2026-08-31 14:12:00+05:30,1021.6500244140624,1022.0,1021.6500244140624,1022.0,35
2026-08-31 14:13:00+05:30,1021.6500244140624,1021.6500244140624,1021.6500244140624,1021.6500244140624,120
2026-08-31 14:15:00+05:30,1021.6500244140624,1021.6500244140624,1021.6500244140624,1021.6500244140624,31
2026-08-31 14:16:00+05:30,1021.6500244140624,1021.6500244140624,1021.6500244140624,1021.6500244140624,10
2026-08-31 14:19:00+05:30,1022.0999755859376,1022.0999755859376,1022.0999755859376,1022.0999755859376,15
2026-08-31 14:21:00+05:30,1022.25,1022.25,1022.25,1022.25,20
2026-08-31 14:22:00+05:30,1023.4500122070312,1023.4500122070312,1022.3499755859376,1022.5999755859376,79
2026-08-31 14:23:00+05:30,1023.8499755859376,1024.0,1022.7000122070312,1022.7000122070312,187
2026-08-31 14:24:00+05:30,1024.550048828125,1024.550048828125,1024.550048828125,1024.550048828125,1
2026-08-31 14:26:00+05:30,1023.7000122070312,1023.7000122070312,1023.7000122070312,1023.7000122070312,11
2026-08-31 14:27:00+05:30,1023.5999755859376,1023.5999755859376,1023.5999755859376,1023.5999755859376,50
2026-08-31 14:28:00+05:30,1023.7999877929688,1024.25,1023.7999877929688,1024.25,79
2026-08-31 14:30:00+05:30,1024.199951171875,1024.199951171875,1024.199951171875,1024.199951171875,4
2026-08-31 14:31:00+05:30,1023.7000122070312,1023.7000122070312,1023.6500244140624,1023.6500244140624,80
2026-08-31 14:32:00+05:30,1023.2000122070312,1023.2000122070312,1022.3499755859376,1022.3499755859376,51
2026-08-31 14:34:00+05:30,1022.6500244140624,1022.6500244140624,1022.6500244140624,1022.6500244140624,13
2026-08-31 14:35:00+05:30,1024.0,1024.0,1023.25,1023.25,2
2026-08-31 14:36:00+05:30,1024.0,1024.0,1024.0,1024.0,2
2026-08-31 14:37:00+05:30,1024.25,1024.25,1024.0,1024.0,8
2026-08-31 14:39:00+05:30,1024.25,1024.25,1024.25,1024.25,19
2026-08-31 14:40:00+05:30,1024.699951171875,1024.699951171875,1024.050048828125,1024.25,114
2026-08-31 14:41:00+05:30,1024.0,1025.0,1024.0,1024.699951171875,650
2026-08-31 14:43:00+05:30,1023.4500122070312,1023.4500122070312,1023.4500122070312,1023.4500122070312,15
2026-08-31 14:44:00+05:30,1022.8499755859376,1022.8499755859376,1022.8499755859376,1022.8499755859376,100
2026-08-31 14:45:00+05:30,1024.0,1024.0,1023.4000244140624,1023.4000244140624,11
2026-08-31 14:46:00+05:30,1026.0,1026.0,1024.0999755859375,1024.0999755859375,122
2026-08-31 14:47:00+05:30,1026.0,1026.5,1026.0,1026.5,6
2026-08-31 14:48:00+05:30,1026.0,1026.0,1026.0,1026.0,44
2026-08-31 14:49:00+05:30,1026.0,1026.0,1026.0,1026.0,21
2026-08-31 14:50:00+05:30,1026.050048828125,1026.050048828125,1026.050048828125,1026.050048828125,33
2026-08-31 14:51:00+05:30,1025.5999755859375,1025.800048828125,1025.5999755859375,1025.6500244140625,322
2026-08-31 14:52:00+05:30,1026.0,1026.0,1025.3499755859375,1025.3499755859375,3
2026-08-31 14:53:00+05:30,1025.0999755859375,1025.75,1025.050048828125,1025.1500244140625,407
2026-08-31 14:54:00+05:30,1025.0,1025.050048828125,1024.6500244140625,1025.050048828125,118
2026-08-31 14:55:00+05:30,1025.1500244140625,1025.6500244140625,1025.1500244140625,1025.4000244140625,24
2026-08-31 14:56:00+05:30,1024.0,1025.449951171875,1024.0,1025.449951171875,171
2026-08-31 14:57:00+05:30,1023.5499877929688,1023.5499877929688,1023.5499877929688,1023.5499877929688,1
2026-08-31 14:58:00+05:30,1023.7000122070312,1023.7000122070312,1023.7000122070312,1023.7000122070312,2
2026-08-31 14:59:00+05:30,1025.0,1025.0,1023.7000122070312,1023.7000122070312,609
2026-08-31 15:00:00+05:30,1023.7000122070312,1025.050048828125,1023.5999755859376,1025.0,929
2026-08-31 15:01:00+05:30,1023.6500244140624,1023.6500244140624,1023.6500244140624,1023.6500244140624,39
2026-08-31 15:02:00+05:30,1024.0999755859375,1024.199951171875,1024.0999755859375,1024.199951171875,51
2026-08-31 15:03:00+05:30,1020.75,1023.9500122070312,1020.75,1023.9500122070312,1068
2026-08-31 15:04:00+05:30,1020.9500122070312,1020.9500122070312,1020.2999877929688,1020.5999755859376,80
2026-08-31 15:05:00+05:30,1020.9500122070312,1021.1500244140624,1020.8499755859376,1021.0,177
2026-08-31 15:06:00+05:30,1020.5999755859376,1020.9000244140624,1020.2999877929688,1020.5999755859376,137
2026-08-31 15:07:00+05:30,1022.25,1022.4000244140624,1020.5999755859376,1020.5999755859376,673
2026-08-31 15:08:00+05:30,1022.75,1023.2000122070312,1022.75,1023.2000122070312,35
2026-08-31 15:09:00+05:30,1022.0499877929688,1022.7000122070312,1021.5499877929688,1022.7000122070312,133
2026-08-31 15:10:00+05:30,1021.75,1022.0499877929688,1021.75,1021.9000244140624,969
2026-08-31 15:11:00+05:30,1021.0999755859376,1021.0999755859376,1020.5,1021.0,79
2026-08-31 15:12:00+05:30,1022.0,1022.0,1020.0,1020.9000244140624,7702
2026-08-31 15:13:00+05:30,1021.3499755859376,1021.4500122070312,1021.3499755859376,1021.4500122070312,246
2026-08-31 15:14:00+05:30,1020.0,1021.0499877929688,1016.7000122070312,1019.0499877929688,7926
2026-08-31 15:28:00+05:30,1016.0,1016.0,1016.0,1016.0,403
2026-09-01 09:15:00+05:30,1024.800048828125,1026.4000244140625,1021.0999755859376,1021.0999755859376,1685
2026-09-01 09:16:00+05:30,1028.050048828125,1028.8499755859375,1027.0,1027.0,720
2026-09-01 09:17:00+05:30,1029.9000244140625,1029.9000244140625,1028.0,1028.5,1157
2026-09-01 09:18:00+05:30,1029.8499755859375,1031.0,1029.0999755859375,1030.0,12272
2026-09-01 09:19:00+05:30,1030.9000244140625,1031.5999755859375,1029.5,1029.699951171875,894
2026-09-01 09:20:00+05:30,1030.1500244140625,1030.75,1029.300048828125,1030.5,455
2026-09-01 09:21:00+05:30,1028.300048828125,1030.6500244140625,1028.300048828125,1030.050048828125,422
2026-09-01 09:22:00+05:30,1027.0,1029.300048828125,1027.0,1029.300048828125,208
2026-09-01 09:23:00+05:30,1027.4000244140625,1027.4000244140625,1026.949951171875,1027.0,632
2026-09-01 09:24:00+05:30,1028.8499755859375,1028.8499755859375,1027.0,1027.3499755859375,637
2026-09-01 09:25:00+05:30,1029.050048828125,1029.4000244140625,1028.5,1029.4000244140625,393
2026-09-01 09:26:00+05:30,1028.5999755859375,1029.6500244140625,1028.300048828125,1029.6500244140625,129
2026-09-01 09:27:00+05:30,1029.0999755859375,1029.0999755859375,1028.5,1028.5,70
2026-09-01 09:28:00+05:30,1029.9000244140625,1030.800048828125,1029.800048828125,1029.800048828125,251
2026-09-01 09:29:00+05:30,1029.75,1030.5,1029.75,1030.300048828125,77
2026-09-01 09:30:00+05:30,1030.8499755859375,1030.8499755859375,1029.75,1029.9000244140625,76
2026-09-01 09:31:00+05:30,1030.0,1030.0999755859375,1030.0,1030.0,387
2026-09-01 09:32:00+05:30,1030.0,1030.0,1029.25,1029.25,194
2026-09-01 09:33:00+05:30,1030.0,1030.5999755859375,1029.5,1029.5,756
2026-09-01 09:34:00+05:30,1030.0,1030.199951171875,1029.449951171875,1030.0,10
2026-09-01 09:35:00+05:30,1030.8499755859375,1030.8499755859375,1029.3499755859375,1029.3499755859375,56
2026-09-01 09:36:00+05:30,1030.5999755859375,1030.8499755859375,1030.550048828125,1030.8499755859375,121
2026-09-01 09:37:00+05:30,1031.6500244140625,1031.699951171875,1030.8499755859375,1030.8499755859375,96
2026-09-01 09:38:00+05:30,1032.300048828125,1033.699951171875,1032.0999755859375,1032.1500244140625,1525
2026-09-01 09:39:00+05:30,1031.5,1033.0,1031.5,1033.0,69
2026-09-01 09:40:00+05:30,1031.5,1031.5,1031.0,1031.5,53
2026-09-01 09:41:00+05:30,1030.3499755859375,1031.9000244140625,1030.3499755859375,1031.0999755859375,108
2026-09-01 09:42:00+05:30,1030.1500244140625,1031.050048828125,1029.5999755859375,1031.050048828125,380
2026-09-01 09:43:00+05:30,1030.0999755859375,1030.5,1030.0999755859375,1030.0999755859375,84
2026-09-01 09:44:00+05:30,1029.75,1030.0999755859375,1029.300048828125,1030.0999755859375,72
2026-09-01 09:45:00+05:30,1029.0,1029.8499755859375,1029.0,1029.75,96
2026-09-01 09:46:00+05:30,1029.0,1029.0,1029.0,1029.0,26
2026-09-01 09:47:00+05:30,1027.550048828125,1028.5999755859375,1027.050048828125,1027.050048828125,628
2026-09-01 09:48:00+05:30,1027.25,1028.050048828125,1027.25,1027.5999755859375,60
2026-09-01 09:49:00+05:30,1027.1500244140625,1027.8499755859375,1027.1500244140625,1027.8499755859375,275
2026-09-01 09:50:00+05:30,1028.0,1028.0,1027.300048828125,1028.0,79
2026-09-01 09:51:00+05:30,1027.5,1028.199951171875,1027.5,1028.0,71
2026-09-01 09:52:00+05:30,1027.300048828125,1028.1500244140625,1027.300048828125,1027.5,55
2026-09-01 09:53:00+05:30,1027.800048828125,1028.0,1027.1500244140625,1027.300048828125,57
2026-09-01 09:54:00+05:30,1027.75,1027.800048828125,1027.0999755859375,1027.0999755859375,82
2026-09-01 09:55:00+05:30,1027.699951171875,1027.699951171875,1027.0999755859375,1027.0999755859375,6
2026-09-01 09:56:00+05:30,1026.949951171875,1027.4000244140625,1026.0,1027.0,665
2026-09-01 09:57:00+05:30,1026.5999755859375,1026.5999755859375,1026.550048828125,1026.5999755859375,3
2026-09-01 09:58:00+05:30,1026.5,1026.5,1026.5,1026.5,7
2026-09-01 09:59:00+05:30,1025.050048828125,1026.4000244140625,1024.800048828125,1026.4000244140625,302
2026-09-01 10:00:00+05:30,1026.0,1026.1500244140625,1025.199951171875,1025.550048828125,200
2026-09-01 10:01:00+05:30,1025.199951171875,1026.0,1025.199951171875,1026.0,11
2026-09-01 10:02:00+05:30,1025.8499755859375,1025.8499755859375,1025.5999755859375,1025.5999755859375,370
2026-09-01 10:03:00+05:30,1025.199951171875,1026.0,1025.199951171875,1025.199951171875,89
2026-09-01 10:04:00+05:30,1025.550048828125,1025.75,1025.550048828125,1025.550048828125,12
2026-09-01 10:05:00+05:30,1025.75,1025.75,1025.75,1025.75,10
2026-09-01 10:06:00+05:30,1025.0999755859375,1025.199951171875,1025.0,1025.199951171875,45
2026-09-01 10:07:00+05:30,1025.0,1025.75,1025.0,1025.199951171875,85
2026-09-01 10:08:00+05:30,1025.25,1025.300048828125,1025.25,1025.300048828125,53
2026-09-01 10:09:00+05:30,1025.3499755859375,1025.3499755859375,1024.800048828125,1024.800048828125,10
2026-09-01 10:10:00+05:30,1025.3499755859375,1025.3499755859375,1025.3499755859375,1025.3499755859375,10
2026-09-01 10:11:00+05:30,1025.949951171875,1026.0,1025.449951171875,1025.449951171875,181
2026-09-01 10:12:00+05:30,1025.3499755859375,1025.75,1025.3499755859375,1025.75,147
2026-09-01 10:13:00+05:30,1024.800048828125,1025.199951171875,1024.800048828125,1024.800048828125,336
2026-09-01 10:14:00+05:30,1024.6500244140625,1024.6500244140625,1024.0,1024.0,152
2026-09-01 10:15:00+05:30,1024.5999755859375,1024.6500244140625,1024.050048828125,1024.050048828125,3
2026-09-01 10:16:00+05:30,1025.050048828125,1025.050048828125,1024.6500244140625,1024.6500244140625,236
2026-09-01 10:17:00+05:30,1024.5999755859375,1025.0,1024.5999755859375,1025.0,176
2026-09-01 10:19:00+05:30,1024.1500244140625,1024.800048828125,1024.0999755859375,1024.0999755859375,48
2026-09-01 10:20:00+05:30,1025.050048828125,1025.050048828125,1025.050048828125,1025.050048828125,2
2026-09-01 10:21:00+05:30,1025.050048828125,1025.050048828125,1025.050048828125,1025.050048828125,1
2026-09-01 10:22:00+05:30,1025.4000244140625,1025.4000244140625,1025.0999755859375,1025.4000244140625,13
2026-09-01 10:23:00+05:30,1025.0999755859375,1025.0999755859375,1025.0999755859375,1025.0999755859375,29
2026-09-01 10:24:00+05:30,1025.800048828125,1025.800048828125,1025.0999755859375,1025.0999755859375,252
2026-09-01 10:25:00+05:30,1025.0,1025.800048828125,1025.0,1025.800048828125,256
2026-09-01 10:26:00+05:30,1025.0999755859375,1025.0999755859375,1025.0,1025.0,51
2026-09-01 10:27:00+05:30,1024.449951171875,1025.0,1024.449951171875,1025.0,17
2026-09-01 10:28:00+05:30,1025.0,1025.0999755859375,1025.0,1025.0999755859375,3
2026-09-01 10:29:00+05:30,1024.800048828125,1025.0,1024.800048828125,1025.0,2
2026-09-01 10:30:00+05:30,1025.0,1025.0,1025.0,1025.0,183
2026-09-01 10:31:00+05:30,1024.9000244140625,1024.9000244140625,1024.9000244140625,1024.9000244140625,2
2026-09-01 10:32:00+05:30,1024.199951171875,1024.199951171875,1023.5499877929688,1023.5499877929688,3532
2026-09-01 10:33:00+05:30,1024.75,1024.75,1024.25,1024.25,192
2026-09-01 10:34:00+05:30,1024.0999755859375,1024.5,1024.0999755859375,1024.5,6
2026-09-01 10:35:00+05:30,1024.5,1024.5,1024.5,1024.5,11
2026-09-01 10:36:00+05:30,1025.0,1025.0,1025.0,1025.0,40
2026-09-01 10:37:00+05:30,1025.199951171875,1025.75,1025.199951171875,1025.75,11
2026-09-01 10:38:00+05:30,1025.800048828125,1025.800048828125,1025.300048828125,1025.75,7
2026-09-01 10:39:00+05:30,1025.75,1025.800048828125,1025.699951171875,1025.699951171875,26
2026-09-01 10:40:00+05:30,1024.75,1025.800048828125,1024.75,1025.199951171875,72
2026-09-01 10:41:00+05:30,1024.8499755859375,1025.5,1024.8499755859375,1025.5,60
2026-09-01 10:43:00+05:30,1024.4000244140625,1024.9000244140625,1024.4000244140625,1024.800048828125,135
2026-09-01 10:45:00+05:30,1025.3499755859375,1025.3499755859375,1025.3499755859375,1025.3499755859375,4
2026-09-01 10:46:00+05:30,1025.800048828125,1025.800048828125,1025.4000244140625,1025.4000244140625,264
2026-09-01 10:47:00+05:30,1024.550048828125,1025.949951171875,1024.550048828125,1025.949951171875,317
2026-09-01 10:49:00+05:30,1024.699951171875,1024.699951171875,1024.699951171875,1024.699951171875,1
2026-09-01 10:50:00+05:30,1024.699951171875,1024.699951171875,1024.699951171875,1024.699951171875,14
2026-09-01 10:51:00+05:30,1024.0,1024.0,1024.0,1024.0,5
2026-09-01 10:52:00+05:30,1024.3499755859375,1024.3499755859375,1023.6500244140624,1024.3499755859375,130
2026-09-01 10:53:00+05:30,1024.0,1024.0,1024.0,1024.0,4
2026-09-01 10:54:00+05:30,1024.0,1024.0,1024.0,1024.0,19
2026-09-01 10:55:00+05:30,1023.5999755859376,1024.0,1023.5,1023.9500122070312,62
2026-09-01 10:56:00+05:30,1023.5,1023.5499877929688,1023.5,1023.5499877929688,41
2026-09-01 10:58:00+05:30,1023.2999877929688,1023.2999877929688,1023.2999877929688,1023.2999877929688,12
2026-09-01 10:59:00+05:30,1023.2999877929688,1023.8499755859376,1023.2999877929688,1023.8499755859376,30
2026-09-01 11:00:00+05:30,1023.7999877929688,1023.8499755859376,1023.2999877929688,1023.7000122070312,58
2026-09-01 11:01:00+05:30,1023.2999877929688,1023.2999877929688,1023.2999877929688,1023.2999877929688,14
2026-09-01 11:02:00+05:30,1023.7999877929688,1023.7999877929688,1023.7999877929688,1023.7999877929688,25
2026-09-01 11:03:00+05:30,1023.5,1023.8499755859376,1023.5,1023.8499755859376,190
2026-09-01 11:04:00+05:30,1023.5499877929688,1023.5499877929688,1023.2999877929688,1023.2999877929688,36
2026-09-01 11:05:00+05:30,1022.9000244140624,1023.5499877929688,1022.7999877929688,1022.7999877929688,236
2026-09-01 11:06:00+05:30,1023.75,1023.75,1022.8499755859376,1023.4500122070312,40
2026-09-01 11:07:00+05:30,1023.25,1023.25,1023.25,1023.25,9
2026-09-01 11:08:00+05:30,1024.449951171875,1024.449951171875,1023.75,1023.75,19
2026-09-01 11:09:00+05:30,1025.0,1025.0,1024.4000244140625,1024.4000244140625,53
2026-09-01 11:10:00+05:30,1025.75,1026.0,1025.75,1026.0,72
2026-09-01 11:11:00+05:30,1027.0,1027.0,1027.0,1027.0,113
2026-09-01 11:12:00+05:30,1029.0,1029.0,1027.75,1028.0,21
2026-09-01 11:13:00+05:30,1028.9000244140625,1029.300048828125,1028.25,1028.6500244140625,177
2026-09-01 11:14:00+05:30,1027.949951171875,1028.699951171875,1027.550048828125,1028.699951171875,122
2026-09-01 11:15:00+05:30,1028.3499755859375,1028.3499755859375,1028.3499755859375,1028.3499755859375,42
2026-09-01 11:16:00+05:30,1030.0999755859375,1030.199951171875,1029.449951171875,1029.5,1363
2026-09-01 11:17:00+05:30,1029.199951171875,1029.75,1029.199951171875,1029.75,114
2026-09-01 11:18:00+05:30,1028.0,1029.0,1028.0,1029.0,199
2026-09-01 11:19:00+05:30,1027.8499755859375,1027.8499755859375,1027.3499755859375,1027.3499755859375,105
2026-09-01 11:21:00+05:30,1028.1500244140625,1028.1500244140625,1027.8499755859375,1027.8499755859375,19
2026-09-01 11:22:00+05:30,1028.199951171875,1028.199951171875,1028.199951171875,1028.199951171875,1
2026-09-01 11:23:00+05:30,1027.800048828125,1027.800048828125,1027.800048828125,1027.800048828125,1
2026-09-01 11:24:00+05:30,1028.050048828125,1028.050048828125,1027.3499755859375,1027.5999755859375,198
2026-09-01 11:25:00+05:30,1027.199951171875,1027.199951171875,1027.199951171875,1027.199951171875,50
2026-09-01 11:26:00+05:30,1027.949951171875,1027.949951171875,1027.949951171875,1027.949951171875,5
2026-09-01 11:27:00+05:30,1028.800048828125,1028.800048828125,1028.550048828125,1028.550048828125,56
2026-09-01 11:28:00+05:30,1029.0999755859375,1029.0999755859375,1028.25,1028.800048828125,34
2026-09-01 11:29:00+05:30,1029.1500244140625,1029.1500244140625,1028.550048828125,1028.550048828125,9
2026-09-01 11:30:00+05:30,1029.1500244140625,1029.5999755859375,1029.1500244140625,1029.5,220
2026-09-01 11:31:00+05:30,1029.449951171875,1029.9000244140625,1029.050048828125,1029.6500244140625,96
2026-09-01 11:32:00+05:30,1029.1500244140625,1029.8499755859375,1029.1500244140625,1029.449951171875,32
2026-09-01 11:33:00+05:30,1029.1500244140625,1029.1500244140625,1029.1500244140625,1029.1500244140625,7
2026-09-01 11:34:00+05:30,1029.0,1029.0,1028.300048828125,1028.300048828125,824
2026-09-01 11:35:00+05:30,1029.050048828125,1029.1500244140625,1029.050048828125,1029.1500244140625,59
2026-09-01 11:36:00+05:30,1029.050048828125,1029.0999755859375,1029.050048828125,1029.0999755859375,6
2026-09-01 11:37:00+05:30,1029.1500244140625,1029.1500244140625,1028.75,1028.75,103
2026-09-01 11:39:00+05:30,1028.4000244140625,1029.0999755859375,1028.4000244140625,1029.0999755859375,165
2026-09-01 11:40:00+05:30,1028.4000244140625,1028.4000244140625,1028.4000244140625,1028.4000244140625,76
2026-09-01 11:41:00+05:30,1029.0,1029.0,1028.4000244140625,1028.4000244140625,14
2026-09-01 11:43:00+05:30,1028.4000244140625,1028.800048828125,1028.4000244140625,1028.800048828125,234
2026-09-01 11:44:00+05:30,1028.199951171875,1028.4000244140625,1027.699951171875,1028.4000244140625,58
2026-09-01 11:45:00+05:30,1027.3499755859375,1027.5,1027.3499755859375,1027.5,56
2026-09-01 11:46:00+05:30,1027.0,1027.0,1027.0,1027.0,70
2026-09-01 11:47:00+05:30,1027.0999755859375,1027.0999755859375,1027.0,1027.0,247
2026-09-01 11:49:00+05:30,1027.0,1027.0,1027.0,1027.0,1
2026-09-01 11:51:00+05:30,1026.0,1026.0,1026.0,1026.0,50
2026-09-01 11:52:00+05:30,1026.1500244140625,1026.75,1026.1500244140625,1026.75,67
2026-09-01 11:53:00+05:30,1026.0999755859375,1026.0999755859375,1026.0999755859375,1026.0999755859375,10
2026-09-01 11:54:00+05:30,1026.800048828125,1026.800048828125,1026.1500244140625,1026.1500244140625,163
2026-09-01 11:55:00+05:30,1026.5999755859375,1026.5999755859375,1026.0999755859375,1026.0999755859375,8
2026-09-01 11:56:00+05:30,1026.5999755859375,1026.5999755859375,1026.5999755859375,1026.5999755859375,20
2026-09-01 11:57:00+05:30,1026.5999755859375,1027.0,1026.5999755859375,1027.0,51
2026-09-01 11:58:00+05:30,1026.5999755859375,1026.5999755859375,1026.5999755859375,1026.5999755859375,37
2026-09-01 12:00:00+05:30,1026.5999755859375,1026.5999755859375,1026.5999755859375,1026.5999755859375,46
2026-09-01 12:04:00+05:30,1026.9000244140625,1026.9000244140625,1026.25,1026.4000244140625,58
2026-09-01 12:05:00+05:30,1026.800048828125,1026.800048828125,1026.0,1026.0,102
2026-09-01 12:06:00+05:30,1026.800048828125,1026.800048828125,1026.800048828125,1026.800048828125,1
2026-09-01 12:07:00+05:30,1026.5,1026.800048828125,1026.5,1026.800048828125,19
2026-09-01 12:09:00+05:30,1027.300048828125,1027.300048828125,1027.300048828125,1027.300048828125,20
2026-09-01 12:10:00+05:30,1027.5,1027.5,1027.5,1027.5,2
2026-09-01 12:11:00+05:30,1027.050048828125,1027.050048828125,1027.050048828125,1027.050048828125,9
2026-09-01 12:12:00+05:30,1027.0,1027.0,1026.4000244140625,1026.4000244140625,301
2026-09-01 12:13:00+05:30,1025.0,1025.699951171875,1024.8499755859375,1025.449951171875,212
2026-09-01 12:14:00+05:30,1023.9000244140624,1024.5999755859375,1023.9000244140624,1024.5999755859375,293
2026-09-01 12:15:00+05:30,1024.550048828125,1024.550048828125,1024.550048828125,1024.550048828125,2
2026-09-01 12:16:00+05:30,1024.199951171875,1024.199951171875,1023.5,1024.0,22
2026-09-01 12:17:00+05:30,1023.9500122070312,1023.9500122070312,1023.5,1023.5,39
2026-09-01 12:18:00+05:30,1023.2000122070312,1023.5,1023.2000122070312,1023.5,65
2026-09-01 12:19:00+05:30,1022.5999755859376,1023.3499755859376,1022.0499877929688,1023.0,62
2026-09-01 12:20:00+05:30,1022.0,1022.0,1022.0,1022.0,18
2026-09-01 12:21:00+05:30,1023.7000122070312,1023.7000122070312,1022.7000122070312,1022.7000122070312,162
2026-09-01 12:22:00+05:30,1023.2999877929688,1023.2999877929688,1023.2999877929688,1023.2999877929688,70
2026-09-01 12:23:00+05:30,1023.9500122070312,1023.9500122070312,1023.25,1023.25,13
2026-09-01 12:24:00+05:30,1023.5,1023.5,1023.0,1023.0,2
2026-09-01 12:25:00+05:30,1023.2999877929688,1024.050048828125,1023.2999877929688,1023.5,54
2026-09-01 12:26:00+05:30,1023.5,1023.5,1023.2999877929688,1023.4000244140624,90
2026-09-01 12:28:00+05:30,1023.5,1023.5,1023.5,1023.5,16
2026-09-01 12:29:00+05:30,1023.0,1023.5999755859376,1023.0,1023.5999755859376,69
2026-09-01 12:30:00+05:30,1023.5499877929688,1023.5499877929688,1023.5499877929688,1023.5499877929688,1
2026-09-01 12:31:00+05:30,1023.0499877929688,1023.0499877929688,1023.0499877929688,1023.0499877929688,6
2026-09-01 12:34:00+05:30,1023.2000122070312,1023.2000122070312,1023.2000122070312,1023.2000122070312,6
2026-09-01 12:35:00+05:30,1023.9000244140624,1023.9000244140624,1023.2999877929688,1023.2999877929688,75
2026-09-01 12:37:00+05:30,1023.9000244140624,1023.9000244140624,1023.0,1023.0,40
2026-09-01 12:38:00+05:30,1022.8499755859376,1023.9000244140624,1022.7999877929688,1023.9000244140624,1022
2026-09-01 12:39:00+05:30,1023.5999755859376,1023.5999755859376,1023.3499755859376,1023.3499755859376,20
2026-09-01 12:40:00+05:30,1023.5999755859376,1023.5999755859376,1023.5999755859376,1023.5999755859376,600
2026-09-01 12:41:00+05:30,1022.9000244140624,1022.9000244140624,1022.9000244140624,1022.9000244140624,1
2026-09-01 12:42:00+05:30,1022.75,1022.75,1022.75,1022.75,123
2026-09-01 12:44:00+05:30,1023.2000122070312,1023.2000122070312,1023.2000122070312,1023.2000122070312,24
2026-09-01 12:46:00+05:30,1023.1500244140624,1023.1500244140624,1023.1500244140624,1023.1500244140624,10
2026-09-01 12:47:00+05:30,1023.2000122070312,1023.2000122070312,1023.2000122070312,1023.2000122070312,1
2026-09-01 12:50:00+05:30,1022.75,1022.75,1022.75,1022.75,20
2026-09-01 12:51:00+05:30,1022.1500244140624,1022.1500244140624,1022.0999755859376,1022.0999755859376,37
2026-09-01 12:52:00+05:30,1023.0,1023.0,1023.0,1023.0,2
2026-09-01 12:53:00+05:30,1022.25,1022.3499755859376,1022.25,1022.3499755859376,52
2026-09-01 12:54:00+05:30,1022.5999755859376,1022.5999755859376,1022.5999755859376,1022.5999755859376,40
2026-09-01 12:55:00+05:30,1023.0,1023.0,1023.0,1023.0,21
2026-09-01 12:56:00+05:30,1023.0,1023.0,1023.0,1023.0,509
2026-09-01 12:59:00+05:30,1023.2000122070312,1023.2000122070312,1023.0,1023.0,2
2026-09-01 13:00:00+05:30,1022.0499877929688,1022.0499877929688,1022.0499877929688,1022.0499877929688,31
2026-09-01 13:01:00+05:30,1022.0499877929688,1022.0499877929688,1022.0499877929688,1022.0499877929688,25
2026-09-01 13:04:00+05:30,1022.6500244140624,1022.6500244140624,1022.6500244140624,1022.6500244140624,1
2026-09-01 13:05:00+05:30,1022.0,1022.6500244140624,1022.0,1022.0499877929688,38
2026-09-01 13:06:00+05:30,1022.0,1022.5999755859376,1022.0,1022.0,499
2026-09-01 13:07:00+05:30,1022.0,1022.0499877929688,1021.5,1021.5,18
2026-09-01 13:08:00+05:30,1022.5999755859376,1022.5999755859376,1021.9500122070312,1022.5999755859376,26
2026-09-01 13:09:00+05:30,1022.5999755859376,1022.5999755859376,1022.1500244140624,1022.1500244140624,25
2026-09-01 13:12:00+05:30,1021.0999755859376,1021.0999755859376,1021.0999755859376,1021.0999755859376,16
2026-09-01 13:13:00+05:30,1022.0,1022.0,1021.0,1021.0,383
2026-09-01 13:14:00+05:30,1020.9000244140624,1020.9000244140624,1020.9000244140624,1020.9000244140624,1636
2026-09-01 13:15:00+05:30,1022.0,1022.0,1022.0,1022.0,1
2026-09-01 13:17:00+05:30,1021.5999755859376,1021.5999755859376,1021.0,1021.0,5
2026-09-01 13:18:00+05:30,1020.7999877929688,1020.7999877929688,1020.7999877929688,1020.7999877929688,5
2026-09-01 13:20:00+05:30,1021.0,1021.0,1021.0,1021.0,335
2026-09-01 13:21:00+05:30,1021.0,1021.0,1021.0,1021.0,26
2026-09-01 13:22:00+05:30,1021.0,1021.0,1021.0,1021.0,5
2026-09-01 13:23:00+05:30,1021.0,1021.0499877929688,1021.0,1021.0499877929688,133
2026-09-01 13:24:00+05:30,1021.1500244140624,1021.1500244140624,1021.1500244140624,1021.1500244140624,1
2026-09-01 13:25:00+05:30,1021.9500122070312,1021.9500122070312,1021.2000122070312,1021.2000122070312,25
2026-09-01 13:26:00+05:30,1020.8499755859376,1021.9500122070312,1020.8499755859376,1021.9500122070312,354
2026-09-01 13:28:00+05:30,1021.4500122070312,1021.4500122070312,1021.4500122070312,1021.4500122070312,18
2026-09-01 13:29:00+05:30,1020.9500122070312,1021.0999755859376,1020.2999877929688,1021.0999755859376,58
2026-09-01 13:30:00+05:30,1020.25,1020.25,1020.25,1020.25,10
2026-09-01 13:31:00+05:30,1020.2000122070312,1020.2000122070312,1020.2000122070312,1020.2000122070312,40
2026-09-01 13:32:00+05:30,1020.0,1020.9000244140624,1020.0,1020.9000244140624,483
2026-09-01 13:33:00+05:30,1020.2000122070312,1020.2000122070312,1018.8499755859376,1018.8499755859376,713
2026-09-01 13:34:00+05:30,1019.0,1019.2999877929688,1019.0,1019.2999877929688,27
2026-09-01 13:35:00+05:30,1020.0999755859376,1020.4000244140624,1020.0999755859376,1020.4000244140624,1637
2026-09-01 13:36:00+05:30,1019.0,1019.0,1019.0,1019.0,15
2026-09-01 13:38:00+05:30,1019.0,1019.0,1019.0,1019.0,510
2026-09-01 13:40:00+05:30,1018.0,1018.7999877929688,1018.0,1018.2000122070312,777
2026-09-01 13:41:00+05:30,1018.0,1018.0,1018.0,1018.0,110
2026-09-01 13:42:00+05:30,1018.4000244140624,1018.4000244140624,1018.0,1018.0,6
2026-09-01 13:43:00+05:30,1018.0499877929688,1018.0499877929688,1018.0,1018.0,104
2026-09-01 13:44:00+05:30,1018.5,1018.5,1018.5,1018.5,96
2026-09-01 13:45:00+05:30,1017.75,1018.2999877929688,1017.75,1018.2999877929688,650
2026-09-01 13:46:00+05:30,1018.4500122070312,1018.4500122070312,1018.4500122070312,1018.4500122070312,10
2026-09-01 13:47:00+05:30,1018.0499877929688,1018.0499877929688,1018.0499877929688,1018.0499877929688,1
2026-09-01 13:48:00+05:30,1016.5499877929688,1017.0,1016.5499877929688,1017.0,106
2026-09-01 13:49:00+05:30,1017.0,1017.0,1017.0,1017.0,10
2026-09-01 13:50:00+05:30,1016.5999755859376,1017.25,1016.5499877929688,1017.25,121
2026-09-01 13:51:00+05:30,1015.7999877929688,1016.0,1015.7999877929688,1016.0,365
2026-09-01 13:52:00+05:30,1013.7999877929688,1016.2999877929688,1013.7999877929688,1016.2999877929688,1343
2026-09-01 13:53:00+05:30,1014.5999755859376,1014.5999755859376,1013.7999877929688,1013.7999877929688,25
2026-09-01 13:54:00+05:30,1013.9000244140624,1013.9000244140624,1013.9000244140624,1013.9000244140624,7
2026-09-01 13:55:00+05:30,1014.25,1014.25,1013.4000244140624,1013.4000244140624,480
2026-09-01 13:56:00+05:30,1013.2000122070312,1014.1500244140624,1013.2000122070312,1014.1500244140624,486
2026-09-01 13:58:00+05:30,1014.2000122070312,1014.2000122070312,1014.2000122070312,1014.2000122070312,1
2026-09-01 13:59:00+05:30,1012.0999755859376,1013.0,1012.0999755859376,1013.0,477
2026-09-01 14:00:00+05:30,1011.0499877929688,1012.8499755859376,1011.0499877929688,1012.8499755859376,575
2026-09-01 14:01:00+05:30,1011.6500244140624,1011.8499755859376,1011.6500244140624,1011.8499755859376,133
2026-09-01 14:02:00+05:30,1012.6500244140624,1013.0,1012.6500244140624,1013.0,234
2026-09-01 14:03:00+05:30,1012.6500244140624,1012.6500244140624,1012.6500244140624,1012.6500244140624,238
2026-09-01 14:04:00+05:30,1012.0999755859376,1012.5999755859376,1012.0,1012.5999755859376,315
2026-09-01 14:05:00+05:30,1012.5999755859376,1012.5999755859376,1012.0999755859376,1012.0999755859376,300
2026-09-01 14:07:00+05:30,1012.2999877929688,1012.2999877929688,1011.4500122070312,1012.2999877929688,117
2026-09-01 14:08:00+05:30,1011.75,1011.75,1011.75,1011.75,1
2026-09-01 14:09:00+05:30,1011.5999755859376,1011.5999755859376,1011.0,1011.0,134
2026-09-01 14:10:00+05:30,1011.75,1011.75,1011.0499877929688,1011.0499877929688,78
2026-09-01 14:11:00+05:30,1012.4000244140624,1012.4000244140624,1011.6500244140624,1011.6500244140624,176
2026-09-01 14:12:00+05:30,1011.7000122070312,1012.0499877929688,1010.8499755859376,1012.0,121
2026-09-01 14:13:00+05:30,1011.0,1011.2000122070312,1010.5999755859376,1011.2000122070312,571
2026-09-01 14:14:00+05:30,1011.4000244140624,1011.4000244140624,1011.4000244140624,1011.4000244140624,1
2026-09-01 14:15:00+05:30,1011.0,1011.4000244140624,1010.5499877929688,1011.4000244140624,104
2026-09-01 14:16:00+05:30,1011.4000244140624,1011.4000244140624,1010.5999755859376,1010.7000122070312,123
2026-09-01 14:17:00+05:30,1010.6500244140624,1010.6500244140624,1010.6500244140624,1010.6500244140624,130
2026-09-01 14:18:00+05:30,1011.0499877929688,1011.2999877929688,1010.0999755859376,1010.5499877929688,43
2026-09-01 14:19:00+05:30,1010.2000122070312,1011.2000122070312,1010.1500244140624,1010.1500244140624,325
2026-09-01 14:20:00+05:30,1011.0499877929688,1011.0999755859376,1010.0,1010.0,85
2026-09-01 14:21:00+05:30,1011.25,1011.25,1011.0,1011.0,17
2026-09-01 14:22:00+05:30,1010.5,1010.5,1010.5,1010.5,3
2026-09-01 14:23:00+05:30,1011.4000244140624,1011.4000244140624,1011.4000244140624,1011.4000244140624,5
2026-09-01 14:24:00+05:30,1011.5499877929688,1011.5499877929688,1011.5499877929688,1011.5499877929688,10
2026-09-01 14:25:00+05:30,1011.7000122070312,1011.7000122070312,1010.9500122070312,1010.9500122070312,87
2026-09-01 14:26:00+05:30,1011.8499755859376,1012.5999755859376,1011.8499755859376,1012.5,65
2026-09-01 14:27:00+05:30,1012.5999755859376,1012.5999755859376,1011.75,1011.75,41
2026-09-01 14:28:00+05:30,1012.25,1012.25,1012.25,1012.25,4
2026-09-01 14:29:00+05:30,1013.0499877929688,1013.5,1013.0,1013.0,18
2026-09-01 14:30:00+05:30,1013.0,1013.4000244140624,1013.0,1013.4000244140624,88
2026-09-01 14:31:00+05:30,1012.9500122070312,1013.4000244140624,1012.6500244140624,1013.0,67
2026-09-01 14:32:00+05:30,1013.7000122070312,1014.0,1013.25,1013.4000244140624,140
2026-09-01 14:33:00+05:30,1013.7000122070312,1013.7000122070312,1013.5499877929688,1013.5499877929688,303
2026-09-01 14:34:00+05:30,1014.75,1014.75,1013.5,1013.5,60
2026-09-01 14:35:00+05:30,1013.5,1013.8499755859376,1013.5,1013.8499755859376,35
2026-09-01 14:36:00+05:30,1013.0,1013.0999755859376,1013.0,1013.0999755859376,50
2026-09-01 14:37:00+05:30,1012.0,1012.0,1012.0,1012.0,160
2026-09-01 14:38:00+05:30,1011.8499755859376,1012.0,1011.8499755859376,1012.0,130
2026-09-01 14:39:00+05:30,1012.0,1012.0,1011.2999877929688,1011.8499755859376,22
2026-09-01 14:40:00+05:30,1011.75,1011.7999877929688,1011.0999755859376,1011.0999755859376,151
2026-09-01 14:41:00+05:30,1011.9000244140624,1011.9000244140624,1011.0999755859376,1011.0999755859376,2
2026-09-01 14:42:00+05:30,1012.5,1012.5,1012.2000122070312,1012.2000122070312,15
2026-09-01 14:43:00+05:30,1011.9000244140624,1012.4500122070312,1011.9000244140624,1012.4500122070312,105
2026-09-01 14:44:00+05:30,1012.5499877929688,1012.5499877929688,1012.4500122070312,1012.4500122070312,7
2026-09-01 14:45:00+05:30,1013.5999755859376,1013.5999755859376,1012.0,1012.0,337
2026-09-01 14:46:00+05:30,1013.2999877929688,1013.5,1012.5999755859376,1012.9500122070312,93
2026-09-01 14:47:00+05:30,1014.3499755859376,1014.3499755859376,1013.5999755859376,1013.5999755859376,268
2026-09-01 14:48:00+05:30,1014.0999755859376,1014.5,1014.0999755859376,1014.5,30
2026-09-01 14:49:00+05:30,1013.9000244140624,1014.4500122070312,1013.9000244140624,1014.4500122070312,151
2026-09-01 14:50:00+05:30,1014.2000122070312,1014.5,1014.2000122070312,1014.5,141
2026-09-01 14:51:00+05:30,1015.0,1015.0,1014.5999755859376,1014.5999755859376,39
2026-09-01 14:52:00+05:30,1014.0999755859376,1014.5999755859376,1014.0999755859376,1014.5999755859376,103
2026-09-01 14:53:00+05:30,1013.7999877929688,1015.0,1013.7999877929688,1015.0,176
2026-09-01 14:54:00+05:30,1013.5999755859376,1013.5999755859376,1013.5999755859376,1013.5999755859376,18
2026-09-01 14:55:00+05:30,1015.0,1015.0,1014.4000244140624,1014.4500122070312,154
2026-09-01 14:56:00+05:30,1014.4500122070312,1015.0,1013.3499755859376,1015.0,153
2026-09-01 14:57:00+05:30,1013.75,1013.7999877929688,1013.5499877929688,1013.5499877929688,122
2026-09-01 14:58:00+05:30,1014.3499755859376,1014.3499755859376,1013.9000244140624,1013.9000244140624,67
2026-09-01 14:59:00+05:30,1015.0,1015.0,1014.3499755859376,1015.0,37
2026-09-01 15:00:00+05:30,1014.75,1015.0,1014.5499877929688,1015.0,409
2026-09-01 15:01:00+05:30,1015.9500122070312,1015.9500122070312,1015.1500244140624,1015.1500244140624,616
2026-09-01 15:02:00+05:30,1015.25,1015.8499755859376,1015.25,1015.25,9
2026-09-01 15:03:00+05:30,1015.0,1015.7000122070312,1014.25,1015.0999755859376,91
2026-09-01 15:04:00+05:30,1014.5499877929688,1015.4000244140624,1014.5499877929688,1014.5499877929688,123
2026-09-01 15:05:00+05:30,1014.9500122070312,1015.25,1014.9500122070312,1015.25,111
2026-09-01 15:06:00+05:30,1014.5,1014.8499755859376,1014.25,1014.8499755859376,162
2026-09-01 15:07:00+05:30,1013.25,1014.5,1012.9000244140624,1014.5,347
2026-09-01 15:08:00+05:30,1013.3499755859376,1013.3499755859376,1012.5,1012.8499755859376,241
2026-09-01 15:09:00+05:30,1013.0499877929688,1013.9500122070312,1011.9500122070312,1011.9500122070312,736
2026-09-01 15:10:00+05:30,1014.0,1014.2000122070312,1014.0,1014.2000122070312,26
2026-09-01 15:11:00+05:30,1012.3499755859376,1013.0,1012.3499755859376,1013.0,302
2026-09-01 15:12:00+05:30,1013.0,1015.0,1012.0,1012.5,220
2026-09-01 15:13:00+05:30,1014.6500244140624,1014.9000244140624,1014.6500244140624,1014.6500244140624,54
2026-09-01 15:14:00+05:30,1014.4000244140624,1014.4000244140624,1013.5999755859376,1013.5999755859376,268
2026-09-01 15:15:00+05:30,1014.4000244140624,1014.4000244140624,1014.4000244140624,1014.4000244140624,2
2026-09-01 15:28:00+05:30,1014.2999877929688,1014.2999877929688,1014.2999877929688,1014.2999877929688,141
2026-09-02 09:15:00+05:30,1006.9500122070312,1007.5999755859376,997.5499877929688,1004.0,4212
2026-09-02 09:16:00+05:30,1008.5999755859376,1008.5999755859376,1007.5499877929688,1008.25,482
2026-09-02 09:17:00+05:30,1008.7000122070312,1008.7000122070312,1008.0499877929688,1008.0499877929688,137
2026-09-02 09:18:00+05:30,1009.5,1009.9500122070312,1009.2000122070312,1009.9500122070312,10083
2026-09-02 09:19:00+05:30,1009.9000244140624,1010.0999755859376,1008.75,1009.8499755859376,408
2026-09-02 09:20:00+05:30,1010.0999755859376,1011.0,1010.0,1010.0,266
2026-09-02 09:21:00+05:30,1008.0,1011.2000122070312,1008.0,1011.0,84
2026-09-02 09:22:00+05:30,1006.25,1006.75,1006.25,1006.75,56
2026-09-02 09:23:00+05:30,1005.4500122070312,1005.4500122070312,1005.4000244140624,1005.4000244140624,69
2026-09-02 09:24:00+05:30,1004.0,1005.0,1004.0,1005.0,128
2026-09-02 09:25:00+05:30,1005.3499755859376,1005.9500122070312,1004.5499877929688,1004.7999877929688,235
2026-09-02 09:26:00+05:30,1006.4000244140624,1006.4000244140624,1005.0,1005.0,432
2026-09-02 09:27:00+05:30,1005.5,1006.2999877929688,1004.7999877929688,1006.2999877929688,63
2026-09-02 09:29:00+05:30,1005.2999877929688,1005.4000244140624,1005.2999877929688,1005.4000244140624,116
2026-09-02 09:30:00+05:30,1006.0,1006.2999877929688,1005.25,1005.5999755859376,87
2026-09-02 09:31:00+05:30,1005.5,1005.9500122070312,1005.0,1005.9500122070312,497
2026-09-02 09:32:00+05:30,1005.7000122070312,1005.7999877929688,1005.0,1005.0,190
2026-09-02 09:33:00+05:30,1006.2999877929688,1006.4000244140624,1006.0,1006.0,135
2026-09-02 09:34:00+05:30,1005.0999755859376,1007.0,1005.0,1006.75,851
2026-09-02 09:35:00+05:30,1005.5,1005.5,1005.5,1005.5,48
2026-09-02 09:36:00+05:30,1005.5999755859376,1005.9000244140624,1005.0,1005.5,431
2026-09-02 09:37:00+05:30,1005.9000244140624,1006.3499755859376,1005.1500244140624,1006.3499755859376,2154
2026-09-02 09:38:00+05:30,1005.7999877929688,1006.0999755859376,1005.5,1005.5999755859376,260
2026-09-02 09:39:00+05:30,1005.0,1005.0,1005.0,1005.0,161
2026-09-02 09:40:00+05:30,1005.9000244140624,1006.0,1005.2000122070312,1005.2000122070312,194
2026-09-02 09:41:00+05:30,1005.0,1006.0,1005.0,1006.0,1153
2026-09-02 09:42:00+05:30,1004.5,1005.2000122070312,1004.5,1005.1500244140624,126
2026-09-02 09:43:00+05:30,1005.0,1005.0999755859376,1004.5,1005.0999755859376,12
2026-09-02 09:44:00+05:30,1005.9000244140624,1006.2000122070312,1005.5499877929688,1006.2000122070312,107
2026-09-02 09:45:00+05:30,1005.9500122070312,1006.0,1005.5999755859376,1006.0,51
2026-09-02 09:46:00+05:30,1004.9000244140624,1005.5,1004.9000244140624,1005.5,132
2026-09-02 09:48:00+05:30,1004.75,1005.25,1004.75,1005.25,50
2026-09-02 09:49:00+05:30,1004.5,1005.0,1004.0499877929688,1004.5,182
2026-09-02 09:50:00+05:30,1004.0,1004.5999755859376,1003.9500122070312,1004.5,96
2026-09-02 09:51:00+05:30,1003.9500122070312,1004.75,1003.9000244140624,1004.75,98
2026-09-02 09:52:00+05:30,1003.9500122070312,1003.9500122070312,1003.9000244140624,1003.9000244140624,50
2026-09-02 09:53:00+05:30,1003.4500122070312,1003.4500122070312,1002.9000244140624,1003.0,669
2026-09-02 09:54:00+05:30,1003.9000244140624,1003.9000244140624,1003.9000244140624,1003.9000244140624,1
2026-09-02 09:55:00+05:30,1004.0,1004.2000122070312,1003.7000122070312,1004.0,564
2026-09-02 09:56:00+05:30,1005.3499755859376,1005.8499755859376,1005.3499755859376,1005.8499755859376,76
2026-09-02 09:57:00+05:30,1006.5,1006.5,1006.2999877929688,1006.2999877929688,67
2026-09-02 09:58:00+05:30,1006.0,1006.0,1006.0,1006.0,11
2026-09-02 09:59:00+05:30,1006.25,1006.25,1005.5499877929688,1005.7000122070312,55
2026-09-02 10:00:00+05:30,1005.2000122070312,1005.9500122070312,1005.2000122070312,1005.7000122070312,122
2026-09-02 10:02:00+05:30,1006.25,1006.5,1006.0,1006.5,35
2026-09-02 10:03:00+05:30,1005.5999755859376,1005.5999755859376,1005.5999755859376,1005.5999755859376,2
2026-09-02 10:04:00+05:30,1004.7999877929688,1005.25,1004.7999877929688,1005.25,1009
2026-09-02 10:06:00+05:30,1004.9000244140624,1005.5499877929688,1004.9000244140624,1005.5499877929688,15
2026-09-02 10:07:00+05:30,1006.4500122070312,1006.4500122070312,1004.9000244140624,1004.9000244140624,48
2026-09-02 10:08:00+05:30,1005.5999755859376,1007.2000122070312,1005.5999755859376,1007.2000122070312,84
2026-09-02 10:09:00+05:30,1005.3499755859376,1005.3499755859376,1004.7000122070312,1004.7999877929688,94
2026-09-02 10:10:00+05:30,1004.0,1004.5,1004.0,1004.5,97
2026-09-02 10:11:00+05:30,1003.5999755859376,1003.9500122070312,1002.75,1003.9500122070312,143
2026-09-02 10:13:00+05:30,1004.0499877929688,1004.0499877929688,1004.0499877929688,1004.0499877929688,9
2026-09-02 10:14:00+05:30,1004.4000244140624,1005.1500244140624,1004.4000244140624,1005.1500244140624,111
2026-09-02 10:15:00+05:30,1005.0,1005.0,1005.0,1005.0,40
2026-09-02 10:16:00+05:30,1004.5999755859376,1004.7000122070312,1004.5999755859376,1004.7000122070312,20
2026-09-02 10:18:00+05:30,1004.4000244140624,1004.4000244140624,1004.0,1004.0,25
2026-09-02 10:19:00+05:30,1003.7000122070312,1004.4000244140624,1003.7000122070312,1004.4000244140624,251
2026-09-02 10:20:00+05:30,1003.7000122070312,1003.7999877929688,1003.7000122070312,1003.7999877929688,22
2026-09-02 10:21:00+05:30,1004.6500244140624,1004.6500244140624,1004.6500244140624,1004.6500244140624,9
2026-09-02 10:22:00+05:30,1005.4500122070312,1005.5,1005.4500122070312,1005.5,5
2026-09-02 10:23:00+05:30,1005.75,1005.75,1005.75,1005.75,4
2026-09-02 10:24:00+05:30,1008.5,1008.5,1006.0,1006.0499877929688,288
2026-09-02 10:25:00+05:30,1006.5,1006.5,1006.5,1006.5,1
2026-09-02 10:26:00+05:30,1005.9000244140624,1006.2000122070312,1005.25,1006.0,50
2026-09-02 10:27:00+05:30,1005.75,1005.75,1005.75,1005.75,50
2026-09-02 10:28:00+05:30,1005.7000122070312,1005.7000122070312,1005.7000122070312,1005.7000122070312,35
2026-09-02 10:29:00+05:30,1005.5,1005.7999877929688,1005.5,1005.7999877929688,172
2026-09-02 10:30:00+05:30,1005.6500244140624,1005.7000122070312,1005.6500244140624,1005.7000122070312,25
2026-09-02 10:33:00+05:30,1006.3499755859376,1006.3499755859376,1005.5,1005.5,21
2026-09-02 10:34:00+05:30,1006.3499755859376,1006.3499755859376,1006.3499755859376,1006.3499755859376,2
2026-09-02 10:35:00+05:30,1006.3499755859376,1006.4000244140624,1006.3499755859376,1006.4000244140624,6
2026-09-02 10:36:00+05:30,1006.0,1006.0,1005.4500122070312,1005.4500122070312,150
2026-09-02 10:37:00+05:30,1007.4500122070312,1007.4500122070312,1007.4000244140624,1007.4000244140624,88
2026-09-02 10:39:00+05:30,1005.7999877929688,1005.7999877929688,1005.7999877929688,1005.7999877929688,1
2026-09-02 10:40:00+05:30,1006.6500244140624,1006.6500244140624,1006.6500244140624,1006.6500244140624,14
2026-09-02 10:41:00+05:30,1007.75,1007.75,1007.2000122070312,1007.2999877929688,88
2026-09-02 10:42:00+05:30,1006.4500122070312,1006.4500122070312,1006.4500122070312,1006.4500122070312,1
2026-09-02 10:44:00+05:30,1006.4500122070312,1006.4500122070312,1006.0499877929688,1006.0499877929688,72
2026-09-02 10:46:00+05:30,1006.4500122070312,1006.4500122070312,1006.4500122070312,1006.4500122070312,267
2026-09-02 10:47:00+05:30,1006.7000122070312,1006.7000122070312,1006.7000122070312,1006.7000122070312,4
2026-09-02 10:48:00+05:30,1009.0499877929688,1009.9500122070312,1006.9000244140624,1006.9000244140624,781
2026-09-02 10:49:00+05:30,1009.5499877929688,1009.5499877929688,1009.5499877929688,1009.5499877929688,2
2026-09-02 10:50:00+05:30,1009.0499877929688,1009.4500122070312,1009.0499877929688,1009.3499755859376,105
2026-09-02 10:51:00+05:30,1009.0999755859376,1009.0999755859376,1008.7999877929688,1008.7999877929688,5
2026-09-02 10:52:00+05:30,1007.0499877929688,1007.25,1006.0,1006.0,758
2026-09-02 10:53:00+05:30,1006.6500244140624,1006.9500122070312,1006.4000244140624,1006.9500122070312,194
2026-09-02 10:54:00+05:30,1007.1500244140624,1007.1500244140624,1007.1500244140624,1007.1500244140624,14
2026-09-02 10:55:00+05:30,1007.7999877929688,1007.7999877929688,1007.7999877929688,1007.7999877929688,2
2026-09-02 10:57:00+05:30,1009.0499877929688,1009.0499877929688,1007.4000244140624,1008.0,125
2026-09-02 10:58:00+05:30,1009.4000244140624,1009.4000244140624,1008.9000244140624,1008.9000244140624,141
2026-09-02 10:59:00+05:30,1009.0,1009.0,1009.0,1009.0,1
2026-09-02 11:00:00+05:30,1010.0,1010.0,1009.4000244140624,1009.4500122070312,12
2026-09-02 11:01:00+05:30,1010.0,1010.0,1010.0,1010.0,48
2026-09-02 11:04:00+05:30,1010.0,1010.5999755859376,1010.0,1010.5999755859376,181
2026-09-02 11:05:00+05:30,1010.2000122070312,1010.2000122070312,1010.0,1010.0,174
2026-09-02 11:07:00+05:30,1010.0,1010.0,1009.9000244140624,1009.9000244140624,965
2026-09-02 11:08:00+05:30,1009.4500122070312,1010.0,1009.0,1010.0,1741
2026-09-02 11:09:00+05:30,1006.9000244140624,1008.9000244140624,1006.9000244140624,1008.9000244140624,270
2026-09-02 11:10:00+05:30,1006.0,1006.8499755859376,1006.0,1006.5999755859376,344
2026-09-02 11:11:00+05:30,1005.7999877929688,1006.5,1005.7999877929688,1006.5,248
2026-09-02 11:12:00+05:30,1006.0,1006.0,1006.0,1006.0,5
2026-09-02 11:13:00+05:30,1006.0,1006.0,1006.0,1006.0,995
2026-09-02 11:17:00+05:30,1006.7999877929688,1006.7999877929688,1006.7999877929688,1006.7999877929688,100
2026-09-02 11:18:00+05:30,1006.25,1006.25,1006.25,1006.25,10
2026-09-02 11:19:00+05:30,1007.0499877929688,1007.0499877929688,1007.0499877929688,1007.0499877929688,1
2026-09-02 11:20:00+05:30,1007.9000244140624,1007.9000244140624,1007.9000244140624,1007.9000244140624,1
2026-09-02 11:21:00+05:30,1006.9500122070312,1006.9500122070312,1006.9500122070312,1006.9500122070312,173
2026-09-02 11:22:00+05:30,1005.4500122070312,1005.4500122070312,1005.0499877929688,1005.0499877929688,23
2026-09-02 11:23:00+05:30,1005.0,1005.5,1005.0,1005.5,231
2026-09-02 11:24:00+05:30,1005.4500122070312,1005.4500122070312,1005.4500122070312,1005.4500122070312,25
2026-09-02 11:26:00+05:30,1005.4500122070312,1005.4500122070312,1005.2999877929688,1005.2999877929688,60
2026-09-02 11:30:00+05:30,1006.2999877929688,1006.2999877929688,1006.2999877929688,1006.2999877929688,18
2026-09-02 11:31:00+05:30,1005.4500122070312,1006.0,1005.4500122070312,1005.7999877929688,49
2026-09-02 11:33:00+05:30,1005.75,1005.75,1005.75,1005.75,10
2026-09-02 11:34:00+05:30,1006.1500244140624,1006.1500244140624,1004.7999877929688,1004.7999877929688,47
2026-09-02 11:35:00+05:30,1004.2000122070312,1005.5999755859376,1004.0999755859376,1005.5999755859376,524
2026-09-02 11:36:00+05:30,1003.9000244140624,1004.5999755859376,1003.5,1004.5999755859376,26
2026-09-02 11:37:00+05:30,1003.0,1003.7999877929688,1003.0,1003.2000122070312,524
2026-09-02 11:40:00+05:30,1004.3499755859376,1004.3499755859376,1003.5,1003.5,42
2026-09-02 11:41:00+05:30,1004.0,1004.0,1004.0,1004.0,1
2026-09-02 11:42:00+05:30,1004.6500244140624,1004.6500244140624,1004.0,1004.0,102
2026-09-02 11:44:00+05:30,1005.1500244140624,1005.1500244140624,1005.1500244140624,1005.1500244140624,10
2026-09-02 11:45:00+05:30,1005.0999755859376,1005.0999755859376,1005.0999755859376,1005.0999755859376,5
2026-09-02 11:46:00+05:30,1005.5,1005.5,1005.4000244140624,1005.4000244140624,34
2026-09-02 11:47:00+05:30,1005.9500122070312,1005.9500122070312,1005.9500122070312,1005.9500122070312,6
2026-09-02 11:48:00+05:30,1005.5,1006.0,1005.5,1005.9500122070312,14
2026-09-02 11:49:00+05:30,1006.0,1006.0,1005.5499877929688,1005.5499877929688,28
2026-09-02 11:50:00+05:30,1006.4500122070312,1006.4500122070312,1005.8499755859376,1005.8499755859376,21
2026-09-02 11:51:00+05:30,1006.5,1006.5,1006.5,1006.5,4
2026-09-02 11:52:00+05:30,1006.4000244140624,1006.4000244140624,1006.0,1006.0,100
2026-09-02 11:53:00+05:30,1006.6500244140624,1006.6500244140624,1006.6500244140624,1006.6500244140624,100
2026-09-02 11:54:00+05:30,1006.2999877929688,1006.5,1006.2999877929688,1006.5,35
2026-09-02 11:55:00+05:30,1006.2999877929688,1006.2999877929688,1006.2999877929688,1006.2999877929688,12
2026-09-02 11:56:00+05:30,1006.7000122070312,1006.7000122070312,1006.2999877929688,1006.2999877929688,30
2026-09-02 11:57:00+05:30,1006.0999755859376,1006.0999755859376,1006.0999755859376,1006.0999755859376,20
2026-09-02 11:58:00+05:30,1006.0,1006.0,1006.0,1006.0,11
2026-09-02 12:01:00+05:30,1006.0,1006.0,1006.0,1006.0,8
2026-09-02 12:03:00+05:30,1006.0,1006.0,1006.0,1006.0,22
2026-09-02 12:07:00+05:30,1006.4000244140624,1006.4000244140624,1006.4000244140624,1006.4000244140624,50
2026-09-02 12:08:00+05:30,1006.0,1006.0,1006.0,1006.0,2
2026-09-02 12:11:00+05:30,1006.7000122070312,1006.7000122070312,1006.2000122070312,1006.2000122070312,50
2026-09-02 12:12:00+05:30,1007.0,1007.0,1007.0,1007.0,75
2026-09-02 12:13:00+05:30,1007.7999877929688,1007.7999877929688,1007.7999877929688,1007.7999877929688,10
2026-09-02 12:14:00+05:30,1008.4000244140624,1008.4000244140624,1008.0999755859376,1008.0999755859376,6
2026-09-02 12:15:00+05:30,1008.9500122070312,1008.9500122070312,1008.9500122070312,1008.9500122070312,61
2026-09-02 12:16:00+05:30,1007.9500122070312,1007.9500122070312,1007.9500122070312,1007.9500122070312,80
2026-09-02 12:18:00+05:30,1007.4000244140624,1008.5,1007.4000244140624,1008.5,28
2026-09-02 12:19:00+05:30,1007.5,1007.5,1007.5,1007.5,59
2026-09-02 12:20:00+05:30,1007.5,1007.5,1007.5,1007.5,1
2026-09-02 12:21:00+05:30,1007.0,1007.0,1007.0,1007.0,1
2026-09-02 12:23:00+05:30,1006.4500122070312,1006.4500122070312,1006.4500122070312,1006.4500122070312,1
2026-09-02 12:24:00+05:30,1006.4000244140624,1006.9500122070312,1006.4000244140624,1006.9500122070312,125
2026-09-02 12:25:00+05:30,1006.5,1006.5,1006.5,1006.5,15
2026-09-02 12:26:00+05:30,1006.0,1006.0,1006.0,1006.0,55
2026-09-02 12:27:00+05:30,1006.0,1006.0,1006.0,1006.0,80
2026-09-02 12:31:00+05:30,1006.2000122070312,1006.2000122070312,1006.2000122070312,1006.2000122070312,23
2026-09-02 12:32:00+05:30,1006.7000122070312,1006.7000122070312,1006.7000122070312,1006.7000122070312,9
2026-09-02 12:33:00+05:30,1006.7000122070312,1007.1500244140624,1006.7000122070312,1006.7000122070312,105
2026-09-02 12:34:00+05:30,1006.9000244140624,1007.0,1006.9000244140624,1007.0,9
2026-09-02 12:35:00+05:30,1006.5499877929688,1006.7000122070312,1006.5499877929688,1006.5499877929688,27
2026-09-02 12:36:00+05:30,1006.5,1006.5,1006.5,1006.5,17
2026-09-02 12:37:00+05:30,1006.5,1006.9000244140624,1006.5,1006.9000244140624,9
2026-09-02 12:38:00+05:30,1006.5,1006.5,1006.5,1006.5,328
2026-09-02 12:39:00+05:30,1006.5,1006.5,1006.5,1006.5,176
2026-09-02 12:40:00+05:30,1006.5,1006.9500122070312,1006.5,1006.5,99
2026-09-02 12:41:00+05:30,1006.5,1006.5,1006.5,1006.5,374
2026-09-02 12:42:00+05:30,1006.0,1006.0,1005.2999877929688,1005.2999877929688,3019
2026-09-02 12:44:00+05:30,1006.7000122070312,1006.7000122070312,1006.7000122070312,1006.7000122070312,25
2026-09-02 12:46:00+05:30,1006.0,1006.0,1006.0,1006.0,66
2026-09-02 12:49:00+05:30,1006.0999755859376,1006.7000122070312,1006.0999755859376,1006.7000122070312,57
2026-09-02 12:50:00+05:30,1007.5,1007.5,1007.5,1007.5,1
2026-09-02 12:51:00+05:30,1006.9500122070312,1007.4000244140624,1006.9500122070312,1007.4000244140624,6
2026-09-02 12:52:00+05:30,1007.0,1007.0,1007.0,1007.0,1
2026-09-02 12:53:00+05:30,1006.0999755859376,1006.0999755859376,1006.0999755859376,1006.0999755859376,5
2026-09-02 12:54:00+05:30,1006.0,1006.5,1006.0,1006.5,5
2026-09-02 12:55:00+05:30,1006.6500244140624,1006.6500244140624,1006.6500244140624,1006.6500244140624,80
2026-09-02 12:56:00+05:30,1006.7999877929688,1006.8499755859376,1006.7999877929688,1006.8499755859376,68
2026-09-02 12:57:00+05:30,1007.25,1007.25,1007.0,1007.0,170
2026-09-02 12:58:00+05:30,1007.5,1007.5,1007.0,1007.25,106
2026-09-02 13:01:00+05:30,1007.2000122070312,1007.2000122070312,1007.2000122070312,1007.2000122070312,16
2026-09-02 13:02:00+05:30,1007.25,1007.25,1007.2000122070312,1007.2000122070312,70
2026-09-02 13:04:00+05:30,1007.5499877929688,1007.5499877929688,1006.6500244140624,1006.6500244140624,200
2026-09-02 13:06:00+05:30,1007.25,1007.25,1007.25,1007.25,2
2026-09-02 13:08:00+05:30,1006.2000122070312,1006.6500244140624,1006.2000122070312,1006.6500244140624,75
2026-09-02 13:09:00+05:30,1006.0499877929688,1006.0499877929688,1006.0499877929688,1006.0499877929688,26
2026-09-02 13:15:00+05:30,1007.0,1007.0,1007.0,1007.0,10
2026-09-02 13:16:00+05:30,1007.0,1007.0,1006.25,1006.25,110
2026-09-02 13:17:00+05:30,1007.0,1007.0,1007.0,1007.0,1
2026-09-02 13:18:00+05:30,1006.9000244140624,1007.5,1006.9000244140624,1007.5,279
2026-09-02 13:19:00+05:30,1007.0,1007.0,1007.0,1007.0,5
2026-09-02 13:22:00+05:30,1006.4000244140624,1006.5499877929688,1006.0,1006.0,135
2026-09-02 13:25:00+05:30,1006.5499877929688,1006.5499877929688,1006.5499877929688,1006.5499877929688,4
2026-09-02 13:26:00+05:30,1007.5999755859376,1007.5999755859376,1007.5999755859376,1007.5999755859376,5
2026-09-02 13:28:00+05:30,1007.1500244140624,1007.1500244140624,1007.1500244140624,1007.1500244140624,330
2026-09-02 13:32:00+05:30,1006.7999877929688,1006.7999877929688,1006.7999877929688,1006.7999877929688,2
2026-09-02 13:33:00+05:30,1006.25,1006.25,1006.25,1006.25,108
2026-09-02 13:34:00+05:30,1006.8499755859376,1006.8499755859376,1006.8499755859376,1006.8499755859376,138
2026-09-02 13:35:00+05:30,1006.9500122070312,1006.9500122070312,1006.9500122070312,1006.9500122070312,39
2026-09-02 13:38:00+05:30,1007.2999877929688,1007.2999877929688,1007.2999877929688,1007.2999877929688,10
2026-09-02 13:40:00+05:30,1006.3499755859376,1006.3499755859376,1006.3499755859376,1006.3499755859376,2
2026-09-02 13:41:00+05:30,1006.5,1006.5,1006.5,1006.5,1
2026-09-02 13:44:00+05:30,1006.4500122070312,1006.4500122070312,1005.7999877929688,1005.7999877929688,26
2026-09-02 13:46:00+05:30,1006.6500244140624,1006.6500244140624,1006.6500244140624,1006.6500244140624,20
2026-09-02 13:47:00+05:30,1005.8499755859376,1005.8499755859376,1005.8499755859376,1005.8499755859376,10
2026-09-02 13:48:00+05:30,1006.4500122070312,1006.4500122070312,1006.4500122070312,1006.4500122070312,2
2026-09-02 13:49:00+05:30,1006.2999877929688,1006.4500122070312,1006.2999877929688,1006.4500122070312,9
2026-09-02 13:50:00+05:30,1005.0,1006.2999877929688,1005.0,1006.2999877929688,260
2026-09-02 13:51:00+05:30,1003.0,1004.0,1003.0,1004.0,331
2026-09-02 13:56:00+05:30,1004.0,1004.0,1004.0,1004.0,121
2026-09-02 13:58:00+05:30,1003.5,1003.5,1003.5,1003.5,11
2026-09-02 14:02:00+05:30,1003.5,1003.5,1003.5,1003.5,3
2026-09-02 14:03:00+05:30,1003.9000244140624,1003.9000244140624,1003.9000244140624,1003.9000244140624,1
2026-09-02 14:04:00+05:30,1003.5,1003.5,1003.5,1003.5,116
2026-09-02 14:05:00+05:30,1003.5,1003.5,1003.5,1003.5,105
2026-09-02 14:06:00+05:30,1005.0,1005.0,1003.6500244140624,1003.6500244140624,469
2026-09-02 14:07:00+05:30,1005.0,1005.0,1005.0,1005.0,690
2026-09-02 14:08:00+05:30,1004.7000122070312,1004.7000122070312,1004.7000122070312,1004.7000122070312,37
2026-09-02 14:09:00+05:30,1004.75,1004.75,1004.75,1004.75,20
2026-09-02 14:10:00+05:30,1004.75,1004.75,1004.0,1004.0,1018
2026-09-02 14:12:00+05:30,1004.75,1004.75,1004.75,1004.75,5
2026-09-02 14:15:00+05:30,1003.8499755859376,1003.8499755859376,1003.8499755859376,1003.8499755859376,16
2026-09-02 14:16:00+05:30,1004.0499877929688,1004.5,1004.0499877929688,1004.5,100
2026-09-02 14:18:00+05:30,1004.4500122070312,1004.4500122070312,1004.4500122070312,1004.4500122070312,5
2026-09-02 14:21:00+05:30,1004.3499755859376,1004.3499755859376,1003.9000244140624,1003.9000244140624,4
2026-09-02 14:22:00+05:30,1004.3499755859376,1004.3499755859376,1004.3499755859376,1004.3499755859376,3
2026-09-02 14:25:00+05:30,1004.2000122070312,1004.2000122070312,1004.2000122070312,1004.2000122070312,118
2026-09-02 14:26:00+05:30,1004.0,1004.2000122070312,1004.0,1004.2000122070312,51
2026-09-02 14:27:00+05:30,1004.2000122070312,1004.2000122070312,1004.2000122070312,1004.2000122070312,108
2026-09-02 14:29:00+05:30,1004.2000122070312,1004.7000122070312,1004.2000122070312,1004.7000122070312,7
2026-09-02 14:30:00+05:30,1004.7999877929688,1004.7999877929688,1004.7000122070312,1004.7000122070312,8
2026-09-02 14:31:00+05:30,1005.5999755859376,1005.5999755859376,1004.9500122070312,1004.9500122070312,30
2026-09-02 14:32:00+05:30,1006.0,1006.0,1005.5999755859376,1005.5999755859376,115
2026-09-02 14:33:00+05:30,1006.5999755859376,1006.5999755859376,1006.5999755859376,1006.5999755859376,2
2026-09-02 14:34:00+05:30,1006.2999877929688,1006.5999755859376,1006.0,1006.0,43
2026-09-02 14:36:00+05:30,1006.0,1006.0,1006.0,1006.0,170
2026-09-02 14:37:00+05:30,1005.25,1006.2999877929688,1005.25,1006.2999877929688,18
2026-09-02 14:38:00+05:30,1005.5,1005.5,1005.25,1005.25,24
2026-09-02 14:39:00+05:30,1005.25,1005.25,1005.25,1005.25,8
2026-09-02 14:40:00+05:30,1005.1500244140624,1005.1500244140624,1005.1500244140624,1005.1500244140624,3
2026-09-02 14:41:00+05:30,1005.0,1005.0,1005.0,1005.0,14
2026-09-02 14:42:00+05:30,1004.9000244140624,1004.9000244140624,1004.9000244140624,1004.9000244140624,20
2026-09-02 14:43:00+05:30,1004.7999877929688,1004.7999877929688,1004.7999877929688,1004.7999877929688,14
2026-09-02 14:44:00+05:30,1004.5,1004.7000122070312,1004.5,1004.7000122070312,245
2026-09-02 14:45:00+05:30,1003.5,1004.0,1003.5,1004.0,195
2026-09-02 14:47:00+05:30,1004.7000122070312,1004.7000122070312,1004.7000122070312,1004.7000122070312,14
2026-09-02 14:49:00+05:30,1005.2000122070312,1005.2000122070312,1004.7000122070312,1004.7000122070312,16
2026-09-02 14:50:00+05:30,1004.0,1005.0,1004.0,1005.0,35
2026-09-02 14:51:00+05:30,1004.2000122070312,1004.7000122070312,1004.2000122070312,1004.7000122070312,77
2026-09-02 14:52:00+05:30,1004.2000122070312,1004.2000122070312,1004.2000122070312,1004.2000122070312,1
2026-09-02 14:53:00+05:30,1004.5999755859376,1004.5999755859376,1004.2000122070312,1004.2000122070312,34
2026-09-02 14:54:00+05:30,1004.9500122070312,1004.9500122070312,1004.9500122070312,1004.9500122070312,1
2026-09-02 14:55:00+05:30,1003.75,1004.2000122070312,1003.0,1004.2000122070312,525
2026-09-02 14:57:00+05:30,1004.2000122070312,1004.25,1004.2000122070312,1004.25,112
2026-09-02 14:58:00+05:30,1004.2999877929688,1004.2999877929688,1003.5999755859376,1003.7999877929688,37
2026-09-02 14:59:00+05:30,1004.3499755859376,1004.3499755859376,1003.5999755859376,1004.0999755859376,145
2026-09-02 15:00:00+05:30,1004.0,1004.0,1003.5499877929688,1003.5499877929688,152
2026-09-02 15:01:00+05:30,1004.6500244140624,1004.9000244140624,1004.6500244140624,1004.9000244140624,41
2026-09-02 15:02:00+05:30,1004.5999755859376,1006.5,1004.5999755859376,1006.5,518
2026-09-02 15:03:00+05:30,1004.4000244140624,1004.5999755859376,1004.4000244140624,1004.5999755859376,180
2026-09-02 15:04:00+05:30,1004.7999877929688,1004.7999877929688,1004.2000122070312,1004.3499755859376,535
2026-09-02 15:05:00+05:30,1005.0,1005.0,1005.0,1005.0,552
2026-09-02 15:06:00+05:30,1004.0,1004.0,1004.0,1004.0,1
2026-09-02 15:07:00+05:30,1003.7999877929688,1004.1500244140624,1003.5999755859376,1003.7999877929688,365
2026-09-02 15:08:00+05:30,1005.0,1005.0,1004.0999755859376,1004.0999755859376,30
2026-09-02 15:09:00+05:30,1004.0999755859376,1004.7000122070312,1004.0999755859376,1004.7000122070312,99
2026-09-02 15:10:00+05:30,1004.0,1004.9000244140624,1004.0,1004.0499877929688,203
2026-09-02 15:11:00+05:30,1004.3499755859376,1004.9500122070312,1004.3499755859376,1004.7999877929688,43
2026-09-02 15:12:00+05:30,1004.0,1005.0,1004.0,1004.2999877929688,269
2026-09-02 15:13:00+05:30,1003.8499755859376,1003.8499755859376,1003.6500244140624,1003.6500244140624,11
2026-09-02 15:14:00+05:30,1004.8499755859376,1004.8499755859376,1004.8499755859376,1004.8499755859376,2
2026-09-02 15:28:00+05:30,1008.0,1008.0,1008.0,1008.0,646
2026-09-03 09:15:00+05:30,1011.7000122070312,1016.0,1011.0,1016.0,791
2026-09-03 09:16:00+05:30,1011.0,1013.5,1011.0,1011.4000244140624,1410
2026-09-03 09:17:00+05:30,1010.7000122070312,1011.5,1010.7000122070312,1011.2999877929688,260
2026-09-03 09:18:00+05:30,1011.0,1011.4000244140624,1010.4000244140624,1010.4000244140624,15
2026-09-03 09:19:00+05:30,1012.2999877929688,1012.2999877929688,1011.0999755859376,1011.2999877929688,685
2026-09-03 09:20:00+05:30,1011.7999877929688,1012.2000122070312,1011.2999877929688,1012.2000122070312,213
2026-09-03 09:21:00+05:30,1012.5999755859376,1012.5999755859376,1011.7999877929688,1011.7999877929688,120
2026-09-03 09:22:00+05:30,1011.0999755859376,1011.7000122070312,1011.0,1011.7000122070312,440
2026-09-03 09:23:00+05:30,1012.2000122070312,1012.2000122070312,1011.2000122070312,1011.2000122070312,134
2026-09-03 09:24:00+05:30,1012.7000122070312,1013.0999755859376,1012.5999755859376,1013.0999755859376,41
2026-09-03 09:25:00+05:30,1012.0,1013.0999755859376,1012.0,1013.0999755859376,121
2026-09-03 09:26:00+05:30,1013.7999877929688,1013.7999877929688,1012.2999877929688,1012.2999877929688,223
2026-09-03 09:27:00+05:30,1015.0999755859376,1015.0999755859376,1013.0999755859376,1013.0999755859376,241
2026-09-03 09:28:00+05:30,1014.5,1014.5,1014.0,1014.2999877929688,53
2026-09-03 09:29:00+05:30,1016.2000122070312,1016.2000122070312,1014.2999877929688,1014.7000122070312,594
2026-09-03 09:30:00+05:30,1019.9500122070312,1021.2999877929688,1016.4000244140624,1016.5999755859376,1625
2026-09-03 09:31:00+05:30,1020.0999755859376,1020.0999755859376,1019.0,1019.9000244140624,930
2026-09-03 09:32:00+05:30,1020.0,1020.9000244140624,1019.75,1020.2000122070312,1682
2026-09-03 09:33:00+05:30,1019.2999877929688,1020.0,1019.0,1020.0,237
2026-09-03 09:34:00+05:30,1021.25,1021.25,1019.4500122070312,1019.7000122070312,419
2026-09-03 09:35:00+05:30,1021.0,1022.0499877929688,1020.2000122070312,1020.7000122070312,1197
2026-09-03 09:37:00+05:30,1018.1500244140624,1019.0,1017.2999877929688,1019.0,367
2026-09-03 09:38:00+05:30,1017.0999755859376,1017.0999755859376,1016.25,1016.7999877929688,363
2026-09-03 09:39:00+05:30,1017.0,1017.2999877929688,1017.0,1017.2999877929688,400
2026-09-03 09:40:00+05:30,1017.0999755859376,1017.0999755859376,1016.0499877929688,1016.7000122070312,297
2026-09-03 09:41:00+05:30,1017.2999877929688,1017.2999877929688,1016.75,1017.2999877929688,143
2026-09-03 09:42:00+05:30,1017.6500244140624,1017.6500244140624,1017.4000244140624,1017.4000244140624,32
2026-09-03 09:43:00+05:30,1018.0,1018.0,1017.6500244140624,1017.6500244140624,627
2026-09-03 09:45:00+05:30,1016.0,1017.0,1015.7000122070312,1017.0,312
2026-09-03 09:47:00+05:30,1016.25,1016.4500122070312,1015.0499877929688,1015.0499877929688,782
2026-09-03 09:48:00+05:30,1016.0,1016.0,1016.0,1016.0,10
2026-09-03 09:49:00+05:30,1017.0,1017.0,1016.0,1016.0,470
2026-09-03 09:50:00+05:30,1016.4500122070312,1016.5,1016.4500122070312,1016.5,19
2026-09-03 09:51:00+05:30,1016.0,1016.0,1016.0,1016.0,104
2026-09-03 09:52:00+05:30,1016.5,1016.7000122070312,1015.5499877929688,1015.75,833
2026-09-03 09:54:00+05:30,1016.7000122070312,1016.7000122070312,1016.2999877929688,1016.2999877929688,45
2026-09-03 09:55:00+05:30,1016.25,1016.25,1016.25,1016.25,35
2026-09-03 09:57:00+05:30,1016.0,1016.0,1015.4500122070312,1015.4500122070312,6
2026-09-03 09:58:00+05:30,1015.4000244140624,1015.4000244140624,1015.4000244140624,1015.4000244140624,10
2026-09-03 09:59:00+05:30,1015.0,1015.0,1015.0,1015.0,10
2026-09-03 10:00:00+05:30,1014.7999877929688,1015.0,1014.7999877929688,1015.0,254
2026-09-03 10:01:00+05:30,1015.2000122070312,1015.2000122070312,1015.0999755859376,1015.0999755859376,230
2026-09-03 10:02:00+05:30,1015.5999755859376,1015.5999755859376,1015.2000122070312,1015.2000122070312,155
2026-09-03 10:03:00+05:30,1015.5999755859376,1015.5999755859376,1015.2000122070312,1015.2000122070312,11
2026-09-03 10:04:00+05:30,1016.0,1016.0,1015.5999755859376,1015.5999755859376,169
2026-09-03 10:05:00+05:30,1015.9000244140624,1015.9000244140624,1015.9000244140624,1015.9000244140624,3
2026-09-03 10:06:00+05:30,1016.25,1016.25,1015.4000244140624,1015.4000244140624,211
2026-09-03 10:07:00+05:30,1015.2000122070312,1016.0999755859376,1015.2000122070312,1016.0499877929688,270
2026-09-03 10:08:00+05:30,1015.0499877929688,1015.4500122070312,1015.0,1015.4500122070312,21
2026-09-03 10:09:00+05:30,1016.4000244140624,1016.4000244140624,1015.5,1015.5,158
2026-09-03 10:10:00+05:30,1015.8499755859376,1016.0,1015.8499755859376,1016.0,351
2026-09-03 10:11:00+05:30,1015.7000122070312,1015.75,1015.7000122070312,1015.75,12
2026-09-03 10:12:00+05:30,1015.4000244140624,1015.4000244140624,1015.4000244140624,1015.4000244140624,1
2026-09-03 10:13:00+05:30,1015.0,1015.0,1015.0,1015.0,10
2026-09-03 10:14:00+05:30,1014.5,1015.0,1014.5,1015.0,52
2026-09-03 10:15:00+05:30,1014.0,1014.5999755859376,1014.0,1014.5,22
2026-09-03 10:16:00+05:30,1014.0,1014.0,1014.0,1014.0,264
2026-09-03 10:17:00+05:30,1014.5,1014.5,1014.4000244140624,1014.4000244140624,13
2026-09-03 10:18:00+05:30,1014.7000122070312,1014.7000122070312,1014.0499877929688,1014.0499877929688,221
2026-09-03 10:19:00+05:30,1015.5,1015.5,1015.0,1015.0,155
2026-09-03 10:20:00+05:30,1015.4000244140624,1015.4000244140624,1014.75,1015.0,22
2026-09-03 10:22:00+05:30,1014.25,1014.7999877929688,1014.0999755859376,1014.0999755859376,3
2026-09-03 10:23:00+05:30,1014.75,1015.2000122070312,1014.75,1015.2000122070312,276
2026-09-03 10:25:00+05:30,1014.7999877929688,1014.7999877929688,1014.7999877929688,1014.7999877929688,2
2026-09-03 10:29:00+05:30,1013.7999877929688,1013.7999877929688,1013.7999877929688,1013.7999877929688,4
2026-09-03 10:30:00+05:30,1013.75,1013.75,1013.75,1013.75,5
2026-09-03 10:31:00+05:30,1013.7999877929688,1013.7999877929688,1013.2999877929688,1013.2999877929688,12
2026-09-03 10:32:00+05:30,1013.0,1013.25,1013.0,1013.0,251
2026-09-03 10:33:00+05:30,1012.2000122070312,1013.2000122070312,1012.2000122070312,1013.0,93
2026-09-03 10:34:00+05:30,1012.2999877929688,1012.3499755859376,1011.75,1012.0,91
2026-09-03 10:35:00+05:30,1012.5,1012.5,1010.9500122070312,1011.0,2909
2026-09-03 10:36:00+05:30,1012.0,1013.25,1012.0,1013.25,90
2026-09-03 10:37:00+05:30,1011.4000244140624,1012.0,1011.4000244140624,1012.0,52
2026-09-03 10:38:00+05:30,1011.7999877929688,1011.7999877929688,1011.7999877929688,1011.7999877929688,58
2026-09-03 10:41:00+05:30,1011.9500122070312,1012.0,1011.9500122070312,1012.0,11
2026-09-03 10:42:00+05:30,1011.5,1011.5,1011.5,1011.5,4
2026-09-03 10:43:00+05:30,1011.0999755859376,1011.5999755859376,1011.0999755859376,1011.5,27
2026-09-03 10:45:00+05:30,1010.5,1011.0,1010.5,1011.0,292
2026-09-03 10:46:00+05:30,1011.0,1011.0,1010.9500122070312,1010.9500122070312,2
2026-09-03 10:47:00+05:30,1010.5999755859376,1011.0,1010.5999755859376,1011.0,15
2026-09-03 10:48:00+05:30,1010.7999877929688,1010.7999877929688,1010.7999877929688,1010.7999877929688,22
2026-09-03 10:49:00+05:30,1010.5999755859376,1010.7000122070312,1010.5999755859376,1010.7000122070312,20
2026-09-03 10:50:00+05:30,1011.0,1011.0,1011.0,1011.0,92
2026-09-03 10:51:00+05:30,1010.25,1010.5,1009.25,1010.5,468
2026-09-03 10:52:00+05:30,1009.7000122070312,1009.7000122070312,1009.5,1009.5999755859376,155
2026-09-03 10:53:00+05:30,1009.5,1009.5,1009.0,1009.0,626
2026-09-03 10:54:00+05:30,1009.2999877929688,1009.4000244140624,1009.2999877929688,1009.4000244140624,9
2026-09-03 10:55:00+05:30,1009.5,1009.5,1009.2999877929688,1009.2999877929688,18
2026-09-03 10:56:00+05:30,1009.5,1009.5,1009.0499877929688,1009.4000244140624,398
2026-09-03 10:57:00+05:30,1010.0999755859376,1010.0999755859376,1009.7999877929688,1009.7999877929688,93
2026-09-03 10:58:00+05:30,1010.0999755859376,1010.0999755859376,1010.0999755859376,1010.0999755859376,2
2026-09-03 10:59:00+05:30,1009.6500244140624,1009.6500244140624,1009.4000244140624,1009.4000244140624,15
2026-09-03 11:00:00+05:30,1008.5,1008.7000122070312,1008.5,1008.7000122070312,48
2026-09-03 11:01:00+05:30,1006.75,1008.1500244140624,1006.75,1008.0,753
2026-09-03 11:02:00+05:30,1007.0999755859376,1007.7000122070312,1007.0999755859376,1007.0999755859376,1023
2026-09-03 11:03:00+05:30,1008.0,1008.0,1007.2999877929688,1007.9000244140624,144
2026-09-03 11:04:00+05:30,1008.2999877929688,1008.2999877929688,1008.0,1008.0,140
2026-09-03 11:05:00+05:30,1007.7000122070312,1007.7000122070312,1007.6500244140624,1007.6500244140624,107
2026-09-03 11:06:00+05:30,1008.0999755859376,1008.0999755859376,1007.7999877929688,1007.7999877929688,274
2026-09-03 11:07:00+05:30,1007.9000244140624,1007.9500122070312,1007.5,1007.9500122070312,145
2026-09-03 11:08:00+05:30,1008.0999755859376,1008.2000122070312,1008.0,1008.0,323
2026-09-03 11:09:00+05:30,1007.5,1007.5,1007.5,1007.5,6
2026-09-03 11:10:00+05:30,1008.0,1008.0,1007.6500244140624,1007.6500244140624,31
2026-09-03 11:12:00+05:30,1007.1500244140624,1007.25,1007.1500244140624,1007.25,16
2026-09-03 11:14:00+05:30,1007.9500122070312,1008.2000122070312,1007.7999877929688,1007.7999877929688,466
2026-09-03 11:16:00+05:30,1007.6500244140624,1007.7000122070312,1007.6500244140624,1007.7000122070312,50
2026-09-03 11:17:00+05:30,1007.7000122070312,1007.7000122070312,1007.7000122070312,1007.7000122070312,2
2026-09-03 11:19:00+05:30,1007.7999877929688,1007.7999877929688,1007.7000122070312,1007.7000122070312,181
2026-09-03 11:20:00+05:30,1008.4000244140624,1008.4000244140624,1008.4000244140624,1008.4000244140624,7
2026-09-03 11:21:00+05:30,1008.0,1008.0,1008.0,1008.0,1
2026-09-03 11:22:00+05:30,1008.4000244140624,1008.4000244140624,1008.4000244140624,1008.4000244140624,12
2026-09-03 11:23:00+05:30,1008.4000244140624,1008.6500244140624,1008.4000244140624,1008.4000244140624,77
2026-09-03 11:24:00+05:30,1008.0,1008.5,1008.0,1008.5,6
2026-09-03 11:25:00+05:30,1008.0,1008.0,1008.0,1008.0,7
2026-09-03 11:26:00+05:30,1008.0,1008.0,1008.0,1008.0,4
2026-09-03 11:27:00+05:30,1008.5,1008.5,1008.0999755859376,1008.0999755859376,26
2026-09-03 11:28:00+05:30,1008.0,1008.2000122070312,1008.0,1008.2000122070312,28
2026-09-03 11:29:00+05:30,1008.0,1008.0,1008.0,1008.0,7
2026-09-03 11:30:00+05:30,1007.9000244140624,1008.0,1007.9000244140624,1008.0,572
2026-09-03 11:31:00+05:30,1008.25,1008.25,1008.0,1008.2000122070312,27
2026-09-03 11:32:00+05:30,1008.2999877929688,1008.2999877929688,1008.2999877929688,1008.2999877929688,10
2026-09-03 11:34:00+05:30,1007.9500122070312,1007.9500122070312,1007.9000244140624,1007.9000244140624,11
2026-09-03 11:36:00+05:30,1008.2999877929688,1008.2999877929688,1008.2000122070312,1008.2000122070312,242
2026-09-03 11:37:00+05:30,1008.5999755859376,1008.5999755859376,1008.5999755859376,1008.5999755859376,1
2026-09-03 11:39:00+05:30,1008.7000122070312,1008.7000122070312,1008.5999755859376,1008.5999755859376,51
2026-09-03 11:40:00+05:30,1008.9000244140624,1008.9000244140624,1008.9000244140624,1008.9000244140624,1
2026-09-03 11:41:00+05:30,1009.0,1009.2000122070312,1008.7999877929688,1008.7999877929688,429
2026-09-03 11:42:00+05:30,1008.0499877929688,1008.7000122070312,1008.0499877929688,1008.5,112
2026-09-03 11:44:00+05:30,1008.0,1008.0,1008.0,1008.0,1
2026-09-03 11:45:00+05:30,1008.0,1008.0,1008.0,1008.0,139
2026-09-03 11:46:00+05:30,1007.9000244140624,1007.9000244140624,1007.9000244140624,1007.9000244140624,100
2026-09-03 11:48:00+05:30,1008.0,1008.0,1007.9000244140624,1007.9000244140624,7
2026-09-03 11:49:00+05:30,1007.7999877929688,1008.0,1007.7999877929688,1008.0,79
2026-09-03 11:51:00+05:30,1008.0,1008.5,1008.0,1008.5,150
2026-09-03 11:52:00+05:30,1008.5,1008.5,1008.0499877929688,1008.0499877929688,40
2026-09-03 11:53:00+05:30,1008.0,1008.0499877929688,1008.0,1008.0499877929688,12
2026-09-03 11:54:00+05:30,1008.4000244140624,1008.4000244140624,1008.4000244140624,1008.4000244140624,2
2026-09-03 11:55:00+05:30,1008.0,1008.0499877929688,1008.0,1008.0499877929688,20
2026-09-03 11:56:00+05:30,1008.0,1008.0,1008.0,1008.0,13
2026-09-03 11:57:00+05:30,1008.0,1008.2999877929688,1008.0,1008.2999877929688,21
2026-09-03 11:59:00+05:30,1007.75,1008.0,1007.75,1008.0,172
2026-09-03 12:00:00+05:30,1008.4000244140624,1008.4000244140624,1008.0,1008.0,165
2026-09-03 12:01:00+05:30,1008.7999877929688,1008.7999877929688,1008.5,1008.5,2
2026-09-03 12:02:00+05:30,1009.1500244140624,1009.2000122070312,1008.5,1008.5999755859376,276
2026-09-03 12:03:00+05:30,1008.7000122070312,1008.7000122070312,1008.7000122070312,1008.7000122070312,3
2026-09-03 12:04:00+05:30,1008.7999877929688,1008.7999877929688,1008.7000122070312,1008.7000122070312,75
2026-09-03 12:05:00+05:30,1009.0,1009.0,1008.7999877929688,1008.7999877929688,153
2026-09-03 12:06:00+05:30,1008.1500244140624,1009.0,1008.1500244140624,1008.7000122070312,9
2026-09-03 12:08:00+05:30,1007.75,1008.0999755859376,1007.75,1008.0999755859376,822
2026-09-03 12:09:00+05:30,1008.25,1008.25,1008.25,1008.25,9
2026-09-03 12:10:00+05:30,1007.8499755859376,1007.8499755859376,1007.3499755859376,1007.3499755859376,11
2026-09-03 12:11:00+05:30,1007.5499877929688,1007.9000244140624,1007.5499877929688,1007.9000244140624,2
2026-09-03 12:12:00+05:30,1007.9000244140624,1008.0499877929688,1007.2999877929688,1007.2999877929688,901
2026-09-03 12:13:00+05:30,1009.5999755859376,1009.5999755859376,1008.9000244140624,1008.9000244140624,122
2026-09-03 12:14:00+05:30,1008.7999877929688,1010.4000244140624,1008.7000122070312,1009.5999755859376,1101
2026-09-03 12:15:00+05:30,1007.5999755859376,1007.5999755859376,1007.0999755859376,1007.5,538
2026-09-03 12:16:00+05:30,1006.2000122070312,1007.5999755859376,1006.2000122070312,1007.5999755859376,1003
2026-09-03 12:17:00+05:30,1006.5999755859376,1006.5999755859376,1006.2000122070312,1006.2000122070312,28
2026-09-03 12:18:00+05:30,1006.3499755859376,1006.3499755859376,1005.4500122070312,1006.0,67
2026-09-03 12:19:00+05:30,1006.2999877929688,1006.2999877929688,1006.2999877929688,1006.2999877929688,15
2026-09-03 12:20:00+05:30,1005.9000244140624,1006.2999877929688,1005.9000244140624,1006.2999877929688,9
2026-09-03 12:21:00+05:30,1006.2999877929688,1006.2999877929688,1006.0,1006.2999877929688,4
2026-09-03 12:22:00+05:30,1006.2999877929688,1006.2999877929688,1006.2999877929688,1006.2999877929688,1
2026-09-03 12:23:00+05:30,1006.2999877929688,1006.2999877929688,1006.2999877929688,1006.2999877929688,4
2026-09-03 12:24:00+05:30,1006.2999877929688,1006.2999877929688,1006.2999877929688,1006.2999877929688,22
2026-09-03 12:25:00+05:30,1005.2999877929688,1006.2000122070312,1005.2999877929688,1006.2000122070312,26
2026-09-03 12:26:00+05:30,1005.5999755859376,1005.5999755859376,1005.2000122070312,1005.5999755859376,31
2026-09-03 12:27:00+05:30,1005.7000122070312,1005.7000122070312,1005.5999755859376,1005.5999755859376,302
2026-09-03 12:29:00+05:30,1005.5,1005.5,1005.5,1005.5,22
2026-09-03 12:30:00+05:30,1005.2999877929688,1005.7000122070312,1005.2999877929688,1005.7000122070312,169
2026-09-03 12:31:00+05:30,1005.2000122070312,1005.9500122070312,1005.2000122070312,1005.2000122070312,188
2026-09-03 12:32:00+05:30,1004.75,1005.2000122070312,1004.75,1005.2000122070312,334
2026-09-03 12:33:00+05:30,1004.75,1004.75,1004.75,1004.75,4
2026-09-03 12:34:00+05:30,1005.7000122070312,1005.7000122070312,1004.8499755859376,1005.0,780
2026-09-03 12:35:00+05:30,1005.4000244140624,1005.4000244140624,1004.7999877929688,1004.7999877929688,32
2026-09-03 12:36:00+05:30,1004.75,1005.0,1004.75,1005.0,53
2026-09-03 12:39:00+05:30,1005.0,1005.0,1004.5999755859376,1004.5999755859376,19
2026-09-03 12:40:00+05:30,1005.0,1005.0,1005.0,1005.0,1
2026-09-03 12:41:00+05:30,1004.7000122070312,1005.0,1004.7000122070312,1005.0,15
2026-09-03 12:42:00+05:30,1004.75,1004.75,1004.75,1004.75,56
2026-09-03 12:43:00+05:30,1004.75,1004.75,1004.75,1004.75,57
2026-09-03 12:45:00+05:30,1004.5,1004.75,1004.5,1004.75,29
2026-09-03 12:46:00+05:30,1004.7999877929688,1004.7999877929688,1004.7999877929688,1004.7999877929688,1
2026-09-03 12:47:00+05:30,1004.5,1004.5,1003.9000244140624,1004.5,249
2026-09-03 12:48:00+05:30,1003.9000244140624,1004.2999877929688,1003.7999877929688,1003.9500122070312,225
2026-09-03 12:49:00+05:30,1004.0999755859376,1004.0999755859376,1003.9500122070312,1003.9500122070312,2
2026-09-03 12:50:00+05:30,1004.0,1004.0999755859376,1004.0,1004.0999755859376,35
2026-09-03 12:51:00+05:30,1004.0,1004.0,1004.0,1004.0,33
2026-09-03 12:52:00+05:30,1004.5999755859376,1004.5999755859376,1004.0,1004.0,347
2026-09-03 12:53:00+05:30,1004.7000122070312,1004.7000122070312,1003.9000244140624,1003.9000244140624,8
2026-09-03 12:54:00+05:30,1004.7000122070312,1004.7000122070312,1004.7000122070312,1004.7000122070312,6
2026-09-03 12:55:00+05:30,1004.75,1004.7999877929688,1004.7000122070312,1004.7000122070312,52
2026-09-03 12:58:00+05:30,1004.5,1004.5,1004.4500122070312,1004.4500122070312,23
2026-09-03 13:00:00+05:30,1003.9000244140624,1004.0,1003.9000244140624,1004.0,34
2026-09-03 13:01:00+05:30,1003.5999755859376,1003.5999755859376,1003.5999755859376,1003.5999755859376,71
2026-09-03 13:02:00+05:30,1003.0,1003.0,1003.0,1003.0,25
2026-09-03 13:03:00+05:30,1003.4000244140624,1003.4000244140624,1003.4000244140624,1003.4000244140624,1
2026-09-03 13:05:00+05:30,1003.5999755859376,1003.5999755859376,1003.2999877929688,1003.2999877929688,279
2026-09-03 13:06:00+05:30,1003.5999755859376,1003.5999755859376,1003.5999755859376,1003.5999755859376,5
2026-09-03 13:07:00+05:30,1004.0,1004.0,1003.5,1003.7000122070312,225
2026-09-03 13:08:00+05:30,1004.0499877929688,1004.0499877929688,1004.0,1004.0,6
2026-09-03 13:09:00+05:30,1004.0,1004.0,1004.0,1004.0,12
2026-09-03 13:10:00+05:30,1004.0,1004.0,1003.9000244140624,1003.9000244140624,56
2026-09-03 13:11:00+05:30,1004.2000122070312,1004.2000122070312,1004.0999755859376,1004.0999755859376,28
2026-09-03 13:12:00+05:30,1004.5999755859376,1004.5999755859376,1004.2000122070312,1004.2000122070312,3
2026-09-03 13:13:00+05:30,1004.6500244140624,1004.6500244140624,1004.0,1004.5999755859376,100
2026-09-03 13:14:00+05:30,1004.25,1004.5,1004.25,1004.5,20
2026-09-03 13:15:00+05:30,1004.2999877929688,1004.5,1004.2999877929688,1004.5,40
2026-09-03 13:18:00+05:30,1003.75,1004.2999877929688,1003.75,1004.2999877929688,38
2026-09-03 13:19:00+05:30,1004.0999755859376,1004.0999755859376,1004.0999755859376,1004.0999755859376,40
2026-09-03 13:21:00+05:30,1004.0999755859376,1004.0999755859376,1004.0999755859376,1004.0999755859376,1
2026-09-03 13:22:00+05:30,1003.5,1003.9000244140624,1003.5,1003.9000244140624,137
2026-09-03 13:24:00+05:30,1003.0,1003.0,1003.0,1003.0,10
2026-09-03 13:25:00+05:30,1002.0999755859376,1003.0,1002.0999755859376,1003.0,134
2026-09-03 13:26:00+05:30,1002.5999755859376,1002.5999755859376,1002.5999755859376,1002.5999755859376,31
2026-09-03 13:27:00+05:30,1002.7000122070312,1002.7000122070312,1002.5999755859376,1002.5999755859376,382
2026-09-03 13:28:00+05:30,1002.7999877929688,1002.7999877929688,1002.4500122070312,1002.4500122070312,147
2026-09-03 13:29:00+05:30,1002.5999755859376,1002.9000244140624,1002.5999755859376,1002.9000244140624,12
2026-09-03 13:30:00+05:30,1003.2999877929688,1003.2999877929688,1003.25,1003.25,3
2026-09-03 13:31:00+05:30,1003.9500122070312,1003.9500122070312,1003.4000244140624,1003.4000244140624,112
2026-09-03 13:32:00+05:30,1003.7000122070312,1003.7000122070312,1003.0499877929688,1003.0499877929688,46
2026-09-03 13:33:00+05:30,1005.0,1005.0,1003.4500122070312,1003.4500122070312,134
2026-09-03 13:34:00+05:30,1005.4000244140624,1005.4000244140624,1004.7999877929688,1005.2999877929688,20
2026-09-03 13:35:00+05:30,1005.5,1005.5,1005.4000244140624,1005.4000244140624,19
2026-09-03 13:36:00+05:30,1005.5,1005.5999755859376,1005.0999755859376,1005.5999755859376,12
2026-09-03 13:37:00+05:30,1005.0,1005.5,1005.0,1005.5,96
2026-09-03 13:38:00+05:30,1005.4000244140624,1005.4000244140624,1005.4000244140624,1005.4000244140624,1
2026-09-03 13:39:00+05:30,1004.5999755859376,1005.0,1004.5999755859376,1005.0,101
2026-09-03 13:40:00+05:30,1004.0999755859376,1004.5,1004.0999755859376,1004.5,3
2026-09-03 13:41:00+05:30,1004.5,1004.5,1004.0499877929688,1004.4500122070312,110
2026-09-03 13:42:00+05:30,1003.9000244140624,1003.9000244140624,1003.9000244140624,1003.9000244140624,115
2026-09-03 13:43:00+05:30,1004.5,1004.5,1004.5,1004.5,25
2026-09-03 13:46:00+05:30,1004.3499755859376,1004.3499755859376,1004.3499755859376,1004.3499755859376,1
2026-09-03 13:47:00+05:30,1004.4000244140624,1004.4000244140624,1004.3499755859376,1004.3499755859376,101
2026-09-03 13:49:00+05:30,1004.4000244140624,1004.4000244140624,1004.4000244140624,1004.4000244140624,22
2026-09-03 13:50:00+05:30,1004.7999877929688,1004.7999877929688,1004.4000244140624,1004.4000244140624,69
2026-09-03 13:51:00+05:30,1004.7999877929688,1004.7999877929688,1004.7999877929688,1004.7999877929688,4
2026-09-03 13:52:00+05:30,1004.7000122070312,1004.7000122070312,1004.7000122070312,1004.7000122070312,7
2026-09-03 13:53:00+05:30,1003.7000122070312,1004.5499877929688,1003.7000122070312,1004.5499877929688,11
2026-09-03 13:54:00+05:30,1004.4000244140624,1004.4000244140624,1004.4000244140624,1004.4000244140624,10
2026-09-03 13:55:00+05:30,1003.7999877929688,1004.2999877929688,1003.7999877929688,1004.25,3
2026-09-03 13:56:00+05:30,1004.4000244140624,1004.4000244140624,1004.4000244140624,1004.4000244140624,12
2026-09-03 13:57:00+05:30,1004.7999877929688,1004.7999877929688,1004.7999877929688,1004.7999877929688,3
2026-09-03 13:58:00+05:30,1004.7999877929688,1004.7999877929688,1004.7999877929688,1004.7999877929688,3
2026-09-03 13:59:00+05:30,1004.8499755859376,1005.3499755859376,1004.8499755859376,1004.9000244140624,91
2026-09-03 14:00:00+05:30,1004.9000244140624,1004.9000244140624,1004.8499755859376,1004.8499755859376,3
2026-09-03 14:01:00+05:30,1004.1500244140624,1004.1500244140624,1004.1500244140624,1004.1500244140624,5
2026-09-03 14:02:00+05:30,1003.9000244140624,1004.1500244140624,1003.9000244140624,1004.1500244140624,6
2026-09-03 14:03:00+05:30,1003.9000244140624,1003.9000244140624,1003.3499755859376,1003.3499755859376,210
2026-09-03 14:04:00+05:30,1003.9000244140624,1003.9000244140624,1003.9000244140624,1003.9000244140624,1
2026-09-03 14:05:00+05:30,1004.0999755859376,1004.0999755859376,1003.9000244140624,1003.9000244140624,126
2026-09-03 14:06:00+05:30,1004.4500122070312,1004.4500122070312,1004.0999755859376,1004.0999755859376,82
2026-09-03 14:08:00+05:30,1003.7999877929688,1004.2000122070312,1003.7999877929688,1004.1500244140624,27
2026-09-03 14:09:00+05:30,1004.2000122070312,1004.2000122070312,1004.2000122070312,1004.2000122070312,1
2026-09-03 14:10:00+05:30,1004.2000122070312,1004.2000122070312,1004.2000122070312,1004.2000122070312,2
2026-09-03 14:11:00+05:30,1005.0,1005.0,1004.2000122070312,1004.2000122070312,1964
2026-09-03 14:12:00+05:30,1004.9500122070312,1004.9500122070312,1004.9500122070312,1004.9500122070312,1
2026-09-03 14:13:00+05:30,1005.0999755859376,1005.0999755859376,1005.0,1005.0,251
2026-09-03 14:15:00+05:30,1004.5,1004.5,1004.5,1004.5,20
2026-09-03 14:17:00+05:30,1004.0999755859376,1004.0999755859376,1004.0999755859376,1004.0999755859376,163
2026-09-03 14:18:00+05:30,1004.5,1004.5,1004.5,1004.5,21
2026-09-03 14:19:00+05:30,1004.5,1004.5,1004.5,1004.5,7
2026-09-03 14:20:00+05:30,1005.1500244140624,1005.5999755859376,1004.5,1004.5,330
2026-09-03 14:21:00+05:30,1005.0,1005.2000122070312,1005.0,1005.2000122070312,842
2026-09-03 14:22:00+05:30,1004.5499877929688,1005.0,1004.5499877929688,1005.0,1497
2026-09-03 14:23:00+05:30,1004.7999877929688,1004.7999877929688,1004.7999877929688,1004.7999877929688,2
2026-09-03 14:25:00+05:30,1004.5499877929688,1005.0,1004.5,1004.5,1002
2026-09-03 14:26:00+05:30,1005.0,1005.0,1005.0,1005.0,1
2026-09-03 14:27:00+05:30,1005.0999755859376,1005.0999755859376,1005.0999755859376,1005.0999755859376,2
2026-09-03 14:28:00+05:30,1005.0999755859376,1005.0999755859376,1004.7999877929688,1005.0999755859376,129
2026-09-03 14:29:00+05:30,1004.8499755859376,1005.5999755859376,1004.8499755859376,1005.0999755859376,549
2026-09-03 14:30:00+05:30,1005.2999877929688,1005.2999877929688,1004.8499755859376,1004.8499755859376,51
2026-09-03 14:31:00+05:30,1005.2000122070312,1005.2000122070312,1005.0,1005.0,131
2026-09-03 14:32:00+05:30,1004.5999755859376,1004.8499755859376,1004.5999755859376,1004.7999877929688,121
2026-09-03 14:33:00+05:30,1004.7000122070312,1004.7000122070312,1004.5999755859376,1004.5999755859376,12
2026-09-03 14:36:00+05:30,1003.9500122070312,1004.0,1003.9500122070312,1004.0,212
2026-09-03 14:37:00+05:30,1004.2000122070312,1004.2000122070312,1004.0499877929688,1004.0999755859376,231
2026-09-03 14:38:00+05:30,1004.5,1004.5,1004.5,1004.5,1
2026-09-03 14:39:00+05:30,1004.9500122070312,1005.5,1004.9500122070312,1005.5,357
2026-09-03 14:40:00+05:30,1004.7999877929688,1004.7999877929688,1004.7999877929688,1004.7999877929688,94
2026-09-03 14:41:00+05:30,1004.9000244140624,1004.9000244140624,1004.9000244140624,1004.9000244140624,26
2026-09-03 14:42:00+05:30,1004.9000244140624,1005.0999755859376,1004.9000244140624,1005.0999755859376,340
2026-09-03 14:43:00+05:30,1004.9000244140624,1004.9000244140624,1004.9000244140624,1004.9000244140624,1
2026-09-03 14:44:00+05:30,1005.0,1005.0,1004.9000244140624,1004.9000244140624,5
2026-09-03 14:45:00+05:30,1005.7000122070312,1005.7000122070312,1005.0,1005.0,157
2026-09-03 14:46:00+05:30,1005.7000122070312,1005.7000122070312,1005.7000122070312,1005.7000122070312,1
2026-09-03 14:48:00+05:30,1005.1500244140624,1005.7000122070312,1005.1500244140624,1005.25,145
2026-09-03 14:49:00+05:30,1005.5499877929688,1005.5499877929688,1005.5499877929688,1005.5499877929688,4
2026-09-03 14:50:00+05:30,1005.4000244140624,1005.4000244140624,1005.4000244140624,1005.4000244140624,18
2026-09-03 14:51:00+05:30,1005.1500244140624,1005.9500122070312,1005.1500244140624,1005.9000244140624,91
2026-09-03 14:52:00+05:30,1005.5499877929688,1005.9000244140624,1005.5499877929688,1005.9000244140624,14
2026-09-03 14:53:00+05:30,1005.6500244140624,1005.9000244140624,1005.6500244140624,1005.9000244140624,5
2026-09-03 14:54:00+05:30,1005.4500122070312,1005.7000122070312,1005.4500122070312,1005.7000122070312,6
2026-09-03 14:55:00+05:30,1006.25,1006.25,1005.4500122070312,1005.5499877929688,588
2026-09-03 14:56:00+05:30,1006.2000122070312,1006.2000122070312,1006.2000122070312,1006.2000122070312,7
2026-09-03 14:57:00+05:30,1006.2999877929688,1006.2999877929688,1006.0999755859376,1006.2999877929688,55
2026-09-03 14:58:00+05:30,1005.7000122070312,1005.9500122070312,1005.7000122070312,1005.9500122070312,4
2026-09-03 14:59:00+05:30,1006.0999755859376,1006.0999755859376,1005.7000122070312,1005.7000122070312,68
2026-09-03 15:00:00+05:30,1005.75,1006.0999755859376,1005.6500244140624,1005.6500244140624,13
2026-09-03 15:01:00+05:30,1005.5,1005.7999877929688,1005.5,1005.7999877929688,6
2026-09-03 15:02:00+05:30,1005.7000122070312,1005.7000122070312,1005.5,1005.5,31
2026-09-03 15:04:00+05:30,1005.4000244140624,1005.5999755859376,1005.2000122070312,1005.25,481
2026-09-03 15:05:00+05:30,1005.0,1005.0,1005.0,1005.0,433
2026-09-03 15:06:00+05:30,1004.3499755859376,1004.9000244140624,1004.3499755859376,1004.9000244140624,124
2026-09-03 15:07:00+05:30,1005.2999877929688,1005.2999877929688,1004.9000244140624,1004.9000244140624,352
2026-09-03 15:08:00+05:30,1005.3499755859376,1005.9000244140624,1004.9500122070312,1005.2000122070312,1078
2026-09-03 15:09:00+05:30,1005.7000122070312,1005.7000122070312,1005.2000122070312,1005.2000122070312,295
2026-09-03 15:10:00+05:30,1004.5999755859376,1006.0999755859376,1004.5999755859376,1006.0999755859376,237
2026-09-03 15:11:00+05:30,1005.9000244140624,1006.6500244140624,1005.4500122070312,1006.6500244140624,408
2026-09-03 15:12:00+05:30,1006.0,1006.2000122070312,1006.0,1006.2000122070312,59
2026-09-03 15:13:00+05:30,1008.0,1008.0,1005.9500122070312,1005.9500122070312,745
2026-09-03 15:14:00+05:30,1008.5999755859376,1008.5999755859376,1007.9000244140624,1007.9000244140624,256
2026-09-03 15:28:00+05:30,1016.0,1016.0,1016.0,1016.0,472
2026-09-04 09:15:00+05:30,1009.0,1016.1500244140624,1009.0,1015.0,1127
2026-09-04 09:16:00+05:30,1008.9000244140624,1009.6500244140624,1008.9000244140624,1009.0,475
2026-09-04 09:17:00+05:30,1006.7999877929688,1007.7000122070312,1006.0,1007.5,429
2026-09-04 09:18:00+05:30,1007.25,1007.2999877929688,1007.0,1007.0,93
2026-09-04 09:19:00+05:30,1007.75,1007.9500122070312,1007.0,1007.0,389
2026-09-04 09:20:00+05:30,1008.0,1009.25,1007.75,1007.75,32
2026-09-04 09:21:00+05:30,1009.0,1009.0,1008.25,1008.25,7
2026-09-04 09:22:00+05:30,1007.9000244140624,1008.75,1007.9000244140624,1008.7000122070312,269
2026-09-04 09:23:00+05:30,1009.0,1009.2999877929688,1008.0,1008.7999877929688,302
2026-09-04 09:24:00+05:30,1009.0499877929688,1009.7000122070312,1008.9000244140624,1008.9000244140624,57
2026-09-04 09:25:00+05:30,1008.0,1009.0999755859376,1008.0,1008.2000122070312,71
2026-09-04 09:26:00+05:30,1007.0999755859376,1008.0,1007.0999755859376,1007.7000122070312,502
2026-09-04 09:27:00+05:30,1007.4500122070312,1008.0999755859376,1007.2999877929688,1007.2999877929688,51
2026-09-04 09:28:00+05:30,1007.5999755859376,1007.7000122070312,1006.8499755859376,1007.5999755859376,330
2026-09-04 09:29:00+05:30,1007.5,1007.5,1006.5,1006.5,6320
2026-09-04 09:30:00+05:30,1007.5499877929688,1007.5499877929688,1006.5,1006.5,301
2026-09-04 09:31:00+05:30,1008.2000122070312,1008.2000122070312,1008.0,1008.0,31
2026-09-04 09:32:00+05:30,1008.0,1008.2000122070312,1008.0,1008.2000122070312,2
2026-09-04 09:33:00+05:30,1007.9500122070312,1007.9500122070312,1007.9500122070312,1007.9500122070312,10
2026-09-04 09:34:00+05:30,1008.5999755859376,1008.5999755859376,1007.7999877929688,1007.7999877929688,18
2026-09-04 09:35:00+05:30,1008.9500122070312,1008.9500122070312,1007.7000122070312,1008.7000122070312,41
2026-09-04 09:36:00+05:30,1008.2999877929688,1009.5,1008.2999877929688,1008.4000244140624,1124
2026-09-04 09:37:00+05:30,1009.0,1009.2000122070312,1008.3499755859376,1008.3499755859376,19
2026-09-04 09:38:00+05:30,1008.5499877929688,1009.2000122070312,1008.5499877929688,1009.2000122070312,12
2026-09-04 09:39:00+05:30,1008.2999877929688,1009.1500244140624,1008.2999877929688,1009.0,276
2026-09-04 09:41:00+05:30,1008.4500122070312,1010.0,1008.4500122070312,1010.0,107
2026-09-04 09:42:00+05:30,1008.7999877929688,1009.25,1008.3499755859376,1009.25,198
2026-09-04 09:43:00+05:30,1008.7999877929688,1008.7999877929688,1008.7999877929688,1008.7999877929688,59
2026-09-04 09:44:00+05:30,1009.7999877929688,1009.7999877929688,1008.7999877929688,1008.7999877929688,353
2026-09-04 09:45:00+05:30,1009.25,1009.7999877929688,1009.0499877929688,1009.0499877929688,84
2026-09-04 09:46:00+05:30,1009.2000122070312,1009.7999877929688,1009.2000122070312,1009.7999877929688,9
2026-09-04 09:47:00+05:30,1010.0,1010.0,1009.25,1009.25,164
2026-09-04 09:48:00+05:30,1009.75,1010.2999877929688,1009.6500244140624,1010.2999877929688,79
2026-09-04 09:49:00+05:30,1009.5,1009.5,1008.7999877929688,1009.0,180
2026-09-04 09:50:00+05:30,1009.0499877929688,1009.5,1008.8499755859376,1008.8499755859376,10
2026-09-04 09:51:00+05:30,1009.6500244140624,1009.6500244140624,1009.0,1009.0,35
2026-09-04 09:52:00+05:30,1009.5499877929688,1009.5999755859376,1008.7999877929688,1009.5999755859376,70
2026-09-04 09:53:00+05:30,1010.0,1010.0,1009.75,1009.75,7
2026-09-04 09:54:00+05:30,1010.0999755859376,1010.2000122070312,1010.0,1010.0,261
2026-09-04 09:55:00+05:30,1009.9000244140624,1009.9000244140624,1009.0,1009.0,78
2026-09-04 09:56:00+05:30,1009.0,1009.9000244140624,1009.0,1009.9000244140624,168
2026-09-04 09:57:00+05:30,1009.4000244140624,1009.4000244140624,1009.0,1009.0,93
2026-09-04 09:58:00+05:30,1010.0,1010.0,1009.5999755859376,1009.5999755859376,316
2026-09-04 09:59:00+05:30,1010.5,1010.5,1009.5999755859376,1009.5999755859376,444
2026-09-04 10:00:00+05:30,1009.4000244140624,1010.1500244140624,1009.4000244140624,1009.7999877929688,53
2026-09-04 10:01:00+05:30,1010.0499877929688,1010.5,1009.5,1009.5,304
2026-09-04 10:02:00+05:30,1011.0,1011.0,1010.0,1010.0,128
2026-09-04 10:03:00+05:30,1010.5999755859376,1011.5999755859376,1010.5999755859376,1011.5999755859376,157
2026-09-04 10:04:00+05:30,1010.5999755859376,1011.0499877929688,1010.5999755859376,1010.5999755859376,171
2026-09-04 10:05:00+05:30,1008.75,1010.0,1008.75,1010.0,317
2026-09-04 10:06:00+05:30,1008.5499877929688,1009.0,1008.5499877929688,1008.5999755859376,292
2026-09-04 10:07:00+05:30,1009.5499877929688,1009.5999755859376,1009.5499877929688,1009.5999755859376,41
2026-09-04 10:08:00+05:30,1008.7999877929688,1009.3499755859376,1008.75,1008.75,5
2026-09-04 10:09:00+05:30,1009.0,1009.2000122070312,1009.0,1009.2000122070312,29
2026-09-04 10:10:00+05:30,1009.0,1009.1500244140624,1008.5499877929688,1008.5499877929688,315
2026-09-04 10:11:00+05:30,1009.0,1009.0,1009.0,1009.0,33
2026-09-04 10:12:00+05:30,1008.75,1009.4500122070312,1008.75,1009.0,47
2026-09-04 10:13:00+05:30,1008.5,1008.5,1008.5,1008.5,156
2026-09-04 10:14:00+05:30,1008.2999877929688,1008.5,1008.2999877929688,1008.5,134
2026-09-04 10:15:00+05:30,1008.2999877929688,1008.6500244140624,1008.2999877929688,1008.5,90
2026-09-04 10:16:00+05:30,1008.6500244140624,1008.6500244140624,1008.2999877929688,1008.2999877929688,36
2026-09-04 10:17:00+05:30,1008.5999755859376,1008.5999755859376,1008.0499877929688,1008.0499877929688,126
2026-09-04 10:18:00+05:30,1008.5499877929688,1008.5499877929688,1008.0,1008.5499877929688,45
2026-09-04 10:19:00+05:30,1008.6500244140624,1008.6500244140624,1008.5499877929688,1008.5499877929688,76
2026-09-04 10:20:00+05:30,1008.6500244140624,1008.6500244140624,1008.6500244140624,1008.6500244140624,284
2026-09-04 10:21:00+05:30,1009.4500122070312,1009.5,1008.9000244140624,1009.4500122070312,84
2026-09-04 10:22:00+05:30,1009.4000244140624,1009.4000244140624,1008.6500244140624,1008.6500244140624,159
2026-09-04 10:23:00+05:30,1009.5,1009.5,1009.5,1009.5,4
2026-09-04 10:24:00+05:30,1008.7999877929688,1009.5,1008.7999877929688,1009.5,36
2026-09-04 10:25:00+05:30,1008.7000122070312,1008.7000122070312,1008.7000122070312,1008.7000122070312,174
2026-09-04 10:27:00+05:30,1009.0999755859376,1009.5499877929688,1009.0,1009.0,10
2026-09-04 10:28:00+05:30,1009.0499877929688,1009.0499877929688,1009.0499877929688,1009.0499877929688,1
2026-09-04 10:29:00+05:30,1009.5499877929688,1009.5499877929688,1009.5499877929688,1009.5499877929688,9
2026-09-04 10:30:00+05:30,1009.0,1009.9500122070312,1009.0,1009.9500122070312,450
2026-09-04 10:31:00+05:30,1008.0,1008.7999877929688,1008.0,1008.6500244140624,323
2026-09-04 10:32:00+05:30,1007.5999755859376,1008.0,1007.5999755859376,1008.0,22
2026-09-04 10:33:00+05:30,1007.6500244140624,1007.6500244140624,1007.6500244140624,1007.6500244140624,26
2026-09-04 10:34:00+05:30,1007.5,1007.5,1007.5,1007.5,96
2026-09-04 10:35:00+05:30,1008.2000122070312,1008.2000122070312,1007.5,1007.5,20
2026-09-04 10:36:00+05:30,1008.1500244140624,1008.1500244140624,1008.1500244140624,1008.1500244140624,20
2026-09-04 10:37:00+05:30,1007.25,1008.0,1007.25,1008.0,133
2026-09-04 10:38:00+05:30,1008.0,1008.0,1008.0,1008.0,2
2026-09-04 10:39:00+05:30,1007.7999877929688,1007.7999877929688,1007.2999877929688,1007.7999877929688,6
2026-09-04 10:40:00+05:30,1008.2999877929688,1008.2999877929688,1007.9000244140624,1007.9000244140624,35
2026-09-04 10:41:00+05:30,1008.2999877929688,1008.2999877929688,1008.2999877929688,1008.2999877929688,5
2026-09-04 10:42:00+05:30,1007.5999755859376,1008.2999877929688,1007.5999755859376,1008.2999877929688,107
2026-09-04 10:43:00+05:30,1007.5999755859376,1008.2000122070312,1007.5999755859376,1008.2000122070312,131
2026-09-04 10:44:00+05:30,1008.0499877929688,1008.0499877929688,1008.0499877929688,1008.0499877929688,19
2026-09-04 10:45:00+05:30,1007.3499755859376,1008.0999755859376,1007.3499755859376,1008.0999755859376,15
2026-09-04 10:46:00+05:30,1007.5,1008.0,1007.5,1008.0,81
2026-09-04 10:47:00+05:30,1007.5999755859376,1008.2999877929688,1007.5499877929688,1008.2999877929688,15
2026-09-04 10:48:00+05:30,1012.25,1012.25,1008.9000244140624,1009.0,676
2026-09-04 10:49:00+05:30,1013.0,1013.0,1011.2000122070312,1012.0,372
2026-09-04 10:50:00+05:30,1012.8499755859376,1013.0,1012.8499755859376,1013.0,2
2026-09-04 10:51:00+05:30,1011.5499877929688,1012.0,1010.6500244140624,1010.6500244140624,124
2026-09-04 10:52:00+05:30,1012.4000244140624,1012.4000244140624,1011.5499877929688,1011.6500244140624,182
2026-09-04 10:53:00+05:30,1013.0,1013.2999877929688,1012.75,1012.75,115
2026-09-04 10:54:00+05:30,1011.0,1012.4500122070312,1011.0,1012.4500122070312,1440
2026-09-04 10:55:00+05:30,1011.2000122070312,1011.5999755859376,1011.2000122070312,1011.5999755859376,260
2026-09-04 10:57:00+05:30,1010.0,1010.5999755859376,1010.0,1010.5999755859376,131
2026-09-04 10:58:00+05:30,1010.0,1010.5,1010.0,1010.5,16
2026-09-04 10:59:00+05:30,1010.7000122070312,1010.7000122070312,1010.7000122070312,1010.7000122070312,3
2026-09-04 11:01:00+05:30,1010.8499755859376,1010.8499755859376,1010.8499755859376,1010.8499755859376,1
2026-09-04 11:02:00+05:30,1009.8499755859376,1010.4000244140624,1009.7999877929688,1010.0999755859376,33
2026-09-04 11:03:00+05:30,1009.9000244140624,1010.4500122070312,1009.9000244140624,1010.4500122070312,5
2026-09-04 11:04:00+05:30,1010.25,1011.0,1010.25,1010.5,53
2026-09-04 11:05:00+05:30,1010.9000244140624,1010.9000244140624,1010.1500244140624,1010.9000244140624,73
2026-09-04 11:06:00+05:30,1009.5999755859376,1010.9500122070312,1009.5999755859376,1010.9500122070312,45
2026-09-04 11:07:00+05:30,1010.2000122070312,1010.2999877929688,1010.2000122070312,1010.2999877929688,418
2026-09-04 11:09:00+05:30,1010.5,1010.5,1010.5,1010.5,15
2026-09-04 11:10:00+05:30,1011.1500244140624,1011.2000122070312,1010.5,1010.5,21
2026-09-04 11:12:00+05:30,1012.25,1012.25,1010.9000244140624,1010.9000244140624,416
2026-09-04 11:13:00+05:30,1011.0999755859376,1011.9500122070312,1011.0999755859376,1011.9000244140624,12
2026-09-04 11:14:00+05:30,1011.0499877929688,1011.25,1010.7999877929688,1011.0999755859376,166
2026-09-04 11:15:00+05:30,1011.4000244140624,1011.4000244140624,1011.0499877929688,1011.0499877929688,28
2026-09-04 11:16:00+05:30,1010.7999877929688,1010.7999877929688,1010.7999877929688,1010.7999877929688,36
2026-09-04 11:17:00+05:30,1010.0,1010.2000122070312,1010.0,1010.2000122070312,151
2026-09-04 11:18:00+05:30,1009.4000244140624,1010.2000122070312,1009.4000244140624,1010.0,210
2026-09-04 11:19:00+05:30,1010.5,1010.5,1009.4000244140624,1009.4000244140624,52
2026-09-04 11:20:00+05:30,1011.0,1011.0,1011.0,1011.0,42
2026-09-04 11:21:00+05:30,1011.5,1011.5999755859376,1011.5,1011.5999755859376,235
2026-09-04 11:22:00+05:30,1011.0,1011.0,1011.0,1011.0,18
2026-09-04 11:23:00+05:30,1010.0,1011.0,1010.0,1010.5499877929688,199
2026-09-04 11:24:00+05:30,1009.7000122070312,1010.6500244140624,1009.4000244140624,1010.6500244140624,852
2026-09-04 11:25:00+05:30,1010.4500122070312,1010.4500122070312,1010.4500122070312,1010.4500122070312,8
2026-09-04 11:26:00+05:30,1010.25,1010.2999877929688,1009.5499877929688,1010.2999877929688,3
2026-09-04 11:27:00+05:30,1009.4000244140624,1009.9500122070312,1009.4000244140624,1009.4000244140624,104
2026-09-04 11:28:00+05:30,1010.0,1010.2000122070312,1010.0,1010.2000122070312,21
2026-09-04 11:29:00+05:30,1009.9000244140624,1010.4500122070312,1009.9000244140624,1010.4500122070312,95
2026-09-04 11:30:00+05:30,1010.5,1010.5,1010.5,1010.5,270
2026-09-04 11:31:00+05:30,1010.2999877929688,1010.2999877929688,1009.7999877929688,1009.7999877929688,30
2026-09-04 11:32:00+05:30,1009.5,1010.1500244140624,1009.5,1010.1500244140624,22
2026-09-04 11:33:00+05:30,1009.0,1009.5999755859376,1009.0,1009.1500244140624,21
2026-09-04 11:35:00+05:30,1009.75,1009.75,1008.9500122070312,1008.9500122070312,202
2026-09-04 11:36:00+05:30,1009.8499755859376,1009.8499755859376,1009.8499755859376,1009.8499755859376,58
2026-09-04 11:37:00+05:30,1009.0,1009.5999755859376,1008.9000244140624,1008.9000244140624,31
2026-09-04 11:38:00+05:30,1008.9000244140624,1009.5,1008.9000244140624,1008.9000244140624,144
2026-09-04 11:39:00+05:30,1009.2000122070312,1009.2000122070312,1008.75,1008.75,17
2026-09-04 11:40:00+05:30,1009.8499755859376,1009.8499755859376,1009.2000122070312,1009.2000122070312,38
2026-09-04 11:41:00+05:30,1009.8499755859376,1009.8499755859376,1009.8499755859376,1009.8499755859376,10
2026-09-04 11:42:00+05:30,1009.8499755859376,1010.3499755859376,1009.8499755859376,1010.0,532
2026-09-04 11:43:00+05:30,1010.9000244140624,1010.9000244140624,1009.5999755859376,1010.25,109
2026-09-04 11:44:00+05:30,1010.2000122070312,1010.9000244140624,1010.2000122070312,1010.9000244140624,5
2026-09-04 11:45:00+05:30,1009.7000122070312,1010.0999755859376,1009.7000122070312,1010.0999755859376,41
2026-09-04 11:46:00+05:30,1009.7000122070312,1009.7000122070312,1009.5,1009.5499877929688,32
2026-09-04 11:47:00+05:30,1009.4500122070312,1010.0,1009.3499755859376,1009.3499755859376,37
2026-09-04 11:48:00+05:30,1010.0,1010.0,1009.4500122070312,1009.4500122070312,76
2026-09-04 11:50:00+05:30,1009.0999755859376,1009.4500122070312,1008.5,1009.4500122070312,552
2026-09-04 11:51:00+05:30,1009.0,1009.0,1008.7999877929688,1008.9500122070312,43
2026-09-04 11:52:00+05:30,1010.0,1010.0,1009.9500122070312,1010.0,157
2026-09-04 11:54:00+05:30,1009.0,1009.0,1009.0,1009.0,35
2026-09-04 11:56:00+05:30,1009.4500122070312,1009.5,1009.0499877929688,1009.0499877929688,24
2026-09-04 11:58:00+05:30,1009.7000122070312,1009.7000122070312,1009.0999755859376,1009.0999755859376,52
2026-09-04 11:59:00+05:30,1008.75,1008.75,1008.75,1008.75,5
2026-09-04 12:00:00+05:30,1008.7000122070312,1008.7000122070312,1008.7000122070312,1008.7000122070312,4
2026-09-04 12:01:00+05:30,1008.5,1008.5,1008.5,1008.5,10
2026-09-04 12:02:00+05:30,1008.5,1008.5,1008.5,1008.5,240
2026-09-04 12:03:00+05:30,1008.0,1008.5999755859376,1008.0,1008.5999755859376,58
2026-09-04 12:04:00+05:30,1007.1500244140624,1008.0,1007.1500244140624,1008.0,628
2026-09-04 12:05:00+05:30,1007.0,1007.5499877929688,1007.0,1007.5,175
2026-09-04 12:06:00+05:30,1007.5,1007.5,1006.9000244140624,1007.5,105
2026-09-04 12:07:00+05:30,1007.75,1007.75,1007.75,1007.75,25
2026-09-04 12:08:00+05:30,1007.0999755859376,1007.0999755859376,1007.0999755859376,1007.0999755859376,1
2026-09-04 12:10:00+05:30,1006.0999755859376,1006.5,1006.0999755859376,1006.5,249
2026-09-04 12:11:00+05:30,1006.0,1006.3499755859376,1006.0,1006.3499755859376,26
2026-09-04 12:12:00+05:30,1005.0,1005.5999755859376,1005.0,1005.5999755859376,438
2026-09-04 12:13:00+05:30,1005.5,1005.5,1005.5,1005.5,50
2026-09-04 12:14:00+05:30,1006.0999755859376,1006.0999755859376,1005.0,1005.0,308
2026-09-04 12:15:00+05:30,1006.5,1006.5,1005.7999877929688,1005.8499755859376,14
2026-09-04 12:16:00+05:30,1006.4500122070312,1006.4500122070312,1005.75,1005.75,11
2026-09-04 12:17:00+05:30,1006.4500122070312,1006.4500122070312,1006.4500122070312,1006.4500122070312,22
2026-09-04 12:18:00+05:30,1006.4500122070312,1007.0,1006.4500122070312,1007.0,6
2026-09-04 12:19:00+05:30,1006.25,1006.7999877929688,1006.25,1006.25,29
2026-09-04 12:20:00+05:30,1006.7000122070312,1006.7000122070312,1006.0,1006.0,50
2026-09-04 12:21:00+05:30,1006.25,1006.25,1006.25,1006.25,140
2026-09-04 12:23:00+05:30,1006.1500244140624,1006.1500244140624,1006.1500244140624,1006.1500244140624,23
2026-09-04 12:24:00+05:30,1006.5499877929688,1006.5499877929688,1006.5,1006.5,7
2026-09-04 12:26:00+05:30,1006.3499755859376,1006.3499755859376,1006.0,1006.0,14
2026-09-04 12:27:00+05:30,1006.7999877929688,1006.7999877929688,1006.4000244140624,1006.4500122070312,31
2026-09-04 12:29:00+05:30,1006.7999877929688,1006.7999877929688,1006.2000122070312,1006.2000122070312,63
2026-09-04 12:30:00+05:30,1006.6500244140624,1006.7999877929688,1006.6500244140624,1006.7999877929688,19
2026-09-04 12:31:00+05:30,1006.6500244140624,1006.7000122070312,1006.4000244140624,1006.7000122070312,9
2026-09-04 12:32:00+05:30,1007.0999755859376,1007.0999755859376,1007.0999755859376,1007.0999755859376,977
2026-09-04 12:33:00+05:30,1006.7999877929688,1006.7999877929688,1006.7999877929688,1006.7999877929688,2
2026-09-04 12:34:00+05:30,1006.4000244140624,1007.25,1006.4000244140624,1007.25,421
2026-09-04 12:35:00+05:30,1006.7999877929688,1007.0499877929688,1006.7999877929688,1007.0499877929688,30
2026-09-04 12:37:00+05:30,1006.5999755859376,1007.0,1006.5999755859376,1007.0,101
2026-09-04 12:38:00+05:30,1007.25,1007.25,1006.2000122070312,1006.2000122070312,49
2026-09-04 12:40:00+05:30,1007.0499877929688,1007.75,1007.0,1007.0999755859376,40
2026-09-04 12:41:00+05:30,1008.5499877929688,1008.5499877929688,1008.5499877929688,1008.5499877929688,50
2026-09-04 12:42:00+05:30,1008.0499877929688,1008.0499877929688,1007.5499877929688,1007.5499877929688,13
2026-09-04 12:43:00+05:30,1007.75,1008.0,1007.75,1008.0,14
2026-09-04 12:44:00+05:30,1007.75,1008.3499755859376,1007.75,1008.3499755859376,22
2026-09-04 12:45:00+05:30,1007.75,1007.75,1007.75,1007.75,28
2026-09-04 12:46:00+05:30,1007.5499877929688,1007.75,1007.5499877929688,1007.75,25
2026-09-04 12:47:00+05:30,1008.7999877929688,1008.7999877929688,1008.5,1008.5999755859376,126
2026-09-04 12:48:00+05:30,1008.7000122070312,1008.7000122070312,1008.7000122070312,1008.7000122070312,10
2026-09-04 12:49:00+05:30,1008.4000244140624,1008.4000244140624,1008.4000244140624,1008.4000244140624,1
2026-09-04 12:50:00+05:30,1007.9500122070312,1007.9500122070312,1007.9500122070312,1007.9500122070312,10
2026-09-04 12:51:00+05:30,1008.25,1008.4500122070312,1008.25,1008.4500122070312,105
2026-09-04 12:52:00+05:30,1008.0,1008.4500122070312,1007.7000122070312,1007.7000122070312,288
2026-09-04 12:53:00+05:30,1007.75,1007.75,1007.75,1007.75,20
2026-09-04 12:54:00+05:30,1007.5,1007.75,1007.5,1007.75,6
2026-09-04 12:55:00+05:30,1007.4000244140624,1007.4000244140624,1007.4000244140624,1007.4000244140624,140
2026-09-04 12:56:00+05:30,1007.4000244140624,1007.4000244140624,1007.4000244140624,1007.4000244140624,50
2026-09-04 12:58:00+05:30,1007.4000244140624,1007.4500122070312,1007.4000244140624,1007.4000244140624,65
2026-09-04 12:59:00+05:30,1007.2999877929688,1007.2999877929688,1007.2999877929688,1007.2999877929688,18
2026-09-04 13:00:00+05:30,1008.7000122070312,1008.7000122070312,1007.7000122070312,1007.7000122070312,533
2026-09-04 13:03:00+05:30,1008.0999755859376,1008.1500244140624,1008.0999755859376,1008.1500244140624,5
2026-09-04 13:04:00+05:30,1009.0999755859376,1009.0999755859376,1008.2999877929688,1009.0,552
2026-09-04 13:05:00+05:30,1008.5,1008.5,1008.5,1008.5,2
2026-09-04 13:06:00+05:30,1008.0499877929688,1008.6500244140624,1008.0,1008.6500244140624,41
2026-09-04 13:07:00+05:30,1008.7000122070312,1008.7000122070312,1008.7000122070312,1008.7000122070312,1
2026-09-04 13:08:00+05:30,1008.9500122070312,1008.9500122070312,1008.8499755859376,1008.8499755859376,151
2026-09-04 13:09:00+05:30,1008.9500122070312,1009.4500122070312,1008.9500122070312,1009.0,104
2026-09-04 13:10:00+05:30,1010.3499755859376,1010.3499755859376,1009.75,1009.75,456
2026-09-04 13:11:00+05:30,1011.0,1011.0,1010.2000122070312,1010.75,225
2026-09-04 13:12:00+05:30,1011.2000122070312,1011.5,1010.9500122070312,1011.5,15
2026-09-04 13:13:00+05:30,1010.5499877929688,1010.9500122070312,1010.5,1010.9500122070312,50
2026-09-04 13:14:00+05:30,1010.4000244140624,1011.2000122070312,1010.4000244140624,1011.2000122070312,56
2026-09-04 13:15:00+05:30,1011.9000244140624,1011.9500122070312,1010.0999755859376,1010.0999755859376,190
2026-09-04 13:16:00+05:30,1011.5,1011.5,1011.5,1011.5,10
2026-09-04 13:17:00+05:30,1011.0,1011.9000244140624,1011.0,1011.5,421
2026-09-04 13:18:00+05:30,1011.8499755859376,1011.8499755859376,1011.0499877929688,1011.0499877929688,265
2026-09-04 13:19:00+05:30,1011.0,1011.1500244140624,1010.5499877929688,1010.5499877929688,127
2026-09-04 13:20:00+05:30,1010.4500122070312,1011.0,1010.4500122070312,1011.0,30
2026-09-04 13:21:00+05:30,1012.8499755859376,1012.8499755859376,1010.9500122070312,1010.9500122070312,188
2026-09-04 13:22:00+05:30,1010.4500122070312,1012.6500244140624,1010.4500122070312,1011.5,670
2026-09-04 13:23:00+05:30,1012.5999755859376,1012.5999755859376,1012.5999755859376,1012.5999755859376,1
2026-09-04 13:25:00+05:30,1011.6500244140624,1012.4500122070312,1011.6500244140624,1012.4500122070312,386
2026-09-04 13:26:00+05:30,1013.0,1013.0,1012.4000244140624,1012.4000244140624,139
2026-09-04 13:27:00+05:30,1010.5999755859376,1011.5,1010.5999755859376,1011.5,378
2026-09-04 13:28:00+05:30,1011.2999877929688,1011.7000122070312,1010.5999755859376,1011.7000122070312,334
2026-09-04 13:29:00+05:30,1011.7999877929688,1012.3499755859376,1011.1500244140624,1011.1500244140624,720
2026-09-04 13:30:00+05:30,1011.5,1012.0499877929688,1011.5,1012.0499877929688,7
2026-09-04 13:31:00+05:30,1011.5,1012.0,1011.5,1011.5,31
2026-09-04 13:32:00+05:30,1010.5999755859376,1011.75,1010.5999755859376,1011.5,316
2026-09-04 13:33:00+05:30,1012.0,1012.0,1010.5,1010.5,97
2026-09-04 13:34:00+05:30,1012.0,1012.0,1011.8499755859376,1012.0,260
2026-09-04 13:35:00+05:30,1011.3499755859376,1012.0,1011.3499755859376,1012.0,46
2026-09-04 13:36:00+05:30,1013.25,1013.25,1012.0,1012.0,280
2026-09-04 13:37:00+05:30,1013.0,1013.5,1013.0,1013.5,470
2026-09-04 13:38:00+05:30,1013.5,1013.5,1012.9500122070312,1013.4500122070312,254
2026-09-04 13:39:00+05:30,1014.0,1014.0499877929688,1013.4000244140624,1013.7999877929688,611
2026-09-04 13:40:00+05:30,1014.0,1014.0499877929688,1014.0,1014.0,145
2026-09-04 13:41:00+05:30,1014.4500122070312,1014.4500122070312,1013.0,1014.0,77261
2026-09-04 13:42:00+05:30,1015.0,1015.0,1013.4000244140624,1014.0,408
2026-09-04 13:43:00+05:30,1014.9000244140624,1014.9000244140624,1014.25,1014.25,501
2026-09-04 13:44:00+05:30,1015.0,1015.0,1014.0,1014.0,466
2026-09-04 13:45:00+05:30,1015.3499755859376,1015.9000244140624,1014.5499877929688,1014.5999755859376,224
2026-09-04 13:46:00+05:30,1015.0499877929688,1015.8499755859376,1014.6500244140624,1015.7999877929688,157
2026-09-04 13:47:00+05:30,1015.2999877929688,1015.2999877929688,1015.2999877929688,1015.2999877929688,18
2026-09-04 13:48:00+05:30,1015.2000122070312,1015.2000122070312,1015.2000122070312,1015.2000122070312,3
2026-09-04 13:49:00+05:30,1017.5,1017.5,1015.0499877929688,1015.0499877929688,711
2026-09-04 13:50:00+05:30,1017.0,1017.2000122070312,1016.7999877929688,1016.7999877929688,645
2026-09-04 13:51:00+05:30,1017.2000122070312,1017.4500122070312,1017.0,1017.0,533
2026-09-04 13:52:00+05:30,1017.0,1017.5,1016.5999755859376,1017.5,65
2026-09-04 13:53:00+05:30,1017.5,1017.5,1016.9500122070312,1017.5,494
2026-09-04 13:54:00+05:30,1017.1500244140624,1017.8499755859376,1017.1500244140624,1017.75,303
2026-09-04 13:55:00+05:30,1016.8499755859376,1017.7000122070312,1016.8499755859376,1017.6500244140624,150
2026-09-04 13:56:00+05:30,1017.2999877929688,1017.9000244140624,1017.2999877929688,1017.3499755859376,311
2026-09-04 13:57:00+05:30,1019.7999877929688,1019.7999877929688,1017.7000122070312,1017.7000122070312,236
2026-09-04 13:58:00+05:30,1018.75,1019.4000244140624,1018.5,1018.5499877929688,181
2026-09-04 13:59:00+05:30,1018.75,1019.5999755859376,1018.75,1019.5999755859376,176
2026-09-04 14:00:00+05:30,1019.2000122070312,1019.2000122070312,1019.2000122070312,1019.2000122070312,299
2026-09-04 14:01:00+05:30,1019.0,1019.0,1019.0,1019.0,114
2026-09-04 14:02:00+05:30,1019.0,1019.6500244140624,1018.25,1019.4000244140624,474
2026-09-04 14:03:00+05:30,1018.5499877929688,1019.25,1017.7000122070312,1019.0,2185
2026-09-04 14:04:00+05:30,1019.3499755859376,1019.3499755859376,1018.0999755859376,1018.0999755859376,286
2026-09-04 14:05:00+05:30,1018.5,1018.5,1018.25,1018.25,14
2026-09-04 14:06:00+05:30,1018.0499877929688,1018.4500122070312,1018.0,1018.4500122070312,265
2026-09-04 14:07:00+05:30,1018.4500122070312,1018.4500122070312,1018.0,1018.0,63
2026-09-04 14:08:00+05:30,1016.7999877929688,1017.75,1016.7999877929688,1017.3499755859376,122
2026-09-04 14:09:00+05:30,1017.5,1017.5,1016.7999877929688,1016.7999877929688,31
2026-09-04 14:10:00+05:30,1016.9500122070312,1017.7000122070312,1016.9000244140624,1016.9000244140624,503
2026-09-04 14:11:00+05:30,1016.75,1017.7000122070312,1016.75,1017.7000122070312,86
2026-09-04 14:12:00+05:30,1017.7000122070312,1017.7999877929688,1017.0499877929688,1017.2000122070312,422
2026-09-04 14:14:00+05:30,1018.5,1018.5,1018.4500122070312,1018.4500122070312,130
2026-09-04 14:15:00+05:30,1017.9000244140624,1018.5,1017.9000244140624,1018.5,120
2026-09-04 14:16:00+05:30,1018.5,1018.5,1018.5,1018.5,24
2026-09-04 14:18:00+05:30,1018.4000244140624,1018.4000244140624,1017.9000244140624,1018.4000244140624,234
2026-09-04 14:19:00+05:30,1018.0499877929688,1018.5,1018.0499877929688,1018.5,49
2026-09-04 14:20:00+05:30,1018.5,1018.5,1018.4500122070312,1018.4500122070312,55
2026-09-04 14:21:00+05:30,1018.4000244140624,1018.4000244140624,1018.4000244140624,1018.4000244140624,2
2026-09-04 14:22:00+05:30,1019.0,1019.0,1019.0,1019.0,917
2026-09-04 14:23:00+05:30,1018.4500122070312,1018.4500122070312,1018.4500122070312,1018.4500122070312,20
2026-09-04 14:25:00+05:30,1019.4000244140624,1019.4000244140624,1018.5499877929688,1019.0,478
2026-09-04 14:26:00+05:30,1020.0,1020.0,1019.6500244140624,1019.6500244140624,43
2026-09-04 14:27:00+05:30,1019.9000244140624,1020.0,1019.9000244140624,1020.0,11
2026-09-04 14:28:00+05:30,1019.9000244140624,1019.9000244140624,1019.4000244140624,1019.9000244140624,65
2026-09-04 14:29:00+05:30,1019.9000244140624,1019.9000244140624,1018.8499755859376,1019.9000244140624,1404
2026-09-04 14:30:00+05:30,1019.9000244140624,1019.9000244140624,1019.8499755859376,1019.9000244140624,21
2026-09-04 14:31:00+05:30,1019.2999877929688,1020.0,1019.2999877929688,1019.9000244140624,304
2026-09-04 14:32:00+05:30,1020.0,1020.0,1019.4000244140624,1019.4000244140624,19
2026-09-04 14:33:00+05:30,1020.0,1020.0,1020.0,1020.0,590
2026-09-04 14:34:00+05:30,1020.0,1020.0,1020.0,1020.0,296
2026-09-04 14:35:00+05:30,1020.9000244140624,1020.9000244140624,1020.0,1020.0,222
2026-09-04 14:36:00+05:30,1020.5499877929688,1020.75,1020.0499877929688,1020.75,132
2026-09-04 14:37:00+05:30,1019.4000244140624,1020.25,1019.4000244140624,1020.25,102
2026-09-04 14:38:00+05:30,1017.0999755859376,1019.3499755859376,1017.0999755859376,1019.3499755859376,178
2026-09-04 14:39:00+05:30,1017.75,1017.75,1016.7999877929688,1017.5999755859376,350
2026-09-04 14:40:00+05:30,1017.7000122070312,1018.5,1017.7000122070312,1018.5,22
2026-09-04 14:41:00+05:30,1017.75,1018.0,1017.5499877929688,1018.0,185
2026-09-04 14:42:00+05:30,1018.0,1018.2000122070312,1017.2999877929688,1018.2000122070312,201
2026-09-04 14:43:00+05:30,1017.2000122070312,1018.0999755859376,1017.2000122070312,1018.0,680
2026-09-04 14:44:00+05:30,1017.4000244140624,1017.5,1017.4000244140624,1017.5,30
2026-09-04 14:45:00+05:30,1016.6500244140624,1018.0,1016.6500244140624,1018.0,276
2026-09-04 14:46:00+05:30,1018.5,1018.5,1017.7000122070312,1017.7000122070312,456
2026-09-04 14:47:00+05:30,1018.2000122070312,1019.5,1018.2000122070312,1019.5,129
2026-09-04 14:48:00+05:30,1018.7000122070312,1018.75,1018.25,1018.75,28
2026-09-04 14:49:00+05:30,1019.0999755859376,1019.0999755859376,1019.0999755859376,1019.0999755859376,171
2026-09-04 14:50:00+05:30,1019.1500244140624,1019.1500244140624,1019.0,1019.0,93
2026-09-04 14:51:00+05:30,1018.5999755859376,1019.0,1018.0,1019.0,236
2026-09-04 14:52:00+05:30,1019.0,1019.0999755859376,1018.7999877929688,1018.7999877929688,2456
2026-09-04 14:53:00+05:30,1019.0,1019.1500244140624,1018.9500122070312,1019.0,294
2026-09-04 14:54:00+05:30,1019.5,1019.5,1018.25,1018.25,431
2026-09-04 14:55:00+05:30,1019.0,1019.4000244140624,1019.0,1019.2999877929688,2144
2026-09-04 14:56:00+05:30,1019.0999755859376,1019.0999755859376,1019.0,1019.0,337
2026-09-04 14:57:00+05:30,1018.0499877929688,1019.1500244140624,1018.0499877929688,1019.0,182
2026-09-04 14:58:00+05:30,1019.9000244140624,1019.9000244140624,1018.5,1018.5,1862
2026-09-04 14:59:00+05:30,1019.5,1020.0,1019.4000244140624,1020.0,3188
2026-09-04 15:00:00+05:30,1019.5999755859376,1019.5999755859376,1019.0,1019.4000244140624,856
2026-09-04 15:01:00+05:30,1019.7999877929688,1020.0,1019.5999755859376,1019.9500122070312,2546
2026-09-04 15:02:00+05:30,1019.0,1019.7000122070312,1019.0,1019.6500244140624,525
2026-09-04 15:03:00+05:30,1019.8499755859376,1020.0999755859376,1019.2000122070312,1019.2000122070312,2500
2026-09-04 15:04:00+05:30,1017.5999755859376,1019.0,1016.0,1019.0,596
2026-09-04 15:05:00+05:30,1017.2999877929688,1017.7999877929688,1016.5499877929688,1016.9500122070312,501
2026-09-04 15:06:00+05:30,1017.0,1017.4500122070312,1017.0,1017.2999877929688,65
2026-09-04 15:07:00+05:30,1017.8499755859376,1017.8499755859376,1017.0,1017.5,348
2026-09-04 15:08:00+05:30,1017.2000122070312,1017.5,1017.2000122070312,1017.5,15
2026-09-04 15:09:00+05:30,1017.7000122070312,1018.8499755859376,1017.4000244140624,1017.4000244140624,384
2026-09-04 15:10:00+05:30,1018.25,1018.8499755859376,1017.0999755859376,1018.8499755859376,158
2026-09-04 15:11:00+05:30,1016.5499877929688,1018.1500244140624,1016.5499877929688,1018.1500244140624,179
2026-09-04 15:12:00+05:30,1019.4500122070312,1019.4500122070312,1015.4000244140624,1016.5499877929688,949
2026-09-04 15:13:00+05:30,1019.0,1019.4500122070312,1017.2999877929688,1017.2999877929688,313
2026-09-04 15:14:00+05:30,1013.6500244140624,1018.5,1013.6500244140624,1018.4500122070312,80
2026-09-04 15:29:00+05:30,1013.7999877929688,1013.7999877929688,1013.7999877929688,1013.7999877929688,64
2026-09-07 09:15:00+05:30,1012.0999755859376,1014.0,1010.0,1013.0,2943
2026-09-07 09:16:00+05:30,1011.9500122070312,1014.3499755859376,1010.7999877929688,1012.0999755859376,947
2026-09-07 09:17:00+05:30,1009.5499877929688,1012.5499877929688,1009.5499877929688,1012.5499877929688,256
2026-09-07 09:18:00+05:30,1008.25,1010.0999755859376,1007.6500244140624,1009.3499755859376,320
2026-09-07 09:19:00+05:30,1009.2999877929688,1010.2000122070312,1008.7999877929688,1008.8499755859376,10170
2026-09-07 09:20:00+05:30,1008.5,1009.0999755859376,1008.0,1008.9500122070312,523
2026-09-07 09:21:00+05:30,1009.2000122070312,1009.2000122070312,1008.0,1008.1500244140624,859
2026-09-07 09:22:00+05:30,1008.4000244140624,1009.2999877929688,1008.0,1009.0999755859376,592
2026-09-07 09:23:00+05:30,1007.5499877929688,1009.1500244140624,1007.0,1009.1500244140624,517
2026-09-07 09:24:00+05:30,1006.6500244140624,1007.8499755859376,1006.6500244140624,1007.5,125
2026-09-07 09:25:00+05:30,1007.3499755859376,1007.3499755859376,1006.75,1007.1500244140624,184
2026-09-07 09:26:00+05:30,1008.0,1008.5999755859376,1007.25,1007.2999877929688,747
2026-09-07 09:27:00+05:30,1007.7000122070312,1008.3499755859376,1007.7000122070312,1008.1500244140624,234
2026-09-07 09:28:00+05:30,1008.0999755859376,1008.0999755859376,1007.7000122070312,1007.9500122070312,110
2026-09-07 09:29:00+05:30,1008.9000244140624,1009.0,1008.5,1009.0,55
2026-09-07 09:30:00+05:30,1009.4000244140624,1009.4000244140624,1008.2999877929688,1008.7000122070312,841
2026-09-07 09:31:00+05:30,1009.0,1010.0,1008.5499877929688,1010.0,652
2026-09-07 09:32:00+05:30,1008.9000244140624,1008.9000244140624,1008.3499755859376,1008.3499755859376,13
2026-09-07 09:33:00+05:30,1008.3499755859376,1008.3499755859376,1008.3499755859376,1008.3499755859376,96
2026-09-07 09:34:00+05:30,1009.0,1009.0,1008.0999755859376,1008.5,92
2026-09-07 09:35:00+05:30,1008.7000122070312,1008.75,1008.7000122070312,1008.75,18
2026-09-07 09:36:00+05:30,1008.3499755859376,1009.0,1008.2999877929688,1008.2999877929688,128
2026-09-07 09:37:00+05:30,1008.0,1009.4500122070312,1008.0,1009.4500122070312,219
2026-09-07 09:38:00+05:30,1008.75,1008.75,1008.1500244140624,1008.1500244140624,1567
2026-09-07 09:39:00+05:30,1009.0499877929688,1009.0499877929688,1008.75,1008.75,14
2026-09-07 09:40:00+05:30,1008.5499877929688,1009.1500244140624,1008.4500122070312,1009.0499877929688,297
2026-09-07 09:41:00+05:30,1008.0999755859376,1008.5999755859376,1008.0999755859376,1008.5499877929688,55
2026-09-07 09:42:00+05:30,1008.5499877929688,1008.7999877929688,1008.5499877929688,1008.7999877929688,49
2026-09-07 09:43:00+05:30,1008.5,1009.0499877929688,1008.5,1009.0499877929688,56
2026-09-07 09:44:00+05:30,1008.3499755859376,1008.8499755859376,1008.1500244140624,1008.1500244140624,120
2026-09-07 09:45:00+05:30,1008.2999877929688,1008.7999877929688,1008.2999877929688,1008.7999877929688,6
2026-09-07 09:46:00+05:30,1008.0,1008.5,1008.0,1008.5,60
2026-09-07 09:47:00+05:30,1008.3499755859376,1008.5,1008.0,1008.0,18
2026-09-07 09:48:00+05:30,1008.25,1008.7999877929688,1008.1500244140624,1008.3499755859376,1197
2026-09-07 09:49:00+05:30,1008.7000122070312,1008.7000122070312,1008.1500244140624,1008.25,316
2026-09-07 09:50:00+05:30,1008.0,1008.4500122070312,1008.0,1008.0,42
2026-09-07 09:51:00+05:30,1008.4000244140624,1008.4000244140624,1008.0,1008.0,205
2026-09-07 09:52:00+05:30,1008.0,1008.5999755859376,1008.0,1008.4000244140624,595
2026-09-07 09:53:00+05:30,1007.8499755859376,1007.8499755859376,1007.8499755859376,1007.8499755859376,151
2026-09-07 09:54:00+05:30,1008.0999755859376,1008.2999877929688,1007.5499877929688,1008.2999877929688,103
2026-09-07 09:55:00+05:30,1007.3499755859376,1007.7000122070312,1007.0999755859376,1007.7000122070312,189
2026-09-07 09:56:00+05:30,1007.5,1007.5,1007.5,1007.5,2
2026-09-07 09:57:00+05:30,1007.7999877929688,1007.7999877929688,1007.4000244140624,1007.4000244140624,35
2026-09-07 09:58:00+05:30,1007.5499877929688,1007.5499877929688,1007.1500244140624,1007.5499877929688,60
2026-09-07 10:00:00+05:30,1007.75,1007.75,1007.75,1007.75,47
2026-09-07 10:01:00+05:30,1007.5,1008.0,1007.2999877929688,1007.5499877929688,183
2026-09-07 10:02:00+05:30,1007.5,1008.0,1007.5,1008.0,5
2026-09-07 10:03:00+05:30,1007.5499877929688,1008.0,1007.5499877929688,1007.9500122070312,242
2026-09-07 10:04:00+05:30,1008.0,1008.0,1007.9500122070312,1007.9500122070312,19
2026-09-07 10:05:00+05:30,1007.75,1007.75,1007.75,1007.75,7
2026-09-07 10:06:00+05:30,1007.75,1007.75,1007.4500122070312,1007.5,1277
2026-09-07 10:07:00+05:30,1007.5,1007.5,1007.4500122070312,1007.4500122070312,2
2026-09-07 10:08:00+05:30,1007.0,1007.5,1007.0,1007.0999755859376,62
2026-09-07 10:09:00+05:30,1007.0,1007.0,1006.7000122070312,1007.0,156
2026-09-07 10:10:00+05:30,1005.5,1007.0,1005.5,1007.0,515
2026-09-07 10:11:00+05:30,1006.3499755859376,1006.3499755859376,1006.3499755859376,1006.3499755859376,1
2026-09-07 10:12:00+05:30,1006.2999877929688,1006.3499755859376,1006.0,1006.2999877929688,119
2026-09-07 10:13:00+05:30,1006.2999877929688,1006.3499755859376,1006.2999877929688,1006.3499755859376,6
2026-09-07 10:14:00+05:30,1006.3499755859376,1006.3499755859376,1006.0,1006.0,44
2026-09-07 10:15:00+05:30,1006.0,1006.4500122070312,1006.0,1006.4500122070312,31
2026-09-07 10:16:00+05:30,1005.3499755859376,1005.7999877929688,1005.3499755859376,1005.75,29
2026-09-07 10:17:00+05:30,1005.25,1005.9500122070312,1005.25,1005.9500122070312,41
2026-09-07 10:18:00+05:30,1006.0,1006.0,1005.4000244140624,1005.4500122070312,260
2026-09-07 10:19:00+05:30,1005.7000122070312,1005.7000122070312,1005.25,1005.25,25
2026-09-07 10:20:00+05:30,1005.2000122070312,1005.6500244140624,1005.2000122070312,1005.25,88
2026-09-07 10:21:00+05:30,1005.75,1005.75,1005.0999755859376,1005.0999755859376,221
2026-09-07 10:22:00+05:30,1005.5499877929688,1005.75,1005.4000244140624,1005.75,177
2026-09-07 10:24:00+05:30,1004.5,1006.0499877929688,1004.5,1005.9500122070312,2039
2026-09-07 10:25:00+05:30,1004.4000244140624,1004.5499877929688,1003.75,1004.5499877929688,434
2026-09-07 10:26:00+05:30,1004.4000244140624,1004.5499877929688,1004.4000244140624,1004.5499877929688,57
2026-09-07 10:27:00+05:30,1004.5,1004.5,1004.4000244140624,1004.4500122070312,522
2026-09-07 10:28:00+05:30,1004.0,1004.5,1004.0,1004.5,387
2026-09-07 10:29:00+05:30,1004.0,1004.0,1003.5999755859376,1003.5999755859376,55
2026-09-07 10:30:00+05:30,1004.0,1004.0,1003.5499877929688,1004.0,770
2026-09-07 10:31:00+05:30,1003.9500122070312,1004.0,1003.4500122070312,1004.0,6
2026-09-07 10:32:00+05:30,1003.4000244140624,1003.9500122070312,1003.4000244140624,1003.9000244140624,24
2026-09-07 10:33:00+05:30,1003.75,1003.7999877929688,1003.75,1003.75,34
2026-09-07 10:34:00+05:30,1003.7000122070312,1003.7000122070312,1003.7000122070312,1003.7000122070312,46
2026-09-07 10:35:00+05:30,1003.0,1003.7000122070312,1003.0,1003.7000122070312,121
2026-09-07 10:36:00+05:30,1003.5,1003.7000122070312,1003.0,1003.4500122070312,99
2026-09-07 10:37:00+05:30,1003.7000122070312,1003.7000122070312,1003.0,1003.5499877929688,81
2026-09-07 10:38:00+05:30,1002.75,1003.6500244140624,1002.75,1003.6500244140624,51
2026-09-07 10:39:00+05:30,1002.7999877929688,1003.25,1002.7999877929688,1003.25,4
2026-09-07 10:40:00+05:30,1003.0,1003.25,1003.0,1003.2000122070312,15
2026-09-07 10:41:00+05:30,1003.0,1003.0999755859376,1003.0,1003.0,2121
2026-09-07 10:42:00+05:30,1003.0,1003.2000122070312,1001.8499755859376,1002.7000122070312,1242
2026-09-07 10:43:00+05:30,1002.9500122070312,1003.3499755859376,1002.9500122070312,1003.25,49
2026-09-07 10:44:00+05:30,1003.1500244140624,1003.5999755859376,1002.75,1002.75,1008
2026-09-07 10:45:00+05:30,1003.0499877929688,1003.0999755859376,1003.0499877929688,1003.0999755859376,9
2026-09-07 10:46:00+05:30,1002.8499755859376,1002.8499755859376,1002.75,1002.75,4
2026-09-07 10:47:00+05:30,1003.0,1003.1500244140624,1002.5,1003.1500244140624,644
2026-09-07 10:48:00+05:30,1002.8499755859376,1003.25,1002.4000244140624,1003.0,381
2026-09-07 10:49:00+05:30,1002.25,1002.5999755859376,1002.25,1002.5999755859376,102
2026-09-07 10:50:00+05:30,1003.25,1003.25,1002.4500122070312,1002.4500122070312,6
2026-09-07 10:51:00+05:30,1003.25,1003.25,1003.25,1003.25,1
2026-09-07 10:52:00+05:30,1003.3499755859376,1003.3499755859376,1002.9000244140624,1002.9000244140624,164
2026-09-07 10:53:00+05:30,1003.25,1003.3499755859376,1003.25,1003.3499755859376,15
2026-09-07 10:54:00+05:30,1002.4500122070312,1003.25,1002.4500122070312,1003.2000122070312,417
2026-09-07 10:55:00+05:30,1002.75,1002.7999877929688,1002.2999877929688,1002.4500122070312,135
2026-09-07 10:56:00+05:30,1002.75,1002.7999877929688,1002.0999755859376,1002.2999877929688,80
2026-09-07 10:57:00+05:30,1002.9000244140624,1002.9000244140624,1002.25,1002.25,41
2026-09-07 10:58:00+05:30,1003.0,1003.0,1002.4000244140624,1002.7999877929688,103
2026-09-07 10:59:00+05:30,1002.9000244140624,1003.5499877929688,1002.9000244140624,1003.5499877929688,1024
2026-09-07 11:00:00+05:30,1003.7000122070312,1003.7000122070312,1003.0,1003.0,75
2026-09-07 11:02:00+05:30,1003.2000122070312,1003.4000244140624,1003.0,1003.0,212
2026-09-07 11:03:00+05:30,1003.7999877929688,1004.3499755859376,1003.7000122070312,1003.7000122070312,254
2026-09-07 11:04:00+05:30,1003.7999877929688,1003.7999877929688,1003.7999877929688,1003.7999877929688,39
2026-09-07 11:05:00+05:30,1003.5,1004.0,1003.5,1004.0,6
2026-09-07 11:06:00+05:30,1004.2000122070312,1004.2000122070312,1003.5999755859376,1004.2000122070312,29
2026-09-07 11:07:00+05:30,1003.2999877929688,1003.2999877929688,1003.2999877929688,1003.2999877929688,70
2026-09-07 11:08:00+05:30,1003.2999877929688,1003.2999877929688,1002.7999877929688,1002.7999877929688,227
2026-09-07 11:09:00+05:30,1003.7000122070312,1003.7000122070312,1002.7999877929688,1003.2999877929688,63
2026-09-07 11:10:00+05:30,1003.5499877929688,1004.25,1003.5499877929688,1003.7999877929688,285
2026-09-07 11:11:00+05:30,1003.75,1003.75,1003.1500244140624,1003.1500244140624,529
2026-09-07 11:12:00+05:30,1003.9500122070312,1003.9500122070312,1003.8499755859376,1003.8499755859376,6
2026-09-07 11:13:00+05:30,1003.2999877929688,1003.2999877929688,1002.7999877929688,1003.0,108
2026-09-07 11:14:00+05:30,1003.2999877929688,1003.2999877929688,1003.2999877929688,1003.2999877929688,258
2026-09-07 11:15:00+05:30,1003.1500244140624,1003.2999877929688,1002.7999877929688,1002.7999877929688,74
2026-09-07 11:16:00+05:30,1003.25,1003.25,1003.0,1003.1500244140624,72
2026-09-07 11:17:00+05:30,1003.5999755859376,1003.5999755859376,1002.6500244140624,1002.6500244140624,68
2026-09-07 11:18:00+05:30,1003.7000122070312,1003.8499755859376,1003.5999755859376,1003.5999755859376,41
2026-09-07 11:19:00+05:30,1003.8499755859376,1003.8499755859376,1003.8499755859376,1003.8499755859376,150
2026-09-07 11:20:00+05:30,1003.9000244140624,1003.9000244140624,1003.3499755859376,1003.3499755859376,56
2026-09-07 11:21:00+05:30,1003.7999877929688,1003.7999877929688,1003.7999877929688,1003.7999877929688,39
2026-09-07 11:22:00+05:30,1003.7999877929688,1003.7999877929688,1003.25,1003.25,41
2026-09-07 11:23:00+05:30,1003.2000122070312,1003.75,1003.2000122070312,1003.75,215
2026-09-07 11:24:00+05:30,1003.75,1003.8499755859376,1003.75,1003.8499755859376,22
2026-09-07 11:25:00+05:30,1002.7999877929688,1003.4000244140624,1002.7999877929688,1002.7999877929688,109
2026-09-07 11:26:00+05:30,1003.6500244140624,1003.6500244140624,1002.7999877929688,1002.7999877929688,251
2026-09-07 11:28:00+05:30,1004.1500244140624,1004.1500244140624,1004.1500244140624,1004.1500244140624,2
2026-09-07 11:29:00+05:30,1004.2000122070312,1004.25,1004.2000122070312,1004.25,11
2026-09-07 11:30:00+05:30,1004.5,1004.5,1004.5,1004.5,6
2026-09-07 11:31:00+05:30,1004.0,1004.0,1004.0,1004.0,6
2026-09-07 11:32:00+05:30,1004.0499877929688,1004.0499877929688,1004.0,1004.0,47
2026-09-07 11:33:00+05:30,1004.5,1004.5,1004.0499877929688,1004.0499877929688,9
2026-09-07 11:34:00+05:30,1004.5499877929688,1004.5499877929688,1004.2999877929688,1004.2999877929688,101
2026-09-07 11:35:00+05:30,1004.0,1004.0499877929688,1004.0,1004.0499877929688,146
2026-09-07 11:36:00+05:30,1003.0499877929688,1003.6500244140624,1003.0499877929688,1003.6500244140624,6
2026-09-07 11:37:00+05:30,1003.5,1003.5999755859376,1003.0499877929688,1003.0499877929688,199
2026-09-07 11:40:00+05:30,1003.2000122070312,1003.7000122070312,1003.2000122070312,1003.5,124
2026-09-07 11:41:00+05:30,1003.2000122070312,1003.2000122070312,1003.2000122070312,1003.2000122070312,12
2026-09-07 11:42:00+05:30,1003.2000122070312,1003.3499755859376,1003.2000122070312,1003.3499755859376,150
2026-09-07 11:43:00+05:30,1003.1500244140624,1003.1500244140624,1003.0999755859376,1003.0999755859376,101
2026-09-07 11:44:00+05:30,1003.1500244140624,1003.1500244140624,1003.0499877929688,1003.0499877929688,6
2026-09-07 11:45:00+05:30,1003.7999877929688,1003.7999877929688,1003.2000122070312,1003.2000122070312,33
2026-09-07 11:47:00+05:30,1005.5,1005.5,1003.7999877929688,1003.7999877929688,1461
2026-09-07 11:48:00+05:30,1005.4500122070312,1005.4500122070312,1005.4500122070312,1005.4500122070312,143
2026-09-07 11:49:00+05:30,1006.0999755859376,1006.0999755859376,1005.6500244140624,1005.6500244140624,30
2026-09-07 11:50:00+05:30,1006.4000244140624,1006.4000244140624,1006.4000244140624,1006.4000244140624,61
2026-09-07 11:51:00+05:30,1005.6500244140624,1005.6500244140624,1005.5499877929688,1005.6500244140624,79
2026-09-07 11:52:00+05:30,1005.7999877929688,1005.9500122070312,1005.7999877929688,1005.9500122070312,182
2026-09-07 11:53:00+05:30,1005.7999877929688,1005.8499755859376,1005.7999877929688,1005.7999877929688,211
2026-09-07 11:54:00+05:30,1005.5,1005.5,1005.5,1005.5,12
2026-09-07 11:55:00+05:30,1005.7000122070312,1005.7000122070312,1005.7000122070312,1005.7000122070312,5
2026-09-07 11:56:00+05:30,1005.1500244140624,1005.1500244140624,1004.7999877929688,1004.7999877929688,909
2026-09-07 11:58:00+05:30,1004.5499877929688,1004.5499877929688,1004.5499877929688,1004.5499877929688,26
2026-09-07 11:59:00+05:30,1004.5499877929688,1004.5499877929688,1004.5499877929688,1004.5499877929688,144
2026-09-07 12:00:00+05:30,1005.0999755859376,1005.0999755859376,1004.75,1004.75,3
2026-09-07 12:01:00+05:30,1005.0,1005.0,1004.5499877929688,1004.5499877929688,11
2026-09-07 12:02:00+05:30,1005.2999877929688,1005.2999877929688,1004.5,1005.0,58
2026-09-07 12:03:00+05:30,1005.5499877929688,1005.5499877929688,1005.3499755859376,1005.3499755859376,20
2026-09-07 12:04:00+05:30,1005.7000122070312,1005.7000122070312,1005.25,1005.25,4
2026-09-07 12:05:00+05:30,1005.7000122070312,1005.7000122070312,1005.7000122070312,1005.7000122070312,81
2026-09-07 12:06:00+05:30,1005.7000122070312,1005.7000122070312,1005.0499877929688,1005.0499877929688,412
2026-09-07 12:07:00+05:30,1005.7000122070312,1005.7000122070312,1005.7000122070312,1005.7000122070312,6
2026-09-07 12:08:00+05:30,1005.1500244140624,1005.1500244140624,1005.1500244140624,1005.1500244140624,30
2026-09-07 12:09:00+05:30,1006.4500122070312,1006.5,1005.7000122070312,1005.7000122070312,2050
2026-09-07 12:10:00+05:30,1006.4500122070312,1006.6500244140624,1005.8499755859376,1006.6500244140624,112
2026-09-07 12:11:00+05:30,1007.2999877929688,1007.2999877929688,1006.0,1006.0,5069
2026-09-07 12:12:00+05:30,1006.3499755859376,1006.3499755859376,1006.3499755859376,1006.3499755859376,5
2026-09-07 12:13:00+05:30,1006.9500122070312,1006.9500122070312,1006.9500122070312,1006.9500122070312,1
2026-09-07 12:15:00+05:30,1007.0,1007.0,1006.3499755859376,1006.9000244140624,1010
2026-09-07 12:17:00+05:30,1007.0,1007.0,1006.5,1006.5,35
2026-09-07 12:18:00+05:30,1007.0,1007.2999877929688,1006.5,1006.5,102
2026-09-07 12:19:00+05:30,1007.0,1007.25,1006.3499755859376,1007.25,78
2026-09-07 12:20:00+05:30,1007.0,1007.0,1007.0,1007.0,9
2026-09-07 12:21:00+05:30,1006.3499755859376,1007.0,1006.3499755859376,1007.0,47
2026-09-07 12:22:00+05:30,1006.75,1007.0,1006.75,1007.0,54
2026-09-07 12:23:00+05:30,1006.5499877929688,1006.5499877929688,1006.5499877929688,1006.5499877929688,3
2026-09-07 12:24:00+05:30,1006.5499877929688,1006.5499877929688,1006.5499877929688,1006.5499877929688,1
2026-09-07 12:27:00+05:30,1006.5499877929688,1006.5499877929688,1006.0499877929688,1006.0499877929688,107
2026-09-07 12:28:00+05:30,1005.8499755859376,1006.2000122070312,1005.8499755859376,1006.0499877929688,101
2026-09-07 12:29:00+05:30,1006.0499877929688,1006.25,1006.0,1006.25,70
2026-09-07 12:30:00+05:30,1005.5,1005.5,1005.5,1005.5,1859
2026-09-07 12:31:00+05:30,1004.2000122070312,1005.7000122070312,1004.2000122070312,1005.2999877929688,1385
2026-09-07 12:32:00+05:30,1003.75,1004.2000122070312,1003.75,1004.2000122070312,228
2026-09-07 12:33:00+05:30,1003.4500122070312,1003.5499877929688,1003.4500122070312,1003.5499877929688,20
2026-09-07 12:34:00+05:30,1003.75,1003.75,1003.75,1003.75,47
2026-09-07 12:35:00+05:30,1003.2000122070312,1003.5,1003.2000122070312,1003.5,13
2026-09-07 12:36:00+05:30,1003.7000122070312,1003.7000122070312,1003.7000122070312,1003.7000122070312,5
2026-09-07 12:38:00+05:30,1003.4000244140624,1003.5499877929688,1003.0499877929688,1003.0499877929688,359
2026-09-07 12:39:00+05:30,1003.5999755859376,1003.7000122070312,1003.0999755859376,1003.7000122070312,28
2026-09-07 12:42:00+05:30,1003.7000122070312,1003.7000122070312,1003.7000122070312,1003.7000122070312,40
2026-09-07 12:43:00+05:30,1003.7000122070312,1003.7000122070312,1003.7000122070312,1003.7000122070312,1
2026-09-07 12:44:00+05:30,1003.2999877929688,1003.2999877929688,1003.2999877929688,1003.2999877929688,16
2026-09-07 12:45:00+05:30,1003.9000244140624,1003.9000244140624,1003.25,1003.25,139
2026-09-07 12:47:00+05:30,1003.4000244140624,1003.4000244140624,1003.4000244140624,1003.4000244140624,12
2026-09-07 12:48:00+05:30,1003.5499877929688,1003.5499877929688,1003.4000244140624,1003.4000244140624,24
2026-09-07 12:49:00+05:30,1003.5999755859376,1003.5999755859376,1003.5999755859376,1003.5999755859376,10
2026-09-07 12:50:00+05:30,1003.5,1003.5,1003.5,1003.5,10
2026-09-07 12:51:00+05:30,1003.2999877929688,1003.2999877929688,1003.0,1003.0499877929688,282
2026-09-07 12:52:00+05:30,1003.0,1003.4500122070312,1003.0,1003.4500122070312,2
2026-09-07 12:53:00+05:30,1001.9000244140624,1003.2000122070312,1001.9000244140624,1002.2999877929688,310
2026-09-07 12:54:00+05:30,1002.5999755859376,1002.5999755859376,1001.9000244140624,1001.9000244140624,11
2026-09-07 12:55:00+05:30,1001.7999877929688,1002.0999755859376,1001.7999877929688,1002.0999755859376,154
2026-09-07 12:56:00+05:30,1001.9000244140624,1001.9000244140624,1001.75,1001.75,505
2026-09-07 12:57:00+05:30,1001.5999755859376,1001.5999755859376,1001.5999755859376,1001.5999755859376,5
2026-09-07 12:58:00+05:30,1002.2000122070312,1002.2000122070312,1002.2000122070312,1002.2000122070312,1
2026-09-07 13:00:00+05:30,1002.25,1002.25,1001.75,1001.75,34
2026-09-07 13:01:00+05:30,1002.0,1002.3499755859376,1002.0,1002.3499755859376,6
2026-09-07 13:02:00+05:30,1002.2999877929688,1002.8499755859376,1002.2999877929688,1002.8499755859376,3
2026-09-07 13:03:00+05:30,1002.25,1002.2999877929688,1002.25,1002.2999877929688,44
2026-09-07 13:06:00+05:30,1003.3499755859376,1003.3499755859376,1002.9000244140624,1002.9000244140624,186
2026-09-07 13:07:00+05:30,1003.0,1003.25,1003.0,1003.25,54
2026-09-07 13:08:00+05:30,1002.9000244140624,1003.4000244140624,1002.9000244140624,1003.4000244140624,207
2026-09-07 13:09:00+05:30,1002.0,1002.5999755859376,1002.0,1002.5999755859376,33
2026-09-07 13:10:00+05:30,1002.0499877929688,1002.5499877929688,1002.0499877929688,1002.5499877929688,51
2026-09-07 13:11:00+05:30,1002.0999755859376,1002.0999755859376,1002.0,1002.0,8
2026-09-07 13:12:00+05:30,1001.9500122070312,1001.9500122070312,1001.5,1001.5499877929688,78
2026-09-07 13:13:00+05:30,1002.0,1002.0,1001.5,1001.5,6
2026-09-07 13:14:00+05:30,1001.5499877929688,1002.0,1001.5499877929688,1002.0,201
2026-09-07 13:15:00+05:30,1001.5,1002.0,1001.5,1002.0,118
2026-09-07 13:16:00+05:30,1002.0499877929688,1002.0499877929688,1002.0499877929688,1002.0499877929688,1
2026-09-07 13:17:00+05:30,1002.25,1002.2999877929688,1002.25,1002.2999877929688,251
2026-09-07 13:20:00+05:30,1001.0999755859376,1001.7000122070312,1001.0,1001.7000122070312,614
2026-09-07 13:21:00+05:30,1001.4000244140624,1001.4000244140624,1000.5,1000.5,169
2026-09-07 13:22:00+05:30,1001.5,1001.5,1001.5,1001.5,1
2026-09-07 13:23:00+05:30,1001.0499877929688,1001.5,1001.0499877929688,1001.5,110
2026-09-07 13:24:00+05:30,1000.9000244140624,1001.2000122070312,1000.9000244140624,1001.2000122070312,203
2026-09-07 13:25:00+05:30,1001.9500122070312,1001.9500122070312,1001.2000122070312,1001.2000122070312,22
2026-09-07 13:26:00+05:30,1002.2000122070312,1002.2000122070312,1001.9500122070312,1001.9500122070312,55
2026-09-07 13:27:00+05:30,1002.0499877929688,1002.0499877929688,1001.7000122070312,1001.7000122070312,15
2026-09-07 13:28:00+05:30,1002.0499877929688,1002.0999755859376,1002.0499877929688,1002.0999755859376,152
2026-09-07 13:29:00+05:30,1001.7000122070312,1001.7000122070312,1001.7000122070312,1001.7000122070312,15
2026-09-07 13:31:00+05:30,1001.5499877929688,1001.5499877929688,1001.5,1001.5,105
2026-09-07 13:32:00+05:30,1001.9500122070312,1002.0,1001.4000244140624,1002.0,192
2026-09-07 13:34:00+05:30,1001.5,1001.5,1001.5,1001.5,1
2026-09-07 13:35:00+05:30,1002.75,1002.9500122070312,1002.0,1002.0,311
2026-09-07 13:36:00+05:30,1002.0,1003.0,1001.0,1003.0,219
2026-09-07 13:37:00+05:30,1002.4500122070312,1002.4500122070312,1002.0499877929688,1002.0499877929688,50
2026-09-07 13:38:00+05:30,1002.0,1002.0,1002.0,1002.0,100
2026-09-07 13:39:00+05:30,1002.4500122070312,1002.6500244140624,1002.4500122070312,1002.6500244140624,53
2026-09-07 13:40:00+05:30,1002.25,1002.5999755859376,1002.25,1002.4500122070312,45
2026-09-07 13:41:00+05:30,1002.6500244140624,1002.6500244140624,1002.6500244140624,1002.6500244140624,14
2026-09-07 13:42:00+05:30,1002.5,1002.5,1002.0499877929688,1002.0499877929688,34
2026-09-07 13:43:00+05:30,1002.4500122070312,1002.4500122070312,1002.4500122070312,1002.4500122070312,42
2026-09-07 13:44:00+05:30,1002.75,1002.75,1002.5499877929688,1002.5499877929688,28
2026-09-07 13:45:00+05:30,1002.7999877929688,1002.7999877929688,1002.6500244140624,1002.6500244140624,51
2026-09-07 13:46:00+05:30,1001.75,1002.7999877929688,1001.75,1002.7999877929688,206
2026-09-07 13:47:00+05:30,1003.0,1003.25,1003.0,1003.25,15
2026-09-07 13:48:00+05:30,1004.0,1004.0,1003.2999877929688,1003.2999877929688,31
2026-09-07 13:49:00+05:30,1004.0999755859376,1004.0999755859376,1004.0999755859376,1004.0999755859376,14
2026-09-07 13:50:00+05:30,1004.3499755859376,1004.9000244140624,1004.3499755859376,1004.9000244140624,64
2026-09-07 13:52:00+05:30,1003.0,1004.2000122070312,1003.0,1003.75,37487
2026-09-07 13:53:00+05:30,1004.5999755859376,1004.7000122070312,1003.0,1003.0,2764
2026-09-07 13:54:00+05:30,1004.2999877929688,1004.5999755859376,1004.0,1004.5999755859376,489
2026-09-07 13:55:00+05:30,1004.8499755859376,1004.8499755859376,1004.5499877929688,1004.5499877929688,77
2026-09-07 13:56:00+05:30,1004.75,1004.8499755859376,1004.75,1004.8499755859376,149
2026-09-07 13:57:00+05:30,1004.7000122070312,1004.7999877929688,1004.7000122070312,1004.7999877929688,78
2026-09-07 13:58:00+05:30,1004.5,1004.7000122070312,1004.5,1004.7000122070312,156
2026-09-07 13:59:00+05:30,1003.0,1004.5499877929688,1003.0,1004.5499877929688,14203
2026-09-07 14:00:00+05:30,1003.5,1003.6500244140624,1003.0,1003.4500122070312,87
2026-09-07 14:01:00+05:30,1003.3499755859376,1003.3499755859376,1003.0,1003.0,28
2026-09-07 14:02:00+05:30,1004.0,1004.0,1003.3499755859376,1003.3499755859376,63
2026-09-07 14:03:00+05:30,1004.0,1004.0499877929688,1003.9000244140624,1004.0,67
2026-09-07 14:04:00+05:30,1004.2000122070312,1004.5999755859376,1003.9500122070312,1004.0,107
2026-09-07 14:05:00+05:30,1003.7000122070312,1003.9000244140624,1003.7000122070312,1003.8499755859376,138
2026-09-07 14:06:00+05:30,1003.4500122070312,1003.4500122070312,1003.4500122070312,1003.4500122070312,14
2026-09-07 14:07:00+05:30,1003.0,1003.2999877929688,1002.3499755859376,1002.3499755859376,20100
2026-09-07 14:08:00+05:30,1003.25,1003.6500244140624,1002.8499755859376,1002.8499755859376,20053
2026-09-07 14:09:00+05:30,1003.6500244140624,1003.7999877929688,1003.25,1003.7000122070312,60
2026-09-07 14:10:00+05:30,1004.3499755859376,1004.5,1003.9000244140624,1004.4500122070312,76
2026-09-07 14:11:00+05:30,1004.25,1004.5,1004.25,1004.4000244140624,57
2026-09-07 14:12:00+05:30,1004.4000244140624,1004.4000244140624,1003.5499877929688,1004.2999877929688,106
2026-09-07 14:13:00+05:30,1005.0,1005.0,1004.5499877929688,1004.8499755859376,69
2026-09-07 14:14:00+05:30,1005.0,1005.0,1004.75,1005.0,78
2026-09-07 14:15:00+05:30,1005.0,1005.4000244140624,1004.9500122070312,1005.0,457
2026-09-07 14:16:00+05:30,1004.7000122070312,1004.9000244140624,1004.4000244140624,1004.4000244140624,35
2026-09-07 14:17:00+05:30,1004.7000122070312,1005.0,1004.7000122070312,1005.0,68
2026-09-07 14:18:00+05:30,1004.9000244140624,1004.9000244140624,1004.5,1004.7000122070312,56
2026-09-07 14:19:00+05:30,1004.0,1005.0,1004.0,1004.9000244140624,362
2026-09-07 14:20:00+05:30,1004.6500244140624,1004.75,1003.7999877929688,1004.75,46
2026-09-07 14:21:00+05:30,1004.5,1004.6500244140624,1004.0999755859376,1004.5999755859376,61
2026-09-07 14:22:00+05:30,1002.9000244140624,1004.5999755859376,1002.9000244140624,1003.7999877929688,173
2026-09-07 14:23:00+05:30,1004.25,1004.3499755859376,1003.6500244140624,1004.25,130
2026-09-07 14:24:00+05:30,1004.7000122070312,1004.7000122070312,1004.5,1004.5,48
2026-09-07 14:25:00+05:30,1004.6500244140624,1004.6500244140624,1004.5,1004.6500244140624,78
2026-09-07 14:26:00+05:30,1004.25,1004.75,1004.25,1004.75,31
2026-09-07 14:27:00+05:30,1004.7000122070312,1004.75,1004.0999755859376,1004.7000122070312,62
2026-09-07 14:28:00+05:30,1004.4000244140624,1004.4500122070312,1004.25,1004.25,42
2026-09-07 14:29:00+05:30,1004.5499877929688,1004.5499877929688,1004.5,1004.5,61
2026-09-07 14:30:00+05:30,1004.6500244140624,1004.75,1004.6500244140624,1004.6500244140624,26
2026-09-07 14:31:00+05:30,1004.4500122070312,1004.6500244140624,1004.4500122070312,1004.6500244140624,29
2026-09-07 14:32:00+05:30,1004.5,1004.5499877929688,1004.2999877929688,1004.5499877929688,47
2026-09-07 14:33:00+05:30,1004.4500122070312,1004.5,1004.0,1004.0999755859376,72
2026-09-07 14:34:00+05:30,1004.5,1004.5,1004.25,1004.25,14
2026-09-07 14:35:00+05:30,1004.4000244140624,1004.5,1004.4000244140624,1004.5,57
2026-09-07 14:36:00+05:30,1004.4000244140624,1004.4000244140624,1004.0,1004.0,44
2026-09-07 14:37:00+05:30,1004.2999877929688,1004.3499755859376,1004.2999877929688,1004.3499755859376,170
2026-09-07 14:38:00+05:30,1004.0999755859376,1004.2999877929688,1003.3499755859376,1004.2999877929688,39
2026-09-07 14:39:00+05:30,1003.6500244140624,1003.6500244140624,1003.6500244140624,1003.6500244140624,99
2026-09-07 14:40:00+05:30,1002.9500122070312,1003.5,1002.9500122070312,1003.0,110
2026-09-07 14:41:00+05:30,1003.4000244140624,1003.4000244140624,1003.2999877929688,1003.2999877929688,35
2026-09-07 14:42:00+05:30,1002.7000122070312,1003.8499755859376,1002.7000122070312,1003.5,3479
2026-09-07 14:43:00+05:30,1003.4500122070312,1003.5499877929688,1003.1500244140624,1003.1500244140624,48
2026-09-07 14:44:00+05:30,1003.0,1003.4500122070312,1003.0,1003.4500122070312,25
2026-09-07 14:45:00+05:30,1003.0499877929688,1003.0499877929688,1003.0,1003.0,4534
2026-09-07 14:46:00+05:30,1003.25,1003.25,1003.0999755859376,1003.1500244140624,31
2026-09-07 14:47:00+05:30,1003.2999877929688,1003.2999877929688,1002.75,1002.75,54
2026-09-07 14:48:00+05:30,1003.5999755859376,1003.6500244140624,1002.9000244140624,1003.6500244140624,244
2026-09-07 14:49:00+05:30,1003.6500244140624,1003.6500244140624,1003.4000244140624,1003.4000244140624,29
2026-09-07 14:50:00+05:30,1003.6500244140624,1003.6500244140624,1002.9000244140624,1003.5,104
2026-09-07 14:51:00+05:30,1003.7999877929688,1003.9000244140624,1003.6500244140624,1003.6500244140624,806
2026-09-07 14:52:00+05:30,1003.5499877929688,1004.0,1003.5499877929688,1003.5499877929688,36
2026-09-07 14:53:00+05:30,1003.5,1003.5,1003.5,1003.5,31
2026-09-07 14:54:00+05:30,1003.5,1003.5999755859376,1002.6500244140624,1003.5999755859376,452
2026-09-07 14:55:00+05:30,1003.4500122070312,1003.5499877929688,1003.0,1003.5499877929688,39
2026-09-07 14:56:00+05:30,1003.4500122070312,1003.4500122070312,1002.2000122070312,1002.2000122070312,5051
2026-09-07 14:57:00+05:30,1003.9000244140624,1004.2000122070312,1003.4500122070312,1003.4500122070312,190
2026-09-07 14:58:00+05:30,1004.3499755859376,1004.3499755859376,1003.9000244140624,1003.9500122070312,59
2026-09-07 14:59:00+05:30,1003.9500122070312,1004.0,1003.9500122070312,1004.0,370
2026-09-07 15:00:00+05:30,1003.4000244140624,1003.9000244140624,1003.4000244140624,1003.9000244140624,72
2026-09-07 15:01:00+05:30,1003.0499877929688,1003.5999755859376,1003.0,1003.0999755859376,220
2026-09-07 15:02:00+05:30,1003.7000122070312,1003.7000122070312,1003.7000122070312,1003.7000122070312,15
2026-09-07 15:03:00+05:30,1004.0,1004.0,1003.2999877929688,1003.7000122070312,693
2026-09-07 15:04:00+05:30,1003.1500244140624,1003.1500244140624,1003.1500244140624,1003.1500244140624,55
2026-09-07 15:05:00+05:30,1003.0,1003.4500122070312,1002.25,1003.4500122070312,824
2026-09-07 15:06:00+05:30,1003.0,1003.0,1003.0,1003.0,222
2026-09-07 15:07:00+05:30,1003.3499755859376,1003.3499755859376,1002.75,1003.0,581
2026-09-07 15:08:00+05:30,1003.25,1003.25,1002.7999877929688,1002.7999877929688,14
2026-09-07 15:09:00+05:30,1003.5,1003.5,1002.0,1003.25,355
2026-09-07 15:10:00+05:30,1003.2000122070312,1003.6500244140624,1003.1500244140624,1003.6500244140624,534
2026-09-07 15:11:00+05:30,1002.9500122070312,1003.9000244140624,1002.75,1003.2999877929688,127
2026-09-07 15:12:00+05:30,1004.0499877929688,1004.0499877929688,1002.75,1002.75,131
2026-09-07 15:13:00+05:30,1004.9000244140624,1004.9000244140624,1002.8499755859376,1002.8499755859376,230
2026-09-07 15:14:00+05:30,1008.0,1008.0,1003.75,1003.75,451
2026-09-07 15:15:00+05:30,1008.0,1008.0,1008.0,1008.0,1
2026-09-07 15:28:00+05:30,1006.8499755859376,1006.8499755859376,1006.8499755859376,1006.8499755859376,289
2026-09-08 09:15:00+05:30,1013.75,1017.25,1011.9000244140624,1015.75,1329
2026-09-08 09:16:00+05:30,1015.0,1016.2999877929688,1012.7999877929688,1012.7999877929688,3153
2026-09-08 09:17:00+05:30,1015.0,1017.0,1014.7999877929688,1016.4000244140624,1363
2026-09-08 09:18:00+05:30,1014.9500122070312,1015.3499755859376,1013.5999755859376,1014.25,380
2026-09-08 09:19:00+05:30,1015.0,1015.0,1014.2000122070312,1014.4000244140624,388
2026-09-08 09:20:00+05:30,1019.9500122070312,1020.0,1015.2000122070312,1015.4000244140624,1675
2026-09-08 09:21:00+05:30,1018.0999755859376,1020.4500122070312,1018.0999755859376,1020.4500122070312,8395
2026-09-08 09:22:00+05:30,1017.7999877929688,1018.9500122070312,1017.2999877929688,1017.5,334
2026-09-08 09:23:00+05:30,1019.0,1019.4000244140624,1018.25,1018.8499755859376,482
2026-09-08 09:24:00+05:30,1018.6500244140624,1020.0,1018.5499877929688,1019.0,560
2026-09-08 09:25:00+05:30,1017.75,1019.4500122070312,1017.75,1018.2999877929688,2450
2026-09-08 09:26:00+05:30,1017.5499877929688,1018.0,1016.4000244140624,1017.0999755859376,220
2026-09-08 09:27:00+05:30,1016.7999877929688,1017.5,1016.4000244140624,1016.4000244140624,247
2026-09-08 09:28:00+05:30,1016.5,1017.5499877929688,1015.9500122070312,1017.5499877929688,164
2026-09-08 09:29:00+05:30,1017.1500244140624,1017.2999877929688,1015.7999877929688,1016.5,101
2026-09-08 09:30:00+05:30,1017.0,1017.2000122070312,1016.2000122070312,1016.5,244
2026-09-08 09:31:00+05:30,1016.7000122070312,1017.0999755859376,1016.5,1016.6500244140624,151
2026-09-08 09:32:00+05:30,1017.0,1017.2999877929688,1016.7000122070312,1016.7000122070312,191
2026-09-08 09:33:00+05:30,1015.8499755859376,1017.0,1015.8499755859376,1016.2999877929688,263
2026-09-08 09:34:00+05:30,1015.2000122070312,1015.9500122070312,1015.0,1015.6500244140624,141
2026-09-08 09:35:00+05:30,1016.6500244140624,1016.6500244140624,1014.7999877929688,1014.7999877929688,214
2026-09-08 09:36:00+05:30,1017.0,1017.0,1016.3499755859376,1016.3499755859376,1287
2026-09-08 09:37:00+05:30,1018.9000244140624,1018.9000244140624,1017.2999877929688,1017.2999877929688,536
2026-09-08 09:38:00+05:30,1019.2999877929688,1019.3499755859376,1018.0,1018.25,1436
2026-09-08 09:39:00+05:30,1018.4500122070312,1019.0,1018.4500122070312,1018.5999755859376,378
2026-09-08 09:40:00+05:30,1018.1500244140624,1019.3499755859376,1018.1500244140624,1019.0,87
2026-09-08 09:41:00+05:30,1018.6500244140624,1018.6500244140624,1017.6500244140624,1018.6500244140624,266
2026-09-08 09:42:00+05:30,1018.0,1018.0999755859376,1018.0,1018.0,271
2026-09-08 09:43:00+05:30,1016.0,1017.0,1016.0,1017.0,356
2026-09-08 09:44:00+05:30,1015.4500122070312,1016.0,1015.3499755859376,1016.0,20
2026-09-08 09:45:00+05:30,1015.5499877929688,1015.9500122070312,1015.0999755859376,1015.2000122070312,541
2026-09-08 09:46:00+05:30,1015.4000244140624,1016.2000122070312,1015.0,1015.7999877929688,169
2026-09-08 09:47:00+05:30,1014.6500244140624,1015.0,1014.6500244140624,1015.0,39
2026-09-08 09:48:00+05:30,1014.9000244140624,1015.4500122070312,1014.5499877929688,1014.75,294
2026-09-08 09:49:00+05:30,1015.5999755859376,1015.5999755859376,1015.0499877929688,1015.4000244140624,509
2026-09-08 09:50:00+05:30,1015.5,1015.6500244140624,1015.2000122070312,1015.2000122070312,156
2026-09-08 09:51:00+05:30,1015.75,1015.75,1014.6500244140624,1014.6500244140624,613
2026-09-08 09:52:00+05:30,1017.6500244140624,1018.4000244140624,1017.0,1017.0,686
2026-09-08 09:53:00+05:30,1018.2999877929688,1018.2999877929688,1017.4500122070312,1018.0499877929688,1008
2026-09-08 09:54:00+05:30,1020.9000244140624,1021.0,1019.0,1019.0,4505
2026-09-08 09:55:00+05:30,1020.4000244140624,1021.0,1019.75,1020.0999755859376,598
2026-09-08 09:56:00+05:30,1019.6500244140624,1020.1500244140624,1019.6500244140624,1020.0999755859376,104
2026-09-08 09:58:00+05:30,1018.2000122070312,1018.4000244140624,1018.1500244140624,1018.4000244140624,66
2026-09-08 09:59:00+05:30,1017.3499755859376,1017.8499755859376,1017.0,1017.4500122070312,241
2026-09-08 10:00:00+05:30,1016.8499755859376,1017.2000122070312,1016.7000122070312,1016.7000122070312,21
2026-09-08 10:01:00+05:30,1017.25,1017.25,1016.7999877929688,1016.7999877929688,124
2026-09-08 10:02:00+05:30,1017.25,1018.0,1017.25,1017.9500122070312,650
2026-09-08 10:03:00+05:30,1017.5999755859376,1017.5999755859376,1017.0,1017.0,150
2026-09-08 10:04:00+05:30,1017.0499877929688,1017.7999877929688,1017.0499877929688,1017.0999755859376,23
2026-09-08 10:05:00+05:30,1016.75,1016.75,1016.75,1016.75,37
2026-09-08 10:06:00+05:30,1017.8499755859376,1018.7999877929688,1016.7000122070312,1017.0,1172
2026-09-08 10:07:00+05:30,1020.25,1020.7999877929688,1019.0,1019.0,1376
2026-09-08 10:08:00+05:30,1020.0,1020.0,1020.0,1020.0,155
2026-09-08 10:09:00+05:30,1020.0,1020.2999877929688,1019.2999877929688,1020.0,266
2026-09-08 10:10:00+05:30,1020.1500244140624,1021.0,1020.1500244140624,1021.0,102
2026-09-08 10:11:00+05:30,1020.4000244140624,1020.5,1020.1500244140624,1020.5,15
2026-09-08 10:12:00+05:30,1021.7000122070312,1021.7000122070312,1020.0,1020.0,2167
2026-09-08 10:13:00+05:30,1021.5999755859376,1021.7000122070312,1021.0999755859376,1021.7000122070312,229
2026-09-08 10:14:00+05:30,1022.0,1022.0,1021.4000244140624,1021.4000244140624,220
2026-09-08 10:15:00+05:30,1022.2999877929688,1022.9500122070312,1022.2999877929688,1022.2999877929688,515
2026-09-08 10:16:00+05:30,1023.4500122070312,1023.5499877929688,1021.75,1021.9500122070312,2380
2026-09-08 10:17:00+05:30,1022.0,1023.0999755859376,1022.0,1023.0999755859376,22
2026-09-08 10:18:00+05:30,1022.0,1022.5,1021.9500122070312,1022.0,610
2026-09-08 10:19:00+05:30,1022.0,1022.4000244140624,1022.0,1022.4000244140624,15
2026-09-08 10:20:00+05:30,1022.0,1022.0,1022.0,1022.0,2
2026-09-08 10:21:00+05:30,1021.4500122070312,1021.6500244140624,1021.0,1021.6500244140624,1000
2026-09-08 10:22:00+05:30,1021.4000244140624,1021.4500122070312,1021.4000244140624,1021.4500122070312,28
2026-09-08 10:23:00+05:30,1022.2999877929688,1022.2999877929688,1021.4500122070312,1021.4500122070312,348
2026-09-08 10:24:00+05:30,1022.5,1022.5,1022.0999755859376,1022.0999755859376,51
2026-09-08 10:25:00+05:30,1022.0,1022.3499755859376,1021.5,1022.3499755859376,3403
2026-09-08 10:26:00+05:30,1023.5999755859376,1023.5999755859376,1022.5,1022.5,1257
2026-09-08 10:27:00+05:30,1024.0,1024.75,1023.9000244140624,1023.9500122070312,2037
2026-09-08 10:28:00+05:30,1023.9000244140624,1024.0,1023.3499755859376,1023.9500122070312,643
2026-09-08 10:29:00+05:30,1023.7000122070312,1023.7000122070312,1022.5999755859376,1022.5999755859376,430
2026-09-08 10:30:00+05:30,1023.4000244140624,1023.7000122070312,1022.5499877929688,1023.5999755859376,177
2026-09-08 10:31:00+05:30,1023.3499755859376,1023.3499755859376,1022.75,1022.75,13
2026-09-08 10:32:00+05:30,1023.7000122070312,1023.7000122070312,1023.7000122070312,1023.7000122070312,130
2026-09-08 10:33:00+05:30,1023.7000122070312,1023.7000122070312,1023.2000122070312,1023.7000122070312,246
2026-09-08 10:34:00+05:30,1023.4000244140624,1023.7000122070312,1023.4000244140624,1023.7000122070312,119
2026-09-08 10:35:00+05:30,1022.7999877929688,1023.5999755859376,1022.25,1023.4000244140624,1155
2026-09-08 10:36:00+05:30,1022.0499877929688,1022.9500122070312,1022.0499877929688,1022.2999877929688,134
2026-09-08 10:37:00+05:30,1022.75,1022.9500122070312,1022.5,1022.9500122070312,55
2026-09-08 10:38:00+05:30,1022.5,1022.5,1022.0,1022.1500244140624,189
2026-09-08 10:39:00+05:30,1021.7000122070312,1022.0,1021.6500244140624,1022.0,349
2026-09-08 10:40:00+05:30,1021.5,1022.9000244140624,1021.5,1021.7000122070312,1870
2026-09-08 10:41:00+05:30,1021.75,1022.0999755859376,1021.0499877929688,1022.0999755859376,484
2026-09-08 10:42:00+05:30,1022.4000244140624,1022.5,1021.5499877929688,1021.7000122070312,379
2026-09-08 10:43:00+05:30,1023.0499877929688,1023.0499877929688,1022.0499877929688,1022.4500122070312,148
2026-09-08 10:44:00+05:30,1022.75,1023.0499877929688,1022.75,1023.0499877929688,33
2026-09-08 10:45:00+05:30,1023.0,1023.0,1023.0,1023.0,12
2026-09-08 10:46:00+05:30,1023.25,1023.25,1022.7000122070312,1022.7000122070312,18
2026-09-08 10:47:00+05:30,1022.6500244140624,1023.2999877929688,1022.6500244140624,1022.6500244140624,615
2026-09-08 10:48:00+05:30,1023.0999755859376,1023.1500244140624,1022.75,1023.0999755859376,23
2026-09-08 10:49:00+05:30,1022.3499755859376,1023.0499877929688,1022.3499755859376,1023.0499877929688,30
2026-09-08 10:50:00+05:30,1022.5,1023.0,1022.5,1023.0,15
2026-09-08 10:51:00+05:30,1021.5,1022.4500122070312,1021.5,1022.4500122070312,51
2026-09-08 10:52:00+05:30,1021.6500244140624,1021.6500244140624,1020.7000122070312,1020.7000122070312,65
2026-09-08 10:53:00+05:30,1022.1500244140624,1022.7000122070312,1022.1500244140624,1022.2000122070312,155
2026-09-08 10:54:00+05:30,1022.4000244140624,1023.0,1022.0499877929688,1022.1500244140624,77
2026-09-08 10:55:00+05:30,1022.5999755859376,1023.1500244140624,1022.5999755859376,1023.1500244140624,101
2026-09-08 10:56:00+05:30,1023.7000122070312,1023.7000122070312,1023.7000122070312,1023.7000122070312,5488
2026-09-08 10:57:00+05:30,1023.5,1023.5,1023.0,1023.0,7
2026-09-08 10:58:00+05:30,1023.5,1023.5,1023.2000122070312,1023.2000122070312,168
2026-09-08 10:59:00+05:30,1023.2000122070312,1024.0,1023.2000122070312,1024.0,375
2026-09-08 11:00:00+05:30,1023.5499877929688,1023.6500244140624,1022.9000244140624,1023.6500244140624,74
2026-09-08 11:01:00+05:30,1021.5499877929688,1022.0499877929688,1021.5499877929688,1022.0499877929688,34
2026-09-08 11:02:00+05:30,1021.2000122070312,1021.5499877929688,1020.5999755859376,1021.5499877929688,102
2026-09-08 11:03:00+05:30,1020.6500244140624,1021.0,1020.6500244140624,1020.6500244140624,31
2026-09-08 11:05:00+05:30,1022.0,1022.4500122070312,1021.5999755859376,1021.5999755859376,74
2026-09-08 11:06:00+05:30,1021.5499877929688,1021.5499877929688,1021.5499877929688,1021.5499877929688,4
2026-09-08 11:07:00+05:30,1021.6500244140624,1022.0999755859376,1021.6500244140624,1021.6500244140624,38
2026-09-08 11:08:00+05:30,1022.2000122070312,1022.2000122070312,1022.2000122070312,1022.2000122070312,57
2026-09-08 11:09:00+05:30,1021.4000244140624,1022.2000122070312,1021.4000244140624,1021.5999755859376,142
2026-09-08 11:10:00+05:30,1022.0,1022.0,1021.4000244140624,1021.4000244140624,20
2026-09-08 11:11:00+05:30,1021.2000122070312,1021.7000122070312,1021.2000122070312,1021.5,428
2026-09-08 11:12:00+05:30,1021.5999755859376,1021.5999755859376,1021.2000122070312,1021.2000122070312,111
2026-09-08 11:14:00+05:30,1020.9000244140624,1020.9000244140624,1020.9000244140624,1020.9000244140624,300
2026-09-08 11:15:00+05:30,1020.5499877929688,1020.5499877929688,1020.5499877929688,1020.5499877929688,20
2026-09-08 11:16:00+05:30,1020.9000244140624,1021.5499877929688,1020.9000244140624,1021.0499877929688,104
2026-09-08 11:17:00+05:30,1020.9500122070312,1021.5,1020.9500122070312,1021.5,55
2026-09-08 11:18:00+05:30,1022.0,1022.0,1021.4000244140624,1021.4000244140624,78
2026-09-08 11:19:00+05:30,1021.5999755859376,1021.5999755859376,1021.5999755859376,1021.5999755859376,10
2026-09-08 11:20:00+05:30,1021.1500244140624,1021.7000122070312,1021.0,1021.0,78
2026-09-08 11:21:00+05:30,1021.3499755859376,1021.75,1021.1500244140624,1021.75,13
2026-09-08 11:22:00+05:30,1020.4000244140624,1021.0999755859376,1020.25,1021.0999755859376,150
2026-09-08 11:23:00+05:30,1021.1500244140624,1021.1500244140624,1021.1500244140624,1021.1500244140624,2
2026-09-08 11:24:00+05:30,1020.4000244140624,1021.3499755859376,1020.4000244140624,1021.3499755859376,115
2026-09-08 11:25:00+05:30,1019.6500244140624,1020.4500122070312,1019.5499877929688,1020.0,351
2026-09-08 11:26:00+05:30,1020.0,1020.0,1020.0,1020.0,74
2026-09-08 11:27:00+05:30,1018.8499755859376,1019.2999877929688,1018.8499755859376,1019.2999877929688,11
2026-09-08 11:29:00+05:30,1018.8499755859376,1018.8499755859376,1018.8499755859376,1018.8499755859376,15
2026-09-08 11:30:00+05:30,1018.8499755859376,1019.6500244140624,1018.8499755859376,1019.6500244140624,34
2026-09-08 11:31:00+05:30,1018.2000122070312,1018.6500244140624,1018.2000122070312,1018.5,625
2026-09-08 11:32:00+05:30,1018.75,1018.75,1018.2000122070312,1018.2000122070312,6
2026-09-08 11:33:00+05:30,1018.4000244140624,1018.4000244140624,1018.4000244140624,1018.4000244140624,102
2026-09-08 11:34:00+05:30,1018.4000244140624,1018.5999755859376,1018.4000244140624,1018.5999755859376,11
2026-09-08 11:35:00+05:30,1018.6500244140624,1018.6500244140624,1018.6500244140624,1018.6500244140624,7
2026-09-08 11:36:00+05:30,1017.9500122070312,1018.75,1017.9500122070312,1018.5,267
2026-09-08 11:37:00+05:30,1017.9500122070312,1017.9500122070312,1017.9500122070312,1017.9500122070312,1
2026-09-08 11:38:00+05:30,1017.5499877929688,1017.5499877929688,1017.5499877929688,1017.5499877929688,1
2026-09-08 11:39:00+05:30,1017.75,1017.75,1017.75,1017.75,18
2026-09-08 11:40:00+05:30,1017.7999877929688,1018.3499755859376,1017.7999877929688,1018.3499755859376,31
2026-09-08 11:41:00+05:30,1017.5,1017.7999877929688,1017.5,1017.7999877929688,512
2026-09-08 11:43:00+05:30,1018.0,1018.0,1018.0,1018.0,1
2026-09-08 11:44:00+05:30,1017.4000244140624,1017.4000244140624,1017.4000244140624,1017.4000244140624,4
2026-09-08 11:45:00+05:30,1017.4500122070312,1017.4500122070312,1017.4500122070312,1017.4500122070312,5
2026-09-08 11:46:00+05:30,1018.25,1018.25,1017.5499877929688,1017.5499877929688,31
2026-09-08 11:47:00+05:30,1017.5499877929688,1017.5499877929688,1017.5499877929688,1017.5499877929688,26
2026-09-08 11:49:00+05:30,1017.4500122070312,1017.4500122070312,1017.0999755859376,1017.4500122070312,112
2026-09-08 11:50:00+05:30,1016.3499755859376,1016.3499755859376,1016.2999877929688,1016.2999877929688,15
2026-09-08 11:51:00+05:30,1017.3499755859376,1017.3499755859376,1017.3499755859376,1017.3499755859376,20
2026-09-08 11:52:00+05:30,1018.5,1018.5,1017.0,1017.0,22
2026-09-08 11:53:00+05:30,1018.4500122070312,1018.8499755859376,1018.4500122070312,1018.8499755859376,17
2026-09-08 11:54:00+05:30,1017.5,1017.5,1016.7000122070312,1016.7000122070312,20
2026-09-08 11:55:00+05:30,1016.9500122070312,1017.5,1016.9500122070312,1017.5,26
2026-09-08 11:56:00+05:30,1017.4500122070312,1017.4500122070312,1017.4500122070312,1017.4500122070312,1
2026-09-08 11:57:00+05:30,1016.9000244140624,1016.9000244140624,1016.3499755859376,1016.5,119
2026-09-08 11:58:00+05:30,1016.1500244140624,1016.1500244140624,1016.1500244140624,1016.1500244140624,5
2026-09-08 11:59:00+05:30,1016.0,1016.3499755859376,1016.0,1016.0499877929688,42
2026-09-08 12:00:00+05:30,1014.0499877929688,1015.0,1014.0499877929688,1015.0,689
2026-09-08 12:01:00+05:30,1013.5999755859376,1014.1500244140624,1013.5499877929688,1014.0499877929688,510
2026-09-08 12:02:00+05:30,1013.9500122070312,1013.9500122070312,1013.9500122070312,1013.9500122070312,11
2026-09-08 12:03:00+05:30,1014.5,1014.5,1014.5,1014.5,1
2026-09-08 12:04:00+05:30,1014.0499877929688,1014.0499877929688,1014.0499877929688,1014.0499877929688,33
2026-09-08 12:05:00+05:30,1014.4000244140624,1014.4000244140624,1014.0,1014.4000244140624,103
2026-09-08 12:07:00+05:30,1014.4000244140624,1014.4000244140624,1014.4000244140624,1014.4000244140624,6
2026-09-08 12:08:00+05:30,1014.0,1014.75,1014.0,1014.4000244140624,157
2026-09-08 12:09:00+05:30,1014.4000244140624,1014.5,1013.5,1013.5,159
2026-09-08 12:10:00+05:30,1013.9500122070312,1014.5499877929688,1013.9500122070312,1014.5499877929688,53
2026-09-08 12:11:00+05:30,1014.8499755859376,1014.8499755859376,1013.7999877929688,1014.4500122070312,496
2026-09-08 12:14:00+05:30,1014.2999877929688,1014.8499755859376,1014.2999877929688,1014.8499755859376,4
2026-09-08 12:15:00+05:30,1014.0,1014.1500244140624,1014.0,1014.1500244140624,109
2026-09-08 12:16:00+05:30,1013.2999877929688,1013.2999877929688,1013.0,1013.0499877929688,48
2026-09-08 12:17:00+05:30,1013.2999877929688,1013.2999877929688,1013.0499877929688,1013.0499877929688,100
2026-09-08 12:18:00+05:30,1013.0,1013.0999755859376,1013.0,1013.0,201
2026-09-08 12:19:00+05:30,1012.9500122070312,1013.0,1012.9500122070312,1013.0,10
2026-09-08 12:20:00+05:30,1012.5999755859376,1012.5999755859376,1012.5999755859376,1012.5999755859376,8
2026-09-08 12:21:00+05:30,1013.0499877929688,1013.0499877929688,1013.0499877929688,1013.0499877929688,10
2026-09-08 12:22:00+05:30,1013.0499877929688,1013.0499877929688,1013.0499877929688,1013.0499877929688,1
2026-09-08 12:23:00+05:30,1012.5999755859376,1013.0499877929688,1012.5999755859376,1013.0499877929688,524
2026-09-08 12:24:00+05:30,1011.9000244140624,1012.2000122070312,1011.9000244140624,1012.0,38
2026-09-08 12:25:00+05:30,1012.4500122070312,1012.4500122070312,1011.6500244140624,1011.6500244140624,21
2026-09-08 12:26:00+05:30,1012.0999755859376,1012.7999877929688,1012.0999755859376,1012.5999755859376,163
2026-09-08 12:27:00+05:30,1013.0999755859376,1013.3499755859376,1013.0999755859376,1013.3499755859376,1437
2026-09-08 12:28:00+05:30,1013.25,1013.4000244140624,1013.25,1013.4000244140624,510
2026-09-08 12:29:00+05:30,1013.0,1013.0,1013.0,1013.0,5
2026-09-08 12:31:00+05:30,1012.9500122070312,1012.9500122070312,1012.6500244140624,1012.6500244140624,85
2026-09-08 12:32:00+05:30,1012.4500122070312,1012.4500122070312,1011.8499755859376,1011.8499755859376,190
2026-09-08 12:33:00+05:30,1011.9000244140624,1011.9000244140624,1011.5,1011.75,281
2026-09-08 12:34:00+05:30,1012.3499755859376,1012.3499755859376,1011.9000244140624,1012.0999755859376,291
2026-09-08 12:35:00+05:30,1012.0,1012.0,1011.5499877929688,1011.5499877929688,302
2026-09-08 12:36:00+05:30,1012.3499755859376,1012.3499755859376,1011.9000244140624,1011.9000244140624,21
2026-09-08 12:37:00+05:30,1012.4000244140624,1012.4000244140624,1011.9000244140624,1012.2999877929688,51
2026-09-08 12:38:00+05:30,1011.9000244140624,1012.2999877929688,1011.9000244140624,1011.9500122070312,25
2026-09-08 12:39:00+05:30,1011.9500122070312,1011.9500122070312,1011.8499755859376,1011.8499755859376,145
2026-09-08 12:40:00+05:30,1012.5999755859376,1012.5999755859376,1012.2999877929688,1012.4000244140624,19
2026-09-08 12:41:00+05:30,1012.0999755859376,1012.0999755859376,1011.9000244140624,1011.9000244140624,57
2026-09-08 12:42:00+05:30,1012.1500244140624,1012.1500244140624,1012.0999755859376,1012.0999755859376,17
2026-09-08 12:43:00+05:30,1012.0,1012.0,1012.0,1012.0,1
2026-09-08 12:44:00+05:30,1011.9500122070312,1011.9500122070312,1011.9500122070312,1011.9500122070312,21
2026-09-08 12:45:00+05:30,1012.4000244140624,1012.4000244140624,1011.9500122070312,1011.9500122070312,70
2026-09-08 12:46:00+05:30,1012.7000122070312,1012.7000122070312,1012.5,1012.5,9
2026-09-08 12:48:00+05:30,1013.0499877929688,1013.0499877929688,1012.9500122070312,1012.9500122070312,82
2026-09-08 12:49:00+05:30,1012.0999755859376,1012.7000122070312,1012.0999755859376,1012.7000122070312,1004
2026-09-08 12:50:00+05:30,1013.4000244140624,1013.4000244140624,1012.3499755859376,1012.3499755859376,11
2026-09-08 12:53:00+05:30,1013.3499755859376,1013.3499755859376,1012.9500122070312,1012.9500122070312,148
2026-09-08 12:54:00+05:30,1013.2000122070312,1013.2000122070312,1013.2000122070312,1013.2000122070312,1
2026-09-08 12:55:00+05:30,1013.4000244140624,1013.4000244140624,1013.3499755859376,1013.3499755859376,131
2026-09-08 12:56:00+05:30,1014.0,1014.0,1013.4000244140624,1013.5,1186
2026-09-08 12:57:00+05:30,1013.9500122070312,1013.9500122070312,1013.9500122070312,1013.9500122070312,10
2026-09-08 12:58:00+05:30,1012.8499755859376,1014.2999877929688,1012.8499755859376,1014.2999877929688,347
2026-09-08 12:59:00+05:30,1013.5999755859376,1013.8499755859376,1013.5999755859376,1013.8499755859376,3
2026-09-08 13:00:00+05:30,1013.2999877929688,1013.2999877929688,1012.9000244140624,1012.9000244140624,7
2026-09-08 13:01:00+05:30,1013.3499755859376,1014.0,1013.3499755859376,1013.5999755859376,18
2026-09-08 13:02:00+05:30,1013.0499877929688,1013.4500122070312,1013.0499877929688,1013.4500122070312,12
2026-09-08 13:03:00+05:30,1013.0499877929688,1013.0499877929688,1012.9000244140624,1012.9000244140624,301
2026-09-08 13:04:00+05:30,1012.7000122070312,1012.7000122070312,1012.7000122070312,1012.7000122070312,108
2026-09-08 13:05:00+05:30,1012.0499877929688,1012.0499877929688,1011.9000244140624,1011.9000244140624,315
2026-09-08 13:06:00+05:30,1012.0,1012.0,1012.0,1012.0,101
2026-09-08 13:07:00+05:30,1012.4500122070312,1012.4500122070312,1011.7999877929688,1012.0,301
2026-09-08 13:09:00+05:30,1012.5999755859376,1012.5999755859376,1012.5999755859376,1012.5999755859376,1
2026-09-08 13:10:00+05:30,1012.5999755859376,1012.5999755859376,1012.5999755859376,1012.5999755859376,9
2026-09-08 13:11:00+05:30,1012.0999755859376,1012.5999755859376,1012.0999755859376,1012.5999755859376,90
2026-09-08 13:12:00+05:30,1012.0,1012.4000244140624,1012.0,1012.4000244140624,3
2026-09-08 13:13:00+05:30,1011.2000122070312,1012.0999755859376,1011.2000122070312,1012.0999755859376,4666
2026-09-08 13:15:00+05:30,1012.0499877929688,1012.0499877929688,1011.8499755859376,1011.8499755859376,85
2026-09-08 13:16:00+05:30,1011.75,1011.75,1011.0999755859376,1011.0999755859376,52
2026-09-08 13:17:00+05:30,1011.5999755859376,1011.5999755859376,1011.5999755859376,1011.5999755859376,1
2026-09-08 13:18:00+05:30,1011.7999877929688,1011.7999877929688,1011.5999755859376,1011.5999755859376,241
2026-09-08 13:19:00+05:30,1011.0999755859376,1011.0999755859376,1011.0999755859376,1011.0999755859376,1
2026-09-08 13:20:00+05:30,1011.0999755859376,1011.7000122070312,1011.0999755859376,1011.0999755859376,36
2026-09-08 13:21:00+05:30,1011.7000122070312,1011.7000122070312,1011.4000244140624,1011.4000244140624,8
2026-09-08 13:23:00+05:30,1011.7999877929688,1011.7999877929688,1011.4000244140624,1011.4000244140624,60
2026-09-08 13:24:00+05:30,1011.7999877929688,1011.7999877929688,1011.7999877929688,1011.7999877929688,2
2026-09-08 13:25:00+05:30,1011.4000244140624,1011.8499755859376,1011.4000244140624,1011.7999877929688,364
2026-09-08 13:26:00+05:30,1010.0499877929688,1011.5999755859376,1010.0499877929688,1011.5999755859376,299
2026-09-08 13:27:00+05:30,1009.0499877929688,1010.0999755859376,1009.0499877929688,1010.0999755859376,431
2026-09-08 13:29:00+05:30,1008.5999755859376,1010.0,1008.5999755859376,1009.9000244140624,1011
2026-09-08 13:31:00+05:30,1009.6500244140624,1009.6500244140624,1009.5,1009.5,104
2026-09-08 13:33:00+05:30,1009.2000122070312,1009.2000122070312,1009.1500244140624,1009.1500244140624,2
2026-09-08 13:34:00+05:30,1009.1500244140624,1009.1500244140624,1009.1500244140624,1009.1500244140624,5
2026-09-08 13:35:00+05:30,1009.0,1009.0999755859376,1008.6500244140624,1008.6500244140624,199
2026-09-08 13:36:00+05:30,1009.0,1009.0,1009.0,1009.0,296
2026-09-08 13:37:00+05:30,1009.3499755859376,1009.3499755859376,1009.2000122070312,1009.2000122070312,325
2026-09-08 13:38:00+05:30,1008.5,1009.0999755859376,1008.5,1009.0999755859376,150
2026-09-08 13:39:00+05:30,1009.0499877929688,1009.0499877929688,1009.0499877929688,1009.0499877929688,13
2026-09-08 13:41:00+05:30,1008.9000244140624,1008.9000244140624,1008.9000244140624,1008.9000244140624,137
2026-09-08 13:42:00+05:30,1008.8499755859376,1008.9000244140624,1008.8499755859376,1008.9000244140624,83
2026-09-08 13:43:00+05:30,1009.5,1009.5,1009.5,1009.5,500
2026-09-08 13:44:00+05:30,1009.0,1009.5,1009.0,1009.5,110
2026-09-08 13:46:00+05:30,1009.2999877929688,1009.2999877929688,1009.2999877929688,1009.2999877929688,10
2026-09-08 13:47:00+05:30,1009.25,1009.4500122070312,1009.25,1009.4500122070312,50
2026-09-08 13:48:00+05:30,1009.25,1009.25,1009.25,1009.25,2
2026-09-08 13:49:00+05:30,1009.3499755859376,1009.3499755859376,1009.3499755859376,1009.3499755859376,1
2026-09-08 13:50:00+05:30,1009.0,1009.75,1009.0,1009.75,219
2026-09-08 13:51:00+05:30,1008.5,1009.4000244140624,1008.5,1009.4000244140624,301
2026-09-08 13:52:00+05:30,1009.25,1009.25,1009.25,1009.25,10
2026-09-08 13:53:00+05:30,1009.25,1009.25,1008.7000122070312,1009.25,16
2026-09-08 13:54:00+05:30,1009.2000122070312,1009.2000122070312,1009.2000122070312,1009.2000122070312,2
2026-09-08 13:55:00+05:30,1009.5,1009.5,1009.0,1009.0499877929688,106
2026-09-08 13:56:00+05:30,1009.7000122070312,1009.7000122070312,1009.1500244140624,1009.7000122070312,61
2026-09-08 13:57:00+05:30,1009.4000244140624,1009.5999755859376,1009.4000244140624,1009.5,165
2026-09-08 13:58:00+05:30,1009.6500244140624,1009.6500244140624,1009.5999755859376,1009.5999755859376,2
2026-09-08 13:59:00+05:30,1009.5999755859376,1009.5999755859376,1009.5999755859376,1009.5999755859376,50
2026-09-08 14:00:00+05:30,1009.4000244140624,1009.4000244140624,1009.4000244140624,1009.4000244140624,11
2026-09-08 14:02:00+05:30,1009.4000244140624,1009.4000244140624,1009.0,1009.0,60
2026-09-08 14:03:00+05:30,1009.4000244140624,1009.4000244140624,1008.9000244140624,1009.4000244140624,65
2026-09-08 14:04:00+05:30,1010.0,1010.0,1009.5999755859376,1009.7999877929688,218
2026-09-08 14:05:00+05:30,1010.4000244140624,1010.4000244140624,1010.4000244140624,1010.4000244140624,1
2026-09-08 14:07:00+05:30,1010.2999877929688,1010.2999877929688,1010.0,1010.0,235
2026-09-08 14:09:00+05:30,1009.6500244140624,1009.6500244140624,1009.6500244140624,1009.6500244140624,49
2026-09-08 14:10:00+05:30,1010.0,1010.0,1010.0,1010.0,21
2026-09-08 14:11:00+05:30,1010.8499755859376,1010.8499755859376,1010.8499755859376,1010.8499755859376,18
2026-09-08 14:12:00+05:30,1010.7999877929688,1010.7999877929688,1010.3499755859376,1010.3499755859376,163
2026-09-08 14:13:00+05:30,1010.4000244140624,1010.7999877929688,1010.4000244140624,1010.7999877929688,10
2026-09-08 14:16:00+05:30,1011.0,1011.0,1011.0,1011.0,2
2026-09-08 14:17:00+05:30,1010.9500122070312,1010.9500122070312,1010.9500122070312,1010.9500122070312,5
2026-09-08 14:18:00+05:30,1010.9500122070312,1010.9500122070312,1010.9500122070312,1010.9500122070312,1
2026-09-08 14:19:00+05:30,1010.4000244140624,1010.9500122070312,1010.4000244140624,1010.9500122070312,14
2026-09-08 14:20:00+05:30,1010.4000244140624,1010.4000244140624,1010.4000244140624,1010.4000244140624,7
2026-09-08 14:21:00+05:30,1010.4500122070312,1010.5499877929688,1010.4500122070312,1010.5499877929688,103
2026-09-08 14:22:00+05:30,1009.75,1009.75,1009.75,1009.75,41
2026-09-08 14:23:00+05:30,1010.25,1010.25,1010.25,1010.25,3
2026-09-08 14:24:00+05:30,1010.0999755859376,1010.0999755859376,1010.0999755859376,1010.0999755859376,5
2026-09-08 14:25:00+05:30,1009.7000122070312,1009.7000122070312,1009.7000122070312,1009.7000122070312,2
2026-09-08 14:26:00+05:30,1010.0499877929688,1010.0499877929688,1010.0499877929688,1010.0499877929688,1
2026-09-08 14:27:00+05:30,1010.0,1010.0999755859376,1009.5499877929688,1009.5499877929688,56
2026-09-08 14:28:00+05:30,1009.5,1010.0999755859376,1009.5,1010.0999755859376,76
2026-09-08 14:29:00+05:30,1009.2999877929688,1009.2999877929688,1009.2999877929688,1009.2999877929688,100
2026-09-08 14:30:00+05:30,1009.2999877929688,1009.5,1009.2999877929688,1009.5,74
2026-09-08 14:31:00+05:30,1009.75,1009.75,1009.0,1009.0,105
2026-09-08 14:32:00+05:30,1009.25,1009.4000244140624,1009.25,1009.4000244140624,52
2026-09-08 14:33:00+05:30,1009.9000244140624,1010.0,1009.9000244140624,1010.0,54
2026-09-08 14:35:00+05:30,1009.5,1009.5,1009.5,1009.5,101
2026-09-08 14:40:00+05:30,1009.5,1009.5,1009.3499755859376,1009.3499755859376,139
2026-09-08 14:41:00+05:30,1009.2999877929688,1009.9500122070312,1009.1500244140624,1009.5,308
2026-09-08 14:42:00+05:30,1009.4000244140624,1009.4000244140624,1009.3499755859376,1009.3499755859376,125
2026-09-08 14:43:00+05:30,1010.0,1010.2000122070312,1010.0,1010.2000122070312,505
2026-09-08 14:44:00+05:30,1009.5499877929688,1009.5499877929688,1009.5499877929688,1009.5499877929688,4
2026-09-08 14:45:00+05:30,1010.0,1010.0,1009.5499877929688,1010.0,7
2026-09-08 14:47:00+05:30,1009.2999877929688,1009.2999877929688,1009.2999877929688,1009.2999877929688,5
2026-09-08 14:48:00+05:30,1009.5,1009.5499877929688,1009.2999877929688,1009.5499877929688,156
2026-09-08 14:49:00+05:30,1009.3499755859376,1009.4500122070312,1009.3499755859376,1009.4500122070312,59
2026-09-08 14:50:00+05:30,1009.0,1009.7000122070312,1009.0,1009.7000122070312,54
2026-09-08 14:51:00+05:30,1009.8499755859376,1009.8499755859376,1009.0,1009.0,108
2026-09-08 14:52:00+05:30,1009.7000122070312,1009.7000122070312,1009.0499877929688,1009.0499877929688,515
2026-09-08 14:53:00+05:30,1009.4500122070312,1010.1500244140624,1009.4500122070312,1010.1500244140624,16
2026-09-08 14:54:00+05:30,1009.5499877929688,1009.5499877929688,1009.5499877929688,1009.5499877929688,30
2026-09-08 14:56:00+05:30,1010.2000122070312,1010.2000122070312,1009.3499755859376,1009.3499755859376,36
2026-09-08 14:57:00+05:30,1010.0,1010.2000122070312,1010.0,1010.2000122070312,62
2026-09-08 14:58:00+05:30,1009.9000244140624,1009.9000244140624,1009.9000244140624,1009.9000244140624,25
2026-09-08 14:59:00+05:30,1009.9000244140624,1009.9000244140624,1009.6500244140624,1009.6500244140624,29
2026-09-08 15:00:00+05:30,1009.8499755859376,1010.0,1009.7999877929688,1009.9000244140624,531
2026-09-08 15:01:00+05:30,1009.6500244140624,1010.0499877929688,1009.6500244140624,1010.0499877929688,101
2026-09-08 15:02:00+05:30,1009.7999877929688,1010.0999755859376,1009.5499877929688,1010.0999755859376,19
2026-09-08 15:03:00+05:30,1009.2000122070312,1009.8499755859376,1009.1500244140624,1009.75,336
2026-09-08 15:04:00+05:30,1009.6500244140624,1010.25,1009.1500244140624,1009.1500244140624,80
2026-09-08 15:05:00+05:30,1009.7000122070312,1009.7000122070312,1009.2000122070312,1009.6500244140624,101
2026-09-08 15:06:00+05:30,1008.7000122070312,1009.2999877929688,1008.5,1008.9000244140624,186
2026-09-08 15:07:00+05:30,1007.7000122070312,1008.5999755859376,1007.7000122070312,1008.5,642
2026-09-08 15:08:00+05:30,1007.25,1008.2000122070312,1007.25,1008.2000122070312,141
2026-09-08 15:09:00+05:30,1008.5,1008.75,1007.5,1007.5499877929688,168
2026-09-08 15:10:00+05:30,1008.0999755859376,1008.7999877929688,1008.0999755859376,1008.0999755859376,469
2026-09-08 15:11:00+05:30,1007.9000244140624,1008.9500122070312,1007.9000244140624,1008.9500122070312,85
2026-09-08 15:12:00+05:30,1009.0,1009.0,1007.5499877929688,1007.5499877929688,94
2026-09-08 15:13:00+05:30,1010.0,1010.0,1008.0,1008.75,658
2026-09-08 15:14:00+05:30,1008.0,1010.3499755859376,1008.0,1010.3499755859376,53
2026-09-08 15:28:00+05:30,1011.1500244140624,1011.1500244140624,1011.1500244140624,1011.1500244140624,387
2026-09-09 09:15:00+05:30,1016.2000122070312,1016.6500244140624,1013.75,1014.0,2352
2026-09-09 09:16:00+05:30,1014.9500122070312,1016.0,1014.0,1016.0,313
2026-09-09 09:17:00+05:30,1015.0,1015.7999877929688,1013.7000122070312,1014.0499877929688,220
2026-09-09 09:18:00+05:30,1015.7999877929688,1015.7999877929688,1014.0,1015.0,172
2026-09-09 09:19:00+05:30,1015.0,1015.7999877929688,1015.0,1015.0,216
2026-09-09 09:20:00+05:30,1014.5,1015.2000122070312,1014.0,1015.2000122070312,91
2026-09-09 09:21:00+05:30,1014.9000244140624,1015.0,1013.0,1013.0,228
2026-09-09 09:22:00+05:30,1013.5,1014.7000122070312,1013.2999877929688,1014.5,134
2026-09-09 09:23:00+05:30,1014.0999755859376,1014.25,1013.4000244140624,1014.25,29
2026-09-09 09:24:00+05:30,1015.9500122070312,1015.9500122070312,1014.4000244140624,1014.4000244140624,572
2026-09-09 09:25:00+05:30,1018.0,1018.0,1016.2000122070312,1016.2000122070312,340
2026-09-09 09:26:00+05:30,1017.6500244140624,1018.0,1017.5999755859376,1017.7999877929688,65
2026-09-09 09:27:00+05:30,1017.0,1018.0,1016.8499755859376,1016.8499755859376,142
2026-09-09 09:28:00+05:30,1019.7000122070312,1019.7000122070312,1017.9000244140624,1018.7000122070312,1038
2026-09-09 09:29:00+05:30,1017.7999877929688,1020.0,1017.7999877929688,1020.0,197
2026-09-09 09:30:00+05:30,1015.5,1018.2000122070312,1015.25,1018.2000122070312,294
2026-09-09 09:31:00+05:30,1015.5499877929688,1015.7999877929688,1015.0,1015.7999877929688,85
2026-09-09 09:32:00+05:30,1015.5,1015.7999877929688,1015.5,1015.5499877929688,80
2026-09-09 09:33:00+05:30,1015.0,1015.0,1015.0,1015.0,21
2026-09-09 09:34:00+05:30,1015.4000244140624,1015.4000244140624,1014.8499755859376,1015.0,442
2026-09-09 09:35:00+05:30,1015.1500244140624,1015.4000244140624,1014.25,1015.4000244140624,652
2026-09-09 09:36:00+05:30,1015.0,1015.0,1014.6500244140624,1014.6500244140624,11
2026-09-09 09:37:00+05:30,1014.9500122070312,1014.9500122070312,1014.2000122070312,1014.7999877929688,106
2026-09-09 09:38:00+05:30,1014.0,1014.25,1014.0,1014.25,43
2026-09-09 09:39:00+05:30,1013.2999877929688,1014.0,1013.2999877929688,1014.0,72
2026-09-09 09:40:00+05:30,1014.5499877929688,1014.7000122070312,1014.2999877929688,1014.7000122070312,89
2026-09-09 09:41:00+05:30,1013.9500122070312,1014.2999877929688,1013.5499877929688,1014.2999877929688,29
2026-09-09 09:42:00+05:30,1013.8499755859376,1013.8499755859376,1013.8499755859376,1013.8499755859376,50
2026-09-09 09:43:00+05:30,1016.75,1016.75,1014.6500244140624,1014.6500244140624,26
2026-09-09 09:44:00+05:30,1016.8499755859376,1016.8499755859376,1015.9000244140624,1015.9000244140624,309
2026-09-09 09:45:00+05:30,1016.2999877929688,1016.7999877929688,1016.2999877929688,1016.7000122070312,47
2026-09-09 09:46:00+05:30,1016.4000244140624,1016.8499755859376,1016.2999877929688,1016.2999877929688,60
2026-09-09 09:47:00+05:30,1016.0,1016.0999755859376,1015.7999877929688,1016.0999755859376,122
2026-09-09 09:48:00+05:30,1015.75,1015.9000244140624,1015.25,1015.2999877929688,232
2026-09-09 09:49:00+05:30,1015.3499755859376,1016.0,1015.0499877929688,1015.0499877929688,491
2026-09-09 09:50:00+05:30,1014.5,1015.0,1014.5,1015.0,5
2026-09-09 09:51:00+05:30,1015.5499877929688,1016.0,1014.5,1014.5,299
2026-09-09 09:52:00+05:30,1015.5499877929688,1015.5499877929688,1015.2999877929688,1015.5,27
2026-09-09 09:53:00+05:30,1016.0,1016.0,1015.5,1015.5499877929688,462
2026-09-09 09:54:00+05:30,1015.6500244140624,1016.4500122070312,1015.6500244140624,1016.4000244140624,21
2026-09-09 09:55:00+05:30,1015.5499877929688,1015.75,1015.0,1015.5999755859376,23
2026-09-09 09:56:00+05:30,1014.9000244140624,1015.0,1014.7999877929688,1015.0,90
2026-09-09 09:57:00+05:30,1015.0499877929688,1015.0499877929688,1014.5,1014.5,54
2026-09-09 09:58:00+05:30,1014.9500122070312,1015.0999755859376,1014.9500122070312,1015.0999755859376,23
2026-09-09 09:59:00+05:30,1014.0,1014.4500122070312,1013.3499755859376,1014.4500122070312,107
2026-09-09 10:00:00+05:30,1013.9500122070312,1014.4500122070312,1013.9500122070312,1014.4000244140624,21
2026-09-09 10:01:00+05:30,1011.9500122070312,1013.5,1011.9500122070312,1013.3499755859376,968
2026-09-09 10:02:00+05:30,1013.2999877929688,1013.2999877929688,1012.5,1012.5,70
2026-09-09 10:03:00+05:30,1013.0,1013.25,1013.0,1013.25,4
2026-09-09 10:04:00+05:30,1011.7999877929688,1012.8499755859376,1011.5,1012.7999877929688,246
2026-09-09 10:05:00+05:30,1011.7999877929688,1011.7999877929688,1011.0,1011.1500244140624,772
2026-09-09 10:06:00+05:30,1012.2999877929688,1012.5999755859376,1011.4000244140624,1012.0499877929688,96
2026-09-09 10:07:00+05:30,1011.25,1012.2999877929688,1011.25,1012.2999877929688,73
2026-09-09 10:08:00+05:30,1012.0,1012.0,1011.25,1011.25,39
2026-09-09 10:09:00+05:30,1013.4500122070312,1013.4500122070312,1012.5999755859376,1012.5999755859376,270
2026-09-09 10:10:00+05:30,1012.5,1013.25,1012.4500122070312,1013.25,366
2026-09-09 10:11:00+05:30,1014.75,1014.75,1012.7000122070312,1013.0,139
2026-09-09 10:12:00+05:30,1014.75,1014.75,1014.0499877929688,1014.7000122070312,67
2026-09-09 10:13:00+05:30,1014.7999877929688,1014.7999877929688,1014.0499877929688,1014.0499877929688,235
2026-09-09 10:14:00+05:30,1014.5499877929688,1014.5499877929688,1014.5499877929688,1014.5499877929688,2
2026-09-09 10:15:00+05:30,1014.7999877929688,1014.7999877929688,1014.4000244140624,1014.7999877929688,239
2026-09-09 10:16:00+05:30,1016.5,1016.5,1014.7999877929688,1014.7999877929688,446
2026-09-09 10:17:00+05:30,1016.4000244140624,1016.9500122070312,1016.4000244140624,1016.9000244140624,64
2026-09-09 10:18:00+05:30,1015.8499755859376,1016.5,1015.8499755859376,1015.8499755859376,53
2026-09-09 10:19:00+05:30,1018.0999755859376,1018.0999755859376,1016.5,1016.5,355
2026-09-09 10:20:00+05:30,1018.0999755859376,1018.0999755859376,1017.5499877929688,1017.7000122070312,64
2026-09-09 10:21:00+05:30,1017.4000244140624,1018.0,1017.4000244140624,1018.0,41
2026-09-09 10:22:00+05:30,1018.0999755859376,1018.0999755859376,1017.2000122070312,1017.9000244140624,181
2026-09-09 10:23:00+05:30,1018.0999755859376,1018.0999755859376,1017.6500244140624,1018.0999755859376,584
2026-09-09 10:24:00+05:30,1018.9500122070312,1019.0,1018.7999877929688,1018.7999877929688,88
2026-09-09 10:25:00+05:30,1018.75,1019.2999877929688,1018.6500244140624,1019.1500244140624,112
2026-09-09 10:26:00+05:30,1018.4000244140624,1019.0999755859376,1018.4000244140624,1018.4000244140624,23
2026-09-09 10:27:00+05:30,1017.5,1018.1500244140624,1017.1500244140624,1018.0999755859376,39
2026-09-09 10:28:00+05:30,1018.2999877929688,1018.2999877929688,1017.6500244140624,1017.6500244140624,11
2026-09-09 10:29:00+05:30,1017.8499755859376,1018.2999877929688,1017.8499755859376,1018.2999877929688,572
2026-09-09 10:30:00+05:30,1018.1500244140624,1018.4500122070312,1018.1500244140624,1018.4500122070312,3
2026-09-09 10:31:00+05:30,1017.9500122070312,1018.0999755859376,1017.4000244140624,1018.0999755859376,55
2026-09-09 10:32:00+05:30,1018.2000122070312,1018.2000122070312,1018.0999755859376,1018.0999755859376,21
2026-09-09 10:33:00+05:30,1018.3499755859376,1018.7000122070312,1018.0999755859376,1018.7000122070312,214
2026-09-09 10:34:00+05:30,1019.7000122070312,1020.0,1018.5999755859376,1018.5999755859376,3071
2026-09-09 10:35:00+05:30,1019.5,1019.75,1019.3499755859376,1019.7000122070312,39
2026-09-09 10:36:00+05:30,1019.0499877929688,1019.2000122070312,1018.7000122070312,1019.0,52
2026-09-09 10:37:00+05:30,1018.7999877929688,1019.1500244140624,1018.2999877929688,1019.0499877929688,146
2026-09-09 10:38:00+05:30,1018.5999755859376,1018.9500122070312,1018.1500244140624,1018.75,100
2026-09-09 10:39:00+05:30,1018.7999877929688,1019.5,1018.7999877929688,1019.5,103
2026-09-09 10:40:00+05:30,1019.0,1019.9500122070312,1019.0,1019.0499877929688,1014
2026-09-09 10:41:00+05:30,1019.75,1019.75,1018.5999755859376,1019.0,221
2026-09-09 10:42:00+05:30,1020.3499755859376,1020.7000122070312,1019.0999755859376,1019.0999755859376,178
2026-09-09 10:43:00+05:30,1021.2999877929688,1021.8499755859376,1019.5999755859376,1020.4500122070312,955
2026-09-09 10:44:00+05:30,1021.7000122070312,1021.7000122070312,1020.5,1021.3499755859376,85
2026-09-09 10:45:00+05:30,1022.0,1022.75,1021.5,1021.9000244140624,2178
2026-09-09 10:46:00+05:30,1021.5,1022.0999755859376,1021.4000244140624,1022.0,1192
2026-09-09 10:47:00+05:30,1021.4500122070312,1022.0,1020.9500122070312,1021.0,4808
2026-09-09 10:48:00+05:30,1020.9000244140624,1021.0,1020.2999877929688,1021.0,112
2026-09-09 10:49:00+05:30,1020.9000244140624,1021.2999877929688,1020.9000244140624,1021.2999877929688,241
2026-09-09 10:50:00+05:30,1021.4500122070312,1021.4500122070312,1020.6500244140624,1020.75,253
2026-09-09 10:51:00+05:30,1021.2000122070312,1021.75,1021.1500244140624,1021.75,310
2026-09-09 10:52:00+05:30,1022.0,1022.0,1021.2000122070312,1021.2000122070312,264
2026-09-09 10:53:00+05:30,1022.0,1022.0,1021.7999877929688,1022.0,2518
2026-09-09 10:54:00+05:30,1023.1500244140624,1023.75,1022.2999877929688,1022.3499755859376,775
2026-09-09 10:55:00+05:30,1024.0,1024.1500244140625,1022.9000244140624,1023.25,850
2026-09-09 10:56:00+05:30,1024.199951171875,1025.0,1023.8499755859376,1024.5,974
2026-09-09 10:57:00+05:30,1024.0,1024.75,1024.0,1024.0,505
2026-09-09 10:58:00+05:30,1024.5999755859375,1024.949951171875,1024.0,1024.0,66
2026-09-09 10:59:00+05:30,1024.4000244140625,1024.449951171875,1023.6500244140624,1024.0,420
2026-09-09 11:00:00+05:30,1024.4000244140625,1024.5999755859375,1023.4500122070312,1024.25,1445
2026-09-09 11:01:00+05:30,1025.0,1025.0,1024.300048828125,1024.4000244140625,2238
2026-09-09 11:02:00+05:30,1024.949951171875,1025.5,1024.8499755859375,1025.0,747
2026-09-09 11:03:00+05:30,1025.0,1025.0,1024.0999755859375,1024.0999755859375,269
2026-09-09 11:04:00+05:30,1025.0,1025.0,1024.5,1025.0,144
2026-09-09 11:05:00+05:30,1026.300048828125,1026.550048828125,1024.75,1025.0,412
2026-09-09 11:06:00+05:30,1026.5999755859375,1026.800048828125,1026.25,1026.300048828125,869
2026-09-09 11:07:00+05:30,1027.449951171875,1027.449951171875,1026.5999755859375,1026.5999755859375,499
2026-09-09 11:08:00+05:30,1026.949951171875,1026.949951171875,1026.949951171875,1026.949951171875,162
2026-09-09 11:09:00+05:30,1025.699951171875,1027.449951171875,1025.699951171875,1027.300048828125,142
2026-09-09 11:10:00+05:30,1026.0999755859375,1026.800048828125,1025.75,1026.699951171875,107
2026-09-09 11:11:00+05:30,1027.0999755859375,1027.0999755859375,1026.199951171875,1026.199951171875,50
2026-09-09 11:12:00+05:30,1026.6500244140625,1026.800048828125,1026.5999755859375,1026.800048828125,20
2026-09-09 11:13:00+05:30,1026.050048828125,1026.6500244140625,1025.449951171875,1026.6500244140625,764
2026-09-09 11:14:00+05:30,1026.699951171875,1026.699951171875,1026.1500244140625,1026.1500244140625,351
2026-09-09 11:15:00+05:30,1026.949951171875,1026.949951171875,1026.25,1026.5,1524
2026-09-09 11:16:00+05:30,1026.4000244140625,1026.949951171875,1026.300048828125,1026.949951171875,298
2026-09-09 11:17:00+05:30,1027.9000244140625,1027.9000244140625,1027.0999755859375,1027.0999755859375,485
2026-09-09 11:18:00+05:30,1028.0,1028.0,1027.300048828125,1027.300048828125,135
2026-09-09 11:19:00+05:30,1027.300048828125,1027.300048828125,1027.0,1027.0,62
2026-09-09 11:20:00+05:30,1028.4000244140625,1028.4000244140625,1027.3499755859375,1027.3499755859375,2064
2026-09-09 11:21:00+05:30,1027.0,1028.300048828125,1027.0,1028.199951171875,279
2026-09-09 11:22:00+05:30,1026.449951171875,1027.050048828125,1026.449951171875,1027.050048828125,70
2026-09-09 11:23:00+05:30,1027.0,1027.050048828125,1027.0,1027.0,89
2026-09-09 11:24:00+05:30,1027.0,1028.0,1027.0,1028.0,463
2026-09-09 11:25:00+05:30,1026.9000244140625,1026.949951171875,1026.800048828125,1026.949951171875,13
2026-09-09 11:26:00+05:30,1026.5999755859375,1026.9000244140625,1026.5999755859375,1026.9000244140625,2
2026-09-09 11:27:00+05:30,1027.0,1027.0,1026.5999755859375,1026.5999755859375,124
2026-09-09 11:28:00+05:30,1027.0,1027.0,1027.0,1027.0,339
2026-09-09 11:29:00+05:30,1025.0,1027.3499755859375,1025.0,1027.300048828125,25021
2026-09-09 11:30:00+05:30,1026.0,1026.199951171875,1025.449951171875,1026.199951171875,25055
2026-09-09 11:31:00+05:30,1025.75,1026.0,1025.5,1025.699951171875,202
2026-09-09 11:32:00+05:30,1026.5999755859375,1026.5999755859375,1026.3499755859375,1026.3499755859375,20
2026-09-09 11:33:00+05:30,1027.0,1027.0,1026.4000244140625,1026.6500244140625,36
2026-09-09 11:34:00+05:30,1027.300048828125,1028.0,1027.0,1028.0,132
2026-09-09 11:35:00+05:30,1027.300048828125,1027.300048828125,1027.199951171875,1027.199951171875,184
2026-09-09 11:36:00+05:30,1027.9000244140625,1027.949951171875,1027.199951171875,1027.300048828125,1142
2026-09-09 11:37:00+05:30,1027.449951171875,1027.5999755859375,1027.449951171875,1027.5999755859375,56
2026-09-09 11:38:00+05:30,1027.449951171875,1027.449951171875,1026.800048828125,1027.449951171875,144
2026-09-09 11:39:00+05:30,1027.0999755859375,1027.449951171875,1027.0999755859375,1027.449951171875,196
2026-09-09 11:40:00+05:30,1027.199951171875,1027.949951171875,1027.050048828125,1027.0999755859375,280
2026-09-09 11:41:00+05:30,1027.550048828125,1027.550048828125,1027.5,1027.550048828125,42
2026-09-09 11:42:00+05:30,1027.550048828125,1027.550048828125,1026.949951171875,1026.949951171875,34
2026-09-09 11:43:00+05:30,1028.5,1028.5,1027.0,1027.0999755859375,1042
2026-09-09 11:44:00+05:30,1027.449951171875,1029.0,1027.449951171875,1028.5,526
2026-09-09 11:45:00+05:30,1027.4000244140625,1028.1500244140625,1027.4000244140625,1027.800048828125,97
2026-09-09 11:46:00+05:30,1027.9000244140625,1027.9000244140625,1027.800048828125,1027.9000244140625,35
2026-09-09 11:47:00+05:30,1027.949951171875,1028.0,1027.5,1027.5,89
2026-09-09 11:48:00+05:30,1027.5999755859375,1027.5999755859375,1027.449951171875,1027.5,122
2026-09-09 11:49:00+05:30,1027.4000244140625,1027.4000244140625,1027.0,1027.199951171875,136
2026-09-09 11:50:00+05:30,1027.0,1027.0999755859375,1027.0,1027.0,384
2026-09-09 11:51:00+05:30,1025.550048828125,1026.5999755859375,1025.550048828125,1026.5999755859375,137
2026-09-09 11:52:00+05:30,1024.5,1025.300048828125,1024.300048828125,1025.300048828125,541
2026-09-09 11:53:00+05:30,1025.0,1025.199951171875,1025.0,1025.199951171875,72
2026-09-09 11:55:00+05:30,1025.0,1025.0999755859375,1025.0,1025.0,144
2026-09-09 11:56:00+05:30,1024.800048828125,1025.0,1024.800048828125,1025.0,29
2026-09-09 11:57:00+05:30,1024.0,1024.800048828125,1024.0,1024.800048828125,456
2026-09-09 11:58:00+05:30,1024.5,1024.5,1024.0,1024.449951171875,57
2026-09-09 11:59:00+05:30,1024.5,1024.5,1024.0,1024.199951171875,66
2026-09-09 12:00:00+05:30,1024.0,1024.5,1023.9000244140624,1024.5,375
2026-09-09 12:01:00+05:30,1024.0,1024.0,1023.0999755859376,1024.0,77
2026-09-09 12:02:00+05:30,1024.0,1024.0,1023.9000244140624,1024.0,34
2026-09-09 12:03:00+05:30,1024.5,1024.5,1024.0,1024.0,1097
2026-09-09 12:04:00+05:30,1024.8499755859375,1024.949951171875,1024.449951171875,1024.449951171875,315
2026-09-09 12:05:00+05:30,1024.5,1024.75,1024.5,1024.5999755859375,178
2026-09-09 12:06:00+05:30,1024.5999755859375,1024.5999755859375,1023.9000244140624,1024.5,267
2026-09-09 12:07:00+05:30,1024.550048828125,1024.5999755859375,1024.5,1024.5999755859375,83
2026-09-09 12:08:00+05:30,1024.550048828125,1024.550048828125,1023.5999755859376,1024.550048828125,502
2026-09-09 12:09:00+05:30,1024.550048828125,1024.550048828125,1024.4000244140625,1024.550048828125,61
2026-09-09 12:10:00+05:30,1024.9000244140625,1025.0999755859375,1024.9000244140625,1025.0,94
2026-09-09 12:11:00+05:30,1024.9000244140625,1024.9000244140625,1024.5999755859375,1024.8499755859375,365
2026-09-09 12:12:00+05:30,1025.3499755859375,1026.050048828125,1024.800048828125,1024.9000244140625,249
2026-09-09 12:13:00+05:30,1025.199951171875,1025.199951171875,1025.050048828125,1025.0999755859375,112
2026-09-09 12:14:00+05:30,1024.75,1025.449951171875,1024.75,1025.4000244140625,26
2026-09-09 12:15:00+05:30,1025.25,1025.9000244140625,1025.25,1025.8499755859375,16
2026-09-09 12:16:00+05:30,1025.5,1025.5,1025.0999755859375,1025.3499755859375,42
2026-09-09 12:17:00+05:30,1024.800048828125,1024.800048828125,1024.800048828125,1024.800048828125,20
2026-09-09 12:18:00+05:30,1024.5999755859375,1025.199951171875,1024.5999755859375,1024.800048828125,196
2026-09-09 12:19:00+05:30,1024.5999755859375,1025.0999755859375,1024.5999755859375,1025.0,30
2026-09-09 12:20:00+05:30,1025.800048828125,1025.800048828125,1025.800048828125,1025.800048828125,8
2026-09-09 12:21:00+05:30,1026.0999755859375,1026.449951171875,1026.0,1026.0,91
2026-09-09 12:22:00+05:30,1026.1500244140625,1026.1500244140625,1026.0,1026.0,10
2026-09-09 12:23:00+05:30,1026.199951171875,1026.699951171875,1026.1500244140625,1026.1500244140625,143
2026-09-09 12:24:00+05:30,1026.300048828125,1026.75,1026.300048828125,1026.75,63
2026-09-09 12:25:00+05:30,1026.0,1026.550048828125,1026.0,1026.550048828125,110
2026-09-09 12:26:00+05:30,1026.800048828125,1026.9000244140625,1026.1500244140625,1026.9000244140625,59
2026-09-09 12:27:00+05:30,1026.5999755859375,1026.5999755859375,1026.4000244140625,1026.4000244140625,31
2026-09-09 12:28:00+05:30,1027.0,1027.0,1026.449951171875,1026.9000244140625,32
2026-09-09 12:29:00+05:30,1027.5,1027.5,1027.4000244140625,1027.4000244140625,117
2026-09-09 12:30:00+05:30,1027.5,1027.5,1027.4000244140625,1027.5,78
2026-09-09 12:31:00+05:30,1026.9000244140625,1027.0,1026.8499755859375,1027.0,114
2026-09-09 12:32:00+05:30,1026.800048828125,1026.800048828125,1026.800048828125,1026.800048828125,25
2026-09-09 12:33:00+05:30,1027.5,1027.5,1026.3499755859375,1026.3499755859375,185
2026-09-09 12:34:00+05:30,1026.5,1027.5,1026.0999755859375,1027.5,90172
2026-09-09 12:35:00+05:30,1027.4000244140625,1027.4000244140625,1025.8499755859375,1025.8499755859375,119
2026-09-09 12:36:00+05:30,1027.0,1027.25,1027.0,1027.25,29
2026-09-09 12:37:00+05:30,1027.4000244140625,1027.4000244140625,1026.4000244140625,1026.4000244140625,137
2026-09-09 12:38:00+05:30,1027.949951171875,1027.949951171875,1027.5999755859375,1027.5999755859375,95
2026-09-09 12:39:00+05:30,1028.0999755859375,1028.0999755859375,1027.9000244140625,1027.9000244140625,2314
2026-09-09 12:40:00+05:30,1028.050048828125,1028.5999755859375,1028.050048828125,1028.5999755859375,207
2026-09-09 12:41:00+05:30,1028.9000244140625,1028.9000244140625,1028.300048828125,1028.300048828125,21
2026-09-09 12:42:00+05:30,1029.9000244140625,1030.0,1029.0,1029.0,998
2026-09-09 12:43:00+05:30,1030.75,1030.75,1029.949951171875,1030.0,1285
2026-09-09 12:44:00+05:30,1031.0999755859375,1031.4000244140625,1030.5,1031.0999755859375,1091
2026-09-09 12:45:00+05:30,1030.800048828125,1031.300048828125,1030.0,1031.25,1226
2026-09-09 12:46:00+05:30,1030.199951171875,1030.800048828125,1030.199951171875,1030.800048828125,228
2026-09-09 12:47:00+05:30,1030.800048828125,1031.0,1030.199951171875,1030.199951171875,1526
2026-09-09 12:48:00+05:30,1031.0,1031.0,1030.5999755859375,1030.5999755859375,1331
2026-09-09 12:49:00+05:30,1031.0999755859375,1031.0999755859375,1030.9000244140625,1030.9000244140625,807
2026-09-09 12:50:00+05:30,1031.199951171875,1031.4000244140625,1031.199951171875,1031.4000244140625,67
2026-09-09 12:51:00+05:30,1030.699951171875,1031.199951171875,1030.699951171875,1031.199951171875,304
2026-09-09 12:52:00+05:30,1030.5,1030.699951171875,1030.5,1030.699951171875,726
2026-09-09 12:53:00+05:30,1030.5,1030.5999755859375,1030.5,1030.5999755859375,183
2026-09-09 12:54:00+05:30,1030.5999755859375,1030.5999755859375,1030.0,1030.5999755859375,826
2026-09-09 12:55:00+05:30,1031.050048828125,1031.050048828125,1030.5999755859375,1030.5999755859375,98
2026-09-09 12:56:00+05:30,1031.199951171875,1031.199951171875,1030.9000244140625,1031.199951171875,183
2026-09-09 12:57:00+05:30,1032.0,1032.0,1031.9000244140625,1031.9000244140625,141
2026-09-09 12:58:00+05:30,1031.5,1032.0,1031.5,1032.0,174
2026-09-09 12:59:00+05:30,1031.0,1032.0999755859375,1031.0,1031.9000244140625,399
2026-09-09 13:00:00+05:30,1031.949951171875,1031.949951171875,1031.6500244140625,1031.6500244140625,134
2026-09-09 13:01:00+05:30,1031.9000244140625,1031.9000244140625,1031.9000244140625,1031.9000244140625,51
2026-09-09 13:02:00+05:30,1031.9000244140625,1032.050048828125,1031.9000244140625,1032.0,252
2026-09-09 13:03:00+05:30,1031.75,1031.75,1030.949951171875,1030.949951171875,22
2026-09-09 13:04:00+05:30,1029.949951171875,1031.699951171875,1029.3499755859375,1031.699951171875,1464
2026-09-09 13:06:00+05:30,1030.199951171875,1030.199951171875,1029.5999755859375,1029.5999755859375,308
2026-09-09 13:07:00+05:30,1030.9000244140625,1031.25,1030.9000244140625,1031.199951171875,104
2026-09-09 13:08:00+05:30,1030.9000244140625,1030.9000244140625,1030.5999755859375,1030.5999755859375,69
2026-09-09 13:09:00+05:30,1030.9000244140625,1030.9000244140625,1030.449951171875,1030.5999755859375,53
2026-09-09 13:10:00+05:30,1030.5999755859375,1030.9000244140625,1030.5999755859375,1030.9000244140625,71
2026-09-09 13:11:00+05:30,1030.8499755859375,1030.9000244140625,1030.75,1030.9000244140625,101
2026-09-09 13:12:00+05:30,1029.5999755859375,1030.75,1029.5999755859375,1030.300048828125,428
2026-09-09 13:13:00+05:30,1030.5999755859375,1030.5999755859375,1029.800048828125,1029.800048828125,55
2026-09-09 13:14:00+05:30,1030.9000244140625,1030.9000244140625,1030.699951171875,1030.699951171875,22
2026-09-09 13:15:00+05:30,1030.5999755859375,1030.9000244140625,1030.5999755859375,1030.9000244140625,128
2026-09-09 13:16:00+05:30,1030.0999755859375,1030.5999755859375,1030.0999755859375,1030.5999755859375,7
2026-09-09 13:17:00+05:30,1030.4000244140625,1030.5999755859375,1030.0999755859375,1030.0999755859375,751
2026-09-09 13:18:00+05:30,1030.800048828125,1030.800048828125,1030.5999755859375,1030.5999755859375,23
2026-09-09 13:19:00+05:30,1030.9000244140625,1030.9000244140625,1030.699951171875,1030.9000244140625,130
2026-09-09 13:20:00+05:30,1030.949951171875,1030.949951171875,1030.4000244140625,1030.9000244140625,59
2026-09-09 13:21:00+05:30,1031.0,1031.0,1030.949951171875,1030.949951171875,323
2026-09-09 13:22:00+05:30,1029.3499755859375,1030.75,1029.3499755859375,1030.75,30
2026-09-09 13:23:00+05:30,1030.300048828125,1030.300048828125,1030.0999755859375,1030.0999755859375,55
2026-09-09 13:24:00+05:30,1029.449951171875,1030.1500244140625,1029.449951171875,1030.0999755859375,36
2026-09-09 13:25:00+05:30,1029.5999755859375,1029.5999755859375,1029.5999755859375,1029.5999755859375,2
2026-09-09 13:26:00+05:30,1030.0,1030.0,1029.5999755859375,1029.5999755859375,244
2026-09-09 13:27:00+05:30,1030.0999755859375,1030.0999755859375,1029.699951171875,1029.699951171875,251
2026-09-09 13:28:00+05:30,1030.0999755859375,1030.0999755859375,1030.0999755859375,1030.0999755859375,10
2026-09-09 13:29:00+05:30,1030.199951171875,1030.9000244140625,1030.199951171875,1030.9000244140625,127
2026-09-09 13:30:00+05:30,1029.5,1029.5999755859375,1029.0,1029.5999755859375,142
2026-09-09 13:31:00+05:30,1030.6500244140625,1030.6500244140625,1029.25,1029.5999755859375,450
2026-09-09 13:32:00+05:30,1029.699951171875,1030.0,1029.699951171875,1030.0,77
2026-09-09 13:33:00+05:30,1030.4000244140625,1030.4000244140625,1030.4000244140625,1030.4000244140625,7
2026-09-09 13:34:00+05:30,1030.5999755859375,1030.5999755859375,1029.9000244140625,1030.449951171875,119
2026-09-09 13:35:00+05:30,1030.199951171875,1030.800048828125,1030.1500244140625,1030.800048828125,24
2026-09-09 13:36:00+05:30,1030.300048828125,1030.699951171875,1030.300048828125,1030.4000244140625,81
2026-09-09 13:37:00+05:30,1030.75,1030.75,1030.5,1030.5,26
2026-09-09 13:38:00+05:30,1029.550048828125,1030.75,1029.550048828125,1030.75,462
2026-09-09 13:39:00+05:30,1030.0,1030.0,1030.0,1030.0,11
2026-09-09 13:40:00+05:30,1029.699951171875,1030.25,1029.550048828125,1030.25,118
2026-09-09 13:41:00+05:30,1029.949951171875,1029.949951171875,1029.699951171875,1029.699951171875,51
2026-09-09 13:42:00+05:30,1029.949951171875,1029.949951171875,1029.949951171875,1029.949951171875,1
2026-09-09 13:45:00+05:30,1029.949951171875,1029.949951171875,1029.949951171875,1029.949951171875,1
2026-09-09 13:46:00+05:30,1030.0,1030.0,1028.75,1029.5999755859375,117
2026-09-09 13:47:00+05:30,1030.0,1030.0,1030.0,1030.0,31
2026-09-09 13:48:00+05:30,1029.699951171875,1029.800048828125,1028.949951171875,1029.800048828125,25
2026-09-09 13:49:00+05:30,1029.949951171875,1029.949951171875,1029.949951171875,1029.949951171875,4
2026-09-09 13:50:00+05:30,1029.6500244140625,1029.75,1029.1500244140625,1029.75,211
2026-09-09 13:51:00+05:30,1029.050048828125,1029.0999755859375,1028.4000244140625,1029.0999755859375,257
2026-09-09 13:52:00+05:30,1029.0,1029.0,1028.9000244140625,1028.9000244140625,63
2026-09-09 13:53:00+05:30,1028.8499755859375,1029.050048828125,1028.8499755859375,1029.050048828125,15
2026-09-09 13:54:00+05:30,1028.4000244140625,1028.4000244140625,1028.0,1028.0,60
2026-09-09 13:55:00+05:30,1028.4000244140625,1028.800048828125,1028.4000244140625,1028.4000244140625,17
2026-09-09 13:56:00+05:30,1028.0999755859375,1028.4000244140625,1027.75,1028.4000244140625,249
2026-09-09 13:57:00+05:30,1028.5,1028.5,1028.5,1028.5,9
2026-09-09 13:58:00+05:30,1028.300048828125,1028.5,1028.0999755859375,1028.5,36
2026-09-09 13:59:00+05:30,1028.0999755859375,1028.5999755859375,1028.0999755859375,1028.300048828125,92
2026-09-09 14:00:00+05:30,1028.5999755859375,1028.5999755859375,1028.5999755859375,1028.5999755859375,50
2026-09-09 14:01:00+05:30,1028.0,1028.449951171875,1028.0,1028.0,10
2026-09-09 14:02:00+05:30,1027.800048828125,1028.0,1027.800048828125,1028.0,118
2026-09-09 14:03:00+05:30,1028.0,1028.0,1027.800048828125,1027.800048828125,60
2026-09-09 14:04:00+05:30,1027.800048828125,1028.0,1027.800048828125,1028.0,56
2026-09-09 14:05:00+05:30,1027.4000244140625,1027.6500244140625,1027.25,1027.25,135
2026-09-09 14:06:00+05:30,1027.4000244140625,1027.4000244140625,1027.0,1027.4000244140625,642
2026-09-09 14:07:00+05:30,1027.199951171875,1027.4000244140625,1027.199951171875,1027.4000244140625,100
2026-09-09 14:08:00+05:30,1027.0,1027.0,1027.0,1027.0,1
2026-09-09 14:09:00+05:30,1026.800048828125,1026.800048828125,1026.300048828125,1026.300048828125,41
2026-09-09 14:10:00+05:30,1026.5999755859375,1027.0,1026.4000244140625,1027.0,201
2026-09-09 14:11:00+05:30,1026.5,1026.75,1026.0999755859375,1026.75,456
2026-09-09 14:12:00+05:30,1026.0,1026.25,1026.0,1026.25,305
2026-09-09 14:13:00+05:30,1026.4000244140625,1026.5,1026.4000244140625,1026.5,102
2026-09-09 14:14:00+05:30,1026.0,1026.0,1026.0,1026.0,1082
2026-09-09 14:15:00+05:30,1026.0,1026.0,1025.9000244140625,1025.9000244140625,282
2026-09-09 14:16:00+05:30,1026.0,1026.0,1025.75,1026.0,1663
2026-09-09 14:17:00+05:30,1026.0,1026.0,1025.9000244140625,1025.9000244140625,67
2026-09-09 14:18:00+05:30,1026.0,1026.0,1025.9000244140625,1026.0,1152
2026-09-09 14:19:00+05:30,1026.0,1026.0,1025.800048828125,1025.9000244140625,2797
2026-09-09 14:20:00+05:30,1026.0,1026.0,1025.9000244140625,1025.9000244140625,1347
2026-09-09 14:21:00+05:30,1026.0,1026.75,1025.9000244140625,1026.0,9838
2026-09-09 14:22:00+05:30,1026.0,1026.0,1026.0,1026.0,8533
2026-09-09 14:23:00+05:30,1026.0,1026.1500244140625,1026.0,1026.0,37395
2026-09-09 14:24:00+05:30,1026.0,1026.0,1026.0,1026.0,13384
2026-09-09 14:25:00+05:30,1026.0,1026.0,1025.9000244140625,1026.0,110
2026-09-09 14:26:00+05:30,1025.8499755859375,1026.0,1025.8499755859375,1026.0,231
2026-09-09 14:27:00+05:30,1025.449951171875,1025.800048828125,1025.449951171875,1025.800048828125,153
2026-09-09 14:28:00+05:30,1025.9000244140625,1025.9000244140625,1025.0,1025.300048828125,1644
2026-09-09 14:29:00+05:30,1026.0,1026.0,1026.0,1026.0,1554
2026-09-09 14:30:00+05:30,1025.75,1026.0,1025.6500244140625,1025.6500244140625,190
2026-09-09 14:31:00+05:30,1025.6500244140625,1025.6500244140625,1025.300048828125,1025.6500244140625,34
2026-09-09 14:32:00+05:30,1025.5999755859375,1026.0,1025.5999755859375,1025.6500244140625,218
2026-09-09 14:33:00+05:30,1025.5999755859375,1025.5999755859375,1025.5,1025.5999755859375,74
2026-09-09 14:34:00+05:30,1025.0,1025.9000244140625,1025.0,1025.9000244140625,1173
2026-09-09 14:35:00+05:30,1025.0,1025.0,1024.9000244140625,1025.0,4320
2026-09-09 14:36:00+05:30,1025.0,1025.0,1024.699951171875,1025.0,142
2026-09-09 14:37:00+05:30,1024.0999755859375,1024.949951171875,1024.0999755859375,1024.949951171875,415
2026-09-09 14:38:00+05:30,1023.75,1024.75,1023.75,1024.4000244140625,4530
2026-09-09 14:39:00+05:30,1023.9000244140624,1024.550048828125,1023.3499755859376,1024.199951171875,197
2026-09-09 14:40:00+05:30,1023.7999877929688,1024.0,1023.2999877929688,1023.2999877929688,241
2026-09-09 14:41:00+05:30,1024.0,1024.0,1023.2000122070312,1023.2000122070312,67
2026-09-09 14:42:00+05:30,1023.7000122070312,1024.199951171875,1023.7000122070312,1024.199951171875,213
2026-09-09 14:43:00+05:30,1023.5,1023.8499755859376,1023.5,1023.7999877929688,1540
2026-09-09 14:44:00+05:30,1023.5,1023.5,1022.5999755859376,1023.2000122070312,421
2026-09-09 14:45:00+05:30,1023.2999877929688,1023.5,1023.2000122070312,1023.5,412
2026-09-09 14:46:00+05:30,1022.9000244140624,1023.2999877929688,1022.9000244140624,1023.2999877929688,91
2026-09-09 14:47:00+05:30,1023.25,1023.4500122070312,1022.6500244140624,1023.0,109
2026-09-09 14:48:00+05:30,1023.7999877929688,1023.9000244140624,1023.2000122070312,1023.2999877929688,128
2026-09-09 14:49:00+05:30,1023.7999877929688,1023.8499755859376,1023.7000122070312,1023.8499755859376,18
2026-09-09 14:50:00+05:30,1024.0,1024.300048828125,1023.25,1024.199951171875,3857
2026-09-09 14:51:00+05:30,1023.25,1024.0,1023.25,1024.0,89
2026-09-09 14:52:00+05:30,1023.8499755859376,1024.0,1023.4000244140624,1023.4500122070312,293
2026-09-09 14:53:00+05:30,1023.7000122070312,1023.9000244140624,1023.7000122070312,1023.9000244140624,164
2026-09-09 14:54:00+05:30,1023.7999877929688,1024.699951171875,1023.7000122070312,1024.0,874
2026-09-09 14:55:00+05:30,1024.0,1024.0,1023.3499755859376,1023.7999877929688,124
2026-09-09 14:56:00+05:30,1023.7000122070312,1023.9000244140624,1023.0,1023.9000244140624,375
2026-09-09 14:57:00+05:30,1023.5,1023.5,1023.5,1023.5,100
2026-09-09 14:58:00+05:30,1023.0,1023.0,1023.0,1023.0,113
2026-09-09 14:59:00+05:30,1023.3499755859376,1023.3499755859376,1023.0,1023.0,13
2026-09-09 15:00:00+05:30,1022.0,1023.0,1022.0,1023.0,688
2026-09-09 15:01:00+05:30,1021.0,1022.2000122070312,1021.0,1021.9000244140624,871
2026-09-09 15:02:00+05:30,1021.0999755859376,1021.5499877929688,1021.0999755859376,1021.5,15
2026-09-09 15:03:00+05:30,1021.0999755859376,1021.4500122070312,1021.0999755859376,1021.4500122070312,868
2026-09-09 15:04:00+05:30,1021.75,1022.25,1021.0,1021.1500244140624,393
2026-09-09 15:05:00+05:30,1021.5,1021.75,1020.7999877929688,1021.75,1878
2026-09-09 15:06:00+05:30,1021.0,1021.3499755859376,1021.0,1021.0,14
2026-09-09 15:07:00+05:30,1021.9500122070312,1021.9500122070312,1021.0,1021.0,935
2026-09-09 15:08:00+05:30,1022.2999877929688,1023.0999755859376,1021.9500122070312,1021.9500122070312,1182
2026-09-09 15:09:00+05:30,1022.0499877929688,1022.7000122070312,1022.0499877929688,1022.2999877929688,72
2026-09-09 15:10:00+05:30,1020.7999877929688,1022.25,1020.7999877929688,1022.25,949
2026-09-09 15:11:00+05:30,1021.3499755859376,1021.7000122070312,1020.7999877929688,1021.5499877929688,1110
2026-09-09 15:12:00+05:30,1021.7999877929688,1022.2999877929688,1021.1500244140624,1021.7000122070312,1016
2026-09-09 15:13:00+05:30,1020.8499755859376,1022.4000244140624,1020.8499755859376,1022.4000244140624,192
2026-09-09 15:14:00+05:30,1021.0999755859376,1023.4500122070312,1020.8499755859376,1023.4500122070312,586
2026-09-09 15:28:00+05:30,1025.0,1025.0,1025.0,1025.0,756
2026-09-10 09:15:00+05:30,1024.699951171875,1030.0,1024.0,1030.0,1264
2026-09-10 09:16:00+05:30,1026.0,1027.1500244140625,1023.0,1025.0999755859375,330
2026-09-10 09:17:00+05:30,1024.5999755859375,1026.300048828125,1023.7000122070312,1026.300048828125,252
2026-09-10 09:18:00+05:30,1026.0,1026.5,1025.5,1025.5,1526
2026-09-10 09:19:00+05:30,1024.25,1026.0,1024.25,1025.0999755859375,145
2026-09-10 09:20:00+05:30,1023.0,1023.7000122070312,1023.0,1023.7000122070312,46
2026-09-10 09:21:00+05:30,1023.0,1023.0,1023.0,1023.0,75
2026-09-10 09:22:00+05:30,1022.2000122070312,1023.0,1022.2000122070312,1023.0,178
2026-09-10 09:23:00+05:30,1023.8499755859376,1023.8499755859376,1022.7999877929688,1023.5999755859376,1184
2026-09-10 09:24:00+05:30,1023.5499877929688,1024.199951171875,1023.5499877929688,1023.9500122070312,33
2026-09-10 09:25:00+05:30,1024.4000244140625,1024.4000244140625,1024.4000244140625,1024.4000244140625,89
2026-09-10 09:26:00+05:30,1023.7000122070312,1023.7000122070312,1023.5999755859376,1023.5999755859376,504
2026-09-10 09:27:00+05:30,1024.0,1024.0,1024.0,1024.0,150
2026-09-10 09:28:00+05:30,1024.0,1024.8499755859375,1024.0,1024.8499755859375,36
2026-09-10 09:29:00+05:30,1023.0,1023.75,1023.0,1023.0,515
2026-09-10 09:30:00+05:30,1023.0,1023.0,1023.0,1023.0,336
2026-09-10 09:32:00+05:30,1023.2000122070312,1023.2000122070312,1022.7999877929688,1022.7999877929688,20
2026-09-10 09:33:00+05:30,1022.7999877929688,1023.2000122070312,1022.7999877929688,1023.2000122070312,119
2026-09-10 09:34:00+05:30,1023.0,1023.0,1023.0,1023.0,1
2026-09-10 09:36:00+05:30,1023.1500244140624,1023.4000244140624,1023.1500244140624,1023.4000244140624,55
2026-09-10 09:37:00+05:30,1023.7999877929688,1023.7999877929688,1023.7999877929688,1023.7999877929688,100
2026-09-10 09:38:00+05:30,1023.6500244140624,1023.6500244140624,1023.6500244140624,1023.6500244140624,400
2026-09-10 09:39:00+05:30,1024.0,1024.0,1022.9500122070312,1022.9500122070312,218
2026-09-10 09:41:00+05:30,1024.0,1024.0,1024.0,1024.0,15
2026-09-10 09:42:00+05:30,1023.4000244140624,1023.9000244140624,1023.4000244140624,1023.9000244140624,11
2026-09-10 09:43:00+05:30,1024.0999755859375,1024.0999755859375,1023.9000244140624,1024.0999755859375,202
2026-09-10 09:44:00+05:30,1023.9500122070312,1024.3499755859375,1023.4500122070312,1023.7000122070312,105
2026-09-10 09:45:00+05:30,1022.0,1023.1500244140624,1022.0,1023.1500244140624,402
2026-09-10 09:47:00+05:30,1022.5999755859376,1022.5999755859376,1022.5999755859376,1022.5999755859376,1
2026-09-10 09:49:00+05:30,1023.0,1023.0,1023.0,1023.0,1
2026-09-10 09:50:00+05:30,1022.5499877929688,1023.0,1022.5499877929688,1023.0,184
2026-09-10 09:52:00+05:30,1023.2999877929688,1023.2999877929688,1023.2999877929688,1023.2999877929688,10
2026-09-10 09:53:00+05:30,1023.0499877929688,1023.0499877929688,1023.0499877929688,1023.0499877929688,4
2026-09-10 09:54:00+05:30,1022.2999877929688,1022.2999877929688,1022.2999877929688,1022.2999877929688,21
2026-09-10 09:55:00+05:30,1023.0499877929688,1023.0499877929688,1023.0499877929688,1023.0499877929688,100
2026-09-10 09:56:00+05:30,1022.7999877929688,1022.7999877929688,1022.2999877929688,1022.2999877929688,77
2026-09-10 09:58:00+05:30,1023.2000122070312,1023.2000122070312,1023.2000122070312,1023.2000122070312,30
2026-09-10 10:01:00+05:30,1022.25,1022.25,1022.25,1022.25,10
2026-09-10 10:02:00+05:30,1021.0,1022.0,1021.0,1022.0,322
2026-09-10 10:04:00+05:30,1022.4500122070312,1022.4500122070312,1021.0,1021.0,31
2026-09-10 10:07:00+05:30,1021.0,1021.0,1020.9000244140624,1020.9000244140624,60
2026-09-10 10:08:00+05:30,1020.5999755859376,1022.4500122070312,1020.5999755859376,1022.4500122070312,107
2026-09-10 10:09:00+05:30,1020.7000122070312,1021.7000122070312,1020.7000122070312,1021.7000122070312,18
2026-09-10 10:11:00+05:30,1021.5999755859376,1021.7999877929688,1021.5999755859376,1021.7999877929688,59
2026-09-10 10:12:00+05:30,1020.3499755859376,1021.2999877929688,1020.3499755859376,1020.5499877929688,66
2026-09-10 10:14:00+05:30,1020.0,1020.0,1020.0,1020.0,148
2026-09-10 10:15:00+05:30,1021.5,1021.5,1021.5,1021.5,200
2026-09-10 10:17:00+05:30,1022.5,1022.5,1021.5,1021.5,145
2026-09-10 10:19:00+05:30,1023.0,1023.0,1023.0,1023.0,293
2026-09-10 10:20:00+05:30,1022.0,1022.5,1022.0,1022.5,16
2026-09-10 10:21:00+05:30,1022.0499877929688,1022.0499877929688,1022.0499877929688,1022.0499877929688,1
2026-09-10 10:22:00+05:30,1022.0499877929688,1022.0499877929688,1022.0499877929688,1022.0499877929688,1
2026-09-10 10:23:00+05:30,1021.75,1022.25,1021.75,1022.25,7
2026-09-10 10:24:00+05:30,1022.5999755859376,1022.5999755859376,1022.5999755859376,1022.5999755859376,10
2026-09-10 10:25:00+05:30,1021.5999755859376,1021.5999755859376,1021.5999755859376,1021.5999755859376,74
2026-09-10 10:26:00+05:30,1021.5999755859376,1022.2999877929688,1021.5999755859376,1022.2999877929688,15
2026-09-10 10:27:00+05:30,1022.1500244140624,1022.1500244140624,1022.1500244140624,1022.1500244140624,3
2026-09-10 10:28:00+05:30,1022.1500244140624,1022.1500244140624,1021.5499877929688,1021.5499877929688,6
2026-09-10 10:29:00+05:30,1021.9000244140624,1021.9000244140624,1021.5,1021.5,6
2026-09-10 10:30:00+05:30,1021.9000244140624,1021.9000244140624,1021.9000244140624,1021.9000244140624,3
2026-09-10 10:32:00+05:30,1021.4000244140624,1021.75,1021.4000244140624,1021.75,19
2026-09-10 10:34:00+05:30,1021.9500122070312,1021.9500122070312,1021.9000244140624,1021.9000244140624,35
2026-09-10 10:35:00+05:30,1021.5,1021.5,1021.5,1021.5,10
2026-09-10 10:36:00+05:30,1021.5,1021.5,1021.5,1021.5,6
2026-09-10 10:37:00+05:30,1020.9500122070312,1020.9500122070312,1020.9500122070312,1020.9500122070312,50
2026-09-10 10:38:00+05:30,1022.4000244140624,1022.4000244140624,1021.9500122070312,1021.9500122070312,57
2026-09-10 10:39:00+05:30,1022.0,1022.0,1022.0,1022.0,5
2026-09-10 10:42:00+05:30,1021.25,1021.25,1021.25,1021.25,10
2026-09-10 10:45:00+05:30,1020.9500122070312,1021.0,1020.9500122070312,1021.0,13
2026-09-10 10:47:00+05:30,1019.0499877929688,1020.0,1018.75,1020.0,313
2026-09-10 10:52:00+05:30,1018.5999755859376,1018.5999755859376,1018.5999755859376,1018.5999755859376,19
2026-09-10 10:53:00+05:30,1018.0,1018.0,1018.0,1018.0,6
2026-09-10 10:54:00+05:30,1018.0,1018.0,1018.0,1018.0,2
2026-09-10 10:55:00+05:30,1018.0,1018.0,1017.0,1017.0,14
2026-09-10 10:56:00+05:30,1018.0,1018.0,1018.0,1018.0,10
2026-09-10 10:58:00+05:30,1017.0,1018.0,1017.0,1018.0,4
2026-09-10 10:59:00+05:30,1016.7999877929688,1017.0,1016.7999877929688,1017.0,64
2026-09-10 11:00:00+05:30,1016.9000244140624,1016.9000244140624,1016.9000244140624,1016.9000244140624,1
2026-09-10 11:02:00+05:30,1016.9500122070312,1016.9500122070312,1016.9500122070312,1016.9500122070312,1
2026-09-10 11:04:00+05:30,1016.9500122070312,1016.9500122070312,1016.9500122070312,1016.9500122070312,25
2026-09-10 11:05:00+05:30,1017.0,1017.0,1017.0,1017.0,250
2026-09-10 11:07:00+05:30,1017.0,1017.0,1017.0,1017.0,30
2026-09-10 11:11:00+05:30,1016.5,1016.5,1016.5,1016.5,2
2026-09-10 11:12:00+05:30,1016.5,1016.5,1016.5,1016.5,3
2026-09-10 11:14:00+05:30,1017.7999877929688,1017.7999877929688,1017.7999877929688,1017.7999877929688,1
2026-09-10 11:15:00+05:30,1017.5,1017.5,1017.5,1017.5,50
2026-09-10 11:18:00+05:30,1017.2999877929688,1017.2999877929688,1017.2999877929688,1017.2999877929688,1
2026-09-10 11:20:00+05:30,1016.25,1016.25,1016.25,1016.25,1
2026-09-10 11:21:00+05:30,1016.0,1016.0,1016.0,1016.0,60
2026-09-10 11:22:00+05:30,1015.5,1015.5,1015.5,1015.5,8
2026-09-10 11:25:00+05:30,1015.75,1015.75,1015.75,1015.75,116
2026-09-10 11:27:00+05:30,1015.5,1016.0,1015.5,1016.0,391
2026-09-10 11:28:00+05:30,1014.7999877929688,1014.9000244140624,1014.7999877929688,1014.9000244140624,227
2026-09-10 11:33:00+05:30,1014.2999877929688,1014.9000244140624,1014.2999877929688,1014.9000244140624,102
2026-09-10 11:34:00+05:30,1014.9500122070312,1014.9500122070312,1014.9000244140624,1014.9000244140624,9
2026-09-10 11:35:00+05:30,1013.9000244140624,1014.0,1013.9000244140624,1014.0,82
2026-09-10 11:36:00+05:30,1014.8499755859376,1014.8499755859376,1014.0,1014.0,48
2026-09-10 11:37:00+05:30,1014.5999755859376,1014.5999755859376,1014.5999755859376,1014.5999755859376,1
2026-09-10 11:41:00+05:30,1014.2999877929688,1014.2999877929688,1014.2999877929688,1014.2999877929688,1
2026-09-10 11:42:00+05:30,1013.2000122070312,1013.25,1013.2000122070312,1013.25,25
2026-09-10 11:43:00+05:30,1013.2000122070312,1013.2000122070312,1013.2000122070312,1013.2000122070312,65
2026-09-10 11:45:00+05:30,1013.0999755859376,1013.0999755859376,1013.0999755859376,1013.0999755859376,2
2026-09-10 11:48:00+05:30,1014.2000122070312,1014.2000122070312,1013.25,1014.0499877929688,158
2026-09-10 11:49:00+05:30,1014.1500244140624,1014.5999755859376,1014.1500244140624,1014.5999755859376,17
2026-09-10 11:50:00+05:30,1013.5499877929688,1014.0,1013.5499877929688,1014.0,4
2026-09-10 11:51:00+05:30,1014.5499877929688,1014.5499877929688,1014.5499877929688,1014.5499877929688,2
2026-09-10 11:53:00+05:30,1014.5499877929688,1014.5499877929688,1014.5499877929688,1014.5499877929688,2
2026-09-10 11:54:00+05:30,1014.25,1014.75,1014.25,1014.75,86
2026-09-10 11:56:00+05:30,1014.9000244140624,1014.9000244140624,1014.9000244140624,1014.9000244140624,1
2026-09-10 11:59:00+05:30,1014.9000244140624,1014.9000244140624,1014.25,1014.25,13
2026-09-10 12:00:00+05:30,1015.0,1015.0,1015.0,1015.0,1
2026-09-10 12:01:00+05:30,1015.2000122070312,1015.2000122070312,1015.2000122070312,1015.2000122070312,4
2026-09-10 12:02:00+05:30,1015.7999877929688,1015.7999877929688,1015.7999877929688,1015.7999877929688,5
2026-09-10 12:04:00+05:30,1015.0999755859376,1016.0499877929688,1015.0999755859376,1016.0499877929688,5
2026-09-10 12:05:00+05:30,1015.8499755859376,1015.8499755859376,1015.8499755859376,1015.8499755859376,5
2026-09-10 12:07:00+05:30,1015.9000244140624,1015.9000244140624,1015.9000244140624,1015.9000244140624,8
2026-09-10 12:08:00+05:30,1014.0,1014.0,1014.0,1014.0,545
2026-09-10 12:11:00+05:30,1015.0999755859376,1015.0999755859376,1014.7999877929688,1014.7999877929688,53
2026-09-10 12:14:00+05:30,1015.6500244140624,1015.6500244140624,1015.6500244140624,1015.6500244140624,1
2026-09-10 12:15:00+05:30,1016.4500122070312,1016.4500122070312,1016.4500122070312,1016.4500122070312,26
2026-09-10 12:16:00+05:30,1016.9500122070312,1016.9500122070312,1016.9500122070312,1016.9500122070312,6
2026-09-10 12:17:00+05:30,1017.0,1017.0,1017.0,1017.0,25
2026-09-10 12:19:00+05:30,1017.4500122070312,1017.4500122070312,1017.4500122070312,1017.4500122070312,1
2026-09-10 12:20:00+05:30,1017.2000122070312,1017.2000122070312,1017.0,1017.0,35
2026-09-10 12:21:00+05:30,1017.25,1017.25,1017.0,1017.0,60
2026-09-10 12:22:00+05:30,1017.4500122070312,1017.4500122070312,1017.4500122070312,1017.4500122070312,181
2026-09-10 12:23:00+05:30,1017.0,1017.0,1017.0,1017.0,81
2026-09-10 12:25:00+05:30,1016.6500244140624,1017.0,1016.6500244140624,1017.0,75
2026-09-10 12:27:00+05:30,1016.5499877929688,1016.5499877929688,1016.0,1016.0,32
2026-09-10 12:28:00+05:30,1016.0,1016.0,1016.0,1016.0,2
2026-09-10 12:30:00+05:30,1015.75,1015.75,1015.75,1015.75,1
2026-09-10 12:33:00+05:30,1016.4000244140624,1016.4000244140624,1016.4000244140624,1016.4000244140624,1
2026-09-10 12:34:00+05:30,1015.5999755859376,1015.5999755859376,1015.5999755859376,1015.5999755859376,4
2026-09-10 12:36:00+05:30,1015.5499877929688,1015.5499877929688,1015.5499877929688,1015.5499877929688,23
2026-09-10 12:40:00+05:30,1015.0,1015.9500122070312,1015.0,1015.5499877929688,527
2026-09-10 12:41:00+05:30,1014.75,1014.75,1014.75,1014.75,6
2026-09-10 12:44:00+05:30,1014.2000122070312,1015.3499755859376,1014.2000122070312,1014.75,604
2026-09-10 12:45:00+05:30,1013.5999755859376,1014.75,1013.5999755859376,1014.25,506
2026-09-10 12:46:00+05:30,1012.4500122070312,1013.0,1012.4500122070312,1013.0,176
2026-09-10 12:47:00+05:30,1013.0,1013.0,1012.4500122070312,1012.4500122070312,23
2026-09-10 12:48:00+05:30,1012.75,1012.75,1012.75,1012.75,1
2026-09-10 12:49:00+05:30,1012.75,1012.75,1012.75,1012.75,64
2026-09-10 12:50:00+05:30,1012.9500122070312,1012.9500122070312,1012.9500122070312,1012.9500122070312,163
2026-09-10 12:51:00+05:30,1012.0999755859376,1012.9000244140624,1012.0999755859376,1012.9000244140624,114
2026-09-10 12:53:00+05:30,1013.0,1013.0,1013.0,1013.0,1
2026-09-10 12:55:00+05:30,1012.5499877929688,1012.9500122070312,1012.5499877929688,1012.5499877929688,115
2026-09-10 12:56:00+05:30,1012.0999755859376,1012.0999755859376,1012.0999755859376,1012.0999755859376,2
2026-09-10 12:58:00+05:30,1012.4500122070312,1012.4500122070312,1012.0999755859376,1012.0999755859376,19
2026-09-10 12:59:00+05:30,1012.0,1012.0,1012.0,1012.0,59
2026-09-10 13:00:00+05:30,1011.7000122070312,1012.0,1011.7000122070312,1012.0,50
2026-09-10 13:01:00+05:30,1011.7000122070312,1011.7000122070312,1011.2000122070312,1011.2000122070312,74
2026-09-10 13:03:00+05:30,1011.25,1011.25,1011.25,1011.25,49
2026-09-10 13:05:00+05:30,1011.0,1011.25,1011.0,1011.25,43
2026-09-10 13:06:00+05:30,1011.5,1011.5,1011.5,1011.5,201
2026-09-10 13:07:00+05:30,1011.0,1011.0,1011.0,1011.0,3
2026-09-10 13:09:00+05:30,1011.2000122070312,1011.2000122070312,1011.0,1011.0,103
2026-09-10 13:10:00+05:30,1009.5499877929688,1010.0,1009.5499877929688,1010.0,479
2026-09-10 13:11:00+05:30,1010.0,1010.3499755859376,1010.0,1010.3499755859376,2
2026-09-10 13:13:00+05:30,1010.3499755859376,1010.3499755859376,1010.3499755859376,1010.3499755859376,16
2026-09-10 13:14:00+05:30,1010.5,1010.5,1009.6500244140624,1009.6500244140624,12
2026-09-10 13:16:00+05:30,1010.5,1010.5,1010.5,1010.5,3
2026-09-10 13:17:00+05:30,1010.75,1010.75,1010.75,1010.75,20
2026-09-10 13:19:00+05:30,1010.75,1010.75,1010.5999755859376,1010.5999755859376,18
2026-09-10 13:20:00+05:30,1011.2999877929688,1011.2999877929688,1011.2999877929688,1011.2999877929688,1
2026-09-10 13:21:00+05:30,1010.5999755859376,1010.5999755859376,1010.5999755859376,1010.5999755859376,1
2026-09-10 13:22:00+05:30,1011.7000122070312,1011.7000122070312,1011.0,1011.0,157
2026-09-10 13:23:00+05:30,1011.2000122070312,1011.2000122070312,1011.2000122070312,1011.2000122070312,1
2026-09-10 13:24:00+05:30,1012.0,1012.0,1011.7999877929688,1011.7999877929688,16
2026-09-10 13:25:00+05:30,1012.0,1012.0,1012.0,1012.0,75
2026-09-10 13:32:00+05:30,1011.0,1011.0,1011.0,1011.0,68
2026-09-10 13:33:00+05:30,1011.25,1011.25,1010.9500122070312,1010.9500122070312,95
2026-09-10 13:35:00+05:30,1011.25,1011.25,1011.25,1011.25,468
2026-09-10 13:36:00+05:30,1011.25,1011.25,1011.25,1011.25,32
2026-09-10 13:39:00+05:30,1011.0999755859376,1011.0999755859376,1011.0999755859376,1011.0999755859376,1
2026-09-10 13:40:00+05:30,1011.0999755859376,1011.0999755859376,1011.0999755859376,1011.0999755859376,19
2026-09-10 13:41:00+05:30,1011.4000244140624,1011.4000244140624,1010.7999877929688,1011.0999755859376,401
2026-09-10 13:43:00+05:30,1011.4000244140624,1011.4000244140624,1011.0,1011.0,11
2026-09-10 13:44:00+05:30,1011.4000244140624,1011.4000244140624,1011.4000244140624,1011.4000244140624,69
2026-09-10 13:46:00+05:30,1011.4000244140624,1011.4000244140624,1011.4000244140624,1011.4000244140624,10
2026-09-10 13:47:00+05:30,1012.2999877929688,1012.2999877929688,1012.2999877929688,1012.2999877929688,5
2026-09-10 13:48:00+05:30,1012.0,1012.0,1011.7000122070312,1011.7000122070312,35
2026-09-10 13:50:00+05:30,1012.0,1012.0,1012.0,1012.0,2
2026-09-10 13:51:00+05:30,1012.0,1012.0,1012.0,1012.0,100
2026-09-10 13:52:00+05:30,1012.2999877929688,1012.2999877929688,1012.2999877929688,1012.2999877929688,1
2026-09-10 13:53:00+05:30,1012.2999877929688,1012.2999877929688,1012.2999877929688,1012.2999877929688,15
2026-09-10 13:54:00+05:30,1012.2999877929688,1012.2999877929688,1012.2999877929688,1012.2999877929688,2
2026-09-10 13:55:00+05:30,1012.0,1012.0,1012.0,1012.0,3
2026-09-10 13:56:00+05:30,1011.5999755859376,1011.5999755859376,1011.5999755859376,1011.5999755859376,20
2026-09-10 13:57:00+05:30,1011.4000244140624,1012.0,1011.4000244140624,1012.0,2
2026-09-10 14:00:00+05:30,1011.4000244140624,1011.4000244140624,1011.4000244140624,1011.4000244140624,5
2026-09-10 14:01:00+05:30,1011.2999877929688,1011.2999877929688,1011.2999877929688,1011.2999877929688,4
2026-09-10 14:02:00+05:30,1011.5,1011.5,1011.5,1011.5,1
2026-09-10 14:03:00+05:30,1011.0,1011.2999877929688,1011.0,1011.2999877929688,15
2026-09-10 14:06:00+05:30,1011.7000122070312,1011.7000122070312,1011.7000122070312,1011.7000122070312,15
2026-09-10 14:08:00+05:30,1011.8499755859376,1011.8499755859376,1011.8499755859376,1011.8499755859376,23
2026-09-10 14:09:00+05:30,1011.7999877929688,1011.7999877929688,1011.7999877929688,1011.7999877929688,1
2026-09-10 14:11:00+05:30,1012.0,1012.0,1012.0,1012.0,1
2026-09-10 14:13:00+05:30,1010.0999755859376,1010.9000244140624,1009.4500122070312,1010.9000244140624,3579
2026-09-10 14:14:00+05:30,1010.7000122070312,1010.7000122070312,1010.5499877929688,1010.5499877929688,10
2026-09-10 14:15:00+05:30,1010.5999755859376,1010.5999755859376,1010.0999755859376,1010.5,13
2026-09-10 14:17:00+05:30,1010.0999755859376,1010.0999755859376,1010.0999755859376,1010.0999755859376,99
2026-09-10 14:19:00+05:30,1009.0,1009.2000122070312,1009.0,1009.2000122070312,12
2026-09-10 14:20:00+05:30,1009.5,1009.5,1009.0,1009.0,101
2026-09-10 14:21:00+05:30,1009.8499755859376,1009.8499755859376,1009.8499755859376,1009.8499755859376,10
2026-09-10 14:23:00+05:30,1009.9000244140624,1009.9000244140624,1009.8499755859376,1009.8499755859376,28
2026-09-10 14:24:00+05:30,1009.7999877929688,1009.7999877929688,1009.5999755859376,1009.5999755859376,9
2026-09-10 14:26:00+05:30,1009.4000244140624,1009.4000244140624,1009.4000244140624,1009.4000244140624,1
2026-09-10 14:27:00+05:30,1009.4500122070312,1009.4500122070312,1009.4500122070312,1009.4500122070312,2
2026-09-10 14:28:00+05:30,1008.75,1009.0,1008.75,1009.0,212
2026-09-10 14:29:00+05:30,1009.25,1009.25,1008.75,1008.75,2
2026-09-10 14:30:00+05:30,1009.3499755859376,1009.3499755859376,1009.3499755859376,1009.3499755859376,1
2026-09-10 14:31:00+05:30,1009.5,1009.5,1009.5,1009.5,20
2026-09-10 14:32:00+05:30,1009.7999877929688,1009.7999877929688,1009.25,1009.25,51
2026-09-10 14:36:00+05:30,1009.5499877929688,1009.5499877929688,1009.25,1009.25,72
2026-09-10 14:37:00+05:30,1009.25,1009.7999877929688,1009.25,1009.7999877929688,188
2026-09-10 14:38:00+05:30,1009.4000244140624,1009.4000244140624,1009.25,1009.25,9
2026-09-10 14:39:00+05:30,1009.25,1009.4000244140624,1009.25,1009.4000244140624,299
2026-09-10 14:40:00+05:30,1008.6500244140624,1009.25,1008.6500244140624,1009.25,62
2026-09-10 14:42:00+05:30,1009.0,1009.25,1009.0,1009.25,1010
2026-09-10 14:43:00+05:30,1009.0,1009.0,1009.0,1009.0,9
2026-09-10 14:44:00+05:30,1009.5,1009.5,1008.5,1008.5,789
2026-09-10 14:45:00+05:30,1009.9000244140624,1009.9000244140624,1009.4500122070312,1009.4500122070312,20
2026-09-10 14:47:00+05:30,1009.4500122070312,1009.9000244140624,1009.4500122070312,1009.9000244140624,117
2026-09-10 14:48:00+05:30,1010.0,1010.0,1010.0,1010.0,367
2026-09-10 14:49:00+05:30,1010.2999877929688,1010.2999877929688,1010.0,1010.0,3
2026-09-10 14:50:00+05:30,1011.4500122070312,1011.4500122070312,1010.4000244140624,1010.4000244140624,212
2026-09-10 14:51:00+05:30,1011.7000122070312,1011.7000122070312,1011.5999755859376,1011.5999755859376,11
2026-09-10 14:52:00+05:30,1011.5999755859376,1011.5999755859376,1011.5999755859376,1011.5999755859376,5
2026-09-10 14:55:00+05:30,1009.6500244140624,1011.0499877929688,1009.6500244140624,1011.0499877929688,291
2026-09-10 14:56:00+05:30,1010.25,1010.25,1010.25,1010.25,9
2026-09-10 14:57:00+05:30,1010.0,1010.2999877929688,1009.6500244140624,1009.6500244140624,62
2026-09-10 14:58:00+05:30,1009.2999877929688,1009.2999877929688,1009.2999877929688,1009.2999877929688,80
2026-09-10 14:59:00+05:30,1009.0,1009.25,1009.0,1009.25,125
2026-09-10 15:00:00+05:30,1008.0999755859376,1009.2000122070312,1008.0999755859376,1009.2000122070312,222
2026-09-10 15:01:00+05:30,1007.9500122070312,1007.9500122070312,1007.9500122070312,1007.9500122070312,500
2026-09-10 15:02:00+05:30,1008.0,1009.0999755859376,1008.0,1009.0999755859376,643
2026-09-10 15:03:00+05:30,1008.0,1008.0,1008.0,1008.0,40
2026-09-10 15:04:00+05:30,1007.75,1008.2999877929688,1007.75,1008.2999877929688,520
2026-09-10 15:05:00+05:30,1008.2000122070312,1008.2000122070312,1008.2000122070312,1008.2000122070312,194
2026-09-10 15:06:00+05:30,1007.5499877929688,1008.2999877929688,1007.5499877929688,1007.7000122070312,651
2026-09-10 15:07:00+05:30,1008.2999877929688,1008.5,1008.2999877929688,1008.5,294
2026-09-10 15:08:00+05:30,1009.0999755859376,1009.0999755859376,1009.0999755859376,1009.0999755859376,2
2026-09-10 15:09:00+05:30,1008.75,1009.4000244140624,1008.4000244140624,1009.4000244140624,228
2026-09-10 15:10:00+05:30,1009.2000122070312,1009.2000122070312,1009.2000122070312,1009.2000122070312,1
2026-09-10 15:11:00+05:30,1009.0,1009.0,1009.0,1009.0,1
2026-09-10 15:12:00+05:30,1009.0,1009.0,1008.75,1008.75,133
2026-09-10 15:13:00+05:30,1010.3499755859376,1010.3499755859376,1010.3499755859376,1010.3499755859376,1937
2026-09-10 15:14:00+05:30,1009.0,1010.0,1009.0,1009.5,34
2026-09-10 15:29:00+05:30,1019.0,1019.0,1019.0,1019.0,1002
2026-09-11 09:15:00+05:30,978.5499877929688,985.0,976.25,985.0,7416
2026-09-11 09:16:00+05:30,975.7000122070312,978.5999755859376,975.0499877929688,977.7999877929688,4245
2026-09-11 09:17:00+05:30,976.4500122070312,976.75,974.0,975.9000244140624,9351
2026-09-11 09:18:00+05:30,975.8499755859376,978.7000122070312,975.7000122070312,976.5999755859376,2944
2026-09-11 09:19:00+05:30,975.0,976.5,975.0,976.2000122070312,2449
2026-09-11 09:20:00+05:30,975.2000122070312,976.0999755859376,974.9000244140624,975.5,1493
2026-09-11 09:21:00+05:30,976.5,976.5,975.4000244140624,975.8499755859376,574
2026-09-11 09:22:00+05:30,974.4500122070312,976.9500122070312,973.6500244140624,976.9500122070312,3809
2026-09-11 09:23:00+05:30,974.0,975.2000122070312,973.5999755859376,974.5499877929688,918
2026-09-11 09:24:00+05:30,975.7000122070312,976.2000122070312,973.0499877929688,974.1500244140624,1416
2026-09-11 09:25:00+05:30,979.0,979.0,976.0,976.0,1690
2026-09-11 09:26:00+05:30,978.5499877929688,978.9500122070312,977.9500122070312,978.0999755859376,1089
2026-09-11 09:27:00+05:30,977.25,978.5999755859376,976.5999755859376,978.5499877929688,589
2026-09-11 09:28:00+05:30,977.25,977.9000244140624,976.5,977.2999877929688,644
2026-09-11 09:29:00+05:30,977.7999877929688,978.5999755859376,977.0499877929688,977.0499877929688,1215
2026-09-11 09:30:00+05:30,978.2000122070312,979.4000244140624,978.0,978.7999877929688,884
2026-09-11 09:31:00+05:30,978.9000244140624,979.8499755859376,977.7999877929688,978.4500122070312,808
2026-09-11 09:32:00+05:30,978.2000122070312,979.8499755859376,977.0499877929688,979.0,1337
2026-09-11 09:33:00+05:30,978.0,978.5,976.75,977.2000122070312,1487
2026-09-11 09:34:00+05:30,977.7000122070312,978.75,977.5,978.2000122070312,376
2026-09-11 09:35:00+05:30,978.4500122070312,978.4500122070312,976.9500122070312,977.5,869
2026-09-11 09:36:00+05:30,978.5999755859376,978.6500244140624,977.7000122070312,978.6500244140624,506
2026-09-11 09:37:00+05:30,978.2999877929688,978.9500122070312,978.0,978.75,1669
2026-09-11 09:38:00+05:30,978.5999755859376,979.0,978.0,978.6500244140624,296
2026-09-11 09:39:00+05:30,978.4000244140624,979.0,978.4000244140624,978.5999755859376,5127
2026-09-11 09:40:00+05:30,977.9500122070312,978.4000244140624,977.5,978.4000244140624,224
2026-09-11 09:41:00+05:30,978.0,978.0499877929688,977.0999755859376,977.75,365
2026-09-11 09:42:00+05:30,977.0,978.25,976.5,977.9000244140624,1108
2026-09-11 09:43:00+05:30,978.25,978.25,977.0,977.0999755859376,412
2026-09-11 09:44:00+05:30,976.7999877929688,978.2000122070312,976.75,978.2000122070312,3434
2026-09-11 09:45:00+05:30,976.0999755859376,976.7000122070312,975.75,976.4500122070312,759
2026-09-11 09:46:00+05:30,976.0,976.4500122070312,975.0,976.4500122070312,4170
2026-09-11 09:47:00+05:30,976.75,977.25,975.5,975.9500122070312,351
2026-09-11 09:48:00+05:30,977.0,977.2000122070312,976.5,976.9500122070312,205
2026-09-11 09:49:00+05:30,976.9000244140624,977.0,976.2999877929688,976.8499755859376,28
2026-09-11 09:50:00+05:30,978.25,978.25,976.75,977.0,369
2026-09-11 09:51:00+05:30,977.9000244140624,978.0,977.3499755859376,978.0,1116
2026-09-11 09:52:00+05:30,977.0499877929688,978.0,976.4000244140624,977.8499755859376,691
2026-09-11 09:53:00+05:30,976.2000122070312,977.0499877929688,975.2999877929688,977.0499877929688,1412
2026-09-11 09:54:00+05:30,977.0,977.25,976.5499877929688,976.6500244140624,239
2026-09-11 09:55:00+05:30,977.7000122070312,977.7000122070312,977.0,977.0,125
2026-09-11 09:56:00+05:30,977.7000122070312,977.7000122070312,977.25,977.5,35
2026-09-11 09:57:00+05:30,977.7000122070312,977.9000244140624,977.25,977.7000122070312,211
2026-09-11 09:58:00+05:30,979.4500122070312,979.7999877929688,978.0,978.0,1003
2026-09-11 09:59:00+05:30,978.7000122070312,979.4000244140624,978.0,979.0,162
2026-09-11 10:00:00+05:30,978.5,978.7000122070312,978.0,978.7000122070312,143
2026-09-11 10:01:00+05:30,978.7000122070312,978.7000122070312,977.75,978.5,1562
2026-09-11 10:02:00+05:30,978.9500122070312,978.9500122070312,978.2999877929688,978.75,167
2026-09-11 10:03:00+05:30,979.0,979.0,978.4000244140624,978.7999877929688,132
2026-09-11 10:04:00+05:30,978.5499877929688,979.0,978.4000244140624,978.9500122070312,145
2026-09-11 10:05:00+05:30,978.4000244140624,978.75,977.25,978.6500244140624,691
2026-09-11 10:06:00+05:30,978.5499877929688,978.5499877929688,978.4000244140624,978.4000244140624,167
2026-09-11 10:07:00+05:30,978.5,978.5,978.1500244140624,978.25,72
2026-09-11 10:08:00+05:30,980.0,980.5,978.7999877929688,978.7999877929688,2464
2026-09-11 10:09:00+05:30,979.8499755859376,980.1500244140624,979.7000122070312,980.1500244140624,46
2026-09-11 10:10:00+05:30,979.25,979.25,978.5999755859376,979.0,86
2026-09-11 10:11:00+05:30,979.4000244140624,979.4000244140624,978.75,979.25,132
2026-09-11 10:12:00+05:30,979.7000122070312,979.75,979.0,979.0,425
2026-09-11 10:13:00+05:30,981.1500244140624,981.5499877929688,979.0499877929688,979.0499877929688,756
2026-09-11 10:14:00+05:30,981.8499755859376,981.8499755859376,981.5,981.5499877929688,251
2026-09-11 10:15:00+05:30,981.5,982.0,981.5,981.8499755859376,71
2026-09-11 10:16:00+05:30,981.0499877929688,981.2999877929688,980.5,980.8499755859376,166
2026-09-11 10:17:00+05:30,980.7999877929688,981.2999877929688,980.7999877929688,981.2000122070312,81
2026-09-11 10:18:00+05:30,982.0,982.0,980.7999877929688,981.2000122070312,327
2026-09-11 10:19:00+05:30,981.7000122070312,982.0,981.2000122070312,982.0,623
2026-09-11 10:20:00+05:30,982.5999755859376,982.5999755859376,982.0,982.0,210
2026-09-11 10:21:00+05:30,982.5,983.0,982.1500244140624,982.1500244140624,49
2026-09-11 10:22:00+05:30,983.0,983.0,982.5,982.5,892
2026-09-11 10:23:00+05:30,983.75,984.0,983.0,983.5,626
2026-09-11 10:24:00+05:30,984.5999755859376,984.8499755859376,983.5,984.0,1678
2026-09-11 10:25:00+05:30,984.3499755859376,984.5999755859376,983.5,984.5999755859376,155
2026-09-11 10:26:00+05:30,985.0,985.0,983.7999877929688,984.25,383
2026-09-11 10:27:00+05:30,984.0,984.9000244140624,984.0,984.5,645
2026-09-11 10:28:00+05:30,985.0,985.0,984.0,984.0,238
2026-09-11 10:29:00+05:30,985.2000122070312,985.3499755859376,984.3499755859376,985.0,730
2026-09-11 10:30:00+05:30,985.2000122070312,985.2000122070312,985.0,985.2000122070312,17
2026-09-11 10:31:00+05:30,985.6500244140624,985.6500244140624,985.1500244140624,985.5499877929688,64
2026-09-11 10:32:00+05:30,985.9000244140624,986.0,985.9000244140624,986.0,16
2026-09-11 10:33:00+05:30,986.0,986.0499877929688,985.4500122070312,986.0499877929688,170
2026-09-11 10:34:00+05:30,987.0,987.0,985.9500122070312,985.9500122070312,730
2026-09-11 10:35:00+05:30,988.0,988.0,986.4500122070312,986.9500122070312,583
2026-09-11 10:36:00+05:30,987.7999877929688,988.0,987.2999877929688,987.5,122
2026-09-11 10:37:00+05:30,987.9000244140624,988.0,987.9000244140624,987.9000244140624,166
2026-09-11 10:38:00+05:30,987.7999877929688,987.9500122070312,987.3499755859376,987.9000244140624,139
2026-09-11 10:39:00+05:30,987.9500122070312,988.0,987.4500122070312,988.0,15
2026-09-11 10:40:00+05:30,988.0,988.0,987.6500244140624,987.9000244140624,198
2026-09-11 10:41:00+05:30,988.0,988.0,987.25,987.9000244140624,215
2026-09-11 10:42:00+05:30,987.3499755859376,988.0,987.3499755859376,988.0,621
2026-09-11 10:43:00+05:30,986.6500244140624,987.8499755859376,986.6500244140624,987.8499755859376,123
2026-09-11 10:44:00+05:30,988.5,988.5,988.0,988.0,96
2026-09-11 10:45:00+05:30,988.9000244140624,989.7000122070312,988.9000244140624,989.0,246
2026-09-11 10:46:00+05:30,988.7000122070312,989.2000122070312,988.5,988.5,109
2026-09-11 10:47:00+05:30,988.6500244140624,989.0499877929688,988.4000244140624,988.7000122070312,203
2026-09-11 10:48:00+05:30,988.25,988.3499755859376,987.7000122070312,988.3499755859376,29
2026-09-11 10:49:00+05:30,990.0,990.0,988.9000244140624,989.0,751
2026-09-11 10:50:00+05:30,988.7000122070312,989.7000122070312,988.5499877929688,989.5999755859376,404
2026-09-11 10:51:00+05:30,988.5,989.0499877929688,988.5,988.7000122070312,25
2026-09-11 10:52:00+05:30,988.4000244140624,988.4500122070312,988.25,988.3499755859376,122
2026-09-11 10:53:00+05:30,987.0,988.5,987.0,988.3499755859376,122
2026-09-11 10:54:00+05:30,986.75,987.5,985.8499755859376,987.5,241
2026-09-11 10:55:00+05:30,986.5,986.7999877929688,986.1500244140624,986.7999877929688,66
2026-09-11 10:56:00+05:30,986.0,986.4500122070312,985.2999877929688,986.4500122070312,82
2026-09-11 10:57:00+05:30,986.2999877929688,986.5,985.5999755859376,986.4500122070312,437
2026-09-11 10:58:00+05:30,986.0,986.0499877929688,985.9500122070312,986.0,130
2026-09-11 10:59:00+05:30,985.0499877929688,986.2000122070312,985.0499877929688,985.25,1005
2026-09-11 11:00:00+05:30,986.2999877929688,986.2999877929688,986.0499877929688,986.0499877929688,69
2026-09-11 11:01:00+05:30,986.75,986.75,986.2999877929688,986.6500244140624,27
2026-09-11 11:02:00+05:30,985.9500122070312,986.2999877929688,985.75,986.2999877929688,109
2026-09-11 11:03:00+05:30,985.0,986.5499877929688,984.6500244140624,986.5499877929688,9291
2026-09-11 11:04:00+05:30,984.9500122070312,985.0,984.5,984.5,60240
2026-09-11 11:05:00+05:30,985.0,985.5,984.9000244140624,985.0,19964
2026-09-11 11:06:00+05:30,985.0,985.25,984.5,985.0,2978
2026-09-11 11:07:00+05:30,985.75,986.0,985.25,985.2999877929688,266
2026-09-11 11:08:00+05:30,985.7000122070312,985.7000122070312,985.4500122070312,985.7000122070312,23
2026-09-11 11:09:00+05:30,985.8499755859376,985.9500122070312,985.7999877929688,985.8499755859376,94
2026-09-11 11:10:00+05:30,985.0,985.6500244140624,985.0,985.6500244140624,72
2026-09-11 11:11:00+05:30,986.0,986.0,985.0999755859376,985.0999755859376,41
2026-09-11 11:12:00+05:30,986.0,986.6500244140624,986.0,986.0,229
2026-09-11 11:13:00+05:30,986.9000244140624,987.0,986.0,986.0,69
2026-09-11 11:14:00+05:30,986.9000244140624,987.0,986.5,986.9000244140624,442
2026-09-11 11:15:00+05:30,986.4500122070312,987.0,986.0,986.5,345
2026-09-11 11:16:00+05:30,987.6500244140624,987.6500244140624,986.4500122070312,986.5999755859376,139
2026-09-11 11:17:00+05:30,987.1500244140624,988.0999755859376,987.1500244140624,987.6500244140624,73
2026-09-11 11:18:00+05:30,987.4000244140624,987.5,987.1500244140624,987.25,42
2026-09-11 11:19:00+05:30,986.25,986.75,986.2000122070312,986.5,63
2026-09-11 11:20:00+05:30,986.5499877929688,986.7999877929688,986.5499877929688,986.75,112
2026-09-11 11:21:00+05:30,986.7999877929688,987.0,986.7999877929688,986.7999877929688,204
2026-09-11 11:22:00+05:30,987.0,987.0,985.5,986.8499755859376,320
2026-09-11 11:23:00+05:30,986.5,987.0,986.5,986.7999877929688,78
2026-09-11 11:24:00+05:30,987.0,987.0,986.8499755859376,986.8499755859376,27
2026-09-11 11:25:00+05:30,987.4500122070312,987.4500122070312,987.0,987.0,405
2026-09-11 11:26:00+05:30,987.1500244140624,987.5499877929688,985.75,987.5,880
2026-09-11 11:27:00+05:30,986.0999755859376,986.6500244140624,986.0,986.0,104
2026-09-11 11:28:00+05:30,986.2999877929688,986.5,986.0,986.5,48
2026-09-11 11:29:00+05:30,985.9500122070312,986.5,985.75,986.5,224
2026-09-11 11:30:00+05:30,985.0,986.0,985.0,986.0,283
2026-09-11 11:31:00+05:30,985.4000244140624,985.9500122070312,985.4000244140624,985.7000122070312,118
2026-09-11 11:32:00+05:30,985.4000244140624,985.4500122070312,985.4000244140624,985.4000244140624,16
2026-09-11 11:33:00+05:30,985.9500122070312,985.9500122070312,985.4000244140624,985.5,112
2026-09-11 11:34:00+05:30,985.9000244140624,985.9000244140624,985.5499877929688,985.5499877929688,2
2026-09-11 11:35:00+05:30,985.6500244140624,985.8499755859376,985.25,985.8499755859376,29
2026-09-11 11:36:00+05:30,984.5999755859376,985.8499755859376,984.0999755859376,985.7999877929688,985
2026-09-11 11:37:00+05:30,985.0999755859376,985.0999755859376,984.5999755859376,984.5999755859376,5
2026-09-11 11:38:00+05:30,984.4000244140624,985.1500244140624,984.4000244140624,984.7999877929688,53
2026-09-11 11:39:00+05:30,984.7999877929688,984.9500122070312,984.75,984.9500122070312,107
2026-09-11 11:40:00+05:30,984.7999877929688,984.7999877929688,984.7999877929688,984.7999877929688,8
2026-09-11 11:41:00+05:30,984.7000122070312,984.7999877929688,984.4500122070312,984.4500122070312,109
2026-09-11 11:42:00+05:30,984.4500122070312,985.0,984.4500122070312,984.7999877929688,157
2026-09-11 11:43:00+05:30,985.0,985.0,984.9000244140624,984.9000244140624,29
2026-09-11 11:44:00+05:30,985.25,985.25,984.4500122070312,985.0,78
2026-09-11 11:45:00+05:30,985.0,985.25,984.4500122070312,985.2000122070312,86
2026-09-11 11:46:00+05:30,984.9000244140624,984.9000244140624,984.4000244140624,984.8499755859376,163
2026-09-11 11:47:00+05:30,984.5,985.0499877929688,984.5,984.5499877929688,130
2026-09-11 11:48:00+05:30,984.2000122070312,984.5,983.7999877929688,984.5,565
2026-09-11 11:49:00+05:30,983.5,984.0999755859376,983.5,984.0999755859376,62
2026-09-11 11:50:00+05:30,983.75,983.75,983.75,983.75,12
2026-09-11 11:51:00+05:30,984.0,984.0999755859376,984.0,984.0,153
2026-09-11 11:52:00+05:30,983.75,984.1500244140624,983.7000122070312,983.7000122070312,46
2026-09-11 11:53:00+05:30,983.7999877929688,984.0,983.5,984.0,467
2026-09-11 11:54:00+05:30,984.0,984.0,983.25,983.25,702
2026-09-11 11:55:00+05:30,984.25,984.25,984.0,984.0,142
2026-09-11 11:56:00+05:30,984.4500122070312,984.4500122070312,984.0,984.1500244140624,11
2026-09-11 11:57:00+05:30,984.9000244140624,984.9000244140624,984.2000122070312,984.4500122070312,155
2026-09-11 11:58:00+05:30,985.0,985.0,984.4000244140624,984.4000244140624,19
2026-09-11 11:59:00+05:30,984.8499755859376,984.8499755859376,984.7999877929688,984.7999877929688,7
2026-09-11 12:00:00+05:30,985.0,985.0,984.8499755859376,984.8499755859376,55
2026-09-11 12:01:00+05:30,985.0,985.0,984.5499877929688,985.0,234
2026-09-11 12:02:00+05:30,984.4000244140624,985.0,984.4000244140624,984.9000244140624,70
2026-09-11 12:03:00+05:30,985.3499755859376,985.3499755859376,985.3499755859376,985.3499755859376,11
2026-09-11 12:04:00+05:30,985.1500244140624,985.3499755859376,985.1500244140624,985.3499755859376,90
2026-09-11 12:05:00+05:30,984.7000122070312,985.25,984.7000122070312,985.0,17
2026-09-11 12:06:00+05:30,985.3499755859376,985.9500122070312,985.2000122070312,985.2000122070312,115
2026-09-11 12:07:00+05:30,986.2999877929688,986.5,985.9500122070312,985.9500122070312,62
2026-09-11 12:08:00+05:30,985.7999877929688,986.0,985.7999877929688,986.0,120
2026-09-11 12:09:00+05:30,986.0,986.0,985.5499877929688,986.0,124
2026-09-11 12:10:00+05:30,986.0,986.0,985.9000244140624,986.0,30
2026-09-11 12:11:00+05:30,985.7000122070312,985.9500122070312,985.0499877929688,985.9500122070312,9
2026-09-11 12:12:00+05:30,985.4000244140624,985.4000244140624,985.4000244140624,985.4000244140624,15
2026-09-11 12:13:00+05:30,985.0,985.0,985.0,985.0,212
2026-09-11 12:14:00+05:30,984.4000244140624,985.0,984.4000244140624,985.0,62
2026-09-11 12:15:00+05:30,984.2999877929688,984.9500122070312,984.0,984.5,208
2026-09-11 12:16:00+05:30,984.0999755859376,984.2999877929688,983.4500122070312,984.2999877929688,143
2026-09-11 12:17:00+05:30,984.2999877929688,984.2999877929688,984.0499877929688,984.0499877929688,47
2026-09-11 12:18:00+05:30,985.4000244140624,985.4000244140624,984.25,984.25,123
2026-09-11 12:19:00+05:30,986.5,986.5,985.4000244140624,985.4000244140624,23
2026-09-11 12:20:00+05:30,986.3499755859376,986.5,986.3499755859376,986.4500122070312,30
2026-09-11 12:21:00+05:30,986.0499877929688,986.0999755859376,986.0,986.0,15
2026-09-11 12:22:00+05:30,986.1500244140624,986.1500244140624,986.1500244140624,986.1500244140624,5
2026-09-11 12:23:00+05:30,985.5999755859376,986.0499877929688,985.5999755859376,985.7000122070312,70
2026-09-11 12:24:00+05:30,986.3499755859376,986.3499755859376,986.0,986.0999755859376,84
2026-09-11 12:25:00+05:30,986.0,986.0,986.0,986.0,50
2026-09-11 12:26:00+05:30,986.0499877929688,986.5,986.0,986.3499755859376,159
2026-09-11 12:27:00+05:30,986.0499877929688,986.5,986.0499877929688,986.5,57
2026-09-11 12:28:00+05:30,986.25,986.5,986.25,986.5,130
2026-09-11 12:29:00+05:30,986.5,986.5,986.5,986.5,59
2026-09-11 12:30:00+05:30,985.7999877929688,985.7999877929688,985.7000122070312,985.7000122070312,63
2026-09-11 12:31:00+05:30,985.6500244140624,986.3499755859376,985.4000244140624,985.4000244140624,68
2026-09-11 12:32:00+05:30,986.3499755859376,986.3499755859376,986.3499755859376,986.3499755859376,40
2026-09-11 12:33:00+05:30,986.0,986.0,985.75,985.75,52
2026-09-11 12:34:00+05:30,986.0,986.0,986.0,986.0,23
2026-09-11 12:35:00+05:30,985.75,986.3499755859376,985.75,986.3499755859376,61
2026-09-11 12:36:00+05:30,986.4000244140624,986.5,986.4000244140624,986.5,31
2026-09-11 12:37:00+05:30,986.0,986.0,986.0,986.0,57
2026-09-11 12:38:00+05:30,985.7999877929688,985.7999877929688,985.5999755859376,985.5999755859376,32
2026-09-11 12:39:00+05:30,987.75,987.75,985.5999755859376,986.0,2820
2026-09-11 12:40:00+05:30,987.7999877929688,988.0,987.5,987.75,70
2026-09-11 12:41:00+05:30,988.0,988.0,988.0,988.0,71
2026-09-11 12:42:00+05:30,988.2999877929688,988.9500122070312,988.2999877929688,988.5,403
2026-09-11 12:43:00+05:30,988.5999755859376,989.25,988.5999755859376,988.5999755859376,198
2026-09-11 12:44:00+05:30,988.7000122070312,988.7000122070312,988.5,988.5,76
2026-09-11 12:45:00+05:30,988.5999755859376,988.5999755859376,988.5999755859376,988.5999755859376,70
2026-09-11 12:46:00+05:30,987.7000122070312,988.5999755859376,987.7000122070312,988.5999755859376,424
2026-09-11 12:47:00+05:30,987.9500122070312,988.6500244140624,987.9500122070312,988.6500244140624,106
2026-09-11 12:48:00+05:30,988.25,988.25,987.75,988.0,47
2026-09-11 12:49:00+05:30,988.8499755859376,988.8499755859376,988.2999877929688,988.4000244140624,817
2026-09-11 12:50:00+05:30,988.2999877929688,988.2999877929688,988.2999877929688,988.2999877929688,12
2026-09-11 12:51:00+05:30,988.0,988.2999877929688,988.0,988.2999877929688,26
2026-09-11 12:52:00+05:30,988.2999877929688,988.2999877929688,987.7999877929688,988.0,198
2026-09-11 12:53:00+05:30,988.75,989.2999877929688,988.7000122070312,988.7000122070312,103
2026-09-11 12:54:00+05:30,989.4000244140624,989.4500122070312,989.0999755859376,989.4500122070312,117
2026-09-11 12:55:00+05:30,989.4000244140624,989.5,989.0,989.0,218
2026-09-11 12:56:00+05:30,989.5,989.5,989.4000244140624,989.4000244140624,206
2026-09-11 12:57:00+05:30,989.2000122070312,989.2000122070312,989.2000122070312,989.2000122070312,11
2026-09-11 12:58:00+05:30,989.9500122070312,989.9500122070312,989.0,989.0,1418
2026-09-11 12:59:00+05:30,990.2000122070312,990.2000122070312,989.9000244140624,990.0,210
2026-09-11 13:00:00+05:30,988.9000244140624,990.0,988.9000244140624,989.3499755859376,175
2026-09-11 13:01:00+05:30,988.9500122070312,989.0,988.0499877929688,988.5999755859376,867
2026-09-11 13:02:00+05:30,988.5,988.9500122070312,988.4500122070312,988.9500122070312,77
2026-09-11 13:03:00+05:30,988.0499877929688,988.5499877929688,987.7000122070312,988.5499877929688,65
2026-09-11 13:04:00+05:30,988.0499877929688,988.2000122070312,988.0499877929688,988.1500244140624,142
2026-09-11 13:05:00+05:30,987.0,988.0,987.0,988.0,787
2026-09-11 13:07:00+05:30,987.25,987.3499755859376,987.25,987.3499755859376,11
2026-09-11 13:08:00+05:30,987.3499755859376,987.3499755859376,987.2999877929688,987.3499755859376,25
2026-09-11 13:09:00+05:30,987.9000244140624,987.9000244140624,987.0,987.0,633
2026-09-11 13:10:00+05:30,989.0,989.0,989.0,989.0,18
2026-09-11 13:11:00+05:30,989.4500122070312,989.4500122070312,988.7999877929688,988.9000244140624,26
2026-09-11 13:12:00+05:30,989.5,989.5,989.0499877929688,989.5,108
2026-09-11 13:13:00+05:30,989.5,989.5,989.0,989.0,810
2026-09-11 13:14:00+05:30,989.0499877929688,989.5,989.0499877929688,989.5,52
2026-09-11 13:15:00+05:30,989.0,989.4500122070312,989.0,989.4500122070312,3
2026-09-11 13:16:00+05:30,990.0,990.0,989.0499877929688,989.0499877929688,292
2026-09-11 13:17:00+05:30,989.5999755859376,990.2000122070312,989.4000244140624,990.2000122070312,102
2026-09-11 13:18:00+05:30,989.0,989.75,989.0,989.5999755859376,54
2026-09-11 13:19:00+05:30,988.5,989.0,988.5,989.0,18
2026-09-11 13:20:00+05:30,988.9500122070312,989.0,988.9500122070312,989.0,2831
2026-09-11 13:21:00+05:30,989.25,989.25,988.5499877929688,988.9500122070312,15
2026-09-11 13:22:00+05:30,989.0,989.0499877929688,989.0,989.0499877929688,5
2026-09-11 13:23:00+05:30,989.0,989.0,989.0,989.0,11
2026-09-11 13:24:00+05:30,988.1500244140624,989.0,988.1500244140624,988.5499877929688,233
2026-09-11 13:25:00+05:30,989.0,989.0,988.9000244140624,988.9000244140624,30
2026-09-11 13:26:00+05:30,989.2000122070312,989.25,989.2000122070312,989.2000122070312,16
2026-09-11 13:27:00+05:30,988.9000244140624,988.9000244140624,988.9000244140624,988.9000244140624,30
2026-09-11 13:28:00+05:30,988.9500122070312,989.0,988.25,989.0,25
2026-09-11 13:29:00+05:30,988.5999755859376,988.5999755859376,988.5999755859376,988.5999755859376,32
2026-09-11 13:30:00+05:30,988.5,988.5,988.5,988.5,33
2026-09-11 13:31:00+05:30,988.5499877929688,988.5499877929688,988.25,988.4000244140624,17
2026-09-11 13:32:00+05:30,988.5999755859376,988.5999755859376,988.5499877929688,988.5499877929688,2
2026-09-11 13:33:00+05:30,987.4500122070312,988.4000244140624,987.4500122070312,988.4000244140624,311
2026-09-11 13:34:00+05:30,988.4000244140624,988.4000244140624,987.2999877929688,987.4500122070312,54
2026-09-11 13:35:00+05:30,988.1500244140624,988.1500244140624,987.7000122070312,988.1500244140624,66
2026-09-11 13:36:00+05:30,988.4000244140624,988.4000244140624,988.0,988.4000244140624,47
2026-09-11 13:37:00+05:30,988.4000244140624,988.4000244140624,988.2999877929688,988.2999877929688,38
2026-09-11 13:38:00+05:30,987.7000122070312,987.7000122070312,987.7000122070312,987.7000122070312,25
2026-09-11 13:40:00+05:30,987.75,988.2999877929688,987.75,988.25,27
2026-09-11 13:41:00+05:30,987.5999755859376,987.7000122070312,986.75,987.7000122070312,686
2026-09-11 13:42:00+05:30,988.0,988.0,986.9000244140624,986.9000244140624,495
2026-09-11 13:43:00+05:30,988.0999755859376,988.2000122070312,988.0999755859376,988.2000122070312,3
2026-09-11 13:44:00+05:30,988.2000122070312,988.5499877929688,988.0999755859376,988.0999755859376,118
2026-09-11 13:45:00+05:30,989.5,989.5,988.5999755859376,988.5999755859376,5596
2026-09-11 13:46:00+05:30,988.7999877929688,989.5,988.75,989.5,89
2026-09-11 13:48:00+05:30,989.2999877929688,989.2999877929688,989.2999877929688,989.2999877929688,1
2026-09-11 13:49:00+05:30,988.75,989.9500122070312,988.75,989.5999755859376,99
2026-09-11 13:50:00+05:30,988.9500122070312,989.0499877929688,988.5499877929688,988.9000244140624,129
2026-09-11 13:51:00+05:30,989.0,989.0,988.5,988.5,33
2026-09-11 13:53:00+05:30,989.0,989.0,989.0,989.0,5
2026-09-11 13:54:00+05:30,989.4500122070312,989.9500122070312,988.9500122070312,988.9500122070312,104
2026-09-11 13:55:00+05:30,989.9000244140624,989.9000244140624,988.7999877929688,989.0,287
2026-09-11 13:56:00+05:30,989.7000122070312,989.7000122070312,989.7000122070312,989.7000122070312,210
2026-09-11 13:57:00+05:30,989.9000244140624,989.9000244140624,989.7000122070312,989.7000122070312,48
2026-09-11 13:58:00+05:30,989.9000244140624,989.9000244140624,989.8499755859376,989.8499755859376,11
2026-09-11 13:59:00+05:30,989.9000244140624,989.9000244140624,989.4500122070312,989.4500122070312,28
2026-09-11 14:00:00+05:30,990.0,990.0,989.9500122070312,989.9500122070312,61
2026-09-11 14:01:00+05:30,990.2000122070312,990.2000122070312,989.9500122070312,990.0,302
2026-09-11 14:02:00+05:30,991.7000122070312,991.75,990.2999877929688,990.2999877929688,342
2026-09-11 14:03:00+05:30,991.5,991.9500122070312,991.0499877929688,991.5,346
2026-09-11 14:04:00+05:30,991.3499755859376,991.3499755859376,990.75,991.0,118
2026-09-11 14:05:00+05:30,990.75,992.1500244140624,990.75,991.7000122070312,216
2026-09-11 14:06:00+05:30,991.4500122070312,991.4500122070312,990.9000244140624,991.0,42
2026-09-11 14:07:00+05:30,991.9000244140624,992.0,991.75,991.75,649
2026-09-11 14:08:00+05:30,991.0,991.7999877929688,991.0,991.7999877929688,28
2026-09-11 14:09:00+05:30,991.9500122070312,992.0,991.9500122070312,992.0,22
2026-09-11 14:10:00+05:30,992.4000244140624,992.75,992.0,992.0,498
2026-09-11 14:11:00+05:30,992.0,992.4000244140624,991.9500122070312,992.4000244140624,14
2026-09-11 14:12:00+05:30,991.9000244140624,991.9000244140624,991.9000244140624,991.9000244140624,400
2026-09-11 14:13:00+05:30,992.0,992.0,992.0,992.0,1
2026-09-11 14:14:00+05:30,992.2999877929688,992.2999877929688,992.2999877929688,992.2999877929688,1
2026-09-11 14:15:00+05:30,992.0,992.75,992.0,992.75,558
2026-09-11 14:16:00+05:30,992.0,992.0,992.0,992.0,50
2026-09-11 14:17:00+05:30,991.7000122070312,992.5,991.7000122070312,992.5,33
2026-09-11 14:18:00+05:30,992.0,992.2000122070312,992.0,992.2000122070312,33
2026-09-11 14:19:00+05:30,992.0,992.0,992.0,992.0,10
2026-09-11 14:20:00+05:30,992.0,992.0,991.6500244140624,991.9500122070312,3
2026-09-11 14:21:00+05:30,992.0,992.0,991.6500244140624,992.0,94
2026-09-11 14:22:00+05:30,992.5,992.5,992.0,992.0,155
2026-09-11 14:23:00+05:30,992.5,992.5,992.5,992.5,126
2026-09-11 14:24:00+05:30,992.5,992.5,992.25,992.5,80
2026-09-11 14:25:00+05:30,992.0,992.5,992.0,992.5,72
2026-09-11 14:26:00+05:30,992.2000122070312,992.2999877929688,992.0999755859376,992.2999877929688,8
2026-09-11 14:27:00+05:30,991.9000244140624,991.9500122070312,991.9000244140624,991.9500122070312,6
2026-09-11 14:28:00+05:30,991.9000244140624,991.9000244140624,991.5,991.5,14
2026-09-11 14:29:00+05:30,992.0,992.0,991.4000244140624,991.9500122070312,70
2026-09-11 14:30:00+05:30,991.9500122070312,992.0,991.5,991.9000244140624,23
2026-09-11 14:31:00+05:30,991.0499877929688,991.8499755859376,991.0,991.8499755859376,91
2026-09-11 14:32:00+05:30,990.0499877929688,991.5,990.0499877929688,991.4500122070312,173
2026-09-11 14:33:00+05:30,990.25,990.25,990.25,990.25,25
2026-09-11 14:34:00+05:30,990.5499877929688,991.0499877929688,990.5,990.5,210
2026-09-11 14:35:00+05:30,990.2000122070312,991.0,990.2000122070312,991.0,17
2026-09-11 14:36:00+05:30,990.0499877929688,990.7000122070312,990.0499877929688,990.2000122070312,64
2026-09-11 14:37:00+05:30,990.0999755859376,990.6500244140624,990.0499877929688,990.2000122070312,1361
2026-09-11 14:38:00+05:30,990.6500244140624,990.6500244140624,990.0,990.5499877929688,255
2026-09-11 14:39:00+05:30,990.0,990.5499877929688,990.0,990.0499877929688,255
2026-09-11 14:40:00+05:30,990.8499755859376,990.8499755859376,990.8499755859376,990.8499755859376,1
2026-09-11 14:41:00+05:30,990.5,990.5499877929688,990.0,990.0,369
2026-09-11 14:42:00+05:30,991.2000122070312,991.2000122070312,990.7000122070312,990.7000122070312,15
2026-09-11 14:43:00+05:30,990.3499755859376,991.0999755859376,990.3499755859376,991.0999755859376,20
2026-09-11 14:44:00+05:30,991.0,991.0,990.2999877929688,990.2999877929688,20
2026-09-11 14:45:00+05:30,990.4500122070312,990.7999877929688,990.1500244140624,990.7999877929688,140
2026-09-11 14:46:00+05:30,989.0999755859376,990.4500122070312,989.0999755859376,990.4500122070312,939
2026-09-11 14:47:00+05:30,988.5,989.4000244140624,988.5,989.4000244140624,370
2026-09-11 14:48:00+05:30,989.0999755859376,989.0999755859376,988.2000122070312,988.5,201
2026-09-11 14:49:00+05:30,988.7999877929688,989.1500244140624,988.7999877929688,989.1500244140624,41
2026-09-11 14:50:00+05:30,988.5,989.6500244140624,988.5,989.4000244140624,115
2026-09-11 14:51:00+05:30,989.2000122070312,989.2000122070312,989.2000122070312,989.2000122070312,20
2026-09-11 14:52:00+05:30,988.7000122070312,989.0,988.7000122070312,989.0,4
2026-09-11 14:53:00+05:30,988.75,989.0999755859376,988.4000244140624,989.0,56
2026-09-11 14:54:00+05:30,988.25,988.8499755859376,988.25,988.2999877929688,177
2026-09-11 14:55:00+05:30,989.0999755859376,989.0999755859376,988.3499755859376,988.3499755859376,71
2026-09-11 14:56:00+05:30,988.5,989.0999755859376,988.5,989.0999755859376,108
2026-09-11 14:57:00+05:30,988.9500122070312,989.0,988.5,988.5,290
2026-09-11 14:58:00+05:30,988.9500122070312,988.9500122070312,988.7000122070312,988.9000244140624,22
2026-09-11 14:59:00+05:30,988.5,989.0,988.5,989.0,64
2026-09-11 15:00:00+05:30,988.0,989.0,987.7000122070312,989.0,1172
2026-09-11 15:01:00+05:30,987.5999755859376,988.0,987.2999877929688,988.0,80
2026-09-11 15:02:00+05:30,987.2999877929688,987.7999877929688,987.2000122070312,987.5999755859376,148
2026-09-11 15:03:00+05:30,987.0,987.2999877929688,986.75,987.0999755859376,198
2026-09-11 15:04:00+05:30,987.4500122070312,987.4500122070312,986.8499755859376,986.9500122070312,205
2026-09-11 15:05:00+05:30,986.9000244140624,987.0999755859376,986.6500244140624,986.6500244140624,303
2026-09-11 15:06:00+05:30,987.4000244140624,987.4500122070312,986.9000244140624,986.9000244140624,63
2026-09-11 15:07:00+05:30,987.5499877929688,987.6500244140624,987.2999877929688,987.4000244140624,1166
2026-09-11 15:08:00+05:30,987.75,987.9000244140624,987.4500122070312,987.9000244140624,40
2026-09-11 15:09:00+05:30,987.5999755859376,987.6500244140624,986.5,987.5499877929688,591
2026-09-11 15:10:00+05:30,987.0,988.1500244140624,987.0,987.5999755859376,319
2026-09-11 15:11:00+05:30,987.8499755859376,987.9500122070312,987.0,987.75,31
2026-09-11 15:12:00+05:30,987.25,988.1500244140624,986.5999755859376,987.5,984
2026-09-11 15:13:00+05:30,986.3499755859376,986.9500122070312,986.0,986.5499877929688,271
2026-09-11 15:14:00+05:30,985.7999877929688,986.25,985.0,986.0,546
2026-09-11 15:28:00+05:30,981.9000244140624,981.9000244140624,981.9000244140624,981.9000244140624,5100
2026-09-15 09:15:00+05:30,969.9500122070312,980.9500122070312,968.0,980.9500122070312,3894
2026-09-15 09:16:00+05:30,970.7999877929688,972.2000122070312,966.8499755859375,968.5499877929688,3081
2026-09-15 09:17:00+05:30,971.0499877929688,973.7999877929688,969.5,969.5,1069
2026-09-15 09:18:00+05:30,972.9000244140625,973.75,972.0,972.0,466
2026-09-15 09:19:00+05:30,973.2999877929688,974.2000122070312,972.5999755859375,973.2000122070312,551
2026-09-15 09:20:00+05:30,972.9000244140625,973.9000244140625,972.6500244140625,973.9000244140625,570
2026-09-15 09:21:00+05:30,974.0999755859375,974.1500244140625,973.0,973.2000122070312,166
2026-09-15 09:22:00+05:30,973.9500122070312,975.0,973.9500122070312,974.6500244140625,593
2026-09-15 09:23:00+05:30,973.8499755859375,975.0,972.5,973.75,330
2026-09-15 09:24:00+05:30,974.5999755859375,975.5499877929688,974.4500122070312,974.9500122070312,439
2026-09-15 09:25:00+05:30,973.2000122070312,975.0,973.2000122070312,974.6500244140625,758
2026-09-15 09:26:00+05:30,973.0,974.9500122070312,973.0,974.5999755859375,464
2026-09-15 09:27:00+05:30,972.4000244140625,974.1500244140625,972.1500244140625,972.5999755859375,613
2026-09-15 09:28:00+05:30,972.4500122070312,973.2999877929688,972.4500122070312,973.2999877929688,366
2026-09-15 09:29:00+05:30,973.7999877929688,973.7999877929688,972.5,972.5999755859375,380
2026-09-15 09:30:00+05:30,972.4500122070312,973.3499755859375,972.4500122070312,972.6500244140625,103
2026-09-15 09:31:00+05:30,973.1500244140625,973.5,972.7999877929688,973.0,213
2026-09-15 09:32:00+05:30,973.5,973.5,972.75,972.7999877929688,161
2026-09-15 09:33:00+05:30,973.5499877929688,973.5999755859375,973.0,973.3499755859375,87
2026-09-15 09:34:00+05:30,974.0,974.2000122070312,973.5499877929688,974.0,81
2026-09-15 09:35:00+05:30,974.7999877929688,975.0,974.2999877929688,974.2999877929688,1056
2026-09-15 09:36:00+05:30,973.9500122070312,974.2000122070312,973.5999755859375,974.2000122070312,216
2026-09-15 09:37:00+05:30,973.5999755859375,974.0,973.1500244140625,973.1500244140625,219
2026-09-15 09:38:00+05:30,973.0999755859375,974.4500122070312,973.0,973.7999877929688,268
2026-09-15 09:39:00+05:30,974.25,974.9000244140625,973.5,973.6500244140625,48
2026-09-15 09:40:00+05:30,974.2999877929688,974.75,974.2999877929688,974.75,612
2026-09-15 09:41:00+05:30,974.0499877929688,974.5999755859375,974.0,974.5999755859375,121
2026-09-15 09:42:00+05:30,974.0,974.5,974.0,974.5,64
2026-09-15 09:43:00+05:30,974.4000244140625,974.4000244140625,974.0,974.4000244140625,11
2026-09-15 09:44:00+05:30,973.0999755859375,974.4000244140625,973.0999755859375,974.4000244140625,17
2026-09-15 09:45:00+05:30,973.1500244140625,973.1500244140625,972.2000122070312,973.0,550
2026-09-15 09:46:00+05:30,973.0999755859375,973.0999755859375,972.7999877929688,972.7999877929688,54
2026-09-15 09:47:00+05:30,973.0999755859375,973.0999755859375,972.7000122070312,972.7999877929688,60
2026-09-15 09:48:00+05:30,973.0,973.0,972.4000244140625,972.7999877929688,209
2026-09-15 09:49:00+05:30,972.5,973.25,972.25,973.25,324
2026-09-15 09:50:00+05:30,972.9000244140625,973.0,972.4000244140625,972.4000244140625,234
2026-09-15 09:51:00+05:30,972.0499877929688,973.1500244140625,972.0499877929688,973.1500244140625,606
2026-09-15 09:52:00+05:30,973.1500244140625,973.2000122070312,972.9000244140625,972.9000244140625,212
2026-09-15 09:53:00+05:30,973.2000122070312,973.8499755859375,973.0499877929688,973.6500244140625,16
2026-09-15 09:54:00+05:30,973.0499877929688,973.2000122070312,973.0499877929688,973.2000122070312,52
2026-09-15 09:55:00+05:30,974.0999755859375,974.0999755859375,972.4000244140625,973.0499877929688,210
2026-09-15 09:56:00+05:30,973.4000244140625,974.0,973.4000244140625,974.0,14
2026-09-15 09:57:00+05:30,973.4000244140625,973.5999755859375,973.0499877929688,973.0499877929688,44
2026-09-15 09:58:00+05:30,973.7999877929688,973.7999877929688,973.2999877929688,973.4000244140625,29
2026-09-15 09:59:00+05:30,974.3499755859375,974.5999755859375,973.75,973.7999877929688,338
2026-09-15 10:00:00+05:30,973.0999755859375,973.4000244140625,973.0999755859375,973.4000244140625,56
2026-09-15 10:01:00+05:30,973.2000122070312,973.8499755859375,973.0,973.8499755859375,37
2026-09-15 10:02:00+05:30,973.0,973.7999877929688,973.0,973.4000244140625,74
2026-09-15 10:03:00+05:30,973.7999877929688,973.7999877929688,972.7999877929688,972.7999877929688,166
2026-09-15 10:04:00+05:30,973.8499755859375,973.8499755859375,973.8499755859375,973.8499755859375,1
2026-09-15 10:05:00+05:30,973.2000122070312,973.8499755859375,973.2000122070312,973.8499755859375,148
2026-09-15 10:06:00+05:30,973.5499877929688,973.7000122070312,972.8499755859375,973.7000122070312,211
2026-09-15 10:07:00+05:30,972.5999755859375,973.3499755859375,972.5999755859375,972.6500244140625,51
2026-09-15 10:08:00+05:30,973.2999877929688,973.2999877929688,972.3499755859375,972.5999755859375,98
2026-09-15 10:09:00+05:30,972.5999755859375,973.25,972.3499755859375,972.5499877929688,47
2026-09-15 10:10:00+05:30,973.7999877929688,973.7999877929688,972.7999877929688,972.7999877929688,69
2026-09-15 10:11:00+05:30,974.2000122070312,974.2000122070312,973.25,973.8499755859375,88
2026-09-15 10:12:00+05:30,974.9500122070312,974.9500122070312,974.2000122070312,974.9000244140625,118
2026-09-15 10:13:00+05:30,975.6500244140625,975.6500244140625,974.4500122070312,975.0,319
2026-09-15 10:14:00+05:30,974.2999877929688,975.5999755859375,974.25,975.5999755859375,113
2026-09-15 10:15:00+05:30,974.5999755859375,974.9000244140625,974.2999877929688,974.9000244140625,66
2026-09-15 10:16:00+05:30,974.4500122070312,975.0,974.25,974.2999877929688,290
2026-09-15 10:17:00+05:30,974.5499877929688,974.5499877929688,974.0999755859375,974.25,47
2026-09-15 10:18:00+05:30,974.5999755859375,975.25,974.0499877929688,974.0499877929688,300
2026-09-15 10:19:00+05:30,975.0499877929688,975.0499877929688,975.0,975.0,4
2026-09-15 10:20:00+05:30,975.3499755859375,975.75,975.1500244140625,975.75,135
2026-09-15 10:21:00+05:30,974.0999755859375,974.2999877929688,974.0499877929688,974.2999877929688,259
2026-09-15 10:22:00+05:30,974.5,974.5,974.0999755859375,974.0999755859375,73
2026-09-15 10:23:00+05:30,974.3499755859375,974.5,973.5499877929688,974.5,211
2026-09-15 10:24:00+05:30,974.5,974.5,974.4000244140625,974.4000244140625,89
2026-09-15 10:25:00+05:30,973.9000244140625,974.4500122070312,973.0499877929688,974.0,281
2026-09-15 10:26:00+05:30,973.75,974.0,973.7000122070312,973.9000244140625,469
2026-09-15 10:28:00+05:30,974.0499877929688,974.1500244140625,973.0,973.4000244140625,31
2026-09-15 10:29:00+05:30,973.0499877929688,973.0499877929688,973.0499877929688,973.0499877929688,23
2026-09-15 10:30:00+05:30,973.0,973.0,972.6500244140625,973.0,836
2026-09-15 10:31:00+05:30,972.75,973.4500122070312,972.6500244140625,973.0,352
2026-09-15 10:32:00+05:30,972.0,972.75,972.0,972.3499755859375,346
2026-09-15 10:33:00+05:30,972.1500244140625,972.1500244140625,972.1500244140625,972.1500244140625,12
2026-09-15 10:34:00+05:30,971.3499755859375,972.0499877929688,971.25,971.7999877929688,463
2026-09-15 10:36:00+05:30,972.2000122070312,972.4000244140625,971.9000244140625,972.4000244140625,166
2026-09-15 10:37:00+05:30,973.2000122070312,973.2000122070312,972.1500244140625,972.9000244140625,619
2026-09-15 10:38:00+05:30,972.9000244140625,972.9000244140625,972.2999877929688,972.2999877929688,43
2026-09-15 10:39:00+05:30,972.7999877929688,972.7999877929688,972.7999877929688,972.7999877929688,15
2026-09-15 10:40:00+05:30,972.75,972.75,972.75,972.75,1
2026-09-15 10:41:00+05:30,972.5,972.5,972.0,972.5,111
2026-09-15 10:42:00+05:30,972.25,972.25,971.5999755859375,972.0,79
2026-09-15 10:43:00+05:30,971.1500244140625,972.0,971.1500244140625,972.0,47
2026-09-15 10:44:00+05:30,971.9500122070312,971.9500122070312,971.2000122070312,971.5499877929688,183
2026-09-15 10:45:00+05:30,971.9000244140625,971.9000244140625,971.9000244140625,971.9000244140625,6
2026-09-15 10:46:00+05:30,971.7999877929688,971.7999877929688,971.3499755859375,971.5,5
2026-09-15 10:47:00+05:30,971.7000122070312,973.0499877929688,971.7000122070312,973.0499877929688,6074
2026-09-15 10:48:00+05:30,971.7999877929688,972.0,971.7000122070312,971.9000244140625,17
2026-09-15 10:49:00+05:30,971.5,972.0499877929688,971.5,971.7999877929688,34
2026-09-15 10:50:00+05:30,972.7999877929688,972.7999877929688,972.0,972.4000244140625,160
2026-09-15 10:51:00+05:30,972.0,972.5999755859375,972.0,972.5999755859375,11
2026-09-15 10:52:00+05:30,972.0499877929688,972.5499877929688,972.0,972.0,261
2026-09-15 10:53:00+05:30,972.9000244140625,972.9000244140625,972.0999755859375,972.0999755859375,105
2026-09-15 10:54:00+05:30,972.1500244140625,973.0,972.1500244140625,973.0,180
2026-09-15 10:55:00+05:30,972.5999755859375,972.5999755859375,972.0499877929688,972.0499877929688,12
2026-09-15 10:56:00+05:30,972.4000244140625,972.4500122070312,972.0499877929688,972.4500122070312,26
2026-09-15 10:57:00+05:30,972.0,972.4000244140625,972.0,972.4000244140625,25
2026-09-15 10:58:00+05:30,972.2999877929688,972.4000244140625,972.0,972.4000244140625,57
2026-09-15 10:59:00+05:30,972.9500122070312,972.9500122070312,972.2999877929688,972.2999877929688,1070
2026-09-15 11:00:00+05:30,972.9000244140625,972.9000244140625,972.1500244140625,972.8499755859375,93
2026-09-15 11:01:00+05:30,972.25,972.8499755859375,972.2000122070312,972.8499755859375,205
2026-09-15 11:02:00+05:30,972.7999877929688,972.7999877929688,972.2999877929688,972.2999877929688,67
2026-09-15 11:03:00+05:30,972.7999877929688,972.9000244140625,972.3499755859375,972.7999877929688,212
2026-09-15 11:04:00+05:30,972.7999877929688,972.7999877929688,972.1500244140625,972.7999877929688,136
2026-09-15 11:05:00+05:30,972.0999755859375,972.75,972.0999755859375,972.25,89
2026-09-15 11:06:00+05:30,972.9000244140625,972.9000244140625,972.2000122070312,972.7999877929688,30
2026-09-15 11:07:00+05:30,972.8499755859375,972.9000244140625,972.8499755859375,972.9000244140625,21
2026-09-15 11:08:00+05:30,971.4000244140625,972.2000122070312,971.4000244140625,971.7999877929688,1174
2026-09-15 11:09:00+05:30,971.7000122070312,971.7000122070312,971.5,971.5,33
2026-09-15 11:10:00+05:30,971.7999877929688,971.8499755859375,971.7999877929688,971.8499755859375,87
2026-09-15 11:11:00+05:30,971.6500244140625,972.4000244140625,971.25,971.25,60
2026-09-15 11:12:00+05:30,972.0,972.0,971.5499877929688,971.5499877929688,31
2026-09-15 11:13:00+05:30,971.2999877929688,972.1500244140625,971.2999877929688,971.6500244140625,506
2026-09-15 11:14:00+05:30,971.8499755859375,972.5,971.7999877929688,972.4000244140625,112
2026-09-15 11:15:00+05:30,972.9000244140625,972.9000244140625,972.0999755859375,972.6500244140625,92
2026-09-15 11:16:00+05:30,972.0999755859375,972.9000244140625,972.0999755859375,972.9000244140625,136
2026-09-15 11:17:00+05:30,971.75,972.1500244140625,971.4500122070312,971.7000122070312,81
2026-09-15 11:18:00+05:30,969.2999877929688,971.75,969.2999877929688,971.75,1835
2026-09-15 11:19:00+05:30,967.5999755859375,969.7999877929688,967.5999755859375,969.2999877929688,572
2026-09-15 11:20:00+05:30,968.0,968.4000244140625,967.7999877929688,967.7999877929688,74
2026-09-15 11:21:00+05:30,969.0,969.0,968.1500244140625,968.1500244140625,120
2026-09-15 11:22:00+05:30,969.5499877929688,969.5499877929688,969.0,969.0,16
2026-09-15 11:23:00+05:30,969.6500244140625,969.6500244140625,969.6500244140625,969.6500244140625,1
2026-09-15 11:24:00+05:30,969.4000244140625,969.7000122070312,969.0,969.0,66
2026-09-15 11:25:00+05:30,969.2999877929688,969.2999877929688,969.0,969.2999877929688,32
2026-09-15 11:26:00+05:30,968.9000244140625,969.0,968.9000244140625,969.0,80
2026-09-15 11:27:00+05:30,969.4000244140625,969.4000244140625,968.9000244140625,968.9000244140625,99
2026-09-15 11:28:00+05:30,968.5999755859375,969.4500122070312,968.5999755859375,968.9000244140625,196
2026-09-15 11:29:00+05:30,968.7000122070312,969.25,968.7000122070312,968.9000244140625,35
2026-09-15 11:30:00+05:30,969.1500244140625,969.1500244140625,968.4500122070312,968.4500122070312,27
2026-09-15 11:31:00+05:30,969.0,969.0,968.25,968.25,57
2026-09-15 11:32:00+05:30,968.5,968.5,968.25,968.25,100
2026-09-15 11:33:00+05:30,968.9000244140625,969.0,968.0999755859375,968.5,5774
2026-09-15 11:34:00+05:30,969.2000122070312,969.2000122070312,968.3499755859375,969.0,154
2026-09-15 11:35:00+05:30,968.8499755859375,969.2999877929688,968.8499755859375,969.2000122070312,16
2026-09-15 11:36:00+05:30,968.5,968.5499877929688,968.0999755859375,968.5499877929688,271
2026-09-15 11:37:00+05:30,968.7999877929688,968.9000244140625,968.7999877929688,968.7999877929688,43
2026-09-15 11:38:00+05:30,969.0,969.2000122070312,968.4000244140625,968.4000244140625,131
2026-09-15 11:39:00+05:30,969.1500244140625,969.2000122070312,969.1500244140625,969.2000122070312,5
2026-09-15 11:40:00+05:30,968.5999755859375,968.9500122070312,968.0999755859375,968.5999755859375,405
2026-09-15 11:41:00+05:30,968.0999755859375,968.9500122070312,968.0999755859375,968.9500122070312,345
2026-09-15 11:42:00+05:30,968.7999877929688,968.7999877929688,968.75,968.75,19
2026-09-15 11:43:00+05:30,968.7999877929688,968.7999877929688,968.7999877929688,968.7999877929688,11
2026-09-15 11:44:00+05:30,969.0,969.0,968.5,968.9000244140625,518
2026-09-15 11:45:00+05:30,968.0999755859375,968.9000244140625,968.0999755859375,968.4000244140625,84
2026-09-15 11:46:00+05:30,968.8499755859375,968.8499755859375,968.2000122070312,968.75,56
2026-09-15 11:47:00+05:30,968.5999755859375,968.5999755859375,968.0,968.0,121
2026-09-15 11:48:00+05:30,968.5999755859375,968.5999755859375,968.5999755859375,968.5999755859375,5
2026-09-15 11:49:00+05:30,968.0,968.5999755859375,968.0,968.5499877929688,57
2026-09-15 11:50:00+05:30,968.0999755859375,968.0999755859375,967.5,968.0,236
2026-09-15 11:51:00+05:30,968.9500122070312,968.9500122070312,967.9500122070312,968.5,12
2026-09-15 11:52:00+05:30,968.2000122070312,968.5,968.2000122070312,968.2000122070312,39
2026-09-15 11:53:00+05:30,968.0,968.2000122070312,968.0,968.2000122070312,16
2026-09-15 11:54:00+05:30,968.5,968.5,968.5,968.5,1
2026-09-15 11:55:00+05:30,967.7999877929688,967.9500122070312,967.7999877929688,967.9500122070312,34
2026-09-15 11:56:00+05:30,968.5,968.5,968.4500122070312,968.5,14
2026-09-15 11:57:00+05:30,968.0,968.2000122070312,968.0,968.2000122070312,10
2026-09-15 11:58:00+05:30,968.5999755859375,968.5999755859375,968.0,968.0,127
2026-09-15 11:59:00+05:30,968.75,968.75,968.0999755859375,968.5999755859375,27
2026-09-15 12:00:00+05:30,968.7000122070312,968.7000122070312,968.7000122070312,968.7000122070312,3
2026-09-15 12:01:00+05:30,967.7999877929688,968.5,967.7999877929688,968.5,118
2026-09-15 12:02:00+05:30,967.5499877929688,967.7999877929688,967.5499877929688,967.7999877929688,4
2026-09-15 12:03:00+05:30,968.0,968.0,967.5499877929688,967.5499877929688,18
2026-09-15 12:04:00+05:30,967.2000122070312,968.0999755859375,966.7000122070312,968.0999755859375,6680
2026-09-15 12:05:00+05:30,968.0499877929688,968.0499877929688,967.7000122070312,967.7000122070312,21
2026-09-15 12:06:00+05:30,968.0,968.0,968.0,968.0,12
2026-09-15 12:07:00+05:30,967.7999877929688,967.7999877929688,967.0999755859375,967.5,71
2026-09-15 12:08:00+05:30,967.2000122070312,967.75,967.2000122070312,967.75,18
2026-09-15 12:09:00+05:30,967.5999755859375,967.5999755859375,967.0,967.4000244140625,20
2026-09-15 12:10:00+05:30,967.6500244140625,967.6500244140625,967.0,967.0,21
2026-09-15 12:11:00+05:30,967.75,968.1500244140625,967.4000244140625,967.4000244140625,31
2026-09-15 12:12:00+05:30,967.5999755859375,967.9000244140625,967.0999755859375,967.9000244140625,114
2026-09-15 12:13:00+05:30,967.7000122070312,967.7000122070312,967.0,967.0,28
2026-09-15 12:14:00+05:30,967.5,967.5,967.5,967.5,8
2026-09-15 12:15:00+05:30,967.5,967.5,967.5,967.5,115
2026-09-15 12:16:00+05:30,967.0999755859375,967.9000244140625,967.0499877929688,967.0499877929688,121
2026-09-15 12:17:00+05:30,968.4000244140625,968.4000244140625,967.7999877929688,967.7999877929688,74
2026-09-15 12:18:00+05:30,968.3499755859375,968.4000244140625,968.0,968.4000244140625,14
2026-09-15 12:19:00+05:30,968.3499755859375,968.3499755859375,968.2000122070312,968.2000122070312,31
2026-09-15 12:20:00+05:30,968.9500122070312,968.9500122070312,968.9500122070312,968.9500122070312,19
2026-09-15 12:21:00+05:30,969.0,969.0,968.4000244140625,968.9000244140625,39
2026-09-15 12:22:00+05:30,968.5999755859375,969.2000122070312,968.5999755859375,969.2000122070312,20
2026-09-15 12:23:00+05:30,968.7999877929688,968.9500122070312,968.3499755859375,968.9500122070312,70
2026-09-15 12:24:00+05:30,969.0499877929688,969.0499877929688,968.0,968.5,123
2026-09-15 12:26:00+05:30,968.4500122070312,968.4500122070312,968.0,968.0,11
2026-09-15 12:27:00+05:30,968.5999755859375,968.5999755859375,968.0,968.0,38
2026-09-15 12:28:00+05:30,968.8499755859375,968.8499755859375,968.75,968.75,6
2026-09-15 12:29:00+05:30,969.0999755859375,969.4000244140625,968.8499755859375,968.8499755859375,184
2026-09-15 12:30:00+05:30,969.5499877929688,969.7999877929688,969.0499877929688,969.25,607
2026-09-15 12:31:00+05:30,968.7000122070312,969.0,968.7000122070312,969.0,28
2026-09-15 12:32:00+05:30,968.0,968.8499755859375,968.0,968.8499755859375,1044
2026-09-15 12:33:00+05:30,967.5499877929688,968.5,967.5499877929688,968.1500244140625,65
2026-09-15 12:34:00+05:30,968.5,968.7999877929688,968.5,968.5,32
2026-09-15 12:35:00+05:30,968.5,969.5,968.5,968.5,135
2026-09-15 12:36:00+05:30,969.4000244140625,969.4000244140625,969.0,969.1500244140625,9
2026-09-15 12:37:00+05:30,968.7000122070312,969.25,968.7000122070312,969.25,48
2026-09-15 12:38:00+05:30,968.7000122070312,968.7000122070312,968.7000122070312,968.7000122070312,76
2026-09-15 12:39:00+05:30,969.0,969.0999755859375,968.7000122070312,968.7000122070312,34
2026-09-15 12:40:00+05:30,968.8499755859375,969.4000244140625,968.8499755859375,969.4000244140625,7
2026-09-15 12:41:00+05:30,969.7000122070312,969.7000122070312,969.7000122070312,969.7000122070312,10
2026-09-15 12:42:00+05:30,968.75,969.4000244140625,968.7000122070312,969.0,246
2026-09-15 12:43:00+05:30,968.5,969.1500244140625,968.5,968.75,293
2026-09-15 12:44:00+05:30,968.5,968.5,968.5,968.5,963
2026-09-15 12:45:00+05:30,969.1500244140625,969.25,968.7999877929688,968.7999877929688,193
2026-09-15 12:46:00+05:30,970.0,970.2999877929688,969.5,969.5999755859375,152
2026-09-15 12:47:00+05:30,970.2000122070312,970.2999877929688,970.0,970.2999877929688,27
2026-09-15 12:48:00+05:30,969.75,970.2000122070312,969.75,970.2000122070312,6
2026-09-15 12:49:00+05:30,970.5999755859375,970.5999755859375,969.9500122070312,969.9500122070312,69
2026-09-15 12:50:00+05:30,972.2000122070312,972.2000122070312,970.7999877929688,970.7999877929688,43
2026-09-15 12:51:00+05:30,972.4000244140625,972.4000244140625,972.0,972.2000122070312,126
2026-09-15 12:52:00+05:30,971.5999755859375,972.4000244140625,971.5999755859375,972.4000244140625,26
2026-09-15 12:53:00+05:30,971.75,972.25,971.5999755859375,972.25,666
2026-09-15 12:54:00+05:30,972.0999755859375,972.0999755859375,972.0,972.0,13
2026-09-15 12:55:00+05:30,971.5999755859375,971.9000244140625,971.5999755859375,971.9000244140625,35
2026-09-15 12:56:00+05:30,971.7999877929688,972.0999755859375,971.7999877929688,972.0999755859375,12
2026-09-15 12:57:00+05:30,972.3499755859375,972.4000244140625,972.0,972.2000122070312,198
2026-09-15 12:58:00+05:30,971.6500244140625,972.0,971.5,972.0,32
2026-09-15 12:59:00+05:30,971.5999755859375,971.5999755859375,971.5499877929688,971.5999755859375,72
2026-09-15 13:00:00+05:30,971.7999877929688,971.7999877929688,971.4000244140625,971.4000244140625,304
2026-09-15 13:01:00+05:30,971.25,971.5999755859375,971.1500244140625,971.5999755859375,270
2026-09-15 13:02:00+05:30,971.1500244140625,971.7000122070312,971.1500244140625,971.7000122070312,51
2026-09-15 13:03:00+05:30,971.4000244140625,971.5999755859375,971.0,971.0,50
2026-09-15 13:04:00+05:30,971.5999755859375,971.5999755859375,970.7999877929688,970.7999877929688,61
2026-09-15 13:05:00+05:30,971.2000122070312,971.5999755859375,971.1500244140625,971.2000122070312,40
2026-09-15 13:06:00+05:30,970.9000244140625,971.5499877929688,970.9000244140625,971.2999877929688,72
2026-09-15 13:07:00+05:30,970.6500244140625,971.4000244140625,970.6500244140625,971.0499877929688,60
2026-09-15 13:08:00+05:30,970.7999877929688,971.2999877929688,970.75,970.75,13
2026-09-15 13:09:00+05:30,971.2000122070312,971.2000122070312,970.7000122070312,970.7000122070312,47
2026-09-15 13:10:00+05:30,970.5999755859375,970.7999877929688,970.5999755859375,970.5999755859375,102
2026-09-15 13:11:00+05:30,969.75,970.5999755859375,969.75,970.5999755859375,26
2026-09-15 13:12:00+05:30,970.0499877929688,970.4000244140625,969.4000244140625,969.7999877929688,94
2026-09-15 13:13:00+05:30,970.4500122070312,970.4500122070312,970.1500244140625,970.1500244140625,111
2026-09-15 13:14:00+05:30,970.7999877929688,970.7999877929688,970.4500122070312,970.4500122070312,13
2026-09-15 13:15:00+05:30,970.0999755859375,970.5,970.0,970.5,239
2026-09-15 13:16:00+05:30,970.4500122070312,970.5,970.2999877929688,970.5,28
2026-09-15 13:17:00+05:30,970.2999877929688,970.5,970.2000122070312,970.4500122070312,404
2026-09-15 13:18:00+05:30,970.5499877929688,970.5499877929688,970.0999755859375,970.2999877929688,79
2026-09-15 13:19:00+05:30,970.2999877929688,970.5999755859375,970.0,970.5999755859375,47
2026-09-15 13:20:00+05:30,970.0,970.2000122070312,970.0,970.2000122070312,66
2026-09-15 13:21:00+05:30,969.6500244140625,970.0,969.5999755859375,970.0,104
2026-09-15 13:22:00+05:30,969.5,969.9000244140625,969.4500122070312,969.6500244140625,74
2026-09-15 13:23:00+05:30,969.4000244140625,969.5999755859375,969.4000244140625,969.5999755859375,25
2026-09-15 13:24:00+05:30,969.7000122070312,969.7000122070312,969.5,969.5,10
2026-09-15 13:25:00+05:30,969.0999755859375,969.5499877929688,969.0999755859375,969.5499877929688,86
2026-09-15 13:26:00+05:30,969.0,969.0999755859375,968.7999877929688,969.0999755859375,63
2026-09-15 13:27:00+05:30,969.0999755859375,969.0999755859375,969.0,969.0,106
2026-09-15 13:28:00+05:30,968.7000122070312,969.2999877929688,968.7000122070312,968.9000244140625,39
2026-09-15 13:29:00+05:30,968.7999877929688,969.0999755859375,968.7000122070312,968.7000122070312,77
2026-09-15 13:30:00+05:30,968.7999877929688,969.0999755859375,968.7000122070312,968.7999877929688,36
2026-09-15 13:31:00+05:30,967.7000122070312,968.7000122070312,967.5999755859375,968.7000122070312,89
2026-09-15 13:32:00+05:30,968.0999755859375,968.25,967.6500244140625,967.8499755859375,59
2026-09-15 13:33:00+05:30,967.8499755859375,968.2000122070312,967.8499755859375,968.0499877929688,181
2026-09-15 13:34:00+05:30,967.7000122070312,967.9000244140625,967.5,967.8499755859375,126
2026-09-15 13:35:00+05:30,967.7999877929688,968.1500244140625,967.5999755859375,967.8499755859375,62
2026-09-15 13:36:00+05:30,967.5999755859375,968.0999755859375,967.5,967.75,201
2026-09-15 13:37:00+05:30,967.75,968.0,967.75,967.8499755859375,152
2026-09-15 13:38:00+05:30,967.4500122070312,967.9000244140625,967.4500122070312,967.75,71
2026-09-15 13:39:00+05:30,966.3499755859375,967.6500244140625,966.2000122070312,967.4000244140625,796
2026-09-15 13:40:00+05:30,965.75,966.3499755859375,965.4000244140625,966.3499755859375,887
2026-09-15 13:41:00+05:30,966.75,967.0,965.7000122070312,965.9500122070312,134
2026-09-15 13:42:00+05:30,966.5999755859375,967.0,966.5999755859375,966.75,283
2026-09-15 13:43:00+05:30,966.0999755859375,966.7999877929688,966.0999755859375,966.5499877929688,117
2026-09-15 13:44:00+05:30,966.75,966.75,966.0999755859375,966.0999755859375,68
2026-09-15 13:45:00+05:30,967.0999755859375,967.25,966.4000244140625,966.5,228
2026-09-15 13:46:00+05:30,966.5499877929688,967.4000244140625,966.5499877929688,967.4000244140625,185
2026-09-15 13:47:00+05:30,967.0499877929688,967.0499877929688,966.7000122070312,966.7000122070312,71
2026-09-15 13:48:00+05:30,966.7999877929688,967.2000122070312,966.7999877929688,966.8499755859375,34
2026-09-15 13:49:00+05:30,967.2999877929688,967.2999877929688,967.1500244140625,967.25,69
2026-09-15 13:50:00+05:30,968.0,968.2999877929688,967.2999877929688,967.2999877929688,1580
2026-09-15 13:51:00+05:30,968.0999755859375,968.2000122070312,967.2000122070312,967.7000122070312,1005
2026-09-15 13:52:00+05:30,967.8499755859375,968.1500244140625,967.5999755859375,967.9500122070312,144
2026-09-15 13:53:00+05:30,967.7000122070312,967.9500122070312,967.5,967.9500122070312,182
2026-09-15 13:54:00+05:30,967.5499877929688,967.7999877929688,967.5,967.7000122070312,61
2026-09-15 13:55:00+05:30,967.2000122070312,967.5999755859375,967.2000122070312,967.5999755859375,152
2026-09-15 13:56:00+05:30,967.0,967.5,967.0,967.2000122070312,163
2026-09-15 13:57:00+05:30,966.8499755859375,967.2999877929688,966.8499755859375,967.0,293
2026-09-15 13:58:00+05:30,967.0999755859375,967.0999755859375,966.8499755859375,966.8499755859375,29
2026-09-15 13:59:00+05:30,967.3499755859375,967.4000244140625,966.6500244140625,967.4000244140625,193
2026-09-15 14:00:00+05:30,967.3499755859375,967.3499755859375,967.0499877929688,967.3499755859375,94
2026-09-15 14:01:00+05:30,966.8499755859375,967.5499877929688,966.8499755859375,967.5,255
2026-09-15 14:02:00+05:30,966.5999755859375,967.2000122070312,966.5999755859375,967.2000122070312,272
2026-09-15 14:03:00+05:30,966.9000244140625,967.2999877929688,966.75,966.75,218
2026-09-15 14:04:00+05:30,966.5999755859375,967.0,966.5999755859375,966.6500244140625,100
2026-09-15 14:05:00+05:30,966.2000122070312,966.8499755859375,966.2000122070312,966.5,272
2026-09-15 14:06:00+05:30,966.9500122070312,967.1500244140625,966.2000122070312,966.2000122070312,215
2026-09-15 14:07:00+05:30,966.5,966.8499755859375,966.2999877929688,966.2999877929688,196
2026-09-15 14:08:00+05:30,966.5,966.7000122070312,966.2000122070312,966.5,215
2026-09-15 14:09:00+05:30,966.7000122070312,966.9500122070312,966.5,966.5,119
2026-09-15 14:10:00+05:30,966.5,966.7999877929688,966.5,966.7000122070312,102
2026-09-15 14:11:00+05:30,966.7000122070312,966.7999877929688,966.4000244140625,966.4500122070312,199
2026-09-15 14:12:00+05:30,966.5999755859375,966.9500122070312,966.4000244140625,966.5,94
2026-09-15 14:13:00+05:30,966.6500244140625,967.2000122070312,966.2999877929688,966.8499755859375,369
2026-09-15 14:14:00+05:30,966.2000122070312,966.5,965.75,965.75,851
2026-09-15 14:15:00+05:30,966.0,966.5,965.5,966.2000122070312,246
2026-09-15 14:16:00+05:30,965.7999877929688,965.9000244140625,965.5,965.7999877929688,211
2026-09-15 14:17:00+05:30,965.5999755859375,966.0,965.5,965.5999755859375,268
2026-09-15 14:18:00+05:30,965.5999755859375,966.1500244140625,965.5,965.5999755859375,391
2026-09-15 14:19:00+05:30,964.7999877929688,965.2999877929688,964.6500244140625,964.7000122070312,2222
2026-09-15 14:20:00+05:30,965.2999877929688,966.2000122070312,965.0,965.0,454
2026-09-15 14:22:00+05:30,965.0,965.75,965.0,965.75,106
2026-09-15 14:23:00+05:30,965.0999755859375,965.0999755859375,964.4500122070312,964.4500122070312,312
2026-09-15 14:24:00+05:30,964.5999755859375,965.0,964.0999755859375,964.8499755859375,160
2026-09-15 14:25:00+05:30,964.9000244140625,964.9000244140625,964.3499755859375,964.4000244140625,39
2026-09-15 14:26:00+05:30,964.9500122070312,964.9500122070312,964.2999877929688,964.9500122070312,32
2026-09-15 14:27:00+05:30,963.0999755859375,964.4000244140625,963.0,964.4000244140625,313
2026-09-15 14:28:00+05:30,962.6500244140625,963.5999755859375,962.4000244140625,963.5999755859375,307
2026-09-15 14:29:00+05:30,962.2000122070312,962.7999877929688,962.0,962.5499877929688,260
2026-09-15 14:30:00+05:30,961.5,962.5999755859375,961.5,962.0499877929688,89
2026-09-15 14:31:00+05:30,962.0,962.0999755859375,961.9000244140625,961.9000244140625,38
2026-09-15 14:32:00+05:30,962.0999755859375,962.0999755859375,961.5999755859375,962.0,86
2026-09-15 14:33:00+05:30,962.8499755859375,962.8499755859375,962.0999755859375,962.0999755859375,67
2026-09-15 14:34:00+05:30,961.6500244140625,963.0,961.6500244140625,963.0,64
2026-09-15 14:35:00+05:30,962.6500244140625,962.9500122070312,962.4000244140625,962.4000244140625,94
2026-09-15 14:36:00+05:30,962.75,962.7999877929688,961.7999877929688,961.7999877929688,270
2026-09-15 14:37:00+05:30,962.7999877929688,962.8499755859375,962.0,962.5,29
2026-09-15 14:38:00+05:30,962.7000122070312,963.0999755859375,962.2000122070312,962.7999877929688,156
2026-09-15 14:39:00+05:30,964.9000244140625,964.9000244140625,963.4000244140625,963.4000244140625,209
2026-09-15 14:40:00+05:30,963.9000244140625,964.1500244140625,963.5,963.8499755859375,11
2026-09-15 14:41:00+05:30,964.2999877929688,964.2999877929688,963.9000244140625,964.0999755859375,82
2026-09-15 14:42:00+05:30,964.2000122070312,964.5,963.7999877929688,964.0999755859375,74
2026-09-15 14:43:00+05:30,963.5999755859375,964.25,963.5999755859375,964.25,84
2026-09-15 14:44:00+05:30,963.4500122070312,963.9500122070312,963.4500122070312,963.5999755859375,29
2026-09-15 14:45:00+05:30,963.0999755859375,963.9000244140625,963.0,963.9000244140625,190
2026-09-15 14:46:00+05:30,962.5999755859375,963.0999755859375,962.5999755859375,963.0999755859375,951
2026-09-15 14:47:00+05:30,962.25,962.5999755859375,961.9000244140625,962.4500122070312,423
2026-09-15 14:48:00+05:30,962.0999755859375,962.2000122070312,961.5999755859375,962.2000122070312,194
2026-09-15 14:49:00+05:30,961.75,962.0999755859375,961.6500244140625,962.0999755859375,89
2026-09-15 14:50:00+05:30,962.5999755859375,962.5999755859375,961.75,962.0,64
2026-09-15 14:51:00+05:30,963.5999755859375,963.5999755859375,962.5999755859375,962.9000244140625,88
2026-09-15 14:52:00+05:30,963.0999755859375,963.9500122070312,962.6500244140625,963.2999877929688,129
2026-09-15 14:53:00+05:30,962.7999877929688,963.5999755859375,962.7999877929688,963.5999755859375,55
2026-09-15 14:54:00+05:30,961.5,962.5999755859375,961.5,961.9500122070312,194
2026-09-15 14:55:00+05:30,962.0,962.4000244140625,961.9500122070312,961.9500122070312,60
2026-09-15 14:56:00+05:30,962.4000244140625,962.6500244140625,961.5499877929688,962.0,732
2026-09-15 14:57:00+05:30,962.7000122070312,962.9000244140625,962.0499877929688,962.0499877929688,93
2026-09-15 14:58:00+05:30,962.0,962.8499755859375,962.0,962.8499755859375,164
2026-09-15 14:59:00+05:30,962.5,962.5999755859375,962.5,962.5,136
2026-09-15 15:00:00+05:30,961.5,962.5,961.5,962.5,230
2026-09-15 15:01:00+05:30,961.0999755859375,961.5499877929688,960.75,961.5499877929688,906
2026-09-15 15:02:00+05:30,960.7999877929688,961.0999755859375,960.7999877929688,961.0999755859375,409
2026-09-15 15:03:00+05:30,960.4500122070312,961.1500244140625,960.4500122070312,960.5499877929688,555
2026-09-15 15:04:00+05:30,961.4000244140625,961.4000244140625,960.2000122070312,961.0,73
2026-09-15 15:05:00+05:30,961.25,961.2999877929688,961.25,961.2999877929688,134
2026-09-15 15:06:00+05:30,962.0,962.0,960.3499755859375,961.2000122070312,1260
2026-09-15 15:07:00+05:30,962.75,962.7999877929688,961.5499877929688,962.0,628
2026-09-15 15:08:00+05:30,962.7999877929688,962.7999877929688,961.9500122070312,962.75,70
2026-09-15 15:09:00+05:30,962.0,962.75,961.25,961.6500244140625,673
2026-09-15 15:10:00+05:30,963.7999877929688,963.7999877929688,962.7999877929688,962.7999877929688,528
2026-09-15 15:11:00+05:30,963.7999877929688,964.9000244140625,963.7999877929688,963.7999877929688,359
2026-09-15 15:12:00+05:30,962.7000122070312,964.0,961.8499755859375,963.7999877929688,140
2026-09-15 15:13:00+05:30,964.3499755859375,964.5,962.7999877929688,962.7999877929688,51
2026-09-15 15:14:00+05:30,962.0,964.1500244140625,962.0,964.1500244140625,81
2026-09-15 15:29:00+05:30,960.5,960.5,960.5,960.5,800
2026-09-16 09:15:00+05:30,962.0999755859375,962.5499877929688,958.0,959.5499877929688,1085
2026-09-16 09:16:00+05:30,963.7000122070312,964.1500244140625,959.5,962.1500244140625,870
2026-09-16 09:17:00+05:30,966.4500122070312,966.4500122070312,963.5999755859375,963.5999755859375,1609
2026-09-16 09:18:00+05:30,965.2000122070312,967.7999877929688,964.5,965.7000122070312,227
2026-09-16 09:19:00+05:30,968.25,969.9500122070312,966.4000244140625,966.4000244140625,4450
2026-09-16 09:20:00+05:30,969.0999755859375,969.5999755859375,967.5999755859375,968.25,1833
2026-09-16 09:21:00+05:30,968.3499755859375,969.0,968.0,969.0,1390
2026-09-16 09:22:00+05:30,968.7000122070312,968.7000122070312,967.2000122070312,967.2000122070312,215
2026-09-16 09:23:00+05:30,968.4000244140625,968.7000122070312,967.7999877929688,968.7000122070312,300
2026-09-16 09:24:00+05:30,966.0,967.5,966.0,967.5,143
2026-09-16 09:25:00+05:30,965.2000122070312,965.8499755859375,964.0999755859375,965.8499755859375,187
2026-09-16 09:26:00+05:30,965.0999755859375,965.7000122070312,964.7999877929688,965.0499877929688,445
2026-09-16 09:27:00+05:30,965.7000122070312,965.7000122070312,964.7000122070312,965.0999755859375,64
2026-09-16 09:28:00+05:30,964.4000244140625,965.4000244140625,964.4000244140625,965.4000244140625,26
2026-09-16 09:29:00+05:30,963.7999877929688,964.7999877929688,963.7999877929688,964.2000122070312,159
2026-09-16 09:30:00+05:30,964.0,964.4000244140625,964.0,964.4000244140625,50
2026-09-16 09:31:00+05:30,965.1500244140625,965.1500244140625,963.8499755859375,963.8499755859375,329
2026-09-16 09:32:00+05:30,965.0499877929688,965.4500122070312,964.4500122070312,964.5999755859375,467
2026-09-16 09:33:00+05:30,965.4500122070312,965.5,964.9000244140625,964.9000244140625,276
2026-09-16 09:34:00+05:30,965.6500244140625,966.0,965.4000244140625,965.4000244140625,61
2026-09-16 09:35:00+05:30,964.0,965.1500244140625,964.0,965.0,197
2026-09-16 09:36:00+05:30,963.8499755859375,964.0,963.5499877929688,963.5499877929688,146
2026-09-16 09:37:00+05:30,963.2000122070312,964.0999755859375,963.2000122070312,963.8499755859375,275
2026-09-16 09:38:00+05:30,963.0,963.7999877929688,962.5499877929688,963.2000122070312,109
2026-09-16 09:39:00+05:30,963.25,963.25,962.9000244140625,962.9000244140625,25
2026-09-16 09:40:00+05:30,963.0499877929688,963.1500244140625,962.25,962.25,186
2026-09-16 09:41:00+05:30,962.0499877929688,962.75,962.0499877929688,962.2000122070312,104
2026-09-16 09:42:00+05:30,962.0,962.6500244140625,961.2000122070312,962.6500244140625,519
2026-09-16 09:43:00+05:30,962.3499755859375,962.3499755859375,961.7999877929688,962.0,340
2026-09-16 09:44:00+05:30,962.0,962.7000122070312,962.0,962.0,117
2026-09-16 09:45:00+05:30,962.7999877929688,962.7999877929688,961.9000244140625,962.5999755859375,284
2026-09-16 09:46:00+05:30,963.4500122070312,963.5,962.7999877929688,962.7999877929688,242
2026-09-16 09:47:00+05:30,961.2000122070312,962.7000122070312,961.2000122070312,962.7000122070312,57
2026-09-16 09:48:00+05:30,962.0499877929688,962.0999755859375,961.2000122070312,961.2000122070312,80
2026-09-16 09:49:00+05:30,962.7000122070312,962.7000122070312,961.7000122070312,961.7000122070312,149
2026-09-16 09:50:00+05:30,962.5,963.0999755859375,962.5,962.7999877929688,76
2026-09-16 09:51:00+05:30,961.5499877929688,962.5,961.5499877929688,962.5,108
2026-09-16 09:52:00+05:30,962.2999877929688,962.2999877929688,961.7999877929688,961.7999877929688,29
2026-09-16 09:53:00+05:30,962.0,962.0,961.5999755859375,961.5999755859375,14
2026-09-16 09:54:00+05:30,962.2999877929688,962.2999877929688,962.0,962.0,72
2026-09-16 09:55:00+05:30,963.0499877929688,964.0999755859375,963.0499877929688,964.0,115
2026-09-16 09:56:00+05:30,965.0999755859375,965.0999755859375,964.0,964.0,254
2026-09-16 09:57:00+05:30,965.2000122070312,966.9000244140625,965.2000122070312,966.0999755859375,555
2026-09-16 09:58:00+05:30,965.0,965.5499877929688,965.0,965.2000122070312,701
2026-09-16 09:59:00+05:30,966.0,966.0,965.2000122070312,965.2000122070312,544
2026-09-16 10:00:00+05:30,966.0,966.3499755859375,965.75,966.3499755859375,43
2026-09-16 10:01:00+05:30,965.9000244140625,966.2999877929688,965.2000122070312,966.2999877929688,72
2026-09-16 10:02:00+05:30,965.0499877929688,965.8499755859375,964.4000244140625,965.8499755859375,424
2026-09-16 10:03:00+05:30,965.0499877929688,965.0499877929688,964.3499755859375,964.3499755859375,130
2026-09-16 10:04:00+05:30,964.6500244140625,964.6500244140625,964.6500244140625,964.6500244140625,1
2026-09-16 10:05:00+05:30,964.4500122070312,964.4500122070312,964.4500122070312,964.4500122070312,5
2026-09-16 10:07:00+05:30,964.7999877929688,964.7999877929688,964.4000244140625,964.4000244140625,230
2026-09-16 10:08:00+05:30,965.6500244140625,965.6500244140625,964.7999877929688,964.7999877929688,21
2026-09-16 10:09:00+05:30,966.0,966.0,965.6500244140625,965.75,130
2026-09-16 10:10:00+05:30,965.9500122070312,966.0,965.2999877929688,966.0,434
2026-09-16 10:11:00+05:30,965.5499877929688,965.7999877929688,965.5499877929688,965.7999877929688,24
2026-09-16 10:12:00+05:30,966.9500122070312,966.9500122070312,965.5999755859375,966.0,1312
2026-09-16 10:13:00+05:30,965.9000244140625,966.6500244140625,965.5,966.6500244140625,124
2026-09-16 10:14:00+05:30,965.75,965.9000244140625,965.25,965.4500122070312,92
2026-09-16 10:15:00+05:30,967.7000122070312,968.0,965.0999755859375,965.0999755859375,670
2026-09-16 10:16:00+05:30,968.5,969.4000244140625,968.0,968.0,638
2026-09-16 10:17:00+05:30,971.8499755859375,971.8499755859375,967.75,968.5,2430
2026-09-16 10:18:00+05:30,969.7000122070312,971.2000122070312,969.7000122070312,971.0,1814
2026-09-16 10:19:00+05:30,968.9500122070312,969.7000122070312,968.2000122070312,969.0999755859375,37
2026-09-16 10:20:00+05:30,968.4000244140625,969.0499877929688,968.4000244140625,969.0,189
2026-09-16 10:21:00+05:30,968.3499755859375,969.0,968.3499755859375,969.0,156
2026-09-16 10:22:00+05:30,968.6500244140625,969.0,968.6500244140625,968.9500122070312,5
2026-09-16 10:23:00+05:30,970.5,970.5,970.0,970.0499877929688,1415
2026-09-16 10:24:00+05:30,970.5999755859375,970.5999755859375,970.0,970.4500122070312,161
2026-09-16 10:25:00+05:30,972.2999877929688,972.2999877929688,970.0,970.0,1676
2026-09-16 10:26:00+05:30,973.3499755859375,975.0,973.0,973.0,722
2026-09-16 10:27:00+05:30,973.9500122070312,973.9500122070312,973.9500122070312,973.9500122070312,3
2026-09-16 10:28:00+05:30,973.2000122070312,973.5499877929688,973.2000122070312,973.5499877929688,31
2026-09-16 10:29:00+05:30,972.5,973.0,972.3499755859375,973.0,402
2026-09-16 10:30:00+05:30,972.75,972.75,972.0,972.0,253
2026-09-16 10:31:00+05:30,971.25,973.5,971.25,973.5,303
2026-09-16 10:32:00+05:30,971.75,972.2999877929688,971.3499755859375,972.0,185
2026-09-16 10:33:00+05:30,975.0,975.0,972.2999877929688,972.2999877929688,636
2026-09-16 10:34:00+05:30,975.1500244140625,976.0,974.9000244140625,975.5,581
2026-09-16 10:35:00+05:30,975.5,975.75,974.7999877929688,975.75,546
2026-09-16 10:36:00+05:30,975.2999877929688,975.2999877929688,974.4000244140625,974.4000244140625,193
2026-09-16 10:37:00+05:30,974.0,975.2999877929688,973.5499877929688,975.2999877929688,1649
2026-09-16 10:38:00+05:30,974.0,974.0,973.25,973.5499877929688,383
2026-09-16 10:39:00+05:30,974.0,974.2000122070312,973.2999877929688,974.2000122070312,257
2026-09-16 10:40:00+05:30,973.7999877929688,973.9500122070312,973.2999877929688,973.9500122070312,33
2026-09-16 10:41:00+05:30,973.7000122070312,973.7000122070312,973.7000122070312,973.7000122070312,170
2026-09-16 10:42:00+05:30,973.7000122070312,973.7000122070312,973.7000122070312,973.7000122070312,3
2026-09-16 10:43:00+05:30,973.5,973.5,973.5,973.5,1
2026-09-16 10:44:00+05:30,973.4000244140625,973.4000244140625,972.9500122070312,973.2999877929688,51
2026-09-16 10:45:00+05:30,973.3499755859375,973.3499755859375,973.1500244140625,973.2000122070312,48
2026-09-16 10:46:00+05:30,973.5999755859375,973.5999755859375,972.5999755859375,973.2999877929688,48
2026-09-16 10:47:00+05:30,973.75,973.7999877929688,973.5999755859375,973.5999755859375,11
2026-09-16 10:48:00+05:30,975.0,975.0,973.5,973.7000122070312,294
2026-09-16 10:49:00+05:30,975.2000122070312,976.0,975.0999755859375,975.2000122070312,176
2026-09-16 10:50:00+05:30,974.7000122070312,975.2999877929688,974.7000122070312,975.25,67
2026-09-16 10:51:00+05:30,974.7000122070312,974.9500122070312,974.7000122070312,974.9500122070312,61
2026-09-16 10:52:00+05:30,975.3499755859375,975.3499755859375,975.0,975.0,8
2026-09-16 10:53:00+05:30,975.25,975.25,974.2000122070312,974.5,552
2026-09-16 10:54:00+05:30,974.0499877929688,974.7999877929688,974.0499877929688,974.0499877929688,50
2026-09-16 10:55:00+05:30,973.9000244140625,974.0499877929688,973.25,974.0499877929688,361
2026-09-16 10:56:00+05:30,974.2000122070312,974.2000122070312,973.5999755859375,973.5999755859375,125
2026-09-16 10:57:00+05:30,974.25,975.0,974.2000122070312,974.9500122070312,33
2026-09-16 10:58:00+05:30,975.0999755859375,975.0999755859375,974.2999877929688,975.0,154
2026-09-16 10:59:00+05:30,975.2000122070312,975.2000122070312,975.2000122070312,975.2000122070312,27
2026-09-16 11:00:00+05:30,973.8499755859375,975.1500244140625,973.8499755859375,975.1500244140625,24
2026-09-16 11:01:00+05:30,975.2000122070312,975.2000122070312,974.4500122070312,974.5,89
2026-09-16 11:02:00+05:30,976.5999755859375,976.5999755859375,975.5999755859375,975.5999755859375,327
2026-09-16 11:03:00+05:30,976.5999755859375,976.5999755859375,976.5999755859375,976.5999755859375,81
2026-09-16 11:04:00+05:30,976.2000122070312,976.2000122070312,976.2000122070312,976.2000122070312,1
2026-09-16 11:05:00+05:30,976.0,976.5999755859375,976.0,976.5,147
2026-09-16 11:06:00+05:30,976.0,976.0,975.6500244140625,975.6500244140625,265
2026-09-16 11:07:00+05:30,974.3499755859375,975.2000122070312,974.3499755859375,975.2000122070312,162
2026-09-16 11:08:00+05:30,975.0,975.0,974.9000244140625,974.9500122070312,566
2026-09-16 11:09:00+05:30,975.2999877929688,975.2999877929688,975.2999877929688,975.2999877929688,15
2026-09-16 11:10:00+05:30,975.75,975.75,975.2999877929688,975.2999877929688,10
2026-09-16 11:11:00+05:30,975.4500122070312,975.75,975.4500122070312,975.4500122070312,22
2026-09-16 11:12:00+05:30,975.4000244140625,975.4000244140625,975.4000244140625,975.4000244140625,1
2026-09-16 11:13:00+05:30,975.4000244140625,975.4500122070312,975.0499877929688,975.0499877929688,48
2026-09-16 11:14:00+05:30,975.0,975.0999755859375,975.0,975.0,11
2026-09-16 11:15:00+05:30,975.75,975.75,975.0999755859375,975.0999755859375,23
2026-09-16 11:16:00+05:30,975.7999877929688,975.7999877929688,975.75,975.75,151
2026-09-16 11:17:00+05:30,975.5,976.4500122070312,975.5,976.4500122070312,115
2026-09-16 11:18:00+05:30,975.0499877929688,975.5499877929688,975.0499877929688,975.5499877929688,32
2026-09-16 11:19:00+05:30,975.0999755859375,975.0999755859375,975.0,975.0,208
2026-09-16 11:20:00+05:30,974.2000122070312,974.5999755859375,974.2000122070312,974.5999755859375,16
2026-09-16 11:22:00+05:30,973.2999877929688,973.5,972.4000244140625,972.75,1200
2026-09-16 11:23:00+05:30,974.5,974.5,973.5999755859375,973.5999755859375,410
2026-09-16 11:24:00+05:30,973.6500244140625,974.5,973.6500244140625,974.5,59
2026-09-16 11:25:00+05:30,974.7999877929688,974.7999877929688,973.7000122070312,973.7000122070312,67
2026-09-16 11:26:00+05:30,972.0,974.25,972.0,974.25,2132
2026-09-16 11:27:00+05:30,971.5499877929688,971.9000244140625,971.5499877929688,971.9000244140625,1306
2026-09-16 11:28:00+05:30,971.4000244140625,972.0,971.4000244140625,971.4000244140625,22
2026-09-16 11:29:00+05:30,971.9000244140625,972.1500244140625,971.9000244140625,972.1500244140625,606
2026-09-16 11:31:00+05:30,972.9000244140625,972.9000244140625,972.7999877929688,972.7999877929688,6
2026-09-16 11:32:00+05:30,973.7999877929688,973.7999877929688,973.4500122070312,973.4500122070312,280
2026-09-16 11:33:00+05:30,974.0,974.5,974.0,974.5,71
2026-09-16 11:34:00+05:30,974.0499877929688,974.5,973.3499755859375,974.5,29
2026-09-16 11:35:00+05:30,973.25,973.9500122070312,973.25,973.9500122070312,40
2026-09-16 11:36:00+05:30,973.4000244140625,973.4000244140625,972.7000122070312,972.9000244140625,37
2026-09-16 11:37:00+05:30,973.5999755859375,973.5999755859375,973.0,973.0,48
2026-09-16 11:38:00+05:30,974.0,974.1500244140625,973.6500244140625,973.7999877929688,178
2026-09-16 11:39:00+05:30,973.5999755859375,973.5999755859375,972.9000244140625,973.3499755859375,174
2026-09-16 11:40:00+05:30,973.4000244140625,973.4000244140625,972.75,973.3499755859375,384
2026-09-16 11:41:00+05:30,973.5,973.5499877929688,973.5,973.5499877929688,62
2026-09-16 11:42:00+05:30,974.0,974.0,973.4500122070312,973.4500122070312,113
2026-09-16 11:43:00+05:30,974.4000244140625,974.7999877929688,973.9500122070312,973.9500122070312,166
2026-09-16 11:44:00+05:30,974.6500244140625,974.7000122070312,974.4000244140625,974.4000244140625,42
2026-09-16 11:45:00+05:30,973.9500122070312,974.5,973.75,974.5,124
2026-09-16 11:46:00+05:30,973.9500122070312,973.9500122070312,973.2000122070312,973.2000122070312,47
2026-09-16 11:47:00+05:30,973.9500122070312,973.9500122070312,973.9500122070312,973.9500122070312,1
2026-09-16 11:48:00+05:30,973.9500122070312,973.9500122070312,973.9500122070312,973.9500122070312,4
2026-09-16 11:49:00+05:30,973.9500122070312,974.0,973.9500122070312,974.0,426
2026-09-16 11:50:00+05:30,975.0,975.0,973.3499755859375,974.0,276
2026-09-16 11:51:00+05:30,974.2000122070312,975.0,974.2000122070312,975.0,303
2026-09-16 11:52:00+05:30,974.0,974.2999877929688,974.0,974.2999877929688,215
2026-09-16 11:53:00+05:30,975.0999755859375,976.2000122070312,973.9000244140625,973.9000244140625,3021
2026-09-16 11:54:00+05:30,975.2000122070312,975.2000122070312,975.1500244140625,975.1500244140625,28
2026-09-16 11:56:00+05:30,975.2000122070312,975.2000122070312,975.2000122070312,975.2000122070312,1
2026-09-16 11:57:00+05:30,975.2000122070312,975.2000122070312,975.2000122070312,975.2000122070312,69
2026-09-16 11:58:00+05:30,975.2000122070312,975.2000122070312,974.5499877929688,974.5499877929688,21
2026-09-16 11:59:00+05:30,975.2000122070312,975.2000122070312,975.2000122070312,975.2000122070312,15
2026-09-16 12:00:00+05:30,974.2000122070312,974.2000122070312,974.2000122070312,974.2000122070312,10
2026-09-16 12:01:00+05:30,974.5499877929688,974.5499877929688,974.5499877929688,974.5499877929688,19
2026-09-16 12:02:00+05:30,973.8499755859375,973.8499755859375,973.8499755859375,973.8499755859375,8
2026-09-16 12:03:00+05:30,974.2000122070312,974.2000122070312,974.2000122070312,974.2000122070312,15
2026-09-16 12:04:00+05:30,974.5499877929688,974.5499877929688,974.2999877929688,974.2999877929688,79
2026-09-16 12:05:00+05:30,974.5499877929688,974.9000244140625,974.25,974.9000244140625,35
2026-09-16 12:06:00+05:30,972.9500122070312,975.1500244140625,972.9500122070312,975.1500244140625,113
2026-09-16 12:07:00+05:30,973.5999755859375,973.5999755859375,973.0999755859375,973.0999755859375,71
2026-09-16 12:08:00+05:30,974.4000244140625,974.4000244140625,973.3499755859375,973.3499755859375,449
2026-09-16 12:09:00+05:30,975.0999755859375,975.0999755859375,975.0999755859375,975.0999755859375,45
2026-09-16 12:10:00+05:30,975.0,975.0,975.0,975.0,1
2026-09-16 12:11:00+05:30,975.9500122070312,975.9500122070312,975.0,975.0,248
2026-09-16 12:13:00+05:30,975.9500122070312,975.9500122070312,975.9500122070312,975.9500122070312,16
2026-09-16 12:14:00+05:30,975.7999877929688,975.9500122070312,975.7999877929688,975.9500122070312,25
2026-09-16 12:15:00+05:30,976.2999877929688,976.2999877929688,976.2999877929688,976.2999877929688,1
2026-09-16 12:16:00+05:30,976.0,976.0,975.4500122070312,975.5,63
2026-09-16 12:17:00+05:30,976.0,976.0,975.4500122070312,975.5,63
2026-09-16 12:18:00+05:30,975.4500122070312,975.4500122070312,975.4000244140625,975.4000244140625,7
2026-09-16 12:19:00+05:30,975.0499877929688,975.4000244140625,975.0499877929688,975.4000244140625,10
2026-09-16 12:20:00+05:30,975.0,975.4000244140625,975.0,975.4000244140625,42
2026-09-16 12:21:00+05:30,975.4000244140625,975.4000244140625,974.6500244140625,975.0999755859375,185
2026-09-16 12:22:00+05:30,975.0,975.0,975.0,975.0,1
2026-09-16 12:23:00+05:30,975.7000122070312,975.7000122070312,975.1500244140625,975.4000244140625,235
2026-09-16 12:24:00+05:30,975.5,976.0,975.5,976.0,11
2026-09-16 12:25:00+05:30,975.2000122070312,975.2000122070312,975.2000122070312,975.2000122070312,190
2026-09-16 12:27:00+05:30,975.2000122070312,975.2000122070312,974.8499755859375,974.8499755859375,131
2026-09-16 12:29:00+05:30,975.2000122070312,975.2000122070312,975.2000122070312,975.2000122070312,17
2026-09-16 12:30:00+05:30,975.5499877929688,975.5499877929688,974.9500122070312,974.9500122070312,29
2026-09-16 12:31:00+05:30,976.0,976.0,975.5,975.5,190
2026-09-16 12:32:00+05:30,975.0999755859375,975.7999877929688,975.0999755859375,975.7999877929688,46
2026-09-16 12:33:00+05:30,976.7000122070312,977.0,975.2999877929688,975.2999877929688,368
2026-09-16 12:34:00+05:30,977.2999877929688,977.2999877929688,977.2999877929688,977.2999877929688,3
2026-09-16 12:35:00+05:30,977.9500122070312,977.9500122070312,977.5499877929688,977.5499877929688,11
2026-09-16 12:36:00+05:30,976.9500122070312,978.25,976.9500122070312,978.0,550
2026-09-16 12:37:00+05:30,977.7000122070312,977.7000122070312,976.7999877929688,977.4000244140625,17
2026-09-16 12:38:00+05:30,977.9500122070312,977.9500122070312,977.6500244140625,977.6500244140625,56
2026-09-16 12:39:00+05:30,977.8499755859375,977.9500122070312,977.8499755859375,977.9500122070312,26
2026-09-16 12:40:00+05:30,977.3499755859375,977.8499755859375,977.3499755859375,977.8499755859375,116
2026-09-16 12:41:00+05:30,977.3499755859375,977.3499755859375,977.3499755859375,977.3499755859375,10
2026-09-16 12:43:00+05:30,977.4500122070312,977.7000122070312,977.4000244140625,977.7000122070312,82
2026-09-16 12:44:00+05:30,977.9500122070312,978.0499877929688,977.4500122070312,978.0499877929688,128
2026-09-16 12:45:00+05:30,977.9500122070312,977.9500122070312,977.9500122070312,977.9500122070312,12
2026-09-16 12:46:00+05:30,977.5999755859375,978.0499877929688,977.5999755859375,978.0499877929688,114
2026-09-16 12:47:00+05:30,977.0999755859375,977.9000244140625,977.0999755859375,977.9000244140625,450
2026-09-16 12:49:00+05:30,976.2000122070312,976.2000122070312,976.2000122070312,976.2000122070312,26
2026-09-16 12:50:00+05:30,975.7000122070312,976.2000122070312,975.7000122070312,976.2000122070312,2
2026-09-16 12:53:00+05:30,975.7000122070312,975.7000122070312,975.1500244140625,975.1500244140625,150
2026-09-16 12:54:00+05:30,975.4500122070312,976.0999755859375,975.4500122070312,975.7999877929688,71
2026-09-16 12:55:00+05:30,975.9000244140625,975.9000244140625,975.4000244140625,975.4000244140625,11
2026-09-16 12:56:00+05:30,975.5999755859375,976.0,975.5999755859375,975.8499755859375,83
2026-09-16 12:59:00+05:30,974.8499755859375,975.1500244140625,974.8499755859375,975.1500244140625,7
2026-09-16 13:00:00+05:30,975.0,975.2000122070312,974.8499755859375,974.8499755859375,47
2026-09-16 13:01:00+05:30,974.7000122070312,975.75,974.7000122070312,975.5,168
2026-09-16 13:02:00+05:30,974.7000122070312,974.7000122070312,974.7000122070312,974.7000122070312,10
2026-09-16 13:03:00+05:30,975.25,975.2999877929688,975.25,975.2999877929688,134
2026-09-16 13:04:00+05:30,975.2999877929688,975.2999877929688,974.7000122070312,974.7000122070312,63
2026-09-16 13:05:00+05:30,976.0,976.0,975.2999877929688,975.7000122070312,324
2026-09-16 13:06:00+05:30,976.2000122070312,976.5,976.0,976.0,135
2026-09-16 13:07:00+05:30,976.7000122070312,977.0,976.7000122070312,977.0,199
2026-09-16 13:08:00+05:30,977.7000122070312,977.7000122070312,977.7000122070312,977.7000122070312,250
2026-09-16 13:09:00+05:30,978.0499877929688,978.0499877929688,977.7000122070312,977.7000122070312,33
2026-09-16 13:10:00+05:30,978.0499877929688,978.0499877929688,978.0499877929688,978.0499877929688,22
2026-09-16 13:11:00+05:30,978.2000122070312,978.2000122070312,978.2000122070312,978.2000122070312,10
2026-09-16 13:12:00+05:30,977.1500244140625,977.1500244140625,977.1500244140625,977.1500244140625,2
2026-09-16 13:14:00+05:30,976.0999755859375,976.0999755859375,976.0999755859375,976.0999755859375,1
2026-09-16 13:15:00+05:30,975.75,975.75,975.75,975.75,1
2026-09-16 13:16:00+05:30,976.2000122070312,976.2000122070312,976.2000122070312,976.2000122070312,10
2026-09-16 13:19:00+05:30,975.9000244140625,975.9000244140625,975.9000244140625,975.9000244140625,30
2026-09-16 13:20:00+05:30,976.0999755859375,976.2999877929688,975.9000244140625,976.2999877929688,83
2026-09-16 13:21:00+05:30,976.0,976.0,976.0,976.0,2
2026-09-16 13:22:00+05:30,975.9000244140625,975.9000244140625,975.5999755859375,975.5999755859375,17
2026-09-16 13:23:00+05:30,975.3499755859375,975.5499877929688,975.3499755859375,975.5499877929688,209
2026-09-16 13:24:00+05:30,975.0,975.2000122070312,975.0,975.0,38
2026-09-16 13:25:00+05:30,974.5999755859375,974.5999755859375,974.5999755859375,974.5999755859375,4
2026-09-16 13:26:00+05:30,974.7999877929688,974.7999877929688,974.7999877929688,974.7999877929688,788
2026-09-16 13:27:00+05:30,974.5999755859375,974.5999755859375,974.5999755859375,974.5999755859375,80
2026-09-16 13:28:00+05:30,974.9000244140625,974.9000244140625,974.9000244140625,974.9000244140625,750
2026-09-16 13:30:00+05:30,973.7000122070312,974.0999755859375,973.7000122070312,974.0999755859375,16
2026-09-16 13:31:00+05:30,974.0499877929688,974.1500244140625,974.0499877929688,974.1500244140625,8
2026-09-16 13:32:00+05:30,974.75,974.75,974.75,974.75,1
2026-09-16 13:33:00+05:30,974.75,974.75,974.75,974.75,1
2026-09-16 13:34:00+05:30,974.75,974.75,974.25,974.7000122070312,30
2026-09-16 13:35:00+05:30,974.7000122070312,974.7000122070312,974.7000122070312,974.7000122070312,3
2026-09-16 13:36:00+05:30,974.7000122070312,975.0,974.2000122070312,975.0,32
2026-09-16 13:37:00+05:30,974.1500244140625,974.1500244140625,974.1500244140625,974.1500244140625,99
2026-09-16 13:38:00+05:30,974.4000244140625,974.5,974.4000244140625,974.5,8
2026-09-16 13:39:00+05:30,974.4000244140625,974.4000244140625,974.4000244140625,974.4000244140625,25
2026-09-16 13:41:00+05:30,974.2000122070312,974.2000122070312,974.2000122070312,974.2000122070312,2
2026-09-16 13:42:00+05:30,974.4000244140625,974.4000244140625,974.2000122070312,974.2000122070312,20
2026-09-16 13:43:00+05:30,973.3499755859375,973.3499755859375,973.3499755859375,973.3499755859375,325
2026-09-16 13:45:00+05:30,973.5,973.5,973.5,973.5,18
2026-09-16 13:47:00+05:30,974.2000122070312,974.2000122070312,974.2000122070312,974.2000122070312,1
2026-09-16 13:48:00+05:30,974.4000244140625,974.4000244140625,974.4000244140625,974.4000244140625,3
2026-09-16 13:49:00+05:30,973.7999877929688,974.3499755859375,973.7999877929688,974.2999877929688,43
2026-09-16 13:50:00+05:30,974.4000244140625,974.4000244140625,974.4000244140625,974.4000244140625,6
2026-09-16 13:51:00+05:30,974.4000244140625,974.4000244140625,974.4000244140625,974.4000244140625,156
2026-09-16 13:52:00+05:30,975.0,975.0,975.0,975.0,100
2026-09-16 13:53:00+05:30,975.0,975.0,974.9500122070312,974.9500122070312,7
2026-09-16 13:54:00+05:30,974.7999877929688,975.0,974.7999877929688,975.0,29
2026-09-16 13:55:00+05:30,974.7999877929688,975.0,974.7999877929688,974.7999877929688,35
2026-09-16 13:57:00+05:30,974.4000244140625,974.7999877929688,974.4000244140625,974.7999877929688,36
2026-09-16 13:58:00+05:30,974.4000244140625,974.4000244140625,974.4000244140625,974.4000244140625,15
2026-09-16 14:00:00+05:30,975.4000244140625,976.0,975.0,975.0,1043
2026-09-16 14:01:00+05:30,975.4000244140625,975.4000244140625,975.4000244140625,975.4000244140625,233
2026-09-16 14:02:00+05:30,975.1500244140625,975.25,975.1500244140625,975.25,13
2026-09-16 14:03:00+05:30,975.4000244140625,975.4000244140625,975.4000244140625,975.4000244140625,594
2026-09-16 14:05:00+05:30,975.0,975.25,975.0,975.25,29
2026-09-16 14:06:00+05:30,974.5,974.5,974.5,974.5,325
2026-09-16 14:07:00+05:30,974.7999877929688,974.9000244140625,974.5,974.5,5
2026-09-16 14:08:00+05:30,974.2000122070312,974.5999755859375,974.2000122070312,974.5,45
2026-09-16 14:10:00+05:30,974.5,974.8499755859375,974.2999877929688,974.8499755859375,50
2026-09-16 14:11:00+05:30,975.25,975.25,974.7999877929688,974.7999877929688,9
2026-09-16 14:12:00+05:30,975.2999877929688,975.2999877929688,975.2999877929688,975.2999877929688,10
2026-09-16 14:13:00+05:30,974.7999877929688,974.7999877929688,974.7999877929688,974.7999877929688,1
2026-09-16 14:14:00+05:30,976.0,976.0,976.0,976.0,20
2026-09-16 14:16:00+05:30,975.7000122070312,975.7000122070312,975.7000122070312,975.7000122070312,2
2026-09-16 14:17:00+05:30,975.75,976.3499755859375,975.75,976.3499755859375,13
2026-09-16 14:18:00+05:30,975.7999877929688,975.7999877929688,975.7999877929688,975.7999877929688,1
2026-09-16 14:19:00+05:30,975.7999877929688,976.0,975.7999877929688,976.0,26
2026-09-16 14:21:00+05:30,974.7000122070312,975.2999877929688,974.7000122070312,975.2000122070312,46
2026-09-16 14:22:00+05:30,975.0999755859375,975.5,974.75,974.75,28
2026-09-16 14:23:00+05:30,975.2000122070312,975.7999877929688,975.2000122070312,975.7999877929688,18
2026-09-16 14:24:00+05:30,975.1500244140625,975.2999877929688,975.1500244140625,975.2999877929688,51
2026-09-16 14:25:00+05:30,975.5999755859375,975.7999877929688,975.4000244140625,975.4000244140625,82
2026-09-16 14:26:00+05:30,975.3499755859375,975.9500122070312,975.3499755859375,975.9500122070312,52
2026-09-16 14:27:00+05:30,976.0,976.0,976.0,976.0,30
2026-09-16 14:28:00+05:30,975.5499877929688,975.5999755859375,975.5499877929688,975.5999755859375,116
2026-09-16 14:29:00+05:30,976.0,976.0,976.0,976.0,1
2026-09-16 14:30:00+05:30,976.0,976.0,975.2999877929688,975.9000244140625,91
2026-09-16 14:31:00+05:30,976.2000122070312,976.2000122070312,975.5999755859375,975.5999755859375,28
2026-09-16 14:32:00+05:30,976.25,976.25,976.2000122070312,976.2000122070312,92
2026-09-16 14:33:00+05:30,976.2000122070312,976.2000122070312,975.7000122070312,975.7000122070312,407
2026-09-16 14:35:00+05:30,975.5999755859375,975.5999755859375,975.5999755859375,975.5999755859375,10
2026-09-16 14:36:00+05:30,976.0999755859375,976.0999755859375,976.0999755859375,976.0999755859375,1
2026-09-16 14:37:00+05:30,976.1500244140625,976.1500244140625,975.5999755859375,975.5999755859375,77
2026-09-16 14:38:00+05:30,975.5999755859375,975.5999755859375,975.2999877929688,975.5999755859375,23
2026-09-16 14:40:00+05:30,975.5,975.5,975.5,975.5,45
2026-09-16 14:41:00+05:30,975.7999877929688,975.7999877929688,975.2999877929688,975.2999877929688,16
2026-09-16 14:43:00+05:30,975.7999877929688,975.7999877929688,975.2999877929688,975.2999877929688,4
2026-09-16 14:44:00+05:30,975.3499755859375,975.7999877929688,975.3499755859375,975.5999755859375,21
2026-09-16 14:45:00+05:30,975.7999877929688,975.7999877929688,975.7999877929688,975.7999877929688,4
2026-09-16 14:46:00+05:30,975.7999877929688,975.7999877929688,975.4000244140625,975.4000244140625,32
2026-09-16 14:47:00+05:30,975.4000244140625,975.4000244140625,975.4000244140625,975.4000244140625,6
2026-09-16 14:48:00+05:30,975.3499755859375,975.7999877929688,975.3499755859375,975.7999877929688,10
2026-09-16 14:49:00+05:30,975.25,975.25,975.25,975.25,25
2026-09-16 14:50:00+05:30,975.25,975.25,975.25,975.25,50
2026-09-16 14:51:00+05:30,975.9500122070312,975.9500122070312,975.7000122070312,975.7000122070312,327
2026-09-16 14:52:00+05:30,975.0,975.0,975.0,975.0,50
2026-09-16 14:53:00+05:30,974.0,974.0,974.0,974.0,9
2026-09-16 14:54:00+05:30,973.75,973.75,973.75,973.75,5
2026-09-16 14:55:00+05:30,974.5,974.5,973.75,974.4000244140625,54
2026-09-16 14:56:00+05:30,974.0499877929688,974.8499755859375,974.0499877929688,974.8499755859375,38
2026-09-16 14:57:00+05:30,974.4500122070312,975.2999877929688,974.4500122070312,974.5,293
2026-09-16 14:58:00+05:30,974.7000122070312,974.7000122070312,974.4500122070312,974.4500122070312,70
2026-09-16 14:59:00+05:30,973.5,974.5999755859375,973.5,974.5999755859375,575
2026-09-16 15:00:00+05:30,972.4500122070312,974.0,972.0999755859375,974.0,230
2026-09-16 15:01:00+05:30,972.2999877929688,972.7999877929688,972.2000122070312,972.2000122070312,371
2026-09-16 15:02:00+05:30,972.9000244140625,973.1500244140625,972.5499877929688,972.5499877929688,35
2026-09-16 15:03:00+05:30,972.75,972.75,972.75,972.75,504
2026-09-16 15:04:00+05:30,974.3499755859375,974.3499755859375,972.7999877929688,972.7999877929688,180
2026-09-16 15:05:00+05:30,973.9000244140625,974.0499877929688,973.0499877929688,974.0499877929688,1451
2026-09-16 15:06:00+05:30,974.6500244140625,974.6500244140625,973.0499877929688,973.0499877929688,82
2026-09-16 15:07:00+05:30,974.5,974.5,973.4500122070312,974.4000244140625,83
2026-09-16 15:08:00+05:30,974.9500122070312,974.9500122070312,973.5499877929688,973.5499877929688,79
2026-09-16 15:09:00+05:30,974.0,974.75,973.9000244140625,974.7000122070312,209
2026-09-16 15:10:00+05:30,974.9500122070312,974.9500122070312,974.3499755859375,974.3499755859375,331
2026-09-16 15:11:00+05:30,973.9500122070312,974.9500122070312,973.9500122070312,974.9500122070312,104
2026-09-16 15:12:00+05:30,974.0,974.9500122070312,974.0,974.9500122070312,1008
2026-09-16 15:13:00+05:30,974.9000244140625,974.9000244140625,973.6500244140625,974.0,39
2026-09-16 15:14:00+05:30,973.0,974.9500122070312,973.0,974.4000244140625,58
2026-09-16 15:29:00+05:30,973.2000122070312,973.2000122070312,973.2000122070312,973.2000122070312,471
2026-09-17 09:15:00+05:30,972.0,975.7999877929688,971.1500244140625,972.7999877929688,1370
2026-09-17 09:16:00+05:30,972.4000244140625,972.9500122070312,971.2999877929688,972.9500122070312,1069
2026-09-17 09:17:00+05:30,973.8499755859375,973.9000244140625,972.0,972.0,264
2026-09-17 09:18:00+05:30,973.5,973.5999755859375,973.0,973.0999755859375,584
2026-09-17 09:19:00+05:30,974.2000122070312,974.5999755859375,973.4000244140625,973.5,218
2026-09-17 09:20:00+05:30,975.5499877929688,975.5499877929688,974.0,974.0,286
2026-09-17 09:21:00+05:30,977.0,977.5999755859375,975.5999755859375,975.5999755859375,6757
2026-09-17 09:22:00+05:30,976.5999755859375,977.0,976.2999877929688,977.0,549
2026-09-17 09:23:00+05:30,977.0,977.4000244140625,976.9500122070312,977.0,265
2026-09-17 09:24:00+05:30,975.5999755859375,976.1500244140625,975.2000122070312,976.1500244140625,538
2026-09-17 09:25:00+05:30,976.7000122070312,976.7000122070312,975.5999755859375,975.5999755859375,105
2026-09-17 09:26:00+05:30,977.0,977.0,976.5,976.6500244140625,166
2026-09-17 09:27:00+05:30,979.2999877929688,979.2999877929688,977.2000122070312,977.2000122070312,257
2026-09-17 09:28:00+05:30,979.4000244140625,979.8499755859375,978.8499755859375,979.2999877929688,888
2026-09-17 09:29:00+05:30,979.7999877929688,979.9500122070312,979.0,979.9500122070312,1174
2026-09-17 09:30:00+05:30,979.0,979.5999755859375,978.9000244140625,979.5,178
2026-09-17 09:31:00+05:30,978.9000244140625,979.4000244140625,978.9000244140625,979.4000244140625,118
2026-09-17 09:32:00+05:30,978.9000244140625,979.3499755859375,978.4000244140625,978.5,180
2026-09-17 09:33:00+05:30,978.7000122070312,978.9000244140625,978.0,978.9000244140625,660
2026-09-17 09:34:00+05:30,978.0499877929688,978.0999755859375,977.7999877929688,978.0,163
2026-09-17 09:35:00+05:30,979.0,979.2000122070312,977.7000122070312,977.7000122070312,196
2026-09-17 09:36:00+05:30,978.9000244140625,979.2000122070312,978.9000244140625,979.0,270
2026-09-17 09:37:00+05:30,979.4000244140625,979.4000244140625,978.2000122070312,978.5,127
2026-09-17 09:38:00+05:30,979.0,979.0,978.75,979.0,123
2026-09-17 09:39:00+05:30,978.9500122070312,979.4000244140625,978.9000244140625,979.0,50
2026-09-17 09:40:00+05:30,979.4000244140625,979.4000244140625,979.4000244140625,979.4000244140625,519
2026-09-17 09:41:00+05:30,978.5999755859375,979.2000122070312,978.5999755859375,979.0,351
2026-09-17 09:42:00+05:30,977.0,978.9000244140625,977.0,978.9000244140625,228
2026-09-17 09:43:00+05:30,976.9000244140625,977.0,976.5999755859375,977.0,173
2026-09-17 09:44:00+05:30,977.0,977.0,976.5,976.9000244140625,217
2026-09-17 09:45:00+05:30,977.0,977.8499755859375,977.0,977.8499755859375,73
2026-09-17 09:46:00+05:30,977.0999755859375,977.7000122070312,977.0,977.5999755859375,288
2026-09-17 09:48:00+05:30,977.5,977.5999755859375,977.4000244140625,977.5999755859375,114
2026-09-17 09:49:00+05:30,977.5999755859375,978.0,977.5999755859375,977.5999755859375,199
2026-09-17 09:50:00+05:30,977.0999755859375,977.6500244140625,977.0,977.5999755859375,88
2026-09-17 09:51:00+05:30,977.4000244140625,977.6500244140625,977.1500244140625,977.6500244140625,93
2026-09-17 09:52:00+05:30,975.7999877929688,977.2000122070312,975.7999877929688,977.2000122070312,406
2026-09-17 09:53:00+05:30,975.0,975.5999755859375,974.7000122070312,975.5999755859375,278
2026-09-17 09:54:00+05:30,975.0999755859375,975.0999755859375,975.0,975.0,21
2026-09-17 09:55:00+05:30,975.0,975.0,974.7000122070312,975.0,25
2026-09-17 09:56:00+05:30,974.7999877929688,975.0999755859375,974.7000122070312,974.7000122070312,164
2026-09-17 09:57:00+05:30,976.4000244140625,976.4000244140625,975.5,975.5,26
2026-09-17 09:58:00+05:30,975.7000122070312,976.5,975.7000122070312,976.5,205
2026-09-17 09:59:00+05:30,975.5499877929688,976.0999755859375,975.5,975.7000122070312,148
2026-09-17 10:00:00+05:30,975.5999755859375,975.75,975.0,975.5499877929688,205
2026-09-17 10:01:00+05:30,975.2000122070312,975.5,975.2000122070312,975.5,7
2026-09-17 10:02:00+05:30,975.7000122070312,975.7000122070312,975.3499755859375,975.3499755859375,13
2026-09-17 10:03:00+05:30,975.5999755859375,975.5999755859375,975.3499755859375,975.3499755859375,38
2026-09-17 10:04:00+05:30,975.7999877929688,975.9000244140625,975.5,975.9000244140625,80
2026-09-17 10:05:00+05:30,976.75,976.75,976.0,976.0,753
2026-09-17 10:06:00+05:30,977.0,977.0,976.4000244140625,976.4000244140625,6
2026-09-17 10:07:00+05:30,976.5999755859375,976.7000122070312,976.5999755859375,976.7000122070312,57
2026-09-17 10:08:00+05:30,977.0,977.0,976.7000122070312,976.7000122070312,11
2026-09-17 10:09:00+05:30,978.7000122070312,978.7000122070312,977.0,977.0,142
2026-09-17 10:10:00+05:30,979.4500122070312,979.5,979.4500122070312,979.5,78
2026-09-17 10:11:00+05:30,980.0499877929688,980.7000122070312,979.7999877929688,979.7999877929688,978
2026-09-17 10:12:00+05:30,980.9000244140625,981.0499877929688,980.9000244140625,981.0499877929688,172
2026-09-17 10:13:00+05:30,980.4000244140625,980.5,980.25,980.5,653
2026-09-17 10:14:00+05:30,980.2999877929688,980.8499755859375,980.2999877929688,980.8499755859375,73
2026-09-17 10:15:00+05:30,981.0,981.0,980.0,980.5,100
2026-09-17 10:16:00+05:30,981.0,981.0,981.0,981.0,10
2026-09-17 10:17:00+05:30,981.0,981.0,981.0,981.0,1
2026-09-17 10:18:00+05:30,980.2999877929688,980.7999877929688,980.1500244140625,980.1500244140625,189
2026-09-17 10:19:00+05:30,980.5,980.5999755859375,980.5,980.5999755859375,41
2026-09-17 10:20:00+05:30,980.0,980.2999877929688,980.0,980.2999877929688,11
2026-09-17 10:21:00+05:30,979.7999877929688,979.9000244140625,979.7999877929688,979.9000244140625,176
2026-09-17 10:22:00+05:30,979.4000244140625,979.4000244140625,979.4000244140625,979.4000244140625,347
2026-09-17 10:23:00+05:30,979.7999877929688,979.7999877929688,979.0,979.0,118
2026-09-17 10:24:00+05:30,979.7999877929688,979.7999877929688,979.4000244140625,979.4000244140625,278
2026-09-17 10:25:00+05:30,979.4500122070312,979.7999877929688,979.4500122070312,979.7999877929688,606
2026-09-17 10:26:00+05:30,979.5,979.7000122070312,979.25,979.25,341
2026-09-17 10:27:00+05:30,979.2999877929688,979.2999877929688,979.2999877929688,979.2999877929688,21
2026-09-17 10:28:00+05:30,979.5,979.5999755859375,979.5,979.5999755859375,35
2026-09-17 10:29:00+05:30,979.5,979.6500244140625,979.5,979.5,421
2026-09-17 10:30:00+05:30,979.7000122070312,979.7000122070312,979.7000122070312,979.7000122070312,5
2026-09-17 10:31:00+05:30,980.2000122070312,980.2000122070312,979.5999755859375,979.5999755859375,427
2026-09-17 10:32:00+05:30,980.6500244140625,980.6500244140625,979.5499877929688,979.5499877929688,102
2026-09-17 10:33:00+05:30,980.0,980.0,980.0,980.0,153
2026-09-17 10:34:00+05:30,979.9000244140625,979.9000244140625,979.9000244140625,979.9000244140625,2
2026-09-17 10:35:00+05:30,980.3499755859375,980.3499755859375,979.5999755859375,979.5999755859375,86
2026-09-17 10:36:00+05:30,980.4000244140625,980.4000244140625,980.0499877929688,980.0499877929688,12
2026-09-17 10:37:00+05:30,980.2999877929688,980.7999877929688,980.2999877929688,980.7999877929688,14
2026-09-17 10:38:00+05:30,979.4000244140625,980.0,979.4000244140625,979.7999877929688,271
2026-09-17 10:39:00+05:30,979.4500122070312,979.4500122070312,979.4500122070312,979.4500122070312,7
2026-09-17 10:40:00+05:30,979.4500122070312,979.4500122070312,979.2000122070312,979.3499755859375,50
2026-09-17 10:41:00+05:30,979.5,979.5,979.5,979.5,126
2026-09-17 10:42:00+05:30,979.7999877929688,979.7999877929688,979.7999877929688,979.7999877929688,23
2026-09-17 10:43:00+05:30,980.0999755859375,980.0999755859375,980.0999755859375,980.0999755859375,5
2026-09-17 10:44:00+05:30,980.5,980.5,979.5999755859375,980.0,121
2026-09-17 10:45:00+05:30,981.1500244140625,981.1500244140625,981.0,981.0,579
2026-09-17 10:46:00+05:30,981.4000244140625,981.4000244140625,981.4000244140625,981.4000244140625,24
2026-09-17 10:47:00+05:30,980.9500122070312,980.9500122070312,980.9500122070312,980.9500122070312,22
2026-09-17 10:48:00+05:30,980.7000122070312,980.7000122070312,980.7000122070312,980.7000122070312,10
2026-09-17 10:49:00+05:30,980.0,980.4000244140625,980.0,980.0,20
2026-09-17 10:50:00+05:30,980.3499755859375,980.3499755859375,980.3499755859375,980.3499755859375,2
2026-09-17 10:51:00+05:30,980.0,980.0,980.0,980.0,41
2026-09-17 10:52:00+05:30,980.4000244140625,980.4500122070312,980.0,980.0,219
2026-09-17 10:53:00+05:30,980.0,980.5,980.0,980.4000244140625,42
2026-09-17 10:54:00+05:30,980.4000244140625,980.4000244140625,980.4000244140625,980.4000244140625,11
2026-09-17 10:55:00+05:30,981.3499755859375,981.3499755859375,980.5999755859375,980.5999755859375,115
2026-09-17 10:56:00+05:30,981.8499755859375,981.8499755859375,981.4000244140625,981.4000244140625,1239
2026-09-17 10:57:00+05:30,982.0,982.0,981.4500122070312,981.9000244140625,26
2026-09-17 10:58:00+05:30,981.5499877929688,981.5499877929688,981.4500122070312,981.4500122070312,68
2026-09-17 10:59:00+05:30,981.4500122070312,981.4500122070312,981.4500122070312,981.4500122070312,210
2026-09-17 11:00:00+05:30,980.9000244140625,980.9000244140625,980.1500244140625,980.1500244140625,15
2026-09-17 11:01:00+05:30,980.0,980.0,980.0,980.0,13
2026-09-17 11:02:00+05:30,980.5,980.5,980.5,980.5,30
2026-09-17 11:03:00+05:30,979.0,980.0999755859375,979.0,980.0,1551
2026-09-17 11:05:00+05:30,980.75,980.75,978.4000244140625,979.0,655
2026-09-17 11:06:00+05:30,980.2000122070312,980.2999877929688,980.2000122070312,980.2999877929688,131
2026-09-17 11:07:00+05:30,979.5999755859375,980.0999755859375,979.5999755859375,980.0999755859375,112
2026-09-17 11:08:00+05:30,980.0999755859375,980.7000122070312,980.0999755859375,980.7000122070312,125
2026-09-17 11:09:00+05:30,980.1500244140625,980.1500244140625,980.1500244140625,980.1500244140625,5
2026-09-17 11:10:00+05:30,979.7999877929688,979.7999877929688,979.7999877929688,979.7999877929688,8
2026-09-17 11:11:00+05:30,979.9000244140625,980.5999755859375,979.7000122070312,980.0,276
2026-09-17 11:12:00+05:30,980.0,980.5,979.4000244140625,979.5,646
2026-09-17 11:13:00+05:30,979.7999877929688,980.2999877929688,979.7999877929688,980.2000122070312,684
2026-09-17 11:14:00+05:30,980.2000122070312,980.2000122070312,979.7999877929688,980.0,3015
2026-09-17 11:15:00+05:30,979.9000244140625,980.4000244140625,979.7999877929688,980.0,437
2026-09-17 11:16:00+05:30,979.5,980.3499755859375,979.5,979.9000244140625,270
2026-09-17 11:17:00+05:30,979.5499877929688,979.5499877929688,979.0,979.0999755859375,226
2026-09-17 11:18:00+05:30,979.7000122070312,980.0999755859375,979.7000122070312,980.0999755859375,10
2026-09-17 11:19:00+05:30,979.7000122070312,980.1500244140625,979.7000122070312,980.1500244140625,9
2026-09-17 11:20:00+05:30,979.7000122070312,979.7000122070312,979.7000122070312,979.7000122070312,55
2026-09-17 11:21:00+05:30,980.0,980.0,980.0,980.0,200
2026-09-17 11:22:00+05:30,979.7000122070312,979.7999877929688,979.7000122070312,979.7999877929688,41
2026-09-17 11:23:00+05:30,980.2000122070312,980.2000122070312,979.2999877929688,979.2999877929688,1105
2026-09-17 11:24:00+05:30,982.0,982.0,980.25,980.25,180
2026-09-17 11:25:00+05:30,982.75,982.75,982.75,982.75,34
2026-09-17 11:26:00+05:30,982.0999755859375,982.75,982.0999755859375,982.75,696
2026-09-17 11:27:00+05:30,982.0,982.0,982.0,982.0,45
2026-09-17 11:28:00+05:30,981.7999877929688,981.9000244140625,981.25,981.3499755859375,978
2026-09-17 11:29:00+05:30,981.7000122070312,982.2999877929688,981.4000244140625,981.5,783
2026-09-17 11:30:00+05:30,981.9000244140625,981.9000244140625,981.9000244140625,981.9000244140625,3
2026-09-17 11:31:00+05:30,981.4000244140625,981.5,981.4000244140625,981.5,149
2026-09-17 11:32:00+05:30,983.5999755859375,983.5999755859375,982.5,982.5,159
2026-09-17 11:33:00+05:30,983.0,983.5,983.0,983.5,274
2026-09-17 11:34:00+05:30,983.5,983.5,983.2000122070312,983.2000122070312,38
2026-09-17 11:35:00+05:30,983.0,983.5,983.0,983.5,672
2026-09-17 11:36:00+05:30,983.0499877929688,983.0499877929688,983.0,983.0,21
2026-09-17 11:37:00+05:30,982.7999877929688,982.9000244140625,982.7999877929688,982.9000244140625,119
2026-09-17 11:38:00+05:30,982.4000244140625,982.75,982.1500244140625,982.75,77
2026-09-17 11:40:00+05:30,982.4000244140625,982.4000244140625,981.5999755859375,981.5999755859375,163
2026-09-17 11:41:00+05:30,984.0999755859375,984.0999755859375,982.5,982.5,554
2026-09-17 11:42:00+05:30,983.9000244140625,984.8499755859375,983.9000244140625,984.8499755859375,249
2026-09-17 11:43:00+05:30,984.9000244140625,984.9000244140625,984.9000244140625,984.9000244140625,96
2026-09-17 11:44:00+05:30,984.5,984.9000244140625,984.5,984.9000244140625,13
2026-09-17 11:45:00+05:30,983.5499877929688,984.9000244140625,983.5499877929688,984.9000244140625,173
2026-09-17 11:46:00+05:30,983.5499877929688,983.5499877929688,983.5499877929688,983.5499877929688,42
2026-09-17 11:47:00+05:30,984.9000244140625,984.9000244140625,983.5499877929688,983.5499877929688,555
2026-09-17 11:48:00+05:30,985.4000244140625,985.4000244140625,984.9000244140625,984.9000244140625,941
2026-09-17 11:49:00+05:30,986.0,986.0,985.4000244140625,985.9500122070312,159
2026-09-17 11:50:00+05:30,985.7999877929688,985.7999877929688,985.7999877929688,985.7999877929688,5
2026-09-17 11:51:00+05:30,985.9000244140625,986.0,985.9000244140625,986.0,124
2026-09-17 11:52:00+05:30,985.9000244140625,985.9500122070312,985.7999877929688,985.9500122070312,467
2026-09-17 11:53:00+05:30,986.0,986.0,986.0,986.0,3
2026-09-17 11:54:00+05:30,985.5999755859375,986.1500244140625,985.5999755859375,985.7000122070312,763
2026-09-17 11:55:00+05:30,986.0999755859375,986.0999755859375,986.0999755859375,986.0999755859375,1
2026-09-17 11:57:00+05:30,986.2000122070312,986.4000244140625,986.0,986.4000244140625,338
2026-09-17 11:58:00+05:30,985.2999877929688,985.9500122070312,985.2999877929688,985.9500122070312,362
2026-09-17 11:59:00+05:30,986.7999877929688,986.7999877929688,985.9500122070312,985.9500122070312,4020
2026-09-17 12:01:00+05:30,986.0,986.0499877929688,985.7999877929688,986.0499877929688,232
2026-09-17 12:02:00+05:30,986.0,986.0,986.0,986.0,9
2026-09-17 12:03:00+05:30,986.0,986.0,986.0,986.0,57
2026-09-17 12:05:00+05:30,986.25,986.25,986.0,986.0,12
2026-09-17 12:06:00+05:30,986.4000244140625,986.4000244140625,986.0,986.0,4
2026-09-17 12:07:00+05:30,986.2000122070312,987.0,986.2000122070312,986.7000122070312,523
2026-09-17 12:08:00+05:30,986.2000122070312,986.2000122070312,986.2000122070312,986.2000122070312,101
2026-09-17 12:09:00+05:30,986.3499755859375,986.75,986.3499755859375,986.75,43
2026-09-17 12:10:00+05:30,986.2000122070312,986.3499755859375,986.2000122070312,986.3499755859375,45
2026-09-17 12:11:00+05:30,986.7000122070312,986.7000122070312,985.9500122070312,986.4000244140625,126
2026-09-17 12:12:00+05:30,986.7000122070312,986.7000122070312,986.6500244140625,986.6500244140625,15
2026-09-17 12:13:00+05:30,986.3499755859375,986.3499755859375,985.8499755859375,985.9500122070312,95
2026-09-17 12:14:00+05:30,985.9500122070312,985.9500122070312,985.9500122070312,985.9500122070312,10
2026-09-17 12:16:00+05:30,985.7000122070312,986.2999877929688,985.7000122070312,986.2999877929688,135
2026-09-17 12:17:00+05:30,986.2999877929688,986.2999877929688,986.2999877929688,986.2999877929688,5
2026-09-17 12:18:00+05:30,986.75,986.75,986.2000122070312,986.2000122070312,28
2026-09-17 12:19:00+05:30,986.8499755859375,986.8499755859375,986.8499755859375,986.8499755859375,350
2026-09-17 12:20:00+05:30,986.0,986.0,985.7999877929688,985.7999877929688,134
2026-09-17 12:21:00+05:30,986.2000122070312,986.2000122070312,986.0,986.0,14
2026-09-17 12:22:00+05:30,986.0,986.0,986.0,986.0,79
2026-09-17 12:23:00+05:30,985.7000122070312,985.7000122070312,985.7000122070312,985.7000122070312,30
2026-09-17 12:24:00+05:30,985.0999755859375,985.7000122070312,985.0999755859375,985.7000122070312,109
2026-09-17 12:25:00+05:30,984.7000122070312,985.0,984.4000244140625,985.0,84
2026-09-17 12:26:00+05:30,983.7999877929688,984.7000122070312,983.7999877929688,984.7000122070312,35
2026-09-17 12:27:00+05:30,984.5999755859375,984.5999755859375,984.0,984.2000122070312,35
2026-09-17 12:28:00+05:30,983.6500244140625,983.6500244140625,983.6500244140625,983.6500244140625,44
2026-09-17 12:29:00+05:30,983.6500244140625,984.0999755859375,983.6500244140625,984.0999755859375,6
2026-09-17 12:30:00+05:30,984.9000244140625,984.9000244140625,984.9000244140625,984.9000244140625,636
2026-09-17 12:31:00+05:30,984.7999877929688,984.7999877929688,983.7000122070312,983.7000122070312,228
2026-09-17 12:33:00+05:30,984.7999877929688,984.7999877929688,984.7999877929688,984.7999877929688,63
2026-09-17 12:34:00+05:30,983.8499755859375,985.0,983.8499755859375,984.5499877929688,157
2026-09-17 12:35:00+05:30,984.7000122070312,984.7000122070312,984.0,984.0,282
2026-09-17 12:36:00+05:30,984.0499877929688,984.0499877929688,984.0499877929688,984.0499877929688,2
2026-09-17 12:37:00+05:30,984.5999755859375,984.5999755859375,984.5,984.5,13
2026-09-17 12:39:00+05:30,983.6500244140625,983.9500122070312,983.6500244140625,983.9500122070312,254
2026-09-17 12:40:00+05:30,984.0999755859375,984.0999755859375,984.0999755859375,984.0999755859375,3
2026-09-17 12:42:00+05:30,983.6500244140625,983.6500244140625,983.6500244140625,983.6500244140625,2
2026-09-17 12:43:00+05:30,983.6500244140625,983.9500122070312,983.6500244140625,983.6500244140625,173
2026-09-17 12:44:00+05:30,982.9500122070312,983.6500244140625,982.9500122070312,983.6500244140625,990
2026-09-17 12:45:00+05:30,983.5,983.5,983.0,983.0,58
2026-09-17 12:46:00+05:30,982.9000244140625,982.9000244140625,982.9000244140625,982.9000244140625,198
2026-09-17 12:47:00+05:30,983.5,983.5,983.5,983.5,144
2026-09-17 12:48:00+05:30,983.9500122070312,983.9500122070312,983.9500122070312,983.9500122070312,25
2026-09-17 12:49:00+05:30,983.5,983.5,983.5,983.5,1
2026-09-17 12:50:00+05:30,983.5,983.5,983.5,983.5,2
2026-09-17 12:51:00+05:30,983.9000244140625,983.9000244140625,983.5,983.5,10
2026-09-17 12:52:00+05:30,983.7999877929688,983.9500122070312,983.7999877929688,983.9500122070312,23
2026-09-17 12:54:00+05:30,983.7999877929688,983.7999877929688,983.7999877929688,983.7999877929688,420
2026-09-17 12:55:00+05:30,983.9500122070312,983.9500122070312,983.5,983.5,398
2026-09-17 12:56:00+05:30,983.7999877929688,983.7999877929688,983.4500122070312,983.7999877929688,26
2026-09-17 12:57:00+05:30,983.9000244140625,983.9000244140625,983.7999877929688,983.7999877929688,30
2026-09-17 12:58:00+05:30,983.75,983.75,983.75,983.75,50
2026-09-17 12:59:00+05:30,984.0,984.0,983.5,983.7000122070312,113
2026-09-17 13:00:00+05:30,984.8499755859375,984.8499755859375,984.0999755859375,984.0999755859375,234
2026-09-17 13:01:00+05:30,984.0,984.0,984.0,984.0,23
2026-09-17 13:02:00+05:30,982.9000244140625,982.9000244140625,982.9000244140625,982.9000244140625,555
2026-09-17 13:03:00+05:30,982.9000244140625,982.9000244140625,982.5,982.5,9
2026-09-17 13:05:00+05:30,982.4000244140625,982.4000244140625,982.2000122070312,982.2000122070312,46
2026-09-17 13:06:00+05:30,982.7999877929688,982.7999877929688,982.7999877929688,982.7999877929688,13
2026-09-17 13:07:00+05:30,982.7999877929688,982.7999877929688,982.7999877929688,982.7999877929688,18
2026-09-17 13:08:00+05:30,982.5499877929688,982.7999877929688,982.5499877929688,982.7999877929688,59
2026-09-17 13:10:00+05:30,982.7999877929688,982.7999877929688,982.7999877929688,982.7999877929688,4
2026-09-17 13:11:00+05:30,983.2999877929688,983.2999877929688,982.4000244140625,982.7999877929688,48
2026-09-17 13:13:00+05:30,982.8499755859375,983.2999877929688,982.8499755859375,983.2999877929688,27
2026-09-17 13:14:00+05:30,982.6500244140625,982.7000122070312,982.6500244140625,982.7000122070312,12
2026-09-17 13:15:00+05:30,982.2999877929688,982.2999877929688,982.2999877929688,982.2999877929688,6
2026-09-17 13:16:00+05:30,982.2000122070312,982.2000122070312,981.5999755859375,981.9000244140625,376
2026-09-17 13:17:00+05:30,982.0,982.0,982.0,982.0,14
2026-09-17 13:18:00+05:30,982.2000122070312,982.2999877929688,982.0,982.0,50
2026-09-17 13:19:00+05:30,982.0999755859375,982.0999755859375,982.0999755859375,982.0999755859375,2
2026-09-17 13:20:00+05:30,982.0,982.0,982.0,982.0,9
2026-09-17 13:21:00+05:30,981.7999877929688,981.9000244140625,981.7999877929688,981.7999877929688,10
2026-09-17 13:22:00+05:30,981.7000122070312,981.7000122070312,981.5999755859375,981.5999755859375,5
2026-09-17 13:24:00+05:30,980.7999877929688,981.2999877929688,980.7999877929688,981.2999877929688,18
2026-09-17 13:25:00+05:30,980.1500244140625,980.4000244140625,980.0,980.4000244140625,118
2026-09-17 13:26:00+05:30,980.0,980.0,980.0,980.0,196
2026-09-17 13:27:00+05:30,979.2999877929688,980.0,979.2999877929688,980.0,863
2026-09-17 13:28:00+05:30,978.5999755859375,979.7000122070312,978.5999755859375,979.2999877929688,202
2026-09-17 13:29:00+05:30,978.5999755859375,978.5999755859375,978.5,978.5,142
2026-09-17 13:30:00+05:30,978.0,978.0,978.0,978.0,30
2026-09-17 13:31:00+05:30,978.9000244140625,978.9000244140625,978.5,978.5,14
2026-09-17 13:32:00+05:30,978.7999877929688,978.7999877929688,978.7999877929688,978.7999877929688,29
2026-09-17 13:33:00+05:30,978.0,978.5,978.0,978.5,16
2026-09-17 13:34:00+05:30,978.25,978.25,978.25,978.25,1
2026-09-17 13:35:00+05:30,977.7000122070312,978.0,977.7000122070312,978.0,21
2026-09-17 13:36:00+05:30,977.9000244140625,977.9000244140625,977.9000244140625,977.9000244140625,5
2026-09-17 13:37:00+05:30,978.0,978.1500244140625,977.9000244140625,977.9000244140625,619
2026-09-17 13:38:00+05:30,978.0,978.0,978.0,978.0,176
2026-09-17 13:39:00+05:30,977.9000244140625,978.0999755859375,977.9000244140625,978.0,283
2026-09-17 13:40:00+05:30,977.7999877929688,977.7999877929688,977.2000122070312,977.2000122070312,31
2026-09-17 13:41:00+05:30,978.0,978.0,978.0,978.0,142
2026-09-17 13:42:00+05:30,977.5499877929688,977.5499877929688,977.5499877929688,977.5499877929688,400
2026-09-17 13:43:00+05:30,978.2999877929688,978.2999877929688,978.0,978.0,111
2026-09-17 13:44:00+05:30,978.2000122070312,978.5999755859375,978.2000122070312,978.5999755859375,208
2026-09-17 13:46:00+05:30,978.2999877929688,978.2999877929688,978.2999877929688,978.2999877929688,30
2026-09-17 13:47:00+05:30,977.6500244140625,978.5999755859375,977.6500244140625,978.5999755859375,270
2026-09-17 13:49:00+05:30,977.6500244140625,977.6500244140625,977.6500244140625,977.6500244140625,10
2026-09-17 13:50:00+05:30,977.7000122070312,977.7000122070312,977.7000122070312,977.7000122070312,1
2026-09-17 13:52:00+05:30,978.2999877929688,978.2999877929688,978.0,978.0,108
2026-09-17 13:53:00+05:30,978.2999877929688,978.5,977.7999877929688,978.5,112
2026-09-17 13:54:00+05:30,978.0999755859375,978.2999877929688,978.0999755859375,978.2999877929688,10
2026-09-17 13:55:00+05:30,978.0999755859375,978.2999877929688,978.0999755859375,978.2999877929688,2
2026-09-17 13:58:00+05:30,978.0999755859375,978.2000122070312,978.0999755859375,978.2000122070312,6
2026-09-17 13:59:00+05:30,978.0999755859375,978.0999755859375,978.0999755859375,978.0999755859375,40
2026-09-17 14:00:00+05:30,977.7999877929688,978.0,977.7999877929688,978.0,7
2026-09-17 14:01:00+05:30,977.5999755859375,977.7999877929688,977.5999755859375,977.7999877929688,4
2026-09-17 14:03:00+05:30,978.2000122070312,978.2000122070312,978.0999755859375,978.0999755859375,331
2026-09-17 14:04:00+05:30,979.1500244140625,979.2999877929688,978.2000122070312,978.2000122070312,233
2026-09-17 14:05:00+05:30,979.2999877929688,979.2999877929688,979.2999877929688,979.2999877929688,14
2026-09-17 14:06:00+05:30,979.4500122070312,979.4500122070312,979.4500122070312,979.4500122070312,175
2026-09-17 14:07:00+05:30,979.5,979.5,979.25,979.4000244140625,46
2026-09-17 14:08:00+05:30,979.3499755859375,979.5,979.3499755859375,979.5,46
2026-09-17 14:09:00+05:30,979.7000122070312,979.7000122070312,979.7000122070312,979.7000122070312,2
2026-09-17 14:10:00+05:30,979.7999877929688,979.7999877929688,979.7000122070312,979.7000122070312,14
2026-09-17 14:11:00+05:30,979.5,980.0,979.5,980.0,10
2026-09-17 14:12:00+05:30,979.4000244140625,979.4000244140625,979.4000244140625,979.4000244140625,1
2026-09-17 14:13:00+05:30,979.7999877929688,980.0999755859375,979.7999877929688,980.0999755859375,1015
2026-09-17 14:14:00+05:30,979.4500122070312,979.5999755859375,979.2999877929688,979.2999877929688,34
2026-09-17 14:15:00+05:30,979.5999755859375,979.9000244140625,979.5999755859375,979.9000244140625,26
2026-09-17 14:16:00+05:30,979.2000122070312,979.7000122070312,979.2000122070312,979.5999755859375,235
2026-09-17 14:17:00+05:30,979.0,979.2999877929688,979.0,979.2999877929688,190
2026-09-17 14:18:00+05:30,980.0,980.0,979.0,979.4500122070312,189
2026-09-17 14:19:00+05:30,979.4000244140625,979.7999877929688,979.4000244140625,979.7999877929688,10
2026-09-17 14:20:00+05:30,979.0,979.0,979.0,979.0,2809
2026-09-17 14:21:00+05:30,978.7000122070312,978.7000122070312,978.5,978.5,112
2026-09-17 14:22:00+05:30,978.5999755859375,978.7000122070312,978.5999755859375,978.7000122070312,66
2026-09-17 14:23:00+05:30,978.2999877929688,978.4000244140625,977.9500122070312,978.4000244140625,221
2026-09-17 14:24:00+05:30,977.7999877929688,978.0,977.7000122070312,978.0,177
2026-09-17 14:26:00+05:30,978.0,978.0,977.7000122070312,977.7999877929688,210
2026-09-17 14:27:00+05:30,978.0,978.0,978.0,978.0,2
2026-09-17 14:28:00+05:30,977.9000244140625,977.9000244140625,977.6500244140625,977.7000122070312,26
2026-09-17 14:30:00+05:30,977.9000244140625,977.9000244140625,977.9000244140625,977.9000244140625,1
2026-09-17 14:31:00+05:30,977.7999877929688,977.9000244140625,977.7999877929688,977.9000244140625,9
2026-09-17 14:32:00+05:30,977.9000244140625,977.9000244140625,977.9000244140625,977.9000244140625,1
2026-09-17 14:33:00+05:30,978.0999755859375,978.0999755859375,978.0,978.0,181
2026-09-17 14:34:00+05:30,977.9000244140625,978.0999755859375,977.9000244140625,978.0999755859375,77
2026-09-17 14:35:00+05:30,978.0,978.0,978.0,978.0,8
2026-09-17 14:36:00+05:30,978.0499877929688,978.4000244140625,978.0,978.0,47
2026-09-17 14:37:00+05:30,979.2000122070312,979.2000122070312,978.25,978.4000244140625,238
2026-09-17 14:38:00+05:30,978.0,979.2000122070312,978.0,979.2000122070312,98
2026-09-17 14:39:00+05:30,978.1500244140625,978.9000244140625,978.1500244140625,978.4000244140625,220
2026-09-17 14:40:00+05:30,978.7000122070312,978.7000122070312,978.0,978.5999755859375,62
2026-09-17 14:41:00+05:30,978.7000122070312,978.7000122070312,978.7000122070312,978.7000122070312,1
2026-09-17 14:42:00+05:30,977.7999877929688,978.7000122070312,977.7999877929688,978.7000122070312,65
2026-09-17 14:43:00+05:30,977.7999877929688,977.7999877929688,977.7000122070312,977.7000122070312,61
2026-09-17 14:44:00+05:30,978.0,978.0,977.5,977.7999877929688,99
2026-09-17 14:45:00+05:30,978.2000122070312,978.2000122070312,978.0999755859375,978.0999755859375,403
2026-09-17 14:46:00+05:30,978.0,978.0,978.0,978.0,25
2026-09-17 14:47:00+05:30,977.9000244140625,977.9000244140625,977.6500244140625,977.6500244140625,17
2026-09-17 14:48:00+05:30,978.7999877929688,978.7999877929688,978.0,978.0,249
2026-09-17 14:49:00+05:30,978.9000244140625,978.9000244140625,978.9000244140625,978.9000244140625,34
2026-09-17 14:50:00+05:30,978.2999877929688,978.5999755859375,978.2000122070312,978.25,70
2026-09-17 14:51:00+05:30,978.4000244140625,978.4000244140625,978.4000244140625,978.4000244140625,92
2026-09-17 14:52:00+05:30,979.2999877929688,979.5999755859375,978.0,978.0,248
2026-09-17 14:54:00+05:30,979.7999877929688,979.7999877929688,979.4000244140625,979.4000244140625,384
2026-09-17 14:55:00+05:30,979.5999755859375,979.7000122070312,979.25,979.5999755859375,246
2026-09-17 14:56:00+05:30,978.0999755859375,979.2999877929688,978.0999755859375,979.2999877929688,61
2026-09-17 14:57:00+05:30,978.9000244140625,979.2000122070312,978.5999755859375,978.5999755859375,253
2026-09-17 14:58:00+05:30,979.0,979.0999755859375,978.7000122070312,978.9000244140625,193
2026-09-17 14:59:00+05:30,978.4000244140625,978.4000244140625,978.4000244140625,978.4000244140625,61
2026-09-17 15:00:00+05:30,978.9000244140625,978.9000244140625,978.2000122070312,978.2000122070312,214
2026-09-17 15:01:00+05:30,979.0999755859375,979.2999877929688,978.9000244140625,979.0,207
2026-09-17 15:02:00+05:30,979.4000244140625,979.5999755859375,979.0,979.0,413
2026-09-17 15:03:00+05:30,979.5,979.7000122070312,979.5,979.5999755859375,33
2026-09-17 15:04:00+05:30,981.0499877929688,981.0499877929688,979.3499755859375,979.5,1091
2026-09-17 15:05:00+05:30,980.7999877929688,981.0999755859375,980.5999755859375,980.7000122070312,681
2026-09-17 15:06:00+05:30,981.0,981.0,980.7999877929688,980.7999877929688,327
2026-09-17 15:07:00+05:30,981.0999755859375,981.3499755859375,981.0,981.0,315
2026-09-17 15:08:00+05:30,981.5,981.5,981.0999755859375,981.0999755859375,60
2026-09-17 15:09:00+05:30,980.9500122070312,981.0,980.9500122070312,981.0,167
2026-09-17 15:10:00+05:30,981.2999877929688,981.4000244140625,980.7999877929688,980.9000244140625,767
2026-09-17 15:11:00+05:30,981.7999877929688,982.5,981.4000244140625,981.4000244140625,370
2026-09-17 15:12:00+05:30,982.0,982.25,981.5999755859375,981.7999877929688,453
2026-09-17 15:13:00+05:30,982.0999755859375,982.2000122070312,981.2000122070312,982.0,297
2026-09-17 15:14:00+05:30,984.6500244140625,984.7999877929688,981.9000244140625,982.2000122070312,236
2026-09-17 15:28:00+05:30,983.7999877929688,983.7999877929688,983.7999877929688,983.7999877929688,133
2026-09-18 09:15:00+05:30,987.2999877929688,989.7000122070312,985.4500122070312,985.4500122070312,3628
2026-09-18 09:16:00+05:30,985.8499755859375,988.4000244140625,985.0499877929688,987.2999877929688,1043
2026-09-18 09:17:00+05:30,986.0999755859375,987.2999877929688,985.0,985.7999877929688,2917
2026-09-18 09:18:00+05:30,987.1500244140625,988.75,987.0,987.0,1498
2026-09-18 09:19:00+05:30,986.0,988.0999755859375,985.7999877929688,987.0999755859375,953
2026-09-18 09:20:00+05:30,983.0999755859375,986.0,983.0999755859375,986.0,1401
2026-09-18 09:21:00+05:30,984.7000122070312,984.8499755859375,982.7999877929688,982.9000244140625,1954
2026-09-18 09:22:00+05:30,983.7000122070312,984.7999877929688,983.5499877929688,983.7999877929688,1111
2026-09-18 09:23:00+05:30,984.2999877929688,984.6500244140625,984.0499877929688,984.0499877929688,223
2026-09-18 09:24:00+05:30,984.8499755859375,984.9000244140625,983.7999877929688,984.6500244140625,71
2026-09-18 09:25:00+05:30,983.8499755859375,985.0,983.8499755859375,984.5,672
2026-09-18 09:26:00+05:30,986.3499755859375,986.3499755859375,983.9000244140625,983.9000244140625,1280
2026-09-18 09:27:00+05:30,986.5,986.5,985.7000122070312,986.0499877929688,63
2026-09-18 09:28:00+05:30,986.5,986.6500244140625,986.0,986.6500244140625,243
2026-09-18 09:29:00+05:30,987.7000122070312,987.7000122070312,986.5,986.5,183
2026-09-18 09:30:00+05:30,987.2999877929688,987.4500122070312,986.2999877929688,986.5999755859375,33
2026-09-18 09:31:00+05:30,987.7000122070312,987.9500122070312,987.4500122070312,987.9500122070312,279
2026-09-18 09:32:00+05:30,987.4000244140625,988.0999755859375,987.0,987.4000244140625,85
2026-09-18 09:33:00+05:30,987.0499877929688,987.0499877929688,986.5999755859375,987.0,39
2026-09-18 09:34:00+05:30,986.8499755859375,987.0,986.8499755859375,986.9500122070312,92
2026-09-18 09:35:00+05:30,988.2000122070312,988.2000122070312,987.7999877929688,987.7999877929688,155
2026-09-18 09:36:00+05:30,988.7999877929688,988.8499755859375,988.3499755859375,988.4000244140625,708
2026-09-18 09:37:00+05:30,991.0,991.0,988.5,988.7999877929688,2036
2026-09-18 09:38:00+05:30,992.4000244140625,993.0,991.0,991.0,1152
2026-09-18 09:39:00+05:30,991.25,991.5999755859375,991.25,991.5999755859375,53
2026-09-18 09:40:00+05:30,990.9000244140625,991.7000122070312,990.8499755859375,991.2999877929688,73
2026-09-18 09:41:00+05:30,991.7000122070312,991.7000122070312,991.3499755859375,991.3499755859375,178
2026-09-18 09:42:00+05:30,993.2000122070312,993.2000122070312,992.0,992.0,3343
2026-09-18 09:43:00+05:30,991.2000122070312,992.7000122070312,991.2000122070312,992.7000122070312,721
2026-09-18 09:44:00+05:30,990.2999877929688,990.2999877929688,990.0999755859375,990.2999877929688,347
2026-09-18 09:45:00+05:30,989.6500244140625,990.75,989.6500244140625,990.2999877929688,808
2026-09-18 09:46:00+05:30,989.0,989.7000122070312,989.0,989.7000122070312,64
2026-09-18 09:47:00+05:30,990.0499877929688,990.5999755859375,989.0,989.0,210
2026-09-18 09:48:00+05:30,990.5,990.7999877929688,990.5,990.7999877929688,106
2026-09-18 09:49:00+05:30,988.8499755859375,989.8499755859375,988.8499755859375,989.8499755859375,73
2026-09-18 09:50:00+05:30,991.7000122070312,992.0,988.5999755859375,988.5999755859375,1326
2026-09-18 09:51:00+05:30,991.3499755859375,991.3499755859375,991.0,991.0,246
2026-09-18 09:52:00+05:30,993.0,993.4000244140625,991.4000244140625,991.4000244140625,519
2026-09-18 09:53:00+05:30,994.9500122070312,994.9500122070312,992.9000244140625,993.0,829
2026-09-18 09:54:00+05:30,995.5,995.7999877929688,994.6500244140625,994.6500244140625,533
2026-09-18 09:55:00+05:30,995.1500244140625,995.8499755859375,994.5499877929688,995.7999877929688,227
2026-09-18 09:56:00+05:30,993.5,994.5,993.2999877929688,994.5,465
2026-09-18 09:57:00+05:30,992.75,993.2999877929688,992.75,993.1500244140625,195
2026-09-18 09:58:00+05:30,992.8499755859375,993.0,992.7000122070312,992.7999877929688,215
2026-09-18 09:59:00+05:30,992.5,992.5499877929688,992.5,992.5499877929688,130
2026-09-18 10:00:00+05:30,992.9000244140625,992.9000244140625,992.5499877929688,992.5499877929688,8
2026-09-18 10:01:00+05:30,992.9000244140625,992.9000244140625,992.4500122070312,992.4500122070312,15
2026-09-18 10:02:00+05:30,993.7999877929688,993.7999877929688,992.5499877929688,992.7999877929688,346
2026-09-18 10:03:00+05:30,994.5,994.5,994.2000122070312,994.2000122070312,36
2026-09-18 10:04:00+05:30,993.0499877929688,994.5499877929688,993.0499877929688,994.5499877929688,1436
2026-09-18 10:05:00+05:30,993.9000244140625,994.0,993.3499755859375,993.3499755859375,23
2026-09-18 10:06:00+05:30,993.6500244140625,993.6500244140625,993.6500244140625,993.6500244140625,5
2026-09-18 10:07:00+05:30,993.5,993.5,993.0,993.0,2068
2026-09-18 10:08:00+05:30,993.5,993.7999877929688,993.0,993.5,474
2026-09-18 10:09:00+05:30,994.0,994.0,993.5,993.5,435
2026-09-18 10:10:00+05:30,993.5999755859375,993.5999755859375,993.0,993.0,48
2026-09-18 10:11:00+05:30,993.0,993.4500122070312,993.0,993.0,146
2026-09-18 10:12:00+05:30,993.3499755859375,994.0499877929688,993.2000122070312,993.2000122070312,20
2026-09-18 10:13:00+05:30,993.75,994.1500244140625,993.75,994.0499877929688,165
2026-09-18 10:14:00+05:30,994.4000244140625,994.4000244140625,993.75,993.75,415
2026-09-18 10:15:00+05:30,994.5,994.5,994.0499877929688,994.0499877929688,30
2026-09-18 10:16:00+05:30,994.0,994.7999877929688,994.0,994.2000122070312,23839
2026-09-18 10:17:00+05:30,995.4500122070312,995.4500122070312,995.0,995.0,520
2026-09-18 10:18:00+05:30,995.5,995.6500244140625,995.0999755859375,995.25,940
2026-09-18 10:19:00+05:30,994.7000122070312,995.4500122070312,994.7000122070312,995.4500122070312,27
2026-09-18 10:20:00+05:30,995.0,995.0,994.0999755859375,994.0999755859375,5282
2026-09-18 10:21:00+05:30,995.0,995.1500244140625,995.0,995.0,128
2026-09-18 10:22:00+05:30,995.0,995.0,995.0,995.0,278
2026-09-18 10:23:00+05:30,992.8499755859375,995.9000244140625,992.8499755859375,995.0,39048
2026-09-18 10:24:00+05:30,992.5499877929688,993.0999755859375,992.5499877929688,993.0999755859375,570
2026-09-18 10:25:00+05:30,992.9000244140625,992.9000244140625,992.4000244140625,992.6500244140625,270
2026-09-18 10:26:00+05:30,993.0,993.0999755859375,992.5999755859375,992.5999755859375,1544
2026-09-18 10:27:00+05:30,993.2999877929688,993.2999877929688,992.7999877929688,993.2999877929688,82
2026-09-18 10:28:00+05:30,994.0,994.0,994.0,994.0,22
2026-09-18 10:29:00+05:30,994.0499877929688,994.0499877929688,994.0499877929688,994.0499877929688,10
2026-09-18 10:30:00+05:30,994.75,994.75,994.2000122070312,994.2000122070312,240
2026-09-18 10:31:00+05:30,995.0,995.0,995.0,995.0,141
2026-09-18 10:32:00+05:30,994.75,995.4500122070312,994.75,995.0,461
2026-09-18 10:33:00+05:30,994.75,995.2000122070312,994.75,995.2000122070312,190
2026-09-18 10:34:00+05:30,995.9000244140625,995.9000244140625,994.75,995.2999877929688,180
2026-09-18 10:35:00+05:30,996.2000122070312,996.4000244140625,996.0,996.0,105
2026-09-18 10:36:00+05:30,995.4500122070312,995.4500122070312,994.7999877929688,995.0,703
2026-09-18 10:37:00+05:30,997.0,997.0,995.0,995.0499877929688,2316
2026-09-18 10:38:00+05:30,997.5499877929688,998.6500244140625,996.4500122070312,997.0,497
2026-09-18 10:39:00+05:30,996.5999755859375,997.3499755859375,996.5999755859375,996.9000244140625,712
2026-09-18 10:40:00+05:30,996.0,996.6500244140625,996.0,996.1500244140625,656
2026-09-18 10:41:00+05:30,996.4500122070312,996.4500122070312,996.2999877929688,996.2999877929688,29
2026-09-18 10:42:00+05:30,996.8499755859375,997.0499877929688,996.8499755859375,997.0,117
2026-09-18 10:43:00+05:30,997.0,997.0999755859375,996.7000122070312,997.0,39
2026-09-18 10:44:00+05:30,996.75,997.2000122070312,996.75,997.2000122070312,129
2026-09-18 10:45:00+05:30,998.0,998.0,997.2999877929688,997.2999877929688,558
2026-09-18 10:46:00+05:30,998.2000122070312,998.5499877929688,998.1500244140625,998.1500244140625,20
2026-09-18 10:47:00+05:30,996.5999755859375,997.2999877929688,996.5999755859375,997.0,129
2026-09-18 10:48:00+05:30,997.0,997.0,996.5999755859375,996.5999755859375,59
2026-09-18 10:49:00+05:30,997.5,997.5,996.7999877929688,997.0,285
2026-09-18 10:50:00+05:30,996.7999877929688,996.7999877929688,996.7999877929688,996.7999877929688,484
2026-09-18 10:51:00+05:30,998.2000122070312,998.2000122070312,997.1500244140625,997.4000244140625,346
2026-09-18 10:52:00+05:30,997.7000122070312,998.25,997.6500244140625,997.6500244140625,78
2026-09-18 10:53:00+05:30,998.4000244140625,998.4000244140625,998.4000244140625,998.4000244140625,5
2026-09-18 10:54:00+05:30,998.9500122070312,999.0,998.6500244140625,998.7999877929688,61
2026-09-18 10:55:00+05:30,999.0,999.2000122070312,998.2000122070312,998.2000122070312,590
2026-09-18 10:56:00+05:30,998.5,999.3499755859375,998.5,999.0,641
2026-09-18 10:57:00+05:30,997.9000244140625,998.25,997.9000244140625,998.1500244140625,92
2026-09-18 10:58:00+05:30,995.5999755859375,997.4000244140625,995.5999755859375,997.4000244140625,234
2026-09-18 10:59:00+05:30,996.5,996.5,996.4000244140625,996.4000244140625,45
2026-09-18 11:00:00+05:30,995.25,996.9500122070312,994.4500122070312,996.5,611
2026-09-18 11:01:00+05:30,995.25,996.0,995.25,996.0,99
2026-09-18 11:02:00+05:30,994.75,994.75,994.25,994.75,5
2026-09-18 11:03:00+05:30,994.0,994.0,994.0,994.0,86
2026-09-18 11:04:00+05:30,993.7000122070312,994.25,993.5,993.5,121
2026-09-18 11:05:00+05:30,993.9500122070312,994.3499755859375,993.5499877929688,994.25,96
2026-09-18 11:06:00+05:30,994.0,994.0,993.5,993.5,203
2026-09-18 11:07:00+05:30,994.0,994.0,993.5499877929688,993.5499877929688,11
2026-09-18 11:08:00+05:30,993.3499755859375,993.9000244140625,993.0,993.9000244140625,267
2026-09-18 11:09:00+05:30,994.0,994.0,993.0,993.0,41
2026-09-18 11:10:00+05:30,994.0,994.0,994.0,994.0,10
2026-09-18 11:11:00+05:30,994.5999755859375,995.4500122070312,994.4000244140625,994.4000244140625,449
2026-09-18 11:12:00+05:30,994.0,994.0499877929688,994.0,994.0499877929688,20
2026-09-18 11:13:00+05:30,994.0,994.0499877929688,993.9000244140625,993.9000244140625,27
2026-09-18 11:14:00+05:30,994.4000244140625,994.4000244140625,994.4000244140625,994.4000244140625,17
2026-09-18 11:15:00+05:30,993.2000122070312,993.7999877929688,993.2000122070312,993.7999877929688,21
2026-09-18 11:16:00+05:30,992.9000244140625,993.4000244140625,992.9000244140625,993.2000122070312,162
2026-09-18 11:17:00+05:30,992.5,992.5999755859375,991.0499877929688,991.0499877929688,177
2026-09-18 11:18:00+05:30,991.5999755859375,992.25,991.1500244140625,992.25,176
2026-09-18 11:19:00+05:30,991.5499877929688,991.5999755859375,991.0499877929688,991.5999755859375,106
2026-09-18 11:20:00+05:30,989.3499755859375,991.5499877929688,989.3499755859375,991.5499877929688,1564
2026-09-18 11:21:00+05:30,989.6500244140625,989.9500122070312,989.1500244140625,989.9500122070312,44
2026-09-18 11:22:00+05:30,989.0499877929688,989.5,988.9000244140625,989.0999755859375,593
2026-09-18 11:23:00+05:30,987.5,988.0,987.5,988.0,82
2026-09-18 11:24:00+05:30,987.25,987.25,987.25,987.25,1252
2026-09-18 11:25:00+05:30,986.6500244140625,987.25,986.4000244140625,987.2000122070312,319
2026-09-18 11:26:00+05:30,986.5,987.0,986.5,987.0,19
2026-09-18 11:27:00+05:30,986.7999877929688,986.8499755859375,986.75,986.8499755859375,979
2026-09-18 11:28:00+05:30,986.0,986.0,985.3499755859375,985.5,1112
2026-09-18 11:29:00+05:30,988.0499877929688,988.0499877929688,985.7999877929688,985.9000244140625,613
2026-09-18 11:30:00+05:30,988.5499877929688,988.5499877929688,988.0,988.0,194
2026-09-18 11:31:00+05:30,988.0499877929688,988.0499877929688,987.5,987.5,43
2026-09-18 11:32:00+05:30,988.5,988.5,988.5,988.5,1
2026-09-18 11:33:00+05:30,988.0,988.5499877929688,987.5499877929688,988.5499877929688,37
2026-09-18 11:34:00+05:30,987.5999755859375,988.0499877929688,987.5999755859375,988.0499877929688,12
2026-09-18 11:35:00+05:30,988.2000122070312,988.2000122070312,987.7999877929688,987.7999877929688,40
2026-09-18 11:36:00+05:30,987.7999877929688,988.4500122070312,987.7999877929688,987.9000244140625,359
2026-09-18 11:37:00+05:30,988.4000244140625,988.4000244140625,988.4000244140625,988.4000244140625,5
2026-09-18 11:38:00+05:30,987.5499877929688,987.9500122070312,987.2999877929688,987.7999877929688,407
2026-09-18 11:39:00+05:30,988.1500244140625,988.25,987.7999877929688,988.25,431
2026-09-18 11:40:00+05:30,988.1500244140625,988.1500244140625,988.1500244140625,988.1500244140625,20
2026-09-18 11:41:00+05:30,988.5499877929688,988.5499877929688,988.0,988.0,56
2026-09-18 11:42:00+05:30,989.7999877929688,989.7999877929688,988.2999877929688,988.2999877929688,666
2026-09-18 11:43:00+05:30,989.9000244140625,990.2000122070312,989.25,989.9000244140625,51
2026-09-18 11:44:00+05:30,991.3499755859375,991.4000244140625,990.4500122070312,990.4500122070312,143
2026-09-18 11:45:00+05:30,991.0,991.0,991.0,991.0,233
2026-09-18 11:46:00+05:30,991.4000244140625,991.4000244140625,990.4500122070312,990.8499755859375,1210
2026-09-18 11:47:00+05:30,991.4000244140625,991.4000244140625,991.4000244140625,991.4000244140625,204
2026-09-18 11:48:00+05:30,990.8499755859375,990.9000244140625,990.8499755859375,990.9000244140625,3
2026-09-18 11:49:00+05:30,989.7999877929688,990.5999755859375,989.0,990.5999755859375,732
2026-09-18 11:50:00+05:30,988.8499755859375,989.75,988.0999755859375,989.0,270
2026-09-18 11:52:00+05:30,990.0,990.0,990.0,990.0,2477
2026-09-18 11:54:00+05:30,989.4500122070312,989.6500244140625,989.25,989.25,112
2026-09-18 11:55:00+05:30,989.75,989.75,989.75,989.75,20
2026-09-18 11:56:00+05:30,989.3499755859375,989.3499755859375,989.3499755859375,989.3499755859375,8
2026-09-18 11:57:00+05:30,989.9000244140625,989.9500122070312,989.9000244140625,989.9500122070312,7
2026-09-18 11:58:00+05:30,989.4000244140625,989.4000244140625,989.4000244140625,989.4000244140625,7
2026-09-18 11:59:00+05:30,989.5,989.7000122070312,989.5,989.7000122070312,8
2026-09-18 12:00:00+05:30,989.4000244140625,989.6500244140625,989.4000244140625,989.6500244140625,320
2026-09-18 12:01:00+05:30,988.0499877929688,989.0,988.0499877929688,989.0,31
2026-09-18 12:02:00+05:30,988.0499877929688,988.0499877929688,988.0499877929688,988.0499877929688,10
2026-09-18 12:03:00+05:30,988.4500122070312,988.4500122070312,988.4500122070312,988.4500122070312,1
2026-09-18 12:04:00+05:30,988.0,988.0,988.0,988.0,97
2026-09-18 12:05:00+05:30,988.0,988.0,988.0,988.0,10
2026-09-18 12:06:00+05:30,988.0,988.0,987.7999877929688,987.7999877929688,84
2026-09-18 12:07:00+05:30,988.5,988.5,988.4000244140625,988.4000244140625,3
2026-09-18 12:08:00+05:30,987.9500122070312,988.75,987.9500122070312,988.75,178
2026-09-18 12:10:00+05:30,985.9500122070312,986.8499755859375,985.0,986.8499755859375,10700
2026-09-18 12:11:00+05:30,986.6500244140625,986.6500244140625,985.9500122070312,985.9500122070312,171
2026-09-18 12:12:00+05:30,986.2000122070312,986.7999877929688,986.2000122070312,986.7999877929688,7
2026-09-18 12:13:00+05:30,986.7999877929688,986.7999877929688,986.2000122070312,986.5999755859375,13
2026-09-18 12:14:00+05:30,986.9000244140625,986.9000244140625,986.2000122070312,986.7999877929688,404
2026-09-18 12:15:00+05:30,986.25,986.25,986.25,986.25,1
2026-09-18 12:16:00+05:30,986.75,986.8499755859375,986.7000122070312,986.7000122070312,30
2026-09-18 12:17:00+05:30,987.0999755859375,987.0999755859375,987.0999755859375,987.0999755859375,2
2026-09-18 12:18:00+05:30,986.0,987.0499877929688,985.6500244140625,987.0499877929688,507
2026-09-18 12:19:00+05:30,986.0,986.5,986.0,986.0,102
2026-09-18 12:21:00+05:30,985.5,986.4000244140625,985.0499877929688,986.0,3866
2026-09-18 12:22:00+05:30,985.7000122070312,985.7000122070312,985.2000122070312,985.6500244140625,1058
2026-09-18 12:23:00+05:30,985.9500122070312,985.9500122070312,985.2999877929688,985.2999877929688,104
2026-09-18 12:24:00+05:30,985.6500244140625,986.0,985.6500244140625,986.0,810
2026-09-18 12:26:00+05:30,985.7999877929688,986.5499877929688,985.7999877929688,986.0,1421
2026-09-18 12:27:00+05:30,986.3499755859375,986.3499755859375,986.0,986.0,321
2026-09-18 12:28:00+05:30,986.4000244140625,986.5999755859375,986.4000244140625,986.5999755859375,142
2026-09-18 12:29:00+05:30,986.4000244140625,986.4000244140625,986.4000244140625,986.4000244140625,485
2026-09-18 12:30:00+05:30,986.0999755859375,986.8499755859375,986.0999755859375,986.8499755859375,14
2026-09-18 12:31:00+05:30,986.5,986.5,986.5,986.5,11
2026-09-18 12:32:00+05:30,986.7000122070312,986.7000122070312,986.7000122070312,986.7000122070312,7
2026-09-18 12:34:00+05:30,986.0,986.5499877929688,986.0,986.5499877929688,12
2026-09-18 12:35:00+05:30,986.0999755859375,986.0999755859375,985.4000244140625,986.0,121
2026-09-18 12:36:00+05:30,986.4500122070312,986.4500122070312,986.0999755859375,986.0999755859375,153
2026-09-18 12:37:00+05:30,987.0,987.0,987.0,987.0,10
2026-09-18 12:38:00+05:30,987.0,987.0,987.0,987.0,1
2026-09-18 12:39:00+05:30,986.5,986.5,986.5,986.5,1
2026-09-18 12:40:00+05:30,987.0,987.0,987.0,987.0,2
2026-09-18 12:42:00+05:30,986.7999877929688,987.4000244140625,986.7999877929688,987.0999755859375,23
2026-09-18 12:43:00+05:30,986.5,987.3499755859375,986.5,987.3499755859375,328
2026-09-18 12:44:00+05:30,985.7000122070312,986.0999755859375,985.3499755859375,986.0,122
2026-09-18 12:48:00+05:30,985.6500244140625,985.6500244140625,985.6500244140625,985.6500244140625,50
2026-09-18 12:49:00+05:30,984.5,985.0,984.0999755859375,985.0,2177
2026-09-18 12:50:00+05:30,984.9500122070312,985.2000122070312,984.5,984.5,195
2026-09-18 12:51:00+05:30,985.5999755859375,986.5,985.5999755859375,985.5999755859375,759
2026-09-18 12:52:00+05:30,985.5,985.5,985.5,985.5,10
2026-09-18 12:53:00+05:30,985.2000122070312,985.5,985.2000122070312,985.5,24
2026-09-18 12:54:00+05:30,984.9000244140625,984.9000244140625,984.5,984.5499877929688,161
2026-09-18 12:55:00+05:30,984.7999877929688,984.9000244140625,984.0999755859375,984.2000122070312,304
2026-09-18 12:56:00+05:30,983.2999877929688,984.1500244140625,983.2999877929688,984.1500244140625,421
2026-09-18 12:57:00+05:30,983.75,983.75,983.75,983.75,10
2026-09-18 13:00:00+05:30,983.9500122070312,983.9500122070312,983.6500244140625,983.6500244140625,22
2026-09-18 13:01:00+05:30,983.8499755859375,983.8499755859375,983.8499755859375,983.8499755859375,3
2026-09-18 13:02:00+05:30,983.7999877929688,983.7999877929688,983.7999877929688,983.7999877929688,2
2026-09-18 13:03:00+05:30,984.25,984.25,983.5,983.5,980
2026-09-18 13:05:00+05:30,983.4000244140625,983.4000244140625,983.4000244140625,983.4000244140625,30
2026-09-18 13:06:00+05:30,983.9000244140625,983.9000244140625,983.9000244140625,983.9000244140625,26
2026-09-18 13:07:00+05:30,984.0,984.0,984.0,984.0,300
2026-09-18 13:08:00+05:30,984.0,984.1500244140625,984.0,984.0,395
2026-09-18 13:09:00+05:30,984.0,984.0,984.0,984.0,5
2026-09-18 13:10:00+05:30,984.1500244140625,984.1500244140625,984.0999755859375,984.0999755859375,4
2026-09-18 13:12:00+05:30,983.5,983.5,983.5,983.5,22
2026-09-18 13:13:00+05:30,983.4000244140625,983.4000244140625,983.4000244140625,983.4000244140625,31
2026-09-18 13:14:00+05:30,983.4000244140625,983.4000244140625,983.4000244140625,983.4000244140625,32
2026-09-18 13:15:00+05:30,985.2000122070312,985.2000122070312,983.9000244140625,983.9000244140625,1701
2026-09-18 13:16:00+05:30,984.7999877929688,985.1500244140625,984.5999755859375,985.1500244140625,26
2026-09-18 13:18:00+05:30,985.0,985.0,985.0,985.0,2
2026-09-18 13:19:00+05:30,984.9500122070312,984.9500122070312,984.9500122070312,984.9500122070312,5
2026-09-18 13:20:00+05:30,984.7999877929688,984.7999877929688,984.5,984.5,22
2026-09-18 13:21:00+05:30,984.8499755859375,984.8499755859375,984.4000244140625,984.4000244140625,38
2026-09-18 13:22:00+05:30,985.6500244140625,985.6500244140625,985.0,985.0,409
2026-09-18 13:23:00+05:30,984.5999755859375,985.2000122070312,984.5999755859375,985.2000122070312,30
2026-09-18 13:24:00+05:30,985.7999877929688,985.7999877929688,985.4500122070312,985.4500122070312,88
2026-09-18 13:25:00+05:30,986.0,986.0,986.0,986.0,20
2026-09-18 13:26:00+05:30,984.8499755859375,984.8499755859375,984.8499755859375,984.8499755859375,45
2026-09-18 13:28:00+05:30,985.1500244140625,985.2000122070312,985.1500244140625,985.2000122070312,106
2026-09-18 13:30:00+05:30,984.7999877929688,984.7999877929688,984.7999877929688,984.7999877929688,3
2026-09-18 13:34:00+05:30,984.9500122070312,984.9500122070312,984.3499755859375,984.3499755859375,101
2026-09-18 13:36:00+05:30,984.0,984.2000122070312,984.0,984.2000122070312,520
2026-09-18 13:38:00+05:30,983.5999755859375,984.0,983.5999755859375,984.0,352
2026-09-18 13:39:00+05:30,983.2000122070312,983.5999755859375,983.2000122070312,983.5999755859375,437
2026-09-18 13:40:00+05:30,983.0,983.1500244140625,983.0,983.1500244140625,178
2026-09-18 13:42:00+05:30,982.9500122070312,983.4000244140625,982.9500122070312,983.4000244140625,66
2026-09-18 13:43:00+05:30,983.2000122070312,983.2000122070312,983.2000122070312,983.2000122070312,26
2026-09-18 13:44:00+05:30,983.5,983.5,983.25,983.25,6
2026-09-18 13:46:00+05:30,983.7000122070312,983.7000122070312,983.2000122070312,983.2000122070312,88
2026-09-18 13:47:00+05:30,984.9500122070312,984.9500122070312,983.75,983.75,173
2026-09-18 13:48:00+05:30,983.5,984.2999877929688,983.5,984.2999877929688,21
2026-09-18 13:49:00+05:30,984.0999755859375,984.0999755859375,984.0999755859375,984.0999755859375,5
2026-09-18 13:50:00+05:30,984.5,984.5,984.5,984.5,17
2026-09-18 13:51:00+05:30,984.5999755859375,984.5999755859375,984.0999755859375,984.0999755859375,26
2026-09-18 13:52:00+05:30,984.7000122070312,984.7000122070312,984.6500244140625,984.6500244140625,9
2026-09-18 13:53:00+05:30,984.0999755859375,984.5499877929688,984.0999755859375,984.5499877929688,15
2026-09-18 13:55:00+05:30,984.2000122070312,984.9500122070312,984.2000122070312,984.9500122070312,221
2026-09-18 13:57:00+05:30,984.7000122070312,984.7000122070312,984.4500122070312,984.4500122070312,52
2026-09-18 13:58:00+05:30,984.2000122070312,984.2000122070312,984.0999755859375,984.0999755859375,14
2026-09-18 13:59:00+05:30,984.2000122070312,984.9000244140625,984.2000122070312,984.9000244140625,26
2026-09-18 14:00:00+05:30,983.9500122070312,983.9500122070312,983.9500122070312,983.9500122070312,19
2026-09-18 14:02:00+05:30,985.0,985.0,984.5999755859375,984.5999755859375,43
2026-09-18 14:03:00+05:30,985.0,985.0,985.0,985.0,70
2026-09-18 14:06:00+05:30,984.9500122070312,984.9500122070312,984.9500122070312,984.9500122070312,3
2026-09-18 14:07:00+05:30,985.0,985.0,985.0,985.0,31
2026-09-18 14:08:00+05:30,985.2000122070312,985.2000122070312,985.0,985.0,120
2026-09-18 14:09:00+05:30,984.9000244140625,985.3499755859375,984.6500244140625,984.6500244140625,46
2026-09-18 14:13:00+05:30,984.6500244140625,984.6500244140625,984.6500244140625,984.6500244140625,465
2026-09-18 14:14:00+05:30,983.5999755859375,984.4000244140625,983.5999755859375,984.2999877929688,28
2026-09-18 14:18:00+05:30,984.0499877929688,984.0499877929688,984.0,984.0,151
2026-09-18 14:19:00+05:30,984.5,985.0,984.5,985.0,33
2026-09-18 14:20:00+05:30,984.0499877929688,984.4500122070312,984.0499877929688,984.4500122070312,2
2026-09-18 14:21:00+05:30,984.0499877929688,984.0499877929688,984.0499877929688,984.0499877929688,10
2026-09-18 14:23:00+05:30,984.75,984.75,984.25,984.25,2
2026-09-18 14:24:00+05:30,984.5999755859375,984.6500244140625,984.1500244140625,984.6500244140625,19
2026-09-18 14:25:00+05:30,984.0,984.6500244140625,984.0,984.6500244140625,51
2026-09-18 14:26:00+05:30,984.0999755859375,984.0999755859375,983.5,983.5,31
2026-09-18 14:27:00+05:30,983.9500122070312,983.9500122070312,983.9500122070312,983.9500122070312,1
2026-09-18 14:28:00+05:30,984.5999755859375,984.5999755859375,984.2000122070312,984.2000122070312,12
2026-09-18 14:29:00+05:30,984.5999755859375,984.5999755859375,984.5999755859375,984.5999755859375,500
2026-09-18 14:30:00+05:30,985.0,985.0,983.9000244140625,984.5,7
2026-09-18 14:31:00+05:30,985.0,985.0,985.0,985.0,9
2026-09-18 14:32:00+05:30,984.5999755859375,984.9500122070312,984.5999755859375,984.9500122070312,59
2026-09-18 14:33:00+05:30,985.2000122070312,985.2000122070312,985.0,985.0,20
2026-09-18 14:34:00+05:30,985.2000122070312,985.2000122070312,985.0,985.0,41
2026-09-18 14:35:00+05:30,984.7999877929688,985.2000122070312,984.75,984.75,10
2026-09-18 14:36:00+05:30,985.3499755859375,985.3499755859375,985.3499755859375,985.3499755859375,1
2026-09-18 14:37:00+05:30,985.2999877929688,985.3499755859375,985.2999877929688,985.3499755859375,27
2026-09-18 14:38:00+05:30,985.2000122070312,985.2999877929688,985.2000122070312,985.2999877929688,5
2026-09-18 14:40:00+05:30,985.0,985.4000244140625,985.0,985.4000244140625,30
2026-09-18 14:41:00+05:30,985.0499877929688,985.0499877929688,985.0499877929688,985.0499877929688,80
2026-09-18 14:43:00+05:30,985.0,985.0499877929688,985.0,985.0499877929688,95
2026-09-18 14:44:00+05:30,985.0,985.1500244140625,985.0,985.1500244140625,26
2026-09-18 14:45:00+05:30,984.7999877929688,984.7999877929688,984.25,984.7999877929688,19
2026-09-18 14:46:00+05:30,984.7999877929688,984.7999877929688,984.5999755859375,984.7999877929688,11
2026-09-18 14:47:00+05:30,984.5,985.1500244140625,984.5,984.9000244140625,84
2026-09-18 14:48:00+05:30,986.0,986.0,985.0,985.0,100
2026-09-18 14:49:00+05:30,986.25,986.25,986.25,986.25,7
2026-09-18 14:50:00+05:30,985.2999877929688,985.2999877929688,985.2999877929688,985.2999877929688,52
2026-09-18 14:51:00+05:30,985.8499755859375,986.25,985.8499755859375,986.25,200
2026-09-18 14:52:00+05:30,986.25,986.25,986.25,986.25,15
2026-09-18 14:53:00+05:30,985.7999877929688,986.25,985.7999877929688,985.9500122070312,97
2026-09-18 14:54:00+05:30,986.3499755859375,986.3499755859375,986.3499755859375,986.3499755859375,92
2026-09-18 14:55:00+05:30,986.0,987.0,985.9500122070312,985.9500122070312,7518
2026-09-18 14:56:00+05:30,985.9000244140625,986.0,985.5499877929688,985.5499877929688,27862
2026-09-18 14:57:00+05:30,985.2999877929688,985.9000244140625,985.2999877929688,985.9000244140625,163
2026-09-18 14:58:00+05:30,985.5499877929688,985.5499877929688,985.5499877929688,985.5499877929688,4
2026-09-18 14:59:00+05:30,986.0999755859375,986.3499755859375,985.75,985.7999877929688,22
2026-09-18 15:00:00+05:30,984.0,985.75,983.5,985.75,501
2026-09-18 15:01:00+05:30,983.8499755859375,984.5499877929688,983.7999877929688,984.0999755859375,183
2026-09-18 15:02:00+05:30,983.5,984.4000244140625,983.5,984.4000244140625,17
2026-09-18 15:03:00+05:30,983.2000122070312,983.2000122070312,983.0,983.0,450
2026-09-18 15:04:00+05:30,982.5,983.0,982.5,983.0,70172
2026-09-18 15:05:00+05:30,983.75,984.0999755859375,982.5999755859375,983.0499877929688,1459
2026-09-18 15:06:00+05:30,984.0,984.0,983.2000122070312,983.75,286
2026-09-18 15:07:00+05:30,984.5499877929688,984.5499877929688,983.7000122070312,983.9000244140625,538
2026-09-18 15:08:00+05:30,984.0,984.4000244140625,983.0,984.4000244140625,1134
2026-09-18 15:09:00+05:30,982.8499755859375,983.9500122070312,982.8499755859375,983.9500122070312,256
2026-09-18 15:10:00+05:30,983.2000122070312,984.1500244140625,983.2000122070312,983.3499755859375,157
2026-09-18 15:11:00+05:30,983.9000244140625,984.0,983.9000244140625,984.0,15
2026-09-18 15:12:00+05:30,984.0,984.0,983.3499755859375,983.9000244140625,647
2026-09-18 15:13:00+05:30,985.5,985.5,983.3499755859375,983.75,40
2026-09-18 15:14:00+05:30,981.5,985.5,980.0,985.5,474
2026-09-18 15:15:00+05:30,985.5,985.5,985.5,985.5,50
2026-09-18 15:29:00+05:30,972.0,972.0,972.0,972.0,9226
2026-09-21 09:15:00+05:30,988.75,993.0,987.3499755859375,987.3499755859375,1114
2026-09-21 09:16:00+05:30,986.0,987.4500122070312,985.8499755859375,987.4000244140625,1197
2026-09-21 09:17:00+05:30,986.5999755859375,987.0999755859375,986.5999755859375,987.0999755859375,320
2026-09-21 09:18:00+05:30,984.5999755859375,987.0,984.0,987.0,1193
2026-09-21 09:19:00+05:30,985.9500122070312,987.0999755859375,984.5999755859375,985.0999755859375,491
2026-09-21 09:20:00+05:30,987.5499877929688,987.7000122070312,985.5499877929688,985.9000244140625,1809
2026-09-21 09:21:00+05:30,988.9500122070312,989.0,987.4000244140625,988.4500122070312,1421
2026-09-21 09:22:00+05:30,990.7000122070312,991.0,989.0499877929688,989.0499877929688,975
2026-09-21 09:23:00+05:30,989.75,991.0,989.2999877929688,990.5999755859375,1761
2026-09-21 09:24:00+05:30,987.6500244140625,989.2999877929688,987.6500244140625,989.2999877929688,1605
2026-09-21 09:25:00+05:30,987.9500122070312,988.5,987.8499755859375,988.2000122070312,262
2026-09-21 09:26:00+05:30,987.8499755859375,987.8499755859375,987.8499755859375,987.8499755859375,193
2026-09-21 09:27:00+05:30,986.9000244140625,987.2999877929688,986.9000244140625,987.2999877929688,2029
2026-09-21 09:28:00+05:30,987.9500122070312,987.9500122070312,987.0999755859375,987.5999755859375,533
2026-09-21 09:29:00+05:30,987.2000122070312,987.8499755859375,987.2000122070312,987.8499755859375,234
2026-09-21 09:30:00+05:30,987.0,987.4000244140625,987.0,987.4000244140625,112
2026-09-21 09:31:00+05:30,989.4500122070312,989.4500122070312,988.0999755859375,988.0999755859375,541
2026-09-21 09:32:00+05:30,990.9000244140625,990.9000244140625,989.6500244140625,989.6500244140625,349
2026-09-21 09:33:00+05:30,989.0499877929688,990.6500244140625,989.0499877929688,990.6500244140625,476
2026-09-21 09:34:00+05:30,989.3499755859375,989.3499755859375,989.25,989.25,15
2026-09-21 09:35:00+05:30,989.4000244140625,989.4000244140625,989.0499877929688,989.4000244140625,594
2026-09-21 09:36:00+05:30,989.0,989.4000244140625,989.0,989.4000244140625,1214
2026-09-21 09:37:00+05:30,988.9000244140625,988.9000244140625,988.9000244140625,988.9000244140625,20
2026-09-21 09:38:00+05:30,989.0,989.0,988.3499755859375,988.3499755859375,119
2026-09-21 09:39:00+05:30,988.8499755859375,989.0999755859375,988.8499755859375,988.9500122070312,301
2026-09-21 09:40:00+05:30,988.5499877929688,989.0,988.5499877929688,989.0,110
2026-09-21 09:41:00+05:30,989.4000244140625,989.4000244140625,989.4000244140625,989.4000244140625,200
2026-09-21 09:42:00+05:30,989.5,989.7999877929688,989.0999755859375,989.2000122070312,399
2026-09-21 09:43:00+05:30,988.5,989.0999755859375,988.5,989.0999755859375,86
2026-09-21 09:44:00+05:30,988.25,990.0,988.25,989.0,2152
2026-09-21 09:45:00+05:30,988.7999877929688,989.4000244140625,988.7999877929688,989.4000244140625,531
2026-09-21 09:46:00+05:30,989.4000244140625,989.4000244140625,989.4000244140625,989.4000244140625,3
2026-09-21 09:47:00+05:30,989.0,989.4000244140625,989.0,989.4000244140625,9
2026-09-21 09:48:00+05:30,988.7999877929688,988.7999877929688,988.7999877929688,988.7999877929688,16
2026-09-21 09:49:00+05:30,989.0499877929688,989.0499877929688,988.75,988.75,285
2026-09-21 09:50:00+05:30,988.5499877929688,988.5499877929688,988.5499877929688,988.5499877929688,1
2026-09-21 09:51:00+05:30,988.7999877929688,988.7999877929688,988.1500244140625,988.7000122070312,376
2026-09-21 09:52:00+05:30,988.4000244140625,988.4000244140625,988.4000244140625,988.4000244140625,6
2026-09-21 09:53:00+05:30,988.5999755859375,988.5999755859375,988.5999755859375,988.5999755859375,11
2026-09-21 09:54:00+05:30,988.5499877929688,988.5499877929688,988.2000122070312,988.2000122070312,102
2026-09-21 09:55:00+05:30,987.5999755859375,988.0,987.5999755859375,988.0,228
2026-09-21 09:57:00+05:30,987.0,987.0,987.0,987.0,23
2026-09-21 09:58:00+05:30,987.0,987.0,987.0,987.0,51
2026-09-21 09:59:00+05:30,987.0,987.0,987.0,987.0,236
2026-09-21 10:00:00+05:30,987.5,987.9000244140625,987.5,987.9000244140625,134
2026-09-21 10:01:00+05:30,986.5,986.7999877929688,986.5,986.7999877929688,18
2026-09-21 10:03:00+05:30,987.2000122070312,987.2000122070312,987.0,987.0,711
2026-09-21 10:04:00+05:30,987.3499755859375,987.5,987.3499755859375,987.5,11
2026-09-21 10:05:00+05:30,987.9000244140625,987.9000244140625,987.9000244140625,987.9000244140625,1
2026-09-21 10:06:00+05:30,987.0499877929688,987.7999877929688,987.0,987.7999877929688,26
2026-09-21 10:07:00+05:30,987.0499877929688,987.0499877929688,987.0,987.0,1100
2026-09-21 10:08:00+05:30,987.2000122070312,987.2000122070312,987.2000122070312,987.2000122070312,50
2026-09-21 10:09:00+05:30,987.7999877929688,987.7999877929688,987.25,987.25,11
2026-09-21 10:10:00+05:30,987.7999877929688,987.7999877929688,987.2000122070312,987.2000122070312,3
2026-09-21 10:11:00+05:30,988.0999755859375,988.0999755859375,987.7999877929688,987.7999877929688,162
2026-09-21 10:12:00+05:30,988.4000244140625,988.4000244140625,988.0,988.0,743
2026-09-21 10:13:00+05:30,988.0499877929688,988.4500122070312,988.0499877929688,988.4500122070312,29
2026-09-21 10:14:00+05:30,987.0,987.0,987.0,987.0,15
2026-09-21 10:15:00+05:30,987.0,987.0,987.0,987.0,84
2026-09-21 10:16:00+05:30,987.5,987.5,987.5,987.5,12
2026-09-21 10:17:00+05:30,987.5,987.5,987.5,987.5,100
2026-09-21 10:18:00+05:30,987.7000122070312,987.7000122070312,987.7000122070312,987.7000122070312,8
2026-09-21 10:19:00+05:30,987.7000122070312,988.2000122070312,987.7000122070312,988.2000122070312,41
2026-09-21 10:20:00+05:30,987.5,988.0,987.5,988.0,11
2026-09-21 10:21:00+05:30,987.5,987.5,987.5,987.5,245
2026-09-21 10:22:00+05:30,988.0,988.0,988.0,988.0,3
2026-09-21 10:23:00+05:30,988.2000122070312,988.2000122070312,988.2000122070312,988.2000122070312,63
2026-09-21 10:24:00+05:30,988.9000244140625,988.9000244140625,988.9000244140625,988.9000244140625,103
2026-09-21 10:27:00+05:30,988.1500244140625,988.1500244140625,988.1500244140625,988.1500244140625,214
2026-09-21 10:30:00+05:30,987.9500122070312,988.2999877929688,987.9500122070312,988.2999877929688,12
2026-09-21 10:31:00+05:30,987.75,988.25,987.75,988.25,2
2026-09-21 10:32:00+05:30,987.4500122070312,988.2000122070312,987.4500122070312,988.2000122070312,52
2026-09-21 10:35:00+05:30,987.9000244140625,987.9000244140625,987.4500122070312,987.7999877929688,3
2026-09-21 10:36:00+05:30,986.7999877929688,987.9500122070312,986.7999877929688,987.9500122070312,1488
2026-09-21 10:37:00+05:30,987.0,987.0,987.0,987.0,3
2026-09-21 10:38:00+05:30,987.25,987.25,986.5999755859375,986.5999755859375,223
2026-09-21 10:39:00+05:30,987.0,987.0,987.0,987.0,1
2026-09-21 10:40:00+05:30,987.0,987.4000244140625,987.0,987.4000244140625,251
2026-09-21 10:42:00+05:30,987.4000244140625,987.4000244140625,987.4000244140625,987.4000244140625,31
2026-09-21 10:43:00+05:30,988.4000244140625,988.4000244140625,987.7999877929688,987.7999877929688,208
2026-09-21 10:44:00+05:30,988.3499755859375,988.5499877929688,988.3499755859375,988.4000244140625,5
2026-09-21 10:45:00+05:30,987.5,988.0,987.5,988.0,45
2026-09-21 10:46:00+05:30,987.7999877929688,987.7999877929688,987.7999877929688,987.7999877929688,2
2026-09-21 10:47:00+05:30,987.5999755859375,987.5999755859375,987.25,987.25,4
2026-09-21 10:48:00+05:30,987.0,987.2000122070312,987.0,987.2000122070312,1282
2026-09-21 10:49:00+05:30,987.6500244140625,987.7000122070312,987.3499755859375,987.4000244140625,198
2026-09-21 10:50:00+05:30,987.2999877929688,987.2999877929688,987.2999877929688,987.2999877929688,15
2026-09-21 10:51:00+05:30,987.7000122070312,987.7000122070312,987.7000122070312,987.7000122070312,2
2026-09-21 10:52:00+05:30,987.9000244140625,987.9000244140625,987.9000244140625,987.9000244140625,10
2026-09-21 10:53:00+05:30,987.7999877929688,987.7999877929688,987.5999755859375,987.5999755859375,52
2026-09-21 10:54:00+05:30,988.0,988.0,988.0,988.0,1
2026-09-21 10:55:00+05:30,988.0,988.6500244140625,987.75,988.4000244140625,580
2026-09-21 10:56:00+05:30,988.5,988.5,988.5,988.5,2
2026-09-21 10:57:00+05:30,988.5,988.5,988.5,988.5,1
2026-09-21 10:59:00+05:30,988.7000122070312,988.7000122070312,988.25,988.25,34
2026-09-21 11:00:00+05:30,988.7000122070312,988.7000122070312,988.7000122070312,988.7000122070312,2
2026-09-21 11:02:00+05:30,988.5,988.5,988.5,988.5,5
2026-09-21 11:04:00+05:30,988.2999877929688,988.2999877929688,988.2999877929688,988.2999877929688,50
2026-09-21 11:05:00+05:30,988.7000122070312,988.7000122070312,988.4000244140625,988.4000244140625,70
2026-09-21 11:06:00+05:30,988.3499755859375,988.7000122070312,988.3499755859375,988.7000122070312,7
2026-09-21 11:07:00+05:30,988.5999755859375,988.7000122070312,988.5999755859375,988.7000122070312,187
2026-09-21 11:09:00+05:30,989.25,989.25,989.25,989.25,95
2026-09-21 11:11:00+05:30,989.1500244140625,989.1500244140625,988.6500244140625,988.6500244140625,129
2026-09-21 11:12:00+05:30,986.4000244140625,987.5499877929688,986.4000244140625,987.5499877929688,1566
2026-09-21 11:13:00+05:30,987.2999877929688,987.2999877929688,987.2999877929688,987.2999877929688,2
2026-09-21 11:14:00+05:30,986.1500244140625,986.9500122070312,986.1500244140625,986.5499877929688,130
2026-09-21 11:15:00+05:30,986.0,986.4000244140625,986.0,986.4000244140625,148
2026-09-21 11:16:00+05:30,985.2999877929688,986.25,985.2999877929688,986.25,142
2026-09-21 11:17:00+05:30,984.5999755859375,985.0999755859375,984.5999755859375,984.6500244140625,277
2026-09-21 11:18:00+05:30,984.7999877929688,984.7999877929688,984.5999755859375,984.5999755859375,21
2026-09-21 11:19:00+05:30,985.0,985.0,984.4500122070312,984.7999877929688,75
2026-09-21 11:20:00+05:30,985.4000244140625,985.4000244140625,985.0,985.0,171
2026-09-21 11:21:00+05:30,985.0,985.5,985.0,985.5,21
2026-09-21 11:23:00+05:30,985.5,985.5,985.0999755859375,985.5,536
2026-09-21 11:25:00+05:30,985.5,985.5,985.5,985.5,5
2026-09-21 11:26:00+05:30,985.4000244140625,985.4000244140625,985.4000244140625,985.4000244140625,15
2026-09-21 11:28:00+05:30,985.0,985.5999755859375,985.0,985.0,312
2026-09-21 11:29:00+05:30,985.5,985.5,985.5,985.5,34
2026-09-21 11:30:00+05:30,985.5,985.5,985.5,985.5,3
2026-09-21 11:31:00+05:30,985.0,985.0,984.5999755859375,984.5999755859375,121
2026-09-21 11:32:00+05:30,984.4000244140625,984.5,984.4000244140625,984.5,775
2026-09-21 11:33:00+05:30,983.7999877929688,984.0,983.5,984.0,403
2026-09-21 11:34:00+05:30,983.9500122070312,983.9500122070312,983.9500122070312,983.9500122070312,1
2026-09-21 11:36:00+05:30,984.5499877929688,984.5499877929688,984.5499877929688,984.5499877929688,8
2026-09-21 11:37:00+05:30,984.5,984.5999755859375,984.5,984.5999755859375,8
2026-09-21 11:38:00+05:30,984.5999755859375,984.5999755859375,984.5999755859375,984.5999755859375,1
2026-09-21 11:39:00+05:30,984.5,984.5,984.5,984.5,130
2026-09-21 11:40:00+05:30,984.2000122070312,984.5,984.2000122070312,984.5,10
2026-09-21 11:41:00+05:30,984.2000122070312,984.2000122070312,984.2000122070312,984.2000122070312,20
2026-09-21 11:42:00+05:30,984.8499755859375,984.8499755859375,984.8499755859375,984.8499755859375,300
2026-09-21 11:45:00+05:30,983.9000244140625,984.4500122070312,983.9000244140625,984.4500122070312,46
2026-09-21 11:46:00+05:30,983.5999755859375,984.2999877929688,983.5999755859375,984.2999877929688,254
2026-09-21 11:47:00+05:30,983.6500244140625,983.9000244140625,983.6500244140625,983.9000244140625,7
2026-09-21 11:49:00+05:30,984.0999755859375,984.0999755859375,983.75,984.0,36
2026-09-21 11:50:00+05:30,983.7000122070312,984.0,983.7000122070312,984.0,220
2026-09-21 11:51:00+05:30,984.0,984.0,984.0,984.0,2
2026-09-21 11:52:00+05:30,984.0,984.0,984.0,984.0,1
2026-09-21 11:53:00+05:30,984.0,984.0,984.0,984.0,1
2026-09-21 11:54:00+05:30,984.2000122070312,984.2000122070312,984.2000122070312,984.2000122070312,19
2026-09-21 11:57:00+05:30,983.25,983.25,983.25,983.25,1
2026-09-21 11:58:00+05:30,983.7999877929688,983.7999877929688,983.7999877929688,983.7999877929688,15
2026-09-21 11:59:00+05:30,983.2000122070312,983.25,983.2000122070312,983.25,39
2026-09-21 12:00:00+05:30,983.2000122070312,983.5,983.2000122070312,983.4000244140625,65
2026-09-21 12:01:00+05:30,983.0999755859375,983.4000244140625,983.0999755859375,983.2000122070312,144
2026-09-21 12:02:00+05:30,983.1500244140625,983.5,983.1500244140625,983.5,61
2026-09-21 12:03:00+05:30,983.1500244140625,983.5,983.1500244140625,983.5,349
2026-09-21 12:04:00+05:30,983.0999755859375,983.5,983.0999755859375,983.5,31
2026-09-21 12:05:00+05:30,983.0,983.0999755859375,983.0,983.0999755859375,1884
2026-09-21 12:06:00+05:30,983.5,983.5,983.0999755859375,983.0999755859375,76
2026-09-21 12:07:00+05:30,983.5999755859375,983.6500244140625,983.5999755859375,983.6500244140625,11
2026-09-21 12:08:00+05:30,983.2999877929688,983.4000244140625,983.0999755859375,983.0999755859375,115
2026-09-21 12:09:00+05:30,983.7000122070312,983.9500122070312,983.7000122070312,983.9500122070312,13
2026-09-21 12:10:00+05:30,983.75,984.4000244140625,983.75,984.4000244140625,55
2026-09-21 12:11:00+05:30,983.2999877929688,983.2999877929688,983.2999877929688,983.2999877929688,1
2026-09-21 12:12:00+05:30,983.7000122070312,983.7000122070312,983.2999877929688,983.2999877929688,41
2026-09-21 12:13:00+05:30,983.2999877929688,983.7000122070312,983.25,983.5,67
2026-09-21 12:14:00+05:30,983.5,983.5,983.2000122070312,983.4500122070312,68
2026-09-21 12:15:00+05:30,983.7999877929688,983.7999877929688,983.5999755859375,983.5999755859375,35
2026-09-21 12:18:00+05:30,983.4000244140625,983.4000244140625,983.4000244140625,983.4000244140625,12
2026-09-21 12:19:00+05:30,984.0,984.2000122070312,983.4000244140625,983.4500122070312,689
2026-09-21 12:20:00+05:30,983.7999877929688,984.0,983.4000244140625,984.0,52
2026-09-21 12:21:00+05:30,984.0,984.0,983.9500122070312,983.9500122070312,23
2026-09-21 12:22:00+05:30,983.5499877929688,983.7999877929688,983.3499755859375,983.7999877929688,1195
2026-09-21 12:23:00+05:30,983.5,983.5,983.5,983.5,100
2026-09-21 12:26:00+05:30,983.7999877929688,983.7999877929688,983.7999877929688,983.7999877929688,3
2026-09-21 12:28:00+05:30,983.8499755859375,984.0999755859375,983.5999755859375,983.5999755859375,85
2026-09-21 12:30:00+05:30,984.9500122070312,985.0,984.4000244140625,984.4000244140625,32
2026-09-21 12:32:00+05:30,985.2999877929688,985.2999877929688,984.1500244140625,984.1500244140625,412
2026-09-21 12:33:00+05:30,985.4000244140625,985.5,985.4000244140625,985.5,51
2026-09-21 12:34:00+05:30,985.2999877929688,985.5499877929688,985.2999877929688,985.5499877929688,58
2026-09-21 12:35:00+05:30,985.0,985.3499755859375,985.0,985.0,47
2026-09-21 12:36:00+05:30,985.2999877929688,985.2999877929688,985.2999877929688,985.2999877929688,1
2026-09-21 12:37:00+05:30,985.0999755859375,985.0999755859375,985.0999755859375,985.0999755859375,35
2026-09-21 12:38:00+05:30,984.9000244140625,985.5,984.9000244140625,985.5,49
2026-09-21 12:39:00+05:30,983.0999755859375,984.4000244140625,983.0999755859375,984.2999877929688,198
2026-09-21 12:40:00+05:30,983.5999755859375,983.5999755859375,983.0999755859375,983.0999755859375,29
2026-09-21 12:41:00+05:30,983.0999755859375,983.1500244140625,983.0999755859375,983.1500244140625,321
2026-09-21 12:42:00+05:30,983.0999755859375,983.2000122070312,983.0999755859375,983.2000122070312,27
2026-09-21 12:43:00+05:30,983.0,983.0999755859375,983.0,983.0999755859375,26
2026-09-21 12:44:00+05:30,983.0,983.0,983.0,983.0,48
2026-09-21 12:45:00+05:30,983.0,983.0,983.0,983.0,3
2026-09-21 12:52:00+05:30,982.6500244140625,982.6500244140625,982.6500244140625,982.6500244140625,20
2026-09-21 12:54:00+05:30,982.7999877929688,983.0,982.7999877929688,983.0,21
2026-09-21 12:55:00+05:30,982.7999877929688,982.7999877929688,982.7999877929688,982.7999877929688,4
2026-09-21 12:56:00+05:30,983.0,983.0,983.0,983.0,30
2026-09-21 12:57:00+05:30,982.6500244140625,982.7999877929688,982.6500244140625,982.7999877929688,18
2026-09-21 12:58:00+05:30,983.0,983.0,983.0,983.0,100
2026-09-21 12:59:00+05:30,983.0,983.0,983.0,983.0,5
2026-09-21 13:01:00+05:30,982.0,982.5499877929688,982.0,982.5499877929688,172
2026-09-21 13:02:00+05:30,982.2000122070312,982.5499877929688,982.0,982.5499877929688,419
2026-09-21 13:03:00+05:30,981.2999877929688,981.2999877929688,981.0499877929688,981.25,304
2026-09-21 13:04:00+05:30,981.5,981.5499877929688,981.2000122070312,981.5499877929688,225
2026-09-21 13:05:00+05:30,981.0499877929688,981.7000122070312,981.0499877929688,981.7000122070312,165
2026-09-21 13:06:00+05:30,981.5,981.5,981.5,981.5,3
2026-09-21 13:07:00+05:30,981.1500244140625,981.75,981.1500244140625,981.75,129
2026-09-21 13:08:00+05:30,981.1500244140625,981.1500244140625,981.1500244140625,981.1500244140625,105
2026-09-21 13:10:00+05:30,981.0,981.2000122070312,981.0,981.2000122070312,72
2026-09-21 13:11:00+05:30,980.2999877929688,981.0,980.2999877929688,981.0,130
2026-09-21 13:12:00+05:30,980.0,980.0999755859375,979.5999755859375,980.0999755859375,146
2026-09-21 13:13:00+05:30,980.2999877929688,980.4500122070312,980.0,980.0,451
2026-09-21 13:14:00+05:30,980.5,980.5,980.1500244140625,980.5,252
2026-09-21 13:15:00+05:30,980.7999877929688,980.7999877929688,980.5,980.5,618
2026-09-21 13:16:00+05:30,981.0999755859375,981.4000244140625,981.0999755859375,981.4000244140625,253
2026-09-21 13:17:00+05:30,981.1500244140625,981.2000122070312,980.0,981.2000122070312,2242
2026-09-21 13:18:00+05:30,981.3499755859375,981.3499755859375,980.75,980.75,218
2026-09-21 13:19:00+05:30,981.0,981.0,981.0,981.0,150
2026-09-21 13:20:00+05:30,981.0,981.3499755859375,981.0,981.1500244140625,73
2026-09-21 13:21:00+05:30,980.5,980.75,980.5,980.6500244140625,260
2026-09-21 13:27:00+05:30,980.4000244140625,980.4000244140625,980.4000244140625,980.4000244140625,17
2026-09-21 13:28:00+05:30,980.7999877929688,980.7999877929688,980.4000244140625,980.4000244140625,223
2026-09-21 13:29:00+05:30,980.4500122070312,980.7000122070312,980.0,980.5,165
2026-09-21 13:30:00+05:30,980.2999877929688,980.75,980.2999877929688,980.75,92
2026-09-21 13:31:00+05:30,979.6500244140625,980.0,979.6500244140625,980.0,32
2026-09-21 13:32:00+05:30,980.7999877929688,980.7999877929688,980.0,980.0,86
2026-09-21 13:33:00+05:30,981.0,981.0,981.0,981.0,1
2026-09-21 13:34:00+05:30,981.0,981.0,980.7999877929688,980.9000244140625,89
2026-09-21 13:35:00+05:30,980.7999877929688,981.0,980.7999877929688,981.0,49
2026-09-21 13:36:00+05:30,979.9000244140625,980.7000122070312,979.9000244140625,980.5999755859375,180
2026-09-21 13:37:00+05:30,980.2000122070312,980.2000122070312,980.2000122070312,980.2000122070312,10
2026-09-21 13:38:00+05:30,979.5999755859375,979.5999755859375,979.5,979.5,254
2026-09-21 13:40:00+05:30,980.2999877929688,980.2999877929688,980.2000122070312,980.2000122070312,17
2026-09-21 13:41:00+05:30,980.1500244140625,980.1500244140625,980.1500244140625,980.1500244140625,5
2026-09-21 13:42:00+05:30,979.9000244140625,979.9000244140625,979.9000244140625,979.9000244140625,17
2026-09-21 13:44:00+05:30,979.9000244140625,980.2000122070312,979.9000244140625,980.0,14
2026-09-21 13:45:00+05:30,979.9000244140625,979.9000244140625,979.9000244140625,979.9000244140625,7
2026-09-21 13:46:00+05:30,979.5,979.9000244140625,979.5,979.9000244140625,445
2026-09-21 13:48:00+05:30,979.1500244140625,979.2999877929688,979.1500244140625,979.2999877929688,7
2026-09-21 13:49:00+05:30,979.7999877929688,979.9000244140625,979.25,979.25,55
2026-09-21 13:50:00+05:30,980.0,980.0,980.0,980.0,15
2026-09-21 13:52:00+05:30,979.7000122070312,980.1500244140625,979.6500244140625,979.6500244140625,24
2026-09-21 13:55:00+05:30,979.7999877929688,979.8499755859375,979.25,979.25,47
2026-09-21 13:56:00+05:30,980.2000122070312,980.2000122070312,979.7000122070312,979.7000122070312,35
2026-09-21 13:57:00+05:30,981.5,981.5,979.7000122070312,979.7000122070312,1341
2026-09-21 13:58:00+05:30,981.9500122070312,982.0,981.5,981.5,231
2026-09-21 13:59:00+05:30,981.9500122070312,981.9500122070312,981.5999755859375,981.5999755859375,12
2026-09-21 14:00:00+05:30,981.6500244140625,981.9500122070312,981.5999755859375,981.9000244140625,88
2026-09-21 14:01:00+05:30,981.2999877929688,981.4000244140625,981.2999877929688,981.4000244140625,23
2026-09-21 14:02:00+05:30,981.3499755859375,981.3499755859375,981.3499755859375,981.3499755859375,50
2026-09-21 14:03:00+05:30,981.4000244140625,981.4000244140625,981.4000244140625,981.4000244140625,24
2026-09-21 14:04:00+05:30,981.8499755859375,981.8499755859375,981.4500122070312,981.7000122070312,31
2026-09-21 14:07:00+05:30,981.4000244140625,981.4000244140625,981.4000244140625,981.4000244140625,14
2026-09-21 14:08:00+05:30,981.2000122070312,981.2999877929688,981.0,981.2000122070312,108
2026-09-21 14:10:00+05:30,980.5,980.5,980.5,980.5,30
2026-09-21 14:11:00+05:30,980.7999877929688,980.7999877929688,980.4000244140625,980.4000244140625,25
2026-09-21 14:13:00+05:30,980.9000244140625,980.9000244140625,980.9000244140625,980.9000244140625,10
2026-09-21 14:14:00+05:30,980.0999755859375,980.7000122070312,980.0999755859375,980.7000122070312,98
2026-09-21 14:15:00+05:30,980.6500244140625,980.6500244140625,980.1500244140625,980.4000244140625,115
2026-09-21 14:16:00+05:30,980.1500244140625,980.1500244140625,980.0,980.0,25
2026-09-21 14:17:00+05:30,980.4000244140625,980.4000244140625,980.4000244140625,980.4000244140625,23
2026-09-21 14:19:00+05:30,980.6500244140625,980.6500244140625,980.6500244140625,980.6500244140625,100
2026-09-21 14:20:00+05:30,980.0,980.7000122070312,980.0,980.6500244140625,136
2026-09-21 14:21:00+05:30,979.7000122070312,980.0,979.5999755859375,980.0,234
2026-09-21 14:22:00+05:30,979.4500122070312,979.5999755859375,979.2000122070312,979.5999755859375,343
2026-09-21 14:23:00+05:30,979.5999755859375,979.5999755859375,978.8499755859375,979.0,157
2026-09-21 14:24:00+05:30,978.7999877929688,979.0,978.7999877929688,979.0,210
2026-09-21 14:25:00+05:30,978.5999755859375,979.0,978.5999755859375,978.9000244140625,42
2026-09-21 14:26:00+05:30,978.5,978.5,978.0,978.0,552
2026-09-21 14:27:00+05:30,978.5499877929688,978.7000122070312,978.2000122070312,978.7000122070312,25
2026-09-21 14:28:00+05:30,978.2999877929688,978.2999877929688,978.2999877929688,978.2999877929688,2
2026-09-21 14:29:00+05:30,978.0,978.2000122070312,978.0,978.2000122070312,354
2026-09-21 14:30:00+05:30,977.5999755859375,978.0499877929688,977.5999755859375,978.0,475
2026-09-21 14:31:00+05:30,977.5999755859375,978.0,977.5999755859375,977.5999755859375,1167
2026-09-21 14:32:00+05:30,978.0,978.0,977.5999755859375,977.6500244140625,230
2026-09-21 14:33:00+05:30,978.5499877929688,978.5499877929688,978.0,978.0,255
2026-09-21 14:34:00+05:30,977.9500122070312,977.9500122070312,977.9500122070312,977.9500122070312,7
2026-09-21 14:35:00+05:30,978.0,978.0499877929688,977.5999755859375,978.0499877929688,249
2026-09-21 14:36:00+05:30,978.2000122070312,978.2000122070312,978.0,978.0,84
2026-09-21 14:37:00+05:30,978.0,978.4500122070312,978.0,978.4500122070312,94
2026-09-21 14:38:00+05:30,978.7000122070312,978.7000122070312,978.0999755859375,978.0999755859375,69
2026-09-21 14:39:00+05:30,978.5999755859375,978.9000244140625,978.5999755859375,978.9000244140625,186
2026-09-21 14:40:00+05:30,978.4000244140625,978.5,978.4000244140625,978.5,21
2026-09-21 14:41:00+05:30,978.5,978.5,978.5,978.5,53
2026-09-21 14:42:00+05:30,978.7000122070312,978.7000122070312,978.3499755859375,978.3499755859375,43
2026-09-21 14:44:00+05:30,978.7999877929688,978.7999877929688,978.7999877929688,978.7999877929688,20
2026-09-21 14:45:00+05:30,978.5499877929688,978.7999877929688,978.5499877929688,978.7999877929688,27
2026-09-21 14:46:00+05:30,978.9000244140625,978.9000244140625,978.9000244140625,978.9000244140625,3
2026-09-21 14:47:00+05:30,977.5,978.5,977.5,978.5,336
2026-09-21 14:48:00+05:30,977.7999877929688,977.7999877929688,977.2999877929688,977.2999877929688,13
2026-09-21 14:49:00+05:30,977.7999877929688,977.7999877929688,977.7999877929688,977.7999877929688,12
2026-09-21 14:50:00+05:30,977.4000244140625,978.0499877929688,977.2999877929688,977.7000122070312,131
2026-09-21 14:51:00+05:30,977.5,977.5,977.2999877929688,977.2999877929688,53
2026-09-21 14:52:00+05:30,977.2999877929688,977.2999877929688,977.2000122070312,977.2000122070312,66
2026-09-21 14:53:00+05:30,977.5,977.5,977.0999755859375,977.4500122070312,205
2026-09-21 14:54:00+05:30,977.5,977.5,977.0,977.4000244140625,161
2026-09-21 14:55:00+05:30,977.0,977.5,977.0,977.4000244140625,108
2026-09-21 14:56:00+05:30,977.2999877929688,977.4000244140625,977.2999877929688,977.4000244140625,18
2026-09-21 14:57:00+05:30,977.2000122070312,977.7999877929688,977.2000122070312,977.5,137
2026-09-21 14:58:00+05:30,977.5499877929688,977.5499877929688,977.5,977.5,73
2026-09-21 15:00:00+05:30,977.4500122070312,977.9000244140625,977.4500122070312,977.5,494
2026-09-21 15:01:00+05:30,977.7000122070312,977.7000122070312,977.7000122070312,977.7000122070312,1
2026-09-21 15:02:00+05:30,978.0,978.0,977.5499877929688,977.5499877929688,126
2026-09-21 15:03:00+05:30,978.0,978.0,978.0,978.0,30
2026-09-21 15:04:00+05:30,977.5999755859375,978.0999755859375,977.5999755859375,978.0999755859375,68
2026-09-21 15:05:00+05:30,977.7000122070312,977.7000122070312,977.4000244140625,977.4000244140625,262
2026-09-21 15:06:00+05:30,978.5,979.5999755859375,977.2000122070312,977.3499755859375,442
2026-09-21 15:07:00+05:30,977.7000122070312,978.2999877929688,977.7000122070312,978.2999877929688,227
2026-09-21 15:08:00+05:30,977.4000244140625,977.4000244140625,977.4000244140625,977.4000244140625,4
2026-09-21 15:09:00+05:30,977.7000122070312,977.7000122070312,976.6500244140625,976.6500244140625,270
2026-09-21 15:10:00+05:30,977.8499755859375,978.0,977.8499755859375,978.0,12
2026-09-21 15:11:00+05:30,976.8499755859375,978.3499755859375,976.8499755859375,978.0,213
2026-09-21 15:12:00+05:30,976.9000244140625,977.0999755859375,976.4500122070312,977.0999755859375,151
2026-09-21 15:13:00+05:30,977.7999877929688,977.7999877929688,976.5,976.5,250
2026-09-21 15:14:00+05:30,978.7000122070312,978.7000122070312,977.5,977.9000244140625,205
2026-09-21 15:29:00+05:30,985.0,985.0,985.0,985.0,66063
2026-09-22 09:15:00+05:30,985.75,986.4000244140625,982.2000122070312,982.2000122070312,738
2026-09-22 09:16:00+05:30,979.0,979.75,979.0,979.75,12097
2026-09-22 09:17:00+05:30,978.7000122070312,979.1500244140625,978.0,979.1500244140625,535
2026-09-22 09:18:00+05:30,979.0499877929688,979.4000244140625,978.7000122070312,978.7000122070312,1389
2026-09-22 09:19:00+05:30,978.5499877929688,979.0,978.5499877929688,979.0,100
2026-09-22 09:20:00+05:30,978.7999877929688,978.7999877929688,978.7999877929688,978.7999877929688,8
2026-09-22 09:21:00+05:30,980.0,980.0,979.0,979.0,273
2026-09-22 09:22:00+05:30,979.8499755859375,979.8499755859375,979.5999755859375,979.5999755859375,45
2026-09-22 09:23:00+05:30,980.7999877929688,980.8499755859375,980.6500244140625,980.6500244140625,483
2026-09-22 09:24:00+05:30,980.7000122070312,980.75,980.7000122070312,980.75,11
2026-09-22 09:25:00+05:30,980.0,980.4000244140625,980.0,980.4000244140625,514
2026-09-22 09:26:00+05:30,980.0,980.0,980.0,980.0,5
2026-09-22 09:27:00+05:30,979.4000244140625,979.9000244140625,979.4000244140625,979.7999877929688,182
2026-09-22 09:28:00+05:30,980.25,980.25,979.4500122070312,979.4500122070312,211
2026-09-22 09:29:00+05:30,979.7999877929688,980.25,979.7999877929688,979.8499755859375,213
2026-09-22 09:30:00+05:30,979.0,979.5,979.0,979.0499877929688,122
2026-09-22 09:31:00+05:30,978.7000122070312,979.1500244140625,978.7000122070312,979.0,48
2026-09-22 09:32:00+05:30,977.75,979.0,977.5499877929688,979.0,244
2026-09-22 09:33:00+05:30,977.5999755859375,977.75,977.1500244140625,977.75,69
2026-09-22 09:34:00+05:30,978.0999755859375,978.0999755859375,977.2000122070312,977.2000122070312,206
2026-09-22 09:35:00+05:30,977.2000122070312,978.2999877929688,977.2000122070312,978.2999877929688,562
2026-09-22 09:36:00+05:30,977.7999877929688,977.7999877929688,977.2000122070312,977.2999877929688,110
2026-09-22 09:37:00+05:30,978.2000122070312,978.2999877929688,977.8499755859375,978.0999755859375,196
2026-09-22 09:38:00+05:30,978.5999755859375,978.5999755859375,978.4000244140625,978.4000244140625,6
2026-09-22 09:39:00+05:30,977.8499755859375,978.5,977.8499755859375,978.1500244140625,455
2026-09-22 09:40:00+05:30,978.4000244140625,978.8499755859375,978.4000244140625,978.8499755859375,419
2026-09-22 09:41:00+05:30,978.9000244140625,979.0,978.7000122070312,978.7000122070312,85
2026-09-22 09:42:00+05:30,979.25,979.25,978.75,979.2000122070312,91
2026-09-22 09:43:00+05:30,979.2999877929688,979.2999877929688,978.9000244140625,978.9000244140625,85
2026-09-22 09:44:00+05:30,979.25,979.5999755859375,979.25,979.5,955
2026-09-22 09:45:00+05:30,979.1500244140625,979.1500244140625,978.6500244140625,979.0,131
2026-09-22 09:46:00+05:30,978.5999755859375,979.0,978.5999755859375,979.0,21
2026-09-22 09:47:00+05:30,978.2999877929688,978.7999877929688,978.2999877929688,978.7999877929688,15
2026-09-22 09:48:00+05:30,978.25,978.5999755859375,978.25,978.2999877929688,24
2026-09-22 09:49:00+05:30,978.7999877929688,978.7999877929688,978.2999877929688,978.4000244140625,88
2026-09-22 09:50:00+05:30,978.2000122070312,978.7999877929688,978.2000122070312,978.7999877929688,343
2026-09-22 09:51:00+05:30,978.5499877929688,978.5499877929688,978.0,978.0,66
2026-09-22 09:52:00+05:30,977.7999877929688,977.8499755859375,977.2999877929688,977.8499755859375,314
2026-09-22 09:53:00+05:30,977.7999877929688,977.7999877929688,977.7999877929688,977.7999877929688,100
2026-09-22 09:54:00+05:30,977.7999877929688,977.7999877929688,977.7999877929688,977.7999877929688,36
2026-09-22 09:55:00+05:30,977.7999877929688,977.7999877929688,977.5,977.5,15
2026-09-22 09:56:00+05:30,978.0,978.0,977.5999755859375,977.7999877929688,113
2026-09-22 09:57:00+05:30,977.5,978.0,977.1500244140625,978.0,169
2026-09-22 09:58:00+05:30,977.5999755859375,977.5999755859375,977.1500244140625,977.4000244140625,19
2026-09-22 09:59:00+05:30,977.5,977.5999755859375,977.5,977.5999755859375,3
2026-09-22 10:00:00+05:30,977.0,977.5,976.5999755859375,977.5,1215
2026-09-22 10:01:00+05:30,977.25,977.2999877929688,977.25,977.2999877929688,20
2026-09-22 10:02:00+05:30,977.0999755859375,977.0999755859375,977.0999755859375,977.0999755859375,200
2026-09-22 10:03:00+05:30,977.4000244140625,977.4000244140625,977.0999755859375,977.2000122070312,187
2026-09-22 10:04:00+05:30,978.2000122070312,978.2000122070312,977.5,977.5,23
2026-09-22 10:05:00+05:30,978.2999877929688,978.5,978.0,978.0,427
2026-09-22 10:06:00+05:30,976.5,978.4000244140625,976.5,978.2999877929688,936
2026-09-22 10:07:00+05:30,976.8499755859375,977.0499877929688,976.0,976.5,728
2026-09-22 10:08:00+05:30,976.5999755859375,976.6500244140625,976.5499877929688,976.6500244140625,42
2026-09-22 10:09:00+05:30,976.0,976.5,976.0,976.5,105
2026-09-22 10:10:00+05:30,976.0999755859375,976.2000122070312,976.0,976.2000122070312,116
2026-09-22 10:11:00+05:30,976.0499877929688,976.7999877929688,976.0499877929688,976.7999877929688,497
2026-09-22 10:12:00+05:30,976.0499877929688,976.5999755859375,976.0499877929688,976.5,590
2026-09-22 10:13:00+05:30,976.7000122070312,976.7000122070312,976.7000122070312,976.7000122070312,2
2026-09-22 10:14:00+05:30,976.5,976.5,976.5,976.5,1
2026-09-22 10:15:00+05:30,976.0999755859375,976.4000244140625,976.0499877929688,976.0499877929688,88
2026-09-22 10:16:00+05:30,976.7000122070312,976.9500122070312,976.7000122070312,976.9500122070312,114
2026-09-22 10:17:00+05:30,976.5499877929688,977.0,976.5499877929688,976.7000122070312,22
2026-09-22 10:18:00+05:30,977.0,977.0,976.5,976.9000244140625,68
2026-09-22 10:19:00+05:30,977.2999877929688,977.5,977.2000122070312,977.2000122070312,462
2026-09-22 10:20:00+05:30,976.7000122070312,977.4000244140625,976.7000122070312,977.4000244140625,395
2026-09-22 10:21:00+05:30,976.5499877929688,977.0,976.5499877929688,976.7999877929688,297
2026-09-22 10:24:00+05:30,977.4000244140625,977.4000244140625,977.0,977.0,7
2026-09-22 10:25:00+05:30,977.4000244140625,977.4000244140625,977.3499755859375,977.3499755859375,8
2026-09-22 10:26:00+05:30,976.8499755859375,977.4000244140625,976.8499755859375,977.4000244140625,76
2026-09-22 10:27:00+05:30,977.2999877929688,977.2999877929688,977.2999877929688,977.2999877929688,2
2026-09-22 10:28:00+05:30,977.5,977.5,977.5,977.5,8
2026-09-22 10:29:00+05:30,977.5,977.5,977.0,977.4500122070312,53
2026-09-22 10:30:00+05:30,977.0499877929688,977.0499877929688,977.0,977.0,52
2026-09-22 10:31:00+05:30,977.2000122070312,977.2000122070312,976.8499755859375,977.0499877929688,39
2026-09-22 10:32:00+05:30,977.2000122070312,977.2000122070312,976.7999877929688,977.2000122070312,41
2026-09-22 10:34:00+05:30,977.0,977.0,977.0,977.0,10
2026-09-22 10:35:00+05:30,977.2000122070312,977.2000122070312,977.2000122070312,977.2000122070312,1
2026-09-22 10:36:00+05:30,977.0499877929688,977.0499877929688,977.0,977.0,53
2026-09-22 10:37:00+05:30,977.0,977.2000122070312,977.0,977.0499877929688,67
2026-09-22 10:39:00+05:30,977.0,977.0,977.0,977.0,123
2026-09-22 10:40:00+05:30,977.0,977.0,976.9500122070312,977.0,257
2026-09-22 10:41:00+05:30,977.0,977.0,977.0,977.0,21
2026-09-22 10:42:00+05:30,977.0999755859375,977.0999755859375,977.0,977.0,5
2026-09-22 10:43:00+05:30,977.9000244140625,977.9000244140625,977.2999877929688,977.2999877929688,124
2026-09-22 10:45:00+05:30,977.4000244140625,977.4000244140625,977.4000244140625,977.4000244140625,50
2026-09-22 10:46:00+05:30,976.7000122070312,976.7000122070312,976.7000122070312,976.7000122070312,1
2026-09-22 10:47:00+05:30,977.4000244140625,977.4000244140625,977.4000244140625,977.4000244140625,1
2026-09-22 10:48:00+05:30,976.75,977.0,976.75,977.0,322
2026-09-22 10:49:00+05:30,976.7000122070312,976.7000122070312,976.7000122070312,976.7000122070312,10
2026-09-22 10:50:00+05:30,976.0,976.7000122070312,976.0,976.7000122070312,243
2026-09-22 10:51:00+05:30,975.6500244140625,976.0,975.6500244140625,976.0,302
2026-09-22 10:52:00+05:30,975.5999755859375,975.5999755859375,975.5999755859375,975.5999755859375,30
2026-09-22 10:53:00+05:30,976.0,976.0,976.0,976.0,82
2026-09-22 10:54:00+05:30,976.2999877929688,976.2999877929688,975.7999877929688,975.7999877929688,11
2026-09-22 10:55:00+05:30,976.0,976.2999877929688,976.0,976.2999877929688,6
2026-09-22 10:56:00+05:30,974.25,975.5999755859375,974.25,975.5999755859375,1084
2026-09-22 10:57:00+05:30,974.4000244140625,974.4000244140625,974.4000244140625,974.4000244140625,49
2026-09-22 10:58:00+05:30,974.5999755859375,974.7999877929688,974.2000122070312,974.7999877929688,42
2026-09-22 10:59:00+05:30,974.2000122070312,974.2000122070312,974.2000122070312,974.2000122070312,138
2026-09-22 11:00:00+05:30,974.0,974.2000122070312,974.0,974.2000122070312,270
2026-09-22 11:01:00+05:30,973.0,973.75,973.0,973.4000244140625,175
2026-09-22 11:02:00+05:30,972.6500244140625,973.0999755859375,972.6500244140625,973.0999755859375,84
2026-09-22 11:03:00+05:30,973.2999877929688,973.2999877929688,973.0,973.0,8
2026-09-22 11:04:00+05:30,973.2000122070312,973.2000122070312,973.2000122070312,973.2000122070312,1
2026-09-22 11:05:00+05:30,972.7000122070312,972.7999877929688,972.4000244140625,972.7999877929688,132
2026-09-22 11:06:00+05:30,972.7999877929688,972.7999877929688,972.7999877929688,972.7999877929688,185
2026-09-22 11:07:00+05:30,973.2999877929688,973.2999877929688,972.7000122070312,972.7000122070312,277
2026-09-22 11:08:00+05:30,973.2000122070312,973.4000244140625,973.2000122070312,973.4000244140625,40
2026-09-22 11:09:00+05:30,973.5999755859375,973.5999755859375,973.2000122070312,973.2000122070312,793
2026-09-22 11:10:00+05:30,973.9500122070312,973.9500122070312,973.7999877929688,973.7999877929688,12
2026-09-22 11:11:00+05:30,973.9000244140625,973.9000244140625,973.9000244140625,973.9000244140625,17
2026-09-22 11:12:00+05:30,973.7999877929688,973.9000244140625,973.5,973.9000244140625,29
2026-09-22 11:13:00+05:30,973.7999877929688,973.7999877929688,973.25,973.25,506
2026-09-22 11:14:00+05:30,973.7000122070312,974.3499755859375,973.5,973.5,115
2026-09-22 11:15:00+05:30,973.7999877929688,973.7999877929688,973.75,973.75,128
2026-09-22 11:17:00+05:30,973.7999877929688,974.4000244140625,973.7999877929688,974.4000244140625,30
2026-09-22 11:18:00+05:30,973.7999877929688,973.7999877929688,973.7999877929688,973.7999877929688,17
2026-09-22 11:19:00+05:30,973.7999877929688,973.7999877929688,973.5,973.5,3
2026-09-22 11:20:00+05:30,973.3499755859375,973.7999877929688,973.0,973.7999877929688,178
2026-09-22 11:21:00+05:30,972.9500122070312,972.9500122070312,972.9500122070312,972.9500122070312,12
2026-09-22 11:22:00+05:30,972.9500122070312,972.9500122070312,972.9500122070312,972.9500122070312,1
2026-09-22 11:23:00+05:30,973.4000244140625,973.4000244140625,973.4000244140625,973.4000244140625,2
2026-09-22 11:24:00+05:30,972.9500122070312,973.4000244140625,972.9500122070312,973.3499755859375,32
2026-09-22 11:25:00+05:30,973.2999877929688,973.4500122070312,972.9500122070312,972.9500122070312,68
2026-09-22 11:26:00+05:30,972.7000122070312,973.2999877929688,972.7000122070312,973.2999877929688,156
2026-09-22 11:27:00+05:30,972.9000244140625,972.9000244140625,972.9000244140625,972.9000244140625,26
2026-09-22 11:28:00+05:30,972.9000244140625,972.9000244140625,972.9000244140625,972.9000244140625,89
2026-09-22 11:29:00+05:30,972.7999877929688,972.9000244140625,972.7999877929688,972.9000244140625,163
2026-09-22 11:30:00+05:30,972.7999877929688,972.7999877929688,972.7999877929688,972.7999877929688,7
2026-09-22 11:31:00+05:30,972.7999877929688,972.7999877929688,972.5999755859375,972.7999877929688,108
2026-09-22 11:32:00+05:30,972.0999755859375,972.5999755859375,972.0499877929688,972.5999755859375,260
2026-09-22 11:33:00+05:30,972.0499877929688,972.5,972.0499877929688,972.5,22
2026-09-22 11:34:00+05:30,971.5999755859375,972.0,971.5999755859375,972.0,281
2026-09-22 11:36:00+05:30,971.8499755859375,971.8499755859375,971.2999877929688,971.3499755859375,905
2026-09-22 11:37:00+05:30,971.7000122070312,972.2000122070312,971.5,971.5,2031
2026-09-22 11:38:00+05:30,972.4000244140625,972.7999877929688,971.9000244140625,971.9000244140625,24
2026-09-22 11:39:00+05:30,970.5999755859375,972.4000244140625,970.5999755859375,972.4000244140625,60
2026-09-22 11:40:00+05:30,970.3499755859375,970.5999755859375,970.3499755859375,970.5999755859375,125
2026-09-22 11:41:00+05:30,971.0,971.0,971.0,971.0,46
2026-09-22 11:42:00+05:30,971.0,971.0,970.5,970.9500122070312,23
2026-09-22 11:43:00+05:30,970.9000244140625,971.0,970.4500122070312,971.0,25
2026-09-22 11:44:00+05:30,970.9000244140625,970.9000244140625,970.9000244140625,970.9000244140625,25
2026-09-22 11:45:00+05:30,970.4000244140625,970.9000244140625,970.4000244140625,970.9000244140625,178
2026-09-22 11:46:00+05:30,970.4000244140625,971.0,970.4000244140625,970.9000244140625,92
2026-09-22 11:47:00+05:30,969.4000244140625,970.0499877929688,969.4000244140625,970.0499877929688,874
2026-09-22 11:48:00+05:30,969.7999877929688,969.7999877929688,969.5,969.7999877929688,273
2026-09-22 11:49:00+05:30,969.4500122070312,969.4500122070312,969.4500122070312,969.4500122070312,10
2026-09-22 11:50:00+05:30,969.25,969.7999877929688,969.25,969.3499755859375,136
2026-09-22 11:51:00+05:30,968.4000244140625,969.0,968.4000244140625,969.0,566
2026-09-22 11:52:00+05:30,968.5999755859375,968.5999755859375,968.0,968.4000244140625,293
2026-09-22 11:53:00+05:30,968.4000244140625,968.5,968.0,968.2999877929688,57
2026-09-22 11:54:00+05:30,967.5999755859375,968.4000244140625,967.4000244140625,968.4000244140625,648
2026-09-22 11:55:00+05:30,967.2999877929688,967.2999877929688,967.2000122070312,967.2000122070312,83
2026-09-22 11:56:00+05:30,967.7999877929688,967.8499755859375,967.4000244140625,967.4000244140625,36
2026-09-22 11:57:00+05:30,967.7999877929688,967.7999877929688,967.7999877929688,967.7999877929688,18
2026-09-22 11:58:00+05:30,968.0,968.0,967.7999877929688,967.7999877929688,182
2026-09-22 11:59:00+05:30,968.2000122070312,968.2000122070312,967.75,968.0,24
2026-09-22 12:00:00+05:30,968.4000244140625,968.4000244140625,968.4000244140625,968.4000244140625,3
2026-09-22 12:01:00+05:30,968.0,968.4000244140625,968.0,968.4000244140625,2033
2026-09-22 12:02:00+05:30,968.2000122070312,968.25,967.8499755859375,968.0,31
2026-09-22 12:03:00+05:30,968.2000122070312,968.2000122070312,967.7999877929688,967.7999877929688,11
2026-09-22 12:04:00+05:30,968.2000122070312,968.3499755859375,967.7999877929688,967.8499755859375,102
2026-09-22 12:05:00+05:30,968.2000122070312,968.3499755859375,967.8499755859375,968.3499755859375,22
2026-09-22 12:06:00+05:30,968.0,968.0,967.8499755859375,967.8499755859375,81
2026-09-22 12:07:00+05:30,968.4000244140625,968.4000244140625,968.0999755859375,968.0999755859375,46
2026-09-22 12:08:00+05:30,968.5,968.5,968.5,968.5,10
2026-09-22 12:09:00+05:30,968.5999755859375,968.5999755859375,968.5,968.5999755859375,86
2026-09-22 12:11:00+05:30,967.9000244140625,968.4000244140625,967.75,968.4000244140625,764
2026-09-22 12:12:00+05:30,967.7999877929688,967.9000244140625,967.7999877929688,967.9000244140625,6
2026-09-22 12:13:00+05:30,968.2000122070312,968.2000122070312,968.2000122070312,968.2000122070312,1
2026-09-22 12:14:00+05:30,968.2999877929688,968.2999877929688,967.8499755859375,968.2000122070312,112
2026-09-22 12:15:00+05:30,968.0999755859375,968.0999755859375,967.8499755859375,967.9500122070312,135
2026-09-22 12:16:00+05:30,968.0,968.4500122070312,968.0,968.2999877929688,14
2026-09-22 12:17:00+05:30,968.2000122070312,968.2000122070312,968.2000122070312,968.2000122070312,26
2026-09-22 12:18:00+05:30,967.9500122070312,968.0,967.9000244140625,968.0,1106
2026-09-22 12:19:00+05:30,968.7000122070312,968.7000122070312,968.5999755859375,968.5999755859375,111
2026-09-22 12:20:00+05:30,969.2000122070312,969.2000122070312,969.2000122070312,969.2000122070312,30
2026-09-22 12:21:00+05:30,969.7000122070312,969.7000122070312,969.3499755859375,969.4000244140625,16
2026-09-22 12:22:00+05:30,969.0999755859375,969.7999877929688,969.0999755859375,969.2000122070312,107
2026-09-22 12:23:00+05:30,969.0,969.0999755859375,969.0,969.0999755859375,103
2026-09-22 12:24:00+05:30,969.0999755859375,969.0999755859375,968.9000244140625,969.0,332
2026-09-22 12:25:00+05:30,969.2000122070312,969.2000122070312,969.2000122070312,969.2000122070312,1
2026-09-22 12:26:00+05:30,969.25,969.25,968.9500122070312,969.0,16
2026-09-22 12:27:00+05:30,969.2000122070312,969.2000122070312,969.2000122070312,969.2000122070312,3
2026-09-22 12:28:00+05:30,969.2999877929688,969.2999877929688,969.0499877929688,969.0499877929688,66
2026-09-22 12:29:00+05:30,969.0499877929688,969.5999755859375,969.0499877929688,969.5999755859375,61
2026-09-22 12:30:00+05:30,969.4000244140625,969.4000244140625,969.4000244140625,969.4000244140625,7
2026-09-22 12:31:00+05:30,969.4000244140625,969.4000244140625,969.2000122070312,969.2000122070312,42
2026-09-22 12:32:00+05:30,969.5,969.5,969.4000244140625,969.4000244140625,10
2026-09-22 12:33:00+05:30,969.5,969.5,969.5,969.5,1
2026-09-22 12:34:00+05:30,969.5,969.5,969.5,969.5,2
2026-09-22 12:35:00+05:30,969.0499877929688,969.0499877929688,969.0499877929688,969.0499877929688,23
2026-09-22 12:36:00+05:30,969.4000244140625,969.5,969.4000244140625,969.5,71
2026-09-22 12:37:00+05:30,968.9500122070312,969.0,968.4000244140625,969.0,392
2026-09-22 12:38:00+05:30,968.4000244140625,968.9000244140625,968.4000244140625,968.9000244140625,301
2026-09-22 12:39:00+05:30,968.4000244140625,968.4000244140625,968.4000244140625,968.4000244140625,21
2026-09-22 12:40:00+05:30,968.4000244140625,968.4000244140625,968.4000244140625,968.4000244140625,10
2026-09-22 12:41:00+05:30,968.5,968.7000122070312,968.5,968.5999755859375,138
2026-09-22 12:43:00+05:30,968.9000244140625,968.9000244140625,968.9000244140625,968.9000244140625,6
2026-09-22 12:44:00+05:30,968.5999755859375,968.9000244140625,968.5999755859375,968.7999877929688,23
2026-09-22 12:45:00+05:30,967.7999877929688,969.0,967.7999877929688,969.0,415
2026-09-22 12:46:00+05:30,968.2000122070312,968.2000122070312,967.7999877929688,968.0,405
2026-09-22 12:47:00+05:30,968.0,968.0,968.0,968.0,5
2026-09-22 12:48:00+05:30,968.0,968.0,968.0,968.0,5
2026-09-22 12:49:00+05:30,968.0,968.0999755859375,968.0,968.0999755859375,5
2026-09-22 12:50:00+05:30,968.2000122070312,968.4000244140625,968.2000122070312,968.4000244140625,2
2026-09-22 12:51:00+05:30,968.2000122070312,968.3499755859375,968.2000122070312,968.3499755859375,22
2026-09-22 12:52:00+05:30,967.75,968.0999755859375,967.75,968.0,383
2026-09-22 12:53:00+05:30,969.4000244140625,969.4000244140625,968.0,968.0999755859375,74
2026-09-22 12:54:00+05:30,968.4000244140625,968.4000244140625,968.4000244140625,968.4000244140625,3
2026-09-22 12:55:00+05:30,968.5499877929688,968.5499877929688,968.5499877929688,968.5499877929688,28
2026-09-22 12:56:00+05:30,968.5499877929688,968.5499877929688,968.5499877929688,968.5499877929688,10
2026-09-22 12:57:00+05:30,968.4000244140625,968.7000122070312,968.0999755859375,968.0999755859375,252
2026-09-22 12:58:00+05:30,968.9000244140625,968.9000244140625,968.9000244140625,968.9000244140625,7
2026-09-22 12:59:00+05:30,968.5999755859375,969.1500244140625,968.5999755859375,969.1500244140625,41
2026-09-22 13:00:00+05:30,969.2999877929688,969.2999877929688,969.0,969.0,122
2026-09-22 13:01:00+05:30,969.0,969.0,968.8499755859375,968.8499755859375,177
2026-09-22 13:02:00+05:30,969.2000122070312,969.2000122070312,969.2000122070312,969.2000122070312,6
2026-09-22 13:03:00+05:30,969.2000122070312,969.2000122070312,969.2000122070312,969.2000122070312,14
2026-09-22 13:04:00+05:30,969.5999755859375,969.5999755859375,969.1500244140625,969.5,34
2026-09-22 13:05:00+05:30,969.5,969.6500244140625,969.5,969.5999755859375,107
2026-09-22 13:06:00+05:30,969.2999877929688,969.2999877929688,969.2999877929688,969.2999877929688,50
2026-09-22 13:07:00+05:30,969.4500122070312,969.9000244140625,969.4500122070312,969.9000244140625,7
2026-09-22 13:08:00+05:30,969.9000244140625,969.9000244140625,969.9000244140625,969.9000244140625,12
2026-09-22 13:09:00+05:30,970.0,970.0,969.5,970.0,118
2026-09-22 13:10:00+05:30,969.5,970.0,969.5,970.0,31
2026-09-22 13:11:00+05:30,970.0999755859375,970.0999755859375,969.9500122070312,969.9500122070312,228
2026-09-22 13:12:00+05:30,970.5999755859375,970.6500244140625,969.9500122070312,970.2000122070312,535
2026-09-22 13:14:00+05:30,970.75,970.75,970.5,970.6500244140625,41
2026-09-22 13:15:00+05:30,971.3499755859375,971.3499755859375,970.75,970.75,61
2026-09-22 13:16:00+05:30,971.2000122070312,971.2000122070312,971.2000122070312,971.2000122070312,15
2026-09-22 13:17:00+05:30,971.2000122070312,971.2000122070312,971.0,971.0,30
2026-09-22 13:18:00+05:30,971.0,971.0,971.0,971.0,10
2026-09-22 13:20:00+05:30,970.0,970.5999755859375,970.0,970.4000244140625,163
2026-09-22 13:21:00+05:30,970.2000122070312,970.2000122070312,970.2000122070312,970.2000122070312,10
2026-09-22 13:22:00+05:30,970.2000122070312,970.2000122070312,970.0999755859375,970.0999755859375,8
2026-09-22 13:23:00+05:30,970.2000122070312,970.2999877929688,970.0999755859375,970.2999877929688,126
2026-09-22 13:24:00+05:30,970.8499755859375,970.8499755859375,970.0999755859375,970.0999755859375,61
2026-09-22 13:25:00+05:30,970.7999877929688,970.7999877929688,970.7999877929688,970.7999877929688,1
2026-09-22 13:26:00+05:30,970.5499877929688,970.8499755859375,970.5499877929688,970.8499755859375,2
2026-09-22 13:27:00+05:30,971.3499755859375,971.3499755859375,970.6500244140625,970.8499755859375,40
2026-09-22 13:28:00+05:30,970.7999877929688,970.9000244140625,970.7999877929688,970.9000244140625,7
2026-09-22 13:29:00+05:30,970.4000244140625,970.4000244140625,970.0,970.0,31
2026-09-22 13:30:00+05:30,970.6500244140625,970.9000244140625,970.6500244140625,970.9000244140625,163
2026-09-22 13:31:00+05:30,970.6500244140625,970.6500244140625,970.6500244140625,970.6500244140625,5
2026-09-22 13:32:00+05:30,970.7000122070312,971.0,970.7000122070312,971.0,2
2026-09-22 13:34:00+05:30,971.0,971.0,970.9000244140625,970.9000244140625,19
2026-09-22 13:35:00+05:30,971.4000244140625,971.4000244140625,970.8499755859375,970.8499755859375,145
2026-09-22 13:36:00+05:30,971.0999755859375,971.3499755859375,970.9000244140625,970.9000244140625,14
2026-09-22 13:37:00+05:30,971.2999877929688,971.4000244140625,971.2999877929688,971.4000244140625,7
2026-09-22 13:38:00+05:30,971.2000122070312,971.5999755859375,971.2000122070312,971.5999755859375,33
2026-09-22 13:39:00+05:30,971.4000244140625,971.4000244140625,971.4000244140625,971.4000244140625,2
2026-09-22 13:40:00+05:30,971.2000122070312,971.5,971.1500244140625,971.1500244140625,131
2026-09-22 13:41:00+05:30,971.5999755859375,971.5999755859375,971.5,971.5,12
2026-09-22 13:42:00+05:30,972.2000122070312,972.2000122070312,971.5999755859375,971.5999755859375,290
2026-09-22 13:43:00+05:30,971.5,972.2999877929688,971.5,972.2999877929688,26
2026-09-22 13:44:00+05:30,971.0999755859375,971.0999755859375,971.0,971.0999755859375,92
2026-09-22 13:45:00+05:30,970.5,970.5,970.5,970.5,253
2026-09-22 13:46:00+05:30,970.4500122070312,970.4500122070312,970.4500122070312,970.4500122070312,55
2026-09-22 13:47:00+05:30,970.0499877929688,970.0499877929688,970.0499877929688,970.0499877929688,10
2026-09-22 13:48:00+05:30,970.1500244140625,970.5,970.0,970.5,95
2026-09-22 13:49:00+05:30,970.2999877929688,970.2999877929688,970.0999755859375,970.0999755859375,21
2026-09-22 13:50:00+05:30,970.4000244140625,970.4000244140625,970.0999755859375,970.0999755859375,9
2026-09-22 13:51:00+05:30,970.0,970.4000244140625,970.0,970.4000244140625,126
2026-09-22 13:52:00+05:30,970.0999755859375,970.0999755859375,970.0999755859375,970.0999755859375,4
2026-09-22 13:54:00+05:30,969.5,969.5999755859375,969.0999755859375,969.5999755859375,302
2026-09-22 13:55:00+05:30,969.7999877929688,969.9000244140625,969.5999755859375,969.7999877929688,19
2026-09-22 13:56:00+05:30,969.5999755859375,969.5999755859375,969.25,969.5,27
2026-09-22 13:57:00+05:30,969.4000244140625,969.5999755859375,969.4000244140625,969.5999755859375,26
2026-09-22 13:58:00+05:30,969.5,969.75,969.5,969.5,10
2026-09-22 13:59:00+05:30,969.5,969.7999877929688,969.5,969.7999877929688,26
2026-09-22 14:00:00+05:30,968.4000244140625,969.4000244140625,968.4000244140625,969.4000244140625,109
2026-09-22 14:01:00+05:30,968.4000244140625,968.5999755859375,968.4000244140625,968.4000244140625,110
2026-09-22 14:02:00+05:30,969.25,969.25,969.0,969.0,2
2026-09-22 14:03:00+05:30,969.0,969.25,969.0,969.25,12
2026-09-22 14:04:00+05:30,969.2000122070312,969.2000122070312,969.2000122070312,969.2000122070312,5
2026-09-22 14:05:00+05:30,969.0,969.0499877929688,968.9000244140625,968.9500122070312,234
2026-09-22 14:06:00+05:30,969.2000122070312,969.2000122070312,968.8499755859375,969.0,42
2026-09-22 14:07:00+05:30,969.4000244140625,969.5,968.7999877929688,968.7999877929688,170
2026-09-22 14:08:00+05:30,969.0499877929688,969.5499877929688,969.0499877929688,969.5499877929688,47
2026-09-22 14:09:00+05:30,969.5499877929688,969.6500244140625,969.5,969.5,26
2026-09-22 14:10:00+05:30,970.0,970.0,970.0,970.0,8
2026-09-22 14:11:00+05:30,970.3499755859375,970.3499755859375,970.0,970.0,34
2026-09-22 14:12:00+05:30,971.4000244140625,971.4000244140625,970.3499755859375,970.3499755859375,236
2026-09-22 14:13:00+05:30,972.0,972.0,971.5,971.5,285
2026-09-22 14:14:00+05:30,974.0,974.0,972.0,972.0,893
2026-09-22 14:15:00+05:30,974.75,975.0,974.75,974.9000244140625,86
2026-09-22 14:16:00+05:30,973.4000244140625,973.4000244140625,972.7999877929688,973.4000244140625,96
2026-09-22 14:17:00+05:30,973.25,973.4000244140625,972.9500122070312,973.4000244140625,578
2026-09-22 14:18:00+05:30,973.25,973.4000244140625,972.6500244140625,973.4000244140625,405
2026-09-22 14:19:00+05:30,973.0999755859375,973.5,972.9000244140625,972.9000244140625,51
2026-09-22 14:20:00+05:30,974.4000244140625,974.4000244140625,972.75,972.9500122070312,122
2026-09-22 14:21:00+05:30,973.9500122070312,974.5999755859375,973.0,974.5999755859375,11055
2026-09-22 14:22:00+05:30,972.9500122070312,973.7000122070312,972.9500122070312,973.1500244140625,20960
2026-09-22 14:23:00+05:30,972.6500244140625,973.1500244140625,972.3499755859375,973.1500244140625,1117
2026-09-22 14:24:00+05:30,973.0499877929688,973.25,972.6500244140625,972.6500244140625,111
2026-09-22 14:25:00+05:30,973.0999755859375,973.4000244140625,973.0999755859375,973.4000244140625,11
2026-09-22 14:26:00+05:30,973.3499755859375,973.3499755859375,973.25,973.25,202
2026-09-22 14:27:00+05:30,973.0499877929688,973.5499877929688,971.9000244140625,971.9000244140625,176
2026-09-22 14:28:00+05:30,973.0999755859375,973.0999755859375,972.9000244140625,972.9000244140625,7
2026-09-22 14:29:00+05:30,972.6500244140625,973.2999877929688,972.6500244140625,973.2999877929688,74
2026-09-22 14:30:00+05:30,972.3499755859375,972.3499755859375,972.3499755859375,972.3499755859375,4
2026-09-22 14:31:00+05:30,972.7000122070312,973.0,972.5,973.0,26
2026-09-22 14:32:00+05:30,972.7000122070312,973.5499877929688,972.7000122070312,973.0,213
2026-09-22 14:33:00+05:30,973.1500244140625,973.1500244140625,973.1500244140625,973.1500244140625,2
2026-09-22 14:34:00+05:30,972.3499755859375,972.7000122070312,972.3499755859375,972.7000122070312,32
2026-09-22 14:35:00+05:30,972.4000244140625,973.0499877929688,972.4000244140625,973.0499877929688,40
2026-09-22 14:36:00+05:30,973.5,973.5,973.0,973.0,29
2026-09-22 14:37:00+05:30,973.0999755859375,973.1500244140625,973.0999755859375,973.1500244140625,3
2026-09-22 14:38:00+05:30,972.6500244140625,973.2000122070312,972.6500244140625,973.0999755859375,46
2026-09-22 14:39:00+05:30,973.0,973.0,972.0,972.3499755859375,22150
2026-09-22 14:40:00+05:30,972.9500122070312,972.9500122070312,972.9500122070312,972.9500122070312,8
2026-09-22 14:41:00+05:30,972.5999755859375,972.5999755859375,972.2999877929688,972.5,4119
2026-09-22 14:42:00+05:30,971.8499755859375,972.0,971.8499755859375,972.0,36
2026-09-22 14:43:00+05:30,972.1500244140625,972.2000122070312,971.8499755859375,971.8499755859375,36
2026-09-22 14:44:00+05:30,972.2999877929688,972.2999877929688,972.2000122070312,972.2000122070312,601
2026-09-22 14:45:00+05:30,972.7999877929688,972.9000244140625,972.2999877929688,972.2999877929688,55
2026-09-22 14:46:00+05:30,972.5999755859375,972.5999755859375,972.3499755859375,972.3499755859375,41
2026-09-22 14:47:00+05:30,972.0,972.5,972.0,972.0499877929688,45
2026-09-22 14:48:00+05:30,972.4000244140625,972.5999755859375,972.0,972.5999755859375,164
2026-09-22 14:49:00+05:30,972.7999877929688,972.7999877929688,972.5999755859375,972.5999755859375,129
2026-09-22 14:50:00+05:30,972.0,972.4500122070312,972.0,972.1500244140625,13
2026-09-22 14:51:00+05:30,971.5499877929688,972.5,971.5499877929688,972.5,47
2026-09-22 14:52:00+05:30,971.75,972.4000244140625,971.75,972.4000244140625,5
2026-09-22 14:53:00+05:30,971.9500122070312,971.9500122070312,971.9500122070312,971.9500122070312,11
2026-09-22 14:54:00+05:30,972.2000122070312,972.2000122070312,972.0,972.0999755859375,41
2026-09-22 14:55:00+05:30,972.0,972.2999877929688,972.0,972.2999877929688,18
2026-09-22 14:56:00+05:30,971.9000244140625,972.2000122070312,971.9000244140625,972.1500244140625,68
2026-09-22 14:57:00+05:30,971.9500122070312,972.1500244140625,971.5,972.0,29
2026-09-22 14:58:00+05:30,971.9000244140625,971.9500122070312,971.4000244140625,971.9500122070312,167
2026-09-22 14:59:00+05:30,971.7999877929688,971.7999877929688,971.0,971.7000122070312,376
2026-09-22 15:00:00+05:30,971.7999877929688,971.7999877929688,971.75,971.75,143
2026-09-22 15:01:00+05:30,971.2999877929688,971.4500122070312,971.0,971.4500122070312,66
2026-09-22 15:02:00+05:30,972.2999877929688,972.6500244140625,971.5,971.5,9
2026-09-22 15:03:00+05:30,973.5499877929688,973.75,972.0499877929688,972.2000122070312,432
2026-09-22 15:04:00+05:30,972.6500244140625,973.25,972.5999755859375,973.25,146
2026-09-22 15:05:00+05:30,973.2999877929688,973.2999877929688,972.2999877929688,972.2999877929688,513
2026-09-22 15:06:00+05:30,974.0,974.0,972.6500244140625,972.6500244140625,841
2026-09-22 15:07:00+05:30,974.4000244140625,974.4000244140625,973.6500244140625,974.2999877929688,501
2026-09-22 15:08:00+05:30,974.2000122070312,974.2999877929688,973.7999877929688,973.7999877929688,36
2026-09-22 15:09:00+05:30,975.4000244140625,975.4000244140625,974.75,974.75,1061
2026-09-22 15:10:00+05:30,975.0499877929688,975.4000244140625,975.0499877929688,975.0499877929688,138
2026-09-22 15:11:00+05:30,975.7000122070312,975.7000122070312,975.0,975.4000244140625,126
2026-09-22 15:12:00+05:30,976.0,976.4500122070312,975.4500122070312,976.4500122070312,10
2026-09-22 15:13:00+05:30,975.2000122070312,976.0,975.2000122070312,976.0,13
2026-09-22 15:14:00+05:30,976.5999755859375,976.5999755859375,975.25,975.3499755859375,80
2026-09-22 15:28:00+05:30,975.0,975.0,975.0,975.0,59
2026-09-23 09:15:00+05:30,983.9500122070312,983.9500122070312,979.3499755859375,980.4000244140625,2712
2026-09-23 09:16:00+05:30,986.2999877929688,987.25,982.7999877929688,982.7999877929688,7944
2026-09-23 09:17:00+05:30,985.0499877929688,986.6500244140625,985.0,986.5,859
2026-09-23 09:18:00+05:30,985.0499877929688,986.2000122070312,985.0,985.5999755859375,954
2026-09-23 09:19:00+05:30,986.2000122070312,986.2000122070312,985.0499877929688,985.7000122070312,630
2026-09-23 09:20:00+05:30,985.9000244140625,986.5,985.1500244140625,985.5999755859375,822
2026-09-23 09:21:00+05:30,985.4500122070312,986.5499877929688,984.4500122070312,986.0,4622
2026-09-23 09:22:00+05:30,984.25,985.4500122070312,984.0,985.4500122070312,3880
2026-09-23 09:23:00+05:30,984.1500244140625,984.1500244140625,983.0,983.6500244140625,1291
2026-09-23 09:24:00+05:30,983.9500122070312,984.4500122070312,983.0499877929688,983.0499877929688,747
2026-09-23 09:25:00+05:30,985.8499755859375,985.8499755859375,984.0,984.0,1525
2026-09-23 09:26:00+05:30,985.4500122070312,985.8499755859375,985.0999755859375,985.7000122070312,241
2026-09-23 09:27:00+05:30,985.0,985.0,984.25,984.9500122070312,587
2026-09-23 09:28:00+05:30,984.4000244140625,985.0,984.2000122070312,985.0,356
2026-09-23 09:29:00+05:30,985.0999755859375,985.0999755859375,984.4000244140625,984.4500122070312,130
2026-09-23 09:30:00+05:30,987.0,987.2999877929688,985.2999877929688,985.2999877929688,3365
2026-09-23 09:31:00+05:30,985.8499755859375,987.0,985.8499755859375,986.9500122070312,566
2026-09-23 09:32:00+05:30,985.9500122070312,986.9500122070312,985.4500122070312,985.9000244140625,2003
2026-09-23 09:33:00+05:30,986.4000244140625,986.4000244140625,985.4000244140625,985.4000244140625,750
2026-09-23 09:34:00+05:30,986.0,986.5,985.4500122070312,986.0,263
2026-09-23 09:35:00+05:30,985.0499877929688,986.0,985.0,986.0,246
2026-09-23 09:36:00+05:30,984.25,985.5,983.75,985.5,982
2026-09-23 09:37:00+05:30,984.0499877929688,984.0499877929688,983.7999877929688,983.7999877929688,56
2026-09-23 09:38:00+05:30,985.0499877929688,985.0499877929688,983.7999877929688,984.2000122070312,263
2026-09-23 09:39:00+05:30,984.7999877929688,985.4500122070312,984.75,985.0499877929688,652
2026-09-23 09:40:00+05:30,984.0,985.2999877929688,984.0,984.7999877929688,2241
2026-09-23 09:41:00+05:30,984.4500122070312,984.7999877929688,983.5999755859375,983.5999755859375,58
2026-09-23 09:42:00+05:30,984.6500244140625,984.6500244140625,983.75,983.75,137
2026-09-23 09:43:00+05:30,984.4000244140625,984.4000244140625,984.4000244140625,984.4000244140625,5
2026-09-23 09:44:00+05:30,984.4000244140625,985.0,984.4000244140625,984.7999877929688,198
2026-09-23 09:45:00+05:30,983.4000244140625,984.5999755859375,983.4000244140625,984.5999755859375,1293
2026-09-23 09:46:00+05:30,982.6500244140625,982.7999877929688,981.7000122070312,982.7999877929688,12117
2026-09-23 09:47:00+05:30,983.0,983.0499877929688,982.1500244140625,983.0499877929688,1050
2026-09-23 09:48:00+05:30,982.5,983.2000122070312,982.0999755859375,983.2000122070312,199
2026-09-23 09:49:00+05:30,980.2999877929688,982.0,980.0,982.0,1854
2026-09-23 09:50:00+05:30,981.4000244140625,981.5999755859375,981.3499755859375,981.5999755859375,107
2026-09-23 09:51:00+05:30,981.0499877929688,981.0999755859375,980.9000244140625,981.0,336
2026-09-23 09:52:00+05:30,980.5999755859375,981.6500244140625,980.5999755859375,981.6500244140625,69
2026-09-23 09:53:00+05:30,978.6500244140625,979.5999755859375,978.6500244140625,979.5999755859375,1296
2026-09-23 09:54:00+05:30,978.75,978.9500122070312,978.0,978.8499755859375,467
2026-09-23 09:55:00+05:30,979.75,979.75,979.0,979.0,417
2026-09-23 09:56:00+05:30,981.25,981.25,979.75,979.75,10677
2026-09-23 09:57:00+05:30,981.4500122070312,981.5999755859375,981.25,981.5999755859375,131
2026-09-23 09:59:00+05:30,981.4500122070312,981.4500122070312,981.0499877929688,981.0499877929688,814
2026-09-23 10:00:00+05:30,981.9500122070312,981.9500122070312,981.9500122070312,981.9500122070312,5
2026-09-23 10:02:00+05:30,982.5999755859375,982.5999755859375,981.75,981.75,820
2026-09-23 10:04:00+05:30,982.7999877929688,982.7999877929688,982.5999755859375,982.5999755859375,21
2026-09-23 10:05:00+05:30,983.7999877929688,983.9000244140625,983.0,983.0,194
2026-09-23 10:06:00+05:30,984.0,984.0,983.7999877929688,983.7999877929688,140
2026-09-23 10:07:00+05:30,983.2999877929688,983.5999755859375,983.2999877929688,983.5999755859375,61
2026-09-23 10:08:00+05:30,982.2000122070312,982.2000122070312,982.0499877929688,982.0499877929688,249
2026-09-23 10:09:00+05:30,982.2000122070312,982.2000122070312,982.2000122070312,982.2000122070312,20
2026-09-23 10:10:00+05:30,982.0,982.8499755859375,981.9000244140625,982.2000122070312,5670
2026-09-23 10:11:00+05:30,982.0,982.4500122070312,982.0,982.4000244140625,464
2026-09-23 10:12:00+05:30,982.7000122070312,982.9500122070312,982.2999877929688,982.9500122070312,43
2026-09-23 10:13:00+05:30,983.2999877929688,983.2999877929688,982.0499877929688,983.0,6119
2026-09-23 10:14:00+05:30,982.9500122070312,983.4000244140625,982.5999755859375,982.5999755859375,655
2026-09-23 10:15:00+05:30,983.2000122070312,983.4500122070312,983.0,983.2000122070312,427
2026-09-23 10:16:00+05:30,982.9500122070312,983.0,982.9500122070312,983.0,107
2026-09-23 10:17:00+05:30,984.0,984.0,982.7999877929688,982.7999877929688,314
2026-09-23 10:18:00+05:30,985.0,985.0,984.5499877929688,984.7000122070312,565
2026-09-23 10:19:00+05:30,985.0,985.0,984.9500122070312,984.9500122070312,812
2026-09-23 10:20:00+05:30,985.0999755859375,985.3499755859375,985.0999755859375,985.3499755859375,2
2026-09-23 10:21:00+05:30,985.5,985.5,985.4500122070312,985.4500122070312,376
2026-09-23 10:22:00+05:30,985.5,985.5,985.5,985.5,175
2026-09-23 10:23:00+05:30,985.2999877929688,985.5,985.2999877929688,985.5,675
2026-09-23 10:24:00+05:30,984.8499755859375,985.5,984.7999877929688,985.5,146
2026-09-23 10:25:00+05:30,985.9000244140625,985.9000244140625,985.25,985.4500122070312,1665
2026-09-23 10:26:00+05:30,985.7999877929688,985.8499755859375,985.25,985.25,280
2026-09-23 10:27:00+05:30,985.3499755859375,985.7999877929688,985.2999877929688,985.2999877929688,72
2026-09-23 10:28:00+05:30,986.5,986.5,985.7999877929688,985.7999877929688,327
2026-09-23 10:29:00+05:30,985.9000244140625,985.9000244140625,985.9000244140625,985.9000244140625,1
2026-09-23 10:30:00+05:30,985.5999755859375,985.5999755859375,985.25,985.25,18
2026-09-23 10:31:00+05:30,985.0,985.4000244140625,985.0,985.25,72
2026-09-23 10:32:00+05:30,985.0,985.0499877929688,985.0,985.0,57
2026-09-23 10:33:00+05:30,985.4000244140625,985.4000244140625,985.2000122070312,985.4000244140625,62
2026-09-23 10:34:00+05:30,985.1500244140625,985.1500244140625,985.1500244140625,985.1500244140625,1
2026-09-23 10:35:00+05:30,986.9500122070312,986.9500122070312,984.9000244140625,985.3499755859375,1538
2026-09-23 10:36:00+05:30,987.0,987.5,986.9000244140625,987.0999755859375,1101
2026-09-23 10:37:00+05:30,986.7999877929688,987.0999755859375,986.4500122070312,986.8499755859375,10
2026-09-23 10:38:00+05:30,986.7999877929688,986.7999877929688,986.7999877929688,986.7999877929688,165
2026-09-23 10:39:00+05:30,986.7999877929688,986.7999877929688,986.5499877929688,986.7999877929688,253
2026-09-23 10:40:00+05:30,987.5,987.5,986.7999877929688,986.7999877929688,725
2026-09-23 10:41:00+05:30,987.9500122070312,988.1500244140625,987.4000244140625,987.4000244140625,606
2026-09-23 10:42:00+05:30,988.7000122070312,988.7000122070312,987.6500244140625,987.6500244140625,306
2026-09-23 10:43:00+05:30,988.7999877929688,988.9000244140625,988.2000122070312,988.6500244140625,1068
2026-09-23 10:44:00+05:30,988.7000122070312,988.7000122070312,988.25,988.2999877929688,234
2026-09-23 10:45:00+05:30,988.5,988.5,988.5,988.5,44
2026-09-23 10:46:00+05:30,988.1500244140625,988.5,988.1500244140625,988.5,112
2026-09-23 10:47:00+05:30,988.0,988.4500122070312,988.0,988.0499877929688,610
2026-09-23 10:48:00+05:30,987.4000244140625,987.7999877929688,986.7999877929688,987.7999877929688,231
2026-09-23 10:49:00+05:30,989.3499755859375,990.0,987.7999877929688,987.7999877929688,13080
2026-09-23 10:50:00+05:30,989.25,989.4500122070312,988.8499755859375,989.4500122070312,153
2026-09-23 10:51:00+05:30,988.75,989.25,988.75,989.25,96
2026-09-23 10:52:00+05:30,989.0,989.0,988.7000122070312,988.7000122070312,77
2026-09-23 10:53:00+05:30,989.0499877929688,989.2000122070312,988.9500122070312,989.2000122070312,2922
2026-09-23 10:54:00+05:30,988.7999877929688,989.2000122070312,988.75,989.2000122070312,264
2026-09-23 10:55:00+05:30,988.75,988.75,988.25,988.2999877929688,78
2026-09-23 10:56:00+05:30,988.5999755859375,988.5999755859375,988.5999755859375,988.5999755859375,61
2026-09-23 10:57:00+05:30,988.3499755859375,988.5,988.0,988.5,129
2026-09-23 10:58:00+05:30,988.4500122070312,988.5999755859375,987.7999877929688,987.7999877929688,2588
2026-09-23 10:59:00+05:30,989.5999755859375,989.5999755859375,988.5499877929688,988.5499877929688,297
2026-09-23 11:00:00+05:30,989.7999877929688,989.9500122070312,989.2999877929688,989.5999755859375,655
2026-09-23 11:01:00+05:30,989.5,989.9000244140625,989.5,989.5,1223
2026-09-23 11:02:00+05:30,989.6500244140625,989.9000244140625,989.5,989.9000244140625,100
2026-09-23 11:03:00+05:30,989.0999755859375,989.6500244140625,989.0999755859375,989.6500244140625,129
2026-09-23 11:04:00+05:30,989.0999755859375,989.4000244140625,989.0999755859375,989.0999755859375,54
2026-09-23 11:05:00+05:30,990.0,990.0,989.0,989.0999755859375,631
2026-09-23 11:06:00+05:30,988.4000244140625,989.6500244140625,987.5,989.4000244140625,1479
2026-09-23 11:07:00+05:30,988.2999877929688,989.0,988.2000122070312,989.0,68
2026-09-23 11:08:00+05:30,987.5,988.0,987.5,988.0,100
2026-09-23 11:09:00+05:30,987.5,987.75,987.2000122070312,987.75,46
2026-09-23 11:10:00+05:30,990.0,990.0,987.6500244140625,987.6500244140625,7810
2026-09-23 11:11:00+05:30,989.5999755859375,989.75,989.0,989.75,48680
2026-09-23 11:12:00+05:30,988.6500244140625,989.0,988.4000244140625,989.0,3561
2026-09-23 11:13:00+05:30,989.75,989.7999877929688,988.25,988.6500244140625,51
2026-09-23 11:14:00+05:30,989.3499755859375,989.7999877929688,989.0,989.3499755859375,18568
2026-09-23 11:15:00+05:30,989.6500244140625,989.7000122070312,989.0,989.5999755859375,11152
2026-09-23 11:16:00+05:30,989.9000244140625,989.9000244140625,989.0,989.7000122070312,11375
2026-09-23 11:17:00+05:30,989.5499877929688,990.0,989.5499877929688,989.9000244140625,113
2026-09-23 11:18:00+05:30,989.5999755859375,989.6500244140625,989.1500244140625,989.6500244140625,51
2026-09-23 11:19:00+05:30,989.3499755859375,989.75,989.1500244140625,989.1500244140625,65
2026-09-23 11:20:00+05:30,989.0499877929688,989.6500244140625,988.6500244140625,989.4000244140625,397
2026-09-23 11:21:00+05:30,988.6500244140625,989.0,988.5499877929688,989.0,53
2026-09-23 11:22:00+05:30,988.9000244140625,989.0,988.3499755859375,988.7000122070312,52
2026-09-23 11:23:00+05:30,989.2999877929688,990.0,989.0499877929688,989.4000244140625,164
2026-09-23 11:24:00+05:30,989.8499755859375,989.9000244140625,989.4000244140625,989.7999877929688,187
2026-09-23 11:25:00+05:30,989.7999877929688,989.7999877929688,989.4500122070312,989.7999877929688,56
2026-09-23 11:26:00+05:30,989.9500122070312,990.0,989.9000244140625,989.9000244140625,107
2026-09-23 11:27:00+05:30,989.7000122070312,989.9500122070312,989.7000122070312,989.9500122070312,18
2026-09-23 11:28:00+05:30,989.75,989.8499755859375,989.0,989.2999877929688,702
2026-09-23 11:29:00+05:30,989.5,990.0,989.2999877929688,989.7000122070312,372
2026-09-23 11:30:00+05:30,989.4000244140625,989.9000244140625,989.4000244140625,989.5,125
2026-09-23 11:31:00+05:30,991.0,991.0,990.2000122070312,990.2000122070312,1357
2026-09-23 11:32:00+05:30,990.7999877929688,991.0999755859375,990.0,991.0999755859375,1205
2026-09-23 11:33:00+05:30,990.0,990.9500122070312,990.0,990.9500122070312,10955
2026-09-23 11:34:00+05:30,990.0,990.0,989.7999877929688,990.0,5134
2026-09-23 11:35:00+05:30,990.0,990.5,989.7999877929688,989.9500122070312,64142
2026-09-23 11:36:00+05:30,989.5999755859375,990.0,989.5999755859375,990.0,4265
2026-09-23 11:37:00+05:30,990.0,990.0,989.4000244140625,989.7999877929688,2881
2026-09-23 11:38:00+05:30,991.2999877929688,991.2999877929688,989.9000244140625,989.9000244140625,15668
2026-09-23 11:39:00+05:30,994.0,994.0,991.8499755859375,991.8499755859375,5162
2026-09-23 11:40:00+05:30,992.7000122070312,994.5499877929688,991.7999877929688,994.5499877929688,3068
2026-09-23 11:41:00+05:30,992.3499755859375,993.0999755859375,992.3499755859375,992.8499755859375,310
2026-09-23 11:42:00+05:30,992.0,992.4500122070312,992.0,992.4500122070312,166
2026-09-23 11:43:00+05:30,991.6500244140625,992.0,991.5999755859375,991.7000122070312,113
2026-09-23 11:44:00+05:30,993.0999755859375,993.0999755859375,991.9000244140625,992.0999755859375,68
2026-09-23 11:45:00+05:30,992.0,993.2000122070312,992.0,992.5999755859375,462
2026-09-23 11:46:00+05:30,991.6500244140625,992.2000122070312,991.6500244140625,992.0,1415
2026-09-23 11:47:00+05:30,991.5,991.5,991.4000244140625,991.4000244140625,51
2026-09-23 11:48:00+05:30,991.5999755859375,991.5999755859375,991.0,991.5999755859375,835
2026-09-23 11:49:00+05:30,991.1500244140625,991.1500244140625,991.0499877929688,991.0499877929688,119
2026-09-23 11:50:00+05:30,991.7999877929688,991.7999877929688,991.25,991.25,44
2026-09-23 11:51:00+05:30,991.5499877929688,992.0,991.5499877929688,991.8499755859375,11
2026-09-23 11:52:00+05:30,991.5999755859375,991.5999755859375,991.5499877929688,991.5499877929688,110
2026-09-23 11:53:00+05:30,991.0499877929688,991.0499877929688,991.0499877929688,991.0499877929688,20
2026-09-23 11:54:00+05:30,991.4500122070312,991.5999755859375,991.0999755859375,991.5999755859375,66
2026-09-23 11:55:00+05:30,991.5499877929688,991.5999755859375,991.5499877929688,991.5499877929688,59
2026-09-23 11:56:00+05:30,991.5,991.5499877929688,990.9500122070312,991.5499877929688,1232
2026-09-23 11:57:00+05:30,991.5499877929688,991.5499877929688,991.1500244140625,991.1500244140625,108
2026-09-23 11:58:00+05:30,991.5,991.5499877929688,991.5,991.5499877929688,62
2026-09-23 11:59:00+05:30,991.5499877929688,992.0,991.5,991.5499877929688,1040
2026-09-23 12:00:00+05:30,992.0999755859375,992.1500244140625,991.4500122070312,992.1500244140625,519
2026-09-23 12:01:00+05:30,992.0,992.0999755859375,991.7000122070312,991.7000122070312,36
2026-09-23 12:02:00+05:30,992.5999755859375,992.5999755859375,992.0,992.0,55
2026-09-23 12:03:00+05:30,993.3499755859375,993.4000244140625,993.0,993.0,58
2026-09-23 12:04:00+05:30,993.3499755859375,993.3499755859375,992.9500122070312,993.3499755859375,173
2026-09-23 12:05:00+05:30,992.9500122070312,993.3499755859375,992.4000244140625,993.3499755859375,136
2026-09-23 12:06:00+05:30,993.0,993.4000244140625,992.4500122070312,992.9000244140625,335
2026-09-23 12:07:00+05:30,994.0,994.0,993.0999755859375,993.0999755859375,259
2026-09-23 12:08:00+05:30,994.7000122070312,995.0,993.7999877929688,994.0,1603
2026-09-23 12:09:00+05:30,994.2000122070312,994.5999755859375,993.5999755859375,994.5999755859375,57
2026-09-23 12:10:00+05:30,993.5499877929688,994.5999755859375,993.5499877929688,994.2000122070312,139
2026-09-23 12:11:00+05:30,994.4000244140625,994.5999755859375,994.0,994.5999755859375,767
2026-09-23 12:12:00+05:30,993.7000122070312,994.4000244140625,993.7000122070312,994.4000244140625,122
2026-09-23 12:13:00+05:30,994.0,994.5499877929688,994.0,994.5499877929688,75
2026-09-23 12:14:00+05:30,994.5999755859375,994.5999755859375,994.0,994.0,123
2026-09-23 12:15:00+05:30,994.0,994.5999755859375,993.5,994.5999755859375,273
2026-09-23 12:16:00+05:30,994.4500122070312,994.5,994.0999755859375,994.0999755859375,57
2026-09-23 12:17:00+05:30,994.5,994.5,994.4000244140625,994.5,45
2026-09-23 12:18:00+05:30,994.5,994.5,994.0499877929688,994.5,58
2026-09-23 12:19:00+05:30,994.3499755859375,994.5,994.0999755859375,994.5,171
2026-09-23 12:20:00+05:30,994.0,994.1500244140625,993.9000244140625,993.9000244140625,3104
2026-09-23 12:21:00+05:30,993.9500122070312,994.2000122070312,993.4500122070312,994.0999755859375,9424
2026-09-23 12:22:00+05:30,994.0,994.0,993.4000244140625,993.8499755859375,213
2026-09-23 12:23:00+05:30,994.0,994.0,993.4500122070312,994.0,4772
2026-09-23 12:24:00+05:30,993.5999755859375,994.0,993.4000244140625,993.4000244140625,13338
2026-09-23 12:25:00+05:30,993.7000122070312,994.0499877929688,993.5999755859375,993.9000244140625,238
2026-09-23 12:26:00+05:30,994.0,994.0,993.5999755859375,994.0,160
2026-09-23 12:27:00+05:30,994.5999755859375,994.7999877929688,993.8499755859375,993.8499755859375,2284
2026-09-23 12:28:00+05:30,993.8499755859375,994.5999755859375,993.5,994.5999755859375,87
2026-09-23 12:29:00+05:30,994.0,994.0,993.7000122070312,993.9500122070312,865
2026-09-23 12:30:00+05:30,994.9000244140625,994.9000244140625,994.0,994.0,460
2026-09-23 12:31:00+05:30,994.25,994.8499755859375,994.0,994.8499755859375,139
2026-09-23 12:32:00+05:30,993.9500122070312,994.1500244140625,993.6500244140625,993.6500244140625,154
2026-09-23 12:33:00+05:30,993.4500122070312,993.9500122070312,993.4500122070312,993.9000244140625,33
2026-09-23 12:34:00+05:30,993.5,993.5,992.5499877929688,993.4500122070312,655
2026-09-23 12:35:00+05:30,992.75,993.1500244140625,992.75,993.0,43
2026-09-23 12:36:00+05:30,992.0,992.75,992.0,992.75,549
2026-09-23 12:37:00+05:30,991.7999877929688,992.6500244140625,991.7999877929688,992.2999877929688,217
2026-09-23 12:38:00+05:30,992.7999877929688,992.7999877929688,992.4500122070312,992.4500122070312,45
2026-09-23 12:39:00+05:30,991.4000244140625,992.4500122070312,990.25,992.4500122070312,471
2026-09-23 12:40:00+05:30,991.0999755859375,991.4000244140625,990.9500122070312,990.9500122070312,165
2026-09-23 12:41:00+05:30,991.2000122070312,991.2000122070312,990.3499755859375,990.4000244140625,55
2026-09-23 12:42:00+05:30,991.9500122070312,991.9500122070312,991.1500244140625,991.1500244140625,58
2026-09-23 12:43:00+05:30,992.0,992.0,991.9500122070312,992.0,81
2026-09-23 12:44:00+05:30,991.9500122070312,992.0,991.5999755859375,992.0,182
2026-09-23 12:45:00+05:30,990.3499755859375,991.9000244140625,990.3499755859375,991.9000244140625,41
2026-09-23 12:46:00+05:30,990.0,990.9500122070312,990.0,990.9000244140625,572
2026-09-23 12:47:00+05:30,990.1500244140625,990.1500244140625,990.0,990.0,208
2026-09-23 12:48:00+05:30,990.0,990.25,989.4000244140625,990.0999755859375,1595
2026-09-23 12:49:00+05:30,990.1500244140625,990.1500244140625,989.5,990.0,800
2026-09-23 12:50:00+05:30,990.0,990.0999755859375,989.8499755859375,990.0999755859375,89
2026-09-23 12:51:00+05:30,989.75,990.0,989.25,990.0,86
2026-09-23 12:52:00+05:30,989.7000122070312,989.75,989.25,989.75,98
2026-09-23 12:53:00+05:30,989.7000122070312,989.7000122070312,989.7000122070312,989.7000122070312,92
2026-09-23 12:54:00+05:30,990.0,990.0,989.4500122070312,989.7000122070312,321
2026-09-23 12:55:00+05:30,990.2000122070312,990.2999877929688,990.0,990.0,192
2026-09-23 12:56:00+05:30,990.3499755859375,990.3499755859375,990.2000122070312,990.2000122070312,23
2026-09-23 12:57:00+05:30,989.5999755859375,990.2000122070312,989.5999755859375,990.2000122070312,22
2026-09-23 12:58:00+05:30,990.8499755859375,991.4500122070312,990.0999755859375,990.0999755859375,336
2026-09-23 12:59:00+05:30,991.0499877929688,991.0499877929688,991.0499877929688,991.0499877929688,18
2026-09-23 13:00:00+05:30,991.4000244140625,991.5499877929688,991.0499877929688,991.5499877929688,92
2026-09-23 13:01:00+05:30,991.8499755859375,991.8499755859375,991.0499877929688,991.5,47
2026-09-23 13:02:00+05:30,992.0,992.0,991.4000244140625,991.7999877929688,112
2026-09-23 13:03:00+05:30,991.7000122070312,991.9000244140625,991.7000122070312,991.7000122070312,48
2026-09-23 13:04:00+05:30,991.9000244140625,991.9000244140625,991.7000122070312,991.7000122070312,134
2026-09-23 13:05:00+05:30,991.5999755859375,991.5999755859375,991.5999755859375,991.5999755859375,7
2026-09-23 13:06:00+05:30,991.5499877929688,991.5499877929688,991.5499877929688,991.5499877929688,6
2026-09-23 13:07:00+05:30,991.6500244140625,991.6500244140625,991.4000244140625,991.4000244140625,116
2026-09-23 13:08:00+05:30,991.5499877929688,991.5499877929688,991.0499877929688,991.0499877929688,115
2026-09-23 13:09:00+05:30,991.3499755859375,991.5,991.3499755859375,991.5,17
2026-09-23 13:10:00+05:30,991.4500122070312,991.4500122070312,991.4000244140625,991.4000244140625,17
2026-09-23 13:11:00+05:30,990.9500122070312,991.4500122070312,990.5499877929688,991.4500122070312,115
2026-09-23 13:12:00+05:30,990.5,991.0,990.3499755859375,990.3499755859375,29
2026-09-23 13:13:00+05:30,990.4000244140625,991.0,990.2000122070312,990.9500122070312,41
2026-09-23 13:14:00+05:30,989.5499877929688,990.3499755859375,989.5499877929688,990.3499755859375,235
2026-09-23 13:15:00+05:30,990.5,990.5,990.5,990.5,129
2026-09-23 13:16:00+05:30,990.4500122070312,990.9500122070312,990.4500122070312,990.9500122070312,61
2026-09-23 13:18:00+05:30,991.0,991.0,990.9500122070312,990.9500122070312,26
2026-09-23 13:19:00+05:30,991.2999877929688,991.6500244140625,991.2999877929688,991.5999755859375,14
2026-09-23 13:21:00+05:30,991.2000122070312,991.5999755859375,991.2000122070312,991.5999755859375,41
2026-09-23 13:22:00+05:30,991.5499877929688,991.5499877929688,991.5499877929688,991.5499877929688,15
2026-09-23 13:23:00+05:30,991.5999755859375,991.5999755859375,991.2000122070312,991.2000122070312,220
2026-09-23 13:24:00+05:30,991.5999755859375,991.5999755859375,991.5999755859375,991.5999755859375,5
2026-09-23 13:25:00+05:30,991.2000122070312,991.2000122070312,991.2000122070312,991.2000122070312,15
2026-09-23 13:26:00+05:30,991.5999755859375,991.5999755859375,991.5999755859375,991.5999755859375,30
2026-09-23 13:27:00+05:30,991.5999755859375,991.5999755859375,991.5999755859375,991.5999755859375,2
2026-09-23 13:28:00+05:30,991.5999755859375,991.5999755859375,991.5999755859375,991.5999755859375,30
2026-09-23 13:29:00+05:30,991.5999755859375,991.5999755859375,991.5999755859375,991.5999755859375,1
2026-09-23 13:31:00+05:30,992.0,992.0,991.9000244140625,991.9000244140625,78
2026-09-23 13:32:00+05:30,992.4000244140625,992.4000244140625,991.9000244140625,991.9000244140625,13
2026-09-23 13:33:00+05:30,992.2999877929688,992.2999877929688,991.9000244140625,991.9000244140625,95
2026-09-23 13:34:00+05:30,992.2999877929688,992.2999877929688,992.2999877929688,992.2999877929688,21
2026-09-23 13:35:00+05:30,991.7999877929688,992.0,991.7999877929688,992.0,22
2026-09-23 13:36:00+05:30,992.0,992.0,991.5999755859375,991.5999755859375,53
2026-09-23 13:37:00+05:30,991.9000244140625,991.9000244140625,991.5999755859375,991.5999755859375,7
2026-09-23 13:38:00+05:30,992.0999755859375,992.0999755859375,991.5999755859375,991.9000244140625,753
2026-09-23 13:39:00+05:30,991.4000244140625,991.4000244140625,991.4000244140625,991.4000244140625,150
2026-09-23 13:40:00+05:30,991.8499755859375,991.8499755859375,991.8499755859375,991.8499755859375,19
2026-09-23 13:41:00+05:30,991.8499755859375,991.9000244140625,991.8499755859375,991.9000244140625,16
2026-09-23 13:42:00+05:30,991.4000244140625,991.4000244140625,991.4000244140625,991.4000244140625,10
2026-09-23 13:43:00+05:30,992.2999877929688,992.2999877929688,992.0,992.0,23
2026-09-23 13:44:00+05:30,992.2999877929688,992.2999877929688,991.8499755859375,991.8499755859375,85
2026-09-23 13:45:00+05:30,992.0999755859375,992.4500122070312,991.7999877929688,992.2999877929688,172
2026-09-23 13:46:00+05:30,992.5,992.5,992.4000244140625,992.4000244140625,7
2026-09-23 13:47:00+05:30,992.5999755859375,992.5999755859375,992.0999755859375,992.5499877929688,76
2026-09-23 13:48:00+05:30,992.7000122070312,993.0,992.5499877929688,992.5499877929688,414
2026-09-23 13:49:00+05:30,994.25,994.25,993.2999877929688,993.2999877929688,166
2026-09-23 13:50:00+05:30,995.5999755859375,995.5999755859375,994.5,994.5,2795
2026-09-23 13:51:00+05:30,995.9500122070312,996.0,995.5,995.8499755859375,1192
2026-09-23 13:52:00+05:30,995.7999877929688,996.2999877929688,995.7999877929688,996.2999877929688,407
2026-09-23 13:53:00+05:30,995.4000244140625,996.2000122070312,995.0999755859375,995.75,276
2026-09-23 13:54:00+05:30,994.6500244140625,995.5499877929688,994.6500244140625,995.5499877929688,368
2026-09-23 13:55:00+05:30,995.25,995.25,995.25,995.25,88
2026-09-23 13:56:00+05:30,995.4500122070312,995.4500122070312,995.0,995.0,134
2026-09-23 13:57:00+05:30,995.4500122070312,995.4500122070312,995.4500122070312,995.4500122070312,14
2026-09-23 13:58:00+05:30,995.4000244140625,995.4500122070312,995.0499877929688,995.0499877929688,76
2026-09-23 13:59:00+05:30,995.4500122070312,995.4500122070312,995.0499877929688,995.0499877929688,113
2026-09-23 14:00:00+05:30,994.5499877929688,995.4500122070312,994.5499877929688,995.4500122070312,153
2026-09-23 14:01:00+05:30,995.0,995.3499755859375,994.8499755859375,994.8499755859375,48
2026-09-23 14:02:00+05:30,994.5499877929688,994.7999877929688,994.4000244140625,994.4000244140625,55
2026-09-23 14:03:00+05:30,995.0,995.0,995.0,995.0,15
2026-09-23 14:04:00+05:30,995.1500244140625,995.1500244140625,995.1500244140625,995.1500244140625,43
2026-09-23 14:05:00+05:30,995.2999877929688,995.2999877929688,995.1500244140625,995.1500244140625,297
2026-09-23 14:06:00+05:30,994.9000244140625,995.2999877929688,994.9000244140625,995.2999877929688,79
2026-09-23 14:07:00+05:30,995.5,995.6500244140625,995.0999755859375,995.2999877929688,321
2026-09-23 14:08:00+05:30,995.9000244140625,995.9000244140625,995.5,995.5499877929688,289
2026-09-23 14:09:00+05:30,996.0,996.0,995.75,995.9000244140625,81
2026-09-23 14:10:00+05:30,996.1500244140625,996.1500244140625,995.5999755859375,996.1500244140625,166
2026-09-23 14:11:00+05:30,996.4000244140625,996.4000244140625,995.6500244140625,995.6500244140625,85
2026-09-23 14:12:00+05:30,996.4000244140625,996.4000244140625,995.7999877929688,995.8499755859375,86
2026-09-23 14:13:00+05:30,996.0,996.0,995.8499755859375,995.8499755859375,35
2026-09-23 14:14:00+05:30,996.3499755859375,996.3499755859375,996.0,996.0,22
2026-09-23 14:15:00+05:30,995.8499755859375,996.2999877929688,995.7999877929688,995.7999877929688,61
2026-09-23 14:16:00+05:30,995.4000244140625,996.25,995.4000244140625,996.25,504
2026-09-23 14:17:00+05:30,996.25,996.25,995.5499877929688,995.5499877929688,104
2026-09-23 14:18:00+05:30,995.9000244140625,996.4000244140625,995.9000244140625,996.3499755859375,158
2026-09-23 14:19:00+05:30,996.1500244140625,996.1500244140625,995.8499755859375,996.0,53
2026-09-23 14:20:00+05:30,995.9500122070312,996.0499877929688,995.5499877929688,995.6500244140625,64
2026-09-23 14:21:00+05:30,996.0,996.0,996.0,996.0,1
2026-09-23 14:22:00+05:30,995.9000244140625,995.9000244140625,995.25,995.2999877929688,128
2026-09-23 14:23:00+05:30,995.9000244140625,995.9000244140625,995.9000244140625,995.9000244140625,33
2026-09-23 14:24:00+05:30,996.0,996.0,995.4000244140625,995.9000244140625,289
2026-09-23 14:25:00+05:30,995.9000244140625,996.0,995.5499877929688,996.0,62
2026-09-23 14:26:00+05:30,996.1500244140625,996.1500244140625,996.0,996.0,251
2026-09-23 14:27:00+05:30,996.5999755859375,996.5999755859375,996.4000244140625,996.4000244140625,135
2026-09-23 14:28:00+05:30,996.6500244140625,996.6500244140625,996.2000122070312,996.6500244140625,85
2026-09-23 14:29:00+05:30,996.7999877929688,996.7999877929688,996.6500244140625,996.6500244140625,30
2026-09-23 14:30:00+05:30,996.7000122070312,996.7999877929688,996.4000244140625,996.6500244140625,233
2026-09-23 14:31:00+05:30,996.7999877929688,996.7999877929688,996.7000122070312,996.75,72
2026-09-23 14:32:00+05:30,996.7999877929688,996.7999877929688,996.2999877929688,996.4000244140625,53
2026-09-23 14:33:00+05:30,996.8499755859375,996.9000244140625,996.7999877929688,996.7999877929688,133
2026-09-23 14:34:00+05:30,996.5999755859375,996.8499755859375,996.25,996.25,37
2026-09-23 14:35:00+05:30,996.4000244140625,996.5999755859375,996.0,996.0,56
2026-09-23 14:36:00+05:30,995.7000122070312,996.3499755859375,995.7000122070312,996.2999877929688,120
2026-09-23 14:37:00+05:30,996.0,996.5999755859375,996.0,996.4000244140625,70
2026-09-23 14:38:00+05:30,995.9500122070312,996.5,995.9500122070312,996.4500122070312,48
2026-09-23 14:39:00+05:30,996.4500122070312,996.4500122070312,996.0499877929688,996.4500122070312,95
2026-09-23 14:40:00+05:30,996.4000244140625,996.5,995.7000122070312,996.4500122070312,110
2026-09-23 14:41:00+05:30,996.4500122070312,996.4500122070312,995.9000244140625,995.9000244140625,82
2026-09-23 14:42:00+05:30,996.5,996.5,996.5,996.5,1
2026-09-23 14:43:00+05:30,996.0,996.4500122070312,996.0,996.0,1418
2026-09-23 14:44:00+05:30,996.0,996.0,995.75,995.75,107
2026-09-23 14:45:00+05:30,996.3499755859375,996.3499755859375,996.0,996.0,12
2026-09-23 14:46:00+05:30,996.4000244140625,996.4000244140625,996.0,996.3499755859375,123
2026-09-23 14:47:00+05:30,996.4000244140625,996.4000244140625,996.2999877929688,996.2999877929688,224
2026-09-23 14:48:00+05:30,996.4000244140625,996.4000244140625,996.4000244140625,996.4000244140625,3
2026-09-23 14:49:00+05:30,996.4000244140625,996.4000244140625,996.2999877929688,996.4000244140625,616
2026-09-23 14:50:00+05:30,996.4000244140625,996.4000244140625,996.2999877929688,996.4000244140625,264
2026-09-23 14:51:00+05:30,997.5,997.5,996.25,996.4000244140625,1478
2026-09-23 14:52:00+05:30,997.5499877929688,997.9000244140625,997.4000244140625,997.5,824
2026-09-23 14:53:00+05:30,997.3499755859375,997.3499755859375,996.5999755859375,997.1500244140625,308
2026-09-23 14:54:00+05:30,997.2999877929688,997.2999877929688,996.9000244140625,996.9000244140625,13
2026-09-23 14:55:00+05:30,997.5499877929688,997.5499877929688,997.0499877929688,997.0499877929688,26
2026-09-23 14:56:00+05:30,997.0,997.0,997.0,997.0,203
2026-09-23 14:57:00+05:30,997.0,997.2000122070312,997.0,997.2000122070312,154
2026-09-23 14:58:00+05:30,997.4000244140625,997.4000244140625,996.5999755859375,997.0,485
2026-09-23 14:59:00+05:30,997.3499755859375,997.4000244140625,997.0,997.0,11
2026-09-23 15:00:00+05:30,997.1500244140625,997.2000122070312,995.9500122070312,996.9500122070312,1251
2026-09-23 15:01:00+05:30,997.0999755859375,997.0999755859375,996.7000122070312,997.0,48
2026-09-23 15:02:00+05:30,996.5499877929688,997.0999755859375,996.5499877929688,997.0499877929688,782
2026-09-23 15:03:00+05:30,996.7999877929688,996.7999877929688,996.75,996.75,38
2026-09-23 15:04:00+05:30,997.5999755859375,997.5999755859375,997.1500244140625,997.3499755859375,291
2026-09-23 15:05:00+05:30,998.75,998.7999877929688,997.5999755859375,997.5999755859375,343
2026-09-23 15:06:00+05:30,998.6500244140625,999.0,998.6500244140625,998.9000244140625,753
2026-09-23 15:07:00+05:30,999.5499877929688,999.7999877929688,999.0,999.0,830
2026-09-23 15:08:00+05:30,998.75,999.5499877929688,998.2000122070312,999.5499877929688,602
2026-09-23 15:09:00+05:30,999.2000122070312,999.5,998.75,998.75,718
2026-09-23 15:10:00+05:30,999.25,999.25,998.0999755859375,998.6500244140625,289
2026-09-23 15:11:00+05:30,999.0,999.5,999.0,999.0,269
2026-09-23 15:12:00+05:30,999.9000244140625,999.9000244140625,998.75,999.5,425
2026-09-23 15:13:00+05:30,999.4000244140625,1000.0,999.2999877929688,999.9000244140625,1640
2026-09-23 15:14:00+05:30,1000.0,1000.0,998.25,1000.0,2713
2026-09-23 15:29:00+05:30,1001.0999755859375,1001.0999755859375,1001.0999755859375,1001.0999755859375,4670
2026-09-24 09:15:00+05:30,988.0499877929688,989.9000244140625,985.0,985.0,1901
2026-09-24 09:16:00+05:30,986.7999877929688,987.8499755859375,986.25,987.7999877929688,812
2026-09-24 09:17:00+05:30,988.0499877929688,988.8499755859375,987.5,988.0,351
2026-09-24 09:18:00+05:30,988.5499877929688,989.4500122070312,988.5,988.5,103
2026-09-24 09:19:00+05:30,986.7999877929688,988.0,986.7999877929688,988.0,291
2026-09-24 09:20:00+05:30,984.9000244140625,986.2000122070312,984.9000244140625,986.2000122070312,479
2026-09-24 09:21:00+05:30,986.9000244140625,987.25,984.9000244140625,984.9000244140625,905
2026-09-24 09:22:00+05:30,987.3499755859375,987.6500244140625,986.0,986.0999755859375,10462
2026-09-24 09:23:00+05:30,986.5499877929688,987.0499877929688,986.5499877929688,987.0,166
2026-09-24 09:24:00+05:30,985.9000244140625,986.9000244140625,985.9000244140625,986.9000244140625,66
2026-09-24 09:25:00+05:30,985.0499877929688,985.6500244140625,984.3499755859375,985.5999755859375,199
2026-09-24 09:26:00+05:30,987.9500122070312,989.5999755859375,985.0999755859375,985.0999755859375,3698
2026-09-24 09:27:00+05:30,987.9000244140625,989.5999755859375,987.0,987.7000122070312,4580
2026-09-24 09:28:00+05:30,988.5999755859375,988.5999755859375,987.0,987.5999755859375,571
2026-09-24 09:29:00+05:30,988.1500244140625,988.1500244140625,988.1500244140625,988.1500244140625,500
2026-09-24 09:30:00+05:30,987.25,987.4500122070312,986.8499755859375,987.4500122070312,63
2026-09-24 09:31:00+05:30,987.3499755859375,987.7999877929688,987.25,987.5999755859375,187
2026-09-24 09:32:00+05:30,987.7000122070312,987.7000122070312,987.7000122070312,987.7000122070312,146
2026-09-24 09:33:00+05:30,988.9000244140625,989.25,988.2000122070312,988.2000122070312,66
2026-09-24 09:34:00+05:30,988.2999877929688,989.2000122070312,988.2999877929688,989.2000122070312,166
2026-09-24 09:35:00+05:30,988.0999755859375,989.0,988.0999755859375,989.0,58
2026-09-24 09:36:00+05:30,990.2999877929688,990.2999877929688,989.7000122070312,989.7000122070312,315
2026-09-24 09:37:00+05:30,991.0,991.75,990.5999755859375,991.0,341
2026-09-24 09:38:00+05:30,991.0499877929688,991.25,990.1500244140625,991.0,823
2026-09-24 09:39:00+05:30,989.75,990.25,989.4000244140625,990.2000122070312,81
2026-09-24 09:40:00+05:30,988.2999877929688,989.4500122070312,988.2999877929688,989.4500122070312,32
2026-09-24 09:41:00+05:30,987.5,988.4500122070312,987.5,988.2999877929688,80
2026-09-24 09:42:00+05:30,986.5499877929688,987.75,986.5499877929688,987.75,134
2026-09-24 09:43:00+05:30,986.5,986.6500244140625,985.6500244140625,986.6500244140625,595
2026-09-24 09:44:00+05:30,983.8499755859375,986.25,983.8499755859375,986.25,1010
2026-09-24 09:45:00+05:30,984.5999755859375,984.75,984.5999755859375,984.75,145
2026-09-24 09:46:00+05:30,983.9500122070312,984.5999755859375,983.9500122070312,984.5999755859375,51
2026-09-24 09:47:00+05:30,984.9500122070312,984.9500122070312,983.8499755859375,983.8499755859375,1419
2026-09-24 09:48:00+05:30,984.2999877929688,984.7000122070312,983.7000122070312,983.9000244140625,1026
2026-09-24 09:49:00+05:30,985.25,985.25,984.7000122070312,985.2000122070312,89
2026-09-24 09:50:00+05:30,984.0499877929688,984.0499877929688,984.0499877929688,984.0499877929688,1
2026-09-24 09:51:00+05:30,984.8499755859375,985.0,984.25,984.9000244140625,172
2026-09-24 09:52:00+05:30,984.4000244140625,984.4000244140625,984.0999755859375,984.0999755859375,82
2026-09-24 09:53:00+05:30,983.2999877929688,984.2000122070312,983.2999877929688,983.9500122070312,314
2026-09-24 09:54:00+05:30,983.75,983.9000244140625,983.0,983.0999755859375,1169
2026-09-24 09:55:00+05:30,983.2000122070312,983.2000122070312,983.2000122070312,983.2000122070312,160
2026-09-24 09:56:00+05:30,983.5,984.0,983.4000244140625,983.4000244140625,365
2026-09-24 09:57:00+05:30,983.2999877929688,984.0499877929688,983.2999877929688,984.0499877929688,13
2026-09-24 09:58:00+05:30,984.3499755859375,984.9000244140625,983.5,983.5,18
2026-09-24 09:59:00+05:30,984.3499755859375,984.4000244140625,984.3499755859375,984.4000244140625,148
2026-09-24 10:00:00+05:30,983.9000244140625,983.9000244140625,983.9000244140625,983.9000244140625,180
2026-09-24 10:01:00+05:30,983.9000244140625,983.9000244140625,983.4500122070312,983.4500122070312,461
2026-09-24 10:02:00+05:30,983.4500122070312,983.9000244140625,983.4500122070312,983.5999755859375,222
2026-09-24 10:04:00+05:30,984.6500244140625,985.0,984.25,984.25,25
2026-09-24 10:05:00+05:30,985.2999877929688,985.2999877929688,984.7999877929688,985.0,148
2026-09-24 10:07:00+05:30,985.2000122070312,985.9000244140625,984.9000244140625,984.9000244140625,32
2026-09-24 10:08:00+05:30,986.1500244140625,986.1500244140625,985.4000244140625,985.4000244140625,197
2026-09-24 10:09:00+05:30,985.7000122070312,986.1500244140625,985.7000122070312,986.1500244140625,220
2026-09-24 10:10:00+05:30,984.7999877929688,985.7000122070312,984.7999877929688,985.7000122070312,26
2026-09-24 10:11:00+05:30,985.25,985.25,985.1500244140625,985.1500244140625,74
2026-09-24 10:12:00+05:30,984.7000122070312,984.7000122070312,984.7000122070312,984.7000122070312,24
2026-09-24 10:13:00+05:30,985.5999755859375,985.5999755859375,985.5999755859375,985.5999755859375,7
2026-09-24 10:14:00+05:30,985.5999755859375,985.5999755859375,985.5999755859375,985.5999755859375,100
2026-09-24 10:15:00+05:30,984.75,985.0,984.75,985.0,179
2026-09-24 10:16:00+05:30,984.9000244140625,984.9000244140625,984.5,984.5999755859375,81
2026-09-24 10:17:00+05:30,984.5,984.5,984.5,984.5,92
2026-09-24 10:18:00+05:30,984.3499755859375,984.7999877929688,984.3499755859375,984.4500122070312,42
2026-09-24 10:19:00+05:30,984.2000122070312,984.25,984.2000122070312,984.25,533
2026-09-24 10:20:00+05:30,984.7999877929688,985.2999877929688,984.5,984.5,43
2026-09-24 10:21:00+05:30,984.0,984.0,984.0,984.0,142
2026-09-24 10:22:00+05:30,983.4500122070312,983.4500122070312,983.4500122070312,983.4500122070312,10
2026-09-24 10:23:00+05:30,984.0,984.0,983.4500122070312,983.7999877929688,668
2026-09-24 10:24:00+05:30,985.5499877929688,985.5499877929688,984.8499755859375,984.8499755859375,34
2026-09-24 10:25:00+05:30,985.5999755859375,985.5999755859375,985.5999755859375,985.5999755859375,1
2026-09-24 10:26:00+05:30,986.0999755859375,986.0999755859375,985.9000244140625,985.9000244140625,46
2026-09-24 10:28:00+05:30,985.1500244140625,985.1500244140625,984.5499877929688,984.8499755859375,151
2026-09-24 10:31:00+05:30,985.0,985.0,984.75,984.75,50
2026-09-24 10:32:00+05:30,985.2999877929688,985.2999877929688,985.2999877929688,985.2999877929688,1
2026-09-24 10:33:00+05:30,985.5,985.5,985.2999877929688,985.2999877929688,3
2026-09-24 10:35:00+05:30,986.9500122070312,986.9500122070312,986.9500122070312,986.9500122070312,1
2026-09-24 10:36:00+05:30,986.4000244140625,986.4000244140625,986.0499877929688,986.2999877929688,301
2026-09-24 10:37:00+05:30,986.7999877929688,986.9000244140625,986.2000122070312,986.5,63
2026-09-24 10:38:00+05:30,986.4000244140625,986.5999755859375,986.4000244140625,986.4000244140625,284
2026-09-24 10:39:00+05:30,986.0499877929688,986.4000244140625,986.0499877929688,986.4000244140625,106
2026-09-24 10:40:00+05:30,986.5,986.5999755859375,986.3499755859375,986.5999755859375,2151
2026-09-24 10:41:00+05:30,986.5499877929688,986.5499877929688,986.0,986.0,106
2026-09-24 10:42:00+05:30,986.0999755859375,986.0999755859375,985.9000244140625,985.9000244140625,60
2026-09-24 10:43:00+05:30,985.75,986.2000122070312,985.75,986.2000122070312,11
2026-09-24 10:44:00+05:30,985.7999877929688,986.0,985.7000122070312,985.7000122070312,22
2026-09-24 10:46:00+05:30,985.4000244140625,986.0999755859375,985.4000244140625,986.0999755859375,130
2026-09-24 10:47:00+05:30,985.4000244140625,985.4000244140625,985.4000244140625,985.4000244140625,2
2026-09-24 10:48:00+05:30,985.4000244140625,986.25,985.4000244140625,986.25,224
2026-09-24 10:49:00+05:30,985.4000244140625,985.5999755859375,985.4000244140625,985.5999755859375,21
2026-09-24 10:50:00+05:30,985.0999755859375,985.0999755859375,985.0999755859375,985.0999755859375,54
2026-09-24 10:51:00+05:30,985.0,985.5,985.0,985.5,42
2026-09-24 10:52:00+05:30,985.25,985.25,984.2999877929688,984.2999877929688,36
2026-09-24 10:53:00+05:30,984.75,984.75,984.75,984.75,80
2026-09-24 10:54:00+05:30,985.2000122070312,985.2000122070312,985.2000122070312,985.2000122070312,1
2026-09-24 10:56:00+05:30,985.2999877929688,985.2999877929688,984.8499755859375,984.8499755859375,45
2026-09-24 10:57:00+05:30,984.7999877929688,984.7999877929688,984.7999877929688,984.7999877929688,35
2026-09-24 10:58:00+05:30,984.8499755859375,984.8499755859375,984.8499755859375,984.8499755859375,300
2026-09-24 10:59:00+05:30,985.1500244140625,985.2000122070312,985.1500244140625,985.2000122070312,11
2026-09-24 11:00:00+05:30,985.7000122070312,985.75,985.1500244140625,985.1500244140625,99
2026-09-24 11:01:00+05:30,986.0,986.0,986.0,986.0,300
2026-09-24 11:02:00+05:30,985.5,985.5,985.5,985.5,11
2026-09-24 11:03:00+05:30,985.0,985.0499877929688,985.0,985.0499877929688,37
2026-09-24 11:04:00+05:30,985.0999755859375,985.0999755859375,985.0,985.0,3
2026-09-24 11:07:00+05:30,984.4000244140625,984.4000244140625,984.4000244140625,984.4000244140625,32
2026-09-24 11:09:00+05:30,984.4000244140625,984.4000244140625,984.4000244140625,984.4000244140625,9
2026-09-24 11:12:00+05:30,984.4500122070312,984.7000122070312,984.4500122070312,984.7000122070312,11
2026-09-24 11:13:00+05:30,985.0,985.0,984.4000244140625,984.4000244140625,1507
2026-09-24 11:14:00+05:30,984.5,984.5,984.5,984.5,1
2026-09-24 11:15:00+05:30,983.5,984.0,983.5,984.0,103
2026-09-24 11:17:00+05:30,984.0,984.0,984.0,984.0,1
2026-09-24 11:18:00+05:30,984.2000122070312,984.2000122070312,984.2000122070312,984.2000122070312,6
2026-09-24 11:20:00+05:30,984.2000122070312,984.2000122070312,984.2000122070312,984.2000122070312,90
2026-09-24 11:21:00+05:30,984.8499755859375,985.9000244140625,984.4000244140625,984.4000244140625,94
2026-09-24 11:22:00+05:30,985.2000122070312,985.2000122070312,985.2000122070312,985.2000122070312,14
2026-09-24 11:23:00+05:30,985.5,985.7000122070312,985.5,985.7000122070312,21
2026-09-24 11:24:00+05:30,985.2000122070312,985.2000122070312,985.1500244140625,985.1500244140625,16
2026-09-24 11:25:00+05:30,984.25,984.8499755859375,984.25,984.8499755859375,6
2026-09-24 11:26:00+05:30,984.0,984.0,984.0,984.0,186
2026-09-24 11:28:00+05:30,984.2000122070312,984.2000122070312,984.0,984.0,21
2026-09-24 11:30:00+05:30,984.0499877929688,984.1500244140625,984.0,984.0,10
2026-09-24 11:31:00+05:30,984.0,984.0,984.0,984.0,25
2026-09-24 11:32:00+05:30,983.2000122070312,984.2000122070312,983.2000122070312,983.9000244140625,436
2026-09-24 11:33:00+05:30,983.0,983.0,982.4000244140625,982.4000244140625,438
2026-09-24 11:34:00+05:30,982.4000244140625,984.2000122070312,982.4000244140625,983.5,255
2026-09-24 11:35:00+05:30,982.5,983.0,982.25,982.25,106
2026-09-24 11:36:00+05:30,982.7000122070312,982.7000122070312,982.2000122070312,982.2000122070312,52
2026-09-24 11:37:00+05:30,984.3499755859375,984.3499755859375,982.5499877929688,983.25,45
2026-09-24 11:38:00+05:30,983.75,983.75,983.75,983.75,10
2026-09-24 11:39:00+05:30,984.2000122070312,984.4000244140625,984.0,984.0,161
2026-09-24 11:40:00+05:30,984.2000122070312,984.2000122070312,984.2000122070312,984.2000122070312,30
2026-09-24 11:41:00+05:30,984.75,984.75,984.75,984.75,200
2026-09-24 11:42:00+05:30,984.7999877929688,984.7999877929688,984.7999877929688,984.7999877929688,1
2026-09-24 11:43:00+05:30,985.25,985.25,984.7999877929688,984.7999877929688,6
2026-09-24 11:44:00+05:30,984.7000122070312,984.7000122070312,984.0999755859375,984.0999755859375,1525
2026-09-24 11:45:00+05:30,985.0,985.25,985.0,985.25,32
2026-09-24 11:46:00+05:30,985.0,985.0999755859375,985.0,985.0999755859375,140
2026-09-24 11:47:00+05:30,984.5,984.7000122070312,984.5,984.7000122070312,1071
2026-09-24 11:48:00+05:30,984.7999877929688,984.7999877929688,984.5,984.5,268
2026-09-24 11:49:00+05:30,983.5999755859375,984.5,983.5999755859375,984.5,812
2026-09-24 11:50:00+05:30,983.7000122070312,984.0,983.2000122070312,984.0,11
2026-09-24 11:52:00+05:30,983.7999877929688,983.7999877929688,983.7999877929688,983.7999877929688,1
2026-09-24 11:55:00+05:30,983.7000122070312,983.7000122070312,983.7000122070312,983.7000122070312,1
2026-09-24 11:56:00+05:30,982.2000122070312,983.5,982.2000122070312,983.5,90
2026-09-24 11:57:00+05:30,982.1500244140625,982.5999755859375,982.1500244140625,982.5999755859375,219
2026-09-24 11:58:00+05:30,981.5999755859375,982.5,981.5999755859375,982.0499877929688,632
2026-09-24 11:59:00+05:30,982.9000244140625,982.9000244140625,982.2999877929688,982.2999877929688,249
2026-09-24 12:00:00+05:30,982.8499755859375,982.8499755859375,982.75,982.75,352
2026-09-24 12:02:00+05:30,982.4500122070312,982.4500122070312,982.4500122070312,982.4500122070312,20
2026-09-24 12:03:00+05:30,982.4000244140625,982.4000244140625,982.0,982.4000244140625,109
2026-09-24 12:04:00+05:30,982.2999877929688,982.2999877929688,982.2999877929688,982.2999877929688,8
2026-09-24 12:05:00+05:30,983.2000122070312,983.2000122070312,982.0,982.0,174
2026-09-24 12:06:00+05:30,982.5999755859375,983.0,982.5,982.7999877929688,387
2026-09-24 12:08:00+05:30,983.5499877929688,983.5499877929688,983.5499877929688,983.5499877929688,1
2026-09-24 12:09:00+05:30,983.75,983.75,983.5,983.5,47
2026-09-24 12:10:00+05:30,983.5,983.5,983.5,983.5,3
2026-09-24 12:11:00+05:30,983.9000244140625,983.9000244140625,983.3499755859375,983.3499755859375,341
2026-09-24 12:12:00+05:30,984.0499877929688,984.0999755859375,984.0499877929688,984.0999755859375,16
2026-09-24 12:14:00+05:30,983.3499755859375,983.3499755859375,983.3499755859375,983.3499755859375,63
2026-09-24 12:15:00+05:30,983.5999755859375,984.0,983.5999755859375,984.0,209
2026-09-24 12:17:00+05:30,983.4500122070312,984.0,983.4500122070312,983.5,74
2026-09-24 12:18:00+05:30,983.8499755859375,983.8499755859375,983.5,983.5,100
2026-09-24 12:19:00+05:30,982.5,983.2000122070312,982.5,983.2000122070312,942
2026-09-24 12:20:00+05:30,983.3499755859375,983.3499755859375,983.3499755859375,983.3499755859375,5
2026-09-24 12:21:00+05:30,983.0,983.5999755859375,983.0,983.5999755859375,22
2026-09-24 12:23:00+05:30,983.0999755859375,983.5,982.9500122070312,983.5,47
2026-09-24 12:24:00+05:30,983.0499877929688,983.5499877929688,983.0499877929688,983.5499877929688,104
2026-09-24 12:25:00+05:30,982.2999877929688,982.2999877929688,982.2999877929688,982.2999877929688,1
2026-09-24 12:26:00+05:30,981.8499755859375,982.0999755859375,981.8499755859375,982.0999755859375,164
2026-09-24 12:27:00+05:30,981.5999755859375,982.0,981.5999755859375,982.0,289
2026-09-24 12:28:00+05:30,981.2999877929688,982.0499877929688,981.2999877929688,981.75,114
2026-09-24 12:29:00+05:30,982.0,982.0999755859375,981.7000122070312,981.7000122070312,34
2026-09-24 12:30:00+05:30,982.0999755859375,982.0999755859375,981.2999877929688,981.2999877929688,404
2026-09-24 12:35:00+05:30,982.5,982.5,982.5,982.5,31
2026-09-24 12:36:00+05:30,982.5499877929688,983.5,982.5499877929688,982.7000122070312,432
2026-09-24 12:37:00+05:30,982.9000244140625,983.0,982.9000244140625,983.0,111
2026-09-24 12:38:00+05:30,982.4500122070312,982.5999755859375,982.4500122070312,982.5999755859375,243
2026-09-24 12:39:00+05:30,983.0499877929688,983.0499877929688,983.0499877929688,983.0499877929688,63
2026-09-24 12:40:00+05:30,983.0,983.0,983.0,983.0,23
2026-09-24 12:43:00+05:30,982.5999755859375,982.5999755859375,982.5999755859375,982.5999755859375,3
2026-09-24 12:44:00+05:30,982.0,982.3499755859375,982.0,982.3499755859375,70
2026-09-24 12:45:00+05:30,981.9000244140625,981.9000244140625,981.9000244140625,981.9000244140625,29
2026-09-24 12:46:00+05:30,982.0,982.0,981.9000244140625,982.0,256
2026-09-24 12:47:00+05:30,982.0,982.0,981.7000122070312,981.7000122070312,31
2026-09-24 12:48:00+05:30,982.0,982.0,982.0,982.0,960
2026-09-24 12:49:00+05:30,982.0,982.0,982.0,982.0,11
2026-09-24 12:50:00+05:30,982.5999755859375,982.5999755859375,982.0,982.0,574
2026-09-24 12:51:00+05:30,982.2999877929688,982.2999877929688,982.2999877929688,982.2999877929688,8
2026-09-24 12:52:00+05:30,982.0,982.0,982.0,982.0,2
2026-09-24 12:53:00+05:30,981.2999877929688,981.5,981.2999877929688,981.5,18
2026-09-24 12:54:00+05:30,980.5999755859375,980.5999755859375,980.5999755859375,980.5999755859375,511
2026-09-24 12:55:00+05:30,980.7999877929688,981.4000244140625,980.7000122070312,981.0,144
2026-09-24 12:57:00+05:30,981.7000122070312,981.7000122070312,981.7000122070312,981.7000122070312,1
2026-09-24 12:58:00+05:30,981.25,981.7999877929688,981.25,981.7999877929688,60
2026-09-24 13:01:00+05:30,981.0,981.0,981.0,981.0,50
2026-09-24 13:02:00+05:30,981.4000244140625,982.4000244140625,981.4000244140625,981.6500244140625,147
2026-09-24 13:03:00+05:30,981.7999877929688,981.7999877929688,981.7999877929688,981.7999877929688,14
2026-09-24 13:05:00+05:30,981.8499755859375,981.8499755859375,981.8499755859375,981.8499755859375,26
2026-09-24 13:06:00+05:30,982.2000122070312,982.2000122070312,982.2000122070312,982.2000122070312,1
2026-09-24 13:07:00+05:30,982.25,982.25,981.7999877929688,981.7999877929688,3
2026-09-24 13:08:00+05:30,982.0,982.0,982.0,982.0,4
2026-09-24 13:09:00+05:30,981.2999877929688,981.9000244140625,981.2999877929688,981.9000244140625,307
2026-09-24 13:10:00+05:30,981.2999877929688,981.2999877929688,981.2999877929688,981.2999877929688,247
2026-09-24 13:13:00+05:30,981.2999877929688,981.2999877929688,981.2999877929688,981.2999877929688,4
2026-09-24 13:14:00+05:30,982.0,982.0,982.0,982.0,10
2026-09-24 13:16:00+05:30,981.25,981.25,981.0,981.0,217
2026-09-24 13:20:00+05:30,981.25,981.25,981.25,981.25,225
2026-09-24 13:21:00+05:30,981.0,981.0,981.0,981.0,5
2026-09-24 13:22:00+05:30,981.0,981.0,981.0,981.0,10
2026-09-24 13:23:00+05:30,981.0,981.0,981.0,981.0,1
2026-09-24 13:24:00+05:30,981.0999755859375,981.0999755859375,980.5,980.7999877929688,308
2026-09-24 13:25:00+05:30,980.4000244140625,980.7000122070312,980.4000244140625,980.7000122070312,34
2026-09-24 13:26:00+05:30,979.9500122070312,980.75,979.5,980.75,1545
2026-09-24 13:27:00+05:30,979.5,979.5,979.5,979.5,141
2026-09-24 13:28:00+05:30,979.5999755859375,979.5999755859375,979.5999755859375,979.5999755859375,75
2026-09-24 13:29:00+05:30,979.7999877929688,980.0499877929688,979.7999877929688,980.0499877929688,12
2026-09-24 13:30:00+05:30,979.6500244140625,980.0499877929688,979.6500244140625,980.0499877929688,199
2026-09-24 13:31:00+05:30,980.2999877929688,980.2999877929688,979.6500244140625,979.6500244140625,104
2026-09-24 13:32:00+05:30,980.4500122070312,980.4500122070312,980.4500122070312,980.4500122070312,19
2026-09-24 13:33:00+05:30,980.6500244140625,980.6500244140625,979.7000122070312,979.7000122070312,238
2026-09-24 13:34:00+05:30,980.0,980.0,980.0,980.0,1
2026-09-24 13:36:00+05:30,979.5,979.5,979.5,979.5,330
2026-09-24 13:38:00+05:30,979.2999877929688,979.5999755859375,979.2999877929688,979.5999755859375,105
2026-09-24 13:39:00+05:30,979.4000244140625,979.4000244140625,979.0,979.2999877929688,91
2026-09-24 13:40:00+05:30,979.2999877929688,979.4500122070312,979.2999877929688,979.4500122070312,2
2026-09-24 13:41:00+05:30,979.0999755859375,979.0999755859375,979.0999755859375,979.0999755859375,28
2026-09-24 13:42:00+05:30,978.5,979.25,978.5,979.0,61
2026-09-24 13:43:00+05:30,978.5999755859375,978.5999755859375,978.5999755859375,978.5999755859375,1
2026-09-24 13:44:00+05:30,978.5499877929688,978.5999755859375,978.0,978.5999755859375,517
2026-09-24 13:45:00+05:30,977.5,978.2000122070312,977.5,978.2000122070312,113
2026-09-24 13:46:00+05:30,977.0,977.2999877929688,977.0,977.2999877929688,16
2026-09-24 13:47:00+05:30,977.2000122070312,977.2000122070312,977.0,977.0,212
2026-09-24 13:48:00+05:30,977.2000122070312,977.25,977.2000122070312,977.25,12
2026-09-24 13:49:00+05:30,977.9500122070312,977.9500122070312,977.0,977.0,1355
2026-09-24 13:50:00+05:30,977.9000244140625,978.0,977.9000244140625,978.0,14
2026-09-24 13:51:00+05:30,977.7999877929688,977.9000244140625,977.7999877929688,977.9000244140625,71
2026-09-24 13:52:00+05:30,977.7999877929688,977.7999877929688,977.0,977.0,16
2026-09-24 13:53:00+05:30,977.5,977.5,977.5,977.5,10
2026-09-24 13:54:00+05:30,978.9500122070312,978.9500122070312,977.0,977.0,973
2026-09-24 13:55:00+05:30,978.7999877929688,979.7000122070312,978.2000122070312,979.7000122070312,4131
2026-09-24 13:56:00+05:30,978.7000122070312,978.7000122070312,978.7000122070312,978.7000122070312,6
2026-09-24 13:57:00+05:30,978.0,979.0999755859375,978.0,978.2000122070312,67
2026-09-24 13:58:00+05:30,977.5,978.7999877929688,977.5,978.7999877929688,79
2026-09-24 13:59:00+05:30,978.5,980.2000122070312,977.0999755859375,977.0999755859375,4189
2026-09-24 14:00:00+05:30,978.9000244140625,978.9500122070312,978.5999755859375,978.5999755859375,169
2026-09-24 14:01:00+05:30,979.0,979.0,978.2999877929688,978.9000244140625,1390
2026-09-24 14:02:00+05:30,979.0,979.0,979.0,979.0,24
2026-09-24 14:03:00+05:30,978.7000122070312,979.7000122070312,978.7000122070312,979.5999755859375,22
2026-09-24 14:04:00+05:30,978.5,979.2999877929688,978.5,979.2999877929688,6
2026-09-24 14:06:00+05:30,979.7000122070312,979.9000244140625,979.6500244140625,979.6500244140625,406
2026-09-24 14:07:00+05:30,980.0999755859375,980.0999755859375,979.8499755859375,979.8499755859375,3
2026-09-24 14:08:00+05:30,980.2000122070312,980.2000122070312,979.7999877929688,979.7999877929688,36
2026-09-24 14:09:00+05:30,980.2000122070312,980.2000122070312,979.5,980.2000122070312,954
2026-09-24 14:13:00+05:30,980.5,980.5,980.0,980.2000122070312,12
2026-09-24 14:14:00+05:30,980.5999755859375,980.5999755859375,980.4500122070312,980.4500122070312,35
2026-09-24 14:15:00+05:30,980.0999755859375,980.7000122070312,980.0999755859375,980.7000122070312,120
2026-09-24 14:16:00+05:30,979.9000244140625,979.9000244140625,979.5999755859375,979.9000244140625,1076
2026-09-24 14:17:00+05:30,980.0999755859375,980.0999755859375,980.0999755859375,980.0999755859375,3
2026-09-24 14:18:00+05:30,979.5,980.0,979.5,979.7999877929688,349
2026-09-24 14:19:00+05:30,979.5499877929688,980.0,979.4000244140625,980.0,580
2026-09-24 14:20:00+05:30,980.5499877929688,981.0,980.5499877929688,980.6500244140625,784
2026-09-24 14:21:00+05:30,980.7999877929688,980.7999877929688,980.5499877929688,980.5499877929688,24
2026-09-24 14:22:00+05:30,980.5,980.75,980.5,980.75,75
2026-09-24 14:23:00+05:30,979.8499755859375,980.25,979.8499755859375,980.25,93
2026-09-24 14:24:00+05:30,979.9000244140625,980.2999877929688,979.9000244140625,979.9500122070312,21
2026-09-24 14:25:00+05:30,979.8499755859375,979.8499755859375,979.8499755859375,979.8499755859375,50
2026-09-24 14:27:00+05:30,980.4000244140625,980.4000244140625,979.8499755859375,979.8499755859375,7
2026-09-24 14:28:00+05:30,980.4500122070312,980.9500122070312,980.4500122070312,980.9500122070312,60
2026-09-24 14:29:00+05:30,980.8499755859375,980.8499755859375,980.8499755859375,980.8499755859375,15
2026-09-24 14:30:00+05:30,980.5,980.5,980.4500122070312,980.4500122070312,33
2026-09-24 14:31:00+05:30,980.5,980.5,980.5,980.5,88
2026-09-24 14:32:00+05:30,980.5,980.5,980.0,980.5,31192
2026-09-24 14:33:00+05:30,980.0,980.4500122070312,980.0,980.4500122070312,111
2026-09-24 14:34:00+05:30,980.2999877929688,980.2999877929688,980.2999877929688,980.2999877929688,1
2026-09-24 14:35:00+05:30,980.4000244140625,980.4500122070312,980.4000244140625,980.4500122070312,9
2026-09-24 14:36:00+05:30,981.0,981.0,980.5,980.5,44
2026-09-24 14:37:00+05:30,981.0,981.0,981.0,981.0,600
2026-09-24 14:38:00+05:30,980.4000244140625,981.4500122070312,980.4000244140625,981.4000244140625,136
2026-09-24 14:39:00+05:30,980.7999877929688,980.7999877929688,980.7999877929688,980.7999877929688,2
2026-09-24 14:40:00+05:30,980.5499877929688,980.7000122070312,980.5499877929688,980.7000122070312,62
2026-09-24 14:41:00+05:30,981.0499877929688,981.0499877929688,981.0,981.0,14
2026-09-24 14:42:00+05:30,980.5999755859375,981.25,980.5999755859375,981.25,2242
2026-09-24 14:43:00+05:30,982.0,982.0,980.7999877929688,980.7999877929688,167
2026-09-24 14:44:00+05:30,982.0999755859375,982.2000122070312,982.0,982.2000122070312,45
2026-09-24 14:45:00+05:30,982.5,982.5,982.0,982.0,897
2026-09-24 14:46:00+05:30,982.5,982.5499877929688,981.8499755859375,982.4500122070312,144
2026-09-24 14:47:00+05:30,982.2999877929688,982.6500244140625,982.0499877929688,982.0499877929688,45
2026-09-24 14:49:00+05:30,982.0999755859375,982.0999755859375,982.0999755859375,982.0999755859375,8
2026-09-24 14:50:00+05:30,982.9500122070312,982.9500122070312,982.9500122070312,982.9500122070312,1
2026-09-24 14:51:00+05:30,982.2000122070312,982.2999877929688,982.2000122070312,982.2999877929688,42
2026-09-24 14:52:00+05:30,982.4500122070312,982.6500244140625,982.0,982.5999755859375,458
2026-09-24 14:54:00+05:30,982.0999755859375,982.2000122070312,981.75,982.2000122070312,18
2026-09-24 14:56:00+05:30,982.0,982.0,982.0,982.0,2
2026-09-24 14:57:00+05:30,981.4000244140625,981.9500122070312,981.4000244140625,981.7999877929688,141
2026-09-24 14:58:00+05:30,981.25,981.3499755859375,981.25,981.3499755859375,312
2026-09-24 14:59:00+05:30,980.5999755859375,981.2000122070312,980.5999755859375,981.2000122070312,61
2026-09-24 15:00:00+05:30,980.4500122070312,981.75,980.4500122070312,981.0,407
2026-09-24 15:01:00+05:30,979.7999877929688,980.4500122070312,979.7999877929688,980.4500122070312,1041
2026-09-24 15:02:00+05:30,980.0,980.0,979.5499877929688,979.5499877929688,157
2026-09-24 15:03:00+05:30,979.4000244140625,979.7999877929688,979.4000244140625,979.7999877929688,805
2026-09-24 15:04:00+05:30,978.5499877929688,979.0,978.4000244140625,979.0,96
2026-09-24 15:05:00+05:30,978.9500122070312,979.4000244140625,978.9500122070312,979.0,302
2026-09-24 15:06:00+05:30,978.9500122070312,979.9000244140625,978.9500122070312,979.9000244140625,61
2026-09-24 15:07:00+05:30,978.9000244140625,979.5499877929688,978.9000244140625,979.5,292
2026-09-24 15:08:00+05:30,979.0999755859375,979.9500122070312,979.0999755859375,979.9500122070312,45
2026-09-24 15:09:00+05:30,979.9500122070312,979.9500122070312,979.4000244140625,979.4000244140625,156
2026-09-24 15:10:00+05:30,979.7999877929688,980.0499877929688,979.0999755859375,979.4500122070312,419
2026-09-24 15:11:00+05:30,977.5,980.1500244140625,977.5,980.1500244140625,475
2026-09-24 15:12:00+05:30,977.5,977.5,977.5,977.5,210
2026-09-24 15:13:00+05:30,977.5,978.0,977.5,978.0,26
2026-09-24 15:14:00+05:30,978.0,978.0,977.7000122070312,977.7999877929688,48
2026-09-24 15:29:00+05:30,983.0,983.0,983.0,983.0,183
2026-09-25 09:15:00+05:30,979.5,980.7000122070312,979.5,980.0499877929688,516
2026-09-25 09:16:00+05:30,982.4500122070312,982.5,981.0,981.0,214
2026-09-25 09:17:00+05:30,982.2999877929688,982.5499877929688,981.9000244140625,982.5499877929688,54
2026-09-25 09:18:00+05:30,981.4500122070312,982.0,981.4500122070312,981.6500244140625,206
2026-09-25 09:19:00+05:30,980.5999755859375,981.75,980.5999755859375,981.3499755859375,137
2026-09-25 09:20:00+05:30,980.0,981.0,979.5,981.0,199
2026-09-25 09:21:00+05:30,979.0,980.0999755859375,979.0,979.5,144
2026-09-25 09:22:00+05:30,978.9500122070312,979.0,978.2999877929688,978.5999755859375,236
2026-09-25 09:23:00+05:30,981.0999755859375,981.0999755859375,979.2999877929688,979.2999877929688,79
2026-09-25 09:24:00+05:30,981.5999755859375,981.5999755859375,980.4000244140625,980.5,100
2026-09-25 09:25:00+05:30,981.4500122070312,982.0,981.4500122070312,981.7000122070312,183
2026-09-25 09:26:00+05:30,980.75,981.0499877929688,980.75,981.0499877929688,73
2026-09-25 09:27:00+05:30,981.0,981.0,980.0499877929688,980.75,83
2026-09-25 09:28:00+05:30,981.6500244140625,981.9000244140625,981.25,981.8499755859375,124
2026-09-25 09:29:00+05:30,980.5999755859375,981.8499755859375,980.5999755859375,981.8499755859375,148
2026-09-25 09:30:00+05:30,981.0499877929688,981.0499877929688,980.5499877929688,980.5499877929688,41
2026-09-25 09:31:00+05:30,980.9500122070312,981.6500244140625,980.9500122070312,981.0499877929688,19
2026-09-25 09:32:00+05:30,982.75,982.75,981.9000244140625,981.9000244140625,351
2026-09-25 09:33:00+05:30,983.0,983.0,982.75,983.0,217
2026-09-25 09:34:00+05:30,983.6500244140625,983.6500244140625,983.0999755859375,983.0999755859375,10
2026-09-25 09:35:00+05:30,982.7000122070312,982.7000122070312,982.0999755859375,982.5999755859375,165
2026-09-25 09:36:00+05:30,982.0,982.6500244140625,982.0,982.6500244140625,4
2026-09-25 09:37:00+05:30,981.7999877929688,981.7999877929688,981.0,981.4000244140625,129
2026-09-25 09:38:00+05:30,982.0,982.0,982.0,982.0,20
2026-09-25 09:39:00+05:30,982.0,982.5499877929688,982.0,982.2000122070312,216
2026-09-25 09:40:00+05:30,982.0,982.0,981.25,982.0,63
2026-09-25 09:41:00+05:30,981.8499755859375,981.8499755859375,981.8499755859375,981.8499755859375,25
2026-09-25 09:42:00+05:30,981.2000122070312,981.4000244140625,981.2000122070312,981.2000122070312,102
2026-09-25 09:43:00+05:30,980.5,981.0999755859375,980.5,980.7999877929688,67
2026-09-25 09:44:00+05:30,980.4000244140625,980.4000244140625,980.4000244140625,980.4000244140625,12
2026-09-25 09:45:00+05:30,980.0,980.4000244140625,980.0,980.4000244140625,55
2026-09-25 09:46:00+05:30,979.0,979.5,979.0,979.5,21
2026-09-25 09:47:00+05:30,979.0999755859375,979.0999755859375,978.6500244140625,979.0,654
2026-09-25 09:48:00+05:30,978.4500122070312,978.4500122070312,978.4500122070312,978.4500122070312,10
2026-09-25 09:49:00+05:30,979.1500244140625,979.1500244140625,978.0499877929688,978.4500122070312,67
2026-09-25 09:50:00+05:30,978.4500122070312,978.4500122070312,978.25,978.25,11
2026-09-25 09:51:00+05:30,979.0,979.5999755859375,978.8499755859375,978.8499755859375,36
2026-09-25 09:52:00+05:30,979.0,979.6500244140625,979.0,979.6500244140625,11
2026-09-25 09:53:00+05:30,979.2999877929688,979.2999877929688,978.5999755859375,979.0,644
2026-09-25 09:54:00+05:30,979.5999755859375,979.6500244140625,979.4500122070312,979.6500244140625,237
2026-09-25 09:55:00+05:30,980.5,980.5,979.4500122070312,980.0499877929688,136
2026-09-25 09:56:00+05:30,981.8499755859375,981.8499755859375,980.5,980.5999755859375,32
2026-09-25 09:57:00+05:30,981.5499877929688,982.0,981.5499877929688,981.9000244140625,77
2026-09-25 09:58:00+05:30,981.7000122070312,981.9500122070312,981.7000122070312,981.9500122070312,11
2026-09-25 09:59:00+05:30,981.3499755859375,981.9500122070312,981.3499755859375,981.9000244140625,19
2026-09-25 10:00:00+05:30,981.0,981.5999755859375,981.0,981.4500122070312,106
2026-09-25 10:01:00+05:30,981.4000244140625,981.4500122070312,981.0499877929688,981.0499877929688,37
2026-09-25 10:02:00+05:30,981.7000122070312,981.7000122070312,981.2999877929688,981.2999877929688,157
2026-09-25 10:03:00+05:30,981.1500244140625,981.7000122070312,981.1500244140625,981.7000122070312,21
2026-09-25 10:04:00+05:30,982.2000122070312,982.3499755859375,981.1500244140625,981.1500244140625,173
2026-09-25 10:05:00+05:30,981.5499877929688,982.25,981.5499877929688,982.2000122070312,12
2026-09-25 10:06:00+05:30,981.5999755859375,981.5999755859375,981.4500122070312,981.4500122070312,67
2026-09-25 10:07:00+05:30,981.4000244140625,982.0,981.4000244140625,982.0,62
2026-09-25 10:08:00+05:30,981.5999755859375,981.8499755859375,981.5999755859375,981.8499755859375,76
2026-09-25 10:09:00+05:30,981.2000122070312,981.2000122070312,980.7999877929688,980.7999877929688,26
2026-09-25 10:10:00+05:30,981.1500244140625,981.8499755859375,981.1500244140625,981.8499755859375,61
2026-09-25 10:11:00+05:30,982.5499877929688,982.5499877929688,981.0499877929688,981.0499877929688,4
2026-09-25 10:12:00+05:30,983.0,983.0,983.0,983.0,4
2026-09-25 10:13:00+05:30,982.0499877929688,983.0,982.0,983.0,130
2026-09-25 10:14:00+05:30,982.4000244140625,982.4000244140625,982.4000244140625,982.4000244140625,6
2026-09-25 10:15:00+05:30,982.0,982.0,981.5499877929688,981.5499877929688,84
2026-09-25 10:16:00+05:30,982.0,982.0,982.0,982.0,3
2026-09-25 10:17:00+05:30,981.0999755859375,981.7999877929688,981.0999755859375,981.5,66
2026-09-25 10:18:00+05:30,981.1500244140625,981.5,981.1500244140625,981.4000244140625,161
2026-09-25 10:19:00+05:30,981.3499755859375,981.3499755859375,981.0,981.0,9
2026-09-25 10:20:00+05:30,981.0499877929688,981.1500244140625,981.0,981.1500244140625,47
2026-09-25 10:21:00+05:30,981.0499877929688,981.0499877929688,981.0499877929688,981.0499877929688,2
2026-09-25 10:22:00+05:30,981.0,981.2999877929688,981.0,981.2999877929688,7
2026-09-25 10:23:00+05:30,980.8499755859375,981.2999877929688,980.8499755859375,981.2999877929688,18
2026-09-25 10:24:00+05:30,980.9000244140625,980.9000244140625,980.9000244140625,980.9000244140625,96
2026-09-25 10:25:00+05:30,981.0999755859375,981.0999755859375,980.5,980.5,163
2026-09-25 10:26:00+05:30,981.0,981.0999755859375,980.5499877929688,981.0999755859375,69
2026-09-25 10:27:00+05:30,980.0,980.7999877929688,980.0,980.7999877929688,295
2026-09-25 10:28:00+05:30,979.5499877929688,979.5499877929688,979.5499877929688,979.5499877929688,5
2026-09-25 10:29:00+05:30,979.5499877929688,979.5499877929688,979.5499877929688,979.5499877929688,1
2026-09-25 10:30:00+05:30,979.8499755859375,979.9500122070312,979.8499755859375,979.9500122070312,26
2026-09-25 10:31:00+05:30,979.5999755859375,979.9500122070312,979.4000244140625,979.9500122070312,130
2026-09-25 10:32:00+05:30,978.7999877929688,979.7000122070312,978.7999877929688,979.4000244140625,333
2026-09-25 10:33:00+05:30,978.7999877929688,978.7999877929688,978.1500244140625,978.1500244140625,80
2026-09-25 10:34:00+05:30,978.7999877929688,978.9000244140625,978.7999877929688,978.9000244140625,161
2026-09-25 10:35:00+05:30,978.75,978.75,978.2000122070312,978.2000122070312,11
2026-09-25 10:36:00+05:30,978.7999877929688,978.7999877929688,978.7999877929688,978.7999877929688,14
2026-09-25 10:37:00+05:30,978.6500244140625,978.6500244140625,978.4500122070312,978.4500122070312,181
2026-09-25 10:38:00+05:30,978.8499755859375,978.8499755859375,978.8499755859375,978.8499755859375,1
2026-09-25 10:39:00+05:30,978.7999877929688,978.7999877929688,978.3499755859375,978.3499755859375,7
2026-09-25 10:40:00+05:30,978.75,978.7999877929688,978.7000122070312,978.7999877929688,16
2026-09-25 10:41:00+05:30,978.0,978.5,978.0,978.5,708
2026-09-25 10:42:00+05:30,977.75,977.9000244140625,977.2000122070312,977.9000244140625,54
2026-09-25 10:43:00+05:30,977.0999755859375,977.5,977.0999755859375,977.5,141
2026-09-25 10:44:00+05:30,977.75,977.75,977.75,977.75,3
2026-09-25 10:45:00+05:30,977.7999877929688,977.7999877929688,977.75,977.75,33
2026-09-25 10:46:00+05:30,977.4000244140625,977.4000244140625,977.4000244140625,977.4000244140625,6
2026-09-25 10:47:00+05:30,977.7000122070312,977.7000122070312,977.7000122070312,977.7000122070312,19
2026-09-25 10:48:00+05:30,976.5999755859375,977.2999877929688,976.5999755859375,977.2999877929688,460
2026-09-25 10:49:00+05:30,977.2000122070312,977.2000122070312,977.2000122070312,977.2000122070312,30
2026-09-25 10:50:00+05:30,976.9500122070312,977.0,976.2999877929688,976.2999877929688,821
2026-09-25 10:51:00+05:30,977.0,977.0,977.0,977.0,6
2026-09-25 10:52:00+05:30,976.9000244140625,976.9000244140625,976.9000244140625,976.9000244140625,20
2026-09-25 10:53:00+05:30,976.7999877929688,976.7999877929688,976.7999877929688,976.7999877929688,10
2026-09-25 10:54:00+05:30,976.2999877929688,976.6500244140625,976.2999877929688,976.2999877929688,17
2026-09-25 10:55:00+05:30,977.0,977.0,976.2999877929688,976.2999877929688,23
2026-09-25 10:56:00+05:30,977.5499877929688,977.5499877929688,977.5499877929688,977.5499877929688,1
2026-09-25 10:57:00+05:30,977.5499877929688,977.5499877929688,977.5499877929688,977.5499877929688,2
2026-09-25 10:58:00+05:30,977.0,977.0,977.0,977.0,20
2026-09-25 10:59:00+05:30,977.9500122070312,977.9500122070312,977.0499877929688,977.0499877929688,18
2026-09-25 11:00:00+05:30,977.2999877929688,977.2999877929688,977.2999877929688,977.2999877929688,50
2026-09-25 11:02:00+05:30,977.2999877929688,978.2000122070312,977.2999877929688,978.2000122070312,607
2026-09-25 11:03:00+05:30,978.75,978.75,978.75,978.75,4
2026-09-25 11:04:00+05:30,978.5499877929688,978.5499877929688,978.5499877929688,978.5499877929688,1
2026-09-25 11:06:00+05:30,978.4500122070312,978.4500122070312,978.4500122070312,978.4500122070312,1
2026-09-25 11:07:00+05:30,978.5,978.5999755859375,978.5,978.5999755859375,36
2026-09-25 11:08:00+05:30,978.5499877929688,978.5499877929688,978.5,978.5,26
2026-09-25 11:10:00+05:30,978.0,978.4500122070312,978.0,978.4500122070312,113
2026-09-25 11:11:00+05:30,978.5,978.5,978.0,978.5,3
2026-09-25 11:12:00+05:30,978.5999755859375,978.5999755859375,978.4500122070312,978.4500122070312,25
2026-09-25 11:13:00+05:30,977.9000244140625,977.9000244140625,977.5999755859375,977.5999755859375,19
2026-09-25 11:14:00+05:30,978.0,978.0,978.0,978.0,11
2026-09-25 11:15:00+05:30,978.0,978.0,978.0,978.0,127
2026-09-25 11:16:00+05:30,978.7999877929688,978.7999877929688,978.75,978.75,4
2026-09-25 11:17:00+05:30,979.0,979.0,978.4500122070312,978.4500122070312,15
2026-09-25 11:18:00+05:30,979.0,979.0,979.0,979.0,15
2026-09-25 11:19:00+05:30,978.4000244140625,978.4000244140625,978.4000244140625,978.4000244140625,2
2026-09-25 11:20:00+05:30,978.5,978.5,978.4000244140625,978.4000244140625,20
2026-09-25 11:21:00+05:30,978.5999755859375,978.5999755859375,978.5,978.5,259
2026-09-25 11:22:00+05:30,979.2000122070312,979.2000122070312,978.7999877929688,978.7999877929688,123
2026-09-25 11:24:00+05:30,978.8499755859375,979.0,977.7999877929688,979.0,310
2026-09-25 11:25:00+05:30,978.0,978.0,978.0,978.0,2
2026-09-25 11:26:00+05:30,978.0,978.0,978.0,978.0,50
2026-09-25 11:27:00+05:30,978.1500244140625,978.1500244140625,978.1500244140625,978.1500244140625,1
2026-09-25 11:28:00+05:30,978.0999755859375,978.0999755859375,978.0999755859375,978.0999755859375,10
2026-09-25 11:32:00+05:30,978.5999755859375,978.5999755859375,978.5999755859375,978.5999755859375,2
2026-09-25 11:34:00+05:30,978.5,978.5,978.5,978.5,3
2026-09-25 11:36:00+05:30,978.0999755859375,978.1500244140625,978.0999755859375,978.1500244140625,9
2026-09-25 11:37:00+05:30,978.2000122070312,978.2000122070312,978.1500244140625,978.1500244140625,4
2026-09-25 11:38:00+05:30,977.7000122070312,978.0,977.7000122070312,978.0,4
2026-09-25 11:39:00+05:30,978.4000244140625,978.4000244140625,978.0999755859375,978.0999755859375,51
2026-09-25 11:40:00+05:30,977.9000244140625,977.9000244140625,977.9000244140625,977.9000244140625,86
2026-09-25 11:41:00+05:30,976.4000244140625,977.75,976.4000244140625,977.75,479
2026-09-25 11:42:00+05:30,978.0,978.1500244140625,977.0,977.0,61
2026-09-25 11:43:00+05:30,977.7000122070312,977.7999877929688,977.7000122070312,977.7999877929688,11
2026-09-25 11:44:00+05:30,977.0,977.0,977.0,977.0,1
2026-09-25 11:45:00+05:30,976.4000244140625,976.9000244140625,976.4000244140625,976.5499877929688,47
2026-09-25 11:47:00+05:30,976.5999755859375,976.5999755859375,976.5999755859375,976.5999755859375,24
2026-09-25 11:48:00+05:30,977.1500244140625,977.1500244140625,977.1500244140625,977.1500244140625,1
2026-09-25 11:49:00+05:30,977.0,977.0,976.6500244140625,976.6500244140625,132
2026-09-25 11:50:00+05:30,977.0,977.0,977.0,977.0,24
2026-09-25 11:51:00+05:30,976.5499877929688,976.5499877929688,976.5499877929688,976.5499877929688,100
2026-09-25 11:52:00+05:30,976.7999877929688,977.0,976.7999877929688,977.0,158
2026-09-25 11:53:00+05:30,977.4500122070312,977.4500122070312,977.4500122070312,977.4500122070312,10
2026-09-25 11:54:00+05:30,976.0999755859375,976.7999877929688,976.0999755859375,976.7999877929688,315
2026-09-25 11:55:00+05:30,976.4000244140625,976.4000244140625,976.4000244140625,976.4000244140625,5
2026-09-25 11:56:00+05:30,976.5,976.5,976.4000244140625,976.4000244140625,6
2026-09-25 11:57:00+05:30,976.0999755859375,976.0999755859375,976.0999755859375,976.0999755859375,12
2026-09-25 11:58:00+05:30,976.0999755859375,976.5,976.0999755859375,976.5,61
2026-09-25 11:59:00+05:30,976.0999755859375,976.5,976.0999755859375,976.5,14
2026-09-25 12:00:00+05:30,976.5,976.5,976.5,976.5,11
2026-09-25 12:01:00+05:30,975.4500122070312,975.4500122070312,975.4500122070312,975.4500122070312,823
2026-09-25 12:03:00+05:30,975.7000122070312,975.7000122070312,975.7000122070312,975.7000122070312,7
2026-09-25 12:04:00+05:30,975.5,975.5,975.5,975.5,10
2026-09-25 12:05:00+05:30,975.7999877929688,975.7999877929688,975.5,975.7000122070312,128
2026-09-25 12:06:00+05:30,975.7999877929688,975.7999877929688,975.7999877929688,975.7999877929688,20
2026-09-25 12:08:00+05:30,975.7999877929688,975.7999877929688,975.4500122070312,975.4500122070312,3
2026-09-25 12:09:00+05:30,975.4500122070312,975.4500122070312,975.1500244140625,975.4500122070312,57
2026-09-25 12:10:00+05:30,975.4500122070312,975.7000122070312,975.4500122070312,975.4500122070312,137
2026-09-25 12:11:00+05:30,975.4000244140625,975.4000244140625,975.4000244140625,975.4000244140625,20
2026-09-25 12:13:00+05:30,976.0,976.0,976.0,976.0,9
2026-09-25 12:15:00+05:30,975.4000244140625,975.4000244140625,975.4000244140625,975.4000244140625,70
2026-09-25 12:17:00+05:30,976.1500244140625,976.1500244140625,976.1500244140625,976.1500244140625,8
2026-09-25 12:18:00+05:30,976.0,976.0,976.0,976.0,1
2026-09-25 12:19:00+05:30,975.7999877929688,976.0,975.7999877929688,976.0,30
2026-09-25 12:21:00+05:30,975.7000122070312,975.75,975.7000122070312,975.75,15
2026-09-25 12:22:00+05:30,975.0,975.2999877929688,975.0,975.2999877929688,305
2026-09-25 12:23:00+05:30,976.0999755859375,976.0999755859375,975.2999877929688,975.2999877929688,346
2026-09-25 12:24:00+05:30,975.4000244140625,976.2999877929688,975.4000244140625,976.2999877929688,2329
2026-09-25 12:25:00+05:30,976.5,976.5,976.5,976.5,1
2026-09-25 12:26:00+05:30,976.3499755859375,976.3499755859375,976.0,976.0,9
2026-09-25 12:27:00+05:30,976.0,976.0,975.9500122070312,975.9500122070312,495
2026-09-25 12:28:00+05:30,975.9500122070312,975.9500122070312,975.9500122070312,975.9500122070312,5
2026-09-25 12:29:00+05:30,975.2000122070312,975.2000122070312,975.2000122070312,975.2000122070312,7
2026-09-25 12:30:00+05:30,975.4500122070312,976.0999755859375,975.4500122070312,976.0999755859375,55
2026-09-25 12:31:00+05:30,976.0,976.0,975.4000244140625,975.4000244140625,19
2026-09-25 12:32:00+05:30,975.3499755859375,976.0499877929688,975.3499755859375,976.0499877929688,3
2026-09-25 12:33:00+05:30,975.4000244140625,976.2000122070312,975.4000244140625,976.0,126
2026-09-25 12:34:00+05:30,975.9500122070312,976.0499877929688,975.4000244140625,976.0,23
2026-09-25 12:35:00+05:30,975.9500122070312,975.9500122070312,975.9500122070312,975.9500122070312,100
2026-09-25 12:36:00+05:30,975.25,975.25,975.25,975.25,98
2026-09-25 12:37:00+05:30,975.0,975.5499877929688,975.0,975.5499877929688,12
2026-09-25 12:38:00+05:30,975.4500122070312,975.4500122070312,975.4000244140625,975.4000244140625,28
2026-09-25 12:39:00+05:30,975.4500122070312,975.4500122070312,975.0,975.0,131
2026-09-25 12:40:00+05:30,975.0,975.0,975.0,975.0,6261
2026-09-25 12:41:00+05:30,974.75,975.0,974.75,975.0,21
2026-09-25 12:42:00+05:30,974.5499877929688,974.5499877929688,974.0,974.0,51
2026-09-25 12:43:00+05:30,974.5,974.5,974.5,974.5,10
2026-09-25 12:44:00+05:30,974.0,974.4500122070312,974.0,974.4500122070312,83
2026-09-25 12:45:00+05:30,973.5499877929688,974.1500244140625,973.5499877929688,974.1500244140625,10
2026-09-25 12:46:00+05:30,973.0,974.0,973.0,974.0,1010
2026-09-25 12:47:00+05:30,974.0,974.0,973.4000244140625,973.4000244140625,41
2026-09-25 12:48:00+05:30,973.2000122070312,974.0,973.2000122070312,974.0,357
2026-09-25 12:49:00+05:30,973.1500244140625,973.9500122070312,973.1500244140625,973.9500122070312,79
2026-09-25 12:50:00+05:30,973.25,973.3499755859375,972.7000122070312,973.2000122070312,323
2026-09-25 12:51:00+05:30,973.4500122070312,973.4500122070312,972.7000122070312,972.7000122070312,243
2026-09-25 12:52:00+05:30,972.2999877929688,973.5999755859375,972.0,973.5999755859375,14259
2026-09-25 12:53:00+05:30,973.4500122070312,973.5999755859375,971.5999755859375,972.0,672
2026-09-25 12:54:00+05:30,972.7999877929688,973.0,972.7999877929688,973.0,21
2026-09-25 12:55:00+05:30,973.0,973.0,972.7999877929688,973.0,56
2026-09-25 12:56:00+05:30,971.5999755859375,973.0,971.5999755859375,973.0,1404
2026-09-25 12:57:00+05:30,972.5999755859375,972.5999755859375,972.0999755859375,972.0999755859375,26
2026-09-25 12:58:00+05:30,972.4000244140625,972.4000244140625,972.2000122070312,972.2000122070312,51
2026-09-25 12:59:00+05:30,972.4000244140625,972.8499755859375,972.25,972.25,55
2026-09-25 13:00:00+05:30,972.2999877929688,972.2999877929688,972.2999877929688,972.2999877929688,1
2026-09-25 13:01:00+05:30,972.0,972.2999877929688,972.0,972.2999877929688,52
2026-09-25 13:02:00+05:30,972.2999877929688,972.2999877929688,972.2999877929688,972.2999877929688,2
2026-09-25 13:03:00+05:30,972.2999877929688,972.2999877929688,972.2999877929688,972.2999877929688,32
2026-09-25 13:04:00+05:30,972.2999877929688,972.2999877929688,972.2999877929688,972.2999877929688,4
2026-09-25 13:05:00+05:30,972.2999877929688,972.2999877929688,972.2999877929688,972.2999877929688,18
2026-09-25 13:06:00+05:30,972.2999877929688,972.2999877929688,972.0,972.2999877929688,67
2026-09-25 13:07:00+05:30,972.2999877929688,972.2999877929688,971.75,972.2999877929688,129
2026-09-25 13:08:00+05:30,972.75,972.75,971.8499755859375,972.4000244140625,675
2026-09-25 13:09:00+05:30,972.25,972.7999877929688,972.25,972.7999877929688,16
2026-09-25 13:10:00+05:30,972.2999877929688,972.7999877929688,972.2999877929688,972.7999877929688,21
2026-09-25 13:11:00+05:30,972.4500122070312,973.0,972.4500122070312,973.0,18
2026-09-25 13:13:00+05:30,973.3499755859375,973.3499755859375,972.75,973.0,17
2026-09-25 13:14:00+05:30,972.7999877929688,973.4000244140625,972.7999877929688,973.4000244140625,32
2026-09-25 13:15:00+05:30,973.7999877929688,973.7999877929688,973.7999877929688,973.7999877929688,20
2026-09-25 13:16:00+05:30,973.1500244140625,973.1500244140625,973.1500244140625,973.1500244140625,12
2026-09-25 13:17:00+05:30,972.9000244140625,973.5,972.9000244140625,972.9500122070312,36
2026-09-25 13:18:00+05:30,973.0499877929688,973.7000122070312,973.0499877929688,973.7000122070312,53
2026-09-25 13:19:00+05:30,973.5999755859375,973.5999755859375,972.7000122070312,972.7000122070312,254
2026-09-25 13:21:00+05:30,973.7999877929688,973.7999877929688,973.0999755859375,973.0999755859375,66
2026-09-25 13:22:00+05:30,973.75,973.75,973.75,973.75,10
2026-09-25 13:23:00+05:30,973.7999877929688,973.7999877929688,973.75,973.75,84
2026-09-25 13:24:00+05:30,974.0,974.0,974.0,974.0,28
2026-09-25 13:25:00+05:30,973.6500244140625,974.0,973.0,974.0,201
2026-09-25 13:27:00+05:30,973.75,973.75,973.5999755859375,973.5999755859375,3
2026-09-25 13:28:00+05:30,973.7000122070312,973.75,973.7000122070312,973.75,3
2026-09-25 13:29:00+05:30,974.0,974.0,973.7000122070312,973.7000122070312,268
2026-09-25 13:30:00+05:30,974.5999755859375,974.5999755859375,974.5999755859375,974.5999755859375,2
2026-09-25 13:32:00+05:30,974.5499877929688,974.5499877929688,974.5499877929688,974.5499877929688,1
2026-09-25 13:33:00+05:30,973.9000244140625,974.5499877929688,973.9000244140625,974.5499877929688,88
2026-09-25 13:34:00+05:30,973.2999877929688,973.9500122070312,973.2999877929688,973.2999877929688,58
2026-09-25 13:35:00+05:30,973.9000244140625,973.9000244140625,973.9000244140625,973.9000244140625,8
2026-09-25 13:36:00+05:30,973.9000244140625,973.9000244140625,973.9000244140625,973.9000244140625,2
2026-09-25 13:37:00+05:30,974.0,974.0,973.9000244140625,973.9000244140625,5
2026-09-25 13:38:00+05:30,974.2000122070312,974.2000122070312,974.2000122070312,974.2000122070312,2
2026-09-25 13:40:00+05:30,974.4000244140625,974.4000244140625,974.4000244140625,974.4000244140625,5
2026-09-25 13:41:00+05:30,974.0,974.0,974.0,974.0,1
2026-09-25 13:42:00+05:30,974.4000244140625,974.4000244140625,974.4000244140625,974.4000244140625,2
2026-09-25 13:43:00+05:30,974.5,974.5,974.0,974.0,5
2026-09-25 13:45:00+05:30,974.0,974.0,974.0,974.0,20
2026-09-25 13:46:00+05:30,974.4500122070312,974.4500122070312,974.4500122070312,974.4500122070312,1
2026-09-25 13:47:00+05:30,974.7000122070312,974.7000122070312,974.0,974.0999755859375,970
2026-09-25 13:48:00+05:30,974.2000122070312,974.2000122070312,974.0,974.0,173
2026-09-25 13:49:00+05:30,973.5,974.0,973.5,974.0,7
2026-09-25 13:50:00+05:30,973.4000244140625,973.5,973.4000244140625,973.5,42
2026-09-25 13:51:00+05:30,974.0,974.0,974.0,974.0,4
2026-09-25 13:52:00+05:30,973.5,974.0,973.5,974.0,23
2026-09-25 13:53:00+05:30,974.0,974.0,973.5,973.5,30
2026-09-25 13:54:00+05:30,973.5,974.0,973.5,974.0,17
2026-09-25 13:56:00+05:30,973.9500122070312,973.9500122070312,973.9500122070312,973.9500122070312,18
2026-09-25 13:57:00+05:30,973.9500122070312,974.2000122070312,973.9500122070312,974.0,28
2026-09-25 13:58:00+05:30,973.9500122070312,973.9500122070312,973.9500122070312,973.9500122070312,1
2026-09-25 13:59:00+05:30,974.0,974.0,974.0,974.0,1
2026-09-25 14:00:00+05:30,975.0,975.0,974.4000244140625,974.4000244140625,136
2026-09-25 14:01:00+05:30,975.9500122070312,975.9500122070312,975.9500122070312,975.9500122070312,5
2026-09-25 14:02:00+05:30,976.0,976.0,976.0,976.0,10
2026-09-25 14:03:00+05:30,977.3499755859375,977.7999877929688,976.9000244140625,977.0,131
2026-09-25 14:04:00+05:30,977.5499877929688,978.2999877929688,977.5499877929688,978.0,67
2026-09-25 14:06:00+05:30,977.4500122070312,978.2000122070312,977.4000244140625,978.1500244140625,402
2026-09-25 14:08:00+05:30,977.5499877929688,977.75,977.0499877929688,977.75,549
2026-09-25 14:09:00+05:30,977.6500244140625,977.6500244140625,977.5999755859375,977.5999755859375,6
2026-09-25 14:10:00+05:30,977.75,977.75,977.75,977.75,5
2026-09-25 14:11:00+05:30,978.4000244140625,978.4000244140625,978.4000244140625,978.4000244140625,40
2026-09-25 14:12:00+05:30,978.5999755859375,978.5999755859375,978.5999755859375,978.5999755859375,7
2026-09-25 14:13:00+05:30,978.5999755859375,978.9000244140625,978.5999755859375,978.9000244140625,2
2026-09-25 14:14:00+05:30,978.7000122070312,978.7000122070312,978.7000122070312,978.7000122070312,293
2026-09-25 14:15:00+05:30,978.7999877929688,978.7999877929688,978.7999877929688,978.7999877929688,15
2026-09-25 14:16:00+05:30,978.5,978.7999877929688,978.5,978.7999877929688,15
2026-09-25 14:17:00+05:30,979.2999877929688,979.2999877929688,979.1500244140625,979.1500244140625,110
2026-09-25 14:19:00+05:30,979.1500244140625,979.2999877929688,978.5499877929688,978.7000122070312,123
2026-09-25 14:20:00+05:30,978.0,978.9500122070312,978.0,978.9500122070312,24
2026-09-25 14:21:00+05:30,977.9500122070312,978.5,977.5499877929688,977.5499877929688,128
2026-09-25 14:22:00+05:30,977.5,977.9000244140625,977.5,977.9000244140625,17
2026-09-25 14:23:00+05:30,978.0999755859375,978.0999755859375,978.0999755859375,978.0999755859375,2
2026-09-25 14:25:00+05:30,977.7000122070312,977.7000122070312,977.0999755859375,977.0999755859375,112
2026-09-25 14:26:00+05:30,978.2000122070312,978.2000122070312,977.5999755859375,977.5999755859375,12
2026-09-25 14:27:00+05:30,978.25,978.25,978.0499877929688,978.0499877929688,38
2026-09-25 14:28:00+05:30,977.6500244140625,978.25,977.6500244140625,977.7000122070312,28
2026-09-25 14:30:00+05:30,977.2000122070312,978.0999755859375,977.2000122070312,978.0999755859375,73
2026-09-25 14:31:00+05:30,978.0,978.0999755859375,978.0,978.0999755859375,21
2026-09-25 14:32:00+05:30,977.7999877929688,977.9000244140625,977.2000122070312,977.2000122070312,80
2026-09-25 14:33:00+05:30,977.2999877929688,977.9000244140625,977.2999877929688,977.9000244140625,287
2026-09-25 14:34:00+05:30,977.2000122070312,977.8499755859375,977.2000122070312,977.8499755859375,38
2026-09-25 14:35:00+05:30,977.2000122070312,977.7999877929688,977.2000122070312,977.7999877929688,103
2026-09-25 14:36:00+05:30,977.7999877929688,977.8499755859375,977.7999877929688,977.8499755859375,21
2026-09-25 14:37:00+05:30,977.7999877929688,977.7999877929688,977.5,977.5,31
2026-09-25 14:38:00+05:30,977.8499755859375,977.8499755859375,977.8499755859375,977.8499755859375,50
2026-09-25 14:39:00+05:30,977.4500122070312,977.8499755859375,977.3499755859375,977.8499755859375,5
2026-09-25 14:40:00+05:30,977.8499755859375,977.8499755859375,977.5999755859375,977.5999755859375,36
2026-09-25 14:41:00+05:30,977.0499877929688,977.5,977.0499877929688,977.2999877929688,109
2026-09-25 14:42:00+05:30,977.7000122070312,977.7000122070312,977.7000122070312,977.7000122070312,10
2026-09-25 14:43:00+05:30,977.2000122070312,977.7000122070312,977.2000122070312,977.7000122070312,22
2026-09-25 14:44:00+05:30,977.7000122070312,977.7000122070312,977.7000122070312,977.7000122070312,4
2026-09-25 14:45:00+05:30,977.7999877929688,977.7999877929688,977.75,977.75,15
2026-09-25 14:47:00+05:30,978.4000244140625,978.4000244140625,977.7999877929688,977.7999877929688,636
2026-09-25 14:48:00+05:30,978.4000244140625,978.5,978.4000244140625,978.5,4
2026-09-25 14:49:00+05:30,977.8499755859375,978.4000244140625,977.8499755859375,978.4000244140625,33
2026-09-25 14:51:00+05:30,978.4000244140625,978.4500122070312,978.4000244140625,978.4000244140625,73
2026-09-25 14:52:00+05:30,978.0,978.0,978.0,978.0,6
2026-09-25 14:53:00+05:30,978.0,978.4000244140625,978.0,978.4000244140625,6
2026-09-25 14:54:00+05:30,978.4000244140625,978.4000244140625,978.2000122070312,978.2000122070312,40
2026-09-25 14:55:00+05:30,978.2000122070312,978.5999755859375,978.2000122070312,978.5999755859375,44
2026-09-25 14:56:00+05:30,978.2999877929688,978.5999755859375,977.6500244140625,978.5999755859375,715
2026-09-25 14:57:00+05:30,978.2999877929688,978.4000244140625,978.2999877929688,978.2999877929688,60
2026-09-25 14:58:00+05:30,978.1500244140625,978.1500244140625,977.7000122070312,977.75,23
2026-09-25 14:59:00+05:30,978.0999755859375,978.0999755859375,978.0999755859375,978.0999755859375,45
2026-09-25 15:00:00+05:30,977.8499755859375,977.9000244140625,977.6500244140625,977.6500244140625,439
2026-09-25 15:01:00+05:30,977.8499755859375,977.8499755859375,977.8499755859375,977.8499755859375,25
2026-09-25 15:02:00+05:30,978.0,978.0,977.5,977.5,74
2026-09-25 15:03:00+05:30,978.2999877929688,978.2999877929688,978.0,978.0,82
2026-09-25 15:04:00+05:30,978.4000244140625,978.4000244140625,978.0,978.2999877929688,308
2026-09-25 15:05:00+05:30,978.4500122070312,978.5,978.2999877929688,978.4000244140625,145
2026-09-25 15:06:00+05:30,977.75,978.1500244140625,977.0999755859375,977.7000122070312,104
2026-09-25 15:07:00+05:30,977.2000122070312,977.5499877929688,977.2000122070312,977.2000122070312,46
2026-09-25 15:08:00+05:30,977.7000122070312,977.7000122070312,977.0999755859375,977.1500244140625,121
2026-09-25 15:09:00+05:30,977.5999755859375,977.6500244140625,977.5999755859375,977.6500244140625,28
2026-09-25 15:10:00+05:30,977.0,977.2999877929688,977.0,977.2999877929688,185
2026-09-25 15:11:00+05:30,977.2999877929688,977.2999877929688,976.5,976.9500122070312,207
2026-09-25 15:12:00+05:30,976.5999755859375,977.2999877929688,976.3499755859375,976.3499755859375,334
2026-09-25 15:13:00+05:30,976.2000122070312,977.0999755859375,975.9500122070312,975.9500122070312,106
2026-09-25 15:14:00+05:30,976.0999755859375,976.0999755859375,975.5499877929688,975.5499877929688,501
2026-09-25 15:29:00+05:30,976.0999755859375,976.0999755859375,976.0999755859375,976.0999755859375,236
2026-09-28 09:15:00+05:30,966.5499877929688,972.0,964.5,968.0,1547
2026-09-28 09:16:00+05:30,960.4500122070312,966.2999877929688,959.1500244140625,966.2999877929688,3341
2026-09-28 09:17:00+05:30,958.5,959.9500122070312,957.25,959.9500122070312,2265
2026-09-28 09:18:00+05:30,960.2000122070312,960.7000122070312,957.8499755859375,958.5999755859375,795
2026-09-28 09:19:00+05:30,958.5499877929688,960.9500122070312,958.5499877929688,960.25,1023
2026-09-28 09:20:00+05:30,957.0,958.5499877929688,957.0,958.5499877929688,365
2026-09-28 09:21:00+05:30,955.0,957.2999877929688,954.8499755859375,957.0,848
2026-09-28 09:22:00+05:30,955.4000244140625,956.5,955.0,955.2000122070312,591
2026-09-28 09:23:00+05:30,955.5999755859375,956.2000122070312,955.0,955.0,738
2026-09-28 09:24:00+05:30,955.0999755859375,955.5499877929688,954.7999877929688,955.5499877929688,420
2026-09-28 09:25:00+05:30,954.7999877929688,955.5,954.0,954.6500244140625,1363
2026-09-28 09:26:00+05:30,955.0999755859375,955.9500122070312,955.0,955.7000122070312,110
2026-09-28 09:27:00+05:30,955.5999755859375,956.5,955.0,955.0,329
2026-09-28 09:28:00+05:30,954.4000244140625,955.2000122070312,954.4000244140625,954.5,451
2026-09-28 09:29:00+05:30,955.0,955.5999755859375,954.0,954.0,1347
2026-09-28 09:30:00+05:30,953.5,954.5999755859375,953.0499877929688,954.5999755859375,159
2026-09-28 09:31:00+05:30,953.0,953.7000122070312,952.0499877929688,952.9000244140625,1095
2026-09-28 09:32:00+05:30,952.5,953.0,952.5,953.0,132
2026-09-28 09:33:00+05:30,952.9000244140625,953.0,952.5499877929688,952.5499877929688,108
2026-09-28 09:34:00+05:30,953.7000122070312,953.7000122070312,953.0,953.0,1260
2026-09-28 09:35:00+05:30,953.0999755859375,954.5999755859375,953.0,954.5999755859375,1150
2026-09-28 09:36:00+05:30,953.2000122070312,953.2000122070312,951.5999755859375,952.5,667
2026-09-28 09:37:00+05:30,952.0,953.5499877929688,952.0,953.0,563
2026-09-28 09:38:00+05:30,952.6500244140625,952.7999877929688,952.2000122070312,952.5,129
2026-09-28 09:39:00+05:30,952.5499877929688,953.0499877929688,952.5499877929688,953.0,1240
2026-09-28 09:40:00+05:30,951.5,952.0,951.2000122070312,952.0,2124
2026-09-28 09:41:00+05:30,953.0499877929688,953.0499877929688,951.9000244140625,951.9000244140625,65
2026-09-28 09:42:00+05:30,955.0,955.2000122070312,953.7000122070312,953.7000122070312,264
2026-09-28 09:43:00+05:30,956.5,956.7000122070312,955.0,955.0,933
2026-09-28 09:44:00+05:30,955.0,956.2999877929688,955.0,956.2999877929688,91
2026-09-28 09:45:00+05:30,955.6500244140625,956.2000122070312,955.0,955.0,455
2026-09-28 09:46:00+05:30,956.3499755859375,956.7000122070312,956.0999755859375,956.0999755859375,135
2026-09-28 09:47:00+05:30,958.0,958.0,956.0,956.0,275
2026-09-28 09:48:00+05:30,955.5,958.0,955.5,958.0,1535
2026-09-28 09:49:00+05:30,954.6500244140625,955.4500122070312,954.6500244140625,955.0999755859375,182
2026-09-28 09:50:00+05:30,953.2000122070312,955.0,953.2000122070312,954.4500122070312,680
2026-09-28 09:51:00+05:30,958.0,958.0,954.7999877929688,954.9000244140625,2374
2026-09-28 09:52:00+05:30,958.0,958.2000122070312,958.0,958.0,3297
2026-09-28 09:53:00+05:30,960.0,960.0,958.0,958.4500122070312,1356
2026-09-28 09:54:00+05:30,960.0999755859375,960.2000122070312,959.9000244140625,960.0,284
2026-09-28 09:55:00+05:30,959.5,959.75,959.0,959.75,363
2026-09-28 09:56:00+05:30,960.5999755859375,960.5999755859375,960.2000122070312,960.2000122070312,1228
2026-09-28 09:57:00+05:30,960.0,960.2000122070312,959.9500122070312,960.2000122070312,312
2026-09-28 09:58:00+05:30,959.7999877929688,960.0,959.5999755859375,960.0,15
2026-09-28 09:59:00+05:30,960.9500122070312,960.9500122070312,960.0,960.4500122070312,1608
2026-09-28 10:00:00+05:30,961.0,961.5,960.9000244140625,960.9000244140625,296
2026-09-28 10:01:00+05:30,962.6500244140625,962.6500244140625,961.3499755859375,961.3499755859375,66
2026-09-28 10:02:00+05:30,962.1500244140625,962.25,961.7999877929688,962.25,128
2026-09-28 10:03:00+05:30,961.8499755859375,961.8499755859375,961.8499755859375,961.8499755859375,1
2026-09-28 10:04:00+05:30,961.5499877929688,961.8499755859375,961.5,961.5,259
2026-09-28 10:05:00+05:30,961.2999877929688,961.5499877929688,961.0,961.5499877929688,1109
2026-09-28 10:06:00+05:30,962.25,962.25,961.6500244140625,961.6500244140625,419
2026-09-28 10:07:00+05:30,962.2999877929688,962.6500244140625,962.0,962.6500244140625,203
2026-09-28 10:08:00+05:30,962.0,962.7000122070312,962.0,962.7000122070312,17
2026-09-28 10:09:00+05:30,961.1500244140625,962.0,961.1500244140625,962.0,1974
2026-09-28 10:10:00+05:30,960.0499877929688,960.0499877929688,960.0499877929688,960.0499877929688,3000
2026-09-28 10:12:00+05:30,961.0,961.0,961.0,961.0,24
2026-09-28 10:13:00+05:30,962.1500244140625,962.1500244140625,961.5,961.5,25
2026-09-28 10:14:00+05:30,962.25,963.0,962.25,962.8499755859375,42
2026-09-28 10:15:00+05:30,961.4000244140625,962.0,961.4000244140625,962.0,55
2026-09-28 10:16:00+05:30,962.0999755859375,962.0999755859375,961.0499877929688,961.0499877929688,122
2026-09-28 10:17:00+05:30,961.8499755859375,962.25,961.8499755859375,962.0,29
2026-09-28 10:18:00+05:30,962.0,962.0,961.1500244140625,961.1500244140625,1586
2026-09-28 10:19:00+05:30,962.0999755859375,962.0999755859375,961.5,961.5,76
2026-09-28 10:20:00+05:30,962.8499755859375,962.8499755859375,962.0999755859375,962.0999755859375,148
2026-09-28 10:21:00+05:30,962.2999877929688,963.0,962.2999877929688,962.9000244140625,84
2026-09-28 10:22:00+05:30,961.9500122070312,962.4000244140625,961.9500122070312,962.4000244140625,105
2026-09-28 10:23:00+05:30,962.5499877929688,962.9500122070312,962.5,962.5,37
2026-09-28 10:24:00+05:30,962.4000244140625,962.9000244140625,962.4000244140625,962.9000244140625,25
2026-09-28 10:25:00+05:30,962.2000122070312,962.75,962.0,962.0,119
2026-09-28 10:26:00+05:30,962.5,963.0,962.5,963.0,9
2026-09-28 10:27:00+05:30,962.2000122070312,962.2000122070312,962.2000122070312,962.2000122070312,12
2026-09-28 10:28:00+05:30,961.5999755859375,962.0,961.5999755859375,962.0,132
2026-09-28 10:29:00+05:30,960.4000244140625,961.7000122070312,960.25,961.5,227
2026-09-28 10:30:00+05:30,962.0,962.0,960.9000244140625,960.9000244140625,80
2026-09-28 10:31:00+05:30,961.5999755859375,961.5999755859375,961.25,961.25,52
2026-09-28 10:33:00+05:30,961.9000244140625,961.9000244140625,961.0,961.0,21
2026-09-28 10:34:00+05:30,962.0499877929688,963.0,962.0499877929688,963.0,479
2026-09-28 10:35:00+05:30,962.5999755859375,962.5999755859375,962.5999755859375,962.5999755859375,23
2026-09-28 10:36:00+05:30,962.25,962.75,962.25,962.75,54
2026-09-28 10:37:00+05:30,963.0,963.0,963.0,963.0,85
2026-09-28 10:38:00+05:30,962.3499755859375,962.9000244140625,962.3499755859375,962.9000244140625,52
2026-09-28 10:39:00+05:30,962.25,962.25,962.0,962.2000122070312,34
2026-09-28 10:41:00+05:30,962.0,962.4000244140625,962.0,962.1500244140625,59
2026-09-28 10:42:00+05:30,962.0499877929688,962.5999755859375,962.0499877929688,962.2999877929688,140
2026-09-28 10:43:00+05:30,963.0,963.0,962.5,962.5,3
2026-09-28 10:44:00+05:30,962.75,962.75,962.5499877929688,962.5499877929688,54
2026-09-28 10:45:00+05:30,962.5999755859375,962.7000122070312,961.9500122070312,962.7000122070312,99
2026-09-28 10:46:00+05:30,963.0,963.0,963.0,963.0,10
2026-09-28 10:47:00+05:30,963.0499877929688,963.0499877929688,963.0499877929688,963.0499877929688,1
2026-09-28 10:48:00+05:30,963.0,963.0,963.0,963.0,11
2026-09-28 10:49:00+05:30,962.7000122070312,962.7000122070312,962.4000244140625,962.5999755859375,29
2026-09-28 10:50:00+05:30,962.4500122070312,962.4500122070312,962.4500122070312,962.4500122070312,31
2026-09-28 10:51:00+05:30,962.2999877929688,962.2999877929688,962.2999877929688,962.2999877929688,4
2026-09-28 10:52:00+05:30,962.5,962.5,962.5,962.5,4
2026-09-28 10:53:00+05:30,961.9000244140625,962.0,961.4000244140625,961.7999877929688,352
2026-09-28 10:55:00+05:30,963.0,963.0,963.0,963.0,111
2026-09-28 10:56:00+05:30,962.5499877929688,962.5499877929688,962.5499877929688,962.5499877929688,30
2026-09-28 10:57:00+05:30,963.2999877929688,963.4000244140625,963.2999877929688,963.4000244140625,11
2026-09-28 10:58:00+05:30,963.2000122070312,963.2000122070312,963.2000122070312,963.2000122070312,1
2026-09-28 10:59:00+05:30,963.7999877929688,963.9500122070312,962.7999877929688,962.7999877929688,10
2026-09-28 11:00:00+05:30,963.3499755859375,963.7999877929688,963.3499755859375,963.7999877929688,44
2026-09-28 11:02:00+05:30,963.2000122070312,963.2000122070312,963.0,963.0,65
2026-09-28 11:03:00+05:30,962.9500122070312,963.4000244140625,962.9500122070312,963.4000244140625,18
2026-09-28 11:04:00+05:30,963.5499877929688,963.5499877929688,963.5499877929688,963.5499877929688,1
2026-09-28 11:05:00+05:30,963.1500244140625,963.1500244140625,963.1500244140625,963.1500244140625,1
2026-09-28 11:06:00+05:30,962.5499877929688,962.7999877929688,962.5499877929688,962.7999877929688,4
2026-09-28 11:07:00+05:30,963.0,963.0,962.5499877929688,962.5499877929688,61
2026-09-28 11:08:00+05:30,963.0,963.0,963.0,963.0,5
2026-09-28 11:09:00+05:30,962.4500122070312,962.4500122070312,962.4500122070312,962.4500122070312,2
2026-09-28 11:11:00+05:30,962.0,962.6500244140625,962.0,962.4500122070312,76
2026-09-28 11:12:00+05:30,962.25,962.6500244140625,962.25,962.4500122070312,43
2026-09-28 11:13:00+05:30,962.5999755859375,962.5999755859375,962.5999755859375,962.5999755859375,25
2026-09-28 11:14:00+05:30,963.9000244140625,963.9000244140625,963.0999755859375,963.0999755859375,65
2026-09-28 11:15:00+05:30,964.0,964.0,964.0,964.0,3
2026-09-28 11:16:00+05:30,963.2000122070312,963.2000122070312,963.0,963.0,501
2026-09-28 11:17:00+05:30,963.6500244140625,963.6500244140625,963.5999755859375,963.5999755859375,16
2026-09-28 11:18:00+05:30,964.0,964.0,964.0,964.0,12
2026-09-28 11:19:00+05:30,963.8499755859375,964.4000244140625,963.8499755859375,964.4000244140625,2
2026-09-28 11:20:00+05:30,963.5,963.5,963.5,963.5,151
2026-09-28 11:21:00+05:30,965.0,965.0,963.5999755859375,963.5999755859375,158
2026-09-28 11:22:00+05:30,965.0,965.4000244140625,965.0,965.4000244140625,745
2026-09-28 11:23:00+05:30,965.4000244140625,965.4000244140625,964.75,965.2000122070312,1619
2026-09-28 11:24:00+05:30,964.5499877929688,965.2000122070312,964.0999755859375,965.0,3319
2026-09-28 11:25:00+05:30,963.75,963.75,963.75,963.75,10
2026-09-28 11:26:00+05:30,964.0,964.0999755859375,964.0,964.0999755859375,51
2026-09-28 11:27:00+05:30,964.5499877929688,964.5499877929688,964.5499877929688,964.5499877929688,3
2026-09-28 11:28:00+05:30,964.5499877929688,964.5499877929688,964.5499877929688,964.5499877929688,1
2026-09-28 11:29:00+05:30,964.5499877929688,964.5499877929688,964.5499877929688,964.5499877929688,25
2026-09-28 11:30:00+05:30,964.5499877929688,964.5499877929688,964.5499877929688,964.5499877929688,100
2026-09-28 11:31:00+05:30,963.8499755859375,964.2000122070312,963.8499755859375,964.2000122070312,10
2026-09-28 11:32:00+05:30,963.9000244140625,963.9000244140625,963.9000244140625,963.9000244140625,71
2026-09-28 11:33:00+05:30,963.8499755859375,963.8499755859375,963.8499755859375,963.8499755859375,1
2026-09-28 11:34:00+05:30,963.5,963.5,963.2999877929688,963.2999877929688,34
2026-09-28 11:35:00+05:30,963.9500122070312,963.9500122070312,963.5999755859375,963.9000244140625,547
2026-09-28 11:36:00+05:30,964.3499755859375,964.3499755859375,963.7000122070312,963.7000122070312,21
2026-09-28 11:38:00+05:30,963.7999877929688,964.2000122070312,963.7999877929688,964.2000122070312,32
2026-09-28 11:40:00+05:30,964.75,964.75,963.0999755859375,963.0999755859375,169
2026-09-28 11:41:00+05:30,964.5,965.0,964.5,965.0,33
2026-09-28 11:42:00+05:30,964.5,964.7999877929688,964.5,964.5999755859375,38
2026-09-28 11:43:00+05:30,964.0,964.4000244140625,964.0,964.4000244140625,61
2026-09-28 11:44:00+05:30,964.0999755859375,964.0999755859375,964.0999755859375,964.0999755859375,30
2026-09-28 11:45:00+05:30,963.3499755859375,964.2000122070312,963.3499755859375,964.2000122070312,135
2026-09-28 11:46:00+05:30,963.4500122070312,963.4500122070312,963.4500122070312,963.4500122070312,3
2026-09-28 11:47:00+05:30,964.0,964.0,964.0,964.0,20
2026-09-28 11:49:00+05:30,963.0999755859375,963.0999755859375,963.0999755859375,963.0999755859375,10
2026-09-28 11:50:00+05:30,962.5,962.5,962.5,962.5,53
2026-09-28 11:53:00+05:30,961.7999877929688,962.0,961.7999877929688,962.0,167
2026-09-28 11:54:00+05:30,962.4000244140625,962.4000244140625,961.7999877929688,961.7999877929688,6
2026-09-28 11:55:00+05:30,961.5499877929688,961.9000244140625,961.4000244140625,961.9000244140625,152
2026-09-28 11:56:00+05:30,961.0499877929688,961.0499877929688,961.0499877929688,961.0499877929688,230
2026-09-28 11:57:00+05:30,960.9500122070312,961.0,960.9500122070312,961.0,51
2026-09-28 11:58:00+05:30,961.0,961.7000122070312,961.0,961.25,62
2026-09-28 12:00:00+05:30,961.2000122070312,961.2000122070312,961.0999755859375,961.2000122070312,2212
2026-09-28 12:01:00+05:30,961.7000122070312,961.8499755859375,961.4000244140625,961.8499755859375,81
2026-09-28 12:02:00+05:30,961.4000244140625,961.5499877929688,961.2999877929688,961.5499877929688,641
2026-09-28 12:03:00+05:30,961.5,961.5,961.5,961.5,15
2026-09-28 12:04:00+05:30,960.9500122070312,960.9500122070312,960.9500122070312,960.9500122070312,7
2026-09-28 12:05:00+05:30,961.3499755859375,961.5,960.7999877929688,960.7999877929688,137
2026-09-28 12:07:00+05:30,960.9500122070312,961.3499755859375,960.9500122070312,961.3499755859375,55
2026-09-28 12:08:00+05:30,961.4500122070312,961.4500122070312,961.4000244140625,961.4000244140625,8
2026-09-28 12:09:00+05:30,961.2000122070312,961.4500122070312,961.2000122070312,961.4500122070312,52
2026-09-28 12:10:00+05:30,960.3499755859375,961.0,960.3499755859375,961.0,213
2026-09-28 12:11:00+05:30,960.9000244140625,960.9000244140625,960.5,960.5,15
2026-09-28 12:12:00+05:30,961.4000244140625,961.4000244140625,961.0,961.0,100
2026-09-28 12:14:00+05:30,961.5,961.5,961.5,961.5,100
2026-09-28 12:15:00+05:30,961.2000122070312,961.2000122070312,961.2000122070312,961.2000122070312,18
2026-09-28 12:16:00+05:30,961.0999755859375,961.0999755859375,961.0999755859375,961.0999755859375,3
2026-09-28 12:19:00+05:30,961.5999755859375,962.0999755859375,961.2000122070312,961.2000122070312,115
2026-09-28 12:21:00+05:30,961.9000244140625,961.9000244140625,961.9000244140625,961.9000244140625,10
2026-09-28 12:22:00+05:30,961.4000244140625,961.9000244140625,961.4000244140625,961.9000244140625,40
2026-09-28 12:23:00+05:30,962.2999877929688,962.2999877929688,961.9000244140625,961.9000244140625,44
2026-09-28 12:24:00+05:30,962.7000122070312,962.7000122070312,962.2000122070312,962.2000122070312,103
2026-09-28 12:26:00+05:30,962.4000244140625,962.4000244140625,962.4000244140625,962.4000244140625,7
2026-09-28 12:27:00+05:30,962.9500122070312,962.9500122070312,962.0999755859375,962.0999755859375,200
2026-09-28 12:28:00+05:30,962.9500122070312,962.9500122070312,962.9500122070312,962.9500122070312,100
2026-09-28 12:29:00+05:30,962.7999877929688,963.0,962.7999877929688,963.0,107
2026-09-28 12:30:00+05:30,963.7000122070312,963.7000122070312,963.4000244140625,963.4000244140625,26
2026-09-28 12:32:00+05:30,962.7000122070312,962.7000122070312,962.7000122070312,962.7000122070312,20
2026-09-28 12:33:00+05:30,962.7999877929688,962.7999877929688,962.7000122070312,962.7000122070312,105
2026-09-28 12:34:00+05:30,962.25,962.25,962.25,962.25,1
2026-09-28 12:35:00+05:30,962.2999877929688,962.2999877929688,962.1500244140625,962.1500244140625,211
2026-09-28 12:37:00+05:30,962.7999877929688,962.7999877929688,962.7999877929688,962.7999877929688,10
2026-09-28 12:40:00+05:30,962.7000122070312,962.7000122070312,962.2999877929688,962.2999877929688,66
2026-09-28 12:41:00+05:30,963.4000244140625,963.4000244140625,963.0,963.0,2
2026-09-28 12:43:00+05:30,963.6500244140625,963.6500244140625,963.4000244140625,963.4000244140625,108
2026-09-28 12:44:00+05:30,962.7000122070312,963.0,962.7000122070312,963.0,723
2026-09-28 12:45:00+05:30,962.7999877929688,962.7999877929688,962.7999877929688,962.7999877929688,10
2026-09-28 12:46:00+05:30,962.9500122070312,962.9500122070312,962.9500122070312,962.9500122070312,10
2026-09-28 12:47:00+05:30,962.5,962.5,962.5,962.5,50
2026-09-28 12:53:00+05:30,962.2999877929688,962.2999877929688,962.2999877929688,962.2999877929688,116
2026-09-28 12:54:00+05:30,961.2999877929688,962.5,961.2999877929688,962.5,48
2026-09-28 12:56:00+05:30,961.2000122070312,961.2999877929688,961.0,961.2999877929688,300
2026-09-28 12:57:00+05:30,960.4000244140625,961.0999755859375,960.4000244140625,961.0999755859375,63
2026-09-28 12:58:00+05:30,960.2000122070312,960.2000122070312,960.2000122070312,960.2000122070312,20
2026-09-28 12:59:00+05:30,960.4000244140625,960.4000244140625,960.4000244140625,960.4000244140625,10
2026-09-28 13:00:00+05:30,960.7000122070312,960.7000122070312,960.7000122070312,960.7000122070312,25
2026-09-28 13:01:00+05:30,960.4000244140625,960.4000244140625,960.4000244140625,960.4000244140625,3
2026-09-28 13:02:00+05:30,960.5,960.5,960.5,960.5,1
2026-09-28 13:03:00+05:30,960.7999877929688,961.0,960.5,960.5,525
2026-09-28 13:04:00+05:30,960.9000244140625,960.9000244140625,960.9000244140625,960.9000244140625,1
2026-09-28 13:07:00+05:30,960.9000244140625,960.9000244140625,960.9000244140625,960.9000244140625,15
2026-09-28 13:08:00+05:30,960.7999877929688,960.7999877929688,960.7999877929688,960.7999877929688,15
2026-09-28 13:09:00+05:30,960.5,960.5,960.5,960.5,11
2026-09-28 13:10:00+05:30,960.7999877929688,960.9000244140625,960.4000244140625,960.5999755859375,138
2026-09-28 13:11:00+05:30,961.7999877929688,961.7999877929688,961.7999877929688,961.7999877929688,2
2026-09-28 13:12:00+05:30,961.2000122070312,961.2000122070312,961.2000122070312,961.2000122070312,1
2026-09-28 13:14:00+05:30,961.0,961.0,961.0,961.0,12
2026-09-28 13:17:00+05:30,961.2000122070312,961.2000122070312,961.2000122070312,961.2000122070312,50
2026-09-28 13:18:00+05:30,960.5999755859375,961.0,960.5999755859375,961.0,13
2026-09-28 13:19:00+05:30,960.7000122070312,960.7000122070312,960.7000122070312,960.7000122070312,1
2026-09-28 13:21:00+05:30,961.0,961.0,960.9000244140625,960.9000244140625,26
2026-09-28 13:22:00+05:30,961.0,961.0,960.7000122070312,960.9000244140625,12
2026-09-28 13:23:00+05:30,961.5999755859375,961.5999755859375,961.2999877929688,961.2999877929688,37
2026-09-28 13:26:00+05:30,961.7999877929688,961.7999877929688,961.5999755859375,961.5999755859375,5
2026-09-28 13:27:00+05:30,961.9000244140625,961.9000244140625,961.9000244140625,961.9000244140625,1
2026-09-28 13:30:00+05:30,961.5999755859375,961.5999755859375,961.5999755859375,961.5999755859375,100
2026-09-28 13:31:00+05:30,961.5,961.5,961.5,961.5,35
2026-09-28 13:33:00+05:30,961.4000244140625,961.4000244140625,961.0499877929688,961.0499877929688,38
2026-09-28 13:34:00+05:30,961.4000244140625,961.4000244140625,961.4000244140625,961.4000244140625,1907
2026-09-28 13:35:00+05:30,961.5999755859375,961.5999755859375,961.5999755859375,961.5999755859375,2
2026-09-28 13:39:00+05:30,961.5499877929688,961.5999755859375,961.5499877929688,961.5999755859375,19
2026-09-28 13:40:00+05:30,962.0,962.0,962.0,962.0,5
2026-09-28 13:41:00+05:30,961.5499877929688,961.5499877929688,961.5499877929688,961.5499877929688,8
2026-09-28 13:43:00+05:30,961.7000122070312,961.7000122070312,961.4500122070312,961.4500122070312,505
2026-09-28 13:45:00+05:30,962.0,962.0,961.2999877929688,961.2999877929688,67
2026-09-28 13:46:00+05:30,961.9000244140625,961.9000244140625,961.9000244140625,961.9000244140625,1
2026-09-28 13:47:00+05:30,961.6500244140625,962.0,961.6500244140625,961.6500244140625,20
2026-09-28 13:49:00+05:30,961.2000122070312,961.2000122070312,961.1500244140625,961.1500244140625,21
2026-09-28 13:51:00+05:30,961.3499755859375,961.4000244140625,961.3499755859375,961.4000244140625,2
2026-09-28 13:52:00+05:30,961.3499755859375,961.3499755859375,961.3499755859375,961.3499755859375,10
2026-09-28 13:53:00+05:30,961.4500122070312,961.4500122070312,961.4500122070312,961.4500122070312,8
2026-09-28 13:54:00+05:30,961.0,961.0,961.0,961.0,32
2026-09-28 13:55:00+05:30,961.0,961.0999755859375,961.0,961.0,186
2026-09-28 13:56:00+05:30,961.0,961.0,961.0,961.0,7
2026-09-28 13:57:00+05:30,961.4000244140625,961.5,961.4000244140625,961.5,17
2026-09-28 14:01:00+05:30,961.2000122070312,961.2000122070312,961.2000122070312,961.2000122070312,2
2026-09-28 14:02:00+05:30,960.4500122070312,960.4500122070312,960.4500122070312,960.4500122070312,10
2026-09-28 14:04:00+05:30,960.9000244140625,960.9000244140625,960.9000244140625,960.9000244140625,5
2026-09-28 14:05:00+05:30,960.0499877929688,960.0499877929688,960.0499877929688,960.0499877929688,641
2026-09-28 14:06:00+05:30,960.4000244140625,960.4000244140625,960.0,960.0,385
2026-09-28 14:07:00+05:30,960.4000244140625,960.4000244140625,960.4000244140625,960.4000244140625,6
2026-09-28 14:08:00+05:30,961.3499755859375,961.3499755859375,960.5999755859375,960.5999755859375,56
2026-09-28 14:09:00+05:30,960.0999755859375,960.0999755859375,960.0999755859375,960.0999755859375,500
2026-09-28 14:10:00+05:30,960.7999877929688,960.9500122070312,960.4000244140625,960.4000244140625,31
2026-09-28 14:11:00+05:30,961.5,961.5,961.0,961.0,27
2026-09-28 14:12:00+05:30,961.0,961.0,961.0,961.0,500
2026-09-28 14:13:00+05:30,961.0,961.0,961.0,961.0,30
2026-09-28 14:14:00+05:30,961.0,961.0,961.0,961.0,10
2026-09-28 14:15:00+05:30,960.5,960.5,960.5,960.5,5
2026-09-28 14:16:00+05:30,960.0999755859375,960.0999755859375,959.75,959.75,30
2026-09-28 14:17:00+05:30,960.0999755859375,960.0999755859375,960.0999755859375,960.0999755859375,26
2026-09-28 14:18:00+05:30,959.5999755859375,959.7999877929688,959.5999755859375,959.7999877929688,14
2026-09-28 14:19:00+05:30,959.2000122070312,959.4500122070312,959.0999755859375,959.4500122070312,16
2026-09-28 14:20:00+05:30,960.0,960.0,959.3499755859375,959.4000244140625,52
2026-09-28 14:21:00+05:30,959.8499755859375,959.8499755859375,959.8499755859375,959.8499755859375,1
2026-09-28 14:22:00+05:30,959.2999877929688,959.5999755859375,959.2999877929688,959.5999755859375,22
2026-09-28 14:23:00+05:30,960.0499877929688,960.0499877929688,959.0999755859375,959.5,311
2026-09-28 14:24:00+05:30,958.7999877929688,959.6500244140625,958.7999877929688,959.0999755859375,337
2026-09-28 14:25:00+05:30,959.9000244140625,959.9000244140625,959.3499755859375,959.3499755859375,81
2026-09-28 14:26:00+05:30,958.4500122070312,959.5499877929688,958.2999877929688,959.5499877929688,655
2026-09-28 14:27:00+05:30,957.4000244140625,958.0,957.4000244140625,958.0,149
2026-09-28 14:28:00+05:30,957.5999755859375,957.6500244140625,957.5999755859375,957.6500244140625,52
2026-09-28 14:29:00+05:30,958.25,958.25,957.5,957.5,157
2026-09-28 14:30:00+05:30,959.4000244140625,959.4000244140625,958.7999877929688,958.7999877929688,4
2026-09-28 14:31:00+05:30,959.7000122070312,960.2000122070312,959.7000122070312,959.7000122070312,148
2026-09-28 14:32:00+05:30,959.5499877929688,959.5499877929688,959.5499877929688,959.5499877929688,50
2026-09-28 14:33:00+05:30,959.0,959.0,958.9000244140625,958.9000244140625,22
2026-09-28 14:34:00+05:30,958.0,958.5999755859375,958.0,958.5999755859375,11
2026-09-28 14:35:00+05:30,958.0,958.0,958.0,958.0,125
2026-09-28 14:36:00+05:30,957.9000244140625,957.9000244140625,957.9000244140625,957.9000244140625,4
2026-09-28 14:37:00+05:30,957.9000244140625,957.9000244140625,957.7000122070312,957.7000122070312,38
2026-09-28 14:38:00+05:30,957.6500244140625,957.7999877929688,957.6500244140625,957.7999877929688,25
2026-09-28 14:39:00+05:30,956.7999877929688,957.4000244140625,956.5999755859375,957.0,74
2026-09-28 14:40:00+05:30,956.0,956.7000122070312,956.0,956.7000122070312,31
2026-09-28 14:41:00+05:30,955.5499877929688,955.8499755859375,955.5499877929688,955.8499755859375,76
2026-09-28 14:42:00+05:30,955.4000244140625,956.0999755859375,955.4000244140625,956.0999755859375,67
2026-09-28 14:43:00+05:30,955.5999755859375,955.5999755859375,955.4000244140625,955.4000244140625,240
2026-09-28 14:44:00+05:30,955.7999877929688,955.7999877929688,955.7999877929688,955.7999877929688,5
2026-09-28 14:45:00+05:30,956.2999877929688,956.2999877929688,955.7999877929688,955.8499755859375,83
2026-09-28 14:46:00+05:30,956.4000244140625,956.4000244140625,956.4000244140625,956.4000244140625,1
2026-09-28 14:47:00+05:30,956.0999755859375,956.6500244140625,956.0999755859375,956.6500244140625,51
2026-09-28 14:48:00+05:30,956.5,956.5,956.5,956.5,10
2026-09-28 14:49:00+05:30,956.5,956.5,956.5,956.5,19
2026-09-28 14:50:00+05:30,956.2000122070312,956.5999755859375,956.2000122070312,956.5999755859375,10
2026-09-28 14:51:00+05:30,956.1500244140625,956.6500244140625,956.1500244140625,956.4000244140625,9
2026-09-28 14:53:00+05:30,957.0999755859375,957.0999755859375,957.0999755859375,957.0999755859375,65
2026-09-28 14:56:00+05:30,956.4500122070312,956.4500122070312,956.0999755859375,956.0999755859375,248
2026-09-28 14:57:00+05:30,956.4000244140625,956.4000244140625,956.2999877929688,956.2999877929688,190
2026-09-28 14:58:00+05:30,956.4000244140625,956.4000244140625,956.25,956.25,242
2026-09-28 14:59:00+05:30,956.4000244140625,956.5999755859375,956.4000244140625,956.5999755859375,288
2026-09-28 15:00:00+05:30,956.0,956.4000244140625,956.0,956.4000244140625,913
2026-09-28 15:01:00+05:30,956.2999877929688,956.2999877929688,956.2999877929688,956.2999877929688,15
2026-09-28 15:02:00+05:30,956.0,956.0,956.0,956.0,107
2026-09-28 15:03:00+05:30,956.4000244140625,956.4000244140625,955.7999877929688,956.0,359
2026-09-28 15:04:00+05:30,957.0,957.0,956.25,956.25,152
2026-09-28 15:05:00+05:30,957.0,957.0,957.0,957.0,3
2026-09-28 15:06:00+05:30,957.0,957.75,957.0,957.0,3031
2026-09-28 15:07:00+05:30,957.7999877929688,957.7999877929688,957.7999877929688,957.7999877929688,200
2026-09-28 15:08:00+05:30,957.0,957.5499877929688,957.0,957.5499877929688,274
2026-09-28 15:09:00+05:30,956.5999755859375,957.5,956.5499877929688,956.5499877929688,51
2026-09-28 15:10:00+05:30,957.5,957.5,956.9500122070312,956.9500122070312,21
2026-09-28 15:11:00+05:30,957.5999755859375,957.9000244140625,957.0499877929688,957.9000244140625,62
2026-09-28 15:12:00+05:30,958.5999755859375,959.6500244140625,957.5999755859375,957.5999755859375,4014
2026-09-28 15:13:00+05:30,957.3499755859375,958.7999877929688,957.3499755859375,958.7999877929688,11
2026-09-28 15:14:00+05:30,960.0,960.0,959.0,959.0,11
2026-09-28 15:29:00+05:30,957.0,957.0,957.0,957.0,173
2026-09-29 09:15:00+05:30,957.7000122070312,957.7000122070312,955.2999877929688,957.0,472
2026-09-29 09:16:00+05:30,955.8499755859375,957.7000122070312,955.0999755859375,957.7000122070312,1158
2026-09-29 09:17:00+05:30,957.0,959.0,956.0499877929688,956.7999877929688,2340
2026-09-29 09:18:00+05:30,956.9000244140625,957.6500244140625,956.0,957.5499877929688,251
2026-09-29 09:19:00+05:30,957.3499755859375,957.3499755859375,956.7000122070312,957.2999877929688,207
2026-09-29 09:20:00+05:30,957.7999877929688,957.7999877929688,957.0,957.25,271
2026-09-29 09:21:00+05:30,956.4000244140625,957.7999877929688,956.0999755859375,957.7999877929688,337
2026-09-29 09:22:00+05:30,957.4000244140625,957.4000244140625,956.0999755859375,956.7999877929688,135
2026-09-29 09:23:00+05:30,956.4000244140625,957.5999755859375,956.4000244140625,957.0,221
2026-09-29 09:24:00+05:30,955.0,957.0,954.8499755859375,956.5499877929688,2645
2026-09-29 09:25:00+05:30,956.4000244140625,956.4000244140625,955.2000122070312,955.2000122070312,223
2026-09-29 09:26:00+05:30,956.2999877929688,956.9500122070312,956.0,956.0,177
2026-09-29 09:27:00+05:30,955.5499877929688,956.2999877929688,955.2000122070312,956.25,108
2026-09-29 09:28:00+05:30,954.7000122070312,955.9500122070312,954.0,955.9500122070312,192
2026-09-29 09:29:00+05:30,953.5999755859375,954.5,953.0999755859375,954.5,1211
2026-09-29 09:30:00+05:30,954.25,954.5,953.5999755859375,953.5999755859375,900
2026-09-29 09:31:00+05:30,954.5999755859375,954.7000122070312,954.0,954.25,173
2026-09-29 09:32:00+05:30,954.0,955.2000122070312,954.0,955.2000122070312,168
2026-09-29 09:33:00+05:30,954.4000244140625,955.0,953.9000244140625,954.5999755859375,613
2026-09-29 09:34:00+05:30,953.5,954.1500244140625,952.7000122070312,953.9000244140625,866
2026-09-29 09:35:00+05:30,952.3499755859375,953.7000122070312,952.3499755859375,953.7000122070312,58
2026-09-29 09:36:00+05:30,952.0499877929688,952.0499877929688,951.4000244140625,952.0,165
2026-09-29 09:37:00+05:30,951.3499755859375,952.0,951.0,951.9500122070312,94
2026-09-29 09:38:00+05:30,951.2999877929688,951.9500122070312,950.7999877929688,951.0,2591
2026-09-29 09:39:00+05:30,951.3499755859375,951.4000244140625,951.0999755859375,951.0999755859375,89
2026-09-29 09:40:00+05:30,951.0,952.0,951.0,951.0999755859375,79
2026-09-29 09:41:00+05:30,951.7999877929688,952.4000244140625,951.0,951.0,559
2026-09-29 09:42:00+05:30,953.5,953.5,951.7999877929688,951.7999877929688,214
2026-09-29 09:43:00+05:30,953.2000122070312,953.2000122070312,952.7999877929688,952.7999877929688,143
2026-09-29 09:44:00+05:30,953.4000244140625,953.5,952.5,952.5,186
2026-09-29 09:45:00+05:30,953.1500244140625,953.4000244140625,952.7000122070312,953.4000244140625,110
2026-09-29 09:46:00+05:30,952.7999877929688,952.9000244140625,952.1500244140625,952.9000244140625,121
2026-09-29 09:47:00+05:30,953.0999755859375,953.0999755859375,952.7000122070312,952.7999877929688,117
2026-09-29 09:48:00+05:30,953.4000244140625,953.9000244140625,953.0999755859375,953.0999755859375,221
2026-09-29 09:49:00+05:30,953.0,953.4500122070312,952.7999877929688,953.4000244140625,94
2026-09-29 09:50:00+05:30,952.8499755859375,953.2000122070312,952.0499877929688,953.0,1305
2026-09-29 09:51:00+05:30,953.0999755859375,953.0999755859375,952.0,952.75,363
2026-09-29 09:52:00+05:30,951.9000244140625,952.0999755859375,951.1500244140625,952.0999755859375,93
2026-09-29 09:53:00+05:30,952.2999877929688,952.3499755859375,952.0,952.2999877929688,97
2026-09-29 09:54:00+05:30,953.0,953.0,951.6500244140625,952.1500244140625,323
2026-09-29 09:55:00+05:30,953.7999877929688,953.7999877929688,952.2999877929688,952.9500122070312,270
2026-09-29 09:56:00+05:30,952.75,953.0999755859375,952.4500122070312,953.0999755859375,351
2026-09-29 09:57:00+05:30,952.4000244140625,952.4000244140625,952.0,952.4000244140625,85
2026-09-29 09:58:00+05:30,951.7999877929688,952.3499755859375,951.7999877929688,952.0,79
2026-09-29 09:59:00+05:30,951.75,951.7999877929688,951.2000122070312,951.2000122070312,356
2026-09-29 10:00:00+05:30,951.5999755859375,951.75,951.2000122070312,951.75,69
2026-09-29 10:01:00+05:30,950.7000122070312,951.3499755859375,950.5499877929688,951.0,746
2026-09-29 10:02:00+05:30,949.9500122070312,950.2000122070312,949.2000122070312,950.0,2598
2026-09-29 10:03:00+05:30,949.5999755859375,950.2000122070312,949.5999755859375,950.2000122070312,208
2026-09-29 10:04:00+05:30,949.7999877929688,950.0499877929688,949.0,949.25,1511
2026-09-29 10:05:00+05:30,949.4000244140625,950.0,949.0,950.0,623
2026-09-29 10:06:00+05:30,948.5999755859375,949.1500244140625,948.2999877929688,949.0,349
2026-09-29 10:07:00+05:30,948.0,948.6500244140625,947.4000244140625,948.6500244140625,238
2026-09-29 10:08:00+05:30,948.4000244140625,948.5499877929688,947.7999877929688,948.5499877929688,32
2026-09-29 10:09:00+05:30,948.0,948.4500122070312,947.5499877929688,948.4500122070312,542
2026-09-29 10:10:00+05:30,947.5,947.9500122070312,947.0,947.1500244140625,728
2026-09-29 10:11:00+05:30,947.6500244140625,947.9500122070312,946.8499755859375,947.5999755859375,175
2026-09-29 10:12:00+05:30,947.75,947.9500122070312,947.0,947.5499877929688,186
2026-09-29 10:13:00+05:30,948.2000122070312,948.2000122070312,947.7000122070312,947.7000122070312,706
2026-09-29 10:14:00+05:30,948.5999755859375,949.0,948.0,948.2000122070312,534
2026-09-29 10:15:00+05:30,948.0999755859375,949.2000122070312,947.4000244140625,948.5999755859375,507
2026-09-29 10:16:00+05:30,949.0,949.0,948.25,948.4000244140625,108
2026-09-29 10:17:00+05:30,949.2000122070312,949.4500122070312,949.0,949.4500122070312,301
2026-09-29 10:18:00+05:30,948.5,948.5,948.0,948.3499755859375,39
2026-09-29 10:19:00+05:30,948.4000244140625,948.9000244140625,948.0,948.5,1002
2026-09-29 10:20:00+05:30,948.7999877929688,948.9500122070312,948.2000122070312,948.4000244140625,10186
2026-09-29 10:21:00+05:30,948.4500122070312,949.9500122070312,948.4000244140625,948.7999877929688,4207
2026-09-29 10:22:00+05:30,948.5999755859375,948.5999755859375,948.25,948.4500122070312,533
2026-09-29 10:23:00+05:30,948.5999755859375,948.5999755859375,948.25,948.5999755859375,128
2026-09-29 10:24:00+05:30,950.7000122070312,950.7000122070312,948.7999877929688,949.2999877929688,930
2026-09-29 10:25:00+05:30,951.7999877929688,951.7999877929688,950.7000122070312,950.75,77
2026-09-29 10:26:00+05:30,952.0,952.5999755859375,951.4500122070312,951.5,533
2026-09-29 10:27:00+05:30,952.5,952.9500122070312,952.0999755859375,952.0999755859375,71
2026-09-29 10:28:00+05:30,952.4500122070312,952.7999877929688,952.25,952.75,58
2026-09-29 10:29:00+05:30,953.2000122070312,953.2000122070312,952.4000244140625,952.4000244140625,67
2026-09-29 10:30:00+05:30,952.3499755859375,952.9000244140625,952.3499755859375,952.5499877929688,111
2026-09-29 10:31:00+05:30,952.0,952.25,951.7999877929688,952.25,275
2026-09-29 10:32:00+05:30,951.25,951.25,951.25,951.25,1
2026-09-29 10:33:00+05:30,951.5499877929688,952.2999877929688,950.9500122070312,951.0,274
2026-09-29 10:34:00+05:30,951.5999755859375,951.75,951.0999755859375,951.5,27
2026-09-29 10:35:00+05:30,952.0,952.0,951.5999755859375,951.5999755859375,45
2026-09-29 10:36:00+05:30,953.2999877929688,953.2999877929688,951.0999755859375,951.25,1030
2026-09-29 10:37:00+05:30,953.9000244140625,954.5499877929688,953.2000122070312,953.2000122070312,2229
2026-09-29 10:38:00+05:30,954.0,954.0999755859375,953.5999755859375,954.0999755859375,1919
2026-09-29 10:39:00+05:30,953.1500244140625,954.4000244140625,953.1500244140625,954.4000244140625,380
2026-09-29 10:40:00+05:30,953.0499877929688,953.9000244140625,953.0499877929688,953.25,305
2026-09-29 10:41:00+05:30,952.5999755859375,953.7999877929688,952.5999755859375,953.7999877929688,161
2026-09-29 10:42:00+05:30,953.0,953.0,952.75,952.75,556
2026-09-29 10:43:00+05:30,953.7000122070312,953.7000122070312,953.0999755859375,953.2000122070312,104
2026-09-29 10:44:00+05:30,953.2000122070312,954.0,953.2000122070312,953.9500122070312,131
2026-09-29 10:45:00+05:30,953.5499877929688,954.0,953.4000244140625,953.7000122070312,189
2026-09-29 10:46:00+05:30,953.0,953.0,953.0,953.0,381
2026-09-29 10:47:00+05:30,952.9000244140625,953.0499877929688,952.2000122070312,953.0499877929688,42
2026-09-29 10:48:00+05:30,952.0,952.5999755859375,951.7000122070312,952.2000122070312,485
2026-09-29 10:49:00+05:30,952.0,952.4500122070312,952.0,952.4500122070312,23
2026-09-29 10:50:00+05:30,951.9000244140625,952.5,951.7999877929688,952.5,61
2026-09-29 10:52:00+05:30,953.0,953.0,952.2999877929688,953.0,322
2026-09-29 10:53:00+05:30,953.4500122070312,953.4500122070312,953.0,953.0,1781
2026-09-29 10:54:00+05:30,952.7000122070312,953.4500122070312,952.7000122070312,953.4000244140625,128
2026-09-29 10:55:00+05:30,953.6500244140625,953.75,952.9500122070312,953.4500122070312,210
2026-09-29 10:56:00+05:30,953.4500122070312,954.0,953.4500122070312,953.9000244140625,71
2026-09-29 10:57:00+05:30,953.4000244140625,954.0,953.4000244140625,954.0,548
2026-09-29 10:58:00+05:30,955.75,955.75,954.0999755859375,954.0999755859375,638
2026-09-29 10:59:00+05:30,955.0,955.4000244140625,955.0,955.4000244140625,38
2026-09-29 11:00:00+05:30,955.3499755859375,955.3499755859375,954.6500244140625,955.0,85
2026-09-29 11:01:00+05:30,955.1500244140625,955.1500244140625,955.1500244140625,955.1500244140625,1
2026-09-29 11:02:00+05:30,955.0999755859375,955.0999755859375,954.5499877929688,954.5499877929688,29
2026-09-29 11:03:00+05:30,955.0,955.1500244140625,954.5999755859375,955.1500244140625,93
2026-09-29 11:04:00+05:30,955.0,955.0999755859375,954.75,955.0,33
2026-09-29 11:06:00+05:30,955.0,955.0,954.4000244140625,955.0,56
2026-09-29 11:07:00+05:30,954.75,955.1500244140625,954.75,955.0,635
2026-09-29 11:08:00+05:30,954.7999877929688,955.0999755859375,954.75,955.0999755859375,12
2026-09-29 11:09:00+05:30,955.7999877929688,955.7999877929688,954.7000122070312,955.2000122070312,72
2026-09-29 11:10:00+05:30,957.7000122070312,958.75,956.0,956.0,425
2026-09-29 11:11:00+05:30,958.0,958.3499755859375,957.75,957.75,55
2026-09-29 11:12:00+05:30,957.9000244140625,958.0,957.4500122070312,957.5999755859375,486
2026-09-29 11:13:00+05:30,959.4500122070312,959.7999877929688,957.5,958.2999877929688,289
2026-09-29 11:14:00+05:30,959.5,960.2999877929688,959.3499755859375,959.7999877929688,177
2026-09-29 11:15:00+05:30,959.7000122070312,959.7000122070312,959.5999755859375,959.7000122070312,28
2026-09-29 11:16:00+05:30,958.8499755859375,959.5499877929688,958.8499755859375,959.25,222
2026-09-29 11:17:00+05:30,959.1500244140625,959.7999877929688,959.1500244140625,959.7999877929688,183
2026-09-29 11:18:00+05:30,958.3499755859375,958.3499755859375,958.3499755859375,958.3499755859375,90
2026-09-29 11:19:00+05:30,958.5,959.1500244140625,958.5,959.1500244140625,590
2026-09-29 11:20:00+05:30,958.4000244140625,958.4000244140625,958.2999877929688,958.2999877929688,2
2026-09-29 11:21:00+05:30,959.1500244140625,959.2000122070312,958.5,958.5499877929688,115
2026-09-29 11:22:00+05:30,959.0,959.1500244140625,958.6500244140625,958.6500244140625,165
2026-09-29 11:23:00+05:30,958.5,959.1500244140625,958.5,959.1500244140625,53
2026-09-29 11:24:00+05:30,957.5,957.9000244140625,957.5,957.9000244140625,57
2026-09-29 11:25:00+05:30,957.5999755859375,958.2999877929688,957.4500122070312,958.2999877929688,87
2026-09-29 11:26:00+05:30,958.6500244140625,958.6500244140625,958.0,958.0,445
2026-09-29 11:27:00+05:30,958.5999755859375,958.5999755859375,958.5999755859375,958.5999755859375,100
2026-09-29 11:28:00+05:30,958.25,958.2999877929688,957.7999877929688,958.0,47
2026-09-29 11:29:00+05:30,958.5499877929688,958.7000122070312,958.1500244140625,958.5,105
2026-09-29 11:30:00+05:30,959.9000244140625,959.9500122070312,959.0,959.0,153
2026-09-29 11:31:00+05:30,960.2999877929688,960.2999877929688,959.5999755859375,959.6500244140625,146
2026-09-29 11:32:00+05:30,959.4000244140625,960.5,959.4000244140625,960.5,21
2026-09-29 11:33:00+05:30,960.2000122070312,960.5999755859375,959.5499877929688,959.75,141
2026-09-29 11:34:00+05:30,959.7999877929688,960.2999877929688,959.7999877929688,960.1500244140625,49
2026-09-29 11:35:00+05:30,959.5999755859375,960.0,959.4000244140625,960.0,463
2026-09-29 11:36:00+05:30,959.0,959.4500122070312,959.0,959.4500122070312,31
2026-09-29 11:37:00+05:30,959.3499755859375,959.3499755859375,959.0499877929688,959.2000122070312,21
2026-09-29 11:38:00+05:30,959.4000244140625,959.4000244140625,959.2999877929688,959.3499755859375,35
2026-09-29 11:39:00+05:30,960.0,960.2999877929688,959.25,959.25,274
2026-09-29 11:40:00+05:30,961.5999755859375,962.0,960.5999755859375,960.5999755859375,508
2026-09-29 11:41:00+05:30,961.0499877929688,961.5499877929688,961.0499877929688,961.1500244140625,8
2026-09-29 11:42:00+05:30,961.4000244140625,961.4000244140625,961.1500244140625,961.1500244140625,14
2026-09-29 11:43:00+05:30,961.7999877929688,962.6500244140625,961.5499877929688,961.5499877929688,682
2026-09-29 11:44:00+05:30,963.0499877929688,963.2000122070312,962.6500244140625,963.2000122070312,330
2026-09-29 11:45:00+05:30,962.8499755859375,963.0499877929688,962.8499755859375,963.0,27
2026-09-29 11:46:00+05:30,962.6500244140625,963.0499877929688,962.5,963.0499877929688,100
2026-09-29 11:47:00+05:30,962.5999755859375,962.8499755859375,962.0,962.2999877929688,560
2026-09-29 11:48:00+05:30,963.4000244140625,963.4500122070312,962.7999877929688,962.7999877929688,325
2026-09-29 11:49:00+05:30,963.4000244140625,963.4000244140625,963.4000244140625,963.4000244140625,550
2026-09-29 11:50:00+05:30,962.6500244140625,963.0999755859375,962.4500122070312,963.0999755859375,63
2026-09-29 11:51:00+05:30,961.5,962.5499877929688,961.5,962.3499755859375,264
2026-09-29 11:52:00+05:30,961.2000122070312,961.2000122070312,961.0,961.0,84
2026-09-29 11:53:00+05:30,961.2000122070312,961.2000122070312,960.0,960.0,20
2026-09-29 11:55:00+05:30,959.25,960.0,959.25,960.0,576
2026-09-29 11:56:00+05:30,959.0999755859375,959.0999755859375,957.7999877929688,957.7999877929688,30
2026-09-29 11:57:00+05:30,958.9500122070312,958.9500122070312,958.0,958.4000244140625,142
2026-09-29 11:58:00+05:30,958.9000244140625,958.9000244140625,958.9000244140625,958.9000244140625,40
2026-09-29 11:59:00+05:30,958.4000244140625,958.7000122070312,958.0,958.0,531
2026-09-29 12:00:00+05:30,958.5,958.5,958.3499755859375,958.3499755859375,27
2026-09-29 12:01:00+05:30,958.5999755859375,959.2000122070312,958.5,958.5,20
2026-09-29 12:02:00+05:30,958.2000122070312,959.2000122070312,958.2000122070312,959.0999755859375,171
2026-09-29 12:03:00+05:30,959.5999755859375,959.5999755859375,958.5,958.5,11
2026-09-29 12:04:00+05:30,959.4500122070312,959.8499755859375,959.0,959.2999877929688,187
2026-09-29 12:05:00+05:30,960.1500244140625,960.1500244140625,959.4000244140625,959.4000244140625,65
2026-09-29 12:06:00+05:30,960.9000244140625,961.0,960.2999877929688,960.75,206
2026-09-29 12:07:00+05:30,960.5999755859375,960.5999755859375,960.1500244140625,960.5999755859375,21
2026-09-29 12:08:00+05:30,960.4000244140625,960.7000122070312,960.4000244140625,960.7000122070312,64
2026-09-29 12:09:00+05:30,959.9000244140625,960.4000244140625,959.9000244140625,960.4000244140625,1531
2026-09-29 12:10:00+05:30,959.2999877929688,959.7999877929688,959.2999877929688,959.7999877929688,60
2026-09-29 12:11:00+05:30,959.3499755859375,959.7000122070312,959.2999877929688,959.2999877929688,56
2026-09-29 12:12:00+05:30,959.2000122070312,959.4000244140625,959.2000122070312,959.2999877929688,445
2026-09-29 12:13:00+05:30,959.2999877929688,959.5999755859375,959.2999877929688,959.5999755859375,11
2026-09-29 12:14:00+05:30,958.8499755859375,958.8499755859375,958.7999877929688,958.8499755859375,118
2026-09-29 12:15:00+05:30,957.9000244140625,958.7000122070312,957.9000244140625,958.3499755859375,1091
2026-09-29 12:16:00+05:30,957.2999877929688,957.7999877929688,957.1500244140625,957.7999877929688,594
2026-09-29 12:17:00+05:30,957.1500244140625,957.6500244140625,957.0499877929688,957.4000244140625,74
2026-09-29 12:18:00+05:30,957.0,957.0999755859375,957.0,957.0999755859375,402
2026-09-29 12:19:00+05:30,955.7000122070312,956.0,955.7000122070312,956.0,16
2026-09-29 12:20:00+05:30,955.2999877929688,956.4000244140625,955.2000122070312,956.4000244140625,824
2026-09-29 12:21:00+05:30,955.4000244140625,956.2999877929688,955.4000244140625,956.2999877929688,423
2026-09-29 12:22:00+05:30,954.75,955.7000122070312,954.75,955.7000122070312,492
2026-09-29 12:23:00+05:30,954.7999877929688,955.8499755859375,954.7999877929688,955.1500244140625,160
2026-09-29 12:24:00+05:30,954.5999755859375,955.2000122070312,954.4000244140625,955.0,175
2026-09-29 12:25:00+05:30,953.5999755859375,954.5499877929688,953.5999755859375,954.5499877929688,38
2026-09-29 12:26:00+05:30,953.8499755859375,953.8499755859375,953.8499755859375,953.8499755859375,4
2026-09-29 12:27:00+05:30,952.5499877929688,953.0,952.5499877929688,953.0,441
2026-09-29 12:28:00+05:30,952.9000244140625,952.9000244140625,952.2000122070312,952.2000122070312,29
2026-09-29 12:29:00+05:30,952.3499755859375,952.7999877929688,952.2000122070312,952.7999877929688,594
2026-09-29 12:30:00+05:30,952.5999755859375,953.25,952.0,952.3499755859375,250
2026-09-29 12:31:00+05:30,952.7999877929688,953.0499877929688,952.0499877929688,953.0499877929688,1183
2026-09-29 12:32:00+05:30,952.0,952.9500122070312,952.0,952.5499877929688,1043
2026-09-29 12:33:00+05:30,951.5999755859375,952.0,951.5999755859375,952.0,167
2026-09-29 12:34:00+05:30,952.2000122070312,952.4000244140625,952.0,952.0,192
2026-09-29 12:35:00+05:30,953.0,953.0999755859375,952.7999877929688,953.0,67
2026-09-29 12:36:00+05:30,953.2999877929688,953.2999877929688,952.5999755859375,953.0,795
2026-09-29 12:37:00+05:30,953.2999877929688,953.5999755859375,953.2999877929688,953.5999755859375,91
2026-09-29 12:38:00+05:30,953.25,953.4000244140625,953.0499877929688,953.0499877929688,18
2026-09-29 12:39:00+05:30,953.4500122070312,953.5999755859375,953.25,953.5999755859375,435
2026-09-29 12:40:00+05:30,954.0,954.5999755859375,954.0,954.5999755859375,41
2026-09-29 12:41:00+05:30,953.8499755859375,953.8499755859375,953.5999755859375,953.7000122070312,408
2026-09-29 12:42:00+05:30,955.0999755859375,955.0999755859375,954.5,955.0,422
2026-09-29 12:43:00+05:30,954.3499755859375,954.5499877929688,954.3499755859375,954.5499877929688,39
2026-09-29 12:44:00+05:30,953.7999877929688,954.0,953.5,954.0,404
2026-09-29 12:45:00+05:30,953.4000244140625,953.4500122070312,953.0499877929688,953.2000122070312,793
2026-09-29 12:46:00+05:30,952.7999877929688,953.8499755859375,952.7999877929688,953.8499755859375,392
2026-09-29 12:47:00+05:30,953.4500122070312,953.4500122070312,953.2999877929688,953.2999877929688,18
2026-09-29 12:48:00+05:30,953.75,953.75,953.75,953.75,5
2026-09-29 12:49:00+05:30,953.9000244140625,954.7999877929688,953.9000244140625,954.4000244140625,54
2026-09-29 12:50:00+05:30,953.75,954.5,953.75,954.5,396
2026-09-29 12:51:00+05:30,954.0999755859375,954.2000122070312,954.0,954.2000122070312,29
2026-09-29 12:52:00+05:30,954.0999755859375,954.0999755859375,954.0999755859375,954.0999755859375,6
2026-09-29 12:53:00+05:30,953.9000244140625,954.0499877929688,953.9000244140625,954.0499877929688,399
2026-09-29 12:54:00+05:30,953.7999877929688,954.5,953.7000122070312,953.7000122070312,904
2026-09-29 12:55:00+05:30,954.5999755859375,954.5999755859375,953.8499755859375,953.8499755859375,400
2026-09-29 12:56:00+05:30,954.9500122070312,954.9500122070312,954.75,954.7999877929688,14
2026-09-29 12:57:00+05:30,955.0,955.0,954.9000244140625,954.9000244140625,40
2026-09-29 12:58:00+05:30,954.4000244140625,954.9500122070312,953.6500244140625,954.9500122070312,418
2026-09-29 12:59:00+05:30,954.0999755859375,954.0999755859375,954.0999755859375,954.0999755859375,2
2026-09-29 13:00:00+05:30,954.0999755859375,954.0999755859375,953.6500244140625,954.0999755859375,18
2026-09-29 13:01:00+05:30,953.25,953.75,953.25,953.75,83
2026-09-29 13:02:00+05:30,953.5999755859375,953.7000122070312,953.25,953.25,495
2026-09-29 13:03:00+05:30,953.2999877929688,953.3499755859375,953.0,953.3499755859375,53
2026-09-29 13:04:00+05:30,953.4000244140625,953.4000244140625,953.4000244140625,953.4000244140625,15
2026-09-29 13:05:00+05:30,952.6500244140625,952.7999877929688,952.6500244140625,952.7999877929688,101
2026-09-29 13:06:00+05:30,953.4500122070312,953.4500122070312,953.4500122070312,953.4500122070312,1
2026-09-29 13:07:00+05:30,953.25,953.7000122070312,953.0,953.3499755859375,48
2026-09-29 13:08:00+05:30,953.9500122070312,954.0,953.7999877929688,953.7999877929688,12
2026-09-29 13:09:00+05:30,954.3499755859375,954.4500122070312,953.7999877929688,953.7999877929688,231
2026-09-29 13:10:00+05:30,954.3499755859375,954.3499755859375,953.5499877929688,953.8499755859375,401
2026-09-29 13:11:00+05:30,953.5499877929688,954.2999877929688,953.5499877929688,954.2999877929688,50
2026-09-29 13:12:00+05:30,953.7999877929688,953.9000244140625,953.4000244140625,953.9000244140625,166
2026-09-29 13:13:00+05:30,953.3499755859375,953.9000244140625,953.25,953.25,785
2026-09-29 13:14:00+05:30,952.9000244140625,953.25,952.9000244140625,953.25,901
2026-09-29 13:15:00+05:30,953.9500122070312,953.9500122070312,953.0999755859375,953.0999755859375,335
2026-09-29 13:16:00+05:30,954.0,954.2000122070312,953.5499877929688,953.8499755859375,462
2026-09-29 13:17:00+05:30,954.5,954.5,954.0,954.0,472
2026-09-29 13:18:00+05:30,954.25,954.25,953.7999877929688,954.0,411
2026-09-29 13:19:00+05:30,953.7000122070312,953.7000122070312,953.7000122070312,953.7000122070312,190
2026-09-29 13:20:00+05:30,952.9000244140625,953.5499877929688,952.6500244140625,953.5499877929688,406
2026-09-29 13:21:00+05:30,953.0,953.0,952.7000122070312,952.7000122070312,73
2026-09-29 13:23:00+05:30,952.5499877929688,952.8499755859375,952.5499877929688,952.8499755859375,5
2026-09-29 13:26:00+05:30,952.4500122070312,952.9000244140625,952.4500122070312,952.5499877929688,53
2026-09-29 13:27:00+05:30,952.3499755859375,952.3499755859375,952.2000122070312,952.2000122070312,742
2026-09-29 13:28:00+05:30,952.9000244140625,952.9000244140625,952.7000122070312,952.7000122070312,7
2026-09-29 13:29:00+05:30,953.2999877929688,953.2999877929688,953.2999877929688,953.2999877929688,7
2026-09-29 13:30:00+05:30,953.25,953.7000122070312,952.9000244140625,952.9000244140625,506
2026-09-29 13:31:00+05:30,953.2999877929688,953.5999755859375,953.2000122070312,953.5999755859375,119
2026-09-29 13:32:00+05:30,952.7999877929688,953.5,952.7999877929688,953.5,16
2026-09-29 13:33:00+05:30,952.6500244140625,953.0,952.6500244140625,953.0,19
2026-09-29 13:34:00+05:30,952.7999877929688,952.9000244140625,952.7999877929688,952.9000244140625,3
2026-09-29 13:35:00+05:30,952.2999877929688,952.8499755859375,952.2999877929688,952.7999877929688,91
2026-09-29 13:36:00+05:30,952.0,952.0,952.0,952.0,25
2026-09-29 13:37:00+05:30,952.5999755859375,952.5999755859375,951.8499755859375,952.0,433
2026-09-29 13:38:00+05:30,951.2999877929688,952.0,951.2999877929688,952.0,114
2026-09-29 13:39:00+05:30,951.5999755859375,951.5999755859375,951.5999755859375,951.5999755859375,40
2026-09-29 13:40:00+05:30,951.2000122070312,951.5999755859375,951.2000122070312,951.5999755859375,584
2026-09-29 13:41:00+05:30,951.4500122070312,952.0999755859375,951.4000244140625,951.5,531
2026-09-29 13:42:00+05:30,951.7999877929688,951.9500122070312,951.7999877929688,951.9500122070312,30
2026-09-29 13:43:00+05:30,951.7000122070312,951.7000122070312,951.25,951.6500244140625,131
2026-09-29 13:44:00+05:30,952.2999877929688,952.3499755859375,952.2999877929688,952.3499755859375,2
2026-09-29 13:45:00+05:30,952.5,952.5,952.0,952.0,41
2026-09-29 13:46:00+05:30,952.5499877929688,952.7999877929688,952.5,952.5,80
2026-09-29 13:47:00+05:30,952.5999755859375,952.5999755859375,952.5999755859375,952.5999755859375,16
2026-09-29 13:48:00+05:30,952.5,952.75,952.5,952.75,35
2026-09-29 13:50:00+05:30,952.7999877929688,952.7999877929688,952.2999877929688,952.2999877929688,14
2026-09-29 13:51:00+05:30,953.0,953.0,952.3499755859375,952.7000122070312,534
2026-09-29 13:52:00+05:30,952.0,952.75,952.0,952.75,31
2026-09-29 13:53:00+05:30,952.1500244140625,952.1500244140625,952.0499877929688,952.0499877929688,36
2026-09-29 13:54:00+05:30,951.7999877929688,952.3499755859375,951.7000122070312,952.0,326
2026-09-29 13:55:00+05:30,951.5499877929688,951.7000122070312,951.3499755859375,951.7000122070312,184
2026-09-29 13:56:00+05:30,952.0,952.0,951.25,951.25,41
2026-09-29 13:57:00+05:30,951.8499755859375,951.8499755859375,951.8499755859375,951.8499755859375,10
2026-09-29 13:58:00+05:30,951.0,951.0,951.0,951.0,125
2026-09-29 13:59:00+05:30,952.1500244140625,952.2000122070312,951.6500244140625,951.6500244140625,116
2026-09-29 14:00:00+05:30,952.0,952.0,952.0,952.0,1
2026-09-29 14:01:00+05:30,952.0,952.0,952.0,952.0,101
2026-09-29 14:02:00+05:30,951.7999877929688,951.7999877929688,951.25,951.7999877929688,26
2026-09-29 14:03:00+05:30,951.75,951.75,951.2000122070312,951.2000122070312,9
2026-09-29 14:04:00+05:30,951.2000122070312,951.7000122070312,951.0,951.7000122070312,48
2026-09-29 14:05:00+05:30,951.75,951.75,951.0,951.2000122070312,36
2026-09-29 14:06:00+05:30,951.2000122070312,951.5999755859375,951.2000122070312,951.5999755859375,7
2026-09-29 14:07:00+05:30,951.0,951.7000122070312,951.0,951.7000122070312,80
2026-09-29 14:08:00+05:30,951.0499877929688,951.5999755859375,951.0,951.0,17
2026-09-29 14:09:00+05:30,951.7000122070312,951.7000122070312,951.7000122070312,951.7000122070312,10
2026-09-29 14:10:00+05:30,951.7999877929688,951.7999877929688,951.7000122070312,951.7000122070312,369
2026-09-29 14:11:00+05:30,951.7000122070312,951.7000122070312,951.7000122070312,951.7000122070312,2
2026-09-29 14:12:00+05:30,951.4000244140625,951.4000244140625,951.4000244140625,951.4000244140625,1
2026-09-29 14:14:00+05:30,951.7999877929688,951.7999877929688,951.0499877929688,951.0499877929688,60
2026-09-29 14:15:00+05:30,951.9000244140625,951.9000244140625,951.0999755859375,951.0999755859375,7
2026-09-29 14:16:00+05:30,951.4000244140625,951.7000122070312,951.4000244140625,951.7000122070312,19
2026-09-29 14:17:00+05:30,951.5999755859375,951.5999755859375,951.2999877929688,951.2999877929688,5
2026-09-29 14:18:00+05:30,951.7000122070312,951.75,951.25,951.25,26
2026-09-29 14:19:00+05:30,951.25,951.25,951.25,951.25,88
2026-09-29 14:20:00+05:30,951.9500122070312,951.9500122070312,951.2999877929688,951.2999877929688,24
2026-09-29 14:21:00+05:30,951.8499755859375,952.0,951.8499755859375,951.9500122070312,5
2026-09-29 14:22:00+05:30,950.9000244140625,951.9000244140625,950.9000244140625,951.9000244140625,270
2026-09-29 14:23:00+05:30,950.5999755859375,950.9000244140625,950.4000244140625,950.4000244140625,23
2026-09-29 14:24:00+05:30,951.5499877929688,951.5499877929688,951.5499877929688,951.5499877929688,15
2026-09-29 14:25:00+05:30,951.5499877929688,951.5499877929688,951.5499877929688,951.5499877929688,10
2026-09-29 14:26:00+05:30,952.2000122070312,952.2000122070312,952.2000122070312,952.2000122070312,10
2026-09-29 14:27:00+05:30,952.2000122070312,952.2000122070312,951.5499877929688,951.7999877929688,131
2026-09-29 14:28:00+05:30,952.2000122070312,952.2000122070312,951.5499877929688,951.5499877929688,28
2026-09-29 14:29:00+05:30,952.2999877929688,952.3499755859375,952.2999877929688,952.3499755859375,5
2026-09-29 14:30:00+05:30,952.2999877929688,952.3499755859375,951.9000244140625,951.9000244140625,62
2026-09-29 14:31:00+05:30,953.5999755859375,953.5999755859375,953.0,953.0,150
2026-09-29 14:32:00+05:30,954.0,954.4000244140625,953.0499877929688,953.0499877929688,15
2026-09-29 14:33:00+05:30,953.5,954.4000244140625,953.5,954.4000244140625,142
2026-09-29 14:34:00+05:30,953.7000122070312,953.7000122070312,953.0499877929688,953.2999877929688,49
2026-09-29 14:35:00+05:30,953.9500122070312,953.9500122070312,953.25,953.2999877929688,157
2026-09-29 14:36:00+05:30,953.5999755859375,953.9000244140625,953.5999755859375,953.9000244140625,14
2026-09-29 14:37:00+05:30,953.7000122070312,953.9500122070312,953.4000244140625,953.9000244140625,39
2026-09-29 14:38:00+05:30,953.7000122070312,953.7000122070312,953.7000122070312,953.7000122070312,22
2026-09-29 14:39:00+05:30,953.7999877929688,953.7999877929688,953.7000122070312,953.7000122070312,2
2026-09-29 14:40:00+05:30,954.0,954.0,954.0,954.0,35
2026-09-29 14:41:00+05:30,953.9500122070312,954.1500244140625,953.9500122070312,954.1500244140625,101
2026-09-29 14:42:00+05:30,954.0999755859375,954.0999755859375,953.75,953.75,18
2026-09-29 14:43:00+05:30,954.5499877929688,954.5499877929688,954.0999755859375,954.5,250
2026-09-29 14:44:00+05:30,953.7000122070312,954.7000122070312,953.4000244140625,954.7000122070312,62
2026-09-29 14:45:00+05:30,952.2000122070312,953.0,952.1500244140625,953.0,319
2026-09-29 14:46:00+05:30,952.1500244140625,952.5,952.1500244140625,952.5,19
2026-09-29 14:47:00+05:30,952.1500244140625,952.3499755859375,951.75,952.0,171
2026-09-29 14:48:00+05:30,953.4000244140625,953.4500122070312,952.5999755859375,952.5999755859375,737
2026-09-29 14:49:00+05:30,953.4000244140625,953.4000244140625,953.4000244140625,953.4000244140625,1
2026-09-29 14:50:00+05:30,953.3499755859375,953.4000244140625,952.8499755859375,953.4000244140625,108
2026-09-29 14:51:00+05:30,953.2999877929688,954.8499755859375,953.25,954.8499755859375,579
2026-09-29 14:52:00+05:30,953.9000244140625,953.9000244140625,953.3499755859375,953.7000122070312,188
2026-09-29 14:53:00+05:30,953.7999877929688,953.7999877929688,953.7000122070312,953.7000122070312,34
2026-09-29 14:54:00+05:30,953.5999755859375,953.5999755859375,953.0,953.2999877929688,21
2026-09-29 14:55:00+05:30,953.0499877929688,953.5999755859375,952.8499755859375,953.5499877929688,174
2026-09-29 14:56:00+05:30,953.5999755859375,953.5999755859375,952.7999877929688,952.7999877929688,554
2026-09-29 14:57:00+05:30,953.5,953.5499877929688,953.0,953.5,108
2026-09-29 14:58:00+05:30,952.9500122070312,952.9500122070312,952.7999877929688,952.7999877929688,110
2026-09-29 14:59:00+05:30,952.5,952.5,952.2999877929688,952.2999877929688,249
2026-09-29 15:00:00+05:30,950.0,952.4000244140625,950.0,952.4000244140625,2368
2026-09-29 15:01:00+05:30,950.0,950.2000122070312,949.0499877929688,950.2000122070312,1215
2026-09-29 15:02:00+05:30,950.7000122070312,950.7000122070312,949.9000244140625,949.9000244140625,348
2026-09-29 15:03:00+05:30,950.5999755859375,950.5999755859375,949.9000244140625,950.0,200
2026-09-29 15:04:00+05:30,950.9500122070312,951.4000244140625,949.9500122070312,950.2000122070312,423
2026-09-29 15:05:00+05:30,951.5499877929688,952.0999755859375,951.0,951.0,176
2026-09-29 15:06:00+05:30,951.5999755859375,952.0999755859375,951.5999755859375,951.7000122070312,391
2026-09-29 15:07:00+05:30,952.2000122070312,952.6500244140625,952.0999755859375,952.0999755859375,277
2026-09-29 15:08:00+05:30,952.75,952.75,952.0499877929688,952.4000244140625,91
2026-09-29 15:09:00+05:30,952.0,952.4500122070312,952.0,952.0,473
2026-09-29 15:10:00+05:30,953.7000122070312,953.7000122070312,952.4000244140625,952.4000244140625,432
2026-09-29 15:11:00+05:30,953.7000122070312,953.9500122070312,952.5499877929688,953.0,29
2026-09-29 15:12:00+05:30,954.4000244140625,954.4000244140625,952.6500244140625,953.7999877929688,340
2026-09-29 15:13:00+05:30,956.0999755859375,956.0999755859375,953.5999755859375,953.7000122070312,330
2026-09-29 15:14:00+05:30,952.0,956.0999755859375,952.0,956.0999755859375,48
2026-09-29 15:29:00+05:30,958.5999755859375,958.5999755859375,958.5999755859375,958.5999755859375,448
2026-09-30 09:15:00+05:30,949.1500244140625,957.2000122070312,949.1500244140625,954.0,1057
2026-09-30 09:16:00+05:30,948.4500122070312,951.4000244140625,946.9500122070312,950.2000122070312,1803
2026-09-30 09:17:00+05:30,947.2999877929688,947.5999755859375,946.0999755859375,947.5999755859375,131
2026-09-30 09:18:00+05:30,947.4500122070312,948.1500244140625,947.0,947.0,14339
2026-09-30 09:19:00+05:30,947.5,948.2000122070312,945.5999755859375,947.6500244140625,7685
2026-09-30 09:20:00+05:30,948.7999877929688,950.0,948.7000122070312,948.7999877929688,399
2026-09-30 09:21:00+05:30,949.0999755859375,950.0,948.4000244140625,948.9000244140625,3161
2026-09-30 09:22:00+05:30,948.75,949.2999877929688,948.2999877929688,948.7999877929688,283
2026-09-30 09:23:00+05:30,950.0,950.0,948.0499877929688,948.0499877929688,958
2026-09-30 09:24:00+05:30,949.5499877929688,951.25,949.5499877929688,950.7000122070312,893
2026-09-30 09:25:00+05:30,950.2999877929688,950.2999877929688,949.4000244140625,949.5,316
2026-09-30 09:26:00+05:30,951.0,951.0,950.5499877929688,950.5499877929688,63
2026-09-30 09:27:00+05:30,949.75,950.7999877929688,949.2999877929688,950.2000122070312,1725
2026-09-30 09:28:00+05:30,949.0,950.2000122070312,948.75,950.2000122070312,796
2026-09-30 09:29:00+05:30,948.0,948.9500122070312,948.0,948.8499755859375,263
2026-09-30 09:30:00+05:30,946.3499755859375,948.2999877929688,946.3499755859375,948.0,1219
2026-09-30 09:31:00+05:30,944.4000244140625,946.6500244140625,944.2000122070312,946.25,2083
2026-09-30 09:32:00+05:30,944.5,945.0999755859375,944.3499755859375,944.3499755859375,182
2026-09-30 09:33:00+05:30,944.7999877929688,945.0,944.5499877929688,944.5499877929688,83
2026-09-30 09:34:00+05:30,945.4500122070312,945.4500122070312,944.5999755859375,944.5999755859375,1125
2026-09-30 09:35:00+05:30,946.3499755859375,946.3499755859375,945.5,945.5,74
2026-09-30 09:36:00+05:30,946.0,946.4000244140625,946.0,946.3499755859375,884
2026-09-30 09:37:00+05:30,946.5999755859375,946.6500244140625,946.0,946.3499755859375,282
2026-09-30 09:38:00+05:30,946.4000244140625,946.4000244140625,946.0,946.0,1210
2026-09-30 09:39:00+05:30,946.0,946.0,946.0,946.0,31
2026-09-30 09:40:00+05:30,946.7999877929688,947.0999755859375,946.0999755859375,946.0999755859375,101
2026-09-30 09:41:00+05:30,946.7000122070312,946.9000244140625,946.4000244140625,946.9000244140625,12
2026-09-30 09:42:00+05:30,947.2000122070312,947.25,946.2000122070312,946.2000122070312,504
2026-09-30 09:43:00+05:30,946.75,947.1500244140625,946.75,946.7999877929688,61
2026-09-30 09:44:00+05:30,946.5,947.0999755859375,946.5,947.0999755859375,134
2026-09-30 09:45:00+05:30,947.5,947.5499877929688,946.5499877929688,946.5499877929688,836
2026-09-30 09:46:00+05:30,947.6500244140625,948.0,947.5999755859375,948.0,326
2026-09-30 09:47:00+05:30,946.8499755859375,947.3499755859375,946.5,947.3499755859375,22
2026-09-30 09:48:00+05:30,947.1500244140625,947.1500244140625,946.5999755859375,946.8499755859375,146
2026-09-30 09:49:00+05:30,946.5999755859375,947.25,946.1500244140625,947.2000122070312,282
2026-09-30 09:50:00+05:30,946.0,946.1500244140625,946.0,946.1500244140625,223
2026-09-30 09:51:00+05:30,946.0,946.0,945.5499877929688,946.0,159
2026-09-30 09:52:00+05:30,945.5,946.0999755859375,945.0,946.0,573
2026-09-30 09:53:00+05:30,945.7000122070312,946.0,945.7000122070312,946.0,453
2026-09-30 09:54:00+05:30,945.7000122070312,945.75,945.7000122070312,945.75,720
2026-09-30 09:55:00+05:30,946.5,946.5999755859375,946.0,946.0,13
2026-09-30 09:56:00+05:30,946.3499755859375,946.9000244140625,946.0,946.0,109
2026-09-30 09:57:00+05:30,946.6500244140625,946.8499755859375,946.5999755859375,946.7999877929688,22
2026-09-30 09:58:00+05:30,946.7999877929688,946.7999877929688,946.3499755859375,946.5999755859375,55
2026-09-30 09:59:00+05:30,946.9000244140625,947.4500122070312,946.7999877929688,946.7999877929688,144
2026-09-30 10:00:00+05:30,946.7999877929688,947.2999877929688,946.7999877929688,947.2000122070312,190
2026-09-30 10:01:00+05:30,946.6500244140625,946.6500244140625,946.5499877929688,946.5499877929688,521
2026-09-30 10:02:00+05:30,946.5999755859375,946.6500244140625,946.0999755859375,946.6500244140625,78
2026-09-30 10:03:00+05:30,946.4000244140625,946.5,946.4000244140625,946.5,53
2026-09-30 10:04:00+05:30,948.0,948.0,946.3499755859375,946.6500244140625,69
2026-09-30 10:05:00+05:30,947.7000122070312,947.7000122070312,947.0,947.0,488
2026-09-30 10:06:00+05:30,947.4500122070312,947.9000244140625,947.4500122070312,947.9000244140625,61
2026-09-30 10:07:00+05:30,946.4500122070312,947.25,946.4500122070312,947.25,41
2026-09-30 10:08:00+05:30,946.9000244140625,946.9000244140625,946.5999755859375,946.9000244140625,6
2026-09-30 10:09:00+05:30,946.8499755859375,947.4000244140625,946.8499755859375,947.4000244140625,26
2026-09-30 10:10:00+05:30,948.3499755859375,948.3499755859375,946.75,946.75,577
2026-09-30 10:11:00+05:30,948.2000122070312,948.7999877929688,948.2000122070312,948.7999877929688,47
2026-09-30 10:12:00+05:30,949.0999755859375,949.0999755859375,948.0499877929688,948.5,1172
2026-09-30 10:13:00+05:30,949.6500244140625,949.6500244140625,949.0499877929688,949.0499877929688,75
2026-09-30 10:14:00+05:30,949.9500122070312,950.7999877929688,949.6500244140625,949.7999877929688,684
2026-09-30 10:15:00+05:30,949.0999755859375,949.7999877929688,949.0499877929688,949.5,365
2026-09-30 10:16:00+05:30,949.0999755859375,949.0999755859375,948.7000122070312,949.0499877929688,157
2026-09-30 10:17:00+05:30,949.2000122070312,949.2000122070312,948.7999877929688,949.1500244140625,28
2026-09-30 10:18:00+05:30,950.1500244140625,950.1500244140625,949.0,949.0,216
2026-09-30 10:19:00+05:30,949.2000122070312,949.75,949.2000122070312,949.75,14
2026-09-30 10:20:00+05:30,949.9500122070312,949.9500122070312,948.9500122070312,949.2000122070312,115
2026-09-30 10:21:00+05:30,949.6500244140625,949.75,949.4000244140625,949.4500122070312,68
2026-09-30 10:22:00+05:30,950.0,950.0,949.0,949.2000122070312,123
2026-09-30 10:23:00+05:30,949.5999755859375,949.7999877929688,949.4000244140625,949.4000244140625,333
2026-09-30 10:24:00+05:30,949.4000244140625,949.4000244140625,949.2000122070312,949.2000122070312,18
2026-09-30 10:25:00+05:30,949.4000244140625,949.4000244140625,949.0499877929688,949.0499877929688,34
2026-09-30 10:26:00+05:30,949.4000244140625,949.4000244140625,948.5499877929688,949.4000244140625,1014
2026-09-30 10:27:00+05:30,949.4000244140625,949.4000244140625,948.7999877929688,949.2000122070312,34
2026-09-30 10:28:00+05:30,948.9000244140625,949.3499755859375,948.9000244140625,949.1500244140625,46
2026-09-30 10:29:00+05:30,948.9000244140625,949.0999755859375,948.9000244140625,949.0499877929688,129
2026-09-30 10:30:00+05:30,948.5,948.9000244140625,948.5,948.5999755859375,50
2026-09-30 10:31:00+05:30,948.8499755859375,949.25,948.8499755859375,948.9000244140625,147
2026-09-30 10:32:00+05:30,947.8499755859375,948.8499755859375,947.5999755859375,948.7999877929688,140
2026-09-30 10:33:00+05:30,946.4500122070312,947.2000122070312,946.4500122070312,947.0,526
2026-09-30 10:34:00+05:30,945.0499877929688,946.2999877929688,945.0499877929688,946.0999755859375,496
2026-09-30 10:35:00+05:30,945.4500122070312,945.4500122070312,945.4500122070312,945.4500122070312,9
2026-09-30 10:36:00+05:30,945.2999877929688,945.6500244140625,945.1500244140625,945.5,137
2026-09-30 10:37:00+05:30,945.0,945.2999877929688,944.5999755859375,945.0,857
2026-09-30 10:38:00+05:30,945.0,945.3499755859375,944.8499755859375,945.0,64
2026-09-30 10:39:00+05:30,944.7000122070312,945.6500244140625,944.7000122070312,945.2000122070312,259
2026-09-30 10:40:00+05:30,944.7000122070312,944.9000244140625,944.4000244140625,944.7000122070312,120
2026-09-30 10:41:00+05:30,944.9000244140625,944.9000244140625,944.9000244140625,944.9000244140625,62
2026-09-30 10:42:00+05:30,945.0999755859375,945.0999755859375,945.0999755859375,945.0999755859375,15
2026-09-30 10:43:00+05:30,945.7999877929688,945.7999877929688,944.9000244140625,945.4500122070312,64
2026-09-30 10:44:00+05:30,946.0,946.0999755859375,946.0,946.0,1089
2026-09-30 10:45:00+05:30,945.4500122070312,946.2000122070312,945.4500122070312,946.2000122070312,1095
2026-09-30 10:46:00+05:30,944.9500122070312,945.4000244140625,944.7999877929688,944.7999877929688,66
2026-09-30 10:47:00+05:30,945.2999877929688,945.2999877929688,944.9000244140625,945.0,120
2026-09-30 10:48:00+05:30,945.5,945.5499877929688,945.4000244140625,945.4000244140625,87
2026-09-30 10:49:00+05:30,945.7999877929688,945.7999877929688,945.5,945.5,34
2026-09-30 10:50:00+05:30,945.2000122070312,945.7999877929688,945.2000122070312,945.7999877929688,226
2026-09-30 10:51:00+05:30,946.2999877929688,946.2999877929688,945.0,945.0,268
2026-09-30 10:52:00+05:30,946.0499877929688,946.5999755859375,946.0499877929688,946.1500244140625,85
2026-09-30 10:53:00+05:30,946.7999877929688,946.9000244140625,946.0999755859375,946.0999755859375,43
2026-09-30 10:54:00+05:30,946.75,946.75,946.3499755859375,946.3499755859375,43
2026-09-30 10:55:00+05:30,946.3499755859375,946.8499755859375,946.3499755859375,946.5999755859375,306
2026-09-30 10:56:00+05:30,946.7999877929688,946.7999877929688,946.7000122070312,946.7999877929688,21
2026-09-30 10:58:00+05:30,946.0999755859375,946.5999755859375,946.0999755859375,946.5999755859375,18
2026-09-30 10:59:00+05:30,946.5,946.5,945.75,946.0,172
2026-09-30 11:00:00+05:30,946.75,946.7999877929688,946.2000122070312,946.5,63
2026-09-30 11:01:00+05:30,946.4000244140625,946.6500244140625,946.0499877929688,946.6500244140625,44
2026-09-30 11:02:00+05:30,946.2999877929688,946.7999877929688,945.9000244140625,945.9000244140625,20
2026-09-30 11:03:00+05:30,946.5499877929688,946.5499877929688,946.5499877929688,946.5499877929688,58
2026-09-30 11:04:00+05:30,946.5999755859375,946.5999755859375,946.5999755859375,946.5999755859375,20
2026-09-30 11:05:00+05:30,946.2000122070312,946.5999755859375,946.2000122070312,946.2000122070312,57
2026-09-30 11:06:00+05:30,946.5999755859375,946.5999755859375,946.2000122070312,946.2000122070312,6
2026-09-30 11:07:00+05:30,946.0999755859375,946.5999755859375,946.0999755859375,946.5999755859375,28
2026-09-30 11:08:00+05:30,946.5,946.5,945.7999877929688,946.4000244140625,322
2026-09-30 11:09:00+05:30,946.5,946.5,946.5,946.5,26
2026-09-30 11:10:00+05:30,946.5999755859375,946.5999755859375,946.2999877929688,946.2999877929688,13
2026-09-30 11:11:00+05:30,946.0,946.5,945.9500122070312,945.9500122070312,127
2026-09-30 11:12:00+05:30,945.7999877929688,945.8499755859375,945.5999755859375,945.5999755859375,94
2026-09-30 11:13:00+05:30,945.7000122070312,946.0999755859375,945.7000122070312,946.0999755859375,16
2026-09-30 11:14:00+05:30,945.5,945.5,945.5,945.5,36
2026-09-30 11:15:00+05:30,945.0999755859375,945.9000244140625,945.0999755859375,945.9000244140625,167
2026-09-30 11:16:00+05:30,945.4000244140625,945.4000244140625,945.0999755859375,945.4000244140625,27
2026-09-30 11:17:00+05:30,945.4000244140625,945.4000244140625,945.4000244140625,945.4000244140625,4
2026-09-30 11:18:00+05:30,946.2000122070312,946.2000122070312,945.75,945.9000244140625,107
2026-09-30 11:20:00+05:30,946.2999877929688,946.2999877929688,946.2999877929688,946.2999877929688,1
2026-09-30 11:21:00+05:30,946.2000122070312,946.75,946.2000122070312,946.7000122070312,187
2026-09-30 11:22:00+05:30,946.0,946.0,945.5999755859375,946.0,312
2026-09-30 11:23:00+05:30,946.5499877929688,946.5499877929688,946.0499877929688,946.5499877929688,122
2026-09-30 11:24:00+05:30,946.5499877929688,946.5999755859375,946.2000122070312,946.5999755859375,28
2026-09-30 11:25:00+05:30,946.25,946.5999755859375,946.2000122070312,946.5499877929688,56
2026-09-30 11:26:00+05:30,945.9000244140625,946.5999755859375,945.7999877929688,946.25,210
2026-09-30 11:27:00+05:30,946.2000122070312,946.5999755859375,946.2000122070312,946.2999877929688,51
2026-09-30 11:28:00+05:30,946.5,946.5499877929688,946.5,946.5499877929688,110
2026-09-30 11:29:00+05:30,946.7999877929688,947.0,946.75,946.75,42
2026-09-30 11:30:00+05:30,946.5999755859375,946.5999755859375,946.2000122070312,946.2000122070312,396
2026-09-30 11:31:00+05:30,946.7000122070312,947.1500244140625,946.7000122070312,946.7999877929688,49
2026-09-30 11:32:00+05:30,946.2999877929688,946.7999877929688,946.2999877929688,946.7999877929688,15
2026-09-30 11:33:00+05:30,946.0999755859375,946.5999755859375,946.0999755859375,946.5,22
2026-09-30 11:34:00+05:30,946.5,946.5999755859375,946.0999755859375,946.0999755859375,72
2026-09-30 11:35:00+05:30,946.5499877929688,946.5999755859375,946.0999755859375,946.5999755859375,12
2026-09-30 11:36:00+05:30,946.5999755859375,946.5999755859375,946.5999755859375,946.5999755859375,4
2026-09-30 11:37:00+05:30,946.5,946.5999755859375,946.5,946.5999755859375,105
2026-09-30 11:38:00+05:30,948.0,948.0,947.1500244140625,947.1500244140625,54
2026-09-30 11:39:00+05:30,947.2000122070312,948.0,947.2000122070312,948.0,286
2026-09-30 11:40:00+05:30,948.2000122070312,948.2000122070312,947.6500244140625,947.6500244140625,230
2026-09-30 11:41:00+05:30,947.2999877929688,947.4500122070312,947.2000122070312,947.4500122070312,38
2026-09-30 11:42:00+05:30,947.5999755859375,947.5999755859375,947.0,947.5999755859375,324
2026-09-30 11:43:00+05:30,947.6500244140625,947.6500244140625,947.5999755859375,947.5999755859375,116
2026-09-30 11:44:00+05:30,947.9000244140625,948.0,947.2999877929688,947.2999877929688,96
2026-09-30 11:45:00+05:30,947.7999877929688,947.7999877929688,947.7000122070312,947.7000122070312,590
2026-09-30 11:46:00+05:30,947.9000244140625,947.9000244140625,947.0999755859375,947.3499755859375,729
2026-09-30 11:47:00+05:30,948.4000244140625,948.8499755859375,948.0,948.0,121
2026-09-30 11:48:00+05:30,948.5999755859375,948.7999877929688,948.2000122070312,948.7999877929688,175
2026-09-30 11:49:00+05:30,949.2000122070312,949.2000122070312,948.75,948.75,112
2026-09-30 11:50:00+05:30,949.1500244140625,949.1500244140625,949.1500244140625,949.1500244140625,8
2026-09-30 11:51:00+05:30,948.9000244140625,948.9000244140625,948.7999877929688,948.7999877929688,46
2026-09-30 11:52:00+05:30,949.2000122070312,949.2000122070312,948.8499755859375,949.0499877929688,38
2026-09-30 11:53:00+05:30,949.6500244140625,949.7999877929688,949.2000122070312,949.2000122070312,249
2026-09-30 11:54:00+05:30,950.0,950.0,950.0,950.0,5
2026-09-30 11:55:00+05:30,950.0999755859375,950.0999755859375,950.0,950.0,2279
2026-09-30 11:56:00+05:30,950.4000244140625,950.4000244140625,950.3499755859375,950.3499755859375,11
2026-09-30 11:57:00+05:30,952.0499877929688,952.0499877929688,952.0,952.0,821
2026-09-30 11:58:00+05:30,952.1500244140625,952.4000244140625,951.7000122070312,952.0999755859375,17
2026-09-30 11:59:00+05:30,954.2999877929688,954.5,952.1500244140625,952.1500244140625,179
2026-09-30 12:00:00+05:30,953.7999877929688,954.2000122070312,953.3499755859375,953.7000122070312,119
2026-09-30 12:01:00+05:30,953.3499755859375,953.3499755859375,953.2999877929688,953.2999877929688,4
2026-09-30 12:02:00+05:30,952.9000244140625,953.0999755859375,952.5999755859375,952.5999755859375,208
2026-09-30 12:03:00+05:30,953.25,953.25,952.5,953.0,128
2026-09-30 12:04:00+05:30,952.5999755859375,953.4000244140625,952.5999755859375,953.4000244140625,12
2026-09-30 12:05:00+05:30,951.9000244140625,952.7999877929688,951.9000244140625,952.7999877929688,54
2026-09-30 12:06:00+05:30,952.5999755859375,953.0,952.2000122070312,952.2000122070312,24
2026-09-30 12:07:00+05:30,952.9500122070312,952.9500122070312,952.5999755859375,952.5999755859375,37
2026-09-30 12:08:00+05:30,954.1500244140625,954.1500244140625,952.9000244140625,952.9000244140625,396
2026-09-30 12:09:00+05:30,953.9000244140625,954.0,953.9000244140625,954.0,2
2026-09-30 12:10:00+05:30,954.0,954.0,953.25,953.75,165
2026-09-30 12:11:00+05:30,953.8499755859375,954.0,953.2999877929688,954.0,444
2026-09-30 12:12:00+05:30,954.0999755859375,954.5999755859375,953.7000122070312,953.7000122070312,90
2026-09-30 12:13:00+05:30,955.0,955.0,955.0,955.0,76
2026-09-30 12:14:00+05:30,954.2000122070312,954.8499755859375,954.0,954.8499755859375,32
2026-09-30 12:15:00+05:30,954.1500244140625,954.5,954.0999755859375,954.0999755859375,86
2026-09-30 12:16:00+05:30,954.9500122070312,954.9500122070312,954.1500244140625,954.1500244140625,72
2026-09-30 12:17:00+05:30,955.4000244140625,955.4000244140625,954.5999755859375,954.5999755859375,1395
2026-09-30 12:18:00+05:30,954.7999877929688,955.3499755859375,954.7999877929688,955.2999877929688,280
2026-09-30 12:20:00+05:30,954.3499755859375,955.0,954.3499755859375,955.0,90
2026-09-30 12:21:00+05:30,955.4000244140625,955.4000244140625,954.7999877929688,955.0,322
2026-09-30 12:22:00+05:30,955.7999877929688,955.7999877929688,955.0,955.0,130
2026-09-30 12:23:00+05:30,956.5999755859375,956.5999755859375,955.9000244140625,955.9000244140625,630
2026-09-30 12:24:00+05:30,956.0,956.4000244140625,956.0,956.4000244140625,53
2026-09-30 12:25:00+05:30,956.0499877929688,956.5,956.0499877929688,956.5,117
2026-09-30 12:26:00+05:30,956.2000122070312,956.3499755859375,956.0,956.3499755859375,21
2026-09-30 12:27:00+05:30,956.2000122070312,956.2000122070312,956.2000122070312,956.2000122070312,20
2026-09-30 12:28:00+05:30,955.8499755859375,956.2000122070312,955.7999877929688,956.2000122070312,309
2026-09-30 12:29:00+05:30,955.0,956.0499877929688,955.0,956.0,145
2026-09-30 12:30:00+05:30,953.7000122070312,953.7000122070312,953.7000122070312,953.7000122070312,1
2026-09-30 12:31:00+05:30,955.0,955.0,953.7000122070312,953.7000122070312,89
2026-09-30 12:32:00+05:30,955.0,955.0,954.3499755859375,954.7000122070312,633
2026-09-30 12:33:00+05:30,954.7000122070312,955.0,954.7000122070312,955.0,12
2026-09-30 12:34:00+05:30,954.5,954.5,954.0999755859375,954.0999755859375,23
2026-09-30 12:35:00+05:30,954.5,954.5,954.5,954.5,3
2026-09-30 12:37:00+05:30,954.2999877929688,954.2999877929688,954.0499877929688,954.0499877929688,21
2026-09-30 12:38:00+05:30,954.0,954.0,953.7999877929688,953.7999877929688,9
2026-09-30 12:39:00+05:30,954.0,954.0,954.0,954.0,8
2026-09-30 12:40:00+05:30,952.3499755859375,953.2000122070312,952.3499755859375,953.2000122070312,66
2026-09-30 12:41:00+05:30,952.3499755859375,952.4000244140625,952.3499755859375,952.4000244140625,176
2026-09-30 12:42:00+05:30,952.2000122070312,952.4000244140625,952.1500244140625,952.4000244140625,103
2026-09-30 12:43:00+05:30,952.5999755859375,952.5999755859375,952.2000122070312,952.2000122070312,13
2026-09-30 12:44:00+05:30,952.3499755859375,952.5499877929688,952.3499755859375,952.5499877929688,21
2026-09-30 12:45:00+05:30,952.4500122070312,952.4500122070312,952.4500122070312,952.4500122070312,10
2026-09-30 12:47:00+05:30,954.0499877929688,954.5,954.0499877929688,954.5,103
2026-09-30 12:48:00+05:30,953.5999755859375,953.5999755859375,953.4000244140625,953.4000244140625,2
2026-09-30 12:49:00+05:30,953.75,953.75,953.75,953.75,3
2026-09-30 12:50:00+05:30,953.4000244140625,953.4000244140625,953.0,953.2999877929688,304
2026-09-30 12:51:00+05:30,953.2999877929688,953.2999877929688,952.7999877929688,952.7999877929688,63
2026-09-30 12:52:00+05:30,953.5999755859375,953.6500244140625,953.4000244140625,953.4000244140625,59
2026-09-30 12:53:00+05:30,953.9000244140625,953.9000244140625,953.9000244140625,953.9000244140625,1
2026-09-30 12:54:00+05:30,953.5,953.9000244140625,953.5,953.9000244140625,11
2026-09-30 12:55:00+05:30,953.9000244140625,953.9000244140625,953.9000244140625,953.9000244140625,29
2026-09-30 12:56:00+05:30,953.9000244140625,953.9000244140625,953.5,953.5,26
2026-09-30 12:57:00+05:30,954.2999877929688,954.2999877929688,954.2999877929688,954.2999877929688,6
2026-09-30 12:58:00+05:30,953.2000122070312,954.1500244140625,953.2000122070312,954.1500244140625,11
2026-09-30 12:59:00+05:30,953.0499877929688,953.7999877929688,953.0499877929688,953.2000122070312,98
2026-09-30 13:00:00+05:30,953.0,953.2000122070312,953.0,953.2000122070312,49
2026-09-30 13:01:00+05:30,953.0999755859375,953.4000244140625,953.0999755859375,953.4000244140625,2
2026-09-30 13:02:00+05:30,952.9000244140625,953.0499877929688,952.9000244140625,953.0499877929688,5
2026-09-30 13:03:00+05:30,953.0999755859375,953.0999755859375,953.0,953.0,8
2026-09-30 13:04:00+05:30,954.5,954.5499877929688,953.5999755859375,953.9000244140625,425
2026-09-30 13:05:00+05:30,953.2000122070312,953.5999755859375,953.2000122070312,953.5999755859375,66
2026-09-30 13:06:00+05:30,954.4000244140625,954.4000244140625,954.2999877929688,954.2999877929688,44
2026-09-30 13:07:00+05:30,954.0499877929688,954.3499755859375,953.7000122070312,954.0999755859375,5
2026-09-30 13:08:00+05:30,953.7999877929688,953.7999877929688,953.7999877929688,953.7999877929688,1
2026-09-30 13:09:00+05:30,954.0,954.2999877929688,954.0,954.2999877929688,148
2026-09-30 13:10:00+05:30,953.5499877929688,953.7999877929688,953.4000244140625,953.4000244140625,45
2026-09-30 13:11:00+05:30,953.75,953.75,953.4000244140625,953.4000244140625,145
2026-09-30 13:12:00+05:30,953.0,953.2999877929688,953.0,953.2999877929688,29
2026-09-30 13:13:00+05:30,952.6500244140625,953.0,952.6500244140625,953.0,51
2026-09-30 13:14:00+05:30,952.5999755859375,953.0,952.4000244140625,953.0,26
2026-09-30 13:15:00+05:30,953.0,953.0,953.0,953.0,1
2026-09-30 13:16:00+05:30,953.2999877929688,953.4000244140625,953.0,953.0,15
2026-09-30 13:17:00+05:30,953.2999877929688,953.2999877929688,953.2999877929688,953.2999877929688,32
2026-09-30 13:18:00+05:30,953.3499755859375,953.3499755859375,953.2000122070312,953.2000122070312,12
2026-09-30 13:19:00+05:30,953.0999755859375,953.0999755859375,952.9000244140625,952.9000244140625,73
2026-09-30 13:20:00+05:30,953.0999755859375,953.0999755859375,953.0999755859375,953.0999755859375,6
2026-09-30 13:21:00+05:30,952.9000244140625,952.9000244140625,952.9000244140625,952.9000244140625,16
2026-09-30 13:22:00+05:30,953.0999755859375,953.0999755859375,952.5499877929688,952.5499877929688,57
2026-09-30 13:23:00+05:30,953.0,953.0499877929688,953.0,953.0499877929688,11
2026-09-30 13:24:00+05:30,953.0499877929688,953.0999755859375,953.0,953.0,101
2026-09-30 13:25:00+05:30,952.7000122070312,952.7000122070312,952.7000122070312,952.7000122070312,1
2026-09-30 13:26:00+05:30,952.5,952.7000122070312,952.5,952.7000122070312,11
2026-09-30 13:27:00+05:30,952.5999755859375,952.5999755859375,952.0,952.5999755859375,108
2026-09-30 13:28:00+05:30,954.0999755859375,954.0999755859375,953.5,953.5,11
2026-09-30 13:29:00+05:30,953.7999877929688,954.0499877929688,953.7999877929688,954.0499877929688,6
2026-09-30 13:30:00+05:30,953.3499755859375,953.9000244140625,953.3499755859375,953.9000244140625,49
2026-09-30 13:31:00+05:30,953.25,953.2999877929688,953.25,953.2999877929688,51
2026-09-30 13:32:00+05:30,953.25,953.5999755859375,953.25,953.5999755859375,14
2026-09-30 13:33:00+05:30,953.5,953.5,953.0,953.0499877929688,44
2026-09-30 13:34:00+05:30,953.0,953.0,953.0,953.0,6
2026-09-30 13:35:00+05:30,952.5499877929688,952.7999877929688,952.5499877929688,952.7999877929688,501
2026-09-30 13:36:00+05:30,951.9500122070312,952.2000122070312,951.9500122070312,952.2000122070312,153
2026-09-30 13:37:00+05:30,951.4000244140625,951.7999877929688,951.0,951.7999877929688,79
2026-09-30 13:38:00+05:30,951.3499755859375,951.7999877929688,951.3499755859375,951.7999877929688,34
2026-09-30 13:39:00+05:30,951.2000122070312,951.9000244140625,951.0,951.9000244140625,165
2026-09-30 13:40:00+05:30,950.7000122070312,951.25,950.5499877929688,951.0999755859375,60
2026-09-30 13:41:00+05:30,950.4000244140625,950.4000244140625,950.4000244140625,950.4000244140625,110
2026-09-30 13:42:00+05:30,950.7999877929688,950.7999877929688,950.0999755859375,950.5999755859375,41
2026-09-30 13:43:00+05:30,950.5999755859375,950.7000122070312,950.5999755859375,950.7000122070312,38
2026-09-30 13:44:00+05:30,951.2000122070312,951.2000122070312,950.5,950.7000122070312,87
2026-09-30 13:45:00+05:30,950.75,950.75,950.4000244140625,950.4000244140625,149
2026-09-30 13:46:00+05:30,950.7000122070312,950.75,950.5499877929688,950.75,48
2026-09-30 13:47:00+05:30,950.7000122070312,950.7999877929688,950.5499877929688,950.7000122070312,100
2026-09-30 13:48:00+05:30,950.7000122070312,950.7000122070312,950.2999877929688,950.2999877929688,104
2026-09-30 13:49:00+05:30,950.7000122070312,950.7000122070312,950.5,950.7000122070312,99
2026-09-30 13:50:00+05:30,950.75,950.75,950.2999877929688,950.5499877929688,149
2026-09-30 13:51:00+05:30,950.75,950.75,950.7000122070312,950.7000122070312,49
2026-09-30 13:52:00+05:30,950.7999877929688,950.8499755859375,950.2999877929688,950.7999877929688,72
2026-09-30 13:53:00+05:30,950.7000122070312,950.7999877929688,950.3499755859375,950.7999877929688,77
2026-09-30 13:54:00+05:30,950.7000122070312,950.75,950.4000244140625,950.75,52
2026-09-30 13:55:00+05:30,950.4500122070312,950.4500122070312,950.4500122070312,950.4500122070312,5
2026-09-30 13:56:00+05:30,950.9000244140625,950.9000244140625,950.9000244140625,950.9000244140625,5
2026-09-30 13:57:00+05:30,951.2000122070312,951.2000122070312,950.6500244140625,950.6500244140625,50
2026-09-30 13:58:00+05:30,952.0499877929688,952.0499877929688,951.2999877929688,951.2999877929688,9
2026-09-30 13:59:00+05:30,952.0,952.25,952.0,952.25,93
2026-09-30 14:00:00+05:30,952.2000122070312,952.2000122070312,952.2000122070312,952.2000122070312,20
2026-09-30 14:01:00+05:30,951.9000244140625,951.9000244140625,951.2999877929688,951.2999877929688,30
2026-09-30 14:02:00+05:30,952.0,952.0,951.9500122070312,951.9500122070312,2
2026-09-30 14:03:00+05:30,952.0,952.0,951.7999877929688,951.7999877929688,111
2026-09-30 14:05:00+05:30,952.3499755859375,952.3499755859375,952.3499755859375,952.3499755859375,2
2026-09-30 14:06:00+05:30,952.2999877929688,952.7999877929688,952.2999877929688,952.3499755859375,43
2026-09-30 14:07:00+05:30,951.7999877929688,951.7999877929688,951.7999877929688,951.7999877929688,14
2026-09-30 14:08:00+05:30,952.6500244140625,952.6500244140625,952.0999755859375,952.0999755859375,81
2026-09-30 14:09:00+05:30,952.6500244140625,952.6500244140625,952.6500244140625,952.6500244140625,15
2026-09-30 14:10:00+05:30,952.9500122070312,953.0,952.9500122070312,953.0,44
2026-09-30 14:12:00+05:30,952.2000122070312,952.7000122070312,952.2000122070312,952.5999755859375,30
2026-09-30 14:14:00+05:30,952.2000122070312,952.2000122070312,952.2000122070312,952.2000122070312,10
2026-09-30 14:15:00+05:30,952.0,952.0,951.2999877929688,951.2999877929688,384
2026-09-30 14:16:00+05:30,951.4000244140625,951.7999877929688,951.4000244140625,951.7999877929688,43
2026-09-30 14:17:00+05:30,951.8499755859375,951.9500122070312,951.4000244140625,951.4000244140625,41
2026-09-30 14:18:00+05:30,951.9000244140625,951.9000244140625,951.6500244140625,951.6500244140625,57
2026-09-30 14:20:00+05:30,951.7999877929688,951.7999877929688,951.7999877929688,951.7999877929688,2
2026-09-30 14:21:00+05:30,951.5,951.5,951.5,951.5,1
2026-09-30 14:22:00+05:30,951.5,951.7000122070312,951.5,951.5999755859375,28
2026-09-30 14:23:00+05:30,950.0999755859375,951.3499755859375,950.0999755859375,951.2999877929688,50
2026-09-30 14:24:00+05:30,950.6500244140625,950.75,949.8499755859375,950.0999755859375,1132
2026-09-30 14:25:00+05:30,950.7000122070312,950.9000244140625,950.1500244140625,950.1500244140625,167
2026-09-30 14:26:00+05:30,950.0,950.2000122070312,950.0,950.2000122070312,15
2026-09-30 14:27:00+05:30,949.7000122070312,950.4000244140625,949.5499877929688,950.4000244140625,309
2026-09-30 14:28:00+05:30,949.5999755859375,950.3499755859375,949.5999755859375,950.3499755859375,447
2026-09-30 14:29:00+05:30,950.1500244140625,950.1500244140625,949.7999877929688,949.7999877929688,46
2026-09-30 14:30:00+05:30,950.4000244140625,950.5,949.9000244140625,950.4500122070312,138
2026-09-30 14:31:00+05:30,951.0499877929688,951.0499877929688,950.0999755859375,950.0999755859375,307
2026-09-30 14:32:00+05:30,951.0,951.0,950.7999877929688,950.7999877929688,34
2026-09-30 14:33:00+05:30,950.75,950.75,950.75,950.75,26
2026-09-30 14:34:00+05:30,950.5,950.9000244140625,950.5,950.9000244140625,4
2026-09-30 14:35:00+05:30,950.75,950.7999877929688,950.75,950.7999877929688,29
2026-09-30 14:36:00+05:30,950.5999755859375,950.5999755859375,950.5999755859375,950.5999755859375,24
2026-09-30 14:37:00+05:30,950.3499755859375,950.3499755859375,949.5,949.5,1979
2026-09-30 14:38:00+05:30,950.5999755859375,950.5999755859375,950.1500244140625,950.5999755859375,40
2026-09-30 14:39:00+05:30,950.2999877929688,950.2999877929688,950.2999877929688,950.2999877929688,3
2026-09-30 14:40:00+05:30,950.4000244140625,950.4000244140625,950.3499755859375,950.3499755859375,113
2026-09-30 14:41:00+05:30,950.3499755859375,950.3499755859375,950.3499755859375,950.3499755859375,3
2026-09-30 14:42:00+05:30,950.3499755859375,950.3499755859375,950.3499755859375,950.3499755859375,25
2026-09-30 14:43:00+05:30,950.3499755859375,950.4000244140625,950.3499755859375,950.4000244140625,7
2026-09-30 14:44:00+05:30,950.3499755859375,950.3499755859375,950.3499755859375,950.3499755859375,1
2026-09-30 14:45:00+05:30,950.5999755859375,950.5999755859375,950.5999755859375,950.5999755859375,6
2026-09-30 14:46:00+05:30,950.5999755859375,950.5999755859375,950.0999755859375,950.5999755859375,356
2026-09-30 14:47:00+05:30,950.5999755859375,950.5999755859375,950.5,950.5,339
2026-09-30 14:48:00+05:30,950.7999877929688,950.7999877929688,950.7999877929688,950.7999877929688,50
2026-09-30 14:49:00+05:30,951.5999755859375,951.5999755859375,950.8499755859375,950.8499755859375,1357
2026-09-30 14:50:00+05:30,951.75,952.4500122070312,951.5999755859375,951.5999755859375,100
2026-09-30 14:51:00+05:30,951.7999877929688,951.7999877929688,950.4000244140625,951.4000244140625,1429
2026-09-30 14:52:00+05:30,951.5499877929688,951.5499877929688,951.2000122070312,951.5,36
2026-09-30 14:53:00+05:30,951.4000244140625,951.4000244140625,951.4000244140625,951.4000244140625,8
2026-09-30 14:54:00+05:30,951.7000122070312,951.7000122070312,951.0999755859375,951.5499877929688,55
2026-09-30 14:55:00+05:30,951.7000122070312,952.1500244140625,951.7000122070312,951.7999877929688,89
2026-09-30 14:56:00+05:30,951.4000244140625,952.0,951.4000244140625,951.5499877929688,47
2026-09-30 14:57:00+05:30,951.7999877929688,951.9000244140625,951.5,951.5,39
2026-09-30 14:58:00+05:30,951.0,951.9000244140625,951.0,951.9000244140625,94
2026-09-30 14:59:00+05:30,950.3499755859375,951.2000122070312,950.2000122070312,950.75,97
2026-09-30 15:00:00+05:30,949.7999877929688,950.9500122070312,949.7999877929688,950.0,668
2026-09-30 15:01:00+05:30,949.5499877929688,950.0999755859375,949.5499877929688,949.7999877929688,52
2026-09-30 15:02:00+05:30,949.7000122070312,950.0999755859375,949.4000244140625,949.4000244140625,105
2026-09-30 15:03:00+05:30,948.7999877929688,949.5999755859375,948.7999877929688,949.5999755859375,63
2026-09-30 15:04:00+05:30,948.9500122070312,948.9500122070312,948.25,948.5999755859375,349
2026-09-30 15:05:00+05:30,948.0499877929688,948.5,947.6500244140625,948.25,179
2026-09-30 15:06:00+05:30,947.8499755859375,947.8499755859375,947.6500244140625,947.7000122070312,466
2026-09-30 15:07:00+05:30,947.2999877929688,947.8499755859375,947.1500244140625,947.7000122070312,336
2026-09-30 15:08:00+05:30,947.3499755859375,947.7999877929688,946.75,947.7999877929688,219
2026-09-30 15:09:00+05:30,947.0999755859375,947.2000122070312,946.5999755859375,947.2000122070312,369
2026-09-30 15:10:00+05:30,946.9500122070312,947.0499877929688,946.4500122070312,947.0499877929688,292
2026-09-30 15:11:00+05:30,947.2999877929688,947.2999877929688,946.5999755859375,946.9000244140625,123
2026-09-30 15:12:00+05:30,945.0,947.0999755859375,945.0,946.5999755859375,353
2026-09-30 15:13:00+05:30,944.0,945.5,944.0,945.0,2946
2026-09-30 15:14:00+05:30,942.2000122070312,945.1500244140625,942.0,944.0,587
2026-09-30 15:15:00+05:30,942.2000122070312,942.2000122070312,942.2000122070312,942.2000122070312,2
2026-09-30 15:28:00+05:30,942.2999877929688,942.2999877929688,942.2999877929688,942.2999877929688,228
2026-10-01 09:15:00+05:30,930.0,937.5499877929688,930.0,933.9000244140625,12988
2026-10-01 09:16:00+05:30,932.0499877929688,933.5,931.3499755859375,931.5,560
2026-10-01 09:17:00+05:30,930.7000122070312,931.7999877929688,930.1500244140625,931.7999877929688,435
2026-10-01 09:18:00+05:30,930.5999755859375,931.6500244140625,929.7999877929688,931.0999755859375,1119
2026-10-01 09:19:00+05:30,932.0999755859375,933.0999755859375,930.5499877929688,931.1500244140625,819
2026-10-01 09:20:00+05:30,932.4000244140625,933.2000122070312,931.9500122070312,932.75,1578
2026-10-01 09:21:00+05:30,932.5499877929688,932.9000244140625,932.3499755859375,932.3499755859375,193
2026-10-01 09:22:00+05:30,931.8499755859375,932.5999755859375,931.7999877929688,932.5999755859375,54
2026-10-01 09:23:00+05:30,932.2999877929688,932.9500122070312,931.4000244140625,931.7999877929688,349
2026-10-01 09:24:00+05:30,931.6500244140625,932.0,931.0,932.0,72
2026-10-01 09:25:00+05:30,931.4000244140625,931.5,930.8499755859375,931.0,167
2026-10-01 09:26:00+05:30,932.5999755859375,932.5999755859375,930.7999877929688,930.7999877929688,231
2026-10-01 09:27:00+05:30,932.5999755859375,932.5999755859375,931.5499877929688,931.9000244140625,127
2026-10-01 09:28:00+05:30,932.9500122070312,932.9500122070312,932.5999755859375,932.5999755859375,128
2026-10-01 09:29:00+05:30,932.5999755859375,932.9500122070312,932.2000122070312,932.9500122070312,84
2026-10-01 09:30:00+05:30,933.0999755859375,933.5999755859375,932.5499877929688,932.5999755859375,1100
2026-10-01 09:31:00+05:30,933.25,933.6500244140625,933.1500244140625,933.5499877929688,450
2026-10-01 09:32:00+05:30,933.6500244140625,933.7999877929688,933.0,933.0,452
2026-10-01 09:33:00+05:30,933.2000122070312,933.7999877929688,933.1500244140625,933.1500244140625,193
2026-10-01 09:34:00+05:30,930.7000122070312,933.5499877929688,930.7000122070312,933.5499877929688,1677
2026-10-01 09:35:00+05:30,931.1500244140625,931.6500244140625,930.7000122070312,930.7000122070312,432
2026-10-01 09:36:00+05:30,930.5999755859375,931.0499877929688,930.0999755859375,930.7000122070312,232
2026-10-01 09:37:00+05:30,931.5499877929688,931.5999755859375,930.2000122070312,930.3499755859375,209
2026-10-01 09:38:00+05:30,931.25,931.7999877929688,931.25,931.7999877929688,33
2026-10-01 09:39:00+05:30,931.4000244140625,931.7999877929688,931.25,931.25,62
2026-10-01 09:40:00+05:30,932.0,932.0,931.4000244140625,931.5999755859375,82
2026-10-01 09:41:00+05:30,931.25,931.5999755859375,931.25,931.5999755859375,70
2026-10-01 09:42:00+05:30,932.3499755859375,932.4000244140625,930.7999877929688,930.9000244140625,282
2026-10-01 09:43:00+05:30,932.9500122070312,932.9500122070312,931.7000122070312,932.25,195
2026-10-01 09:44:00+05:30,929.6500244140625,932.5999755859375,929.6500244140625,932.5999755859375,952
2026-10-01 09:45:00+05:30,930.75,930.75,929.5,929.5,632
2026-10-01 09:46:00+05:30,932.0499877929688,932.5999755859375,931.5499877929688,931.5499877929688,730
2026-10-01 09:47:00+05:30,931.4500122070312,932.3499755859375,931.4500122070312,932.25,349
2026-10-01 09:48:00+05:30,932.1500244140625,932.1500244140625,931.2000122070312,931.2000122070312,32
2026-10-01 09:49:00+05:30,931.7000122070312,932.0,931.3499755859375,931.75,421
2026-10-01 09:50:00+05:30,931.7000122070312,932.9500122070312,931.7000122070312,932.0,1148
2026-10-01 09:51:00+05:30,931.7000122070312,931.9000244140625,931.7000122070312,931.9000244140625,301
2026-10-01 09:52:00+05:30,933.0,933.0,932.1500244140625,932.1500244140625,40
2026-10-01 09:53:00+05:30,932.5999755859375,932.5999755859375,932.5499877929688,932.5499877929688,2
2026-10-01 09:54:00+05:30,931.5499877929688,932.5999755859375,931.3499755859375,932.5999755859375,317
2026-10-01 09:55:00+05:30,931.5499877929688,931.9000244140625,931.5,931.5499877929688,38
2026-10-01 09:56:00+05:30,932.0,932.0,931.5499877929688,931.5999755859375,28
2026-10-01 09:57:00+05:30,932.0,932.0,931.4500122070312,931.5999755859375,108
2026-10-01 09:58:00+05:30,931.7000122070312,931.75,931.5999755859375,931.5999755859375,29
2026-10-01 09:59:00+05:30,931.6500244140625,931.9500122070312,931.6500244140625,931.7999877929688,24
2026-10-01 10:00:00+05:30,932.5999755859375,932.5999755859375,932.0,932.0,113
2026-10-01 10:01:00+05:30,933.4000244140625,933.4000244140625,932.3499755859375,932.3499755859375,221
2026-10-01 10:02:00+05:30,933.9500122070312,934.2000122070312,933.7000122070312,933.7000122070312,124
2026-10-01 10:03:00+05:30,933.0,934.0,933.0,934.0,152
2026-10-01 10:04:00+05:30,933.9500122070312,934.3499755859375,932.9500122070312,932.9500122070312,520
2026-10-01 10:05:00+05:30,934.0999755859375,934.0999755859375,933.6500244140625,933.6500244140625,143
2026-10-01 10:06:00+05:30,933.5999755859375,934.0,933.5999755859375,934.0,21
2026-10-01 10:07:00+05:30,934.2999877929688,934.3499755859375,934.0499877929688,934.0499877929688,23
2026-10-01 10:08:00+05:30,933.0999755859375,934.1500244140625,933.0999755859375,934.0,64
2026-10-01 10:09:00+05:30,933.6500244140625,933.6500244140625,933.4000244140625,933.4000244140625,70
2026-10-01 10:10:00+05:30,933.2000122070312,933.4000244140625,932.7999877929688,933.0999755859375,53
2026-10-01 10:11:00+05:30,932.7999877929688,933.4500122070312,932.7999877929688,932.8499755859375,220
2026-10-01 10:12:00+05:30,932.1500244140625,932.7999877929688,932.0,932.7999877929688,853
2026-10-01 10:13:00+05:30,932.5,932.5,931.7000122070312,932.2999877929688,410
2026-10-01 10:14:00+05:30,932.7999877929688,932.7999877929688,932.5,932.5,202
2026-10-01 10:15:00+05:30,933.25,933.9500122070312,932.4000244140625,932.5999755859375,168
2026-10-01 10:16:00+05:30,932.75,932.75,932.4500122070312,932.7000122070312,318
2026-10-01 10:17:00+05:30,932.8499755859375,932.8499755859375,932.8499755859375,932.8499755859375,39
2026-10-01 10:18:00+05:30,932.7999877929688,932.8499755859375,932.6500244140625,932.8499755859375,82
2026-10-01 10:19:00+05:30,932.4500122070312,932.4500122070312,932.4000244140625,932.4000244140625,51
2026-10-01 10:20:00+05:30,932.4000244140625,932.7000122070312,932.4000244140625,932.7000122070312,12
2026-10-01 10:21:00+05:30,932.9000244140625,933.0,932.4000244140625,932.4000244140625,66
2026-10-01 10:22:00+05:30,933.0,933.0,932.5499877929688,933.0,188
2026-10-01 10:23:00+05:30,933.0,933.0,932.2999877929688,932.4000244140625,110
2026-10-01 10:24:00+05:30,932.7999877929688,932.9500122070312,932.3499755859375,932.9500122070312,135
2026-10-01 10:25:00+05:30,932.7999877929688,933.5,932.7999877929688,932.7999877929688,3558
2026-10-01 10:26:00+05:30,932.8499755859375,933.0,932.8499755859375,933.0,346
2026-10-01 10:27:00+05:30,932.9000244140625,932.9000244140625,932.2000122070312,932.2000122070312,301
2026-10-01 10:28:00+05:30,932.4500122070312,932.7999877929688,932.4500122070312,932.7999877929688,12
2026-10-01 10:29:00+05:30,935.4000244140625,935.4000244140625,932.4500122070312,933.0,271
2026-10-01 10:30:00+05:30,935.0499877929688,935.4000244140625,934.8499755859375,935.0,582
2026-10-01 10:31:00+05:30,937.7999877929688,937.7999877929688,935.0499877929688,935.0499877929688,1416
2026-10-01 10:32:00+05:30,938.5,940.0,937.5499877929688,938.0,3252
2026-10-01 10:33:00+05:30,938.5999755859375,939.9000244140625,938.1500244140625,938.1500244140625,672
2026-10-01 10:34:00+05:30,937.1500244140625,938.0999755859375,937.1500244140625,938.0999755859375,28
2026-10-01 10:35:00+05:30,936.7999877929688,938.0,936.7999877929688,938.0,185
2026-10-01 10:36:00+05:30,938.9000244140625,938.9000244140625,937.5999755859375,937.5999755859375,1970
2026-10-01 10:37:00+05:30,937.4500122070312,937.6500244140625,937.0,937.0999755859375,3129
2026-10-01 10:38:00+05:30,937.4500122070312,938.2000122070312,937.0,937.0,226
2026-10-01 10:39:00+05:30,936.9000244140625,937.4000244140625,936.7999877929688,936.7999877929688,177
2026-10-01 10:40:00+05:30,937.2000122070312,937.2000122070312,937.2000122070312,937.2000122070312,4636
2026-10-01 10:41:00+05:30,936.0,937.0,936.0,937.0,5
2026-10-01 10:42:00+05:30,936.9000244140625,937.0999755859375,936.0,936.0,804
2026-10-01 10:43:00+05:30,936.2000122070312,936.2999877929688,936.2000122070312,936.2999877929688,15
2026-10-01 10:44:00+05:30,936.2000122070312,936.2000122070312,934.7999877929688,935.8499755859375,3688
2026-10-01 10:45:00+05:30,935.4500122070312,935.8499755859375,935.4500122070312,935.8499755859375,13
2026-10-01 10:46:00+05:30,935.5,936.5,935.0,935.4500122070312,19925
2026-10-01 10:47:00+05:30,936.2000122070312,936.2000122070312,935.4500122070312,935.4500122070312,22
2026-10-01 10:48:00+05:30,936.2999877929688,936.2999877929688,935.7000122070312,935.7000122070312,22
2026-10-01 10:49:00+05:30,939.25,941.0,935.75,935.75,2033
2026-10-01 10:50:00+05:30,939.2999877929688,939.9000244140625,939.25,939.25,402
2026-10-01 10:51:00+05:30,940.5,941.5,939.6500244140625,939.6500244140625,300
2026-10-01 10:52:00+05:30,940.0499877929688,940.7999877929688,940.0499877929688,940.4500122070312,22
2026-10-01 10:53:00+05:30,939.5499877929688,940.3499755859375,939.5499877929688,940.0499877929688,635
2026-10-01 10:54:00+05:30,940.5499877929688,940.5499877929688,939.75,939.75,86
2026-10-01 10:55:00+05:30,941.0,941.0,939.9500122070312,940.5499877929688,168
2026-10-01 10:56:00+05:30,939.6500244140625,940.6500244140625,939.6500244140625,940.0999755859375,77
2026-10-01 10:57:00+05:30,940.2000122070312,940.2000122070312,939.75,939.75,7
2026-10-01 10:58:00+05:30,939.4000244140625,939.9500122070312,939.3499755859375,939.4500122070312,270
2026-10-01 11:00:00+05:30,939.1500244140625,940.2000122070312,939.1500244140625,940.2000122070312,60
2026-10-01 11:01:00+05:30,938.3499755859375,938.4000244140625,938.3499755859375,938.4000244140625,31
2026-10-01 11:02:00+05:30,939.1500244140625,939.1500244140625,937.7999877929688,937.7999877929688,201
2026-10-01 11:03:00+05:30,937.9000244140625,939.0,937.9000244140625,939.0,616
2026-10-01 11:06:00+05:30,938.5,938.9500122070312,938.4000244140625,938.4000244140625,71
2026-10-01 11:07:00+05:30,938.7999877929688,939.0,938.7999877929688,939.0,764
2026-10-01 11:08:00+05:30,939.1500244140625,939.2000122070312,939.1500244140625,939.2000122070312,12
2026-10-01 11:09:00+05:30,939.4500122070312,939.4500122070312,938.9500122070312,939.0,48
2026-10-01 11:10:00+05:30,938.9500122070312,939.4500122070312,938.9500122070312,939.0999755859375,94
2026-10-01 11:11:00+05:30,939.0499877929688,939.0499877929688,938.7999877929688,938.7999877929688,173
2026-10-01 11:12:00+05:30,938.5999755859375,938.7999877929688,938.5999755859375,938.7999877929688,32
2026-10-01 11:13:00+05:30,939.1500244140625,939.1500244140625,938.5999755859375,938.7999877929688,136
2026-10-01 11:14:00+05:30,939.2000122070312,939.2000122070312,939.2000122070312,939.2000122070312,1
2026-10-01 11:15:00+05:30,939.3499755859375,939.7999877929688,938.7999877929688,938.7999877929688,256
2026-10-01 11:16:00+05:30,939.0999755859375,939.0999755859375,939.0999755859375,939.0999755859375,1
2026-10-01 11:17:00+05:30,939.4500122070312,939.4500122070312,938.8499755859375,938.8499755859375,19
2026-10-01 11:18:00+05:30,939.5499877929688,939.5499877929688,938.9000244140625,938.9000244140625,110
2026-10-01 11:19:00+05:30,939.0,939.25,939.0,939.0,14
2026-10-01 11:20:00+05:30,940.1500244140625,940.1500244140625,939.0499877929688,939.0499877929688,214
2026-10-01 11:21:00+05:30,940.0,940.5999755859375,940.0,940.0999755859375,237
2026-10-01 11:22:00+05:30,939.75,940.3499755859375,938.9000244140625,940.0499877929688,3805
2026-10-01 11:23:00+05:30,938.7999877929688,939.75,938.7999877929688,939.75,130
2026-10-01 11:24:00+05:30,938.7999877929688,938.7999877929688,938.7999877929688,938.7999877929688,45
2026-10-01 11:25:00+05:30,938.5499877929688,938.5499877929688,938.5499877929688,938.5499877929688,2
2026-10-01 11:26:00+05:30,939.25,939.25,938.5499877929688,938.5499877929688,165
2026-10-01 11:28:00+05:30,938.9000244140625,938.9000244140625,938.9000244140625,938.9000244140625,15
2026-10-01 11:29:00+05:30,939.25,939.25,939.1500244140625,939.1500244140625,28
2026-10-01 11:30:00+05:30,940.0,940.0,939.25,939.25,19
2026-10-01 11:31:00+05:30,941.3499755859375,942.0,940.7000122070312,940.7000122070312,162
2026-10-01 11:32:00+05:30,941.6500244140625,941.6500244140625,941.2000122070312,941.2000122070312,13
2026-10-01 11:33:00+05:30,942.2999877929688,942.2999877929688,941.7000122070312,941.7000122070312,15
2026-10-01 11:34:00+05:30,942.5,942.5,942.0999755859375,942.4000244140625,1155
2026-10-01 11:35:00+05:30,944.0,944.0,943.0,943.0,136
2026-10-01 11:36:00+05:30,945.4000244140625,945.4000244140625,944.2000122070312,944.7000122070312,577
2026-10-01 11:37:00+05:30,944.9500122070312,945.5,944.9500122070312,945.5,13
2026-10-01 11:38:00+05:30,946.1500244140625,946.2000122070312,944.5999755859375,944.5999755859375,194
2026-10-01 11:39:00+05:30,945.7999877929688,946.1500244140625,945.7999877929688,946.1500244140625,14
2026-10-01 11:40:00+05:30,945.7999877929688,945.7999877929688,945.5999755859375,945.5999755859375,20
2026-10-01 11:41:00+05:30,946.5999755859375,946.5999755859375,945.9000244140625,945.9000244140625,27
2026-10-01 11:42:00+05:30,946.5,946.5,946.0,946.0,56
2026-10-01 11:43:00+05:30,946.5499877929688,946.5499877929688,946.25,946.25,8
2026-10-01 11:44:00+05:30,946.4500122070312,946.4500122070312,946.1500244140625,946.1500244140625,7
2026-10-01 11:45:00+05:30,945.9000244140625,946.0,945.9000244140625,946.0,48
2026-10-01 11:46:00+05:30,945.5,945.6500244140625,945.5,945.6500244140625,44
2026-10-01 11:47:00+05:30,945.2000122070312,945.2000122070312,945.2000122070312,945.2000122070312,25
2026-10-01 11:48:00+05:30,944.5,945.4500122070312,944.5,945.3499755859375,114
2026-10-01 11:49:00+05:30,944.7999877929688,944.7999877929688,944.7999877929688,944.7999877929688,816
2026-10-01 11:50:00+05:30,945.0999755859375,945.8499755859375,945.0999755859375,945.5,75
2026-10-01 11:51:00+05:30,944.5,945.4500122070312,944.5,945.0999755859375,587
2026-10-01 11:52:00+05:30,944.3499755859375,945.0,944.3499755859375,945.0,52
2026-10-01 11:53:00+05:30,944.5999755859375,944.5999755859375,944.5,944.5,26
2026-10-01 11:54:00+05:30,944.2999877929688,944.2999877929688,943.6500244140625,944.25,96
2026-10-01 11:55:00+05:30,944.5,944.5,944.0,944.0,14
2026-10-01 11:56:00+05:30,945.0999755859375,945.6500244140625,945.0,945.0,257
2026-10-01 11:57:00+05:30,944.9000244140625,945.4500122070312,944.9000244140625,945.4500122070312,237
2026-10-01 11:58:00+05:30,944.25,944.5,943.4500122070312,944.5,61
2026-10-01 11:59:00+05:30,944.7999877929688,944.7999877929688,944.25,944.4000244140625,79
2026-10-01 12:00:00+05:30,944.3499755859375,944.7999877929688,944.3499755859375,944.4000244140625,39
2026-10-01 12:01:00+05:30,944.0499877929688,944.1500244140625,944.0499877929688,944.1500244140625,12
2026-10-01 12:02:00+05:30,944.0,944.2000122070312,943.8499755859375,943.8499755859375,29
2026-10-01 12:03:00+05:30,943.9500122070312,944.0,943.0999755859375,944.0,43
2026-10-01 12:04:00+05:30,942.9500122070312,943.5499877929688,942.9500122070312,943.5499877929688,294
2026-10-01 12:05:00+05:30,943.25,943.4500122070312,943.25,943.4500122070312,29
2026-10-01 12:06:00+05:30,941.0,942.7999877929688,941.0,942.7999877929688,479
2026-10-01 12:07:00+05:30,939.9000244140625,940.7999877929688,939.9000244140625,940.7999877929688,126
2026-10-01 12:08:00+05:30,940.75,940.75,940.1500244140625,940.1500244140625,152
2026-10-01 12:09:00+05:30,940.0,940.4000244140625,940.0,940.2000122070312,408
2026-10-01 12:10:00+05:30,939.5,939.9000244140625,939.25,939.9000244140625,408
2026-10-01 12:11:00+05:30,939.75,939.75,939.75,939.75,9
2026-10-01 12:12:00+05:30,938.4000244140625,939.5999755859375,937.5499877929688,939.5999755859375,835
2026-10-01 12:13:00+05:30,938.3499755859375,939.0499877929688,937.7999877929688,938.4500122070312,26
2026-10-01 12:14:00+05:30,938.5499877929688,938.5499877929688,938.0499877929688,938.4500122070312,26
2026-10-01 12:15:00+05:30,938.5,938.7999877929688,938.0999755859375,938.0999755859375,266
2026-10-01 12:16:00+05:30,938.9000244140625,938.9000244140625,938.9000244140625,938.9000244140625,10
2026-10-01 12:18:00+05:30,938.2999877929688,938.2999877929688,937.8499755859375,937.8499755859375,14
2026-10-01 12:19:00+05:30,938.7999877929688,938.7999877929688,938.2999877929688,938.2999877929688,19
2026-10-01 12:20:00+05:30,937.7999877929688,938.3499755859375,937.7999877929688,937.7999877929688,122
2026-10-01 12:21:00+05:30,938.6500244140625,938.6500244140625,937.6500244140625,937.6500244140625,115
2026-10-01 12:22:00+05:30,937.9000244140625,938.7999877929688,937.9000244140625,938.2000122070312,51
2026-10-01 12:23:00+05:30,937.75,938.6500244140625,937.75,938.1500244140625,32
2026-10-01 12:24:00+05:30,938.9000244140625,938.9000244140625,937.7999877929688,937.7999877929688,86
2026-10-01 12:25:00+05:30,938.4500122070312,938.4500122070312,938.0999755859375,938.0999755859375,54
2026-10-01 12:26:00+05:30,937.75,937.75,937.5,937.5,10
2026-10-01 12:27:00+05:30,937.9000244140625,938.3499755859375,937.9000244140625,938.0,14
2026-10-01 12:28:00+05:30,937.5,938.0499877929688,937.4500122070312,938.0499877929688,243
2026-10-01 12:29:00+05:30,936.4500122070312,937.2000122070312,935.5,937.2000122070312,157
2026-10-01 12:30:00+05:30,936.2000122070312,936.25,935.5999755859375,936.2000122070312,272
2026-10-01 12:31:00+05:30,936.4500122070312,936.4500122070312,935.7000122070312,935.8499755859375,143
2026-10-01 12:32:00+05:30,935.9500122070312,936.25,935.2000122070312,935.2000122070312,252
2026-10-01 12:33:00+05:30,936.5499877929688,936.5499877929688,935.5999755859375,935.8499755859375,235
2026-10-01 12:34:00+05:30,936.6500244140625,936.75,936.0499877929688,936.5499877929688,198
2026-10-01 12:35:00+05:30,936.7000122070312,936.7000122070312,936.4000244140625,936.6500244140625,58
2026-10-01 12:36:00+05:30,937.0,937.0,936.1500244140625,936.2999877929688,364
2026-10-01 12:38:00+05:30,936.2999877929688,936.5999755859375,936.2999877929688,936.5999755859375,7
2026-10-01 12:39:00+05:30,936.9000244140625,936.9500122070312,936.2999877929688,936.2999877929688,104
2026-10-01 12:40:00+05:30,937.25,937.4000244140625,936.5,936.5,72
2026-10-01 12:41:00+05:30,937.25,937.2999877929688,936.8499755859375,937.25,123
2026-10-01 12:42:00+05:30,936.5999755859375,936.6500244140625,936.25,936.2999877929688,67
2026-10-01 12:43:00+05:30,935.7999877929688,935.9000244140625,935.3499755859375,935.9000244140625,27
2026-10-01 12:44:00+05:30,934.5499877929688,935.8499755859375,934.5499877929688,935.7999877929688,347
2026-10-01 12:45:00+05:30,934.0,934.5,934.0,934.5,11
2026-10-01 12:46:00+05:30,933.2999877929688,933.3499755859375,932.9000244140625,933.0,648
2026-10-01 12:47:00+05:30,931.75,932.7000122070312,931.5,932.5499877929688,618
2026-10-01 12:48:00+05:30,932.0,932.7000122070312,931.5,931.5999755859375,174
2026-10-01 12:49:00+05:30,931.8499755859375,932.5,931.25,932.5,445
2026-10-01 12:50:00+05:30,930.75,931.5999755859375,930.5999755859375,931.0,256
2026-10-01 12:51:00+05:30,931.2999877929688,931.3499755859375,931.0,931.0,1772
2026-10-01 12:52:00+05:30,930.0,931.0499877929688,930.0,931.0499877929688,361
2026-10-01 12:53:00+05:30,930.5,930.5999755859375,930.1500244140625,930.5999755859375,43
2026-10-01 12:54:00+05:30,929.7999877929688,930.0499877929688,929.5,929.7999877929688,870
2026-10-01 12:55:00+05:30,929.0999755859375,929.5,929.0,929.5,497
2026-10-01 12:56:00+05:30,928.9500122070312,929.2000122070312,928.1500244140625,929.0,258
2026-10-01 12:57:00+05:30,929.3499755859375,929.3499755859375,928.0,928.1500244140625,374
2026-10-01 12:58:00+05:30,928.0999755859375,929.3499755859375,928.0999755859375,928.7999877929688,67
2026-10-01 12:59:00+05:30,929.3499755859375,929.3499755859375,928.3499755859375,928.3499755859375,398
2026-10-01 13:00:00+05:30,928.5,929.9000244140625,928.5,929.3499755859375,1253
2026-10-01 13:01:00+05:30,929.1500244140625,929.25,928.25,928.75,75
2026-10-01 13:02:00+05:30,930.0,930.0,929.5,929.5999755859375,312
2026-10-01 13:03:00+05:30,930.7000122070312,930.7000122070312,929.7000122070312,929.7000122070312,105
2026-10-01 13:04:00+05:30,931.5499877929688,931.5499877929688,930.4500122070312,930.4500122070312,256
2026-10-01 13:05:00+05:30,931.9500122070312,931.9500122070312,931.25,931.7999877929688,29
2026-10-01 13:06:00+05:30,931.5,931.6500244140625,930.5999755859375,931.6500244140625,1966
2026-10-01 13:07:00+05:30,931.5499877929688,931.5999755859375,930.9000244140625,931.4000244140625,79
2026-10-01 13:08:00+05:30,932.0,932.0,931.5499877929688,931.9500122070312,37
2026-10-01 13:09:00+05:30,931.5499877929688,931.7999877929688,931.5,931.7999877929688,31
2026-10-01 13:10:00+05:30,931.75,931.7999877929688,931.5499877929688,931.75,205
2026-10-01 13:11:00+05:30,932.0,932.0,931.25,931.7000122070312,97
2026-10-01 13:12:00+05:30,931.8499755859375,931.8499755859375,931.5999755859375,931.5999755859375,12
2026-10-01 13:13:00+05:30,931.3499755859375,931.5999755859375,931.1500244140625,931.5999755859375,70
2026-10-01 13:14:00+05:30,931.5999755859375,931.9500122070312,931.4500122070312,931.7999877929688,80
2026-10-01 13:15:00+05:30,933.2000122070312,933.5,931.0,931.4500122070312,262
2026-10-01 13:16:00+05:30,932.7000122070312,932.75,932.7000122070312,932.75,2
2026-10-01 13:17:00+05:30,931.6500244140625,932.5499877929688,931.6500244140625,932.1500244140625,23
2026-10-01 13:18:00+05:30,930.9500122070312,932.1500244140625,930.5499877929688,932.1500244140625,566
2026-10-01 13:19:00+05:30,931.0499877929688,931.4500122070312,930.5999755859375,930.5999755859375,52
2026-10-01 13:20:00+05:30,931.9000244140625,931.9000244140625,931.2999877929688,931.2999877929688,21
2026-10-01 13:21:00+05:30,932.4000244140625,932.4000244140625,931.9000244140625,931.9000244140625,39
2026-10-01 13:22:00+05:30,931.4500122070312,932.0499877929688,931.0999755859375,931.7999877929688,29
2026-10-01 13:23:00+05:30,931.75,931.75,931.2999877929688,931.7000122070312,78
2026-10-01 13:24:00+05:30,931.25,931.75,931.2000122070312,931.75,223
2026-10-01 13:25:00+05:30,931.5999755859375,931.5999755859375,931.0999755859375,931.2000122070312,7467
2026-10-01 13:26:00+05:30,932.0499877929688,932.2999877929688,931.7999877929688,931.8499755859375,120
2026-10-01 13:27:00+05:30,931.4000244140625,931.9500122070312,931.1500244140625,931.5999755859375,32
2026-10-01 13:28:00+05:30,931.5499877929688,932.0499877929688,931.0999755859375,931.6500244140625,126
2026-10-01 13:29:00+05:30,931.1500244140625,931.5,930.5,931.5,423
2026-10-01 13:30:00+05:30,930.6500244140625,930.7999877929688,930.0,930.0,212
2026-10-01 13:31:00+05:30,930.9500122070312,931.2000122070312,930.3499755859375,930.6500244140625,105
2026-10-01 13:32:00+05:30,931.0499877929688,931.0499877929688,930.25,930.25,25
2026-10-01 13:33:00+05:30,932.1500244140625,932.25,930.2000122070312,930.2000122070312,101
2026-10-01 13:34:00+05:30,932.4000244140625,932.7999877929688,932.0499877929688,932.4000244140625,829
2026-10-01 13:35:00+05:30,931.0999755859375,932.4000244140625,931.0999755859375,932.4000244140625,642
2026-10-01 13:36:00+05:30,929.7999877929688,930.9000244140625,929.5999755859375,930.5,262
2026-10-01 13:37:00+05:30,930.7999877929688,930.7999877929688,929.2000122070312,929.5999755859375,260
2026-10-01 13:38:00+05:30,931.5,931.6500244140625,930.5,930.8499755859375,382
2026-10-01 13:39:00+05:30,932.25,932.4000244140625,931.75,931.75,170
2026-10-01 13:40:00+05:30,932.5,932.7999877929688,932.2999877929688,932.4000244140625,791
2026-10-01 13:41:00+05:30,932.0499877929688,933.2000122070312,932.0499877929688,933.2000122070312,122
2026-10-01 13:42:00+05:30,931.7000122070312,931.9000244140625,931.0999755859375,931.4000244140625,196
2026-10-01 13:43:00+05:30,929.0,931.5,929.0,931.0999755859375,343
2026-10-01 13:44:00+05:30,929.0999755859375,930.5999755859375,929.0999755859375,929.9500122070312,473
2026-10-01 13:45:00+05:30,928.9000244140625,930.1500244140625,928.8499755859375,930.1500244140625,392
2026-10-01 13:46:00+05:30,929.9500122070312,929.9500122070312,928.4500122070312,929.0,98
2026-10-01 13:47:00+05:30,929.1500244140625,929.75,928.7999877929688,928.9000244140625,462
2026-10-01 13:48:00+05:30,929.2999877929688,929.2999877929688,928.4000244140625,928.5999755859375,116
2026-10-01 13:49:00+05:30,927.75,928.4000244140625,927.0999755859375,928.4000244140625,3073
2026-10-01 13:50:00+05:30,928.2999877929688,928.2999877929688,927.6500244140625,927.6500244140625,177
2026-10-01 13:51:00+05:30,927.3499755859375,928.25,927.3499755859375,927.3499755859375,167
2026-10-01 13:52:00+05:30,927.2999877929688,927.8499755859375,927.2999877929688,927.4500122070312,981
2026-10-01 13:53:00+05:30,927.7999877929688,928.25,927.2999877929688,927.2999877929688,489
2026-10-01 13:54:00+05:30,928.4000244140625,928.4000244140625,927.9500122070312,927.9500122070312,573
2026-10-01 13:55:00+05:30,928.3499755859375,928.9500122070312,928.3499755859375,928.5,379
2026-10-01 13:56:00+05:30,928.25,928.5,928.0,928.25,145
2026-10-01 13:57:00+05:30,928.6500244140625,928.6500244140625,928.5999755859375,928.5999755859375,8
2026-10-01 13:58:00+05:30,927.0999755859375,928.2999877929688,926.4500122070312,928.2999877929688,535
2026-10-01 13:59:00+05:30,925.7000122070312,926.9000244140625,925.4000244140625,926.9000244140625,1410
2026-10-01 14:00:00+05:30,925.0,925.7000122070312,925.0,925.4500122070312,501
2026-10-01 14:01:00+05:30,925.1500244140625,925.7000122070312,925.0,925.0,864
2026-10-01 14:02:00+05:30,924.6500244140625,925.0999755859375,924.5,925.0,942
2026-10-01 14:03:00+05:30,923.9000244140625,924.5999755859375,923.6500244140625,924.2999877929688,899
2026-10-01 14:04:00+05:30,924.3499755859375,924.6500244140625,924.0,924.5999755859375,60
2026-10-01 14:05:00+05:30,925.7000122070312,926.0,924.1500244140625,924.1500244140625,8427
2026-10-01 14:06:00+05:30,925.5999755859375,925.5999755859375,924.7999877929688,925.5999755859375,233
2026-10-01 14:07:00+05:30,926.2000122070312,926.9500122070312,925.5999755859375,925.5999755859375,700
2026-10-01 14:08:00+05:30,926.7000122070312,926.7000122070312,926.0499877929688,926.6500244140625,379
2026-10-01 14:09:00+05:30,927.2000122070312,927.25,926.4500122070312,926.4500122070312,118
2026-10-01 14:10:00+05:30,927.0,927.6500244140625,927.0,927.4500122070312,136
2026-10-01 14:11:00+05:30,927.0499877929688,927.5,927.0,927.5,16
2026-10-01 14:12:00+05:30,927.2999877929688,927.5999755859375,926.7000122070312,927.0499877929688,233
2026-10-01 14:13:00+05:30,928.2000122070312,928.2000122070312,927.7999877929688,928.0499877929688,17
2026-10-01 14:14:00+05:30,928.4000244140625,928.4000244140625,927.9500122070312,928.0,179
2026-10-01 14:15:00+05:30,927.4000244140625,928.4500122070312,927.4000244140625,928.4500122070312,432
2026-10-01 14:16:00+05:30,927.3499755859375,927.7999877929688,926.9000244140625,927.1500244140625,139
2026-10-01 14:17:00+05:30,928.0,928.0,927.0,927.4000244140625,246
2026-10-01 14:18:00+05:30,929.0,929.0,927.5499877929688,927.9500122070312,100
2026-10-01 14:19:00+05:30,928.6500244140625,929.0,928.6500244140625,929.0,46
2026-10-01 14:20:00+05:30,929.6500244140625,930.0,929.0,929.0,80
2026-10-01 14:21:00+05:30,929.9000244140625,930.0,929.6500244140625,929.6500244140625,62
2026-10-01 14:22:00+05:30,929.9500122070312,930.0,929.9000244140625,929.9000244140625,349
2026-10-01 14:23:00+05:30,929.75,929.9500122070312,929.5999755859375,929.9500122070312,286
2026-10-01 14:24:00+05:30,929.5999755859375,930.1500244140625,929.5,930.1500244140625,38
2026-10-01 14:25:00+05:30,930.4500122070312,930.4500122070312,929.7000122070312,929.7000122070312,15
2026-10-01 14:26:00+05:30,931.5,931.5,930.4500122070312,930.4500122070312,50
2026-10-01 14:27:00+05:30,930.4500122070312,931.7999877929688,930.4500122070312,931.2999877929688,134
2026-10-01 14:28:00+05:30,929.75,930.9500122070312,929.5,930.9500122070312,522
2026-10-01 14:29:00+05:30,931.75,931.75,930.3499755859375,930.5,65
2026-10-01 14:30:00+05:30,931.5999755859375,931.7999877929688,931.0499877929688,931.7999877929688,128
2026-10-01 14:31:00+05:30,931.2000122070312,931.5999755859375,930.7999877929688,931.5999755859375,144
2026-10-01 14:32:00+05:30,930.5,931.4500122070312,930.5,931.0499877929688,297
2026-10-01 14:33:00+05:30,931.1500244140625,931.1500244140625,930.0,930.3499755859375,74
2026-10-01 14:34:00+05:30,931.0,931.5,931.0,931.1500244140625,451
2026-10-01 14:35:00+05:30,931.5499877929688,931.5499877929688,930.9000244140625,931.0,347
2026-10-01 14:36:00+05:30,931.3499755859375,931.3499755859375,931.2999877929688,931.3499755859375,50
2026-10-01 14:37:00+05:30,932.5,932.5,931.2999877929688,931.8499755859375,157
2026-10-01 14:38:00+05:30,931.5,931.9500122070312,931.4000244140625,931.9500122070312,486
2026-10-01 14:39:00+05:30,931.0,931.4500122070312,930.7999877929688,931.4500122070312,216
2026-10-01 14:40:00+05:30,931.5499877929688,931.5499877929688,931.0499877929688,931.0999755859375,121
2026-10-01 14:41:00+05:30,932.0,932.0,931.6500244140625,931.75,102
2026-10-01 14:42:00+05:30,933.5999755859375,933.5999755859375,932.0,932.0,294
2026-10-01 14:43:00+05:30,932.2999877929688,933.7999877929688,932.2999877929688,933.7999877929688,962
2026-10-01 14:44:00+05:30,932.9000244140625,933.2000122070312,932.7999877929688,933.2000122070312,250
2026-10-01 14:45:00+05:30,933.8499755859375,933.8499755859375,933.0999755859375,933.2000122070312,157
2026-10-01 14:46:00+05:30,934.0499877929688,934.0499877929688,933.8499755859375,933.8499755859375,4
2026-10-01 14:47:00+05:30,934.8499755859375,935.0,934.2000122070312,934.5999755859375,430
2026-10-01 14:48:00+05:30,934.5999755859375,935.7000122070312,934.5999755859375,934.9500122070312,63
2026-10-01 14:49:00+05:30,935.0,935.25,935.0,935.25,6
2026-10-01 14:50:00+05:30,935.25,935.25,934.4500122070312,934.4500122070312,26
2026-10-01 14:51:00+05:30,936.4000244140625,936.4000244140625,935.0,936.0,624
2026-10-01 14:52:00+05:30,939.0499877929688,939.0499877929688,937.75,938.0,1541
2026-10-01 14:53:00+05:30,941.2000122070312,941.2000122070312,937.9500122070312,938.5,413
2026-10-01 14:54:00+05:30,941.2999877929688,942.5999755859375,941.2999877929688,941.9000244140625,229
2026-10-01 14:55:00+05:30,942.25,942.25,941.0999755859375,941.5499877929688,37
2026-10-01 14:56:00+05:30,942.0,942.25,942.0,942.25,35
2026-10-01 14:57:00+05:30,941.7999877929688,942.4500122070312,941.7999877929688,941.7999877929688,291
2026-10-01 14:58:00+05:30,940.9500122070312,941.7999877929688,940.9500122070312,941.7999877929688,197
2026-10-01 14:59:00+05:30,940.3499755859375,940.8499755859375,940.0999755859375,940.8499755859375,132
2026-10-01 15:00:00+05:30,940.75,940.75,940.75,940.75,10
2026-10-01 15:01:00+05:30,940.1500244140625,940.75,939.8499755859375,940.3499755859375,711
2026-10-01 15:02:00+05:30,939.5,939.5,938.9000244140625,939.3499755859375,118
2026-10-01 15:03:00+05:30,939.7000122070312,939.7000122070312,939.2000122070312,939.6500244140625,11
2026-10-01 15:04:00+05:30,939.4000244140625,939.5,939.0,939.0,61
2026-10-01 15:05:00+05:30,939.9000244140625,939.9000244140625,938.9500122070312,938.9500122070312,11
2026-10-01 15:06:00+05:30,940.7999877929688,941.0,939.5499877929688,939.5499877929688,501
2026-10-01 15:07:00+05:30,939.4000244140625,940.5,939.3499755859375,939.5499877929688,162
2026-10-01 15:08:00+05:30,939.5,939.5,938.7000122070312,939.2000122070312,296
2026-10-01 15:09:00+05:30,939.0,939.25,938.5,938.5499877929688,144
2026-10-01 15:10:00+05:30,938.9500122070312,938.9500122070312,938.9500122070312,938.9500122070312,90
2026-10-01 15:11:00+05:30,938.9000244140625,938.9000244140625,938.25,938.9000244140625,230
2026-10-01 15:12:00+05:30,938.9500122070312,940.0,938.9500122070312,939.0,586
2026-10-01 15:13:00+05:30,938.5499877929688,940.0,937.6500244140625,940.0,285
2026-10-01 15:14:00+05:30,939.75,940.8499755859375,937.6500244140625,940.0,312
2026-10-01 15:28:00+05:30,944.4000244140625,944.4000244140625,944.4000244140625,944.4000244140625,254
2026-10-05 09:15:00+05:30,950.2000122070312,950.2000122070312,945.9000244140625,949.0,3820
2026-10-05 09:16:00+05:30,949.9500122070312,952.0,947.25,948.7999877929688,1558
2026-10-05 09:17:00+05:30,949.1500244140625,952.0,949.0,951.5999755859375,471
2026-10-05 09:18:00+05:30,952.6500244140625,952.6500244140625,949.4000244140625,949.4000244140625,329
2026-10-05 09:19:00+05:30,952.7000122070312,953.3499755859375,952.0,952.5999755859375,531
2026-10-05 09:20:00+05:30,952.0,952.7999877929688,951.25,952.7999877929688,213
2026-10-05 09:21:00+05:30,949.4500122070312,952.0499877929688,949.4500122070312,952.0499877929688,44
2026-10-05 09:22:00+05:30,949.5,950.0499877929688,949.4000244140625,949.7000122070312,462
2026-10-05 09:23:00+05:30,949.0499877929688,949.6500244140625,948.7999877929688,949.5,269
2026-10-05 09:24:00+05:30,948.1500244140625,948.9000244140625,947.7999877929688,948.9000244140625,200
2026-10-05 09:25:00+05:30,949.3499755859375,950.0,948.0499877929688,948.0499877929688,250
2026-10-05 09:26:00+05:30,949.2999877929688,949.5999755859375,949.0499877929688,949.3499755859375,182
2026-10-05 09:27:00+05:30,951.5,951.9000244140625,949.5,949.5,627
2026-10-05 09:28:00+05:30,949.5999755859375,952.0,949.5999755859375,952.0,564
2026-10-05 09:29:00+05:30,949.4500122070312,950.0,949.3499755859375,950.0,251
2026-10-05 09:30:00+05:30,946.5,949.25,945.75,949.25,1365
2026-10-05 09:31:00+05:30,946.7999877929688,947.4000244140625,946.1500244140625,946.1500244140625,680
2026-10-05 09:32:00+05:30,946.0999755859375,946.8499755859375,946.0999755859375,946.5999755859375,952
2026-10-05 09:33:00+05:30,944.9500122070312,946.0999755859375,944.4000244140625,946.0999755859375,1946
2026-10-05 09:34:00+05:30,943.8499755859375,944.9500122070312,943.8499755859375,944.4000244140625,251
2026-10-05 09:35:00+05:30,943.0,944.0,943.0,943.8499755859375,33
2026-10-05 09:36:00+05:30,943.0999755859375,943.0999755859375,942.75,942.75,29
2026-10-05 09:37:00+05:30,940.7999877929688,942.5,940.5999755859375,942.5,584
2026-10-05 09:38:00+05:30,940.5,941.25,939.5499877929688,940.6500244140625,610
2026-10-05 09:39:00+05:30,940.75,940.75,940.5,940.5,102
2026-10-05 09:40:00+05:30,940.4500122070312,940.75,939.8499755859375,940.75,1022
2026-10-05 09:41:00+05:30,941.2000122070312,941.2000122070312,940.7999877929688,940.7999877929688,79
2026-10-05 09:42:00+05:30,942.4000244140625,942.4000244140625,941.2000122070312,941.2000122070312,334
2026-10-05 09:43:00+05:30,942.75,943.2000122070312,942.3499755859375,942.9500122070312,107
2026-10-05 09:44:00+05:30,942.25,942.7999877929688,942.0999755859375,942.2000122070312,382
2026-10-05 09:45:00+05:30,942.2999877929688,942.2999877929688,942.1500244140625,942.1500244140625,19
2026-10-05 09:46:00+05:30,942.5499877929688,943.0,942.4000244140625,942.4000244140625,116
2026-10-05 09:47:00+05:30,942.0,942.5999755859375,942.0,942.5999755859375,168
2026-10-05 09:48:00+05:30,942.5999755859375,942.5999755859375,941.6500244140625,942.0,64
2026-10-05 09:49:00+05:30,941.2000122070312,942.4000244140625,941.2000122070312,941.9500122070312,411
2026-10-05 09:50:00+05:30,942.6500244140625,943.0,941.2000122070312,941.2000122070312,1317
2026-10-05 09:51:00+05:30,941.8499755859375,942.75,941.8499755859375,942.75,58
2026-10-05 09:52:00+05:30,941.7000122070312,941.8499755859375,941.7000122070312,941.8499755859375,3
2026-10-05 09:53:00+05:30,940.4500122070312,941.4000244140625,940.4500122070312,941.4000244140625,568
2026-10-05 09:54:00+05:30,939.9500122070312,940.0499877929688,939.9500122070312,940.0499877929688,250
2026-10-05 09:55:00+05:30,940.2000122070312,940.25,939.7000122070312,940.25,72
2026-10-05 09:56:00+05:30,940.0,940.6500244140625,940.0,940.2000122070312,366
2026-10-05 09:57:00+05:30,939.5,939.6500244140625,939.5,939.6500244140625,284
2026-10-05 09:58:00+05:30,939.5499877929688,939.5499877929688,939.2000122070312,939.4000244140625,27
2026-10-05 09:59:00+05:30,939.0,939.5999755859375,939.0,939.4500122070312,342
2026-10-05 10:00:00+05:30,938.0,938.9000244140625,938.0,938.9000244140625,79
2026-10-05 10:01:00+05:30,937.3499755859375,938.2000122070312,937.2999877929688,938.2000122070312,210
2026-10-05 10:02:00+05:30,936.5499877929688,937.7000122070312,936.0999755859375,937.1500244140625,195
2026-10-05 10:03:00+05:30,935.7000122070312,936.7000122070312,935.7000122070312,936.4500122070312,193
2026-10-05 10:04:00+05:30,935.2000122070312,935.9500122070312,935.0,935.9500122070312,257
2026-10-05 10:05:00+05:30,934.5499877929688,934.7999877929688,934.0499877929688,934.7999877929688,469
2026-10-05 10:06:00+05:30,936.0999755859375,936.0999755859375,934.5499877929688,934.5499877929688,290
2026-10-05 10:07:00+05:30,936.5499877929688,936.9500122070312,936.3499755859375,936.5,56
2026-10-05 10:08:00+05:30,936.3499755859375,937.1500244140625,936.1500244140625,937.1500244140625,286
2026-10-05 10:09:00+05:30,937.7000122070312,937.7000122070312,936.75,936.75,303
2026-10-05 10:10:00+05:30,937.9500122070312,938.2999877929688,937.5,937.5999755859375,260
2026-10-05 10:11:00+05:30,938.5,938.5,937.9000244140625,938.2999877929688,1171
2026-10-05 10:12:00+05:30,938.75,938.75,938.5,938.6500244140625,30
2026-10-05 10:13:00+05:30,938.6500244140625,938.9500122070312,938.2999877929688,938.9500122070312,217
2026-10-05 10:14:00+05:30,938.2000122070312,938.4000244140625,938.2000122070312,938.4000244140625,72
2026-10-05 10:15:00+05:30,937.6500244140625,938.0999755859375,937.6500244140625,938.0999755859375,116
2026-10-05 10:16:00+05:30,936.3499755859375,938.1500244140625,936.3499755859375,937.7999877929688,127
2026-10-05 10:17:00+05:30,937.4500122070312,937.4500122070312,936.2999877929688,936.2999877929688,23
2026-10-05 10:18:00+05:30,937.4000244140625,937.9500122070312,937.25,937.4500122070312,323
2026-10-05 10:19:00+05:30,937.5499877929688,937.5499877929688,937.5499877929688,937.5499877929688,10
2026-10-05 10:20:00+05:30,937.4500122070312,937.5499877929688,937.25,937.4000244140625,18
2026-10-05 10:21:00+05:30,937.0,937.0,937.0,937.0,6
2026-10-05 10:22:00+05:30,936.9000244140625,937.0,936.9000244140625,937.0,2
2026-10-05 10:23:00+05:30,937.4000244140625,937.4000244140625,936.7000122070312,936.8499755859375,105
2026-10-05 10:24:00+05:30,936.8499755859375,937.9500122070312,936.8499755859375,937.9500122070312,205
2026-10-05 10:25:00+05:30,935.9000244140625,936.6500244140625,935.5,936.6500244140625,134
2026-10-05 10:26:00+05:30,935.0499877929688,936.0,935.0499877929688,935.5999755859375,67
2026-10-05 10:27:00+05:30,935.25,935.9000244140625,934.7000122070312,935.5999755859375,200
2026-10-05 10:28:00+05:30,936.7999877929688,936.7999877929688,935.7999877929688,935.7999877929688,63
2026-10-05 10:29:00+05:30,937.0,937.0,936.7000122070312,936.9000244140625,24
2026-10-05 10:30:00+05:30,936.5999755859375,937.0,936.5999755859375,937.0,92
2026-10-05 10:31:00+05:30,937.2000122070312,937.2000122070312,936.3499755859375,936.5999755859375,349
2026-10-05 10:32:00+05:30,937.8499755859375,937.8499755859375,937.0499877929688,937.0499877929688,141
2026-10-05 10:33:00+05:30,937.5999755859375,937.75,936.8499755859375,937.75,125
2026-10-05 10:34:00+05:30,937.0499877929688,937.2000122070312,937.0499877929688,937.0499877929688,356
2026-10-05 10:35:00+05:30,935.9500122070312,937.3499755859375,935.9500122070312,937.0499877929688,139
2026-10-05 10:36:00+05:30,936.2000122070312,936.2000122070312,935.5999755859375,936.0,97
2026-10-05 10:37:00+05:30,936.2000122070312,936.2000122070312,935.9000244140625,936.2000122070312,43
2026-10-05 10:38:00+05:30,935.0999755859375,935.5,935.0,935.5,76
2026-10-05 10:39:00+05:30,934.75,934.75,934.6500244140625,934.6500244140625,42
2026-10-05 10:40:00+05:30,936.0499877929688,936.2000122070312,934.4000244140625,934.6500244140625,700
2026-10-05 10:41:00+05:30,937.2999877929688,937.2999877929688,936.2000122070312,936.2000122070312,344
2026-10-05 10:42:00+05:30,937.0,937.2999877929688,936.7999877929688,936.7999877929688,56
2026-10-05 10:43:00+05:30,936.5999755859375,937.2000122070312,936.5499877929688,937.1500244140625,326
2026-10-05 10:44:00+05:30,936.75,936.9500122070312,936.5999755859375,936.6500244140625,128
2026-10-05 10:45:00+05:30,935.0499877929688,936.9500122070312,935.0499877929688,936.9500122070312,132
2026-10-05 10:46:00+05:30,934.8499755859375,935.0,934.5,935.0,91
2026-10-05 10:47:00+05:30,935.6500244140625,935.7999877929688,935.0,935.0,236
2026-10-05 10:48:00+05:30,936.25,936.25,936.0,936.0,769
2026-10-05 10:49:00+05:30,936.9000244140625,936.9000244140625,936.4500122070312,936.4500122070312,1322
2026-10-05 10:50:00+05:30,935.9500122070312,936.0,935.25,936.0,171
2026-10-05 10:51:00+05:30,936.2000122070312,936.2999877929688,936.2000122070312,936.2000122070312,22
2026-10-05 10:52:00+05:30,935.7000122070312,935.75,935.3499755859375,935.75,27
2026-10-05 10:53:00+05:30,935.0999755859375,935.7999877929688,935.0999755859375,935.7999877929688,103
2026-10-05 10:54:00+05:30,935.2000122070312,935.6500244140625,935.2000122070312,935.6500244140625,30
2026-10-05 10:55:00+05:30,934.25,935.0,934.2000122070312,935.0,111
2026-10-05 10:56:00+05:30,934.7999877929688,934.7999877929688,934.5499877929688,934.5499877929688,114
2026-10-05 10:57:00+05:30,935.4000244140625,935.7999877929688,935.2999877929688,935.2999877929688,570
2026-10-05 10:58:00+05:30,936.4000244140625,936.4000244140625,935.6500244140625,935.6500244140625,64
2026-10-05 10:59:00+05:30,936.4500122070312,936.4500122070312,935.5499877929688,936.0499877929688,528
2026-10-05 11:00:00+05:30,936.0,936.4000244140625,935.8499755859375,936.0499877929688,71
2026-10-05 11:01:00+05:30,935.75,935.7999877929688,935.75,935.7999877929688,56
2026-10-05 11:02:00+05:30,935.7000122070312,935.75,935.7000122070312,935.75,53
2026-10-05 11:03:00+05:30,935.5,936.0499877929688,935.5,936.0499877929688,10
2026-10-05 11:04:00+05:30,935.0999755859375,935.2999877929688,935.0999755859375,935.2999877929688,26
2026-10-05 11:05:00+05:30,935.0,935.0499877929688,935.0,935.0499877929688,25
2026-10-05 11:06:00+05:30,934.4000244140625,935.0,934.4000244140625,935.0,32
2026-10-05 11:07:00+05:30,934.5999755859375,934.75,934.5999755859375,934.75,29
2026-10-05 11:08:00+05:30,934.7000122070312,934.7000122070312,934.7000122070312,934.7000122070312,10
2026-10-05 11:09:00+05:30,935.2000122070312,935.2000122070312,934.4500122070312,934.4500122070312,41
2026-10-05 11:10:00+05:30,935.9000244140625,935.9000244140625,935.2000122070312,935.5,61
2026-10-05 11:11:00+05:30,934.4000244140625,935.0,934.4000244140625,935.0,38
2026-10-05 11:12:00+05:30,934.7000122070312,934.7000122070312,934.4000244140625,934.4000244140625,103
2026-10-05 11:13:00+05:30,935.5499877929688,935.5499877929688,934.5499877929688,934.5499877929688,64
2026-10-05 11:14:00+05:30,934.0,934.4000244140625,934.0,934.4000244140625,832
2026-10-05 11:15:00+05:30,933.7999877929688,933.7999877929688,933.7999877929688,933.7999877929688,1
2026-10-05 11:16:00+05:30,933.2999877929688,933.5,933.0,933.5,217
2026-10-05 11:17:00+05:30,933.5499877929688,933.7000122070312,933.25,933.25,13
2026-10-05 11:18:00+05:30,934.3499755859375,934.3499755859375,933.8499755859375,934.1500244140625,128
2026-10-05 11:19:00+05:30,933.4000244140625,934.0499877929688,932.7999877929688,933.4000244140625,511
2026-10-05 11:20:00+05:30,933.3499755859375,933.5,933.3499755859375,933.4000244140625,69
2026-10-05 11:21:00+05:30,934.4000244140625,934.4000244140625,933.6500244140625,933.6500244140625,182
2026-10-05 11:22:00+05:30,934.3499755859375,935.3499755859375,934.0,934.3499755859375,199
2026-10-05 11:23:00+05:30,933.9500122070312,934.0,933.5999755859375,934.0,143
2026-10-05 11:24:00+05:30,934.2999877929688,934.2999877929688,933.8499755859375,933.8499755859375,8
2026-10-05 11:25:00+05:30,934.4500122070312,934.4500122070312,933.8499755859375,933.8499755859375,31
2026-10-05 11:26:00+05:30,933.8499755859375,934.3499755859375,933.8499755859375,934.3499755859375,8
2026-10-05 11:27:00+05:30,933.9500122070312,933.9500122070312,933.5499877929688,933.5499877929688,40
2026-10-05 11:28:00+05:30,934.6500244140625,934.6500244140625,934.0,934.0,34
2026-10-05 11:29:00+05:30,935.2000122070312,935.2000122070312,935.0999755859375,935.0999755859375,38
2026-10-05 11:30:00+05:30,936.5,936.5,936.0,936.0,54
2026-10-05 11:31:00+05:30,936.0,936.0,935.75,935.75,40
2026-10-05 11:32:00+05:30,936.5999755859375,936.9000244140625,936.5499877929688,936.5499877929688,125
2026-10-05 11:33:00+05:30,936.4000244140625,936.4000244140625,936.4000244140625,936.4000244140625,1
2026-10-05 11:35:00+05:30,935.0499877929688,935.5,935.0,935.4500122070312,815
2026-10-05 11:36:00+05:30,934.2999877929688,935.0999755859375,934.2999877929688,935.0999755859375,7023
2026-10-05 11:37:00+05:30,935.8499755859375,936.0,934.75,934.75,5288
2026-10-05 11:38:00+05:30,936.0999755859375,936.0999755859375,935.5,936.0,48238
2026-10-05 11:39:00+05:30,935.25,936.0499877929688,934.8499755859375,936.0,24382
2026-10-05 11:40:00+05:30,935.6500244140625,935.75,935.0,935.0,10718
2026-10-05 11:41:00+05:30,935.4500122070312,935.8499755859375,935.4500122070312,935.5,822
2026-10-05 11:42:00+05:30,934.9500122070312,935.4500122070312,934.9500122070312,935.4500122070312,409
2026-10-05 11:43:00+05:30,934.9500122070312,935.2000122070312,934.9500122070312,935.2000122070312,1095
2026-10-05 11:44:00+05:30,935.2999877929688,935.2999877929688,933.9000244140625,934.9500122070312,748
2026-10-05 11:45:00+05:30,936.4000244140625,936.4000244140625,935.25,935.5,345
2026-10-05 11:46:00+05:30,936.0499877929688,936.9000244140625,936.0,936.0,412
2026-10-05 11:47:00+05:30,936.5,936.5,936.5,936.5,9
2026-10-05 11:48:00+05:30,936.2999877929688,936.2999877929688,935.6500244140625,935.6500244140625,2
2026-10-05 11:49:00+05:30,935.6500244140625,935.7999877929688,935.6500244140625,935.7999877929688,21
2026-10-05 11:50:00+05:30,935.0,935.0,935.0,935.0,40
2026-10-05 11:51:00+05:30,935.0,935.0499877929688,935.0,935.0499877929688,52
2026-10-05 11:52:00+05:30,935.3499755859375,935.3499755859375,935.0,935.0,22
2026-10-05 11:53:00+05:30,935.4000244140625,935.4000244140625,935.0,935.0,63
2026-10-05 11:54:00+05:30,935.7000122070312,935.7000122070312,935.4500122070312,935.4500122070312,24
2026-10-05 11:55:00+05:30,935.7999877929688,935.7999877929688,935.7000122070312,935.7000122070312,10
2026-10-05 11:56:00+05:30,936.5499877929688,936.5499877929688,936.4500122070312,936.4500122070312,12
2026-10-05 11:57:00+05:30,936.6500244140625,936.6500244140625,936.4500122070312,936.4500122070312,120
2026-10-05 11:58:00+05:30,936.2000122070312,936.7000122070312,936.2000122070312,936.7000122070312,139
2026-10-05 11:59:00+05:30,935.6500244140625,935.7000122070312,935.4000244140625,935.4000244140625,209
2026-10-05 12:00:00+05:30,934.6500244140625,935.0999755859375,934.6500244140625,935.0,122
2026-10-05 12:01:00+05:30,934.5499877929688,934.5499877929688,934.5499877929688,934.5499877929688,20
2026-10-05 12:02:00+05:30,934.5999755859375,935.6500244140625,934.5999755859375,934.7000122070312,644
2026-10-05 12:03:00+05:30,934.9000244140625,935.4000244140625,934.7999877929688,934.7999877929688,75
2026-10-05 12:05:00+05:30,934.9000244140625,934.9000244140625,934.9000244140625,934.9000244140625,1
2026-10-05 12:06:00+05:30,933.5999755859375,934.4500122070312,933.5999755859375,934.4500122070312,306
2026-10-05 12:07:00+05:30,933.0,933.9000244140625,933.0,933.5499877929688,436
2026-10-05 12:08:00+05:30,933.0,933.0,933.0,933.0,28
2026-10-05 12:09:00+05:30,933.3499755859375,933.3499755859375,932.8499755859375,932.8499755859375,255
2026-10-05 12:10:00+05:30,932.7999877929688,932.7999877929688,932.4000244140625,932.4000244140625,206
2026-10-05 12:11:00+05:30,933.0999755859375,933.1500244140625,932.6500244140625,933.0,396
2026-10-05 12:12:00+05:30,933.1500244140625,933.4500122070312,933.0999755859375,933.0999755859375,12
2026-10-05 12:13:00+05:30,933.1500244140625,933.1500244140625,933.0499877929688,933.0499877929688,16
2026-10-05 12:14:00+05:30,933.1500244140625,933.2999877929688,933.0,933.1500244140625,64
2026-10-05 12:15:00+05:30,933.7999877929688,933.7999877929688,932.9500122070312,933.0999755859375,348
2026-10-05 12:16:00+05:30,933.9500122070312,933.9500122070312,933.6500244140625,933.6500244140625,9
2026-10-05 12:17:00+05:30,934.6500244140625,934.6500244140625,934.3499755859375,934.4000244140625,97
2026-10-05 12:18:00+05:30,935.2000122070312,935.2000122070312,935.0,935.0,111
2026-10-05 12:19:00+05:30,934.6500244140625,934.8499755859375,934.2999877929688,934.5,115
2026-10-05 12:20:00+05:30,934.8499755859375,934.8499755859375,934.7000122070312,934.7000122070312,18
2026-10-05 12:21:00+05:30,935.0999755859375,935.0999755859375,934.5,934.5,25
2026-10-05 12:23:00+05:30,934.9500122070312,935.2000122070312,934.9500122070312,935.2000122070312,36
2026-10-05 12:24:00+05:30,934.0,934.7999877929688,934.0,934.7999877929688,78
2026-10-05 12:25:00+05:30,934.1500244140625,934.4500122070312,933.9500122070312,934.0,49
2026-10-05 12:26:00+05:30,933.9000244140625,934.3499755859375,933.9000244140625,934.3499755859375,281
2026-10-05 12:27:00+05:30,934.25,934.25,933.7999877929688,933.7999877929688,37
2026-10-05 12:28:00+05:30,935.0,935.0,934.75,934.75,5
2026-10-05 12:29:00+05:30,934.5499877929688,934.5499877929688,934.2000122070312,934.2000122070312,75
2026-10-05 12:30:00+05:30,934.2000122070312,934.25,934.2000122070312,934.25,134
2026-10-05 12:31:00+05:30,933.7999877929688,934.0,933.7999877929688,934.0,3
2026-10-05 12:32:00+05:30,933.4500122070312,933.7999877929688,933.25,933.7999877929688,73
2026-10-05 12:33:00+05:30,933.4000244140625,933.4000244140625,933.4000244140625,933.4000244140625,48
2026-10-05 12:34:00+05:30,933.2000122070312,933.5,933.2000122070312,933.5,20
2026-10-05 12:35:00+05:30,933.9000244140625,934.2000122070312,933.2999877929688,933.2999877929688,104
2026-10-05 12:36:00+05:30,934.2999877929688,934.5499877929688,934.2999877929688,934.5499877929688,103
2026-10-05 12:37:00+05:30,933.6500244140625,933.6500244140625,933.5499877929688,933.5499877929688,12
2026-10-05 12:39:00+05:30,933.7999877929688,934.0,933.5999755859375,933.5999755859375,60
2026-10-05 12:40:00+05:30,933.9500122070312,933.9500122070312,933.5499877929688,933.5499877929688,24
2026-10-05 12:41:00+05:30,933.5,933.8499755859375,933.5,933.8499755859375,11
2026-10-05 12:42:00+05:30,933.5499877929688,933.5499877929688,933.2000122070312,933.2000122070312,208
2026-10-05 12:43:00+05:30,933.7999877929688,933.7999877929688,933.7999877929688,933.7999877929688,1
2026-10-05 12:44:00+05:30,933.5,933.5499877929688,933.5,933.5499877929688,5
2026-10-05 12:45:00+05:30,933.4000244140625,933.4000244140625,933.4000244140625,933.4000244140625,23
2026-10-05 12:46:00+05:30,932.5499877929688,933.0,932.5499877929688,933.0,181
2026-10-05 12:47:00+05:30,933.9000244140625,934.0,933.2000122070312,933.2000122070312,32
2026-10-05 12:48:00+05:30,933.9000244140625,933.9000244140625,933.1500244140625,933.1500244140625,69
2026-10-05 12:49:00+05:30,933.4500122070312,934.0999755859375,933.4500122070312,934.0999755859375,20
2026-10-05 12:50:00+05:30,933.2000122070312,933.6500244140625,933.2000122070312,933.6500244140625,10
2026-10-05 12:51:00+05:30,933.5999755859375,933.5999755859375,933.0,933.0,36
2026-10-05 12:52:00+05:30,932.9500122070312,933.2999877929688,932.75,933.2999877929688,35
2026-10-05 12:53:00+05:30,932.0,932.7000122070312,932.0,932.7000122070312,373
2026-10-05 12:54:00+05:30,931.5499877929688,932.0,931.2999877929688,932.0,56
2026-10-05 12:55:00+05:30,932.3499755859375,932.3499755859375,931.5999755859375,931.5999755859375,71
2026-10-05 12:56:00+05:30,931.5,932.2999877929688,931.5,932.0,14
2026-10-05 12:57:00+05:30,932.25,932.25,931.7000122070312,931.9500122070312,41
2026-10-05 12:58:00+05:30,932.5499877929688,932.5499877929688,932.0999755859375,932.0999755859375,97
2026-10-05 12:59:00+05:30,931.7999877929688,932.1500244140625,931.7999877929688,932.1500244140625,7
2026-10-05 13:00:00+05:30,931.9500122070312,932.25,931.7999877929688,932.25,89
2026-10-05 13:02:00+05:30,932.5999755859375,932.5999755859375,932.4000244140625,932.4000244140625,53
2026-10-05 13:03:00+05:30,933.4000244140625,933.6500244140625,932.7999877929688,932.7999877929688,292
2026-10-05 13:04:00+05:30,934.4500122070312,934.4500122070312,934.0,934.0,49
2026-10-05 13:05:00+05:30,934.5999755859375,934.8499755859375,934.5999755859375,934.8499755859375,52
2026-10-05 13:06:00+05:30,934.2999877929688,934.2999877929688,934.0499877929688,934.0499877929688,268
2026-10-05 13:07:00+05:30,934.5999755859375,934.5999755859375,934.5999755859375,934.5999755859375,20
2026-10-05 13:08:00+05:30,934.2999877929688,934.2999877929688,933.9000244140625,933.9000244140625,57
2026-10-05 13:09:00+05:30,934.5,934.5999755859375,934.2000122070312,934.5999755859375,142
2026-10-05 13:10:00+05:30,935.0,935.0,934.5499877929688,934.5499877929688,454
2026-10-05 13:11:00+05:30,935.1500244140625,935.2999877929688,934.7000122070312,935.2999877929688,217
2026-10-05 13:12:00+05:30,934.2999877929688,934.4000244140625,934.2999877929688,934.4000244140625,59
2026-10-05 13:13:00+05:30,934.8499755859375,934.8499755859375,934.8499755859375,934.8499755859375,15
2026-10-05 13:16:00+05:30,934.7000122070312,934.7000122070312,934.5999755859375,934.5999755859375,27
2026-10-05 13:17:00+05:30,934.5499877929688,934.5499877929688,934.2999877929688,934.2999877929688,3
2026-10-05 13:18:00+05:30,934.6500244140625,934.6500244140625,934.6500244140625,934.6500244140625,2
2026-10-05 13:19:00+05:30,933.5999755859375,934.2999877929688,933.5999755859375,934.2999877929688,90
2026-10-05 13:20:00+05:30,934.0499877929688,934.2000122070312,933.5999755859375,933.7999877929688,65
2026-10-05 13:21:00+05:30,934.4000244140625,934.4000244140625,933.8499755859375,933.8499755859375,8
2026-10-05 13:22:00+05:30,935.4000244140625,935.4000244140625,934.5999755859375,934.5999755859375,13
2026-10-05 13:23:00+05:30,935.5,935.5,935.5,935.5,8
2026-10-05 13:25:00+05:30,934.7999877929688,934.7999877929688,934.7999877929688,934.7999877929688,10
2026-10-05 13:26:00+05:30,935.8499755859375,936.0499877929688,934.5999755859375,934.5999755859375,493
2026-10-05 13:27:00+05:30,935.0999755859375,936.2000122070312,935.0999755859375,936.2000122070312,516
2026-10-05 13:29:00+05:30,935.0499877929688,935.1500244140625,935.0499877929688,935.1500244140625,14
2026-10-05 13:30:00+05:30,935.3499755859375,935.4000244140625,935.3499755859375,935.4000244140625,25
2026-10-05 13:32:00+05:30,935.5,935.5999755859375,935.3499755859375,935.3499755859375,77
2026-10-05 13:34:00+05:30,935.6500244140625,935.6500244140625,935.6500244140625,935.6500244140625,7
2026-10-05 13:35:00+05:30,936.0,936.0,935.2999877929688,935.9000244140625,53
2026-10-05 13:36:00+05:30,938.1500244140625,938.1500244140625,935.8499755859375,936.0,852
2026-10-05 13:37:00+05:30,940.4000244140625,940.7999877929688,938.0999755859375,938.0999755859375,130
2026-10-05 13:38:00+05:30,940.8499755859375,940.8499755859375,939.9500122070312,939.9500122070312,102
2026-10-05 13:39:00+05:30,941.7999877929688,941.7999877929688,941.7999877929688,941.7999877929688,5
2026-10-05 13:40:00+05:30,943.5,943.5,942.0,942.2000122070312,352
2026-10-05 13:41:00+05:30,945.0,945.0,944.0,944.0,897
2026-10-05 13:42:00+05:30,945.25,945.25,944.5499877929688,944.5499877929688,812
2026-10-05 13:43:00+05:30,944.7000122070312,944.7000122070312,944.0999755859375,944.0999755859375,60
2026-10-05 13:44:00+05:30,943.5,944.4000244140625,943.5,944.2000122070312,62
2026-10-05 13:45:00+05:30,944.0,944.0,944.0,944.0,1557
2026-10-05 13:46:00+05:30,942.5499877929688,943.3499755859375,942.5499877929688,943.2999877929688,111
2026-10-05 13:47:00+05:30,943.75,943.75,942.4500122070312,942.4500122070312,30
2026-10-05 13:48:00+05:30,942.5499877929688,943.25,942.5499877929688,943.25,14
2026-10-05 13:50:00+05:30,943.25,943.25,942.9000244140625,942.9500122070312,198
2026-10-05 13:51:00+05:30,942.9500122070312,943.25,942.8499755859375,942.8499755859375,231
2026-10-05 13:52:00+05:30,943.75,943.75,942.9500122070312,942.9500122070312,114
2026-10-05 13:53:00+05:30,943.75,943.75,943.2999877929688,943.7000122070312,11
2026-10-05 13:54:00+05:30,943.2999877929688,943.2999877929688,943.2999877929688,943.2999877929688,175
2026-10-05 13:55:00+05:30,943.0,943.0,943.0,943.0,50
2026-10-05 13:56:00+05:30,942.3499755859375,942.9000244140625,942.3499755859375,942.9000244140625,40
2026-10-05 13:57:00+05:30,942.2000122070312,942.7999877929688,942.2000122070312,942.5,89
2026-10-05 13:58:00+05:30,942.0,942.0,942.0,942.0,11
2026-10-05 13:59:00+05:30,942.5499877929688,942.5499877929688,941.9000244140625,942.4500122070312,16
2026-10-05 14:00:00+05:30,941.9500122070312,942.2999877929688,941.9500122070312,942.2999877929688,26
2026-10-05 14:01:00+05:30,942.2999877929688,942.3499755859375,942.0499877929688,942.0499877929688,81
2026-10-05 14:02:00+05:30,942.0,942.0,942.0,942.0,342
2026-10-05 14:04:00+05:30,941.9000244140625,942.0999755859375,940.7999877929688,942.0999755859375,45
2026-10-05 14:05:00+05:30,942.3499755859375,942.4000244140625,942.0999755859375,942.0999755859375,225
2026-10-05 14:06:00+05:30,941.5,941.5,941.5,941.5,11
2026-10-05 14:07:00+05:30,941.5,941.5,941.5,941.5,3
2026-10-05 14:08:00+05:30,941.6500244140625,942.2000122070312,941.6500244140625,942.2000122070312,48
2026-10-05 14:09:00+05:30,942.0,942.0,942.0,942.0,29
2026-10-05 14:10:00+05:30,942.8499755859375,943.0,942.8499755859375,943.0,150
2026-10-05 14:11:00+05:30,942.1500244140625,942.1500244140625,942.1500244140625,942.1500244140625,53
2026-10-05 14:12:00+05:30,942.6500244140625,942.6500244140625,942.4000244140625,942.4000244140625,16
2026-10-05 14:13:00+05:30,943.5999755859375,943.5999755859375,943.5,943.5,212
2026-10-05 14:14:00+05:30,944.0,944.9000244140625,944.0,944.5,36
2026-10-05 14:15:00+05:30,943.0999755859375,943.7000122070312,943.0999755859375,943.7000122070312,17
2026-10-05 14:16:00+05:30,942.4000244140625,942.9500122070312,942.4000244140625,942.9500122070312,17
2026-10-05 14:18:00+05:30,942.2000122070312,942.2000122070312,942.2000122070312,942.2000122070312,50
2026-10-05 14:19:00+05:30,944.0499877929688,944.0499877929688,943.0999755859375,943.0999755859375,7
2026-10-05 14:20:00+05:30,944.7000122070312,945.0,944.7000122070312,944.9500122070312,211
2026-10-05 14:21:00+05:30,944.2000122070312,944.2000122070312,944.2000122070312,944.2000122070312,1
2026-10-05 14:22:00+05:30,944.2000122070312,944.5999755859375,944.2000122070312,944.5999755859375,191
2026-10-05 14:23:00+05:30,945.3499755859375,945.4500122070312,944.0999755859375,944.0999755859375,484
2026-10-05 14:24:00+05:30,944.8499755859375,945.25,944.8499755859375,945.2000122070312,139
2026-10-05 14:25:00+05:30,944.75,944.9000244140625,944.5499877929688,944.5499877929688,152
2026-10-05 14:26:00+05:30,944.6500244140625,945.0499877929688,944.6500244140625,945.0499877929688,111
2026-10-05 14:27:00+05:30,945.4000244140625,945.5999755859375,945.4000244140625,945.5999755859375,60
2026-10-05 14:28:00+05:30,945.7000122070312,945.7000122070312,945.5999755859375,945.5999755859375,326
2026-10-05 14:30:00+05:30,945.0,945.7000122070312,945.0,945.7000122070312,68
2026-10-05 14:31:00+05:30,943.8499755859375,944.9500122070312,943.8499755859375,944.9500122070312,101
2026-10-05 14:32:00+05:30,944.25,944.4500122070312,944.1500244140625,944.1500244140625,464
2026-10-05 14:33:00+05:30,943.9500122070312,944.2999877929688,943.9500122070312,944.2999877929688,105
2026-10-05 14:34:00+05:30,944.2999877929688,944.2999877929688,944.2999877929688,944.2999877929688,13
2026-10-05 14:35:00+05:30,944.0,944.0,944.0,944.0,1
2026-10-05 14:36:00+05:30,944.3499755859375,944.3499755859375,943.5,944.0,982
2026-10-05 14:37:00+05:30,944.3499755859375,944.4000244140625,944.3499755859375,944.4000244140625,20
2026-10-05 14:38:00+05:30,944.6500244140625,944.6500244140625,944.5999755859375,944.5999755859375,176
2026-10-05 14:39:00+05:30,944.2999877929688,944.2999877929688,944.2999877929688,944.2999877929688,10
2026-10-05 14:40:00+05:30,944.1500244140625,944.4500122070312,944.1500244140625,944.2999877929688,125
2026-10-05 14:41:00+05:30,944.1500244140625,944.1500244140625,944.1500244140625,944.1500244140625,1
2026-10-05 14:42:00+05:30,944.0,944.0,943.4000244140625,943.5499877929688,98
2026-10-05 14:44:00+05:30,943.9500122070312,944.2000122070312,943.7999877929688,944.2000122070312,112
2026-10-05 14:45:00+05:30,944.4500122070312,944.4500122070312,943.9500122070312,943.9500122070312,364
2026-10-05 14:46:00+05:30,944.5,944.5,944.2999877929688,944.2999877929688,500
2026-10-05 14:47:00+05:30,944.0,944.0999755859375,944.0,944.0999755859375,63
2026-10-05 14:48:00+05:30,944.0999755859375,944.4000244140625,944.0999755859375,944.4000244140625,21
2026-10-05 14:49:00+05:30,944.0999755859375,944.0999755859375,944.0999755859375,944.0999755859375,20
2026-10-05 14:50:00+05:30,944.0,944.0,944.0,944.0,1
2026-10-05 14:51:00+05:30,944.0499877929688,944.0499877929688,943.9000244140625,943.9000244140625,81
2026-10-05 14:52:00+05:30,944.1500244140625,944.1500244140625,944.1500244140625,944.1500244140625,19
2026-10-05 14:53:00+05:30,944.2999877929688,944.2999877929688,944.0999755859375,944.0999755859375,101
2026-10-05 14:54:00+05:30,944.4000244140625,944.4000244140625,944.2999877929688,944.2999877929688,13
2026-10-05 14:55:00+05:30,944.2000122070312,944.5999755859375,944.2000122070312,944.2999877929688,810
2026-10-05 14:56:00+05:30,943.8499755859375,944.0,943.8499755859375,944.0,285
2026-10-05 14:57:00+05:30,943.25,943.3499755859375,943.25,943.3499755859375,46
2026-10-05 14:58:00+05:30,942.9000244140625,943.0,942.9000244140625,943.0,71
2026-10-05 14:59:00+05:30,943.5,943.7999877929688,942.3499755859375,942.5,666
2026-10-05 15:00:00+05:30,943.25,943.4500122070312,943.25,943.4000244140625,95
2026-10-05 15:01:00+05:30,941.4000244140625,943.25,941.4000244140625,943.25,206
2026-10-05 15:02:00+05:30,941.2999877929688,941.2999877929688,940.9000244140625,940.9000244140625,47
2026-10-05 15:03:00+05:30,941.9500122070312,942.0499877929688,941.4500122070312,941.4500122070312,353
2026-10-05 15:04:00+05:30,941.9500122070312,942.2999877929688,941.9500122070312,942.0,861
2026-10-05 15:05:00+05:30,942.5999755859375,942.5999755859375,942.0999755859375,942.0999755859375,359
2026-10-05 15:06:00+05:30,942.0,942.5999755859375,942.0,942.4000244140625,556
2026-10-05 15:07:00+05:30,942.3499755859375,942.3499755859375,942.0,942.0,55
2026-10-05 15:08:00+05:30,941.2999877929688,942.4000244140625,941.2999877929688,942.4000244140625,415
2026-10-05 15:09:00+05:30,941.0,941.5499877929688,940.7999877929688,940.7999877929688,317
2026-10-05 15:10:00+05:30,941.7999877929688,941.7999877929688,941.2000122070312,941.2000122070312,1297
2026-10-05 15:11:00+05:30,941.4500122070312,941.7000122070312,941.4000244140625,941.4000244140625,32
2026-10-05 15:12:00+05:30,940.0,941.7999877929688,940.0,941.7999877929688,138
2026-10-05 15:13:00+05:30,941.7999877929688,941.7999877929688,941.2000122070312,941.2000122070312,551
2026-10-05 15:14:00+05:30,940.1500244140625,941.9500122070312,940.1500244140625,941.9500122070312,934
2026-10-06 09:15:00+05:30,944.6500244140625,951.9500122070312,944.6500244140625,945.0,2975
2026-10-06 09:16:00+05:30,945.5999755859375,946.0,943.0,944.0499877929688,635
2026-10-06 09:17:00+05:30,944.2000122070312,946.4500122070312,944.0,945.4500122070312,2996
2026-10-06 09:18:00+05:30,943.5999755859375,944.9000244140625,943.2000122070312,944.0,1196
2026-10-06 09:19:00+05:30,943.5,943.7999877929688,942.0,943.2000122070312,300
2026-10-06 09:20:00+05:30,941.9000244140625,943.5499877929688,941.9000244140625,943.5499877929688,564
2026-10-06 09:21:00+05:30,942.0499877929688,943.8499755859375,942.0499877929688,942.0499877929688,157
2026-10-06 09:22:00+05:30,943.1500244140625,943.2000122070312,942.4000244140625,942.5999755859375,626
2026-10-06 09:23:00+05:30,944.5,944.5,944.0499877929688,944.0499877929688,110
2026-10-06 09:24:00+05:30,945.1500244140625,945.1500244140625,944.7999877929688,944.9500122070312,222
2026-10-06 09:25:00+05:30,945.5,945.5,945.0,945.0,36
2026-10-06 09:26:00+05:30,944.5,945.2999877929688,944.5,945.2999877929688,2
2026-10-06 09:27:00+05:30,943.5499877929688,943.5499877929688,943.1500244140625,943.5499877929688,292
2026-10-06 09:28:00+05:30,942.9000244140625,943.2999877929688,942.2000122070312,943.0,56
2026-10-06 09:29:00+05:30,942.8499755859375,942.8499755859375,942.8499755859375,942.8499755859375,4
2026-10-06 09:30:00+05:30,943.1500244140625,943.5499877929688,942.2000122070312,942.2000122070312,468
2026-10-06 09:31:00+05:30,943.0,943.6500244140625,943.0,943.1500244140625,68
2026-10-06 09:33:00+05:30,942.5999755859375,942.5999755859375,942.4000244140625,942.4000244140625,60
2026-10-06 09:34:00+05:30,942.5999755859375,943.1500244140625,942.5999755859375,942.5999755859375,270
2026-10-06 09:35:00+05:30,944.75,944.75,943.1500244140625,943.1500244140625,173
2026-10-06 09:36:00+05:30,945.1500244140625,945.1500244140625,943.7999877929688,943.7999877929688,258
2026-10-06 09:37:00+05:30,945.2999877929688,945.2999877929688,945.1500244140625,945.1500244140625,133
2026-10-06 09:38:00+05:30,945.2000122070312,945.2000122070312,944.6500244140625,944.6500244140625,67
2026-10-06 09:39:00+05:30,945.4500122070312,945.4500122070312,945.4500122070312,945.4500122070312,3
2026-10-06 09:40:00+05:30,945.0,945.0,944.9000244140625,944.9000244140625,198
2026-10-06 09:41:00+05:30,946.0999755859375,946.0999755859375,944.9500122070312,944.9500122070312,474
2026-10-06 09:42:00+05:30,945.2000122070312,945.2000122070312,945.2000122070312,945.2000122070312,1
2026-10-06 09:43:00+05:30,945.2000122070312,945.5,945.2000122070312,945.5,6
2026-10-06 09:44:00+05:30,945.2000122070312,945.9000244140625,944.7000122070312,945.9000244140625,78
2026-10-06 09:45:00+05:30,944.75,945.1500244140625,944.0,945.1500244140625,9
2026-10-06 09:46:00+05:30,943.8499755859375,944.5999755859375,943.8499755859375,944.5499877929688,387
2026-10-06 09:47:00+05:30,946.0499877929688,946.0499877929688,944.5999755859375,944.5999755859375,214
2026-10-06 09:48:00+05:30,946.0,946.25,946.0,946.25,45
2026-10-06 09:49:00+05:30,946.0,946.3499755859375,946.0,946.25,232
2026-10-06 09:51:00+05:30,943.8499755859375,944.2999877929688,943.8499755859375,944.2999877929688,56
2026-10-06 09:52:00+05:30,944.5999755859375,944.8499755859375,943.5,943.5,802
2026-10-06 09:53:00+05:30,944.7000122070312,944.7000122070312,944.7000122070312,944.7000122070312,300
2026-10-06 09:54:00+05:30,944.2000122070312,944.2000122070312,944.2000122070312,944.2000122070312,5
2026-10-06 09:55:00+05:30,945.9500122070312,945.9500122070312,945.0,945.0,450
2026-10-06 09:56:00+05:30,946.5999755859375,946.5999755859375,946.0,946.0,170
2026-10-06 09:57:00+05:30,947.2000122070312,947.2000122070312,947.2000122070312,947.2000122070312,32
2026-10-06 09:58:00+05:30,945.5999755859375,946.75,945.5999755859375,946.75,23
2026-10-06 10:00:00+05:30,946.8499755859375,946.8499755859375,946.1500244140625,946.1500244140625,11
2026-10-06 10:01:00+05:30,945.7999877929688,946.5,945.7999877929688,946.4000244140625,263
2026-10-06 10:02:00+05:30,946.0,946.4500122070312,946.0,946.4500122070312,212
2026-10-06 10:03:00+05:30,945.5499877929688,946.0,945.5499877929688,945.5999755859375,11
2026-10-06 10:04:00+05:30,946.0,946.0,945.9500122070312,945.9500122070312,180
2026-10-06 10:05:00+05:30,946.9000244140625,946.9000244140625,946.9000244140625,946.9000244140625,50
2026-10-06 10:06:00+05:30,945.5499877929688,945.9500122070312,944.7999877929688,945.9500122070312,249
2026-10-06 10:07:00+05:30,945.6500244140625,946.0499877929688,945.4000244140625,945.4000244140625,707
2026-10-06 10:08:00+05:30,944.5999755859375,945.5999755859375,944.5999755859375,945.5999755859375,138
2026-10-06 10:10:00+05:30,945.25,945.25,945.25,945.25,10
2026-10-06 10:11:00+05:30,945.9000244140625,945.9000244140625,945.25,945.25,209
2026-10-06 10:12:00+05:30,945.6500244140625,945.6500244140625,944.9500122070312,944.9500122070312,23
2026-10-06 10:13:00+05:30,945.6500244140625,945.6500244140625,945.6500244140625,945.6500244140625,6
2026-10-06 10:14:00+05:30,946.5499877929688,946.5499877929688,945.5999755859375,945.5999755859375,173
2026-10-06 10:15:00+05:30,947.0,947.0,946.0,946.0,1034
2026-10-06 10:16:00+05:30,947.0,947.4000244140625,947.0,947.4000244140625,190
2026-10-06 10:17:00+05:30,947.7999877929688,947.7999877929688,947.4500122070312,947.4500122070312,12
2026-10-06 10:18:00+05:30,946.4000244140625,947.0999755859375,946.4000244140625,947.0999755859375,3
2026-10-06 10:19:00+05:30,946.0999755859375,947.0,946.0999755859375,946.4000244140625,218
2026-10-06 10:20:00+05:30,946.25,946.3499755859375,946.25,946.3499755859375,107
2026-10-06 10:21:00+05:30,946.25,946.25,945.9000244140625,945.9000244140625,18
2026-10-06 10:22:00+05:30,947.0,947.0,946.25,946.25,35
2026-10-06 10:23:00+05:30,946.7000122070312,946.7000122070312,946.5,946.5,28
2026-10-06 10:24:00+05:30,947.0,947.0,947.0,947.0,10
2026-10-06 10:25:00+05:30,946.9500122070312,946.9500122070312,946.6500244140625,946.6500244140625,6
2026-10-06 10:26:00+05:30,946.4000244140625,946.4000244140625,946.4000244140625,946.4000244140625,10
2026-10-06 10:27:00+05:30,945.4000244140625,946.25,945.4000244140625,946.25,12
2026-10-06 10:28:00+05:30,945.25,945.25,945.25,945.25,4
2026-10-06 10:30:00+05:30,945.0,945.0,945.0,945.0,8
2026-10-06 10:31:00+05:30,944.9000244140625,944.9000244140625,944.5999755859375,944.5999755859375,16
2026-10-06 10:32:00+05:30,944.0999755859375,944.5999755859375,944.0999755859375,944.5999755859375,47
2026-10-06 10:33:00+05:30,944.0,944.0,944.0,944.0,7
2026-10-06 10:34:00+05:30,945.1500244140625,945.1500244140625,945.1500244140625,945.1500244140625,50
2026-10-06 10:35:00+05:30,944.9500122070312,944.9500122070312,944.9500122070312,944.9500122070312,21
2026-10-06 10:36:00+05:30,944.9500122070312,944.9500122070312,944.9500122070312,944.9500122070312,2
2026-10-06 10:37:00+05:30,944.9000244140625,944.9000244140625,944.9000244140625,944.9000244140625,1
2026-10-06 10:38:00+05:30,945.4000244140625,945.4000244140625,945.0,945.0,452
2026-10-06 10:39:00+05:30,945.0,945.4500122070312,945.0,945.0,246
2026-10-06 10:40:00+05:30,944.9500122070312,945.2000122070312,944.7000122070312,945.2000122070312,631
2026-10-06 10:41:00+05:30,945.3499755859375,945.3499755859375,945.3499755859375,945.3499755859375,10
2026-10-06 10:42:00+05:30,945.2000122070312,945.5,945.2000122070312,945.5,24
2026-10-06 10:43:00+05:30,946.2000122070312,946.2000122070312,946.2000122070312,946.2000122070312,145
2026-10-06 10:44:00+05:30,946.0499877929688,946.9500122070312,946.0499877929688,946.9500122070312,179
2026-10-06 10:45:00+05:30,945.7000122070312,946.6500244140625,945.7000122070312,946.6500244140625,71
2026-10-06 10:46:00+05:30,945.0499877929688,945.6500244140625,945.0499877929688,945.6500244140625,21
2026-10-06 10:48:00+05:30,945.0499877929688,945.0499877929688,945.0499877929688,945.0499877929688,14
2026-10-06 10:49:00+05:30,944.7999877929688,945.0,944.7999877929688,945.0,153
2026-10-06 10:50:00+05:30,945.0,945.0499877929688,945.0,945.0499877929688,19
2026-10-06 10:51:00+05:30,944.4000244140625,944.7999877929688,944.4000244140625,944.7999877929688,11
2026-10-06 10:52:00+05:30,944.4500122070312,944.4500122070312,944.2000122070312,944.25,227
2026-10-06 10:53:00+05:30,944.5999755859375,944.5999755859375,944.2000122070312,944.2000122070312,2
2026-10-06 10:54:00+05:30,944.2000122070312,944.2000122070312,944.2000122070312,944.2000122070312,140
2026-10-06 10:55:00+05:30,944.0,944.3499755859375,944.0,944.3499755859375,22
2026-10-06 10:56:00+05:30,944.3499755859375,944.3499755859375,944.3499755859375,944.3499755859375,6
2026-10-06 10:57:00+05:30,944.0,944.3499755859375,944.0,944.3499755859375,28
2026-10-06 10:58:00+05:30,943.7999877929688,944.2000122070312,943.7999877929688,944.2000122070312,755
2026-10-06 10:59:00+05:30,943.75,943.75,943.0999755859375,943.0999755859375,488
2026-10-06 11:00:00+05:30,943.75,943.75,943.75,943.75,1
2026-10-06 11:01:00+05:30,942.9500122070312,943.0,942.9500122070312,943.0,47
2026-10-06 11:02:00+05:30,942.2999877929688,942.4000244140625,942.2999877929688,942.4000244140625,30
2026-10-06 11:04:00+05:30,942.25,942.25,942.25,942.25,70
2026-10-06 11:05:00+05:30,942.25,942.25,942.25,942.25,140
2026-10-06 11:06:00+05:30,942.0999755859375,943.0,942.0999755859375,942.2000122070312,329
2026-10-06 11:07:00+05:30,942.0,942.0,942.0,942.0,38
2026-10-06 11:08:00+05:30,941.7000122070312,941.7000122070312,941.7000122070312,941.7000122070312,1
2026-10-06 11:09:00+05:30,942.5,942.5499877929688,941.7000122070312,941.7000122070312,1387
2026-10-06 11:10:00+05:30,942.5999755859375,942.5999755859375,942.5999755859375,942.5999755859375,360
2026-10-06 11:11:00+05:30,942.2000122070312,942.2000122070312,942.2000122070312,942.2000122070312,1
2026-10-06 11:12:00+05:30,942.7999877929688,942.7999877929688,942.7999877929688,942.7999877929688,75
2026-10-06 11:13:00+05:30,942.7000122070312,942.7000122070312,942.2999877929688,942.2999877929688,162
2026-10-06 11:14:00+05:30,942.7000122070312,942.7000122070312,942.7000122070312,942.7000122070312,10
2026-10-06 11:15:00+05:30,943.0,943.0,943.0,943.0,10
2026-10-06 11:16:00+05:30,942.7999877929688,942.7999877929688,942.7999877929688,942.7999877929688,4
2026-10-06 11:17:00+05:30,943.1500244140625,943.1500244140625,942.2000122070312,942.2000122070312,119
2026-10-06 11:18:00+05:30,943.0499877929688,943.0999755859375,943.0499877929688,943.0999755859375,59
2026-10-06 11:19:00+05:30,943.0,943.0,943.0,943.0,10
2026-10-06 11:20:00+05:30,943.0,943.0,943.0,943.0,15
2026-10-06 11:21:00+05:30,944.0,944.0,943.5499877929688,943.5999755859375,151
2026-10-06 11:23:00+05:30,943.5999755859375,943.5999755859375,943.5999755859375,943.5999755859375,1
2026-10-06 11:24:00+05:30,943.4000244140625,943.4000244140625,943.0,943.0,8
2026-10-06 11:25:00+05:30,943.4000244140625,943.4000244140625,943.4000244140625,943.4000244140625,5
2026-10-06 11:26:00+05:30,942.7000122070312,942.7000122070312,942.7000122070312,942.7000122070312,14
2026-10-06 11:27:00+05:30,943.25,943.25,943.25,943.25,10
2026-10-06 11:28:00+05:30,943.3499755859375,943.3499755859375,943.0,943.25,340
2026-10-06 11:29:00+05:30,943.2000122070312,943.2000122070312,943.2000122070312,943.2000122070312,9
2026-10-06 11:30:00+05:30,941.9000244140625,943.1500244140625,941.9000244140625,943.1500244140625,872
2026-10-06 11:31:00+05:30,941.5499877929688,941.7000122070312,941.5499877929688,941.7000122070312,900
2026-10-06 11:32:00+05:30,942.75,942.75,941.8499755859375,941.8499755859375,279
2026-10-06 11:33:00+05:30,942.75,942.75,942.4000244140625,942.75,109
2026-10-06 11:34:00+05:30,942.75,942.75,942.75,942.75,1
2026-10-06 11:35:00+05:30,942.75,942.75,942.75,942.75,1
2026-10-06 11:37:00+05:30,942.5999755859375,942.5999755859375,942.4500122070312,942.4500122070312,182
2026-10-06 11:38:00+05:30,942.2999877929688,942.75,942.2999877929688,942.6500244140625,210
2026-10-06 11:39:00+05:30,943.4000244140625,943.4000244140625,942.6500244140625,943.3499755859375,502
2026-10-06 11:40:00+05:30,943.4000244140625,943.4000244140625,943.4000244140625,943.4000244140625,15
2026-10-06 11:41:00+05:30,943.2000122070312,943.4000244140625,943.1500244140625,943.4000244140625,630
2026-10-06 11:42:00+05:30,942.9000244140625,943.4000244140625,942.9000244140625,943.0,121
2026-10-06 11:43:00+05:30,942.75,943.4000244140625,942.75,943.4000244140625,52
2026-10-06 11:45:00+05:30,943.0999755859375,943.0999755859375,942.2999877929688,942.2999877929688,221
2026-10-06 11:46:00+05:30,942.7999877929688,943.1500244140625,942.7000122070312,942.7000122070312,4
2026-10-06 11:47:00+05:30,943.0999755859375,943.0999755859375,942.8499755859375,942.8499755859375,8
2026-10-06 11:48:00+05:30,943.0999755859375,943.0999755859375,942.7999877929688,942.7999877929688,38
2026-10-06 11:49:00+05:30,943.0499877929688,943.0499877929688,943.0499877929688,943.0499877929688,31
2026-10-06 11:50:00+05:30,942.25,942.5,942.0,942.5,116
2026-10-06 11:51:00+05:30,942.25,942.25,942.0,942.0,300
2026-10-06 11:52:00+05:30,941.4000244140625,941.9000244140625,941.4000244140625,941.9000244140625,95
2026-10-06 11:53:00+05:30,941.4000244140625,941.4000244140625,941.4000244140625,941.4000244140625,20
2026-10-06 11:54:00+05:30,941.4000244140625,941.4000244140625,941.4000244140625,941.4000244140625,10
2026-10-06 11:55:00+05:30,940.0,941.0,940.0,941.0,1183
2026-10-06 11:56:00+05:30,941.7999877929688,941.7999877929688,940.8499755859375,940.8499755859375,26
2026-10-06 11:57:00+05:30,941.1500244140625,941.1500244140625,941.1500244140625,941.1500244140625,66
2026-10-06 11:58:00+05:30,940.5999755859375,940.5999755859375,940.4500122070312,940.5999755859375,181
2026-10-06 11:59:00+05:30,940.7999877929688,940.7999877929688,940.5999755859375,940.5999755859375,150
2026-10-06 12:00:00+05:30,940.9500122070312,940.9500122070312,940.9500122070312,940.9500122070312,7
2026-10-06 12:01:00+05:30,940.9500122070312,940.9500122070312,940.9500122070312,940.9500122070312,2
2026-10-06 12:03:00+05:30,941.0,941.0,941.0,941.0,14
2026-10-06 12:04:00+05:30,941.0,941.0,941.0,941.0,18
2026-10-06 12:05:00+05:30,941.0,941.0,941.0,941.0,2
2026-10-06 12:06:00+05:30,940.5,941.0,940.5,941.0,27
2026-10-06 12:07:00+05:30,940.4500122070312,940.4500122070312,940.4500122070312,940.4500122070312,10
2026-10-06 12:09:00+05:30,941.4500122070312,941.4500122070312,941.2000122070312,941.2000122070312,11
2026-10-06 12:10:00+05:30,940.6500244140625,940.6500244140625,940.6500244140625,940.6500244140625,286
2026-10-06 12:11:00+05:30,941.25,941.25,941.25,941.25,2
2026-10-06 12:13:00+05:30,940.8499755859375,941.0,940.8499755859375,941.0,17
2026-10-06 12:15:00+05:30,940.7999877929688,940.7999877929688,940.7999877929688,940.7999877929688,1
2026-10-06 12:17:00+05:30,939.4000244140625,940.0,939.4000244140625,940.0,903
2026-10-06 12:18:00+05:30,939.5,939.7999877929688,939.5,939.7999877929688,11
2026-10-06 12:19:00+05:30,939.4500122070312,939.75,939.4500122070312,939.75,42
2026-10-06 12:20:00+05:30,939.0999755859375,939.2000122070312,939.0999755859375,939.2000122070312,16
2026-10-06 12:21:00+05:30,939.5,939.5,939.5,939.5,5
2026-10-06 12:22:00+05:30,939.75,939.75,939.5999755859375,939.6500244140625,132
2026-10-06 12:23:00+05:30,939.5,940.0,939.5,939.75,119
2026-10-06 12:24:00+05:30,939.4500122070312,939.9000244140625,939.0999755859375,939.9000244140625,4
2026-10-06 12:25:00+05:30,939.6500244140625,939.8499755859375,939.4500122070312,939.4500122070312,422
2026-10-06 12:26:00+05:30,939.0,939.0,939.0,939.0,1
2026-10-06 12:27:00+05:30,939.5999755859375,939.7000122070312,939.0,939.0,52
2026-10-06 12:28:00+05:30,939.9000244140625,939.9000244140625,939.5999755859375,939.5999755859375,84
2026-10-06 12:29:00+05:30,939.9000244140625,939.9000244140625,939.0,939.0,323
2026-10-06 12:30:00+05:30,939.8499755859375,940.2999877929688,939.75,939.75,1467
2026-10-06 12:31:00+05:30,939.0,939.2999877929688,939.0,939.0,17
2026-10-06 12:32:00+05:30,939.0,939.0,939.0,939.0,25
2026-10-06 12:33:00+05:30,938.0,938.5999755859375,938.0,938.5999755859375,144
2026-10-06 12:34:00+05:30,937.0,937.2999877929688,937.0,937.2999877929688,402
2026-10-06 12:35:00+05:30,937.7999877929688,938.0,937.7999877929688,938.0,8
2026-10-06 12:36:00+05:30,938.2000122070312,938.2000122070312,937.7999877929688,937.7999877929688,15172
2026-10-06 12:37:00+05:30,938.3499755859375,939.5499877929688,938.0,939.5499877929688,16158
2026-10-06 12:38:00+05:30,938.0,939.6500244140625,938.0,938.4000244140625,10126
2026-10-06 12:40:00+05:30,937.5,938.4000244140625,937.5,938.4000244140625,117
2026-10-06 12:41:00+05:30,937.9500122070312,938.4000244140625,937.3499755859375,937.3499755859375,502
2026-10-06 12:42:00+05:30,937.7000122070312,937.9000244140625,937.0999755859375,937.0999755859375,71
2026-10-06 12:43:00+05:30,937.7000122070312,937.7000122070312,937.2000122070312,937.3499755859375,321
2026-10-06 12:44:00+05:30,937.4000244140625,938.0499877929688,937.2999877929688,938.0499877929688,212
2026-10-06 12:45:00+05:30,937.5999755859375,937.5999755859375,937.25,937.25,42
2026-10-06 12:46:00+05:30,938.4500122070312,938.4500122070312,937.5499877929688,937.5999755859375,232
2026-10-06 12:47:00+05:30,938.2999877929688,938.9500122070312,938.0,938.5499877929688,292
2026-10-06 12:48:00+05:30,938.6500244140625,938.6500244140625,938.6500244140625,938.6500244140625,2
2026-10-06 12:49:00+05:30,938.7000122070312,938.75,938.6500244140625,938.6500244140625,4
2026-10-06 12:50:00+05:30,938.25,938.25,938.25,938.25,10
2026-10-06 12:51:00+05:30,938.5,938.5,938.25,938.5,25
2026-10-06 12:52:00+05:30,938.5,938.5,938.5,938.5,76
2026-10-06 12:53:00+05:30,938.5999755859375,939.25,938.5999755859375,938.9500122070312,18
2026-10-06 12:54:00+05:30,938.9500122070312,938.9500122070312,938.9000244140625,938.9000244140625,140
2026-10-06 12:55:00+05:30,938.75,939.0,938.5,939.0,81
2026-10-06 12:56:00+05:30,938.2999877929688,938.7000122070312,938.2000122070312,938.7000122070312,39
2026-10-06 12:57:00+05:30,938.9000244140625,938.9000244140625,938.9000244140625,938.9000244140625,10
2026-10-06 12:58:00+05:30,938.75,938.75,938.75,938.75,280
2026-10-06 13:00:00+05:30,938.25,938.5,938.25,938.5,11
2026-10-06 13:01:00+05:30,938.4000244140625,938.5999755859375,938.1500244140625,938.5999755859375,44
2026-10-06 13:02:00+05:30,938.0499877929688,938.2999877929688,938.0,938.0999755859375,84
2026-10-06 13:03:00+05:30,938.75,938.75,938.0,938.0,299
2026-10-06 13:04:00+05:30,938.2999877929688,938.2999877929688,938.2999877929688,938.2999877929688,220
2026-10-06 13:05:00+05:30,938.0999755859375,938.4500122070312,938.0999755859375,938.25,600
2026-10-06 13:06:00+05:30,938.0,938.2999877929688,938.0,938.0,118
2026-10-06 13:07:00+05:30,937.8499755859375,937.8499755859375,937.8499755859375,937.8499755859375,22
2026-10-06 13:08:00+05:30,937.5,937.5,937.5,937.5,32
2026-10-06 13:10:00+05:30,937.2000122070312,937.2000122070312,937.2000122070312,937.2000122070312,200
2026-10-06 13:11:00+05:30,937.5999755859375,937.5999755859375,937.25,937.5999755859375,42
2026-10-06 13:12:00+05:30,937.5999755859375,937.5999755859375,937.5999755859375,937.5999755859375,40
2026-10-06 13:13:00+05:30,938.0,938.0,937.5999755859375,937.5999755859375,45
2026-10-06 13:16:00+05:30,938.4500122070312,938.4500122070312,938.4500122070312,938.4500122070312,5
2026-10-06 13:17:00+05:30,939.5,939.5,938.8499755859375,938.8499755859375,380
2026-10-06 13:19:00+05:30,938.7000122070312,938.7000122070312,938.4000244140625,938.4000244140625,427
2026-10-06 13:20:00+05:30,938.4500122070312,938.4500122070312,938.2000122070312,938.2999877929688,40
2026-10-06 13:21:00+05:30,938.4500122070312,938.4500122070312,938.0499877929688,938.0499877929688,45
2026-10-06 13:22:00+05:30,938.8499755859375,938.8499755859375,937.9500122070312,937.9500122070312,350
2026-10-06 13:23:00+05:30,938.2000122070312,938.2000122070312,938.2000122070312,938.2000122070312,12
2026-10-06 13:24:00+05:30,938.0,938.0,937.9000244140625,937.9500122070312,113
2026-10-06 13:25:00+05:30,937.2999877929688,937.9000244140625,937.2999877929688,937.9000244140625,74
2026-10-06 13:26:00+05:30,936.3499755859375,937.5499877929688,936.3499755859375,937.5499877929688,360
2026-10-06 13:27:00+05:30,936.75,937.0999755859375,936.75,936.75,4
2026-10-06 13:28:00+05:30,935.8499755859375,936.0999755859375,935.8499755859375,936.0999755859375,357
2026-10-06 13:30:00+05:30,937.5,937.5,936.9000244140625,936.9000244140625,25
2026-10-06 13:31:00+05:30,937.3499755859375,937.3499755859375,937.3499755859375,937.3499755859375,8
2026-10-06 13:32:00+05:30,937.2999877929688,937.8499755859375,937.2999877929688,937.8499755859375,6
2026-10-06 13:33:00+05:30,937.0,937.0,937.0,937.0,500
2026-10-06 13:34:00+05:30,937.5999755859375,937.5999755859375,937.5499877929688,937.5499877929688,6
2026-10-06 13:35:00+05:30,936.8499755859375,937.5999755859375,936.8499755859375,937.5999755859375,110
2026-10-06 13:36:00+05:30,937.4500122070312,937.4500122070312,937.4500122070312,937.4500122070312,14
2026-10-06 13:37:00+05:30,936.7999877929688,936.7999877929688,936.7999877929688,936.7999877929688,22
2026-10-06 13:38:00+05:30,937.7999877929688,937.7999877929688,937.7999877929688,937.7999877929688,2
2026-10-06 13:39:00+05:30,937.7999877929688,937.7999877929688,937.3499755859375,937.3499755859375,58
2026-10-06 13:40:00+05:30,937.7999877929688,937.7999877929688,937.7999877929688,937.7999877929688,3
2026-10-06 13:41:00+05:30,937.4500122070312,937.4500122070312,937.4500122070312,937.4500122070312,2
2026-10-06 13:42:00+05:30,936.7999877929688,937.5499877929688,936.7999877929688,937.4500122070312,38
2026-10-06 13:43:00+05:30,936.4500122070312,937.2000122070312,936.4500122070312,936.7000122070312,277
2026-10-06 13:44:00+05:30,937.0499877929688,937.0499877929688,936.5,936.9500122070312,1866
2026-10-06 13:46:00+05:30,937.0,937.0,937.0,937.0,400
2026-10-06 13:47:00+05:30,937.0,937.7000122070312,937.0,937.7000122070312,33
2026-10-06 13:48:00+05:30,937.3499755859375,937.3499755859375,937.0,937.25,4
2026-10-06 13:50:00+05:30,937.25,937.25,937.25,937.25,5
2026-10-06 13:51:00+05:30,937.2000122070312,937.2000122070312,937.2000122070312,937.2000122070312,3
2026-10-06 13:52:00+05:30,937.25,937.25,937.2000122070312,937.2000122070312,12
2026-10-06 13:53:00+05:30,937.0,937.0,937.0,937.0,10
2026-10-06 13:54:00+05:30,937.3499755859375,937.3499755859375,937.1500244140625,937.1500244140625,172
2026-10-06 13:55:00+05:30,938.5,938.5,938.5,938.5,61
2026-10-06 13:57:00+05:30,938.5999755859375,939.0499877929688,938.4000244140625,938.6500244140625,52
2026-10-06 13:59:00+05:30,938.6500244140625,938.6500244140625,938.25,938.3499755859375,308
2026-10-06 14:00:00+05:30,937.2000122070312,937.5,936.7000122070312,937.5,4575
2026-10-06 14:02:00+05:30,936.9500122070312,936.9500122070312,936.9500122070312,936.9500122070312,30
2026-10-06 14:03:00+05:30,936.7999877929688,936.9000244140625,936.7000122070312,936.9000244140625,109
2026-10-06 14:04:00+05:30,936.9000244140625,936.9000244140625,936.9000244140625,936.9000244140625,5
2026-10-06 14:05:00+05:30,936.9500122070312,937.3499755859375,936.9500122070312,937.3499755859375,10
2026-10-06 14:06:00+05:30,937.5499877929688,937.5499877929688,936.9000244140625,936.9000244140625,185
2026-10-06 14:07:00+05:30,937.0999755859375,937.6500244140625,937.0999755859375,937.0999755859375,73
2026-10-06 14:08:00+05:30,936.8499755859375,937.0999755859375,936.8499755859375,937.0999755859375,132
2026-10-06 14:09:00+05:30,937.0,937.0,937.0,937.0,2
2026-10-06 14:10:00+05:30,936.9000244140625,936.9000244140625,936.9000244140625,936.9000244140625,25
2026-10-06 14:11:00+05:30,936.9500122070312,937.0,936.8499755859375,936.8499755859375,21
2026-10-06 14:12:00+05:30,937.1500244140625,937.1500244140625,936.4000244140625,936.7000122070312,95
2026-10-06 14:13:00+05:30,938.0999755859375,938.0999755859375,937.1500244140625,937.1500244140625,2132
2026-10-06 14:14:00+05:30,937.0999755859375,937.0999755859375,937.0999755859375,937.0999755859375,174
2026-10-06 14:15:00+05:30,936.5499877929688,937.0999755859375,936.4000244140625,937.0999755859375,60
2026-10-06 14:16:00+05:30,936.5499877929688,936.5499877929688,936.5499877929688,936.5499877929688,222
2026-10-06 14:17:00+05:30,936.0999755859375,936.4000244140625,936.0999755859375,936.4000244140625,15
2026-10-06 14:18:00+05:30,935.9500122070312,936.0999755859375,935.5999755859375,936.0999755859375,72
2026-10-06 14:19:00+05:30,936.0,936.0499877929688,936.0,936.0499877929688,55
2026-10-06 14:20:00+05:30,935.7999877929688,935.7999877929688,935.7999877929688,935.7999877929688,5
2026-10-06 14:21:00+05:30,935.8499755859375,935.8499755859375,935.8499755859375,935.8499755859375,20
2026-10-06 14:22:00+05:30,936.25,936.25,936.0,936.0,214
2026-10-06 14:23:00+05:30,936.25,936.25,936.25,936.25,1
2026-10-06 14:24:00+05:30,936.25,936.25,936.0,936.0,6
2026-10-06 14:25:00+05:30,936.25,936.25,936.0,936.25,84
2026-10-06 14:26:00+05:30,936.4000244140625,936.4000244140625,936.4000244140625,936.4000244140625,50
2026-10-06 14:27:00+05:30,936.1500244140625,936.1500244140625,935.8499755859375,936.0,178
2026-10-06 14:28:00+05:30,935.5,935.9000244140625,935.5,935.75,22
2026-10-06 14:30:00+05:30,936.0,936.2000122070312,936.0,936.2000122070312,22
2026-10-06 14:31:00+05:30,936.0999755859375,936.2000122070312,936.0999755859375,936.2000122070312,65
2026-10-06 14:32:00+05:30,935.9000244140625,935.9000244140625,935.9000244140625,935.9000244140625,2
2026-10-06 14:33:00+05:30,935.5999755859375,935.9500122070312,935.5999755859375,935.9500122070312,12
2026-10-06 14:34:00+05:30,935.5999755859375,935.9500122070312,935.5999755859375,935.9500122070312,4
2026-10-06 14:35:00+05:30,935.9500122070312,935.9500122070312,935.5999755859375,935.5999755859375,30
2026-10-06 14:36:00+05:30,935.7999877929688,935.9500122070312,935.7999877929688,935.9500122070312,2
2026-10-06 14:37:00+05:30,935.5999755859375,935.9000244140625,935.5999755859375,935.5999755859375,155
2026-10-06 14:38:00+05:30,935.6500244140625,935.6500244140625,935.5999755859375,935.5999755859375,26
2026-10-06 14:39:00+05:30,935.9500122070312,935.9500122070312,935.6500244140625,935.6500244140625,1108
2026-10-06 14:40:00+05:30,935.7999877929688,935.7999877929688,935.7999877929688,935.7999877929688,74
2026-10-06 14:41:00+05:30,937.0499877929688,937.0499877929688,936.7000122070312,936.7000122070312,39
2026-10-06 14:42:00+05:30,937.4000244140625,937.4000244140625,937.1500244140625,937.2000122070312,289
2026-10-06 14:43:00+05:30,936.3499755859375,937.0,936.3499755859375,937.0,124
2026-10-06 14:45:00+05:30,936.9500122070312,936.9500122070312,936.7999877929688,936.7999877929688,393
2026-10-06 14:46:00+05:30,937.7000122070312,937.7999877929688,937.6500244140625,937.7999877929688,31
2026-10-06 14:47:00+05:30,937.6500244140625,937.75,937.3499755859375,937.75,70
2026-10-06 14:48:00+05:30,937.5499877929688,937.5499877929688,937.2000122070312,937.2000122070312,54
2026-10-06 14:49:00+05:30,937.5499877929688,937.5499877929688,937.5499877929688,937.5499877929688,1
2026-10-06 14:50:00+05:30,936.75,937.2999877929688,936.7000122070312,937.0,111
2026-10-06 14:51:00+05:30,936.7000122070312,937.3499755859375,936.7000122070312,937.3499755859375,28
2026-10-06 14:52:00+05:30,936.7000122070312,937.25,936.7000122070312,936.75,261
2026-10-06 14:53:00+05:30,936.9500122070312,937.0499877929688,936.6500244140625,936.75,92
2026-10-06 14:54:00+05:30,936.1500244140625,936.6500244140625,936.1500244140625,936.5,22
2026-10-06 14:55:00+05:30,936.4500122070312,936.5,936.1500244140625,936.2000122070312,59
2026-10-06 14:56:00+05:30,936.5,937.0,936.4500122070312,936.6500244140625,476
2026-10-06 14:57:00+05:30,936.0499877929688,936.9500122070312,936.0,936.9500122070312,150
2026-10-06 14:58:00+05:30,936.2000122070312,936.5499877929688,936.1500244140625,936.5499877929688,377
2026-10-06 14:59:00+05:30,936.25,937.2000122070312,936.25,936.5999755859375,461
2026-10-06 15:00:00+05:30,935.5499877929688,936.3499755859375,935.5499877929688,936.2999877929688,430
2026-10-06 15:01:00+05:30,935.9500122070312,936.4500122070312,935.7999877929688,935.7999877929688,420
2026-10-06 15:02:00+05:30,936.3499755859375,936.7999877929688,936.0,936.4500122070312,383
2026-10-06 15:03:00+05:30,936.0499877929688,936.5499877929688,936.0499877929688,936.3499755859375,38
2026-10-06 15:04:00+05:30,936.0,936.9000244140625,936.0,936.6500244140625,2871
2026-10-06 15:05:00+05:30,936.9000244140625,936.9000244140625,936.0999755859375,936.0999755859375,3456
2026-10-06 15:06:00+05:30,937.5999755859375,937.75,936.6500244140625,937.0,226
2026-10-06 15:07:00+05:30,937.1500244140625,937.5,937.1500244140625,937.5,207
2026-10-06 15:08:00+05:30,937.6500244140625,937.6500244140625,937.0499877929688,937.5,123
2026-10-06 15:09:00+05:30,937.5499877929688,937.75,937.3499755859375,937.6500244140625,695
2026-10-06 15:10:00+05:30,937.9000244140625,937.9000244140625,937.2000122070312,937.2000122070312,177
2026-10-06 15:11:00+05:30,937.9000244140625,937.9000244140625,937.2000122070312,937.9000244140625,84
2026-10-06 15:12:00+05:30,937.4500122070312,937.8499755859375,937.0,937.5,67
2026-10-06 15:13:00+05:30,938.0,938.0,937.4500122070312,937.4500122070312,172
2026-10-06 15:14:00+05:30,939.0,939.0,936.75,938.0,524
2026-10-06 15:28:00+05:30,939.9000244140625,939.9000244140625,939.9000244140625,939.9000244140625,214
2026-10-07 09:15:00+05:30,928.0,936.9500122070312,928.0,931.2000122070312,771
2026-10-07 09:16:00+05:30,924.9500122070312,928.25,924.9500122070312,928.0999755859375,1586
2026-10-07 09:17:00+05:30,924.25,925.3499755859375,923.5999755859375,924.5999755859375,11353
2026-10-07 09:18:00+05:30,926.2999877929688,926.2999877929688,923.75,924.4000244140625,2704
2026-10-07 09:19:00+05:30,926.4500122070312,927.2000122070312,926.4500122070312,927.0999755859375,1178
2026-10-07 09:20:00+05:30,927.2000122070312,928.5,926.75,926.7999877929688,2182
2026-10-07 09:21:00+05:30,927.25,927.25,925.75,926.7999877929688,263
2026-10-07 09:22:00+05:30,927.2000122070312,928.0999755859375,926.5999755859375,926.5999755859375,145
2026-10-07 09:23:00+05:30,926.0,927.5,926.0,927.25,1227
2026-10-07 09:24:00+05:30,927.2000122070312,927.2000122070312,925.9000244140625,925.9000244140625,850
2026-10-07 09:25:00+05:30,927.2000122070312,927.2000122070312,927.0999755859375,927.0999755859375,48
2026-10-07 09:26:00+05:30,927.25,927.5499877929688,927.2000122070312,927.5499877929688,50
2026-10-07 09:27:00+05:30,927.7999877929688,927.7999877929688,926.9000244140625,926.9000244140625,34
2026-10-07 09:28:00+05:30,927.0499877929688,927.9000244140625,927.0499877929688,927.6500244140625,334
2026-10-07 09:29:00+05:30,927.5499877929688,928.0999755859375,927.5499877929688,928.0999755859375,65
2026-10-07 09:30:00+05:30,926.4000244140625,927.9500122070312,926.3499755859375,927.5999755859375,2306
2026-10-07 09:31:00+05:30,926.75,926.9000244140625,925.5,926.9000244140625,579
2026-10-07 09:32:00+05:30,926.0999755859375,926.75,925.9000244140625,926.75,225
2026-10-07 09:33:00+05:30,925.0499877929688,925.5,925.0499877929688,925.5,57
2026-10-07 09:34:00+05:30,924.5499877929688,925.2999877929688,924.5499877929688,925.2999877929688,477
2026-10-07 09:35:00+05:30,923.5,924.5499877929688,923.5,924.5499877929688,225
2026-10-07 09:36:00+05:30,924.4500122070312,924.5499877929688,923.6500244140625,923.6500244140625,117
2026-10-07 09:37:00+05:30,924.0,924.0,923.9500122070312,924.0,5076
2026-10-07 09:38:00+05:30,924.5,924.8499755859375,924.5,924.5,54
2026-10-07 09:39:00+05:30,923.4000244140625,923.9000244140625,923.4000244140625,923.9000244140625,166
2026-10-07 09:40:00+05:30,924.7000122070312,924.7999877929688,923.25,923.25,292
2026-10-07 09:41:00+05:30,924.25,924.5499877929688,924.0999755859375,924.0999755859375,1133
2026-10-07 09:42:00+05:30,925.3499755859375,925.7000122070312,924.75,924.75,29
2026-10-07 09:43:00+05:30,925.7999877929688,925.7999877929688,925.7999877929688,925.7999877929688,40
2026-10-07 09:44:00+05:30,924.9000244140625,925.1500244140625,924.9000244140625,925.1500244140625,882
2026-10-07 09:45:00+05:30,924.3499755859375,924.9500122070312,924.25,924.9000244140625,220
2026-10-07 09:46:00+05:30,924.0,924.7000122070312,924.0,924.3499755859375,171
2026-10-07 09:47:00+05:30,924.0999755859375,924.0999755859375,923.5999755859375,923.5999755859375,106
2026-10-07 09:48:00+05:30,924.0499877929688,924.2000122070312,923.8499755859375,924.0999755859375,50
2026-10-07 09:49:00+05:30,922.7999877929688,923.6500244140625,922.3499755859375,923.5,1427
2026-10-07 09:50:00+05:30,923.4500122070312,923.4500122070312,922.5499877929688,922.5499877929688,581
2026-10-07 09:51:00+05:30,923.4500122070312,923.4500122070312,923.4500122070312,923.4500122070312,5
2026-10-07 09:52:00+05:30,924.1500244140625,924.1500244140625,923.4500122070312,923.5,270
2026-10-07 09:53:00+05:30,924.1500244140625,924.1500244140625,923.7000122070312,923.8499755859375,44
2026-10-07 09:54:00+05:30,922.2000122070312,924.0499877929688,922.2000122070312,924.0,280
2026-10-07 09:55:00+05:30,922.1500244140625,922.75,921.75,922.75,409
2026-10-07 09:56:00+05:30,919.9000244140625,921.1500244140625,919.9000244140625,921.0,2184
2026-10-07 09:57:00+05:30,920.8499755859375,920.8499755859375,919.9000244140625,920.0499877929688,2559
2026-10-07 09:58:00+05:30,919.7000122070312,919.7999877929688,919.6500244140625,919.6500244140625,730
2026-10-07 09:59:00+05:30,920.0499877929688,920.5499877929688,919.4500122070312,919.4500122070312,84
2026-10-07 10:00:00+05:30,920.5,920.9000244140625,920.0,920.9000244140625,87
2026-10-07 10:01:00+05:30,920.75,920.75,919.8499755859375,920.4500122070312,415
2026-10-07 10:02:00+05:30,919.8499755859375,920.0999755859375,919.8499755859375,920.0999755859375,50
2026-10-07 10:03:00+05:30,920.0,920.1500244140625,919.4000244140625,919.4000244140625,91
2026-10-07 10:04:00+05:30,920.2999877929688,920.75,920.2999877929688,920.75,128
2026-10-07 10:05:00+05:30,920.5,920.9000244140625,920.3499755859375,920.3499755859375,21
2026-10-07 10:06:00+05:30,921.3499755859375,921.4000244140625,920.7000122070312,920.7000122070312,65
2026-10-07 10:07:00+05:30,920.2000122070312,920.2000122070312,920.2000122070312,920.2000122070312,70
2026-10-07 10:08:00+05:30,920.2000122070312,920.9500122070312,920.2000122070312,920.9500122070312,75
2026-10-07 10:09:00+05:30,919.8499755859375,920.0,919.8499755859375,920.0,15
2026-10-07 10:10:00+05:30,920.3499755859375,920.3499755859375,919.8499755859375,919.8499755859375,115
2026-10-07 10:11:00+05:30,919.9000244140625,919.9000244140625,919.8499755859375,919.8499755859375,181
2026-10-07 10:12:00+05:30,920.0,920.0,920.0,920.0,101
2026-10-07 10:13:00+05:30,921.0999755859375,921.75,921.0,921.3499755859375,738
2026-10-07 10:14:00+05:30,920.75,920.75,920.75,920.75,926
2026-10-07 10:15:00+05:30,923.0,923.0,921.7999877929688,922.3499755859375,81
2026-10-07 10:16:00+05:30,923.7000122070312,924.4500122070312,922.9500122070312,922.9500122070312,239
2026-10-07 10:17:00+05:30,924.0,924.0,923.4000244140625,923.4000244140625,1205
2026-10-07 10:18:00+05:30,924.0,924.5,924.0,924.0,1122
2026-10-07 10:19:00+05:30,923.9500122070312,925.2000122070312,923.9500122070312,925.0,1662
2026-10-07 10:20:00+05:30,924.5999755859375,924.5999755859375,924.0,924.0,6
2026-10-07 10:21:00+05:30,924.5999755859375,924.5999755859375,924.1500244140625,924.5999755859375,115
2026-10-07 10:22:00+05:30,924.3499755859375,924.3499755859375,923.9500122070312,924.25,16
2026-10-07 10:23:00+05:30,923.5,923.5,922.7000122070312,923.4000244140625,127
2026-10-07 10:24:00+05:30,923.9000244140625,924.0499877929688,923.5999755859375,924.0499877929688,311
2026-10-07 10:27:00+05:30,923.9000244140625,923.9000244140625,923.9000244140625,923.9000244140625,50
2026-10-07 10:28:00+05:30,922.7000122070312,923.3499755859375,922.7000122070312,923.2000122070312,107
2026-10-07 10:29:00+05:30,922.5999755859375,923.1500244140625,922.25,923.1500244140625,1053
2026-10-07 10:30:00+05:30,922.0,923.1500244140625,922.0,923.1500244140625,117
2026-10-07 10:31:00+05:30,921.9500122070312,921.9500122070312,921.4000244140625,921.4000244140625,51
2026-10-07 10:32:00+05:30,921.9000244140625,921.9000244140625,921.0,921.0,117
2026-10-07 10:33:00+05:30,921.0,921.5,921.0,921.5,117
2026-10-07 10:34:00+05:30,919.3499755859375,920.5,919.3499755859375,920.5,625
2026-10-07 10:35:00+05:30,917.75,920.75,917.75,919.2000122070312,912
2026-10-07 10:36:00+05:30,918.7000122070312,918.9500122070312,917.75,917.75,89
2026-10-07 10:38:00+05:30,919.7000122070312,919.7000122070312,919.4500122070312,919.4500122070312,47
2026-10-07 10:39:00+05:30,920.0499877929688,920.2000122070312,920.0,920.2000122070312,161
2026-10-07 10:40:00+05:30,919.4500122070312,920.0499877929688,919.4500122070312,920.0499877929688,5
2026-10-07 10:41:00+05:30,919.9000244140625,919.9000244140625,919.1500244140625,919.1500244140625,2
2026-10-07 10:43:00+05:30,920.5499877929688,920.5499877929688,920.5499877929688,920.5499877929688,1
2026-10-07 10:44:00+05:30,919.8499755859375,920.6500244140625,919.8499755859375,920.6500244140625,13
2026-10-07 10:45:00+05:30,920.0999755859375,920.5999755859375,920.0999755859375,920.5999755859375,60
2026-10-07 10:46:00+05:30,920.5,920.5999755859375,919.75,920.5999755859375,206
2026-10-07 10:49:00+05:30,920.5,920.5,920.5,920.5,2
2026-10-07 10:50:00+05:30,919.8499755859375,919.8499755859375,919.8499755859375,919.8499755859375,8
2026-10-07 10:51:00+05:30,920.5,920.5,920.5,920.5,3
2026-10-07 10:52:00+05:30,919.9500122070312,919.9500122070312,919.9500122070312,919.9500122070312,10
2026-10-07 10:53:00+05:30,920.5499877929688,920.5499877929688,920.5499877929688,920.5499877929688,19
2026-10-07 10:54:00+05:30,921.4000244140625,921.4000244140625,920.5999755859375,920.5999755859375,258
2026-10-07 10:55:00+05:30,920.2999877929688,920.2999877929688,920.2999877929688,920.2999877929688,1
2026-10-07 10:56:00+05:30,921.0499877929688,921.0499877929688,921.0499877929688,921.0499877929688,55
2026-10-07 10:57:00+05:30,921.0499877929688,921.0499877929688,921.0499877929688,921.0499877929688,50
2026-10-07 10:58:00+05:30,921.0,921.0,921.0,921.0,3
2026-10-07 10:59:00+05:30,921.0,921.4500122070312,921.0,921.4500122070312,92
2026-10-07 11:00:00+05:30,921.5499877929688,922.0,921.25,922.0,79
2026-10-07 11:02:00+05:30,920.75,921.3499755859375,920.75,921.3499755859375,310
2026-10-07 11:03:00+05:30,921.3499755859375,921.3499755859375,921.3499755859375,921.3499755859375,7
2026-10-07 11:04:00+05:30,921.0499877929688,921.0499877929688,921.0,921.0,7
2026-10-07 11:05:00+05:30,920.3499755859375,920.3499755859375,920.3499755859375,920.3499755859375,25
2026-10-07 11:06:00+05:30,921.5999755859375,921.6500244140625,921.5999755859375,921.6500244140625,55
2026-10-07 11:07:00+05:30,921.6500244140625,921.6500244140625,921.3499755859375,921.3499755859375,34
2026-10-07 11:08:00+05:30,921.4000244140625,921.7999877929688,921.4000244140625,921.7999877929688,20
2026-10-07 11:09:00+05:30,921.5,921.5,921.5,921.5,10
2026-10-07 11:10:00+05:30,921.7000122070312,921.7000122070312,921.2000122070312,921.5,45
2026-10-07 11:11:00+05:30,921.25,921.25,921.25,921.25,32
2026-10-07 11:12:00+05:30,921.25,921.25,920.9500122070312,920.9500122070312,36
2026-10-07 11:13:00+05:30,921.1500244140625,921.1500244140625,921.1500244140625,921.1500244140625,15
2026-10-07 11:14:00+05:30,921.0999755859375,921.0999755859375,920.2000122070312,920.2000122070312,2
2026-10-07 11:15:00+05:30,920.5,920.5499877929688,920.2000122070312,920.5499877929688,9
2026-10-07 11:17:00+05:30,920.6500244140625,920.6500244140625,920.6500244140625,920.6500244140625,6
2026-10-07 11:19:00+05:30,920.0999755859375,920.0999755859375,920.0999755859375,920.0999755859375,85
2026-10-07 11:20:00+05:30,919.9500122070312,920.0,919.25,920.0,83
2026-10-07 11:21:00+05:30,920.7000122070312,920.7999877929688,919.9500122070312,919.9500122070312,26
2026-10-07 11:22:00+05:30,920.4000244140625,920.4000244140625,919.6500244140625,919.7000122070312,75
2026-10-07 11:23:00+05:30,920.4000244140625,920.4000244140625,920.4000244140625,920.4000244140625,50
2026-10-07 11:24:00+05:30,920.4000244140625,920.4000244140625,920.4000244140625,920.4000244140625,2
2026-10-07 11:25:00+05:30,920.4500122070312,920.4500122070312,919.6500244140625,919.6500244140625,6
2026-10-07 11:28:00+05:30,920.25,920.25,919.5999755859375,919.5999755859375,35
2026-10-07 11:29:00+05:30,919.75,919.75,919.4500122070312,919.4500122070312,61
2026-10-07 11:30:00+05:30,919.0,919.0,919.0,919.0,202
2026-10-07 11:31:00+05:30,918.5,919.0,918.5,919.0,47
2026-10-07 11:32:00+05:30,918.6500244140625,918.6500244140625,918.0499877929688,918.0499877929688,302
2026-10-07 11:33:00+05:30,918.0499877929688,918.0499877929688,918.0499877929688,918.0499877929688,2
2026-10-07 11:35:00+05:30,919.4000244140625,919.4000244140625,919.4000244140625,919.4000244140625,22
2026-10-07 11:36:00+05:30,919.25,919.5,919.25,919.5,34
2026-10-07 11:37:00+05:30,919.5,920.2999877929688,919.5,920.2999877929688,80
2026-10-07 11:38:00+05:30,920.0,920.0,920.0,920.0,200
2026-10-07 11:39:00+05:30,919.9500122070312,919.9500122070312,919.9500122070312,919.9500122070312,1
2026-10-07 11:40:00+05:30,920.0499877929688,920.0499877929688,920.0499877929688,920.0499877929688,11
2026-10-07 11:41:00+05:30,920.0999755859375,920.0999755859375,920.0499877929688,920.0499877929688,7
2026-10-07 11:42:00+05:30,919.2999877929688,919.2999877929688,919.2999877929688,919.2999877929688,1
2026-10-07 11:43:00+05:30,918.6500244140625,918.6500244140625,918.6500244140625,918.6500244140625,83
2026-10-07 11:45:00+05:30,918.8499755859375,918.8499755859375,918.3499755859375,918.6500244140625,41
2026-10-07 11:46:00+05:30,919.0,919.0,918.8499755859375,918.8499755859375,11
2026-10-07 11:47:00+05:30,919.0,919.0,919.0,919.0,1
2026-10-07 11:50:00+05:30,917.5,918.4000244140625,917.5,918.4000244140625,303
2026-10-07 11:51:00+05:30,917.9000244140625,917.9000244140625,917.9000244140625,917.9000244140625,200
2026-10-07 11:52:00+05:30,918.0,918.0,917.2999877929688,917.2999877929688,23
2026-10-07 11:55:00+05:30,918.9500122070312,918.9500122070312,918.9500122070312,918.9500122070312,250
2026-10-07 11:56:00+05:30,918.6500244140625,918.6500244140625,918.6500244140625,918.6500244140625,20
2026-10-07 11:57:00+05:30,917.9500122070312,917.9500122070312,917.9500122070312,917.9500122070312,68
2026-10-07 11:58:00+05:30,918.6500244140625,918.6500244140625,918.6500244140625,918.6500244140625,20
2026-10-07 11:59:00+05:30,918.7999877929688,918.7999877929688,918.7999877929688,918.7999877929688,2
2026-10-07 12:00:00+05:30,918.2000122070312,918.2000122070312,918.2000122070312,918.2000122070312,10
2026-10-07 12:01:00+05:30,918.2000122070312,918.2000122070312,918.0,918.0,41
2026-10-07 12:02:00+05:30,918.75,918.75,918.4500122070312,918.4500122070312,11
2026-10-07 12:04:00+05:30,918.75,918.75,918.7000122070312,918.7000122070312,22
2026-10-07 12:05:00+05:30,919.0,919.1500244140625,919.0,919.1500244140625,13
2026-10-07 12:06:00+05:30,918.75,918.75,918.75,918.75,3
2026-10-07 12:07:00+05:30,919.3499755859375,919.3499755859375,918.5,918.5,52
2026-10-07 12:09:00+05:30,919.6500244140625,919.6500244140625,919.6500244140625,919.6500244140625,92
2026-10-07 12:10:00+05:30,919.5,920.6500244140625,919.5,920.5999755859375,323
2026-10-07 12:11:00+05:30,920.4000244140625,920.4000244140625,920.4000244140625,920.4000244140625,2
2026-10-07 12:12:00+05:30,920.0,920.0,919.3499755859375,920.0,1329
2026-10-07 12:13:00+05:30,920.0,920.0,920.0,920.0,50
2026-10-07 12:14:00+05:30,920.0,920.0,920.0,920.0,100
2026-10-07 12:17:00+05:30,920.5,921.0499877929688,920.5,921.0,30
2026-10-07 12:18:00+05:30,920.0,920.0,920.0,920.0,130
2026-10-07 12:19:00+05:30,919.9500122070312,920.0499877929688,919.5499877929688,920.0,494
2026-10-07 12:20:00+05:30,920.4000244140625,920.4000244140625,919.6500244140625,919.6500244140625,34
2026-10-07 12:21:00+05:30,920.0,920.0,920.0,920.0,1
2026-10-07 12:22:00+05:30,920.0,920.0,920.0,920.0,2
2026-10-07 12:23:00+05:30,918.9500122070312,919.6500244140625,918.0,919.6500244140625,1088
2026-10-07 12:24:00+05:30,918.5,920.2000122070312,918.5,920.2000122070312,209
2026-10-07 12:25:00+05:30,918.5,918.5,918.5,918.5,262
2026-10-07 12:26:00+05:30,917.8499755859375,919.0,917.75,918.5,217
2026-10-07 12:27:00+05:30,918.25,918.25,917.5,917.5499877929688,217
2026-10-07 12:28:00+05:30,917.1500244140625,917.1500244140625,917.1500244140625,917.1500244140625,200
2026-10-07 12:29:00+05:30,918.0499877929688,918.0499877929688,918.0499877929688,918.0499877929688,9
2026-10-07 12:30:00+05:30,917.9000244140625,917.9000244140625,917.9000244140625,917.9000244140625,1
2026-10-07 12:32:00+05:30,918.75,918.9000244140625,918.3499755859375,918.3499755859375,539
2026-10-07 12:33:00+05:30,919.4000244140625,919.4000244140625,919.0499877929688,919.4000244140625,3655
2026-10-07 12:34:00+05:30,919.4500122070312,919.9000244140625,919.2000122070312,919.2000122070312,653
2026-10-07 12:40:00+05:30,919.0499877929688,919.0499877929688,919.0,919.0,33
2026-10-07 12:41:00+05:30,919.0499877929688,919.0499877929688,919.0499877929688,919.0499877929688,2
2026-10-07 12:42:00+05:30,919.4500122070312,919.4500122070312,919.4500122070312,919.4500122070312,20
2026-10-07 12:43:00+05:30,919.4000244140625,919.9000244140625,919.4000244140625,919.9000244140625,27
2026-10-07 12:44:00+05:30,919.0,919.9000244140625,919.0,919.9000244140625,576
2026-10-07 12:45:00+05:30,919.25,919.25,919.25,919.25,5
2026-10-07 12:46:00+05:30,918.8499755859375,918.8499755859375,918.0,918.2000122070312,19
2026-10-07 12:47:00+05:30,918.1500244140625,918.7999877929688,918.1500244140625,918.7999877929688,12
2026-10-07 12:48:00+05:30,917.9000244140625,917.9000244140625,917.9000244140625,917.9000244140625,23
2026-10-07 12:49:00+05:30,918.1500244140625,918.1500244140625,918.1500244140625,918.1500244140625,1
2026-10-07 12:50:00+05:30,917.7999877929688,917.7999877929688,917.7999877929688,917.7999877929688,1
2026-10-07 12:51:00+05:30,917.5,917.5,917.5,917.5,3
2026-10-07 12:52:00+05:30,918.3499755859375,918.3499755859375,917.7999877929688,917.7999877929688,33
2026-10-07 12:54:00+05:30,919.5,920.0999755859375,919.5,920.0999755859375,90
2026-10-07 12:55:00+05:30,920.0,920.0,920.0,920.0,85
2026-10-07 12:56:00+05:30,919.9500122070312,919.9500122070312,919.9500122070312,919.9500122070312,64
2026-10-07 12:58:00+05:30,919.75,919.75,919.75,919.75,22
2026-10-07 12:59:00+05:30,919.0,919.0,919.0,919.0,10
2026-10-07 13:00:00+05:30,919.75,919.75,919.4500122070312,919.4500122070312,5066
2026-10-07 13:01:00+05:30,919.8499755859375,920.0,919.0999755859375,919.5,327
2026-10-07 13:03:00+05:30,921.0,921.0,920.2999877929688,920.2999877929688,285
2026-10-07 13:04:00+05:30,921.5999755859375,921.5999755859375,921.0499877929688,921.0499877929688,21
2026-10-07 13:06:00+05:30,919.0499877929688,920.25,919.0499877929688,920.25,87
2026-10-07 13:08:00+05:30,918.9000244140625,919.9500122070312,918.9000244140625,919.0,1517
2026-10-07 13:09:00+05:30,918.0,918.0,918.0,918.0,13
2026-10-07 13:10:00+05:30,917.75,917.75,917.75,917.75,2
2026-10-07 13:11:00+05:30,918.0,918.7000122070312,917.2999877929688,917.2999877929688,132
2026-10-07 13:12:00+05:30,917.75,918.1500244140625,917.4500122070312,918.0,173
2026-10-07 13:13:00+05:30,918.0499877929688,918.0499877929688,918.0499877929688,918.0499877929688,28
2026-10-07 13:15:00+05:30,917.4500122070312,917.4500122070312,917.4500122070312,917.4500122070312,51
2026-10-07 13:16:00+05:30,918.2000122070312,918.2000122070312,918.2000122070312,918.2000122070312,30
2026-10-07 13:17:00+05:30,918.5999755859375,918.5999755859375,918.5999755859375,918.5999755859375,174
2026-10-07 13:18:00+05:30,919.0,919.0,919.0,919.0,1
2026-10-07 13:19:00+05:30,918.25,918.25,918.25,918.25,2
2026-10-07 13:21:00+05:30,918.2000122070312,918.5999755859375,917.9500122070312,918.0,1644
2026-10-07 13:22:00+05:30,919.0499877929688,919.0499877929688,919.0499877929688,919.0499877929688,5
2026-10-07 13:23:00+05:30,918.6500244140625,918.6500244140625,918.6500244140625,918.6500244140625,1
2026-10-07 13:24:00+05:30,919.0999755859375,919.2000122070312,918.6500244140625,918.7000122070312,1351
2026-10-07 13:25:00+05:30,918.75,918.75,918.75,918.75,5
2026-10-07 13:26:00+05:30,918.7000122070312,918.7000122070312,918.2000122070312,918.2000122070312,31
2026-10-07 13:27:00+05:30,918.2000122070312,918.7999877929688,918.2000122070312,918.5,175
2026-10-07 13:28:00+05:30,918.4000244140625,918.4000244140625,918.4000244140625,918.4000244140625,1
2026-10-07 13:30:00+05:30,917.4000244140625,917.9500122070312,917.4000244140625,917.9500122070312,60
2026-10-07 13:32:00+05:30,917.5999755859375,917.5999755859375,917.4000244140625,917.4000244140625,34
2026-10-07 13:33:00+05:30,917.4000244140625,917.4000244140625,917.4000244140625,917.4000244140625,4
2026-10-07 13:35:00+05:30,917.4500122070312,917.7999877929688,917.4500122070312,917.7999877929688,232
2026-10-07 13:36:00+05:30,918.0499877929688,918.0499877929688,918.0499877929688,918.0499877929688,5
2026-10-07 13:39:00+05:30,917.7999877929688,917.7999877929688,917.7999877929688,917.7999877929688,100
2026-10-07 13:40:00+05:30,917.7999877929688,917.7999877929688,917.7999877929688,917.7999877929688,3
2026-10-07 13:43:00+05:30,917.3499755859375,917.3499755859375,917.25,917.25,41
2026-10-07 13:44:00+05:30,917.75,917.75,917.2000122070312,917.3499755859375,203
2026-10-07 13:45:00+05:30,917.4000244140625,917.5,916.75,917.5,290
2026-10-07 13:46:00+05:30,917.0,917.0,917.0,917.0,5
2026-10-07 13:47:00+05:30,917.3499755859375,917.3499755859375,917.25,917.25,4
2026-10-07 13:48:00+05:30,917.3499755859375,917.3499755859375,917.3499755859375,917.3499755859375,6
2026-10-07 13:50:00+05:30,917.9500122070312,917.9500122070312,917.3499755859375,917.3499755859375,31
2026-10-07 13:51:00+05:30,917.7000122070312,918.2000122070312,917.7000122070312,918.2000122070312,5
2026-10-07 13:53:00+05:30,917.4000244140625,917.7000122070312,917.4000244140625,917.7000122070312,137
2026-10-07 13:55:00+05:30,917.1500244140625,917.3499755859375,917.1500244140625,917.3499755859375,489
2026-10-07 13:57:00+05:30,916.5499877929688,916.9000244140625,916.5499877929688,916.9000244140625,49
2026-10-07 13:58:00+05:30,917.5999755859375,917.5999755859375,916.7000122070312,916.7000122070312,25
2026-10-07 13:59:00+05:30,916.6500244140625,916.7999877929688,916.6500244140625,916.7999877929688,6
2026-10-07 14:00:00+05:30,916.6500244140625,916.9500122070312,916.6500244140625,916.9500122070312,7
2026-10-07 14:01:00+05:30,917.0,917.0,916.6500244140625,916.6500244140625,26
2026-10-07 14:02:00+05:30,917.9500122070312,917.9500122070312,917.7000122070312,917.7000122070312,6
2026-10-07 14:03:00+05:30,917.3499755859375,917.5,917.3499755859375,917.5,145
2026-10-07 14:05:00+05:30,918.5,918.5,918.0,918.0,2366
2026-10-07 14:06:00+05:30,918.0,918.0,918.0,918.0,10
2026-10-07 14:07:00+05:30,918.5,918.5,918.5,918.5,73
2026-10-07 14:09:00+05:30,918.5999755859375,918.5999755859375,918.5999755859375,918.5999755859375,3
2026-10-07 14:10:00+05:30,918.5499877929688,918.5499877929688,918.0499877929688,918.1500244140625,149
2026-10-07 14:11:00+05:30,918.75,918.75,918.75,918.75,4
2026-10-07 14:12:00+05:30,918.25,918.25,918.25,918.25,129
2026-10-07 14:13:00+05:30,918.7000122070312,918.7000122070312,918.7000122070312,918.7000122070312,24
2026-10-07 14:15:00+05:30,919.5999755859375,919.5999755859375,918.2000122070312,918.2000122070312,10
2026-10-07 14:16:00+05:30,919.6500244140625,919.6500244140625,919.0999755859375,919.0999755859375,32
2026-10-07 14:17:00+05:30,918.7000122070312,919.5,918.6500244140625,918.6500244140625,67
2026-10-07 14:18:00+05:30,919.25,919.6500244140625,919.0,919.0,598
2026-10-07 14:19:00+05:30,919.25,919.75,919.25,919.25,132
2026-10-07 14:20:00+05:30,920.5499877929688,920.5499877929688,919.4500122070312,919.4500122070312,466
2026-10-07 14:21:00+05:30,918.9000244140625,920.5,918.9000244140625,919.7000122070312,584
2026-10-07 14:22:00+05:30,918.5,918.5,918.5,918.5,71
2026-10-07 14:23:00+05:30,918.4500122070312,918.4500122070312,918.4500122070312,918.4500122070312,1
2026-10-07 14:24:00+05:30,919.4500122070312,919.4500122070312,919.2999877929688,919.2999877929688,74
2026-10-07 14:26:00+05:30,919.0499877929688,919.0499877929688,919.0499877929688,919.0499877929688,500
2026-10-07 14:27:00+05:30,919.4500122070312,919.4500122070312,919.4500122070312,919.4500122070312,10
2026-10-07 14:28:00+05:30,919.7999877929688,919.7999877929688,919.2999877929688,919.4500122070312,156
2026-10-07 14:29:00+05:30,920.2999877929688,920.2999877929688,919.7999877929688,919.7999877929688,125
2026-10-07 14:30:00+05:30,920.0,920.0,920.0,920.0,500
2026-10-07 14:31:00+05:30,919.6500244140625,919.6500244140625,919.0999755859375,919.25,15
2026-10-07 14:32:00+05:30,919.0499877929688,919.0499877929688,919.0499877929688,919.0499877929688,10
2026-10-07 14:33:00+05:30,919.0,919.0499877929688,919.0,919.0499877929688,114
2026-10-07 14:34:00+05:30,918.25,919.0,918.25,918.7000122070312,124
2026-10-07 14:35:00+05:30,918.0,918.0,918.0,918.0,13
2026-10-07 14:36:00+05:30,917.2000122070312,917.5499877929688,917.2000122070312,917.4500122070312,54
2026-10-07 14:37:00+05:30,916.5,917.5999755859375,916.5,917.5999755859375,50
2026-10-07 14:38:00+05:30,916.5,917.1500244140625,916.5,917.1500244140625,255
2026-10-07 14:39:00+05:30,916.3499755859375,916.3499755859375,916.3499755859375,916.3499755859375,50
2026-10-07 14:40:00+05:30,916.2999877929688,917.4000244140625,916.25,917.0,937
2026-10-07 14:41:00+05:30,917.2999877929688,917.2999877929688,917.2999877929688,917.2999877929688,292
2026-10-07 14:42:00+05:30,917.8499755859375,917.8499755859375,917.8499755859375,917.8499755859375,1
2026-10-07 14:43:00+05:30,917.2000122070312,917.7000122070312,917.2000122070312,917.7000122070312,41
2026-10-07 14:44:00+05:30,917.7000122070312,917.7000122070312,917.7000122070312,917.7000122070312,20
2026-10-07 14:45:00+05:30,917.4000244140625,917.4000244140625,917.4000244140625,917.4000244140625,5
2026-10-07 14:46:00+05:30,917.7999877929688,917.7999877929688,917.7999877929688,917.7999877929688,5
2026-10-07 14:47:00+05:30,916.5,917.4000244140625,916.5,917.4000244140625,57
2026-10-07 14:48:00+05:30,916.3499755859375,916.3499755859375,916.3499755859375,916.3499755859375,2
2026-10-07 14:49:00+05:30,917.2000122070312,917.2000122070312,917.2000122070312,917.2000122070312,5
2026-10-07 14:50:00+05:30,916.7000122070312,916.7000122070312,916.7000122070312,916.7000122070312,38
2026-10-07 14:51:00+05:30,916.7000122070312,916.7000122070312,916.7000122070312,916.7000122070312,21
2026-10-07 14:52:00+05:30,916.5999755859375,916.5999755859375,916.5999755859375,916.5999755859375,50
2026-10-07 14:53:00+05:30,916.2999877929688,916.2999877929688,916.2999877929688,916.2999877929688,12
2026-10-07 14:54:00+05:30,917.0999755859375,917.0999755859375,917.0,917.0,55
2026-10-07 14:55:00+05:30,917.5499877929688,917.5999755859375,917.5499877929688,917.5999755859375,13
2026-10-07 14:56:00+05:30,917.0499877929688,917.0499877929688,917.0499877929688,917.0499877929688,1
2026-10-07 14:57:00+05:30,917.5999755859375,917.5999755859375,916.9000244140625,917.5499877929688,51
2026-10-07 14:58:00+05:30,917.4500122070312,917.4500122070312,917.4500122070312,917.4500122070312,5
2026-10-07 14:59:00+05:30,917.1500244140625,917.75,917.1500244140625,917.75,46
2026-10-07 15:00:00+05:30,917.5999755859375,917.5999755859375,917.5499877929688,917.5499877929688,16
2026-10-07 15:01:00+05:30,917.5,917.8499755859375,917.5,917.8499755859375,58
2026-10-07 15:02:00+05:30,917.5,917.7999877929688,917.5,917.5,17
2026-10-07 15:03:00+05:30,917.4000244140625,918.2000122070312,917.4000244140625,917.7000122070312,1616
2026-10-07 15:04:00+05:30,918.2000122070312,918.2000122070312,918.2000122070312,918.2000122070312,5
2026-10-07 15:05:00+05:30,917.4000244140625,918.2000122070312,917.4000244140625,918.0,611
2026-10-07 15:06:00+05:30,916.25,917.1500244140625,916.25,917.1500244140625,438
2026-10-07 15:07:00+05:30,916.5499877929688,916.5499877929688,916.2000122070312,916.2000122070312,163
2026-10-07 15:08:00+05:30,916.6500244140625,916.6500244140625,916.0499877929688,916.2000122070312,53
2026-10-07 15:09:00+05:30,915.5,916.75,915.5,916.75,642
2026-10-07 15:10:00+05:30,916.5,916.5,915.5999755859375,915.5999755859375,32
2026-10-07 15:11:00+05:30,916.0,916.5,916.0,916.5,313
2026-10-07 15:12:00+05:30,915.0999755859375,915.9000244140625,915.0499877929688,915.5499877929688,485
2026-10-07 15:13:00+05:30,915.0,915.4000244140625,915.0,915.0999755859375,368
2026-10-07 15:14:00+05:30,915.0,915.25,915.0,915.0,470
2026-10-07 15:29:00+05:30,912.0,912.0,912.0,912.0,483
2026-10-08 09:15:00+05:30,906.5499877929688,910.3499755859375,905.0,908.7999877929688,5877
2026-10-08 09:16:00+05:30,910.0,910.0,905.7999877929688,907.25,3878
2026-10-08 09:17:00+05:30,905.75,910.6500244140625,905.75,910.6500244140625,15579
2026-10-08 09:18:00+05:30,905.7000122070312,906.2999877929688,904.9000244140625,906.0,5280
2026-10-08 09:19:00+05:30,906.25,906.7999877929688,905.7000122070312,905.7000122070312,1196
2026-10-08 09:20:00+05:30,904.2000122070312,906.5,904.2000122070312,906.5,406
2026-10-08 09:21:00+05:30,905.5499877929688,905.5499877929688,904.2000122070312,904.75,2268
2026-10-08 09:22:00+05:30,903.5999755859375,905.25,903.25,905.25,1536
2026-10-08 09:23:00+05:30,904.5999755859375,904.8499755859375,903.8499755859375,904.2000122070312,493
2026-10-08 09:24:00+05:30,902.7999877929688,904.4500122070312,902.0,904.4500122070312,1736
2026-10-08 09:25:00+05:30,903.5499877929688,904.0999755859375,902.5999755859375,902.5999755859375,270
2026-10-08 09:26:00+05:30,903.3499755859375,903.5999755859375,902.5999755859375,903.5,406
2026-10-08 09:27:00+05:30,902.75,904.0,902.5999755859375,902.5999755859375,4583
2026-10-08 09:28:00+05:30,903.9500122070312,904.4000244140625,902.9000244140625,902.9000244140625,705
2026-10-08 09:29:00+05:30,906.2999877929688,906.2999877929688,903.5999755859375,904.4000244140625,2969
2026-10-08 09:30:00+05:30,907.0499877929688,908.4000244140625,906.5,906.5499877929688,346
2026-10-08 09:31:00+05:30,906.6500244140625,908.5499877929688,906.6500244140625,906.7000122070312,139
2026-10-08 09:32:00+05:30,905.9000244140625,907.0999755859375,905.7999877929688,907.0999755859375,701
2026-10-08 09:33:00+05:30,906.6500244140625,907.0999755859375,906.6500244140625,906.7999877929688,31
2026-10-08 09:34:00+05:30,907.2000122070312,907.2000122070312,905.5,905.8499755859375,692
2026-10-08 09:35:00+05:30,905.6500244140625,907.0,905.25,906.1500244140625,905
2026-10-08 09:36:00+05:30,906.4500122070312,906.6500244140625,905.9500122070312,906.0,293
2026-10-08 09:37:00+05:30,906.25,906.4500122070312,905.5499877929688,906.4500122070312,90
2026-10-08 09:38:00+05:30,905.5999755859375,906.4000244140625,904.8499755859375,906.0,1549
2026-10-08 09:39:00+05:30,905.0,905.5,904.2000122070312,905.0499877929688,4188
2026-10-08 09:40:00+05:30,905.0,905.0,904.4000244140625,904.7999877929688,225
2026-10-08 09:41:00+05:30,904.0499877929688,904.5499877929688,903.9000244140625,904.0999755859375,698
2026-10-08 09:42:00+05:30,903.8499755859375,904.4000244140625,903.25,904.0499877929688,193
2026-10-08 09:43:00+05:30,904.0999755859375,904.5,903.4500122070312,904.5,414
2026-10-08 09:44:00+05:30,903.4000244140625,904.0499877929688,902.7000122070312,904.0499877929688,180
2026-10-08 09:45:00+05:30,901.5,903.5999755859375,901.5,903.5999755859375,1493
2026-10-08 09:46:00+05:30,901.75,902.0,901.2999877929688,901.2999877929688,178
2026-10-08 09:47:00+05:30,901.2000122070312,901.4000244140625,900.4500122070312,901.4000244140625,729
2026-10-08 09:48:00+05:30,900.5999755859375,901.0499877929688,900.25,901.0499877929688,1164
2026-10-08 09:49:00+05:30,902.0,902.0,901.0499877929688,901.2000122070312,239
2026-10-08 09:50:00+05:30,901.7999877929688,902.3499755859375,901.7999877929688,902.0,2923
2026-10-08 09:51:00+05:30,902.75,902.75,902.0,902.0,141
2026-10-08 09:52:00+05:30,902.5,903.0,902.5,902.8499755859375,73
2026-10-08 09:53:00+05:30,902.2000122070312,902.25,900.7999877929688,902.25,2219
2026-10-08 09:54:00+05:30,901.75,902.3499755859375,901.5999755859375,902.0,281
2026-10-08 09:55:00+05:30,901.9000244140625,902.0,901.4500122070312,901.4500122070312,86
2026-10-08 09:56:00+05:30,901.0,901.8499755859375,901.0,901.75,176
2026-10-08 09:57:00+05:30,901.9500122070312,902.9000244140625,901.0999755859375,901.4500122070312,5076
2026-10-08 09:58:00+05:30,903.5499877929688,904.25,901.6500244140625,902.7999877929688,5945
2026-10-08 09:59:00+05:30,903.9500122070312,903.9500122070312,903.0999755859375,903.0999755859375,288
2026-10-08 10:00:00+05:30,903.9000244140625,903.9000244140625,903.4000244140625,903.5,221
2026-10-08 10:01:00+05:30,903.5999755859375,904.0,902.9500122070312,904.0,72
2026-10-08 10:02:00+05:30,903.4000244140625,903.8499755859375,902.7999877929688,903.5,889
2026-10-08 10:03:00+05:30,903.2000122070312,903.4000244140625,902.5,902.5,139
2026-10-08 10:04:00+05:30,903.0,903.0,902.0499877929688,902.9000244140625,284
2026-10-08 10:05:00+05:30,902.6500244140625,902.75,902.3499755859375,902.75,28
2026-10-08 10:06:00+05:30,903.2000122070312,903.2000122070312,901.9000244140625,902.6500244140625,270
2026-10-08 10:07:00+05:30,903.2000122070312,903.2000122070312,903.0999755859375,903.1500244140625,236
2026-10-08 10:08:00+05:30,902.5499877929688,902.8499755859375,902.0,902.8499755859375,78
2026-10-08 10:09:00+05:30,901.5,902.5499877929688,901.5,902.5499877929688,319
2026-10-08 10:10:00+05:30,901.9500122070312,902.0,901.5,901.5,30
2026-10-08 10:11:00+05:30,901.5499877929688,902.1500244140625,901.5499877929688,901.75,242
2026-10-08 10:12:00+05:30,901.7000122070312,902.5499877929688,901.5,902.2999877929688,335
2026-10-08 10:13:00+05:30,902.7000122070312,903.0499877929688,902.7000122070312,903.0499877929688,270
2026-10-08 10:14:00+05:30,902.1500244140625,902.5499877929688,902.1500244140625,902.5499877929688,4
2026-10-08 10:15:00+05:30,902.0499877929688,902.4000244140625,901.2000122070312,901.2000122070312,151
2026-10-08 10:16:00+05:30,901.5499877929688,902.0499877929688,901.5499877929688,902.0499877929688,146
2026-10-08 10:17:00+05:30,900.8499755859375,901.4000244140625,900.75,900.7999877929688,456
2026-10-08 10:18:00+05:30,900.5999755859375,900.5999755859375,900.25,900.5999755859375,230
2026-10-08 10:19:00+05:30,900.2999877929688,900.75,899.9500122070312,900.5999755859375,2641
2026-10-08 10:20:00+05:30,898.5999755859375,899.5999755859375,898.25,899.5999755859375,1722
2026-10-08 10:21:00+05:30,898.8499755859375,898.8499755859375,898.3499755859375,898.3499755859375,155
2026-10-08 10:22:00+05:30,898.4000244140625,898.7999877929688,898.0,898.0,88
2026-10-08 10:23:00+05:30,898.8499755859375,899.2999877929688,898.0,898.3499755859375,1050
2026-10-08 10:24:00+05:30,898.4000244140625,899.0499877929688,898.0999755859375,899.0,865
2026-10-08 10:25:00+05:30,898.9000244140625,898.9000244140625,898.25,898.6500244140625,205
2026-10-08 10:26:00+05:30,898.25,899.0,898.2000122070312,899.0,5531
2026-10-08 10:27:00+05:30,898.75,898.9000244140625,897.8499755859375,898.5999755859375,1109
2026-10-08 10:28:00+05:30,898.7999877929688,898.7999877929688,898.3499755859375,898.5499877929688,62
2026-10-08 10:29:00+05:30,898.3499755859375,898.9500122070312,898.0,898.5,914
2026-10-08 10:30:00+05:30,898.9500122070312,899.7999877929688,897.7999877929688,897.7999877929688,686
2026-10-08 10:31:00+05:30,898.9000244140625,899.0,898.3499755859375,898.6500244140625,75
2026-10-08 10:32:00+05:30,898.4000244140625,898.9000244140625,898.4000244140625,898.8499755859375,67
2026-10-08 10:33:00+05:30,898.1500244140625,898.3499755859375,897.5,898.3499755859375,222
2026-10-08 10:34:00+05:30,900.3499755859375,900.75,898.3499755859375,898.5999755859375,2880
2026-10-08 10:35:00+05:30,900.6500244140625,900.6500244140625,900.6500244140625,900.6500244140625,11
2026-10-08 10:36:00+05:30,900.5499877929688,900.75,900.4000244140625,900.75,72
2026-10-08 10:37:00+05:30,899.5,900.3499755859375,899.5,900.3499755859375,96
2026-10-08 10:38:00+05:30,899.5999755859375,900.4000244140625,899.5999755859375,899.9000244140625,297
2026-10-08 10:39:00+05:30,899.8499755859375,900.0,899.7999877929688,899.9500122070312,91
2026-10-08 10:40:00+05:30,899.25,899.9500122070312,899.1500244140625,899.7999877929688,18
2026-10-08 10:41:00+05:30,899.9500122070312,900.0499877929688,899.5,899.5,72
2026-10-08 10:42:00+05:30,898.5999755859375,899.75,896.5499877929688,899.5999755859375,2249
2026-10-08 10:43:00+05:30,899.5499877929688,899.5499877929688,898.7999877929688,898.7999877929688,26
2026-10-08 10:44:00+05:30,899.4000244140625,899.4500122070312,898.8499755859375,898.8499755859375,14
2026-10-08 10:45:00+05:30,899.5,899.5499877929688,898.9500122070312,899.4000244140625,290
2026-10-08 10:46:00+05:30,900.0999755859375,900.5999755859375,900.0,900.0,132
2026-10-08 10:47:00+05:30,901.0,901.0,900.5,900.5,418
2026-10-08 10:48:00+05:30,901.9000244140625,902.2000122070312,901.0,901.0,766
2026-10-08 10:49:00+05:30,902.2000122070312,902.2000122070312,901.4000244140625,901.4000244140625,230
2026-10-08 10:50:00+05:30,901.75,902.2999877929688,901.7000122070312,902.2999877929688,760
2026-10-08 10:51:00+05:30,902.2999877929688,902.9000244140625,901.9000244140625,902.1500244140625,261
2026-10-08 10:52:00+05:30,901.8499755859375,902.4000244140625,901.8499755859375,902.4000244140625,8
2026-10-08 10:53:00+05:30,901.7999877929688,902.0999755859375,901.4500122070312,902.0999755859375,124
2026-10-08 10:54:00+05:30,901.4500122070312,901.4500122070312,900.9500122070312,901.4000244140625,431
2026-10-08 10:55:00+05:30,901.0499877929688,901.75,901.0499877929688,901.75,416
2026-10-08 10:56:00+05:30,900.5499877929688,900.9500122070312,900.0,900.9500122070312,72
2026-10-08 10:57:00+05:30,900.5499877929688,900.5499877929688,900.5499877929688,900.5499877929688,1
2026-10-08 10:58:00+05:30,900.4000244140625,900.4000244140625,900.0,900.4000244140625,58
2026-10-08 10:59:00+05:30,900.0,900.4000244140625,900.0,900.4000244140625,77
2026-10-08 11:00:00+05:30,898.5999755859375,899.8499755859375,898.5999755859375,899.8499755859375,345
2026-10-08 11:01:00+05:30,899.0499877929688,899.5999755859375,898.0999755859375,898.5,363
2026-10-08 11:02:00+05:30,899.5499877929688,899.75,899.1500244140625,899.1500244140625,32
2026-10-08 11:03:00+05:30,900.2999877929688,900.2999877929688,899.4000244140625,899.4000244140625,276
2026-10-08 11:04:00+05:30,899.6500244140625,900.0,899.25,899.9000244140625,254
2026-10-08 11:05:00+05:30,899.5,899.75,899.5,899.75,41
2026-10-08 11:06:00+05:30,899.7000122070312,899.7000122070312,899.3499755859375,899.5999755859375,260
2026-10-08 11:07:00+05:30,899.0,899.8499755859375,898.8499755859375,899.8499755859375,165
2026-10-08 11:08:00+05:30,899.1500244140625,899.6500244140625,898.5499877929688,898.9000244140625,156
2026-10-08 11:09:00+05:30,899.2000122070312,899.2000122070312,899.0,899.0,67
2026-10-08 11:10:00+05:30,898.9000244140625,899.0499877929688,898.4500122070312,898.4500122070312,55
2026-10-08 11:11:00+05:30,898.0,898.75,898.0,898.6500244140625,395
2026-10-08 11:12:00+05:30,898.7000122070312,898.7000122070312,898.25,898.7000122070312,207
2026-10-08 11:13:00+05:30,899.5499877929688,900.3499755859375,899.2999877929688,899.2999877929688,529
2026-10-08 11:14:00+05:30,898.9000244140625,899.3499755859375,898.9000244140625,899.3499755859375,95
2026-10-08 11:15:00+05:30,899.0,899.0999755859375,899.0,899.0499877929688,80
2026-10-08 11:16:00+05:30,899.0,899.2999877929688,899.0,899.2999877929688,39
2026-10-08 11:17:00+05:30,898.7999877929688,899.0,898.5499877929688,899.0,36
2026-10-08 11:18:00+05:30,899.25,899.2999877929688,898.2999877929688,898.8499755859375,343
2026-10-08 11:19:00+05:30,898.7999877929688,899.2000122070312,898.7999877929688,899.2000122070312,11
2026-10-08 11:20:00+05:30,897.5,898.6500244140625,897.2999877929688,898.5499877929688,1357
2026-10-08 11:21:00+05:30,896.7000122070312,897.2999877929688,896.25,897.0,136
2026-10-08 11:22:00+05:30,896.25,896.75,896.0,896.75,1383
2026-10-08 11:23:00+05:30,896.2000122070312,896.2000122070312,895.0,895.0999755859375,1673
2026-10-08 11:24:00+05:30,894.7999877929688,895.5,894.1500244140625,895.5,1295
2026-10-08 11:25:00+05:30,891.75,894.5999755859375,891.75,894.5999755859375,736
2026-10-08 11:26:00+05:30,890.5,892.1500244140625,890.5,891.2999877929688,1455
2026-10-08 11:27:00+05:30,889.1500244140625,890.7999877929688,889.1500244140625,890.75,1009
2026-10-08 11:28:00+05:30,888.2000122070312,889.1500244140625,887.7999877929688,889.0,565
2026-10-08 11:29:00+05:30,890.5,890.5499877929688,888.7999877929688,889.2000122070312,817
2026-10-08 11:30:00+05:30,891.6500244140625,891.6500244140625,890.0499877929688,890.0499877929688,322
2026-10-08 11:31:00+05:30,891.2999877929688,892.0,890.4500122070312,891.8499755859375,1415
2026-10-08 11:32:00+05:30,891.1500244140625,891.7999877929688,891.0,891.75,1124
2026-10-08 11:33:00+05:30,891.9000244140625,891.9000244140625,891.1500244140625,891.1500244140625,24
2026-10-08 11:34:00+05:30,891.7000122070312,891.8499755859375,890.8499755859375,891.5999755859375,200
2026-10-08 11:35:00+05:30,891.2000122070312,891.6500244140625,891.0,891.6500244140625,218
2026-10-08 11:36:00+05:30,891.2999877929688,891.4500122070312,890.5,891.2000122070312,630
2026-10-08 11:37:00+05:30,891.3499755859375,891.75,891.3499755859375,891.5,184
2026-10-08 11:38:00+05:30,891.2000122070312,891.5,891.2000122070312,891.5,24
2026-10-08 11:39:00+05:30,891.5999755859375,891.75,891.2000122070312,891.4000244140625,173
2026-10-08 11:40:00+05:30,891.9500122070312,892.5,891.0999755859375,891.5999755859375,1145
2026-10-08 11:41:00+05:30,892.2000122070312,893.3499755859375,891.8499755859375,891.8499755859375,578
2026-10-08 11:42:00+05:30,891.2000122070312,892.5,891.2000122070312,892.1500244140625,1012
2026-10-08 11:43:00+05:30,892.1500244140625,892.4000244140625,891.7000122070312,891.75,406
2026-10-08 11:44:00+05:30,892.1500244140625,892.2000122070312,892.1500244140625,892.2000122070312,12
2026-10-08 11:45:00+05:30,891.7000122070312,892.0999755859375,891.5999755859375,892.0999755859375,59
2026-10-08 11:46:00+05:30,892.5499877929688,892.5999755859375,891.9000244140625,891.9000244140625,254
2026-10-08 11:47:00+05:30,892.2000122070312,892.4500122070312,891.9500122070312,891.9500122070312,166
2026-10-08 11:48:00+05:30,891.9500122070312,892.25,891.9500122070312,892.25,28
2026-10-08 11:49:00+05:30,891.5999755859375,891.9500122070312,891.25,891.9500122070312,68
2026-10-08 11:50:00+05:30,891.9000244140625,891.9000244140625,891.25,891.25,285
2026-10-08 11:51:00+05:30,892.2999877929688,892.2999877929688,891.9000244140625,891.9000244140625,146
2026-10-08 11:52:00+05:30,891.8499755859375,892.25,891.8499755859375,892.25,23
2026-10-08 11:53:00+05:30,892.0,892.2000122070312,891.8499755859375,891.8499755859375,35
2026-10-08 11:54:00+05:30,892.0,892.0,891.7000122070312,892.0,40
2026-10-08 11:55:00+05:30,891.2999877929688,891.7999877929688,891.2999877929688,891.7999877929688,147
2026-10-08 11:56:00+05:30,893.0499877929688,893.0499877929688,891.0,891.2999877929688,1408
2026-10-08 11:57:00+05:30,892.5999755859375,893.2000122070312,892.2000122070312,892.4000244140625,752
2026-10-08 11:58:00+05:30,892.0,892.5499877929688,891.4000244140625,892.5499877929688,159
2026-10-08 11:59:00+05:30,891.9000244140625,891.9000244140625,891.75,891.75,139
2026-10-08 12:00:00+05:30,890.9000244140625,891.3499755859375,890.9000244140625,891.0,101
2026-10-08 12:01:00+05:30,890.5999755859375,891.0,890.5999755859375,890.75,35
2026-10-08 12:02:00+05:30,891.0499877929688,891.25,891.0499877929688,891.0999755859375,33
2026-10-08 12:03:00+05:30,891.0999755859375,891.2999877929688,890.5999755859375,890.7999877929688,216
2026-10-08 12:04:00+05:30,890.5,890.9000244140625,890.25,890.2999877929688,228
2026-10-08 12:05:00+05:30,891.0,891.0,890.8499755859375,890.9000244140625,155
2026-10-08 12:06:00+05:30,891.0,891.0,890.5,890.5,117
2026-10-08 12:07:00+05:30,890.9000244140625,891.0,890.1500244140625,890.8499755859375,250
2026-10-08 12:08:00+05:30,891.0,891.0,890.9500122070312,890.9500122070312,23
2026-10-08 12:09:00+05:30,890.9000244140625,890.9000244140625,890.5499877929688,890.75,120
2026-10-08 12:10:00+05:30,890.9000244140625,890.9000244140625,890.9000244140625,890.9000244140625,8
2026-10-08 12:11:00+05:30,892.2999877929688,892.2999877929688,890.9000244140625,891.5,32716
2026-10-08 12:12:00+05:30,891.2999877929688,892.0,891.2999877929688,892.0,35442
2026-10-08 12:13:00+05:30,891.1500244140625,891.3499755859375,891.0499877929688,891.3499755859375,386
2026-10-08 12:14:00+05:30,891.0499877929688,891.1500244140625,890.6500244140625,891.1500244140625,122
2026-10-08 12:15:00+05:30,890.0,890.75,890.0,890.75,270
2026-10-08 12:16:00+05:30,889.75,889.8499755859375,889.4500122070312,889.8499755859375,7
2026-10-08 12:17:00+05:30,889.0,889.4000244140625,889.0,889.0499877929688,136
2026-10-08 12:18:00+05:30,888.75,889.0499877929688,888.5499877929688,888.9000244140625,227
2026-10-08 12:19:00+05:30,889.4500122070312,889.4500122070312,888.6500244140625,889.25,40
2026-10-08 12:20:00+05:30,889.4500122070312,889.4500122070312,889.0,889.0,148
2026-10-08 12:21:00+05:30,889.75,889.75,889.2000122070312,889.4500122070312,83
2026-10-08 12:22:00+05:30,888.2999877929688,889.0,888.2999877929688,889.0,473
2026-10-08 12:23:00+05:30,887.25,888.2000122070312,887.0,888.2000122070312,1551
2026-10-08 12:24:00+05:30,887.1500244140625,887.5999755859375,886.9000244140625,886.9000244140625,650
2026-10-08 12:25:00+05:30,887.2000122070312,887.25,887.0,887.0,66
2026-10-08 12:26:00+05:30,887.5,887.8499755859375,887.4000244140625,887.4000244140625,272
2026-10-08 12:27:00+05:30,888.2999877929688,888.5,888.0,888.0,349
2026-10-08 12:28:00+05:30,888.2000122070312,888.4000244140625,887.9500122070312,888.4000244140625,279
2026-10-08 12:29:00+05:30,888.4500122070312,888.5999755859375,888.1500244140625,888.1500244140625,103
2026-10-08 12:30:00+05:30,888.5499877929688,888.5499877929688,888.0,888.5499877929688,559
2026-10-08 12:31:00+05:30,888.75,888.75,888.25,888.4000244140625,42
2026-10-08 12:32:00+05:30,888.5,888.75,888.5,888.5,40
2026-10-08 12:33:00+05:30,888.0,888.4000244140625,888.0,888.4000244140625,114
2026-10-08 12:34:00+05:30,888.2999877929688,888.5499877929688,888.0,888.0499877929688,251
2026-10-08 12:35:00+05:30,888.5499877929688,888.5999755859375,887.8499755859375,888.2000122070312,512
2026-10-08 12:36:00+05:30,888.5999755859375,888.7000122070312,888.5499877929688,888.7000122070312,104
2026-10-08 12:37:00+05:30,888.7000122070312,888.7000122070312,888.2000122070312,888.5999755859375,1256
2026-10-08 12:38:00+05:30,888.2999877929688,888.4500122070312,888.2999877929688,888.4500122070312,109
2026-10-08 12:39:00+05:30,888.75,888.9500122070312,888.4000244140625,888.5,199
2026-10-08 12:40:00+05:30,889.25,889.25,888.7000122070312,888.7000122070312,149
2026-10-08 12:41:00+05:30,889.5,889.5,889.2000122070312,889.2000122070312,26
2026-10-08 12:42:00+05:30,889.6500244140625,889.6500244140625,889.0499877929688,889.5499877929688,238
2026-10-08 12:43:00+05:30,889.5999755859375,889.7999877929688,889.2000122070312,889.5,90
2026-10-08 12:44:00+05:30,889.2000122070312,889.9000244140625,889.2000122070312,889.8499755859375,69
2026-10-08 12:45:00+05:30,889.25,889.4000244140625,889.2000122070312,889.2000122070312,29
2026-10-08 12:46:00+05:30,890.2000122070312,890.2000122070312,889.4000244140625,889.5499877929688,252
2026-10-08 12:47:00+05:30,889.5499877929688,890.1500244140625,889.5499877929688,890.1500244140625,103
2026-10-08 12:48:00+05:30,889.2000122070312,889.2999877929688,889.0,889.2000122070312,187
2026-10-08 12:49:00+05:30,888.7000122070312,888.7000122070312,888.5999755859375,888.5999755859375,51
2026-10-08 12:50:00+05:30,889.0,889.0,888.75,888.75,14
2026-10-08 12:51:00+05:30,888.7999877929688,888.8499755859375,888.6500244140625,888.6500244140625,76
2026-10-08 12:52:00+05:30,890.0499877929688,890.2000122070312,888.6500244140625,888.7999877929688,1928
2026-10-08 12:53:00+05:30,890.2999877929688,890.4000244140625,889.8499755859375,890.0,848
2026-10-08 12:54:00+05:30,890.5,890.5499877929688,889.3499755859375,890.2000122070312,2872
2026-10-08 12:55:00+05:30,890.3499755859375,890.7000122070312,889.75,890.5,1466
2026-10-08 12:56:00+05:30,889.2999877929688,890.3499755859375,889.0499877929688,890.25,405
2026-10-08 12:57:00+05:30,889.9000244140625,890.5999755859375,889.2999877929688,889.2999877929688,512
2026-10-08 12:58:00+05:30,889.75,889.75,889.5499877929688,889.5499877929688,40
2026-10-08 12:59:00+05:30,890.4000244140625,890.4000244140625,890.4000244140625,890.4000244140625,1
2026-10-08 13:00:00+05:30,890.5499877929688,890.5499877929688,890.5499877929688,890.5499877929688,47
2026-10-08 13:01:00+05:30,891.0,891.2000122070312,890.3499755859375,890.3499755859375,39
2026-10-08 13:02:00+05:30,890.75,891.2000122070312,890.6500244140625,890.6500244140625,84
2026-10-08 13:03:00+05:30,890.75,890.75,890.75,890.75,451
2026-10-08 13:04:00+05:30,891.2999877929688,891.3499755859375,890.6500244140625,890.6500244140625,36
2026-10-08 13:05:00+05:30,890.5999755859375,891.2000122070312,890.5999755859375,891.2000122070312,69
2026-10-08 13:06:00+05:30,890.4000244140625,890.75,890.4000244140625,890.75,92
2026-10-08 13:07:00+05:30,890.3499755859375,890.5999755859375,890.0,890.4000244140625,130
2026-10-08 13:08:00+05:30,891.2000122070312,891.2000122070312,890.3499755859375,890.5499877929688,95
2026-10-08 13:09:00+05:30,890.4000244140625,890.7999877929688,890.3499755859375,890.7999877929688,108
2026-10-08 13:10:00+05:30,889.7999877929688,890.2999877929688,889.5499877929688,890.2999877929688,114
2026-10-08 13:11:00+05:30,889.8499755859375,890.25,888.9000244140625,889.75,367
2026-10-08 13:12:00+05:30,889.75,890.4000244140625,889.7000122070312,889.7000122070312,34
2026-10-08 13:13:00+05:30,889.7000122070312,889.7000122070312,889.7000122070312,889.7000122070312,1
2026-10-08 13:14:00+05:30,890.6500244140625,890.6500244140625,890.0,890.0,113
2026-10-08 13:15:00+05:30,890.0999755859375,890.7999877929688,890.0999755859375,890.7999877929688,80
2026-10-08 13:16:00+05:30,890.2000122070312,890.8499755859375,890.0,890.8499755859375,5652
2026-10-08 13:17:00+05:30,890.4000244140625,890.6500244140625,890.2000122070312,890.2000122070312,33
2026-10-08 13:18:00+05:30,889.5499877929688,890.0,888.5999755859375,889.7999877929688,2479
2026-10-08 13:19:00+05:30,889.0,889.2000122070312,888.75,889.2000122070312,82
2026-10-08 13:20:00+05:30,888.4000244140625,889.0,888.0999755859375,889.0,155
2026-10-08 13:21:00+05:30,888.5999755859375,888.8499755859375,887.8499755859375,888.0,614
2026-10-08 13:22:00+05:30,888.5999755859375,889.4500122070312,888.5999755859375,888.7000122070312,416
2026-10-08 13:23:00+05:30,889.25,889.25,888.4500122070312,888.75,1207
2026-10-08 13:24:00+05:30,890.0,890.0,888.9500122070312,889.2999877929688,681
2026-10-08 13:25:00+05:30,890.2999877929688,891.0999755859375,890.2999877929688,890.5999755859375,415
2026-10-08 13:26:00+05:30,889.7000122070312,890.5,889.5999755859375,890.2999877929688,118
2026-10-08 13:27:00+05:30,889.3499755859375,889.7000122070312,889.3499755859375,889.7000122070312,62
2026-10-08 13:28:00+05:30,888.9000244140625,889.4000244140625,888.9000244140625,889.3499755859375,226
2026-10-08 13:29:00+05:30,889.1500244140625,889.5,888.5499877929688,888.5499877929688,77
2026-10-08 13:30:00+05:30,889.8499755859375,889.8499755859375,889.25,889.4000244140625,15
2026-10-08 13:31:00+05:30,889.9000244140625,890.0,889.5,889.5,578
2026-10-08 13:32:00+05:30,890.0,890.0,889.4000244140625,889.4000244140625,244
2026-10-08 13:33:00+05:30,890.75,890.7999877929688,890.4000244140625,890.7000122070312,78
2026-10-08 13:34:00+05:30,891.9000244140625,891.9000244140625,891.3499755859375,891.3499755859375,24
2026-10-08 13:35:00+05:30,891.4000244140625,892.2999877929688,891.4000244140625,891.9000244140625,315
2026-10-08 13:36:00+05:30,891.2000122070312,891.2000122070312,891.2000122070312,891.2000122070312,2
2026-10-08 13:37:00+05:30,891.2999877929688,891.5499877929688,890.9500122070312,890.9500122070312,145
2026-10-08 13:38:00+05:30,891.7999877929688,892.0999755859375,891.7000122070312,891.7000122070312,22
2026-10-08 13:39:00+05:30,892.2000122070312,892.2000122070312,891.4000244140625,891.6500244140625,135
2026-10-08 13:40:00+05:30,891.7999877929688,892.0,890.7999877929688,891.8499755859375,2289
2026-10-08 13:41:00+05:30,892.3499755859375,892.3499755859375,891.5499877929688,891.9500122070312,208
2026-10-08 13:42:00+05:30,892.1500244140625,892.2999877929688,892.0,892.0,253
2026-10-08 13:43:00+05:30,892.0,892.2000122070312,891.2000122070312,892.0,435
2026-10-08 13:44:00+05:30,891.7999877929688,892.0,891.4500122070312,892.0,303
2026-10-08 13:45:00+05:30,891.0999755859375,891.75,890.6500244140625,891.4500122070312,54
2026-10-08 13:46:00+05:30,891.7999877929688,892.0,890.4500122070312,891.0999755859375,820
2026-10-08 13:47:00+05:30,891.7000122070312,891.8499755859375,891.4000244140625,891.8499755859375,166
2026-10-08 13:48:00+05:30,891.1500244140625,891.5,891.1500244140625,891.2999877929688,461
2026-10-08 13:49:00+05:30,891.0,891.6500244140625,891.0,891.6500244140625,58
2026-10-08 13:50:00+05:30,891.25,891.25,891.25,891.25,10
2026-10-08 13:51:00+05:30,891.4000244140625,891.5999755859375,891.0,891.5999755859375,1022
2026-10-08 13:52:00+05:30,891.2000122070312,891.25,891.2000122070312,891.25,32
2026-10-08 13:53:00+05:30,891.6500244140625,892.0,891.0,891.0,240
2026-10-08 13:54:00+05:30,891.5499877929688,892.0,891.5499877929688,892.0,160
2026-10-08 13:55:00+05:30,891.5999755859375,891.7000122070312,891.2999877929688,891.2999877929688,126
2026-10-08 13:56:00+05:30,891.7000122070312,891.9000244140625,891.7000122070312,891.8499755859375,942
2026-10-08 13:57:00+05:30,891.7000122070312,891.75,891.5,891.7000122070312,9
2026-10-08 13:58:00+05:30,891.9000244140625,892.2000122070312,891.7000122070312,891.75,119
2026-10-08 13:59:00+05:30,891.6500244140625,891.7999877929688,891.4000244140625,891.7999877929688,135
2026-10-08 14:00:00+05:30,891.1500244140625,891.9000244140625,891.0,891.6500244140625,162
2026-10-08 14:01:00+05:30,891.2000122070312,891.25,890.0499877929688,891.0,563
2026-10-08 14:02:00+05:30,890.1500244140625,891.0499877929688,890.1500244140625,890.75,102
2026-10-08 14:03:00+05:30,890.75,890.8499755859375,889.9000244140625,890.5999755859375,1541
2026-10-08 14:04:00+05:30,890.2000122070312,890.9000244140625,890.2000122070312,890.8499755859375,90
2026-10-08 14:05:00+05:30,890.75,890.7999877929688,890.0,890.2999877929688,88
2026-10-08 14:06:00+05:30,890.7000122070312,890.8499755859375,890.25,890.75,114
2026-10-08 14:07:00+05:30,890.4500122070312,890.7000122070312,890.0,890.7000122070312,172
2026-10-08 14:08:00+05:30,890.0,890.5499877929688,890.0,890.5499877929688,903
2026-10-08 14:09:00+05:30,890.25,890.4000244140625,890.25,890.3499755859375,39
2026-10-08 14:10:00+05:30,890.0999755859375,890.0999755859375,889.9000244140625,890.0,28
2026-10-08 14:11:00+05:30,890.9000244140625,890.9000244140625,889.9500122070312,890.0,70
2026-10-08 14:12:00+05:30,891.0,891.0999755859375,890.0999755859375,890.7000122070312,5095
2026-10-08 14:13:00+05:30,891.5499877929688,891.9000244140625,890.75,890.75,179
2026-10-08 14:14:00+05:30,893.1500244140625,893.1500244140625,891.75,891.9500122070312,283
2026-10-08 14:15:00+05:30,892.8499755859375,893.0499877929688,892.1500244140625,892.7999877929688,299
2026-10-08 14:16:00+05:30,891.9000244140625,892.0499877929688,891.5499877929688,891.9000244140625,69
2026-10-08 14:17:00+05:30,892.25,892.25,891.4500122070312,892.0499877929688,1166
2026-10-08 14:18:00+05:30,891.3499755859375,892.25,891.25,892.25,172
2026-10-08 14:19:00+05:30,891.25,891.3499755859375,891.0499877929688,891.3499755859375,128
2026-10-08 14:20:00+05:30,891.0,892.0,891.0,892.0,228
2026-10-08 14:21:00+05:30,890.5,891.0499877929688,890.5,891.0499877929688,213
2026-10-08 14:22:00+05:30,891.1500244140625,891.1500244140625,890.1500244140625,890.1500244140625,1487
2026-10-08 14:23:00+05:30,891.1500244140625,891.1500244140625,890.8499755859375,891.1500244140625,922
2026-10-08 14:24:00+05:30,891.0,891.4500122070312,891.0,891.1500244140625,153
2026-10-08 14:25:00+05:30,890.3499755859375,891.5499877929688,890.3499755859375,890.9500122070312,219
2026-10-08 14:26:00+05:30,890.5,890.9000244140625,890.5,890.9000244140625,37
2026-10-08 14:27:00+05:30,890.0999755859375,890.7999877929688,890.0999755859375,890.75,48
2026-10-08 14:28:00+05:30,890.6500244140625,890.6500244140625,890.4000244140625,890.4000244140625,119
2026-10-08 14:29:00+05:30,891.0,891.0,890.75,890.75,186
2026-10-08 14:30:00+05:30,891.75,891.75,890.6500244140625,891.0,1075
2026-10-08 14:31:00+05:30,891.5999755859375,891.7000122070312,890.8499755859375,891.1500244140625,955
2026-10-08 14:32:00+05:30,891.7000122070312,891.7000122070312,891.0,891.0,1264
2026-10-08 14:33:00+05:30,891.7000122070312,891.7999877929688,891.6500244140625,891.6500244140625,100
2026-10-08 14:34:00+05:30,892.7000122070312,892.7000122070312,891.7000122070312,891.75,667
2026-10-08 14:35:00+05:30,893.0,893.0,892.5499877929688,892.5499877929688,130
2026-10-08 14:36:00+05:30,892.4000244140625,892.7999877929688,891.8499755859375,892.7999877929688,202
2026-10-08 14:37:00+05:30,892.2000122070312,892.4500122070312,892.0999755859375,892.4500122070312,329
2026-10-08 14:38:00+05:30,893.5999755859375,893.5999755859375,892.3499755859375,892.3499755859375,472
2026-10-08 14:39:00+05:30,893.2000122070312,893.5499877929688,892.9500122070312,893.2999877929688,701
2026-10-08 14:40:00+05:30,893.25,893.2999877929688,893.0,893.0,236
2026-10-08 14:41:00+05:30,892.2999877929688,893.25,892.2999877929688,893.25,145
2026-10-08 14:42:00+05:30,891.9000244140625,892.4000244140625,891.9000244140625,892.4000244140625,171
2026-10-08 14:43:00+05:30,892.0999755859375,892.0999755859375,891.8499755859375,891.8499755859375,260
2026-10-08 14:44:00+05:30,891.4500122070312,892.0999755859375,891.4500122070312,892.0999755859375,230
2026-10-08 14:45:00+05:30,890.5999755859375,891.5999755859375,890.5999755859375,891.5999755859375,176
2026-10-08 14:46:00+05:30,890.4500122070312,890.7999877929688,890.4000244140625,890.75,90
2026-10-08 14:47:00+05:30,890.7000122070312,890.7000122070312,890.2000122070312,890.25,1175
2026-10-08 14:48:00+05:30,890.4000244140625,890.4000244140625,889.4000244140625,890.2000122070312,5712
2026-10-08 14:49:00+05:30,890.2999877929688,890.5499877929688,890.0,890.0,883
2026-10-08 14:50:00+05:30,890.3499755859375,891.1500244140625,890.2000122070312,890.2999877929688,714
2026-10-08 14:51:00+05:30,891.6500244140625,891.7999877929688,891.2000122070312,891.4500122070312,319
2026-10-08 14:52:00+05:30,891.25,891.4500122070312,891.0,891.4000244140625,464
2026-10-08 14:53:00+05:30,891.0,891.2999877929688,890.8499755859375,890.8499755859375,168
2026-10-08 14:54:00+05:30,891.5,891.5,891.0,891.4000244140625,139
2026-10-08 14:55:00+05:30,890.7999877929688,891.4000244140625,890.5499877929688,891.0,366
2026-10-08 14:56:00+05:30,890.4000244140625,891.25,890.2999877929688,890.7999877929688,393
2026-10-08 14:57:00+05:30,891.4000244140625,891.5999755859375,890.75,891.3499755859375,390
2026-10-08 14:58:00+05:30,891.0499877929688,891.2000122070312,890.2999877929688,891.0,355
2026-10-08 14:59:00+05:30,890.7999877929688,891.1500244140625,890.0999755859375,890.7000122070312,1857
2026-10-08 15:00:00+05:30,890.5999755859375,891.75,890.4500122070312,890.9000244140625,1232
2026-10-08 15:01:00+05:30,891.0,891.25,890.5499877929688,890.6500244140625,437
2026-10-08 15:02:00+05:30,891.3499755859375,891.75,890.0999755859375,891.0,702
2026-10-08 15:03:00+05:30,891.5,891.6500244140625,890.5499877929688,891.3499755859375,723
2026-10-08 15:04:00+05:30,891.2000122070312,891.6500244140625,890.5999755859375,891.5,1632
2026-10-08 15:05:00+05:30,890.6500244140625,891.2000122070312,890.3499755859375,891.2000122070312,709
2026-10-08 15:06:00+05:30,890.7000122070312,890.9000244140625,890.1500244140625,890.5999755859375,1068
2026-10-08 15:07:00+05:30,890.9000244140625,890.9000244140625,890.1500244140625,890.7000122070312,1743
2026-10-08 15:08:00+05:30,891.3499755859375,891.3499755859375,890.2000122070312,890.9500122070312,1923
2026-10-08 15:09:00+05:30,890.75,891.0499877929688,890.4000244140625,890.9000244140625,776
2026-10-08 15:10:00+05:30,890.3499755859375,890.7000122070312,889.5,890.7000122070312,2475
2026-10-08 15:11:00+05:30,891.5999755859375,892.4500122070312,890.3499755859375,890.3499755859375,391
2026-10-08 15:12:00+05:30,891.2999877929688,893.3499755859375,890.4000244140625,892.5,2515
2026-10-08 15:13:00+05:30,891.0,892.1500244140625,890.4000244140625,892.0999755859375,401
2026-10-08 15:14:00+05:30,894.0499877929688,894.5,890.6500244140625,890.6500244140625,559
2026-10-08 15:29:00+05:30,893.2000122070312,893.2000122070312,893.2000122070312,893.2000122070312,418
2026-10-09 09:15:00+05:30,892.25,897.4000244140625,889.3499755859375,897.4000244140625,3995
2026-10-09 09:16:00+05:30,890.0499877929688,895.0,890.0499877929688,893.9500122070312,1159
2026-10-09 09:17:00+05:30,890.9000244140625,892.2000122070312,890.5,891.4000244140625,2243
2026-10-09 09:18:00+05:30,891.0999755859375,891.7000122070312,889.7999877929688,890.5999755859375,475
2026-10-09 09:19:00+05:30,887.75,891.0999755859375,887.4000244140625,891.0999755859375,843
2026-10-09 09:20:00+05:30,888.9000244140625,890.25,887.4500122070312,887.6500244140625,1100
2026-10-09 09:21:00+05:30,889.5499877929688,889.75,888.7999877929688,888.9000244140625,709
2026-10-09 09:22:00+05:30,890.2999877929688,890.5999755859375,888.9500122070312,889.75,2067
2026-10-09 09:23:00+05:30,888.5999755859375,890.2999877929688,888.5999755859375,890.0,348
2026-10-09 09:24:00+05:30,887.2000122070312,888.4500122070312,887.2000122070312,888.4500122070312,803
2026-10-09 09:25:00+05:30,888.4000244140625,888.4000244140625,887.2000122070312,887.2000122070312,165
2026-10-09 09:26:00+05:30,890.0,890.0,887.5,887.5999755859375,5091
2026-10-09 09:27:00+05:30,891.6500244140625,891.7999877929688,889.8499755859375,890.7000122070312,626
2026-10-09 09:28:00+05:30,891.8499755859375,893.4500122070312,891.6500244140625,891.6500244140625,359
2026-10-09 09:29:00+05:30,893.9500122070312,894.2000122070312,892.75,893.0499877929688,852
2026-10-09 09:30:00+05:30,894.25,894.4000244140625,893.0,894.0499877929688,1297
2026-10-09 09:31:00+05:30,892.5499877929688,894.4500122070312,891.5999755859375,894.25,1623
2026-10-09 09:32:00+05:30,894.7999877929688,894.7999877929688,893.0499877929688,893.1500244140625,2412
2026-10-09 09:33:00+05:30,894.7999877929688,895.0,894.3499755859375,894.5499877929688,149
2026-10-09 09:34:00+05:30,896.2000122070312,896.2000122070312,894.5,894.7999877929688,585
2026-10-09 09:35:00+05:30,896.5499877929688,896.5499877929688,895.3499755859375,895.7999877929688,2372
2026-10-09 09:36:00+05:30,897.1500244140625,897.4000244140625,895.5,896.5999755859375,562
2026-10-09 09:37:00+05:30,896.0,897.0,896.0,896.9000244140625,113
2026-10-09 09:38:00+05:30,897.0999755859375,897.0999755859375,896.0999755859375,896.0999755859375,639
2026-10-09 09:39:00+05:30,897.4000244140625,897.4000244140625,896.75,896.7999877929688,1242
2026-10-09 09:40:00+05:30,894.3499755859375,897.3499755859375,894.3499755859375,896.6500244140625,3144
2026-10-09 09:41:00+05:30,895.0,895.9500122070312,894.0499877929688,894.0499877929688,217
2026-10-09 09:42:00+05:30,895.0,895.75,895.0,895.2000122070312,750
2026-10-09 09:43:00+05:30,893.6500244140625,895.5,893.6500244140625,895.5,1042
2026-10-09 09:44:00+05:30,897.8499755859375,897.8499755859375,894.0499877929688,894.0499877929688,1645
2026-10-09 09:45:00+05:30,896.5999755859375,898.0,896.3499755859375,897.9000244140625,838
2026-10-09 09:46:00+05:30,895.6500244140625,896.5999755859375,895.25,895.5999755859375,1274
2026-10-09 09:47:00+05:30,895.3499755859375,895.9000244140625,894.75,895.2999877929688,1803
2026-10-09 09:48:00+05:30,896.5999755859375,896.5999755859375,895.0499877929688,895.9000244140625,1982
2026-10-09 09:49:00+05:30,897.8499755859375,898.25,896.8499755859375,896.8499755859375,111
2026-10-09 09:50:00+05:30,897.9500122070312,897.9500122070312,897.75,897.9500122070312,84
2026-10-09 09:51:00+05:30,897.5499877929688,898.4000244140625,897.4500122070312,898.4000244140625,541
2026-10-09 09:52:00+05:30,896.9000244140625,897.0,896.7999877929688,897.0,32
2026-10-09 09:53:00+05:30,894.6500244140625,897.4000244140625,894.6500244140625,896.7999877929688,2043
2026-10-09 09:54:00+05:30,895.0999755859375,895.0999755859375,894.9000244140625,894.9000244140625,67
2026-10-09 09:55:00+05:30,896.3499755859375,897.6500244140625,896.2999877929688,896.5999755859375,2443
2026-10-09 09:56:00+05:30,896.5,897.0999755859375,896.2000122070312,896.2000122070312,344
2026-10-09 09:57:00+05:30,896.6500244140625,897.5499877929688,896.5999755859375,896.5999755859375,199
2026-10-09 09:58:00+05:30,897.7999877929688,897.7999877929688,896.75,896.75,98
2026-10-09 09:59:00+05:30,897.2999877929688,898.0,897.2999877929688,898.0,104
2026-10-09 10:00:00+05:30,894.9000244140625,896.7999877929688,894.5999755859375,896.7999877929688,393
2026-10-09 10:01:00+05:30,893.5999755859375,895.25,893.5999755859375,894.5999755859375,287
2026-10-09 10:02:00+05:30,895.2999877929688,895.2999877929688,894.9500122070312,895.25,36
2026-10-09 10:03:00+05:30,895.8499755859375,895.8499755859375,895.2999877929688,895.2999877929688,630
2026-10-09 10:04:00+05:30,896.9500122070312,896.9500122070312,895.75,896.3499755859375,1057
2026-10-09 10:05:00+05:30,895.9000244140625,895.9500122070312,895.8499755859375,895.9500122070312,23
2026-10-09 10:06:00+05:30,895.8499755859375,896.0,895.0499877929688,895.5,252
2026-10-09 10:07:00+05:30,894.5,896.1500244140625,894.5,896.0,971
2026-10-09 10:08:00+05:30,894.0999755859375,894.5999755859375,894.0999755859375,894.3499755859375,725
2026-10-09 10:09:00+05:30,894.8499755859375,894.9000244140625,894.1500244140625,894.6500244140625,510
2026-10-09 10:10:00+05:30,894.25,894.8499755859375,894.25,894.8499755859375,115
2026-10-09 10:11:00+05:30,896.0999755859375,897.7999877929688,895.0,895.0,2073
2026-10-09 10:12:00+05:30,895.7000122070312,896.5999755859375,895.0499877929688,896.5999755859375,876
2026-10-09 10:13:00+05:30,895.1500244140625,896.0,895.1500244140625,895.7000122070312,186
2026-10-09 10:14:00+05:30,895.8499755859375,896.0,895.25,895.3499755859375,180
2026-10-09 10:15:00+05:30,895.3499755859375,895.7999877929688,895.2999877929688,895.7999877929688,67
2026-10-09 10:16:00+05:30,895.25,895.2999877929688,895.0,895.2999877929688,101
2026-10-09 10:17:00+05:30,894.0,895.25,894.0,895.25,142
2026-10-09 10:18:00+05:30,894.25,894.25,894.0499877929688,894.0499877929688,82
2026-10-09 10:19:00+05:30,894.5,894.5,893.5999755859375,893.5999755859375,310
2026-10-09 10:20:00+05:30,894.0,894.4500122070312,894.0,894.4000244140625,79
2026-10-09 10:21:00+05:30,893.5,893.7999877929688,893.5,893.7999877929688,210
2026-10-09 10:22:00+05:30,895.5999755859375,895.5999755859375,894.0499877929688,894.0499877929688,577
2026-10-09 10:23:00+05:30,896.4000244140625,896.4000244140625,896.4000244140625,896.4000244140625,10
2026-10-09 10:24:00+05:30,896.5499877929688,896.5499877929688,896.5499877929688,896.5499877929688,1
2026-10-09 10:25:00+05:30,897.25,897.25,896.4000244140625,896.9000244140625,456
2026-10-09 10:26:00+05:30,897.5499877929688,897.8499755859375,897.1500244140625,897.1500244140625,73
2026-10-09 10:27:00+05:30,897.4000244140625,898.0,897.4000244140625,897.5499877929688,315
2026-10-09 10:28:00+05:30,897.0,897.8499755859375,897.0,897.8499755859375,62
2026-10-09 10:29:00+05:30,897.0,897.6500244140625,896.5999755859375,897.5499877929688,772
2026-10-09 10:30:00+05:30,897.0999755859375,897.5,896.7999877929688,897.5,421
2026-10-09 10:31:00+05:30,896.75,897.2000122070312,896.75,897.2000122070312,24
2026-10-09 10:32:00+05:30,896.7999877929688,896.7999877929688,896.1500244140625,896.75,140
2026-10-09 10:33:00+05:30,896.5,896.5,895.5999755859375,895.5999755859375,105
2026-10-09 10:34:00+05:30,896.7999877929688,896.7999877929688,896.5499877929688,896.5499877929688,311
2026-10-09 10:35:00+05:30,896.7999877929688,896.7999877929688,896.7000122070312,896.75,166
2026-10-09 10:36:00+05:30,896.7999877929688,896.9000244140625,896.7999877929688,896.9000244140625,4
2026-10-09 10:37:00+05:30,896.4000244140625,896.4000244140625,896.25,896.25,29
2026-10-09 10:38:00+05:30,896.0,896.4000244140625,896.0,896.4000244140625,15
2026-10-09 10:39:00+05:30,895.0999755859375,895.8499755859375,894.9500122070312,895.8499755859375,316
2026-10-09 10:40:00+05:30,896.4000244140625,896.4000244140625,895.7999877929688,895.7999877929688,274
2026-10-09 10:41:00+05:30,895.8499755859375,896.25,895.8499755859375,896.0499877929688,121
2026-10-09 10:42:00+05:30,896.4000244140625,896.4000244140625,895.8499755859375,895.8499755859375,768
2026-10-09 10:43:00+05:30,897.0,897.0,896.4000244140625,896.4000244140625,257
2026-10-09 10:44:00+05:30,896.4500122070312,897.0,896.0,896.0,76
2026-10-09 10:45:00+05:30,896.0,896.9500122070312,896.0,896.9500122070312,45
2026-10-09 10:46:00+05:30,896.7999877929688,896.7999877929688,896.0999755859375,896.5499877929688,19
2026-10-09 10:47:00+05:30,896.5499877929688,896.5499877929688,896.5499877929688,896.5499877929688,10
2026-10-09 10:48:00+05:30,896.0499877929688,896.5999755859375,896.0499877929688,896.5999755859375,100
2026-10-09 10:49:00+05:30,896.5499877929688,896.5499877929688,895.9000244140625,896.0,120
2026-10-09 10:50:00+05:30,896.3499755859375,896.3499755859375,896.3499755859375,896.3499755859375,6
2026-10-09 10:51:00+05:30,896.4500122070312,896.4500122070312,896.25,896.25,144
2026-10-09 10:52:00+05:30,896.5,897.0,896.5,896.9500122070312,52
2026-10-09 10:53:00+05:30,896.4500122070312,896.5999755859375,896.4500122070312,896.5999755859375,26
2026-10-09 10:54:00+05:30,895.9500122070312,896.2999877929688,895.9500122070312,896.2999877929688,2010
2026-10-09 10:55:00+05:30,895.9000244140625,896.3499755859375,895.5999755859375,896.0499877929688,1032
2026-10-09 10:56:00+05:30,895.0999755859375,896.0999755859375,894.5,896.0999755859375,6908
2026-10-09 10:57:00+05:30,895.5,895.5,895.0999755859375,895.2000122070312,269
2026-10-09 10:58:00+05:30,895.5499877929688,895.7000122070312,894.75,895.6500244140625,1028
2026-10-09 10:59:00+05:30,897.8499755859375,897.8499755859375,896.9500122070312,897.5,188
2026-10-09 11:00:00+05:30,897.1500244140625,897.7999877929688,896.5,896.9500122070312,169
2026-10-09 11:01:00+05:30,897.2999877929688,897.3499755859375,896.7000122070312,896.75,55
2026-10-09 11:02:00+05:30,897.5,898.4000244140625,897.3499755859375,897.3499755859375,790
2026-10-09 11:03:00+05:30,896.9500122070312,897.6500244140625,896.6500244140625,897.6500244140625,44
2026-10-09 11:04:00+05:30,898.0,898.0,896.9500122070312,896.9500122070312,355
2026-10-09 11:05:00+05:30,899.0,899.1500244140625,898.3499755859375,898.3499755859375,902
2026-10-09 11:06:00+05:30,898.75,898.75,898.7000122070312,898.7000122070312,74
2026-10-09 11:07:00+05:30,898.5999755859375,898.5999755859375,897.9000244140625,897.9000244140625,212
2026-10-09 11:08:00+05:30,897.0999755859375,898.2999877929688,897.0999755859375,898.2999877929688,42
2026-10-09 11:09:00+05:30,897.25,897.25,896.7000122070312,896.7000122070312,230
2026-10-09 11:10:00+05:30,896.7999877929688,897.3499755859375,896.75,896.75,40
2026-10-09 11:11:00+05:30,896.4000244140625,896.4000244140625,896.0999755859375,896.2000122070312,59
2026-10-09 11:12:00+05:30,896.2999877929688,897.1500244140625,896.2999877929688,896.7999877929688,172
2026-10-09 11:13:00+05:30,897.2999877929688,897.2999877929688,896.7000122070312,896.75,139
2026-10-09 11:14:00+05:30,897.5499877929688,897.7000122070312,897.5499877929688,897.7000122070312,5
2026-10-09 11:16:00+05:30,896.5999755859375,896.5999755859375,896.5999755859375,896.5999755859375,5
2026-10-09 11:17:00+05:30,896.5999755859375,897.2999877929688,896.5999755859375,897.2999877929688,29
2026-10-09 11:18:00+05:30,896.2999877929688,896.7000122070312,896.0,896.5999755859375,44
2026-10-09 11:19:00+05:30,897.3499755859375,897.3499755859375,897.3499755859375,897.3499755859375,25
2026-10-09 11:21:00+05:30,896.0,896.0,896.0,896.0,9
2026-10-09 11:22:00+05:30,896.0499877929688,896.0499877929688,896.0499877929688,896.0499877929688,12
2026-10-09 11:23:00+05:30,895.75,896.4000244140625,895.75,896.4000244140625,4
2026-10-09 11:24:00+05:30,895.5999755859375,896.4000244140625,895.5999755859375,896.4000244140625,307
2026-10-09 11:25:00+05:30,896.2999877929688,896.5,896.2999877929688,896.2999877929688,12
2026-10-09 11:26:00+05:30,896.0,896.0,896.0,896.0,5
2026-10-09 11:27:00+05:30,895.4500122070312,895.8499755859375,894.8499755859375,895.8499755859375,185
2026-10-09 11:28:00+05:30,895.25,895.25,895.25,895.25,689
2026-10-09 11:29:00+05:30,895.6500244140625,895.9500122070312,895.6500244140625,895.9500122070312,11
2026-10-09 11:30:00+05:30,895.5999755859375,895.8499755859375,895.5499877929688,895.8499755859375,208
2026-10-09 11:31:00+05:30,896.0,896.0,895.25,895.25,2005
2026-10-09 11:32:00+05:30,896.2000122070312,896.2000122070312,896.0,896.0,5558
2026-10-09 11:33:00+05:30,896.0,896.0499877929688,896.0,896.0499877929688,1855
2026-10-09 11:34:00+05:30,896.0,896.0,896.0,896.0,236
2026-10-09 11:35:00+05:30,896.0,896.0,896.0,896.0,7549
2026-10-09 11:36:00+05:30,895.5499877929688,895.6500244140625,895.3499755859375,895.6500244140625,88
2026-10-09 11:37:00+05:30,896.0,896.0,896.0,896.0,20000
2026-10-09 11:38:00+05:30,896.0,896.0,895.5,895.6500244140625,1238
2026-10-09 11:39:00+05:30,896.0,896.0499877929688,896.0,896.0499877929688,2856
2026-10-09 11:40:00+05:30,896.0,896.0,896.0,896.0,14
2026-10-09 11:41:00+05:30,896.0,896.0499877929688,896.0,896.0,16740
2026-10-09 11:42:00+05:30,896.3499755859375,896.3499755859375,896.0,896.0,11521
2026-10-09 11:43:00+05:30,896.2999877929688,896.9000244140625,896.2999877929688,896.9000244140625,17
2026-10-09 11:44:00+05:30,896.2000122070312,896.2000122070312,896.2000122070312,896.2000122070312,441
2026-10-09 11:45:00+05:30,896.6500244140625,896.6500244140625,896.6500244140625,896.6500244140625,67
2026-10-09 11:46:00+05:30,897.0,897.0,897.0,897.0,172
2026-10-09 11:47:00+05:30,897.5999755859375,897.5999755859375,897.0,897.0,396
2026-10-09 11:48:00+05:30,897.6500244140625,897.6500244140625,897.6500244140625,897.6500244140625,270
2026-10-09 11:50:00+05:30,896.2999877929688,896.2999877929688,896.2999877929688,896.2999877929688,1
2026-10-09 11:51:00+05:30,896.7999877929688,896.7999877929688,896.2000122070312,896.2000122070312,416
2026-10-09 11:52:00+05:30,897.0,897.0,897.0,897.0,2000
2026-10-09 11:53:00+05:30,896.4500122070312,897.0999755859375,896.4500122070312,896.6500244140625,9866
2026-10-09 11:54:00+05:30,897.0999755859375,897.0999755859375,897.0,897.0,14597
2026-10-09 11:55:00+05:30,897.0,897.0,897.0,897.0,320
2026-10-09 11:56:00+05:30,897.0,897.0,897.0,897.0,3065
2026-10-09 11:57:00+05:30,896.9000244140625,897.0,896.9000244140625,897.0,719
2026-10-09 11:58:00+05:30,896.7000122070312,896.7999877929688,896.5499877929688,896.5499877929688,57
2026-10-09 11:59:00+05:30,896.0,896.0,896.0,896.0,15
2026-10-09 12:00:00+05:30,895.7999877929688,895.7999877929688,895.5499877929688,895.5499877929688,181
2026-10-09 12:01:00+05:30,893.4500122070312,895.0499877929688,893.4500122070312,895.0499877929688,973
2026-10-09 12:02:00+05:30,893.4000244140625,893.5,893.4000244140625,893.4500122070312,444
2026-10-09 12:03:00+05:30,893.5,893.6500244140625,893.5,893.6500244140625,62
2026-10-09 12:04:00+05:30,893.9000244140625,894.0,893.4500122070312,893.4500122070312,499
2026-10-09 12:05:00+05:30,895.25,895.25,893.9000244140625,893.9000244140625,605
2026-10-09 12:06:00+05:30,896.5,896.5,895.75,895.75,303
2026-10-09 12:07:00+05:30,896.9000244140625,896.9000244140625,896.4000244140625,896.4000244140625,875
2026-10-09 12:08:00+05:30,897.0499877929688,898.0,897.0,898.0,180
2026-10-09 12:09:00+05:30,897.6500244140625,897.7000122070312,897.6500244140625,897.6500244140625,54
2026-10-09 12:10:00+05:30,898.6500244140625,898.6500244140625,897.0,897.6500244140625,3330
2026-10-09 12:11:00+05:30,897.7999877929688,897.7999877929688,897.7999877929688,897.7999877929688,1
2026-10-09 12:12:00+05:30,897.2000122070312,897.2000122070312,897.2000122070312,897.2000122070312,19
2026-10-09 12:13:00+05:30,897.1500244140625,897.4500122070312,897.1500244140625,897.4500122070312,41
2026-10-09 12:14:00+05:30,896.4500122070312,896.4500122070312,896.4500122070312,896.4500122070312,16
2026-10-09 12:15:00+05:30,896.4000244140625,896.4000244140625,896.2999877929688,896.2999877929688,260
2026-10-09 12:16:00+05:30,896.4500122070312,896.4500122070312,896.4500122070312,896.4500122070312,4
2026-10-09 12:17:00+05:30,896.4000244140625,896.4000244140625,896.0,896.4000244140625,67
2026-10-09 12:18:00+05:30,896.4000244140625,896.4000244140625,896.4000244140625,896.4000244140625,2
2026-10-09 12:19:00+05:30,896.4500122070312,896.8499755859375,896.4500122070312,896.5,307
2026-10-09 12:20:00+05:30,896.0499877929688,896.0499877929688,896.0499877929688,896.0499877929688,108
2026-10-09 12:22:00+05:30,896.5,896.5,896.5,896.5,50
2026-10-09 12:24:00+05:30,896.6500244140625,896.6500244140625,896.5,896.5999755859375,374
2026-10-09 12:25:00+05:30,897.0,897.0,897.0,897.0,1
2026-10-09 12:27:00+05:30,896.5,896.5,896.5,896.5,88
2026-10-09 12:28:00+05:30,896.5999755859375,896.5999755859375,896.4500122070312,896.5999755859375,1263
2026-10-09 12:29:00+05:30,896.9500122070312,896.9500122070312,896.9500122070312,896.9500122070312,774
2026-10-09 12:30:00+05:30,895.5499877929688,896.5,895.5499877929688,896.5,155
2026-10-09 12:32:00+05:30,896.0,896.0,896.0,896.0,1
2026-10-09 12:34:00+05:30,896.0999755859375,896.5499877929688,896.0999755859375,896.3499755859375,41
2026-10-09 12:35:00+05:30,896.3499755859375,896.3499755859375,896.3499755859375,896.3499755859375,76
2026-10-09 12:36:00+05:30,897.7999877929688,897.7999877929688,896.0999755859375,896.0999755859375,368
2026-10-09 12:38:00+05:30,897.9000244140625,897.9000244140625,897.4500122070312,897.4500122070312,12
2026-10-09 12:39:00+05:30,897.5,897.5,897.5,897.5,20
2026-10-09 12:40:00+05:30,897.7999877929688,897.7999877929688,897.4000244140625,897.4000244140625,52
2026-10-09 12:41:00+05:30,898.0499877929688,898.2000122070312,897.75,897.75,123
2026-10-09 12:42:00+05:30,898.0499877929688,898.0499877929688,897.75,897.75,12
2026-10-09 12:44:00+05:30,897.5499877929688,897.5499877929688,897.5499877929688,897.5499877929688,15
2026-10-09 12:45:00+05:30,897.4000244140625,897.4500122070312,897.4000244140625,897.4500122070312,433
2026-10-09 12:46:00+05:30,897.7000122070312,898.0499877929688,897.5499877929688,897.5499877929688,1037
2026-10-09 12:47:00+05:30,898.0499877929688,898.0499877929688,897.7000122070312,897.7000122070312,16
2026-10-09 12:50:00+05:30,898.7999877929688,898.7999877929688,898.5,898.5,26
2026-10-09 12:51:00+05:30,897.7000122070312,898.4500122070312,897.7000122070312,898.4500122070312,455
2026-10-09 12:52:00+05:30,897.0999755859375,897.8499755859375,897.0499877929688,897.8499755859375,28
2026-10-09 12:53:00+05:30,897.5499877929688,897.5499877929688,897.0999755859375,897.0999755859375,5
2026-10-09 12:55:00+05:30,897.5,897.9500122070312,897.5,897.9500122070312,118
2026-10-09 12:56:00+05:30,897.6500244140625,897.6500244140625,897.6500244140625,897.6500244140625,2
2026-10-09 12:57:00+05:30,897.7999877929688,897.7999877929688,897.7999877929688,897.7999877929688,253
2026-10-09 12:58:00+05:30,897.4000244140625,898.0,897.4000244140625,898.0,114
2026-10-09 12:59:00+05:30,898.1500244140625,898.1500244140625,898.1500244140625,898.1500244140625,10
2026-10-09 13:00:00+05:30,898.0,898.0,897.8499755859375,897.8499755859375,56
2026-10-09 13:01:00+05:30,897.9500122070312,897.9500122070312,897.8499755859375,897.8499755859375,21
2026-10-09 13:02:00+05:30,897.4000244140625,897.4000244140625,897.4000244140625,897.4000244140625,4
2026-10-09 13:03:00+05:30,897.0,897.4000244140625,897.0,897.4000244140625,39
2026-10-09 13:04:00+05:30,896.4000244140625,896.4000244140625,896.4000244140625,896.4000244140625,10
2026-10-09 13:05:00+05:30,896.4500122070312,896.4500122070312,896.4500122070312,896.4500122070312,11
2026-10-09 13:06:00+05:30,896.7999877929688,896.7999877929688,896.7999877929688,896.7999877929688,1
2026-10-09 13:07:00+05:30,896.6500244140625,896.6500244140625,896.6500244140625,896.6500244140625,381
2026-10-09 13:10:00+05:30,897.5999755859375,897.5999755859375,897.5999755859375,897.5999755859375,50
2026-10-09 13:11:00+05:30,897.6500244140625,897.6500244140625,897.6500244140625,897.6500244140625,35
2026-10-09 13:12:00+05:30,897.2000122070312,897.2000122070312,897.2000122070312,897.2000122070312,19
2026-10-09 13:13:00+05:30,897.4000244140625,897.4000244140625,897.25,897.25,52
2026-10-09 13:17:00+05:30,896.9500122070312,896.9500122070312,896.9500122070312,896.9500122070312,2
2026-10-09 13:18:00+05:30,897.75,897.75,896.9500122070312,896.9500122070312,396
2026-10-09 13:19:00+05:30,897.25,897.25,897.25,897.25,5
2026-10-09 13:20:00+05:30,896.6500244140625,896.6500244140625,896.6500244140625,896.6500244140625,2
2026-10-09 13:21:00+05:30,895.4000244140625,896.4000244140625,895.4000244140625,896.4000244140625,81
2026-10-09 13:22:00+05:30,895.6500244140625,895.75,895.6500244140625,895.75,33
2026-10-09 13:23:00+05:30,895.5999755859375,895.7000122070312,895.5999755859375,895.7000122070312,47
2026-10-09 13:24:00+05:30,895.4000244140625,896.0,895.4000244140625,895.7999877929688,214
2026-10-09 13:25:00+05:30,896.0499877929688,896.0499877929688,896.0499877929688,896.0499877929688,56
2026-10-09 13:26:00+05:30,895.7999877929688,895.7999877929688,895.4000244140625,895.4000244140625,13
2026-10-09 13:27:00+05:30,895.75,895.75,895.75,895.75,471
2026-10-09 13:30:00+05:30,895.0,895.5499877929688,895.0,895.5499877929688,204
2026-10-09 13:31:00+05:30,894.6500244140625,895.4500122070312,894.6500244140625,895.4500122070312,177
2026-10-09 13:32:00+05:30,895.3499755859375,895.3499755859375,895.3499755859375,895.3499755859375,120
2026-10-09 13:33:00+05:30,894.4000244140625,894.4000244140625,894.4000244140625,894.4000244140625,28
2026-10-09 13:34:00+05:30,895.0,895.0499877929688,894.7000122070312,894.7000122070312,174
2026-10-09 13:36:00+05:30,894.9000244140625,894.9000244140625,894.5999755859375,894.9000244140625,199
2026-10-09 13:37:00+05:30,894.7999877929688,894.7999877929688,894.7999877929688,894.7999877929688,180
2026-10-09 13:38:00+05:30,895.4500122070312,895.4500122070312,894.7999877929688,894.7999877929688,748
2026-10-09 13:39:00+05:30,895.6500244140625,895.6500244140625,895.6500244140625,895.6500244140625,30
2026-10-09 13:40:00+05:30,896.0,896.0,895.7000122070312,895.7000122070312,33
2026-10-09 13:41:00+05:30,896.0999755859375,896.2000122070312,896.0999755859375,896.2000122070312,27
2026-10-09 13:42:00+05:30,896.5999755859375,896.5999755859375,896.5999755859375,896.5999755859375,2
2026-10-09 13:43:00+05:30,896.5499877929688,896.5999755859375,896.4000244140625,896.4000244140625,41
2026-10-09 13:44:00+05:30,897.0,897.0,896.2000122070312,896.2000122070312,665
2026-10-09 13:45:00+05:30,897.0499877929688,897.0499877929688,896.6500244140625,896.6500244140625,15
2026-10-09 13:46:00+05:30,897.5499877929688,897.5499877929688,897.25,897.25,38
2026-10-09 13:47:00+05:30,897.1500244140625,897.1500244140625,895.75,896.75,471
2026-10-09 13:48:00+05:30,896.7000122070312,897.1500244140625,896.7000122070312,897.1500244140625,395
2026-10-09 13:49:00+05:30,896.7000122070312,897.1500244140625,896.7000122070312,896.7000122070312,3
2026-10-09 13:50:00+05:30,897.0,897.0,897.0,897.0,17
2026-10-09 13:52:00+05:30,896.2000122070312,896.5499877929688,896.0499877929688,896.5499877929688,17
2026-10-09 13:53:00+05:30,896.2000122070312,896.2000122070312,896.2000122070312,896.2000122070312,29
2026-10-09 13:54:00+05:30,896.0,896.0,896.0,896.0,38
2026-10-09 13:55:00+05:30,896.0,896.0,896.0,896.0,5
2026-10-09 13:56:00+05:30,896.0499877929688,896.0499877929688,896.0499877929688,896.0499877929688,10
2026-10-09 13:57:00+05:30,896.4500122070312,896.4500122070312,896.4500122070312,896.4500122070312,40
2026-10-09 13:58:00+05:30,896.5999755859375,896.5999755859375,896.5999755859375,896.5999755859375,6
2026-10-09 13:59:00+05:30,896.7999877929688,897.0,896.75,896.75,438
2026-10-09 14:00:00+05:30,896.3499755859375,896.3499755859375,896.3499755859375,896.3499755859375,56
2026-10-09 14:03:00+05:30,896.6500244140625,896.6500244140625,896.2000122070312,896.2000122070312,281
2026-10-09 14:04:00+05:30,896.4000244140625,896.4000244140625,896.4000244140625,896.4000244140625,27
2026-10-09 14:05:00+05:30,897.25,897.25,896.7000122070312,896.7000122070312,362
2026-10-09 14:06:00+05:30,897.0,897.2000122070312,897.0,897.2000122070312,14
2026-10-09 14:07:00+05:30,897.1500244140625,897.25,897.0,897.25,56
2026-10-09 14:08:00+05:30,896.4500122070312,896.8499755859375,896.2000122070312,896.8499755859375,51
2026-10-09 14:09:00+05:30,896.2999877929688,896.2999877929688,895.9000244140625,896.0499877929688,37
2026-10-09 14:10:00+05:30,895.9500122070312,896.0,895.9500122070312,896.0,34
2026-10-09 14:11:00+05:30,895.9500122070312,895.9500122070312,895.5999755859375,895.5999755859375,2
2026-10-09 14:12:00+05:30,895.9500122070312,895.9500122070312,895.9500122070312,895.9500122070312,6
2026-10-09 14:13:00+05:30,896.75,896.75,896.2000122070312,896.2000122070312,110
2026-10-09 14:14:00+05:30,896.2000122070312,896.2000122070312,896.2000122070312,896.2000122070312,100
2026-10-09 14:15:00+05:30,896.6500244140625,896.7000122070312,896.4500122070312,896.4500122070312,237
2026-10-09 14:16:00+05:30,897.0499877929688,897.0499877929688,896.5499877929688,896.7000122070312,75
2026-10-09 14:17:00+05:30,896.5499877929688,896.5499877929688,896.5499877929688,896.5499877929688,2
2026-10-09 14:18:00+05:30,897.2999877929688,897.2999877929688,897.0,897.0,324
2026-10-09 14:19:00+05:30,898.7999877929688,898.9000244140625,897.5,897.5,147
2026-10-09 14:21:00+05:30,899.0,899.0,898.5499877929688,898.9000244140625,194
2026-10-09 14:22:00+05:30,899.5999755859375,899.5999755859375,899.2000122070312,899.4500122070312,270
2026-10-09 14:23:00+05:30,898.4000244140625,898.9000244140625,898.4000244140625,898.4000244140625,30
2026-10-09 14:24:00+05:30,898.25,898.75,898.0,898.0499877929688,438
2026-10-09 14:25:00+05:30,898.8499755859375,899.0499877929688,898.3499755859375,898.4500122070312,131
2026-10-09 14:26:00+05:30,899.0999755859375,899.0999755859375,899.0999755859375,899.0999755859375,28
2026-10-09 14:27:00+05:30,899.2999877929688,899.2999877929688,898.8499755859375,898.8499755859375,51
2026-10-09 14:28:00+05:30,899.3499755859375,899.4000244140625,898.9000244140625,899.4000244140625,27
2026-10-09 14:29:00+05:30,899.25,899.25,898.9000244140625,898.9000244140625,67
2026-10-09 14:30:00+05:30,899.0999755859375,899.25,899.0,899.25,66
2026-10-09 14:31:00+05:30,899.0,899.0,898.5,898.5,51
2026-10-09 14:32:00+05:30,899.2000122070312,899.2000122070312,899.2000122070312,899.2000122070312,10
2026-10-09 14:33:00+05:30,899.4000244140625,899.5999755859375,898.8499755859375,899.2000122070312,241
2026-10-09 14:34:00+05:30,899.2999877929688,899.2999877929688,898.7999877929688,898.7999877929688,71
2026-10-09 14:36:00+05:30,898.7000122070312,899.1500244140625,898.7000122070312,899.1500244140625,669
2026-10-09 14:37:00+05:30,899.0,899.0,899.0,899.0,100
2026-10-09 14:38:00+05:30,899.0,899.0,899.0,899.0,3
2026-10-09 14:39:00+05:30,898.5499877929688,899.0,898.5499877929688,899.0,406
2026-10-09 14:40:00+05:30,899.2999877929688,899.2999877929688,898.7000122070312,899.0,275
2026-10-09 14:41:00+05:30,898.5999755859375,899.2000122070312,898.5999755859375,899.2000122070312,113
2026-10-09 14:42:00+05:30,899.7999877929688,899.9000244140625,899.25,899.25,308
2026-10-09 14:43:00+05:30,900.25,900.25,900.0999755859375,900.2000122070312,15
2026-10-09 14:44:00+05:30,899.5999755859375,900.25,899.5999755859375,900.25,15
2026-10-09 14:45:00+05:30,899.25,899.25,899.25,899.25,5
2026-10-09 14:46:00+05:30,899.5999755859375,899.5999755859375,899.5999755859375,899.5999755859375,60
2026-10-09 14:47:00+05:30,900.0499877929688,900.2000122070312,899.6500244140625,900.2000122070312,79
2026-10-09 14:48:00+05:30,899.8499755859375,900.0999755859375,899.7999877929688,900.0999755859375,4
2026-10-09 14:49:00+05:30,899.6500244140625,899.75,899.5999755859375,899.5999755859375,20
2026-10-09 14:50:00+05:30,899.4500122070312,899.4500122070312,899.0,899.25,19
2026-10-09 14:51:00+05:30,898.5499877929688,898.9500122070312,898.5499877929688,898.9500122070312,50
2026-10-09 14:52:00+05:30,898.9500122070312,899.0499877929688,898.75,898.75,157
2026-10-09 14:53:00+05:30,898.6500244140625,898.7000122070312,898.5,898.5,61
2026-10-09 14:54:00+05:30,898.5499877929688,899.0,898.5499877929688,899.0,4
2026-10-09 14:55:00+05:30,899.0499877929688,899.5,899.0,899.0,10
2026-10-09 14:56:00+05:30,899.25,899.2999877929688,899.25,899.2999877929688,21
2026-10-09 14:57:00+05:30,900.0999755859375,900.0999755859375,899.5999755859375,899.7999877929688,71
2026-10-09 14:59:00+05:30,900.0499877929688,900.0499877929688,899.4000244140625,899.4000244140625,33
2026-10-09 15:00:00+05:30,899.5,899.9000244140625,899.2999877929688,899.4000244140625,264
2026-10-09 15:01:00+05:30,899.3499755859375,900.0,899.2000122070312,900.0,425
2026-10-09 15:02:00+05:30,899.0,899.4000244140625,899.0,899.4000244140625,23
2026-10-09 15:03:00+05:30,899.0499877929688,899.0499877929688,898.5,899.0,128
2026-10-09 15:04:00+05:30,898.8499755859375,899.0499877929688,898.8499755859375,899.0499877929688,140
2026-10-09 15:05:00+05:30,899.9500122070312,899.9500122070312,899.0,899.0,1053
2026-10-09 15:06:00+05:30,899.2999877929688,899.6500244140625,899.2999877929688,899.5499877929688,774
2026-10-09 15:07:00+05:30,899.5999755859375,899.75,899.2999877929688,899.2999877929688,15
2026-10-09 15:08:00+05:30,899.7000122070312,899.7000122070312,899.2999877929688,899.6500244140625,430
2026-10-09 15:09:00+05:30,899.75,899.75,899.3499755859375,899.3499755859375,422
2026-10-09 15:10:00+05:30,898.7000122070312,899.3499755859375,898.7000122070312,899.3499755859375,83
2026-10-09 15:11:00+05:30,899.0,899.0499877929688,898.2999877929688,898.75,18
2026-10-09 15:12:00+05:30,899.25,899.25,898.5999755859375,899.0499877929688,57
2026-10-09 15:13:00+05:30,898.7999877929688,899.0499877929688,897.0,899.0499877929688,101
2026-10-09 15:14:00+05:30,898.25,898.4000244140625,897.0,898.4000244140625,136
2026-10-09 15:28:00+05:30,899.2000122070312,899.2000122070312,899.2000122070312,899.2000122070312,326
