Datetime,Close,High,Low,Open,Volume
2026-08-28 09:15:00+05:30,13467.0,13511.9501953125,13459.0498046875,13459.0498046875,112
2026-08-28 09:16:00+05:30,13423.9501953125,13461.5498046875,13410.099609375,13461.5498046875,177
2026-08-28 09:17:00+05:30,13425.0,13425.0,13412.2998046875,13423.9501953125,70
2026-08-28 09:18:00+05:30,13425.0,13425.0,13425.0,13425.0,65
2026-08-28 09:19:00+05:30,13430.0,13430.0,13425.0,13425.0,443
2026-08-28 09:20:00+05:30,13410.0,13426.0,13410.0,13425.0,56
2026-08-28 09:21:00+05:30,13410.0,13410.0,13405.7001953125,13410.0,58
2026-08-28 09:22:00+05:30,13408.0,13414.099609375,13403.7001953125,13414.099609375,16
2026-08-28 09:23:00+05:30,13418.0,13418.0,13402.0,13402.0,55
2026-08-28 09:24:00+05:30,13422.0,13422.0,13422.0,13422.0,9
2026-08-28 09:25:00+05:30,13423.9501953125,13423.9501953125,13423.9501953125,13423.9501953125,1
2026-08-28 09:26:00+05:30,13427.5,13427.5,13424.9501953125,13424.9501953125,27
2026-08-28 09:27:00+05:30,13434.150390625,13434.150390625,13432.0,13432.0,34
2026-08-28 09:28:00+05:30,13417.9501953125,13421.0498046875,13417.9501953125,13421.0,108
2026-08-28 09:29:00+05:30,13428.0,13428.0,13427.349609375,13427.349609375,9
2026-08-28 09:30:00+05:30,13419.599609375,13435.0,13419.599609375,13435.0,44
2026-08-28 09:31:00+05:30,13426.0,13433.0,13426.0,13432.2998046875,15
2026-08-28 09:32:00+05:30,13432.5,13432.5,13432.5,13432.5,21
2026-08-28 09:33:00+05:30,13437.5498046875,13437.5498046875,13432.5,13432.5,27
2026-08-28 09:34:00+05:30,13455.0,13459.0,13450.0,13450.0,51
2026-08-28 09:35:00+05:30,13455.0,13457.349609375,13447.0,13457.349609375,10
2026-08-28 09:36:00+05:30,13451.0,13451.0,13451.0,13451.0,2
2026-08-28 09:39:00+05:30,13446.0,13446.0,13446.0,13446.0,20
2026-08-28 09:40:00+05:30,13449.0,13451.0498046875,13449.0,13449.0,11
2026-08-28 09:41:00+05:30,13475.0,13475.0,13465.0,13465.0,55
2026-08-28 09:42:00+05:30,13488.0,13488.0,13478.5,13482.849609375,44
2026-08-28 09:43:00+05:30,13492.5498046875,13492.5498046875,13488.0,13488.0,15
2026-08-28 09:44:00+05:30,13487.0498046875,13487.0498046875,13482.0498046875,13482.0498046875,4
2026-08-28 09:45:00+05:30,13482.0498046875,13487.7001953125,13482.0498046875,13482.0498046875,73
2026-08-28 09:46:00+05:30,13475.75,13480.0,13470.0,13480.0,71
2026-08-28 09:47:00+05:30,13478.099609375,13478.099609375,13478.099609375,13478.099609375,16
2026-08-28 09:48:00+05:30,13497.7001953125,13497.7001953125,13490.0,13490.0,35
2026-08-28 09:49:00+05:30,13500.0498046875,13518.400390625,13500.0,13500.0,74
2026-08-28 09:50:00+05:30,13512.25,13512.25,13502.650390625,13511.4501953125,3
2026-08-28 09:51:00+05:30,13512.150390625,13512.150390625,13512.150390625,13512.150390625,3
2026-08-28 09:52:00+05:30,13497.0,13502.0,13497.0,13502.0,9
2026-08-28 09:53:00+05:30,13505.5498046875,13505.5498046875,13505.5498046875,13505.5498046875,10
2026-08-28 09:54:00+05:30,13496.0498046875,13496.0498046875,13493.0,13495.0,40
2026-08-28 09:55:00+05:30,13499.9501953125,13499.9501953125,13499.9501953125,13499.9501953125,22
2026-08-28 09:56:00+05:30,13507.0498046875,13507.0498046875,13496.0,13496.0,43
2026-08-28 09:57:00+05:30,13497.4501953125,13498.349609375,13497.4501953125,13497.5,66
2026-08-28 09:58:00+05:30,13483.5498046875,13483.5498046875,13483.5498046875,13483.5498046875,1
2026-08-28 09:59:00+05:30,13477.5498046875,13494.0,13477.5498046875,13494.0,13
2026-08-28 10:00:00+05:30,13475.0,13475.0,13475.0,13475.0,4
2026-08-28 10:01:00+05:30,13490.0,13490.0,13475.0,13475.0,5
2026-08-28 10:02:00+05:30,13500.0,13500.0,13500.0,13500.0,1
2026-08-28 10:03:00+05:30,13506.150390625,13506.150390625,13506.150390625,13506.150390625,12
2026-08-28 10:06:00+05:30,13499.9501953125,13499.9501953125,13491.0,13491.0,2
2026-08-28 10:07:00+05:30,13499.9501953125,13499.9501953125,13499.9501953125,13499.9501953125,2
2026-08-28 10:09:00+05:30,13503.0,13503.0,13493.599609375,13499.9501953125,62
2026-08-28 10:10:00+05:30,13498.7998046875,13504.0,13494.400390625,13494.400390625,13
2026-08-28 10:11:00+05:30,13473.900390625,13491.0,13473.900390625,13491.0,56
2026-08-28 10:12:00+05:30,13487.0,13487.0,13487.0,13487.0,2
2026-08-28 10:14:00+05:30,13499.0,13499.0,13488.099609375,13488.099609375,6
2026-08-28 10:16:00+05:30,13499.9501953125,13499.9501953125,13499.9501953125,13499.9501953125,22
2026-08-28 10:19:00+05:30,13487.5,13499.599609375,13487.5,13499.599609375,4
2026-08-28 10:20:00+05:30,13496.849609375,13496.849609375,13496.849609375,13496.849609375,2
2026-08-28 10:22:00+05:30,13498.7001953125,13498.7001953125,13498.7001953125,13498.7001953125,5
2026-08-28 10:23:00+05:30,13490.0,13490.0,13490.0,13490.0,11
2026-08-28 10:26:00+05:30,13500.0,13500.0,13491.0498046875,13491.0498046875,16
2026-08-28 10:28:00+05:30,13506.9501953125,13506.9501953125,13502.5,13502.5,62
2026-08-28 10:29:00+05:30,13502.900390625,13502.900390625,13500.0,13500.0,2
2026-08-28 10:30:00+05:30,13496.0,13496.0,13496.0,13496.0,2
2026-08-28 10:31:00+05:30,13489.0,13489.0,13489.0,13489.0,1
2026-08-28 10:32:00+05:30,13486.400390625,13492.7998046875,13485.0,13492.7998046875,3
2026-08-28 10:35:00+05:30,13488.0,13488.0,13480.0498046875,13480.0498046875,2
2026-08-28 10:36:00+05:30,13482.7001953125,13490.0,13482.7001953125,13490.0,2
2026-08-28 10:37:00+05:30,13492.5,13492.5,13492.5,13492.5,2
2026-08-28 10:38:00+05:30,13485.0498046875,13494.150390625,13485.0498046875,13494.150390625,4
2026-08-28 10:40:00+05:30,13485.7998046875,13487.150390625,13485.7998046875,13487.150390625,12
2026-08-28 10:45:00+05:30,13480.75,13486.0,13480.75,13486.0,4
2026-08-28 10:46:00+05:30,13480.349609375,13480.349609375,13480.349609375,13480.349609375,20
2026-08-28 10:48:00+05:30,13490.0,13490.0,13484.2998046875,13484.2998046875,4
2026-08-28 10:50:00+05:30,13495.0,13495.0,13495.0,13495.0,1
2026-08-28 10:51:00+05:30,13500.0,13500.0,13499.9501953125,13499.9501953125,14
2026-08-28 10:52:00+05:30,13496.75,13496.75,13488.349609375,13488.349609375,3
2026-08-28 10:54:00+05:30,13493.0,13493.0,13493.0,13493.0,6
2026-08-28 10:55:00+05:30,13493.0,13493.0,13493.0,13493.0,292
2026-08-28 10:56:00+05:30,13493.0,13493.5,13493.0,13493.0,16
2026-08-28 10:57:00+05:30,13493.5,13493.5,13493.0,13493.0,275
2026-08-28 10:58:00+05:30,13493.0,13493.349609375,13493.0,13493.349609375,419
2026-08-28 10:59:00+05:30,13493.0,13493.0,13493.0,13493.0,1902
2026-08-28 11:00:00+05:30,13472.849609375,13472.849609375,13472.849609375,13472.849609375,14
2026-08-28 11:01:00+05:30,13476.0,13476.0,13476.0,13476.0,1
2026-08-28 11:02:00+05:30,13476.75,13476.75,13476.75,13476.75,35
2026-08-28 11:04:00+05:30,13464.0498046875,13465.0,13459.900390625,13459.900390625,31
2026-08-28 11:05:00+05:30,13469.9501953125,13469.9501953125,13469.9501953125,13469.9501953125,8
2026-08-28 11:06:00+05:30,13469.0,13469.0,13469.0,13469.0,1
2026-08-28 11:07:00+05:30,13455.150390625,13466.7001953125,13455.150390625,13466.7001953125,11
2026-08-28 11:11:00+05:30,13450.900390625,13450.900390625,13450.900390625,13450.900390625,5
2026-08-28 11:15:00+05:30,13460.0,13467.5498046875,13460.0,13467.5498046875,5
2026-08-28 11:16:00+05:30,13455.0,13455.0,13455.0,13455.0,20
2026-08-28 11:17:00+05:30,13456.599609375,13456.599609375,13456.599609375,13456.599609375,1
2026-08-28 11:18:00+05:30,13455.75,13455.75,13455.75,13455.75,2
2026-08-28 11:19:00+05:30,13440.0,13450.0,13440.0,13450.0,65
2026-08-28 11:20:00+05:30,13453.849609375,13453.849609375,13453.849609375,13453.849609375,10
2026-08-28 11:21:00+05:30,13450.0,13450.0,13450.0,13450.0,11
2026-08-28 11:24:00+05:30,13460.0,13460.0,13460.0,13460.0,420
2026-08-28 11:25:00+05:30,13460.2998046875,13460.2998046875,13460.0,13460.0,179
2026-08-28 11:26:00+05:30,13453.849609375,13461.5498046875,13453.849609375,13461.5498046875,3
2026-08-28 11:27:00+05:30,13459.7998046875,13459.7998046875,13459.349609375,13459.349609375,31
2026-08-28 11:28:00+05:30,13450.0,13450.0,13450.0,13450.0,5
2026-08-28 11:30:00+05:30,13452.150390625,13452.150390625,13443.2998046875,13450.0,16
2026-08-28 11:31:00+05:30,13440.5,13440.5,13440.5,13440.5,2
2026-08-28 11:32:00+05:30,13432.0,13440.0,13432.0,13440.0,8
2026-08-28 11:33:00+05:30,13430.0,13434.9501953125,13430.0,13430.0,42
2026-08-28 11:34:00+05:30,13424.0,13429.9501953125,13423.7998046875,13426.0,18
2026-08-28 11:35:00+05:30,13422.0,13422.0,13412.349609375,13412.349609375,86
2026-08-28 11:36:00+05:30,13420.0,13423.4501953125,13410.0,13420.0,5161
2026-08-28 11:37:00+05:30,13410.650390625,13425.0,13410.650390625,13420.0,1586
2026-08-28 11:38:00+05:30,13412.0,13412.0,13412.0,13412.0,7
2026-08-28 11:39:00+05:30,13411.0,13412.2998046875,13411.0,13412.2998046875,2
2026-08-28 11:40:00+05:30,13408.0,13409.25,13408.0,13408.0,5
2026-08-28 11:41:00+05:30,13401.7001953125,13401.7001953125,13390.0498046875,13400.0,193
2026-08-28 11:43:00+05:30,13398.650390625,13398.650390625,13398.650390625,13398.650390625,11
2026-08-28 11:44:00+05:30,13394.9501953125,13394.9501953125,13394.9501953125,13394.9501953125,1
2026-08-28 11:45:00+05:30,13392.599609375,13392.599609375,13392.599609375,13392.599609375,1
2026-08-28 11:46:00+05:30,13396.400390625,13402.0,13396.400390625,13402.0,116
2026-08-28 11:47:00+05:30,13402.0,13402.0,13402.0,13402.0,1
2026-08-28 11:48:00+05:30,13402.0,13402.0,13402.0,13402.0,20
2026-08-28 11:49:00+05:30,13405.0,13405.0,13402.0,13402.0,107
2026-08-28 11:50:00+05:30,13413.9501953125,13413.9501953125,13413.9501953125,13413.9501953125,1
2026-08-28 11:54:00+05:30,13404.599609375,13404.599609375,13404.599609375,13404.599609375,3
2026-08-28 11:55:00+05:30,13400.0,13410.0,13400.0,13410.0,7
2026-08-28 11:56:00+05:30,13406.4501953125,13406.4501953125,13406.4501953125,13406.4501953125,1
2026-08-28 11:57:00+05:30,13398.0,13398.0,13398.0,13398.0,22
2026-08-28 11:58:00+05:30,13407.7001953125,13407.7001953125,13398.400390625,13398.400390625,22
2026-08-28 12:01:00+05:30,13401.099609375,13401.099609375,13401.099609375,13401.099609375,1
2026-08-28 12:02:00+05:30,13410.150390625,13410.150390625,13410.150390625,13410.150390625,1
2026-08-28 12:04:00+05:30,13412.5,13412.5,13410.5498046875,13410.5498046875,4
2026-08-28 12:09:00+05:30,13412.5,13412.5,13412.5,13412.5,1
2026-08-28 12:11:00+05:30,13398.0,13398.0,13398.0,13398.0,2
2026-08-28 12:12:00+05:30,13398.0,13398.400390625,13398.0,13398.400390625,12
2026-08-28 12:14:00+05:30,13405.4501953125,13405.4501953125,13398.0,13398.400390625,9
2026-08-28 12:17:00+05:30,13405.4501953125,13405.4501953125,13405.4501953125,13405.4501953125,1
2026-08-28 12:18:00+05:30,13405.4501953125,13405.4501953125,13405.4501953125,13405.4501953125,9
2026-08-28 12:19:00+05:30,13403.849609375,13413.5,13403.150390625,13403.150390625,7
2026-08-28 12:23:00+05:30,13415.0,13415.0,13408.849609375,13408.849609375,11
2026-08-28 12:25:00+05:30,13415.0,13415.0,13415.0,13415.0,5
2026-08-28 12:26:00+05:30,13409.900390625,13415.0,13409.900390625,13415.0,9
2026-08-28 12:27:00+05:30,13410.25,13410.25,13410.25,13410.25,1
2026-08-28 12:30:00+05:30,13410.0,13410.0,13410.0,13410.0,1
2026-08-28 12:32:00+05:30,13414.9501953125,13414.9501953125,13414.9501953125,13414.9501953125,1
2026-08-28 12:36:00+05:30,13413.4501953125,13413.4501953125,13413.4501953125,13413.4501953125,2
2026-08-28 12:38:00+05:30,13414.9501953125,13414.9501953125,13414.9501953125,13414.9501953125,1
2026-08-28 12:39:00+05:30,13415.0,13415.0,13415.0,13415.0,1
2026-08-28 12:40:00+05:30,13410.25,13410.25,13410.25,13410.25,1
2026-08-28 12:41:00+05:30,13408.400390625,13422.75,13408.400390625,13422.75,199
2026-08-28 12:44:00+05:30,13410.0,13415.0,13410.0,13415.0,7
2026-08-28 12:45:00+05:30,13384.400390625,13403.0,13381.0,13403.0,155
2026-08-28 12:46:00+05:30,13385.0498046875,13391.349609375,13380.0,13386.0,86
2026-08-28 12:48:00+05:30,13381.5498046875,13390.150390625,13381.5498046875,13389.5498046875,16
2026-08-28 12:49:00+05:30,13386.150390625,13386.150390625,13380.0,13380.0,11
2026-08-28 12:50:00+05:30,13380.0,13380.0,13380.0,13380.0,1
2026-08-28 12:51:00+05:30,13385.2001953125,13385.2001953125,13385.2001953125,13385.2001953125,4
2026-08-28 12:55:00+05:30,13343.849609375,13380.0,13343.849609375,13380.0,230
2026-08-28 12:56:00+05:30,13347.2998046875,13350.0,13341.5498046875,13341.5498046875,33
2026-08-28 12:57:00+05:30,13358.0,13358.2998046875,13358.0,13358.2998046875,2
2026-08-28 12:59:00+05:30,13349.7998046875,13349.7998046875,13349.7998046875,13349.7998046875,5
2026-08-28 13:00:00+05:30,13360.400390625,13360.400390625,13360.400390625,13360.400390625,8
2026-08-28 13:01:00+05:30,13361.599609375,13361.599609375,13361.599609375,13361.599609375,1
2026-08-28 13:02:00+05:30,13358.0,13360.75,13348.849609375,13360.75,1730
2026-08-28 13:03:00+05:30,13350.0498046875,13358.0,13350.0,13358.0,2295
2026-08-28 13:04:00+05:30,13335.75,13342.2001953125,13335.75,13336.0,118
2026-08-28 13:05:00+05:30,13330.0,13333.0,13330.0,13333.0,12
2026-08-28 13:06:00+05:30,13330.5498046875,13337.0,13330.0,13335.0498046875,23
2026-08-28 13:07:00+05:30,13342.7998046875,13342.7998046875,13342.7998046875,13342.7998046875,1
2026-08-28 13:10:00+05:30,13358.849609375,13358.849609375,13355.7998046875,13355.7998046875,2
2026-08-28 13:11:00+05:30,13350.650390625,13350.650390625,13350.650390625,13350.650390625,1
2026-08-28 13:17:00+05:30,13355.0,13359.2001953125,13355.0,13359.2001953125,32
2026-08-28 13:18:00+05:30,13351.5,13351.5,13351.5,13351.5,9
2026-08-28 13:21:00+05:30,13351.5,13351.5,13351.5,13351.5,5
2026-08-28 13:23:00+05:30,13351.0,13353.0,13351.0,13353.0,24
2026-08-28 13:24:00+05:30,13350.0,13353.7998046875,13350.0,13353.7998046875,6
2026-08-28 13:26:00+05:30,13354.9501953125,13354.9501953125,13345.900390625,13345.900390625,8
2026-08-28 13:27:00+05:30,13347.650390625,13347.650390625,13347.650390625,13347.650390625,4
2026-08-28 13:29:00+05:30,13355.0,13355.0,13355.0,13355.0,1
2026-08-28 13:30:00+05:30,13355.0,13355.0,13355.0,13355.0,2
2026-08-28 13:31:00+05:30,13350.25,13350.25,13350.25,13350.25,3
2026-08-28 13:33:00+05:30,13348.25,13356.2001953125,13348.25,13356.2001953125,5
2026-08-28 13:34:00+05:30,13351.5,13351.5,13351.5,13351.5,1
2026-08-28 13:35:00+05:30,13359.0,13359.0,13359.0,13359.0,5
2026-08-28 13:37:00+05:30,13367.2998046875,13367.2998046875,13367.2998046875,13367.2998046875,1
2026-08-28 13:39:00+05:30,13350.0498046875,13355.0,13350.0498046875,13355.0,16
2026-08-28 13:40:00+05:30,13350.0,13350.0,13350.0,13350.0,20
2026-08-28 13:41:00+05:30,13360.0498046875,13360.0498046875,13360.0498046875,13360.0498046875,5
2026-08-28 13:42:00+05:30,13352.0,13352.0,13350.75,13350.75,7
2026-08-28 13:43:00+05:30,13359.0,13359.0,13359.0,13359.0,6
2026-08-28 13:44:00+05:30,13359.0,13359.0,13352.099609375,13352.099609375,13
2026-08-28 13:48:00+05:30,13359.0,13359.0,13354.0,13354.0,2
2026-08-28 13:50:00+05:30,13356.0,13356.0498046875,13356.0,13356.0498046875,2
2026-08-28 13:54:00+05:30,13350.5,13350.5,13350.5,13350.5,25
2026-08-28 13:55:00+05:30,13355.849609375,13355.9501953125,13355.849609375,13355.9501953125,4
2026-08-28 13:56:00+05:30,13348.0,13348.0,13348.0,13348.0,3
2026-08-28 14:01:00+05:30,13329.599609375,13346.25,13321.0,13331.2998046875,345
2026-08-28 14:04:00+05:30,13339.75,13347.2998046875,13339.75,13347.2998046875,14
2026-08-28 14:06:00+05:30,13338.0498046875,13338.0498046875,13338.0498046875,13338.0498046875,2
2026-08-28 14:09:00+05:30,13351.7998046875,13351.7998046875,13351.7998046875,13351.7998046875,20
2026-08-28 14:13:00+05:30,13343.0498046875,13343.0498046875,13343.0498046875,13343.0498046875,7
2026-08-28 14:17:00+05:30,13336.2001953125,13336.349609375,13336.2001953125,13336.349609375,2
2026-08-28 14:18:00+05:30,13335.7001953125,13336.25,13335.7001953125,13336.25,16
2026-08-28 14:20:00+05:30,13345.75,13345.900390625,13345.75,13345.900390625,7
2026-08-28 14:21:00+05:30,13345.0,13345.0,13336.0,13336.0,4
2026-08-28 14:22:00+05:30,13334.349609375,13334.349609375,13334.349609375,13334.349609375,56
2026-08-28 14:23:00+05:30,13330.0,13330.0,13330.0,13330.0,5
2026-08-28 14:24:00+05:30,13336.349609375,13336.349609375,13330.0,13330.0,19
2026-08-28 14:27:00+05:30,13338.0,13338.0,13338.0,13338.0,1
2026-08-28 14:28:00+05:30,13338.0,13338.0,13338.0,13338.0,1
2026-08-28 14:29:00+05:30,13329.5,13329.5,13329.5,13329.5,7
2026-08-28 14:30:00+05:30,13349.400390625,13349.400390625,13349.400390625,13349.400390625,2
2026-08-28 14:31:00+05:30,13350.0498046875,13350.0498046875,13348.599609375,13348.599609375,5
2026-08-28 14:33:00+05:30,13357.75,13357.75,13357.75,13357.75,1
2026-08-28 14:34:00+05:30,13357.650390625,13357.900390625,13357.650390625,13357.900390625,2
2026-08-28 14:35:00+05:30,13357.0,13357.0,13357.0,13357.0,11
2026-08-28 14:37:00+05:30,13350.0498046875,13357.0,13350.0498046875,13357.0,99
2026-08-28 14:38:00+05:30,13360.0,13360.0,13355.0,13355.0,58
2026-08-28 14:39:00+05:30,13360.0,13360.0,13360.0,13360.0,14
2026-08-28 14:40:00+05:30,13365.0,13365.0,13360.0,13360.0,383
2026-08-28 14:41:00+05:30,13365.0,13365.0,13365.0,13365.0,15
2026-08-28 14:42:00+05:30,13361.0,13361.0,13361.0,13361.0,51
2026-08-28 14:43:00+05:30,13360.0,13365.0,13360.0,13365.0,77
2026-08-28 14:45:00+05:30,13367.099609375,13367.099609375,13360.400390625,13360.400390625,24
2026-08-28 14:47:00+05:30,13366.0,13366.0,13363.0,13363.0,7
2026-08-28 14:48:00+05:30,13366.0,13366.0,13366.0,13366.0,13
2026-08-28 14:49:00+05:30,13370.0,13370.0,13366.0,13366.0,4
2026-08-28 14:50:00+05:30,13370.0,13370.0,13370.0,13370.0,21
2026-08-28 14:51:00+05:30,13378.0,13378.0,13378.0,13378.0,5
2026-08-28 14:52:00+05:30,13380.0,13382.849609375,13377.9501953125,13377.9501953125,70
2026-08-28 14:53:00+05:30,13381.25,13381.25,13381.25,13381.25,25
2026-08-28 14:54:00+05:30,13380.0,13385.0,13380.0,13385.0,11
2026-08-28 14:55:00+05:30,13382.650390625,13382.650390625,13380.0,13380.0,5
2026-08-28 14:57:00+05:30,13382.650390625,13382.650390625,13382.650390625,13382.650390625,10
2026-08-28 14:58:00+05:30,13384.7998046875,13384.7998046875,13384.25,13384.25,67
2026-08-28 14:59:00+05:30,13379.2998046875,13384.5498046875,13378.650390625,13378.650390625,15
2026-08-28 15:00:00+05:30,13371.349609375,13379.349609375,13370.75,13378.2998046875,72
2026-08-28 15:01:00+05:30,13357.7001953125,13372.0498046875,13357.7001953125,13372.0498046875,271
2026-08-28 15:02:00+05:30,13361.2001953125,13361.2001953125,13361.2001953125,13361.2001953125,1
2026-08-28 15:03:00+05:30,13350.75,13385.0,13350.75,13383.0,5413
2026-08-28 15:04:00+05:30,13377.2001953125,13377.2001953125,13366.7998046875,13367.650390625,37
2026-08-28 15:05:00+05:30,13365.0498046875,13375.2998046875,13365.0498046875,13375.2998046875,4
2026-08-28 15:06:00+05:30,13372.5498046875,13372.5498046875,13367.849609375,13367.849609375,55
2026-08-28 15:07:00+05:30,13378.25,13378.25,13378.25,13378.25,18
2026-08-28 15:08:00+05:30,13379.25,13379.25,13379.25,13379.25,5
2026-08-28 15:10:00+05:30,13372.099609375,13377.849609375,13370.9501953125,13370.9501953125,50
2026-08-28 15:11:00+05:30,13379.25,13379.25,13371.849609375,13373.2001953125,57
2026-08-28 15:12:00+05:30,13395.0,13395.0,13385.0,13385.0,9
2026-08-28 15:13:00+05:30,13399.25,13399.9501953125,13384.2001953125,13399.9501953125,28
2026-08-28 15:14:00+05:30,13385.5,13385.5,13385.5,13385.5,2
2026-08-28 15:28:00+05:30,13385.5,13385.5,13385.5,13385.5,119
2026-08-31 09:15:00+05:30,13358.2001953125,13395.0,13346.849609375,13385.5,94
2026-08-31 09:16:00+05:30,13330.0,13356.849609375,13325.5498046875,13336.9501953125,15
2026-08-31 09:17:00+05:30,13350.0,13357.9501953125,13330.150390625,13343.7998046875,44
2026-08-31 09:18:00+05:30,13347.0,13350.0498046875,13344.0498046875,13344.0498046875,62
2026-08-31 09:19:00+05:30,13351.0,13351.0,13341.0,13347.0,194
2026-08-31 09:20:00+05:30,13355.0,13355.0,13340.25,13340.25,22
2026-08-31 09:21:00+05:30,13350.0,13352.0,13345.0498046875,13345.0498046875,20
2026-08-31 09:22:00+05:30,13352.7001953125,13352.7001953125,13347.7998046875,13350.0,142
2026-08-31 09:23:00+05:30,13355.900390625,13355.900390625,13350.0,13350.0,208
2026-08-31 09:24:00+05:30,13364.9501953125,13364.9501953125,13355.0,13355.0,9
2026-08-31 09:25:00+05:30,13362.0,13362.0,13355.0,13355.0,23
2026-08-31 09:26:00+05:30,13364.0,13367.2001953125,13359.0,13367.2001953125,28
2026-08-31 09:27:00+05:30,13358.0498046875,13369.4501953125,13358.0498046875,13367.099609375,90
2026-08-31 09:28:00+05:30,13366.0,13366.0,13366.0,13366.0,1
2026-08-31 09:29:00+05:30,13380.0,13380.0,13365.0,13368.9501953125,54
2026-08-31 09:30:00+05:30,13373.349609375,13376.0,13370.0,13376.0,18
2026-08-31 09:31:00+05:30,13379.0,13379.0,13379.0,13379.0,10
2026-08-31 09:32:00+05:30,13376.0,13376.0,13372.5,13376.0,31
2026-08-31 09:33:00+05:30,13378.75,13383.9501953125,13368.900390625,13383.9501953125,55
2026-08-31 09:34:00+05:30,13372.400390625,13382.5,13372.400390625,13378.75,18
2026-08-31 09:35:00+05:30,13375.25,13385.0,13375.0,13385.0,7
2026-08-31 09:36:00+05:30,13385.0,13385.0,13385.0,13385.0,1
2026-08-31 09:37:00+05:30,13375.9501953125,13385.0,13375.9501953125,13385.0,30
2026-08-31 09:38:00+05:30,13376.2998046875,13389.0498046875,13376.2998046875,13387.0,105
2026-08-31 09:39:00+05:30,13365.0498046875,13390.0,13365.0498046875,13390.0,109
2026-08-31 09:40:00+05:30,13376.849609375,13376.849609375,13376.849609375,13376.849609375,28
2026-08-31 09:41:00+05:30,13356.150390625,13366.849609375,13355.0,13365.2998046875,36
2026-08-31 09:42:00+05:30,13360.150390625,13360.7001953125,13356.349609375,13356.349609375,20
2026-08-31 09:43:00+05:30,13352.0,13360.0,13352.0,13360.0,35
2026-08-31 09:45:00+05:30,13352.0498046875,13360.650390625,13352.0498046875,13360.0,7
2026-08-31 09:46:00+05:30,13362.0,13365.0,13362.0,13362.7998046875,7
2026-08-31 09:47:00+05:30,13362.4501953125,13371.650390625,13362.0,13362.0,18
2026-08-31 09:48:00+05:30,13363.0,13363.0,13363.0,13363.0,1
2026-08-31 09:49:00+05:30,13369.7998046875,13369.9501953125,13369.7998046875,13369.9501953125,2
2026-08-31 09:50:00+05:30,13368.849609375,13368.849609375,13368.849609375,13368.849609375,2
2026-08-31 09:51:00+05:30,13367.75,13368.849609375,13364.150390625,13364.150390625,14
2026-08-31 09:52:00+05:30,13376.75,13376.75,13367.5498046875,13370.349609375,31
2026-08-31 09:53:00+05:30,13384.9501953125,13385.0,13376.5498046875,13376.849609375,20
2026-08-31 09:54:00+05:30,13374.9501953125,13385.0,13374.9501953125,13381.0,8
2026-08-31 09:55:00+05:30,13394.9501953125,13394.9501953125,13380.75,13385.0,57
2026-08-31 09:56:00+05:30,13386.0,13388.2998046875,13380.0,13388.2998046875,82
2026-08-31 09:57:00+05:30,13380.5498046875,13380.5498046875,13380.5498046875,13380.5498046875,3
2026-08-31 09:58:00+05:30,13372.0498046875,13380.400390625,13372.0498046875,13380.400390625,3
2026-08-31 09:59:00+05:30,13374.9501953125,13379.2998046875,13367.0,13379.2998046875,11
2026-08-31 10:00:00+05:30,13365.25,13365.25,13365.25,13365.25,10
2026-08-31 10:02:00+05:30,13363.0498046875,13372.849609375,13363.0498046875,13372.849609375,10
2026-08-31 10:03:00+05:30,13362.5498046875,13362.5498046875,13362.2998046875,13362.2998046875,10
2026-08-31 10:04:00+05:30,13365.0,13365.0,13365.0,13365.0,1
2026-08-31 10:05:00+05:30,13372.4501953125,13372.4501953125,13372.4501953125,13372.4501953125,1
2026-08-31 10:06:00+05:30,13382.0,13382.0,13375.0,13380.9501953125,18
2026-08-31 10:07:00+05:30,13375.0498046875,13375.0498046875,13375.0498046875,13375.0498046875,2
2026-08-31 10:08:00+05:30,13370.0498046875,13375.0,13370.0498046875,13375.0,7
2026-08-31 10:09:00+05:30,13370.0,13370.0,13370.0,13370.0,7
2026-08-31 10:10:00+05:30,13365.7998046875,13365.7998046875,13360.0,13365.0,9
2026-08-31 10:11:00+05:30,13346.2001953125,13357.0,13340.0,13357.0,98
2026-08-31 10:12:00+05:30,13330.0,13345.849609375,13330.0,13341.150390625,46
2026-08-31 10:13:00+05:30,13330.0,13336.2001953125,13330.0,13335.9501953125,14
2026-08-31 10:14:00+05:30,13338.349609375,13338.349609375,13338.349609375,13338.349609375,1
2026-08-31 10:15:00+05:30,13333.0,13333.0,13333.0,13333.0,1
2026-08-31 10:16:00+05:30,13330.0,13333.0,13330.0,13333.0,6
2026-08-31 10:17:00+05:30,13334.0498046875,13343.75,13332.400390625,13343.75,53
2026-08-31 10:18:00+05:30,13343.650390625,13343.650390625,13343.650390625,13343.650390625,1
2026-08-31 10:19:00+05:30,13335.849609375,13344.900390625,13335.849609375,13340.349609375,7
2026-08-31 10:20:00+05:30,13330.0,13342.75,13330.0,13335.849609375,89
2026-08-31 10:21:00+05:30,13314.0498046875,13328.0,13314.0498046875,13328.0,93
2026-08-31 10:22:00+05:30,13308.0498046875,13316.7001953125,13301.0,13310.349609375,93
2026-08-31 10:23:00+05:30,13314.849609375,13315.349609375,13309.4501953125,13309.4501953125,7
2026-08-31 10:24:00+05:30,13319.9501953125,13319.9501953125,13310.75,13319.849609375,5
2026-08-31 10:25:00+05:30,13319.2998046875,13319.849609375,13311.75,13319.849609375,14
2026-08-31 10:27:00+05:30,13322.75,13322.75,13322.75,13322.75,8
2026-08-31 10:30:00+05:30,13327.5498046875,13330.0,13326.7998046875,13330.0,8
2026-08-31 10:31:00+05:30,13334.0,13334.0,13333.9501953125,13333.9501953125,9
2026-08-31 10:32:00+05:30,13334.0,13334.0,13334.0,13334.0,6
2026-08-31 10:33:00+05:30,13340.0,13340.0,13334.0,13334.0,105
2026-08-31 10:34:00+05:30,13342.5,13342.5,13342.150390625,13342.150390625,7
2026-08-31 10:35:00+05:30,13340.0,13341.25,13340.0,13340.0,12
2026-08-31 10:36:00+05:30,13344.099609375,13344.099609375,13344.0498046875,13344.0498046875,3
2026-08-31 10:37:00+05:30,13336.25,13344.099609375,13336.25,13337.400390625,4
2026-08-31 10:39:00+05:30,13339.9501953125,13339.9501953125,13339.9501953125,13339.9501953125,2
2026-08-31 10:40:00+05:30,13348.0,13348.0,13345.849609375,13345.849609375,5
2026-08-31 10:41:00+05:30,13349.9501953125,13349.9501953125,13349.9501953125,13349.9501953125,1
2026-08-31 10:42:00+05:30,13349.0,13350.0,13343.0498046875,13343.0498046875,72
2026-08-31 10:43:00+05:30,13342.5498046875,13350.0,13342.5498046875,13350.0,17
2026-08-31 10:44:00+05:30,13342.5,13342.5,13342.5,13342.5,1
2026-08-31 10:45:00+05:30,13350.0,13350.0,13350.0,13350.0,25
2026-08-31 10:46:00+05:30,13354.900390625,13354.900390625,13354.900390625,13354.900390625,1
2026-08-31 10:47:00+05:30,13345.0,13345.0,13345.0,13345.0,1
2026-08-31 10:48:00+05:30,13345.2998046875,13345.2998046875,13345.2998046875,13345.2998046875,10
2026-08-31 10:49:00+05:30,13354.4501953125,13354.4501953125,13346.0,13354.0498046875,3
2026-08-31 10:50:00+05:30,13350.0498046875,13350.0498046875,13350.0498046875,13350.0498046875,1
2026-08-31 10:51:00+05:30,13336.0,13340.0,13336.0,13340.0,14
2026-08-31 10:52:00+05:30,13344.099609375,13344.099609375,13344.099609375,13344.099609375,2
2026-08-31 10:53:00+05:30,13347.650390625,13347.650390625,13347.650390625,13347.650390625,149
2026-08-31 10:54:00+05:30,13350.5498046875,13355.0,13350.5498046875,13355.0,10
2026-08-31 10:55:00+05:30,13342.5498046875,13356.4501953125,13342.5498046875,13356.4501953125,12
2026-08-31 10:58:00+05:30,13348.25,13348.25,13345.849609375,13345.849609375,12
2026-08-31 10:59:00+05:30,13334.0,13349.900390625,13334.0,13349.900390625,6
2026-08-31 11:00:00+05:30,13329.150390625,13329.4501953125,13329.0498046875,13329.4501953125,20
2026-08-31 11:01:00+05:30,13312.0,13328.9501953125,13312.0,13328.9501953125,88
2026-08-31 11:02:00+05:30,13326.25,13328.0498046875,13326.25,13328.0498046875,2
2026-08-31 11:03:00+05:30,13326.2998046875,13326.2998046875,13326.2998046875,13326.2998046875,25
2026-08-31 11:04:00+05:30,13325.9501953125,13326.9501953125,13320.0,13326.9501953125,16
2026-08-31 11:05:00+05:30,13312.5498046875,13323.900390625,13312.5498046875,13320.0,72
2026-08-31 11:06:00+05:30,13310.0,13319.900390625,13310.0,13319.900390625,4
2026-08-31 11:07:00+05:30,13317.25,13317.650390625,13317.25,13317.650390625,8
2026-08-31 11:08:00+05:30,13310.0,13313.0,13310.0,13313.0,102
2026-08-31 11:09:00+05:30,13302.2998046875,13302.2998046875,13300.0,13301.5,147
2026-08-31 11:10:00+05:30,13302.2998046875,13302.2998046875,13302.2998046875,13302.2998046875,1
2026-08-31 11:11:00+05:30,13297.650390625,13309.25,13297.650390625,13309.25,15
2026-08-31 11:12:00+05:30,13304.599609375,13304.599609375,13297.5498046875,13297.650390625,43
2026-08-31 11:14:00+05:30,13309.0,13309.0,13308.099609375,13308.099609375,22
2026-08-31 11:15:00+05:30,13310.0,13310.0,13303.849609375,13303.849609375,4
2026-08-31 11:16:00+05:30,13306.0,13310.0,13306.0,13310.0,24
2026-08-31 11:17:00+05:30,13305.0,13305.0,13305.0,13305.0,2
2026-08-31 11:18:00+05:30,13304.0,13304.0,13304.0,13304.0,3
2026-08-31 11:19:00+05:30,13305.5498046875,13305.5498046875,13302.0,13302.0,14
2026-08-31 11:20:00+05:30,13298.400390625,13305.5498046875,13298.400390625,13305.5498046875,52
2026-08-31 11:21:00+05:30,13301.7001953125,13305.0,13295.0,13295.7001953125,55
2026-08-31 11:22:00+05:30,13292.5,13295.0,13291.849609375,13295.0,5
2026-08-31 11:23:00+05:30,13298.400390625,13299.849609375,13298.400390625,13299.849609375,6
2026-08-31 11:24:00+05:30,13295.0,13301.5,13295.0,13297.349609375,14
2026-08-31 11:25:00+05:30,13295.0,13295.0,13295.0,13295.0,20
2026-08-31 11:26:00+05:30,13290.0,13295.0,13287.0,13295.0,34
2026-08-31 11:27:00+05:30,13290.0,13290.0,13290.0,13290.0,4
2026-08-31 11:28:00+05:30,13285.0,13292.4501953125,13285.0,13292.4501953125,20
2026-08-31 11:29:00+05:30,13285.0,13285.0,13285.0,13285.0,35
2026-08-31 11:30:00+05:30,13287.4501953125,13287.5498046875,13287.4501953125,13287.5498046875,31
2026-08-31 11:31:00+05:30,13290.0,13290.0,13290.0,13290.0,1
2026-08-31 11:32:00+05:30,13292.0,13292.0,13291.9501953125,13291.9501953125,3
2026-08-31 11:33:00+05:30,13289.9501953125,13292.0,13285.0,13292.0,4
2026-08-31 11:34:00+05:30,13289.2998046875,13290.900390625,13289.2998046875,13289.849609375,8
2026-08-31 11:36:00+05:30,13292.4501953125,13292.4501953125,13291.7001953125,13291.7001953125,7
2026-08-31 11:38:00+05:30,13287.4501953125,13289.0498046875,13280.0,13289.0498046875,51
2026-08-31 11:39:00+05:30,13274.900390625,13280.0,13268.599609375,13280.0,57
2026-08-31 11:40:00+05:30,13277.0498046875,13277.0498046875,13277.0498046875,13277.0498046875,1
2026-08-31 11:41:00+05:30,13289.5498046875,13289.5498046875,13289.5498046875,13289.5498046875,17
2026-08-31 11:42:00+05:30,13290.0,13290.0,13288.0,13288.0,3
2026-08-31 11:43:00+05:30,13292.150390625,13292.150390625,13292.150390625,13292.150390625,1
2026-08-31 11:44:00+05:30,13280.150390625,13289.0,13280.150390625,13289.0,6
2026-08-31 11:45:00+05:30,13280.0,13287.2998046875,13280.0,13287.2998046875,4
2026-08-31 11:46:00+05:30,13287.0,13287.0,13285.849609375,13285.849609375,2
2026-08-31 11:47:00+05:30,13285.9501953125,13285.9501953125,13280.150390625,13280.150390625,3
2026-08-31 11:48:00+05:30,13280.0,13287.0,13280.0,13287.0,3
2026-08-31 11:49:00+05:30,13289.9501953125,13289.9501953125,13289.9501953125,13289.9501953125,1
2026-08-31 11:50:00+05:30,13290.0,13290.0,13290.0,13290.0,2
2026-08-31 11:52:00+05:30,13285.0,13287.0,13281.7998046875,13281.7998046875,14
2026-08-31 11:53:00+05:30,13285.0498046875,13285.0498046875,13282.5498046875,13282.5498046875,16
2026-08-31 11:54:00+05:30,13319.4501953125,13319.4501953125,13287.7998046875,13287.7998046875,14
2026-08-31 11:55:00+05:30,13307.5,13309.5498046875,13286.099609375,13309.5498046875,348
2026-08-31 11:56:00+05:30,13320.25,13320.25,13292.099609375,13296.599609375,124
2026-08-31 11:57:00+05:30,13325.900390625,13330.0,13325.900390625,13330.0,30
2026-08-31 11:58:00+05:30,13333.9501953125,13333.9501953125,13333.9501953125,13333.9501953125,1
2026-08-31 11:59:00+05:30,13320.349609375,13332.650390625,13320.349609375,13332.650390625,21
2026-08-31 12:00:00+05:30,13334.849609375,13336.9501953125,13334.849609375,13336.7001953125,14
2026-08-31 12:01:00+05:30,13339.5,13339.5,13330.7001953125,13335.0,18
2026-08-31 12:02:00+05:30,13340.099609375,13340.099609375,13340.099609375,13340.099609375,6
2026-08-31 12:03:00+05:30,13348.0,13348.0,13348.0,13348.0,3
2026-08-31 12:04:00+05:30,13359.0,13359.0,13343.5498046875,13349.0,62
2026-08-31 12:05:00+05:30,13351.650390625,13357.2998046875,13351.650390625,13357.2998046875,12
2026-08-31 12:07:00+05:30,13355.0,13355.0,13351.650390625,13351.650390625,3
2026-08-31 12:08:00+05:30,13359.0,13359.0,13359.0,13359.0,2
2026-08-31 12:09:00+05:30,13355.0,13355.0,13355.0,13355.0,1
2026-08-31 12:10:00+05:30,13359.0,13359.0,13348.0,13348.0,83
2026-08-31 12:12:00+05:30,13355.599609375,13355.599609375,13354.7001953125,13354.7001953125,35
2026-08-31 12:13:00+05:30,13346.0,13347.5498046875,13346.0,13347.5498046875,8
2026-08-31 12:14:00+05:30,13359.0498046875,13359.0498046875,13352.599609375,13352.599609375,61
2026-08-31 12:15:00+05:30,13359.0498046875,13359.0498046875,13359.0498046875,13359.0498046875,2
2026-08-31 12:16:00+05:30,13360.0,13360.0,13355.0,13355.0,5
2026-08-31 12:17:00+05:30,13372.349609375,13372.349609375,13372.349609375,13372.349609375,50
2026-08-31 12:18:00+05:30,13372.9501953125,13372.9501953125,13372.400390625,13372.400390625,3
2026-08-31 12:20:00+05:30,13372.0,13372.0,13372.0,13372.0,1
2026-08-31 12:21:00+05:30,13382.5,13382.5,13364.0,13364.0,54
2026-08-31 12:22:00+05:30,13388.650390625,13395.0,13377.599609375,13380.0,182
2026-08-31 12:23:00+05:30,13392.0,13392.0,13392.0,13392.0,1
2026-08-31 12:24:00+05:30,13386.0,13391.650390625,13386.0,13391.650390625,36
2026-08-31 12:25:00+05:30,13387.650390625,13387.650390625,13387.650390625,13387.650390625,3
2026-08-31 12:26:00+05:30,13380.0,13380.0,13380.0,13380.0,17
2026-08-31 12:27:00+05:30,13384.5498046875,13384.5498046875,13380.0,13380.0,24
2026-08-31 12:28:00+05:30,13375.0498046875,13380.0,13375.0498046875,13380.0,31
2026-08-31 12:29:00+05:30,13372.7998046875,13372.7998046875,13372.7998046875,13372.7998046875,100
2026-08-31 12:30:00+05:30,13392.5,13392.5,13380.0,13383.7998046875,14
2026-08-31 12:31:00+05:30,13395.0,13395.0,13395.0,13395.0,30
2026-08-31 12:32:00+05:30,13400.0,13400.0,13392.900390625,13392.900390625,12
2026-08-31 12:33:00+05:30,13400.0,13400.0,13400.0,13400.0,10
2026-08-31 12:34:00+05:30,13402.0,13402.0,13402.0,13402.0,166
2026-08-31 12:35:00+05:30,13407.2001953125,13411.0,13406.25,13406.25,162
2026-08-31 12:36:00+05:30,13405.2998046875,13405.2998046875,13405.2998046875,13405.2998046875,5
2026-08-31 12:37:00+05:30,13420.0,13420.0,13405.5498046875,13412.0,129
2026-08-31 12:38:00+05:30,13420.0,13420.0,13409.0,13409.0,11
2026-08-31 12:39:00+05:30,13410.0,13410.0,13410.0,13410.0,15
2026-08-31 12:40:00+05:30,13413.349609375,13413.349609375,13413.349609375,13413.349609375,4
2026-08-31 12:41:00+05:30,13416.0,13421.2998046875,13410.7998046875,13410.7998046875,39
2026-08-31 12:43:00+05:30,13407.5,13407.5,13407.5,13407.5,1
2026-08-31 12:44:00+05:30,13420.0,13420.0,13416.0,13416.0,75
2026-08-31 12:45:00+05:30,13416.650390625,13425.0,13416.650390625,13425.0,31
2026-08-31 12:46:00+05:30,13414.900390625,13424.9501953125,13414.900390625,13424.9501953125,22
2026-08-31 12:47:00+05:30,13425.0,13425.0,13415.25,13424.75,34
2026-08-31 12:48:00+05:30,13425.0,13425.0,13425.0,13425.0,8
2026-08-31 12:49:00+05:30,13422.0498046875,13429.0,13420.0,13421.150390625,25
2026-08-31 12:50:00+05:30,13440.0,13440.0,13429.0,13429.0,58
2026-08-31 12:51:00+05:30,13450.0,13450.0,13444.0,13444.0,29
2026-08-31 12:52:00+05:30,13446.400390625,13454.900390625,13446.0,13454.900390625,11
2026-08-31 12:53:00+05:30,13445.75,13447.9501953125,13444.650390625,13447.9501953125,6
2026-08-31 12:54:00+05:30,13440.0,13447.0498046875,13436.0498046875,13445.75,64
2026-08-31 12:55:00+05:30,13444.599609375,13445.849609375,13440.0,13440.0,8
2026-08-31 12:56:00+05:30,13445.0,13445.0,13445.0,13445.0,16
2026-08-31 12:57:00+05:30,13439.2998046875,13441.2001953125,13439.2998046875,13441.2001953125,2
2026-08-31 12:58:00+05:30,13438.2998046875,13438.2998046875,13438.2998046875,13438.2998046875,1
2026-08-31 12:59:00+05:30,13436.099609375,13437.650390625,13425.650390625,13437.650390625,14
2026-08-31 13:00:00+05:30,13435.650390625,13435.650390625,13435.650390625,13435.650390625,4
2026-08-31 13:01:00+05:30,13440.0,13440.0,13440.0,13440.0,12
2026-08-31 13:02:00+05:30,13444.9501953125,13444.9501953125,13444.9501953125,13444.9501953125,1
2026-08-31 13:03:00+05:30,13432.5,13443.849609375,13432.5,13434.7001953125,8
2026-08-31 13:04:00+05:30,13437.5498046875,13437.5498046875,13437.5498046875,13437.5498046875,1
2026-08-31 13:05:00+05:30,13445.0,13445.0,13445.0,13445.0,1
2026-08-31 13:06:00+05:30,13437.5,13437.5,13437.5,13437.5,1
2026-08-31 13:07:00+05:30,13432.0,13432.0,13432.0,13432.0,6
2026-08-31 13:08:00+05:30,13430.7998046875,13432.0,13430.7998046875,13432.0,6
2026-08-31 13:09:00+05:30,13426.5498046875,13438.599609375,13426.5498046875,13438.599609375,27
2026-08-31 13:10:00+05:30,13426.599609375,13435.5,13426.5498046875,13426.5498046875,10
2026-08-31 13:11:00+05:30,13426.599609375,13426.599609375,13426.599609375,13426.599609375,1
2026-08-31 13:13:00+05:30,13432.599609375,13432.599609375,13430.0,13430.0,4
2026-08-31 13:14:00+05:30,13434.2001953125,13444.9501953125,13434.2001953125,13444.9501953125,3
2026-08-31 13:15:00+05:30,13444.900390625,13444.900390625,13444.900390625,13444.900390625,1
2026-08-31 13:18:00+05:30,13428.5498046875,13428.5498046875,13428.5498046875,13428.5498046875,1
2026-08-31 13:20:00+05:30,13430.0,13430.0,13430.0,13430.0,1
2026-08-31 13:21:00+05:30,13440.7001953125,13440.7001953125,13435.0,13435.0,52
2026-08-31 13:23:00+05:30,13434.9501953125,13434.9501953125,13434.9501953125,13434.9501953125,1
2026-08-31 13:25:00+05:30,13440.7001953125,13440.7001953125,13435.0,13435.0,24
2026-08-31 13:26:00+05:30,13441.0,13441.0,13441.0,13441.0,1
2026-08-31 13:27:00+05:30,13447.5,13447.5,13447.5,13447.5,5
2026-08-31 13:29:00+05:30,13441.0,13441.0,13441.0,13441.0,15
2026-08-31 13:30:00+05:30,13443.2998046875,13443.2998046875,13435.0,13441.0,87
2026-08-31 13:31:00+05:30,13434.9501953125,13434.9501953125,13434.9501953125,13434.9501953125,2
2026-08-31 13:32:00+05:30,13415.25,13433.7998046875,13415.25,13432.0,12
2026-08-31 13:33:00+05:30,13415.400390625,13415.400390625,13415.400390625,13415.400390625,3
2026-08-31 13:34:00+05:30,13484.4501953125,13484.4501953125,13445.0498046875,13445.0498046875,360
2026-08-31 13:35:00+05:30,13459.7001953125,13461.7001953125,13459.7001953125,13461.7001953125,2
2026-08-31 13:36:00+05:30,13431.7998046875,13445.099609375,13431.7998046875,13445.099609375,17
2026-08-31 13:37:00+05:30,13440.7998046875,13440.7998046875,13440.7998046875,13440.7998046875,5
2026-08-31 13:39:00+05:30,13448.4501953125,13448.4501953125,13436.9501953125,13436.9501953125,4
2026-08-31 13:40:00+05:30,13440.0,13440.0,13440.0,13440.0,1
2026-08-31 13:42:00+05:30,13440.0,13440.0,13440.0,13440.0,9
2026-08-31 13:43:00+05:30,13440.0,13440.0,13440.0,13440.0,7
2026-08-31 13:44:00+05:30,13440.0,13440.0,13440.0,13440.0,18
2026-08-31 13:45:00+05:30,13432.0,13440.0,13432.0,13440.0,44
2026-08-31 13:48:00+05:30,13430.0498046875,13438.650390625,13430.0498046875,13438.650390625,6
2026-08-31 13:49:00+05:30,13428.900390625,13428.900390625,13428.900390625,13428.900390625,1
2026-08-31 13:51:00+05:30,13429.2001953125,13429.2001953125,13429.2001953125,13429.2001953125,1
2026-08-31 13:52:00+05:30,13420.5498046875,13420.900390625,13420.150390625,13420.900390625,60
2026-08-31 13:56:00+05:30,13420.150390625,13420.150390625,13420.150390625,13420.150390625,3
2026-08-31 13:58:00+05:30,13410.900390625,13410.900390625,13410.900390625,13410.900390625,56
2026-08-31 13:59:00+05:30,13425.849609375,13425.849609375,13425.849609375,13425.849609375,1
2026-08-31 14:00:00+05:30,13415.0,13415.0,13415.0,13415.0,4
2026-08-31 14:02:00+05:30,13425.0,13425.0,13425.0,13425.0,7
2026-08-31 14:03:00+05:30,13425.0,13425.0,13425.0,13425.0,14
2026-08-31 14:04:00+05:30,13433.099609375,13433.099609375,13433.099609375,13433.099609375,2
2026-08-31 14:05:00+05:30,13420.0,13420.0,13419.0,13419.0,11
2026-08-31 14:06:00+05:30,13420.0,13420.0,13420.0,13420.0,27
2026-08-31 14:07:00+05:30,13415.099609375,13420.0,13415.099609375,13420.0,6
2026-08-31 14:14:00+05:30,13423.650390625,13434.650390625,13423.650390625,13434.650390625,17
2026-08-31 14:16:00+05:30,13428.400390625,13428.400390625,13428.400390625,13428.400390625,1
2026-08-31 14:17:00+05:30,13433.150390625,13433.150390625,13433.150390625,13433.150390625,2
2026-08-31 14:19:00+05:30,13419.5498046875,13419.5498046875,13419.5,13419.5,3
2026-08-31 14:20:00+05:30,13420.0,13420.150390625,13420.0,13420.150390625,36
2026-08-31 14:21:00+05:30,13420.0498046875,13420.0498046875,13420.0498046875,13420.0498046875,9
2026-08-31 14:22:00+05:30,13430.400390625,13430.400390625,13430.400390625,13430.400390625,1
2026-08-31 14:23:00+05:30,13432.650390625,13432.650390625,13423.2001953125,13423.2001953125,5
2026-08-31 14:24:00+05:30,13430.0,13430.0,13425.2998046875,13425.2998046875,30
2026-08-31 14:25:00+05:30,13425.150390625,13432.25,13425.150390625,13432.25,25
2026-08-31 14:26:00+05:30,13421.099609375,13432.4501953125,13421.099609375,13432.4501953125,3
2026-08-31 14:27:00+05:30,13420.0,13420.0,13420.0,13420.0,2
2026-08-31 14:28:00+05:30,13420.0,13420.0,13420.0,13420.0,1
2026-08-31 14:29:00+05:30,13423.0,13423.0,13423.0,13423.0,1
2026-08-31 14:30:00+05:30,13426.099609375,13432.9501953125,13420.2998046875,13420.2998046875,3
2026-08-31 14:32:00+05:30,13427.0,13438.9501953125,13427.0,13433.150390625,32
2026-08-31 14:33:00+05:30,13421.0,13436.5,13421.0,13436.5,16
2026-08-31 14:35:00+05:30,13421.0,13428.9501953125,13421.0,13428.9501953125,4
2026-08-31 14:37:00+05:30,13425.0,13425.0,13425.0,13425.0,1
2026-08-31 14:38:00+05:30,13425.0,13425.0,13417.2001953125,13417.2001953125,3
2026-08-31 14:39:00+05:30,13430.0,13430.0,13425.0,13429.0,83
2026-08-31 14:42:00+05:30,13440.0,13440.0,13434.900390625,13434.900390625,10
2026-08-31 14:43:00+05:30,13438.599609375,13438.599609375,13438.599609375,13438.599609375,7
2026-08-31 14:44:00+05:30,13428.599609375,13428.599609375,13428.599609375,13428.599609375,4
2026-08-31 14:45:00+05:30,13418.0,13430.0,13418.0,13430.0,9
2026-08-31 14:46:00+05:30,13455.0,13455.0,13430.0,13430.0,51
2026-08-31 14:47:00+05:30,13440.25,13440.25,13440.25,13440.25,1
2026-08-31 14:48:00+05:30,13445.2998046875,13447.599609375,13439.9501953125,13439.9501953125,12
2026-08-31 14:49:00+05:30,13433.2001953125,13433.2001953125,13427.7998046875,13427.7998046875,25
2026-08-31 14:50:00+05:30,13422.900390625,13428.0498046875,13422.900390625,13425.25,26
2026-08-31 14:51:00+05:30,13435.5,13435.5,13435.5,13435.5,1
2026-08-31 14:52:00+05:30,13435.0,13435.0,13433.5,13433.5,2
2026-08-31 14:53:00+05:30,13429.0,13429.0,13429.0,13429.0,5
2026-08-31 14:54:00+05:30,13438.849609375,13438.900390625,13438.849609375,13438.900390625,2
2026-08-31 14:55:00+05:30,13432.5,13432.5,13432.0,13432.0,3
2026-08-31 14:56:00+05:30,13430.349609375,13430.4501953125,13425.0,13425.0,13
2026-08-31 14:57:00+05:30,13420.25,13420.25,13420.25,13420.25,24
2026-08-31 14:58:00+05:30,13434.0,13434.0,13424.75,13424.75,3
2026-08-31 14:59:00+05:30,13423.0498046875,13435.849609375,13423.0498046875,13435.849609375,14
2026-08-31 15:00:00+05:30,13429.599609375,13429.599609375,13415.2001953125,13420.0,325
2026-08-31 15:01:00+05:30,13429.9501953125,13429.9501953125,13415.0,13415.0,22
2026-08-31 15:02:00+05:30,13422.9501953125,13430.0,13422.0,13422.0,47
2026-08-31 15:03:00+05:30,13411.5,13419.099609375,13411.5,13419.099609375,48
2026-08-31 15:04:00+05:30,13402.75,13411.5,13402.75,13411.5,9
2026-08-31 15:05:00+05:30,13408.0498046875,13409.099609375,13408.0498046875,13409.099609375,15
2026-08-31 15:06:00+05:30,13420.900390625,13420.900390625,13402.7998046875,13415.2001953125,20
2026-08-31 15:07:00+05:30,13410.7001953125,13415.0,13410.7001953125,13415.0,71
2026-08-31 15:08:00+05:30,13420.0,13420.0,13410.150390625,13410.150390625,4
2026-08-31 15:09:00+05:30,13426.0,13428.650390625,13415.5,13415.5,25
2026-08-31 15:10:00+05:30,13415.0,13415.7998046875,13415.0,13415.099609375,12
2026-08-31 15:11:00+05:30,13402.75,13402.75,13402.75,13402.75,1
2026-08-31 15:12:00+05:30,13418.5,13422.0,13418.5,13422.0,6
2026-08-31 15:13:00+05:30,13435.0,13435.0,13422.400390625,13422.400390625,59
2026-08-31 15:14:00+05:30,13445.0,13468.0,13435.0,13435.0,41
2026-08-31 15:28:00+05:30,13480.0,13480.0,13480.0,13480.0,78
2026-09-01 09:15:00+05:30,13460.0,13476.900390625,13418.349609375,13476.900390625,157
2026-09-01 09:16:00+05:30,13405.5498046875,13405.5498046875,13405.5498046875,13405.5498046875,129
2026-09-01 09:17:00+05:30,13416.900390625,13437.0,13400.0,13437.0,41
2026-09-01 09:18:00+05:30,13420.0,13420.0,13400.0,13400.0,23
2026-09-01 09:19:00+05:30,13434.7001953125,13434.7001953125,13414.5,13414.5,33
2026-09-01 09:20:00+05:30,13429.650390625,13432.4501953125,13429.650390625,13432.4501953125,44
2026-09-01 09:21:00+05:30,13435.150390625,13442.9501953125,13435.150390625,13442.9501953125,37
2026-09-01 09:22:00+05:30,13433.599609375,13434.75,13428.150390625,13428.150390625,62
2026-09-01 09:23:00+05:30,13439.849609375,13443.650390625,13425.0,13443.650390625,172
2026-09-01 09:24:00+05:30,13429.650390625,13430.4501953125,13424.0,13425.0,86
2026-09-01 09:25:00+05:30,13419.849609375,13419.849609375,13410.0,13410.150390625,128
2026-09-01 09:27:00+05:30,13421.2001953125,13421.2001953125,13421.2001953125,13421.2001953125,10
2026-09-01 09:28:00+05:30,13434.5498046875,13434.5498046875,13434.5498046875,13434.5498046875,5
2026-09-01 09:31:00+05:30,13431.2001953125,13442.849609375,13431.2001953125,13442.849609375,5
2026-09-01 09:32:00+05:30,13440.0,13440.0,13440.0,13440.0,1
2026-09-01 09:33:00+05:30,13434.7001953125,13434.7001953125,13431.2001953125,13431.2001953125,30
2026-09-01 09:34:00+05:30,13433.0,13433.0,13433.0,13433.0,2
2026-09-01 09:36:00+05:30,13405.0,13415.599609375,13405.0,13415.599609375,7
2026-09-01 09:37:00+05:30,13395.75,13401.0,13395.75,13401.0,22
2026-09-01 09:38:00+05:30,13416.650390625,13416.650390625,13416.650390625,13416.650390625,1
2026-09-01 09:40:00+05:30,13405.400390625,13413.5,13399.0,13413.5,10
2026-09-01 09:41:00+05:30,13409.9501953125,13410.0,13401.099609375,13410.0,14
2026-09-01 09:43:00+05:30,13407.9501953125,13407.9501953125,13396.2998046875,13396.2998046875,4
2026-09-01 09:45:00+05:30,13397.2001953125,13397.2001953125,13397.2001953125,13397.2001953125,2
2026-09-01 09:46:00+05:30,13400.0,13400.0,13400.0,13400.0,9
2026-09-01 09:47:00+05:30,13404.599609375,13404.599609375,13404.599609375,13404.599609375,5
2026-09-01 09:48:00+05:30,13400.0,13400.0,13400.0,13400.0,1
2026-09-01 09:51:00+05:30,13400.400390625,13407.5,13400.400390625,13407.5,5
2026-09-01 09:52:00+05:30,13419.9501953125,13419.9501953125,13404.0,13404.0,16
2026-09-01 09:53:00+05:30,13425.7001953125,13425.7001953125,13425.7001953125,13425.7001953125,40
2026-09-01 09:54:00+05:30,13408.0,13412.0,13408.0,13412.0,110
2026-09-01 09:58:00+05:30,13405.2001953125,13405.2001953125,13405.2001953125,13405.2001953125,1
2026-09-01 10:02:00+05:30,13419.849609375,13419.849609375,13419.849609375,13419.849609375,7
2026-09-01 10:04:00+05:30,13420.0,13420.0,13420.0,13420.0,10
2026-09-01 10:05:00+05:30,13425.7001953125,13425.7001953125,13425.7001953125,13425.7001953125,1
2026-09-01 10:06:00+05:30,13425.0,13426.0,13425.0,13426.0,42
2026-09-01 10:07:00+05:30,13420.0,13420.0,13418.5498046875,13418.5498046875,28
2026-09-01 10:08:00+05:30,13405.2001953125,13410.0,13405.2001953125,13410.0,28
2026-09-01 10:10:00+05:30,13404.650390625,13404.650390625,13404.650390625,13404.650390625,17
2026-09-01 10:11:00+05:30,13404.650390625,13404.650390625,13398.5,13398.5,73
2026-09-01 10:12:00+05:30,13390.0,13390.0,13390.0,13390.0,2
2026-09-01 10:13:00+05:30,13402.650390625,13402.650390625,13402.650390625,13402.650390625,28
2026-09-01 10:14:00+05:30,13420.0,13420.0,13420.0,13420.0,20
2026-09-01 10:15:00+05:30,13429.0,13429.0,13420.0,13420.0,89
2026-09-01 10:16:00+05:30,13430.0,13434.650390625,13426.75,13434.650390625,6
2026-09-01 10:17:00+05:30,13425.599609375,13425.599609375,13425.599609375,13425.599609375,62
2026-09-01 10:18:00+05:30,13419.0498046875,13419.0498046875,13419.0498046875,13419.0498046875,1
2026-09-01 10:19:00+05:30,13429.150390625,13429.5498046875,13429.150390625,13429.5498046875,2
2026-09-01 10:23:00+05:30,13431.5498046875,13431.5498046875,13429.25,13429.25,20
2026-09-01 10:25:00+05:30,13426.5498046875,13426.5498046875,13426.5498046875,13426.5498046875,1
2026-09-01 10:26:00+05:30,13428.099609375,13428.150390625,13422.0,13422.0,43
2026-09-01 10:27:00+05:30,13415.0498046875,13415.0498046875,13415.0498046875,13415.0498046875,3
2026-09-01 10:28:00+05:30,13425.0,13426.900390625,13425.0,13426.900390625,4
2026-09-01 10:31:00+05:30,13400.0,13418.650390625,13400.0,13418.650390625,41
2026-09-01 10:32:00+05:30,13411.0,13411.0,13411.0,13411.0,51
2026-09-01 10:33:00+05:30,13433.900390625,13433.900390625,13433.900390625,13433.900390625,1
2026-09-01 10:34:00+05:30,13413.75,13421.150390625,13405.0,13421.150390625,14
2026-09-01 10:35:00+05:30,13385.0,13413.75,13385.0,13413.75,65
2026-09-01 10:36:00+05:30,13385.0,13385.0,13380.0,13380.0,24
2026-09-01 10:37:00+05:30,13379.349609375,13379.349609375,13379.099609375,13379.099609375,16
2026-09-01 10:38:00+05:30,13387.2001953125,13387.2001953125,13387.2001953125,13387.2001953125,2
2026-09-01 10:39:00+05:30,13380.0,13380.0,13380.0,13380.0,1
2026-09-01 10:40:00+05:30,13387.0498046875,13387.0498046875,13375.0498046875,13375.0498046875,14
2026-09-01 10:41:00+05:30,13397.599609375,13397.599609375,13383.4501953125,13387.0,96
2026-09-01 10:42:00+05:30,13392.2998046875,13392.2998046875,13382.150390625,13382.150390625,5
2026-09-01 10:43:00+05:30,13382.0498046875,13392.0,13382.0498046875,13382.0498046875,9
2026-09-01 10:44:00+05:30,13382.0,13389.7998046875,13382.0,13389.7998046875,6
2026-09-01 10:45:00+05:30,13360.5498046875,13373.900390625,13360.5498046875,13373.900390625,16
2026-09-01 10:46:00+05:30,13375.400390625,13375.400390625,13375.400390625,13375.400390625,1
2026-09-01 10:47:00+05:30,13375.400390625,13375.400390625,13375.400390625,13375.400390625,1
2026-09-01 10:51:00+05:30,13378.0,13378.0,13378.0,13378.0,1
2026-09-01 10:52:00+05:30,13371.0498046875,13371.0498046875,13371.0498046875,13371.0498046875,1
2026-09-01 10:53:00+05:30,13390.0,13390.0,13390.0,13390.0,1
2026-09-01 10:55:00+05:30,13400.0,13400.0,13390.349609375,13390.349609375,15
2026-09-01 10:56:00+05:30,13409.599609375,13409.599609375,13409.599609375,13409.599609375,1
2026-09-01 10:59:00+05:30,13413.0,13413.0,13413.0,13413.0,4
2026-09-01 11:00:00+05:30,13412.9501953125,13412.9501953125,13402.75,13402.75,2
2026-09-01 11:01:00+05:30,13409.599609375,13409.599609375,13409.599609375,13409.599609375,214
2026-09-01 11:02:00+05:30,13419.5498046875,13419.5498046875,13419.5498046875,13419.5498046875,50
2026-09-01 11:07:00+05:30,13420.0,13420.0,13420.0,13420.0,1
2026-09-01 11:09:00+05:30,13428.599609375,13428.599609375,13428.599609375,13428.599609375,1
2026-09-01 11:11:00+05:30,13429.9501953125,13430.0,13420.099609375,13430.0,4
2026-09-01 11:12:00+05:30,13420.599609375,13420.599609375,13420.599609375,13420.599609375,20
2026-09-01 11:17:00+05:30,13409.650390625,13409.650390625,13409.650390625,13409.650390625,34
2026-09-01 11:18:00+05:30,13419.400390625,13419.400390625,13419.400390625,13419.400390625,16
2026-09-01 11:23:00+05:30,13410.2001953125,13410.2001953125,13410.2001953125,13410.2001953125,1
2026-09-01 11:24:00+05:30,13405.9501953125,13405.9501953125,13405.9501953125,13405.9501953125,179
2026-09-01 11:25:00+05:30,13385.7998046875,13394.5498046875,13385.7998046875,13394.5498046875,47
2026-09-01 11:27:00+05:30,13390.0,13401.0498046875,13390.0,13391.5498046875,20
2026-09-01 11:28:00+05:30,13399.900390625,13399.900390625,13399.900390625,13399.900390625,1
2026-09-01 11:30:00+05:30,13410.0,13410.0,13410.0,13410.0,10
2026-09-01 11:32:00+05:30,13400.099609375,13410.0,13400.099609375,13410.0,4
2026-09-01 11:34:00+05:30,13415.0,13415.0,13402.0,13402.0,3774
2026-09-01 11:35:00+05:30,13415.0,13415.0,13415.0,13415.0,3000
2026-09-01 11:36:00+05:30,13400.0,13400.0,13400.0,13400.0,3
2026-09-01 11:37:00+05:30,13391.5498046875,13391.5498046875,13391.5498046875,13391.5498046875,2
2026-09-01 11:38:00+05:30,13390.0,13390.0,13390.0,13390.0,1
2026-09-01 11:42:00+05:30,13390.0,13390.0,13390.0,13390.0,9
2026-09-01 11:44:00+05:30,13390.0,13390.0,13382.0,13384.0498046875,3
2026-09-01 11:46:00+05:30,13409.849609375,13409.849609375,13409.849609375,13409.849609375,5
2026-09-01 11:47:00+05:30,13400.099609375,13400.099609375,13400.099609375,13400.099609375,1
2026-09-01 11:49:00+05:30,13399.900390625,13399.900390625,13399.900390625,13399.900390625,4
2026-09-01 11:50:00+05:30,13395.0,13396.25,13395.0,13396.25,26
2026-09-01 11:55:00+05:30,13399.599609375,13399.599609375,13399.599609375,13399.599609375,1
2026-09-01 11:56:00+05:30,13384.0498046875,13390.0,13384.0498046875,13390.0,19
2026-09-01 11:57:00+05:30,13390.849609375,13390.849609375,13390.849609375,13390.849609375,3
2026-09-01 12:00:00+05:30,13400.75,13401.849609375,13400.75,13401.849609375,2
2026-09-01 12:01:00+05:30,13387.0,13387.0,13387.0,13387.0,10
2026-09-01 12:03:00+05:30,13381.150390625,13381.150390625,13381.150390625,13381.150390625,8
2026-09-01 12:08:00+05:30,13383.0,13387.9501953125,13383.0,13387.9501953125,2
2026-09-01 12:09:00+05:30,13392.0,13392.0,13383.0,13390.0,651
2026-09-01 12:10:00+05:30,13392.0,13392.0,13392.0,13392.0,50
2026-09-01 12:13:00+05:30,13339.4501953125,13392.0,13327.349609375,13392.0,5425
2026-09-01 12:14:00+05:30,13287.9501953125,13336.849609375,13280.0,13336.849609375,602
2026-09-01 12:15:00+05:30,13265.0,13288.849609375,13265.0,13287.0,176
2026-09-01 12:16:00+05:30,13200.0,13260.0,13199.849609375,13260.0,256
2026-09-01 12:17:00+05:30,13158.9501953125,13232.2001953125,13114.5498046875,13230.099609375,270
2026-09-01 12:18:00+05:30,13206.9501953125,13206.9501953125,13135.0,13155.0,269
2026-09-01 12:19:00+05:30,13210.0498046875,13215.0,13200.2001953125,13204.9501953125,120
2026-09-01 12:20:00+05:30,13209.650390625,13217.5,13182.7998046875,13216.7998046875,130
2026-09-01 12:21:00+05:30,13208.7001953125,13219.650390625,13190.0,13205.9501953125,111
2026-09-01 12:22:00+05:30,13120.9501953125,13200.0,13080.0,13200.0,221
2026-09-01 12:23:00+05:30,13083.099609375,13102.900390625,13050.0,13102.900390625,170
2026-09-01 12:24:00+05:30,13057.9501953125,13080.650390625,13050.0,13069.900390625,179
2026-09-01 12:25:00+05:30,13100.2998046875,13111.25,13059.9501953125,13059.9501953125,78
2026-09-01 12:26:00+05:30,13080.0,13127.0,13080.0,13100.349609375,217
2026-09-01 12:27:00+05:30,13046.2001953125,13097.25,13046.2001953125,13067.599609375,444
2026-09-01 12:28:00+05:30,13073.9501953125,13087.5,13045.0,13066.0,96
2026-09-01 12:29:00+05:30,13040.0,13054.7001953125,13026.849609375,13050.0,277
2026-09-01 12:30:00+05:30,13061.9501953125,13061.9501953125,13035.4501953125,13035.4501953125,59
2026-09-01 12:31:00+05:30,13060.4501953125,13076.849609375,13060.4501953125,13063.0,30
2026-09-01 12:32:00+05:30,13075.849609375,13075.849609375,13074.400390625,13074.400390625,62
2026-09-01 12:33:00+05:30,13060.0,13089.25,13060.0,13074.849609375,194
2026-09-01 12:34:00+05:30,13091.599609375,13091.599609375,13059.0498046875,13060.150390625,256
2026-09-01 12:35:00+05:30,13093.150390625,13093.150390625,13078.0,13092.0,181
2026-09-01 12:36:00+05:30,13080.0,13098.75,13080.0,13098.75,88
2026-09-01 12:37:00+05:30,13102.5,13102.5,13082.0,13087.7001953125,209
2026-09-01 12:38:00+05:30,13078.900390625,13100.75,13070.0,13088.0,59
2026-09-01 12:39:00+05:30,13071.7001953125,13087.5,13071.7001953125,13087.5,64
2026-09-01 12:40:00+05:30,13080.5498046875,13080.5498046875,13080.5,13080.5,7
2026-09-01 12:41:00+05:30,13023.900390625,13062.0,13020.0,13062.0,177
2026-09-01 12:42:00+05:30,12989.5498046875,13040.099609375,12972.9501953125,13040.099609375,959
2026-09-01 12:43:00+05:30,12930.0,12994.9501953125,12912.599609375,12980.0,794
2026-09-01 12:44:00+05:30,12977.0,12977.0,12926.099609375,12926.099609375,175
2026-09-01 12:45:00+05:30,12960.0,12985.0,12960.0,12978.4501953125,119
2026-09-01 12:46:00+05:30,12997.5,12997.5,12968.2998046875,12976.7998046875,87
2026-09-01 12:47:00+05:30,13000.0,13012.4501953125,12983.650390625,13012.4501953125,105
2026-09-01 12:48:00+05:30,13010.5,13017.0,13000.0498046875,13000.0498046875,254
2026-09-01 12:49:00+05:30,13020.0,13023.150390625,13000.650390625,13000.650390625,297
2026-09-01 12:50:00+05:30,13002.849609375,13017.7998046875,12999.0,13010.0,64
2026-09-01 12:51:00+05:30,12991.0,12992.7001953125,12980.0,12986.900390625,58
2026-09-01 12:52:00+05:30,12999.5,13011.349609375,12990.0,12990.0,196
2026-09-01 12:53:00+05:30,13013.9501953125,13019.7998046875,12987.4501953125,12987.4501953125,130
2026-09-01 12:54:00+05:30,13007.0,13027.150390625,13007.0,13020.0,101
2026-09-01 12:55:00+05:30,13024.849609375,13031.650390625,13015.0,13015.0,65
2026-09-01 12:56:00+05:30,13000.0,13018.0,13000.0,13018.0,660
2026-09-01 12:57:00+05:30,13000.0,13010.0,13000.0,13005.0,429
2026-09-01 12:58:00+05:30,12999.099609375,13000.0,12975.7998046875,13000.0,754
2026-09-01 12:59:00+05:30,12998.650390625,12998.650390625,12980.0,12990.0,39
2026-09-01 13:00:00+05:30,12981.099609375,13000.75,12977.0,12997.849609375,909
2026-09-01 13:01:00+05:30,12987.650390625,12992.0,12970.0,12992.0,66
2026-09-01 13:02:00+05:30,12999.5,13000.0,12987.599609375,12987.599609375,26
2026-09-01 13:03:00+05:30,12982.5,12992.599609375,12977.7001953125,12992.599609375,36
2026-09-01 13:04:00+05:30,12972.4501953125,12972.599609375,12961.400390625,12972.0,51
2026-09-01 13:05:00+05:30,12971.4501953125,12971.4501953125,12960.0,12969.7998046875,44
2026-09-01 13:06:00+05:30,12965.0,12989.4501953125,12965.0,12984.7998046875,99
2026-09-01 13:07:00+05:30,12975.0,12975.0,12960.0,12968.0,889
2026-09-01 13:08:00+05:30,12940.5498046875,12972.849609375,12930.0,12972.849609375,389
2026-09-01 13:09:00+05:30,12910.0,12925.0,12910.0,12925.0,203
2026-09-01 13:10:00+05:30,12898.349609375,12911.0,12885.0,12903.2998046875,471
2026-09-01 13:11:00+05:30,12918.599609375,12918.599609375,12885.0,12885.0,320
2026-09-01 13:12:00+05:30,12904.849609375,12915.0,12900.0,12915.0,105
2026-09-01 13:13:00+05:30,12889.9501953125,12905.5498046875,12884.0,12905.5498046875,124
2026-09-01 13:14:00+05:30,12874.900390625,12891.25,12862.5498046875,12891.25,250
2026-09-01 13:15:00+05:30,12888.0,12896.150390625,12856.0,12870.0,544
2026-09-01 13:16:00+05:30,12889.900390625,12900.0,12889.900390625,12900.0,18
2026-09-01 13:17:00+05:30,12893.599609375,12893.599609375,12893.599609375,12893.599609375,5
2026-09-01 13:18:00+05:30,12920.0,12920.0,12900.0,12900.0,392
2026-09-01 13:19:00+05:30,12925.0,12949.4501953125,12925.0,12935.5,121
2026-09-01 13:20:00+05:30,12905.0,12922.150390625,12890.0,12911.0,99
2026-09-01 13:21:00+05:30,12939.099609375,12939.099609375,12909.25,12912.599609375,19
2026-09-01 13:22:00+05:30,12945.0,12945.0,12924.75,12924.75,207
2026-09-01 13:23:00+05:30,12966.5498046875,12980.650390625,12943.0,12943.0,798
2026-09-01 13:24:00+05:30,12958.25,12975.0,12958.25,12969.2001953125,178
2026-09-01 13:25:00+05:30,12985.0,12989.7998046875,12958.25,12966.5498046875,250
2026-09-01 13:26:00+05:30,12969.9501953125,13011.0,12962.5498046875,13007.5,855
2026-09-01 13:27:00+05:30,12952.5,12965.0,12941.5,12953.9501953125,5669
2026-09-01 13:28:00+05:30,12935.9501953125,12943.650390625,12923.099609375,12935.2001953125,73
2026-09-01 13:29:00+05:30,12915.0,12930.0,12915.0,12924.0498046875,56
2026-09-01 13:30:00+05:30,12938.849609375,12939.7998046875,12915.0498046875,12915.0498046875,35
2026-09-01 13:31:00+05:30,12936.900390625,12936.900390625,12936.900390625,12936.900390625,3
2026-09-01 13:32:00+05:30,12932.0,12943.75,12926.0,12930.0,55
2026-09-01 13:33:00+05:30,12931.4501953125,12943.599609375,12931.4501953125,12936.9501953125,41
2026-09-01 13:34:00+05:30,12931.25,12940.0,12923.099609375,12930.7001953125,131
2026-09-01 13:35:00+05:30,12980.0,12980.0,12950.0,12950.0,419
2026-09-01 13:36:00+05:30,12985.0,12994.75,12974.4501953125,12975.0,55
2026-09-01 13:37:00+05:30,12996.0,12996.0,12977.0,12985.0,69
2026-09-01 13:38:00+05:30,13000.0,13005.0,12988.599609375,12996.0,286
2026-09-01 13:39:00+05:30,12995.099609375,13000.0,12995.099609375,12997.0,27
2026-09-01 13:40:00+05:30,12979.25,13000.0,12974.75,12998.0,500
2026-09-01 13:41:00+05:30,12981.7998046875,12994.7998046875,12979.25,12988.0,451
2026-09-01 13:42:00+05:30,12980.0,12994.150390625,12980.0,12984.0,25
2026-09-01 13:43:00+05:30,12980.0,12987.2001953125,12978.4501953125,12986.849609375,39
2026-09-01 13:44:00+05:30,12980.0,12985.0,12980.0,12985.0,5
2026-09-01 13:45:00+05:30,12983.0,12983.0,12976.25,12979.0,39
2026-09-01 13:46:00+05:30,12978.75,12985.25,12975.0,12985.25,32
2026-09-01 13:47:00+05:30,12970.0,12980.25,12970.0,12975.0,52
2026-09-01 13:48:00+05:30,12961.349609375,12981.4501953125,12961.349609375,12974.0,82
2026-09-01 13:49:00+05:30,12967.7001953125,12968.5,12961.349609375,12963.7001953125,27
2026-09-01 13:50:00+05:30,12940.0,12961.400390625,12940.0,12961.349609375,118
2026-09-01 13:51:00+05:30,12929.349609375,12942.4501953125,12929.349609375,12940.0,589
2026-09-01 13:52:00+05:30,12957.349609375,12958.349609375,12950.0,12950.0,21
2026-09-01 13:53:00+05:30,12954.0,12957.0,12950.150390625,12952.650390625,28
2026-09-01 13:54:00+05:30,12958.150390625,12962.099609375,12950.9501953125,12957.0,28
2026-09-01 13:55:00+05:30,12962.150390625,12962.150390625,12950.0,12954.0,15
2026-09-01 13:56:00+05:30,12949.9501953125,12950.0498046875,12949.9501953125,12950.0498046875,21
2026-09-01 13:57:00+05:30,12952.4501953125,12953.900390625,12938.0498046875,12953.900390625,210
2026-09-01 13:58:00+05:30,12944.0498046875,12957.599609375,12944.0498046875,12957.599609375,262
2026-09-01 13:59:00+05:30,12950.0,12957.349609375,12948.849609375,12948.9501953125,67
2026-09-01 14:00:00+05:30,12936.0498046875,12956.0,12936.0498046875,12956.0,59
2026-09-01 14:01:00+05:30,12920.0,12937.5,12920.0,12936.400390625,38
2026-09-01 14:02:00+05:30,12937.400390625,12937.400390625,12920.0498046875,12928.9501953125,53
2026-09-01 14:03:00+05:30,12922.650390625,12932.0,12922.650390625,12925.0,57
2026-09-01 14:04:00+05:30,12921.0,12922.5,12920.5,12922.150390625,27
2026-09-01 14:05:00+05:30,12885.0,12923.0,12880.0,12923.0,248
2026-09-01 14:06:00+05:30,12879.4501953125,12885.4501953125,12877.5498046875,12885.0,150
2026-09-01 14:07:00+05:30,12868.0,12889.099609375,12868.0,12879.650390625,144
2026-09-01 14:08:00+05:30,12892.2001953125,12892.4501953125,12880.7998046875,12881.0,81
2026-09-01 14:09:00+05:30,12876.900390625,12889.9501953125,12876.900390625,12889.9501953125,25
2026-09-01 14:10:00+05:30,12886.0,12886.0,12876.9501953125,12877.0498046875,75
2026-09-01 14:11:00+05:30,12890.0,12894.849609375,12886.0498046875,12889.9501953125,34
2026-09-01 14:12:00+05:30,12889.9501953125,12892.9501953125,12886.0,12890.0,80
2026-09-01 14:13:00+05:30,12904.7998046875,12904.7998046875,12885.0,12885.0,154
2026-09-01 14:14:00+05:30,12899.0,12905.7998046875,12895.150390625,12905.0,47
2026-09-01 14:15:00+05:30,12879.4501953125,12909.9501953125,12870.25,12900.0,585
2026-09-01 14:16:00+05:30,12879.9501953125,12883.650390625,12867.25,12875.0498046875,558
2026-09-01 14:17:00+05:30,12891.7998046875,12891.7998046875,12882.4501953125,12882.4501953125,10
2026-09-01 14:18:00+05:30,12885.4501953125,12885.75,12882.099609375,12882.099609375,7
2026-09-01 14:19:00+05:30,12897.099609375,12897.099609375,12885.0,12885.4501953125,31
2026-09-01 14:20:00+05:30,12900.0,12900.0,12890.0,12890.0,232
2026-09-01 14:21:00+05:30,12887.0,12900.650390625,12887.0,12896.0498046875,120
2026-09-01 14:22:00+05:30,12880.0,12889.400390625,12867.150390625,12889.400390625,101
2026-09-01 14:23:00+05:30,12870.0,12879.7998046875,12870.0,12870.0,46
2026-09-01 14:24:00+05:30,12875.5,12878.2001953125,12865.0,12865.0,51
2026-09-01 14:25:00+05:30,12875.0,12881.599609375,12864.0,12865.0,58
2026-09-01 14:26:00+05:30,12869.5,12878.900390625,12869.5,12875.0,45
2026-09-01 14:27:00+05:30,12880.0,12883.0498046875,12870.0,12877.2998046875,93
2026-09-01 14:28:00+05:30,12880.0,12880.0,12873.150390625,12878.2001953125,22
2026-09-01 14:29:00+05:30,12894.7001953125,12894.7001953125,12880.0,12880.0,200
2026-09-01 14:30:00+05:30,12882.2998046875,12897.150390625,12880.150390625,12897.150390625,320
2026-09-01 14:31:00+05:30,12899.5,12899.5,12883.4501953125,12888.0,46
2026-09-01 14:32:00+05:30,12900.150390625,12900.2998046875,12899.5,12899.5498046875,15
2026-09-01 14:33:00+05:30,12893.5,12908.5,12892.2001953125,12900.099609375,286
2026-09-01 14:34:00+05:30,12900.0,12900.0,12894.900390625,12894.900390625,17
2026-09-01 14:35:00+05:30,12900.0,12906.0,12891.75,12906.0,101
2026-09-01 14:36:00+05:30,12890.0498046875,12896.0,12890.0498046875,12891.0498046875,30
2026-09-01 14:37:00+05:30,12901.349609375,12901.349609375,12890.0,12890.0,14
2026-09-01 14:38:00+05:30,12905.0,12905.0,12897.5,12900.0,118
2026-09-01 14:39:00+05:30,12898.0,12910.0,12897.0,12910.0,115
2026-09-01 14:40:00+05:30,12895.0,12899.150390625,12892.7001953125,12897.0498046875,27
2026-09-01 14:41:00+05:30,12903.0,12904.0,12900.0,12900.0,104
2026-09-01 14:42:00+05:30,12915.0,12915.0,12902.0498046875,12902.0498046875,51
2026-09-01 14:43:00+05:30,12910.0,12914.5,12905.0,12910.0,42
2026-09-01 14:44:00+05:30,12903.400390625,12905.0,12903.400390625,12905.0,19
2026-09-01 14:45:00+05:30,12910.2998046875,12920.0,12900.0,12912.0498046875,61
2026-09-01 14:46:00+05:30,12917.0498046875,12917.9501953125,12910.0,12910.0498046875,23
2026-09-01 14:47:00+05:30,12901.4501953125,12917.9501953125,12901.4501953125,12917.9501953125,22
2026-09-01 14:48:00+05:30,12905.9501953125,12907.150390625,12901.0,12902.900390625,29
2026-09-01 14:49:00+05:30,12912.2998046875,12912.2998046875,12900.5,12901.0,49
2026-09-01 14:50:00+05:30,12913.0,12920.75,12909.7001953125,12909.7001953125,10
2026-09-01 14:51:00+05:30,12924.0,12924.0,12908.0,12913.0,227
2026-09-01 14:52:00+05:30,12921.5,12925.0,12914.0,12925.0,36
2026-09-01 14:53:00+05:30,12916.0,12920.0,12914.349609375,12914.349609375,55
2026-09-01 14:54:00+05:30,12915.0,12920.4501953125,12913.0,12914.0,97
2026-09-01 14:55:00+05:30,12918.0,12923.9501953125,12910.0,12915.0,116
2026-09-01 14:56:00+05:30,12904.0498046875,12916.75,12904.0498046875,12916.75,74
2026-09-01 14:57:00+05:30,12904.900390625,12907.5,12903.0,12904.7001953125,179
2026-09-01 14:58:00+05:30,12904.900390625,12915.900390625,12904.900390625,12904.900390625,168
2026-09-01 14:59:00+05:30,12917.75,12917.75,12905.0,12910.0,110
2026-09-01 15:00:00+05:30,12911.9501953125,12914.400390625,12902.0498046875,12914.400390625,93
2026-09-01 15:01:00+05:30,12905.0,12905.0,12897.5,12902.0,144
2026-09-01 15:02:00+05:30,12909.7001953125,12909.7001953125,12898.75,12900.0498046875,119
2026-09-01 15:03:00+05:30,12897.7001953125,12909.7001953125,12884.25,12909.7001953125,603
2026-09-01 15:04:00+05:30,12899.9501953125,12905.2001953125,12892.5498046875,12905.2001953125,81
2026-09-01 15:05:00+05:30,12899.5498046875,12899.5498046875,12885.0498046875,12889.2001953125,230
2026-09-01 15:06:00+05:30,12915.349609375,12915.349609375,12898.5498046875,12901.7001953125,77
2026-09-01 15:07:00+05:30,12908.5,12915.25,12908.5,12912.400390625,138
2026-09-01 15:08:00+05:30,12912.4501953125,12914.599609375,12901.849609375,12905.0,18
2026-09-01 15:09:00+05:30,12909.4501953125,12911.650390625,12896.0,12911.650390625,65
2026-09-01 15:10:00+05:30,12905.0,12911.900390625,12905.0,12905.0,30
2026-09-01 15:11:00+05:30,12913.4501953125,12913.650390625,12896.0498046875,12913.650390625,48
2026-09-01 15:12:00+05:30,12895.400390625,12905.0,12890.0,12901.0498046875,192
2026-09-01 15:13:00+05:30,12916.0,12916.0,12911.4501953125,12911.4501953125,33
2026-09-01 15:14:00+05:30,12915.0,12915.0,12900.0498046875,12900.0498046875,47
2026-09-01 15:28:00+05:30,12919.0,12919.0,12919.0,12919.0,1179
2026-09-02 09:15:00+05:30,12800.0,12813.25,12759.400390625,12800.0,613
2026-09-02 09:16:00+05:30,12783.900390625,12804.7998046875,12777.0,12800.0,186
2026-09-02 09:17:00+05:30,12768.150390625,12794.9501953125,12760.0,12787.25,192
2026-09-02 09:18:00+05:30,12811.75,12823.5498046875,12771.900390625,12771.900390625,90
2026-09-02 09:19:00+05:30,12805.75,12818.25,12799.0,12812.7001953125,232
2026-09-02 09:20:00+05:30,12780.0,12798.5498046875,12780.0,12791.099609375,89
2026-09-02 09:21:00+05:30,12818.25,12818.25,12797.0,12797.0,170
2026-09-02 09:22:00+05:30,12771.900390625,12810.0498046875,12771.900390625,12808.150390625,185
2026-09-02 09:23:00+05:30,12772.099609375,12779.5,12761.0,12770.0498046875,191
2026-09-02 09:24:00+05:30,12780.0,12780.0,12772.0,12772.0,40
2026-09-02 09:25:00+05:30,12808.0498046875,12808.0498046875,12795.0498046875,12800.0,59
2026-09-02 09:26:00+05:30,12811.349609375,12831.349609375,12799.2998046875,12808.599609375,162
2026-09-02 09:27:00+05:30,12810.0498046875,12817.599609375,12807.25,12807.25,33
2026-09-02 09:28:00+05:30,12807.25,12825.5498046875,12807.25,12825.5498046875,11
2026-09-02 09:29:00+05:30,12791.9501953125,12811.9501953125,12790.599609375,12802.0,56
2026-09-02 09:30:00+05:30,12784.9501953125,12796.5498046875,12784.9501953125,12791.349609375,53
2026-09-02 09:31:00+05:30,12795.9501953125,12795.9501953125,12771.5,12785.0498046875,37
2026-09-02 09:32:00+05:30,12796.150390625,12797.25,12781.75,12783.0,20
2026-09-02 09:33:00+05:30,12787.5498046875,12796.2998046875,12787.5498046875,12795.0,39
2026-09-02 09:34:00+05:30,12790.7001953125,12797.75,12782.5,12792.0,37
2026-09-02 09:35:00+05:30,12790.7001953125,12796.349609375,12781.75,12794.2001953125,27
2026-09-02 09:36:00+05:30,12770.0,12779.599609375,12770.0,12779.599609375,196
2026-09-02 09:37:00+05:30,12795.2998046875,12795.2998046875,12782.849609375,12782.849609375,73
2026-09-02 09:38:00+05:30,12784.7001953125,12784.7001953125,12775.0,12783.7001953125,13
2026-09-02 09:39:00+05:30,12761.5498046875,12780.0,12761.5498046875,12777.0,35
2026-09-02 09:40:00+05:30,12770.0,12779.9501953125,12770.0,12777.7001953125,67
2026-09-02 09:41:00+05:30,12770.0,12779.849609375,12765.4501953125,12770.0498046875,46
2026-09-02 09:42:00+05:30,12780.0,12780.0,12777.25,12780.0,66
2026-09-02 09:43:00+05:30,12780.5498046875,12795.2998046875,12780.5498046875,12795.2998046875,86
2026-09-02 09:44:00+05:30,12781.7998046875,12787.349609375,12781.7998046875,12787.349609375,35
2026-09-02 09:45:00+05:30,12780.849609375,12781.2001953125,12772.5498046875,12780.650390625,29
2026-09-02 09:46:00+05:30,12775.25,12786.900390625,12772.900390625,12772.900390625,29
2026-09-02 09:47:00+05:30,12755.4501953125,12780.0,12755.4501953125,12775.349609375,217
2026-09-02 09:48:00+05:30,12781.599609375,12781.599609375,12763.0,12763.0,8
2026-09-02 09:49:00+05:30,12791.099609375,12791.099609375,12780.0,12780.0,20
2026-09-02 09:50:00+05:30,12795.0,12797.0,12790.0,12790.0,33
2026-09-02 09:51:00+05:30,12784.7998046875,12803.5498046875,12774.75,12803.5498046875,62
2026-09-02 09:52:00+05:30,12786.5,12786.5,12780.25,12780.25,7
2026-09-02 09:53:00+05:30,12785.0,12787.0498046875,12778.2998046875,12786.25,31
2026-09-02 09:54:00+05:30,12795.2001953125,12795.2001953125,12790.599609375,12790.599609375,4
2026-09-02 09:55:00+05:30,12794.5498046875,12794.5498046875,12780.25,12790.0,9
2026-09-02 09:56:00+05:30,12807.349609375,12807.349609375,12788.4501953125,12794.7001953125,58
2026-09-02 09:57:00+05:30,12811.349609375,12815.0,12807.2998046875,12807.2998046875,126
2026-09-02 09:58:00+05:30,12840.0,12840.0,12827.349609375,12828.7001953125,87
2026-09-02 09:59:00+05:30,12859.900390625,12859.900390625,12840.0,12840.0,186
2026-09-02 10:00:00+05:30,12855.0,12859.650390625,12844.7998046875,12859.650390625,10
2026-09-02 10:01:00+05:30,12860.0,12860.0,12851.0,12851.0,86
2026-09-02 10:02:00+05:30,12876.5498046875,12876.5498046875,12860.0,12860.0,15
2026-09-02 10:03:00+05:30,12866.7998046875,12875.2001953125,12860.900390625,12867.349609375,43
2026-09-02 10:04:00+05:30,12880.349609375,12880.349609375,12866.7998046875,12871.0,43
2026-09-02 10:05:00+05:30,12880.0,12891.349609375,12880.0,12880.0,82
2026-09-02 10:06:00+05:30,12864.400390625,12874.7998046875,12850.0,12874.7998046875,29
2026-09-02 10:07:00+05:30,12854.7998046875,12860.650390625,12854.7998046875,12860.650390625,9
2026-09-02 10:08:00+05:30,12865.0,12866.2001953125,12865.0,12866.2001953125,6
2026-09-02 10:09:00+05:30,12860.0,12862.0,12860.0,12860.0,20
2026-09-02 10:10:00+05:30,12834.4501953125,12857.0,12834.4501953125,12855.0,74
2026-09-02 10:11:00+05:30,12820.0,12832.9501953125,12820.0,12832.9501953125,106
2026-09-02 10:12:00+05:30,12825.25,12825.25,12819.650390625,12819.650390625,30
2026-09-02 10:13:00+05:30,12827.099609375,12827.099609375,12826.25,12826.25,5
2026-09-02 10:14:00+05:30,12806.5498046875,12822.099609375,12800.0,12814.5,419
2026-09-02 10:15:00+05:30,12780.0,12805.0,12780.0,12802.0498046875,79
2026-09-02 10:16:00+05:30,12765.25,12790.0,12765.25,12786.849609375,184
2026-09-02 10:17:00+05:30,12770.25,12773.849609375,12764.099609375,12770.0,34
2026-09-02 10:18:00+05:30,12771.5498046875,12772.2998046875,12765.0,12765.0,61
2026-09-02 10:19:00+05:30,12762.0,12769.4501953125,12762.0,12769.4501953125,3
2026-09-02 10:20:00+05:30,12781.099609375,12783.0,12760.0,12762.0,127
2026-09-02 10:21:00+05:30,12790.75,12790.75,12781.099609375,12781.099609375,144
2026-09-02 10:22:00+05:30,12775.0,12787.0,12775.0,12787.0,105
2026-09-02 10:23:00+05:30,12770.0,12782.7998046875,12770.0,12782.7998046875,33
2026-09-02 10:24:00+05:30,12775.0,12775.0,12765.099609375,12770.0,80
2026-09-02 10:25:00+05:30,12772.5,12777.099609375,12765.7001953125,12765.7001953125,4
2026-09-02 10:26:00+05:30,12781.5498046875,12781.5498046875,12781.5498046875,12781.5498046875,3
2026-09-02 10:27:00+05:30,12777.0,12782.0,12777.0,12781.900390625,6
2026-09-02 10:28:00+05:30,12775.7998046875,12781.599609375,12775.7998046875,12781.599609375,85
2026-09-02 10:29:00+05:30,12777.099609375,12781.849609375,12770.0,12781.849609375,15
2026-09-02 10:30:00+05:30,12780.4501953125,12780.4501953125,12779.7998046875,12780.0,16
2026-09-02 10:31:00+05:30,12775.2001953125,12775.2001953125,12770.0,12770.0,19
2026-09-02 10:32:00+05:30,12770.0,12775.9501953125,12770.0,12771.0,148
2026-09-02 10:33:00+05:30,12765.0,12772.5,12765.0,12770.0,36
2026-09-02 10:34:00+05:30,12760.900390625,12772.099609375,12760.900390625,12765.099609375,23
2026-09-02 10:35:00+05:30,12779.7998046875,12779.7998046875,12766.4501953125,12770.0,16
2026-09-02 10:36:00+05:30,12777.4501953125,12778.650390625,12768.4501953125,12778.650390625,28
2026-09-02 10:37:00+05:30,12787.349609375,12787.349609375,12769.349609375,12773.0,39
2026-09-02 10:38:00+05:30,12780.400390625,12790.0,12780.0,12780.0,15
2026-09-02 10:39:00+05:30,12770.0,12780.0,12770.0,12780.0,7
2026-09-02 10:40:00+05:30,12780.0,12780.0,12777.9501953125,12778.0,3
2026-09-02 10:41:00+05:30,12782.7998046875,12782.7998046875,12780.4501953125,12780.4501953125,11
2026-09-02 10:42:00+05:30,12782.25,12784.099609375,12782.25,12784.099609375,2
2026-09-02 10:43:00+05:30,12777.7001953125,12784.849609375,12775.0498046875,12782.2998046875,19
2026-09-02 10:45:00+05:30,12773.0,12786.0,12773.0,12786.0,24
2026-09-02 10:46:00+05:30,12772.0498046875,12772.0498046875,12770.150390625,12770.150390625,31
2026-09-02 10:47:00+05:30,12772.0498046875,12776.5,12772.0,12772.0,53
2026-09-02 10:48:00+05:30,12782.900390625,12782.900390625,12770.900390625,12772.0498046875,21
2026-09-02 10:49:00+05:30,12779.0,12779.0,12779.0,12779.0,1
2026-09-02 10:50:00+05:30,12773.150390625,12781.849609375,12773.150390625,12781.849609375,15
2026-09-02 10:51:00+05:30,12774.4501953125,12774.4501953125,12774.0498046875,12774.099609375,14
2026-09-02 10:52:00+05:30,12765.650390625,12771.0,12765.650390625,12771.0,25
2026-09-02 10:53:00+05:30,12750.0,12773.0,12745.0,12773.0,433
2026-09-02 10:54:00+05:30,12748.650390625,12750.0,12735.0,12750.0,58
2026-09-02 10:55:00+05:30,12725.650390625,12751.099609375,12725.0498046875,12745.900390625,78
2026-09-02 10:56:00+05:30,12745.75,12745.75,12740.0,12743.099609375,9
2026-09-02 10:57:00+05:30,12741.25,12749.4501953125,12741.25,12749.4501953125,18
2026-09-02 10:58:00+05:30,12753.2001953125,12753.2001953125,12753.2001953125,12753.2001953125,1
2026-09-02 10:59:00+05:30,12747.599609375,12756.349609375,12747.5,12755.75,20
2026-09-02 11:00:00+05:30,12735.0,12750.0,12735.0,12750.0,25
2026-09-02 11:01:00+05:30,12740.349609375,12740.349609375,12740.349609375,12740.349609375,41
2026-09-02 11:02:00+05:30,12711.0,12739.4501953125,12711.0,12739.4501953125,430
2026-09-02 11:03:00+05:30,12713.650390625,12713.650390625,12700.0,12711.0,410
2026-09-02 11:04:00+05:30,12713.099609375,12724.9501953125,12706.400390625,12717.5498046875,160
2026-09-02 11:05:00+05:30,12714.0,12714.9501953125,12714.0,12714.2998046875,17
2026-09-02 11:06:00+05:30,12705.0498046875,12713.849609375,12705.0498046875,12709.75,19
2026-09-02 11:07:00+05:30,12708.0,12708.0,12708.0,12708.0,6
2026-09-02 11:08:00+05:30,12712.2998046875,12713.9501953125,12707.0,12713.9501953125,25
2026-09-02 11:09:00+05:30,12712.25,12712.25,12712.25,12712.25,1
2026-09-02 11:10:00+05:30,12702.0,12710.4501953125,12702.0,12709.0,84
2026-09-02 11:11:00+05:30,12706.650390625,12706.650390625,12701.0,12702.0,56
2026-09-02 11:12:00+05:30,12693.150390625,12707.0,12693.150390625,12702.0498046875,74
2026-09-02 11:13:00+05:30,12696.25,12704.2998046875,12696.25,12700.0,129
2026-09-02 11:14:00+05:30,12698.0,12702.2001953125,12698.0,12700.0,126
2026-09-02 11:15:00+05:30,12700.0,12700.0,12690.25,12696.0,15
2026-09-02 11:16:00+05:30,12705.099609375,12715.849609375,12700.0,12705.0,139
2026-09-02 11:17:00+05:30,12701.9501953125,12713.2998046875,12693.7001953125,12713.2998046875,46
2026-09-02 11:18:00+05:30,12695.0,12704.9501953125,12695.0,12701.9501953125,15
2026-09-02 11:19:00+05:30,12690.099609375,12700.099609375,12690.099609375,12700.099609375,6
2026-09-02 11:20:00+05:30,12694.0,12698.599609375,12690.099609375,12690.099609375,52
2026-09-02 11:21:00+05:30,12698.099609375,12698.099609375,12697.4501953125,12697.4501953125,4
2026-09-02 11:22:00+05:30,12706.099609375,12709.400390625,12701.7998046875,12706.650390625,17
2026-09-02 11:23:00+05:30,12700.0,12704.0,12700.0,12704.0,37
2026-09-02 11:24:00+05:30,12690.0,12695.0,12690.0,12695.0,24
2026-09-02 11:25:00+05:30,12693.5498046875,12695.7998046875,12680.0,12695.7998046875,419
2026-09-02 11:26:00+05:30,12680.0,12692.75,12675.650390625,12692.75,95
2026-09-02 11:27:00+05:30,12678.0,12679.9501953125,12672.5498046875,12677.0,33
2026-09-02 11:28:00+05:30,12677.5,12677.75,12670.150390625,12677.0,29
2026-09-02 11:29:00+05:30,12660.0,12676.9501953125,12655.0,12676.9501953125,169
2026-09-02 11:30:00+05:30,12657.599609375,12665.900390625,12656.0,12665.900390625,13
2026-09-02 11:31:00+05:30,12655.0,12662.0498046875,12655.0,12655.0,39
2026-09-02 11:32:00+05:30,12658.0,12658.0,12637.599609375,12655.0,384
2026-09-02 11:33:00+05:30,12643.2998046875,12650.4501953125,12642.599609375,12650.4501953125,43
2026-09-02 11:34:00+05:30,12644.75,12651.400390625,12644.75,12651.400390625,27
2026-09-02 11:35:00+05:30,12654.9501953125,12655.5498046875,12654.7001953125,12655.5498046875,24
2026-09-02 11:36:00+05:30,12658.0498046875,12658.0498046875,12650.0,12655.75,29
2026-09-02 11:37:00+05:30,12650.150390625,12658.349609375,12650.150390625,12658.0,17
2026-09-02 11:38:00+05:30,12650.0498046875,12656.7998046875,12650.0498046875,12650.150390625,52
2026-09-02 11:39:00+05:30,12653.7998046875,12657.650390625,12645.2998046875,12657.2001953125,189
2026-09-02 11:40:00+05:30,12644.75,12645.2998046875,12644.75,12645.2998046875,10
2026-09-02 11:41:00+05:30,12642.0,12654.9501953125,12642.0,12649.349609375,151
2026-09-02 11:42:00+05:30,12655.0,12655.0,12649.9501953125,12650.0498046875,41
2026-09-02 11:43:00+05:30,12661.0,12664.7998046875,12655.0,12655.0,52
2026-09-02 11:44:00+05:30,12650.25,12660.5,12650.25,12655.0,47
2026-09-02 11:45:00+05:30,12658.2998046875,12659.099609375,12649.5498046875,12654.75,19
2026-09-02 11:46:00+05:30,12649.0,12657.150390625,12649.0,12655.9501953125,61
2026-09-02 11:47:00+05:30,12645.0498046875,12651.75,12645.0,12645.0498046875,102
2026-09-02 11:48:00+05:30,12650.5498046875,12650.5498046875,12645.0,12645.0,21
2026-09-02 11:49:00+05:30,12654.400390625,12654.9501953125,12647.0498046875,12647.0498046875,15
2026-09-02 11:50:00+05:30,12652.5,12654.7998046875,12650.0,12654.7998046875,10
2026-09-02 11:51:00+05:30,12648.0,12653.7001953125,12648.0,12651.349609375,19
2026-09-02 11:52:00+05:30,12654.849609375,12654.849609375,12648.0,12648.0,24
2026-09-02 11:53:00+05:30,12645.0,12652.5,12645.0,12652.5,73
2026-09-02 11:54:00+05:30,12660.0,12660.0,12647.0498046875,12647.0498046875,13
2026-09-02 11:55:00+05:30,12666.0,12669.9501953125,12666.0,12668.0,8
2026-09-02 11:56:00+05:30,12655.900390625,12660.0,12653.150390625,12660.0,16
2026-09-02 11:57:00+05:30,12665.849609375,12666.0,12659.0498046875,12664.650390625,13
2026-09-02 11:58:00+05:30,12657.5498046875,12665.900390625,12657.5498046875,12665.849609375,21
2026-09-02 11:59:00+05:30,12664.849609375,12666.2998046875,12664.849609375,12666.2998046875,4
2026-09-02 12:00:00+05:30,12667.4501953125,12667.4501953125,12658.400390625,12658.400390625,11
2026-09-02 12:01:00+05:30,12668.0498046875,12668.0498046875,12660.150390625,12660.7001953125,33
2026-09-02 12:02:00+05:30,12666.0498046875,12669.349609375,12666.0,12669.349609375,121
2026-09-02 12:03:00+05:30,12658.400390625,12660.0,12658.0498046875,12660.0,25
2026-09-02 12:04:00+05:30,12652.5,12658.0,12652.5,12658.0,39
2026-09-02 12:06:00+05:30,12655.0,12655.0,12655.0,12655.0,7
2026-09-02 12:07:00+05:30,12650.0,12655.0,12650.0,12655.0,29
2026-09-02 12:08:00+05:30,12651.2001953125,12657.150390625,12651.2001953125,12657.150390625,5
2026-09-02 12:09:00+05:30,12651.849609375,12657.0,12651.849609375,12657.0,27
2026-09-02 12:10:00+05:30,12659.9501953125,12659.9501953125,12659.9501953125,12659.9501953125,2
2026-09-02 12:11:00+05:30,12673.099609375,12673.099609375,12667.599609375,12667.7998046875,19
2026-09-02 12:12:00+05:30,12673.0,12673.150390625,12667.7001953125,12673.0,18
2026-09-02 12:13:00+05:30,12679.5,12681.150390625,12673.0,12673.0,54
2026-09-02 12:14:00+05:30,12680.849609375,12680.849609375,12675.2998046875,12677.400390625,10
2026-09-02 12:15:00+05:30,12683.7998046875,12683.7998046875,12678.4501953125,12680.0,45
2026-09-02 12:16:00+05:30,12685.5,12685.5,12673.0,12681.150390625,9
2026-09-02 12:17:00+05:30,12680.650390625,12685.0,12680.650390625,12685.0,30
2026-09-02 12:18:00+05:30,12679.599609375,12680.650390625,12675.0,12680.650390625,12
2026-09-02 12:19:00+05:30,12671.599609375,12678.7001953125,12671.599609375,12678.7001953125,36
2026-09-02 12:20:00+05:30,12675.0,12678.150390625,12675.0,12677.349609375,11
2026-09-02 12:21:00+05:30,12669.9501953125,12675.0,12663.5498046875,12675.0,250
2026-09-02 12:22:00+05:30,12669.7001953125,12672.599609375,12669.7001953125,12670.0,50
2026-09-02 12:23:00+05:30,12661.900390625,12661.900390625,12661.900390625,12661.900390625,40
2026-09-02 12:24:00+05:30,12672.0,12674.150390625,12672.0,12674.150390625,43
2026-09-02 12:25:00+05:30,12668.25,12668.25,12668.099609375,12668.099609375,9
2026-09-02 12:26:00+05:30,12667.7998046875,12670.0,12667.7998046875,12668.849609375,23
2026-09-02 12:27:00+05:30,12670.0,12672.349609375,12670.0,12672.349609375,41
2026-09-02 12:28:00+05:30,12689.2001953125,12689.2001953125,12667.849609375,12670.0,277
2026-09-02 12:29:00+05:30,12682.0,12687.25,12681.0,12681.0,56
2026-09-02 12:30:00+05:30,12698.599609375,12698.599609375,12682.0,12682.0,16
2026-09-02 12:31:00+05:30,12698.599609375,12698.599609375,12693.0,12693.599609375,89
2026-09-02 12:32:00+05:30,12693.0,12700.0,12693.0,12700.0,17
2026-09-02 12:33:00+05:30,12695.75,12702.099609375,12693.099609375,12693.099609375,11
2026-09-02 12:34:00+05:30,12707.4501953125,12708.5498046875,12697.0,12697.0,9
2026-09-02 12:35:00+05:30,12690.0,12693.0,12690.0,12693.0,15
2026-09-02 12:36:00+05:30,12690.0,12695.25,12687.5,12690.0,79
2026-09-02 12:37:00+05:30,12689.0,12690.0498046875,12689.0,12690.0498046875,14
2026-09-02 12:38:00+05:30,12693.650390625,12697.4501953125,12693.0498046875,12696.5,17
2026-09-02 12:39:00+05:30,12702.0,12709.349609375,12701.9501953125,12701.9501953125,35
2026-09-02 12:40:00+05:30,12700.0,12702.4501953125,12697.0,12697.0,12
2026-09-02 12:41:00+05:30,12707.7001953125,12707.7001953125,12707.7001953125,12707.7001953125,1
2026-09-02 12:42:00+05:30,12707.7001953125,12707.7001953125,12698.0,12698.0,8
2026-09-02 12:43:00+05:30,12706.0,12709.650390625,12706.0,12706.0,4
2026-09-02 12:44:00+05:30,12707.5498046875,12707.650390625,12707.5498046875,12707.650390625,3
2026-09-02 12:45:00+05:30,12700.0498046875,12704.7998046875,12700.0,12704.7998046875,52
2026-09-02 12:46:00+05:30,12730.0,12730.0,12710.0,12710.0,78
2026-09-02 12:47:00+05:30,12734.9501953125,12734.9501953125,12731.849609375,12731.849609375,11
2026-09-02 12:48:00+05:30,12729.5498046875,12730.5,12724.900390625,12730.0,27
2026-09-02 12:49:00+05:30,12734.650390625,12734.650390625,12729.0,12729.0,35
2026-09-02 12:50:00+05:30,12721.9501953125,12725.25,12720.0,12725.25,25
2026-09-02 12:51:00+05:30,12712.349609375,12712.349609375,12712.349609375,12712.349609375,7
2026-09-02 12:52:00+05:30,12719.900390625,12719.900390625,12719.0,12719.0,46
2026-09-02 12:53:00+05:30,12712.0498046875,12728.0498046875,12712.0498046875,12728.0498046875,27
2026-09-02 12:55:00+05:30,12717.0498046875,12717.0498046875,12710.349609375,12710.349609375,14
2026-09-02 12:56:00+05:30,12711.400390625,12711.400390625,12711.400390625,12711.400390625,2
2026-09-02 12:57:00+05:30,12717.0498046875,12723.400390625,12717.0498046875,12723.400390625,19
2026-09-02 12:58:00+05:30,12724.849609375,12724.849609375,12720.0,12720.0,67
2026-09-02 13:00:00+05:30,12718.400390625,12718.400390625,12718.400390625,12718.400390625,7
2026-09-02 13:01:00+05:30,12716.7998046875,12724.0,12716.7998046875,12724.0,10
2026-09-02 13:03:00+05:30,12717.5498046875,12723.849609375,12710.599609375,12720.0,51
2026-09-02 13:05:00+05:30,12713.0,12719.650390625,12713.0,12719.650390625,84
2026-09-02 13:06:00+05:30,12717.0,12717.0,12715.0,12715.0,55
2026-09-02 13:07:00+05:30,12695.9501953125,12715.650390625,12695.9501953125,12713.0,51
2026-09-02 13:08:00+05:30,12696.0,12696.0,12696.0,12696.0,8
2026-09-02 13:09:00+05:30,12697.9501953125,12697.9501953125,12692.7998046875,12695.9501953125,19
2026-09-02 13:10:00+05:30,12700.7998046875,12700.7998046875,12695.0,12695.0,81
2026-09-02 13:12:00+05:30,12709.349609375,12709.349609375,12707.849609375,12707.849609375,3
2026-09-02 13:13:00+05:30,12710.0,12710.0,12710.0,12710.0,8
2026-09-02 13:14:00+05:30,12720.0,12720.0,12711.650390625,12711.650390625,2
2026-09-02 13:15:00+05:30,12724.099609375,12724.099609375,12714.349609375,12714.349609375,19
2026-09-02 13:16:00+05:30,12725.0,12725.0,12710.9501953125,12720.0,50
2026-09-02 13:17:00+05:30,12728.0,12730.0,12725.0,12725.0,32
2026-09-02 13:18:00+05:30,12730.0,12730.0,12730.0,12730.0,10
2026-09-02 13:19:00+05:30,12730.0,12730.0,12730.0,12730.0,1
2026-09-02 13:20:00+05:30,12719.9501953125,12720.0,12719.9501953125,12720.0,27
2026-09-02 13:21:00+05:30,12690.650390625,12690.650390625,12690.650390625,12690.650390625,83
2026-09-02 13:22:00+05:30,12710.0,12710.0,12710.0,12710.0,1
2026-09-02 13:23:00+05:30,12696.0,12696.0,12696.0,12696.0,5
2026-09-02 13:24:00+05:30,12696.900390625,12700.0,12696.900390625,12700.0,31
2026-09-02 13:25:00+05:30,12690.5,12690.5,12690.5,12690.5,16
2026-09-02 13:26:00+05:30,12690.0,12699.349609375,12690.0,12699.349609375,63
2026-09-02 13:27:00+05:30,12680.150390625,12687.5,12680.0,12687.5,90
2026-09-02 13:28:00+05:30,12682.0,12689.0,12673.0498046875,12689.0,63
2026-09-02 13:29:00+05:30,12688.900390625,12688.900390625,12680.0,12680.0,154
2026-09-02 13:30:00+05:30,12684.9501953125,12687.5498046875,12675.849609375,12687.25,64
2026-09-02 13:31:00+05:30,12684.25,12684.25,12684.25,12684.25,1
2026-09-02 13:32:00+05:30,12675.0,12675.0,12675.0,12675.0,2
2026-09-02 13:33:00+05:30,12671.0498046875,12676.0,12671.0498046875,12675.0,33
2026-09-02 13:34:00+05:30,12689.9501953125,12689.9501953125,12671.0,12675.7001953125,176
2026-09-02 13:35:00+05:30,12681.5,12681.5,12681.0498046875,12681.0498046875,13
2026-09-02 13:36:00+05:30,12691.0,12691.0,12689.0,12691.0,69
2026-09-02 13:37:00+05:30,12690.0,12691.0,12690.0,12690.0,82
2026-09-02 13:38:00+05:30,12677.5498046875,12689.7998046875,12677.5498046875,12689.0,15
2026-09-02 13:39:00+05:30,12687.4501953125,12687.4501953125,12670.9501953125,12680.0,10
2026-09-02 13:40:00+05:30,12688.5,12688.5,12686.75,12686.75,2
2026-09-02 13:41:00+05:30,12688.650390625,12688.650390625,12688.650390625,12688.650390625,1
2026-09-02 13:42:00+05:30,12688.5,12688.5,12688.5,12688.5,2
2026-09-02 13:43:00+05:30,12680.0,12680.0,12680.0,12680.0,11
2026-09-02 13:44:00+05:30,12688.5,12688.5,12686.0,12686.0,32
2026-09-02 13:45:00+05:30,12691.0,12695.0,12691.0,12695.0,29
2026-09-02 13:46:00+05:30,12700.0,12700.0,12700.0,12700.0,7
2026-09-02 13:47:00+05:30,12698.599609375,12704.4501953125,12697.0,12704.4501953125,13
2026-09-02 13:48:00+05:30,12701.0,12701.0,12701.0,12701.0,46
2026-09-02 13:49:00+05:30,12701.0,12701.0,12701.0,12701.0,2
2026-09-02 13:50:00+05:30,12701.0,12701.0,12701.0,12701.0,1
2026-09-02 13:51:00+05:30,12688.5,12702.0,12688.5,12702.0,103
2026-09-02 13:52:00+05:30,12686.7001953125,12688.5,12686.7001953125,12688.25,10
2026-09-02 13:53:00+05:30,12696.7001953125,12696.7001953125,12693.7001953125,12693.7001953125,3
2026-09-02 13:54:00+05:30,12702.5,12702.5,12699.400390625,12699.400390625,73
2026-09-02 13:55:00+05:30,12694.0,12694.0,12694.0,12694.0,2
2026-09-02 13:56:00+05:30,12693.0,12693.0,12693.0,12693.0,5
2026-09-02 13:58:00+05:30,12695.75,12695.75,12695.75,12695.75,7
2026-09-02 13:59:00+05:30,12702.0,12702.0,12700.0,12700.0,646
2026-09-02 14:00:00+05:30,12716.0,12716.0,12700.2001953125,12700.2001953125,208
2026-09-02 14:01:00+05:30,12720.0,12720.0,12718.5498046875,12718.599609375,22
2026-09-02 14:02:00+05:30,12720.0,12720.0,12715.150390625,12719.0,31
2026-09-02 14:03:00+05:30,12720.0,12724.0,12720.0,12724.0,7
2026-09-02 14:04:00+05:30,12719.400390625,12720.0,12719.400390625,12720.0,7
2026-09-02 14:05:00+05:30,12707.5,12707.5,12707.5,12707.5,18
2026-09-02 14:06:00+05:30,12713.0,12713.849609375,12707.5,12713.849609375,13
2026-09-02 14:07:00+05:30,12713.349609375,12713.349609375,12713.349609375,12713.349609375,18
2026-09-02 14:08:00+05:30,12720.0,12720.0,12714.75,12714.75,18
2026-09-02 14:09:00+05:30,12720.0,12720.0,12720.0,12720.0,1
2026-09-02 14:10:00+05:30,12719.0,12720.0,12719.0,12720.0,6
2026-09-02 14:11:00+05:30,12718.0,12718.0,12718.0,12718.0,18
2026-09-02 14:12:00+05:30,12720.0,12720.0,12719.0,12719.0,88
2026-09-02 14:13:00+05:30,12719.150390625,12721.5498046875,12712.099609375,12721.5498046875,161
2026-09-02 14:14:00+05:30,12720.0,12720.0,12720.0,12720.0,5
2026-09-02 14:15:00+05:30,12709.75,12722.2001953125,12709.75,12722.2001953125,11
2026-09-02 14:16:00+05:30,12709.75,12710.0,12706.099609375,12710.0,8
2026-09-02 14:17:00+05:30,12700.900390625,12709.2001953125,12700.900390625,12705.0,3
2026-09-02 14:18:00+05:30,12702.5498046875,12705.0,12702.5498046875,12705.0,7
2026-09-02 14:20:00+05:30,12717.650390625,12720.0,12708.5498046875,12720.0,106
2026-09-02 14:21:00+05:30,12705.0498046875,12709.099609375,12705.0498046875,12709.099609375,9
2026-09-02 14:22:00+05:30,12708.150390625,12714.7001953125,12707.0,12707.0,79
2026-09-02 14:23:00+05:30,12703.599609375,12708.0,12703.599609375,12708.0,34
2026-09-02 14:24:00+05:30,12705.0,12706.0,12703.599609375,12703.599609375,34
2026-09-02 14:25:00+05:30,12711.0,12715.599609375,12711.0,12715.599609375,17
2026-09-02 14:26:00+05:30,12711.0,12711.0,12711.0,12711.0,32
2026-09-02 14:27:00+05:30,12714.0,12714.0,12714.0,12714.0,17
2026-09-02 14:28:00+05:30,12720.650390625,12720.650390625,12715.0,12715.0,37
2026-09-02 14:29:00+05:30,12710.0498046875,12710.0498046875,12710.0498046875,12710.0498046875,7
2026-09-02 14:30:00+05:30,12715.25,12715.25,12713.0,12713.0,4
2026-09-02 14:31:00+05:30,12720.0,12720.0,12718.0,12718.0,6
2026-09-02 14:32:00+05:30,12727.0,12727.0,12727.0,12727.0,10
2026-09-02 14:33:00+05:30,12726.2001953125,12726.2001953125,12716.0,12720.0,13
2026-09-02 14:34:00+05:30,12723.9501953125,12723.9501953125,12723.9501953125,12723.9501953125,1
2026-09-02 14:35:00+05:30,12720.5,12720.5,12710.0,12717.25,6
2026-09-02 14:36:00+05:30,12718.0,12718.0,12715.0,12716.0,16
2026-09-02 14:37:00+05:30,12714.0,12714.0,12714.0,12714.0,64
2026-09-02 14:38:00+05:30,12711.5498046875,12711.5498046875,12711.5498046875,12711.5498046875,8
2026-09-02 14:39:00+05:30,12718.5,12718.5,12718.5,12718.5,1
2026-09-02 14:40:00+05:30,12715.0,12719.9501953125,12715.0,12719.9501953125,10
2026-09-02 14:41:00+05:30,12715.150390625,12715.150390625,12715.150390625,12715.150390625,1
2026-09-02 14:42:00+05:30,12720.0,12720.0,12715.0,12719.9501953125,13
2026-09-02 14:43:00+05:30,12713.099609375,12720.0,12713.099609375,12719.9501953125,104
2026-09-02 14:44:00+05:30,12710.0,12713.099609375,12710.0,12713.099609375,54
2026-09-02 14:45:00+05:30,12703.400390625,12711.900390625,12703.400390625,12711.900390625,50
2026-09-02 14:46:00+05:30,12710.0,12711.5,12710.0,12711.5,3
2026-09-02 14:47:00+05:30,12715.0,12715.0,12715.0,12715.0,11
2026-09-02 14:48:00+05:30,12710.0,12714.650390625,12710.0,12714.650390625,7
2026-09-02 14:49:00+05:30,12720.0,12720.0,12710.5498046875,12710.5498046875,44
2026-09-02 14:50:00+05:30,12704.7998046875,12720.0,12704.7998046875,12720.0,164
2026-09-02 14:51:00+05:30,12700.0,12710.650390625,12700.0,12706.7998046875,104
2026-09-02 14:52:00+05:30,12715.349609375,12715.349609375,12702.5,12705.7998046875,16
2026-09-02 14:53:00+05:30,12711.9501953125,12711.9501953125,12711.9501953125,12711.9501953125,2
2026-09-02 14:54:00+05:30,12700.0,12707.0,12700.0,12707.0,164
2026-09-02 14:55:00+05:30,12700.0,12711.75,12700.0,12711.75,218
2026-09-02 14:56:00+05:30,12700.0,12710.150390625,12700.0,12710.150390625,195
2026-09-02 14:57:00+05:30,12698.0,12705.0,12698.0,12700.0,211
2026-09-02 14:58:00+05:30,12710.0,12710.0,12697.0498046875,12698.0,297
2026-09-02 14:59:00+05:30,12710.0,12710.0,12703.0,12710.0,15
2026-09-02 15:00:00+05:30,12722.099609375,12725.0,12710.9501953125,12710.9501953125,107
2026-09-02 15:01:00+05:30,12716.599609375,12722.099609375,12716.599609375,12722.099609375,27
2026-09-02 15:02:00+05:30,12725.0,12725.0,12712.7001953125,12715.0,421
2026-09-02 15:03:00+05:30,12725.0,12730.0,12717.7998046875,12725.0,556
2026-09-02 15:04:00+05:30,12730.0,12738.349609375,12724.5,12725.0,226
2026-09-02 15:05:00+05:30,12731.0,12731.0,12723.2998046875,12730.0,199
2026-09-02 15:06:00+05:30,12727.7998046875,12740.0,12727.7998046875,12731.0,73
2026-09-02 15:07:00+05:30,12745.0,12745.0,12735.0,12735.0,2041
2026-09-02 15:08:00+05:30,12745.0498046875,12745.5,12745.0,12745.0,364
2026-09-02 15:09:00+05:30,12760.0,12760.0,12745.099609375,12745.75,64
2026-09-02 15:10:00+05:30,12767.099609375,12775.0,12756.5,12760.0,1651
2026-09-02 15:11:00+05:30,12763.599609375,12770.0,12746.599609375,12746.599609375,97
2026-09-02 15:12:00+05:30,12741.7998046875,12762.5498046875,12741.7998046875,12753.0,162
2026-09-02 15:13:00+05:30,12757.0,12760.0,12747.0498046875,12760.0,80
2026-09-02 15:14:00+05:30,12762.400390625,12770.0,12755.7001953125,12755.7001953125,5
2026-09-02 15:28:00+05:30,12842.0,12842.0,12842.0,12842.0,38
2026-09-03 09:15:00+05:30,12815.7998046875,12887.849609375,12800.849609375,12887.849609375,187
2026-09-03 09:16:00+05:30,12824.2998046875,12838.7998046875,12807.599609375,12814.7998046875,67
2026-09-03 09:17:00+05:30,12805.0,12822.5,12805.0,12822.5,151
2026-09-03 09:18:00+05:30,12819.349609375,12819.349609375,12818.900390625,12818.900390625,2
2026-09-03 09:19:00+05:30,12821.25,12824.7998046875,12812.849609375,12824.7998046875,21
2026-09-03 09:20:00+05:30,12810.0,12812.5,12810.0,12812.5,34
2026-09-03 09:21:00+05:30,12800.25,12809.0498046875,12799.4501953125,12809.0498046875,91
2026-09-03 09:22:00+05:30,12780.0,12780.0,12780.0,12780.0,4
2026-09-03 09:23:00+05:30,12803.25,12804.2998046875,12790.150390625,12790.150390625,13
2026-09-03 09:24:00+05:30,12796.650390625,12797.7001953125,12787.2001953125,12797.7001953125,26
2026-09-03 09:25:00+05:30,12810.0,12810.0,12785.0,12785.0,27
2026-09-03 09:26:00+05:30,12812.9501953125,12815.0,12812.5,12812.5,63
2026-09-03 09:27:00+05:30,12800.900390625,12800.900390625,12790.0498046875,12790.0498046875,4
2026-09-03 09:28:00+05:30,12798.0498046875,12798.0498046875,12798.0498046875,12798.0498046875,15
2026-09-03 09:29:00+05:30,12818.0,12818.75,12814.400390625,12814.400390625,4
2026-09-03 09:30:00+05:30,12829.0,12829.0,12825.099609375,12825.099609375,5
2026-09-03 09:31:00+05:30,12820.0,12835.0,12820.0,12829.0,88
2026-09-03 09:32:00+05:30,12810.0,12819.900390625,12810.0,12819.900390625,45
2026-09-03 09:33:00+05:30,12808.0,12814.5498046875,12808.0,12808.75,28
2026-09-03 09:34:00+05:30,12806.0498046875,12814.0,12806.0498046875,12814.0,24
2026-09-03 09:35:00+05:30,12815.4501953125,12818.0,12815.4501953125,12818.0,4
2026-09-03 09:36:00+05:30,12806.599609375,12814.900390625,12806.599609375,12812.0,21
2026-09-03 09:37:00+05:30,12810.0,12810.0,12810.0,12810.0,14
2026-09-03 09:38:00+05:30,12835.849609375,12835.849609375,12818.0,12818.0,25
2026-09-03 09:39:00+05:30,12840.0,12840.0,12830.150390625,12830.150390625,16
2026-09-03 09:40:00+05:30,12847.0,12858.900390625,12847.0,12848.5498046875,49
2026-09-03 09:41:00+05:30,12862.349609375,12862.349609375,12853.2001953125,12858.400390625,25
2026-09-03 09:42:00+05:30,12850.0,12866.900390625,12850.0,12860.0,95
2026-09-03 09:43:00+05:30,12849.75,12850.0,12844.7001953125,12850.0,3
2026-09-03 09:44:00+05:30,12858.0498046875,12858.0498046875,12846.349609375,12846.349609375,11
2026-09-03 09:45:00+05:30,12858.5,12858.5,12858.5,12858.5,10
2026-09-03 09:46:00+05:30,12858.2998046875,12858.2998046875,12858.2998046875,12858.2998046875,2
2026-09-03 09:47:00+05:30,12855.0,12855.0,12853.0,12853.0,4
2026-09-03 09:48:00+05:30,12835.0,12855.0,12835.0,12855.0,38
2026-09-03 09:49:00+05:30,12850.0,12850.0,12836.4501953125,12840.0,13
2026-09-03 09:50:00+05:30,12845.599609375,12845.599609375,12845.599609375,12845.599609375,1
2026-09-03 09:51:00+05:30,12847.4501953125,12850.0,12842.099609375,12850.0,30
2026-09-03 09:53:00+05:30,12846.7001953125,12846.7001953125,12846.5,12846.5,4
2026-09-03 09:54:00+05:30,12835.0,12844.9501953125,12835.0,12844.9501953125,5
2026-09-03 09:55:00+05:30,12830.0,12840.0,12830.0,12840.0,108
2026-09-03 09:56:00+05:30,12842.7998046875,12842.7998046875,12842.7998046875,12842.7998046875,1
2026-09-03 09:57:00+05:30,12842.5,12842.5,12834.900390625,12834.900390625,24
2026-09-03 09:58:00+05:30,12838.0,12838.0,12838.0,12838.0,3
2026-09-03 09:59:00+05:30,12840.0,12840.0,12840.0,12840.0,7
2026-09-03 10:00:00+05:30,12842.2998046875,12842.2998046875,12836.900390625,12836.900390625,12
2026-09-03 10:01:00+05:30,12847.900390625,12847.900390625,12839.7001953125,12842.2998046875,15
2026-09-03 10:02:00+05:30,12830.599609375,12847.75,12829.4501953125,12847.75,137
2026-09-03 10:04:00+05:30,12834.349609375,12834.349609375,12833.099609375,12833.099609375,14
2026-09-03 10:05:00+05:30,12830.0,12830.0,12830.0,12830.0,1
2026-09-03 10:06:00+05:30,12838.900390625,12838.900390625,12834.349609375,12834.349609375,19
2026-09-03 10:07:00+05:30,12833.5,12833.5,12833.5,12833.5,10
2026-09-03 10:08:00+05:30,12833.5,12833.5,12833.5,12833.5,1
2026-09-03 10:09:00+05:30,12845.849609375,12845.849609375,12844.349609375,12844.349609375,8
2026-09-03 10:10:00+05:30,12847.2998046875,12847.2998046875,12847.2998046875,12847.2998046875,1
2026-09-03 10:11:00+05:30,12840.0,12840.0,12840.0,12840.0,8
2026-09-03 10:12:00+05:30,12846.2001953125,12846.2001953125,12846.2001953125,12846.2001953125,5
2026-09-03 10:13:00+05:30,12841.849609375,12841.849609375,12841.849609375,12841.849609375,1
2026-09-03 10:14:00+05:30,12850.0,12850.0,12850.0,12850.0,4
2026-09-03 10:15:00+05:30,12850.0,12850.0,12850.0,12850.0,2
2026-09-03 10:16:00+05:30,12842.849609375,12850.0,12842.849609375,12850.0,4
2026-09-03 10:17:00+05:30,12847.5,12847.5,12843.0,12843.0,8
2026-09-03 10:18:00+05:30,12855.0,12855.0,12855.0,12855.0,1
2026-09-03 10:19:00+05:30,12848.7001953125,12848.7001953125,12848.7001953125,12848.7001953125,1
2026-09-03 10:20:00+05:30,12848.7001953125,12854.2998046875,12848.7001953125,12854.2998046875,10
2026-09-03 10:21:00+05:30,12843.0,12846.5,12843.0,12843.0,5
2026-09-03 10:22:00+05:30,12835.0,12840.0,12835.0,12839.0,50
2026-09-03 10:23:00+05:30,12827.2998046875,12830.0,12827.2998046875,12830.0,18
2026-09-03 10:25:00+05:30,12830.900390625,12830.900390625,12830.900390625,12830.900390625,5
2026-09-03 10:26:00+05:30,12838.349609375,12840.5,12831.0,12838.7998046875,12
2026-09-03 10:27:00+05:30,12828.5498046875,12828.650390625,12828.5498046875,12828.650390625,10
2026-09-03 10:28:00+05:30,12825.0,12831.150390625,12825.0,12831.150390625,6
2026-09-03 10:29:00+05:30,12825.650390625,12831.9501953125,12825.650390625,12831.9501953125,11
2026-09-03 10:31:00+05:30,12832.400390625,12842.5,12832.400390625,12842.2998046875,25
2026-09-03 10:32:00+05:30,12839.2998046875,12839.2998046875,12839.2998046875,12839.2998046875,2
2026-09-03 10:33:00+05:30,12830.0,12830.0,12830.0,12830.0,1
2026-09-03 10:34:00+05:30,12844.2998046875,12844.2998046875,12844.2998046875,12844.2998046875,1
2026-09-03 10:35:00+05:30,12841.5,12841.5,12841.5,12841.5,1
2026-09-03 10:36:00+05:30,12832.25,12832.25,12821.7998046875,12821.7998046875,10
2026-09-03 10:37:00+05:30,12832.0,12832.0,12824.0,12824.0,4
2026-09-03 10:38:00+05:30,12832.75,12837.400390625,12832.75,12837.400390625,2
2026-09-03 10:39:00+05:30,12830.0,12830.0,12830.0,12830.0,3
2026-09-03 10:40:00+05:30,12830.0,12830.0,12830.0,12830.0,2
2026-09-03 10:41:00+05:30,12841.9501953125,12841.9501953125,12833.0,12841.5,44
2026-09-03 10:42:00+05:30,12845.0,12845.0,12845.0,12845.0,10
2026-09-03 10:44:00+05:30,12858.2998046875,12858.2998046875,12857.0,12857.0,44
2026-09-03 10:45:00+05:30,12858.150390625,12858.150390625,12851.0,12858.150390625,30
2026-09-03 10:46:00+05:30,12860.0,12860.0,12858.0,12858.0,81
2026-09-03 10:47:00+05:30,12884.5498046875,12884.5498046875,12881.400390625,12881.400390625,47
2026-09-03 10:48:00+05:30,12884.0,12884.0,12884.0,12884.0,1
2026-09-03 10:49:00+05:30,12879.0,12881.0498046875,12879.0,12881.0498046875,6
2026-09-03 10:50:00+05:30,12877.0,12885.0,12877.0,12885.0,3
2026-09-03 10:51:00+05:30,12884.0,12884.900390625,12884.0,12884.900390625,3
2026-09-03 10:52:00+05:30,12874.5498046875,12880.599609375,12874.5498046875,12880.0,15
2026-09-03 10:53:00+05:30,12877.5,12877.5,12874.599609375,12874.599609375,41
2026-09-03 10:54:00+05:30,12877.5,12880.0,12877.5,12880.0,2
2026-09-03 10:55:00+05:30,12879.25,12879.25,12874.5498046875,12877.5,7
2026-09-03 10:56:00+05:30,12880.0,12880.0,12871.150390625,12871.150390625,105
2026-09-03 10:57:00+05:30,12884.0,12884.0,12884.0,12884.0,36
2026-09-03 10:58:00+05:30,12880.0,12880.0,12880.0,12880.0,27
2026-09-03 10:59:00+05:30,12880.0,12880.0,12880.0,12880.0,2
2026-09-03 11:00:00+05:30,12879.75,12880.0,12879.75,12880.0,4
2026-09-03 11:01:00+05:30,12882.0,12882.400390625,12875.0,12880.0,13
2026-09-03 11:02:00+05:30,12873.0,12873.0,12873.0,12873.0,20
2026-09-03 11:03:00+05:30,12881.25,12881.25,12873.650390625,12873.650390625,14
2026-09-03 11:04:00+05:30,12880.75,12882.0,12880.0,12880.900390625,34
2026-09-03 11:05:00+05:30,12863.0,12863.0,12863.0,12863.0,5
2026-09-03 11:06:00+05:30,12863.2001953125,12863.2001953125,12863.2001953125,12863.2001953125,1
2026-09-03 11:07:00+05:30,12863.400390625,12872.900390625,12863.400390625,12872.900390625,26
2026-09-03 11:08:00+05:30,12867.7001953125,12867.7001953125,12867.7001953125,12867.7001953125,1
2026-09-03 11:09:00+05:30,12876.2998046875,12876.2998046875,12876.2998046875,12876.2998046875,1
2026-09-03 11:11:00+05:30,12876.25,12876.25,12876.25,12876.25,1
2026-09-03 11:12:00+05:30,12862.5,12862.5,12862.5,12862.5,6
2026-09-03 11:13:00+05:30,12869.2998046875,12872.900390625,12860.599609375,12872.900390625,15
2026-09-03 11:14:00+05:30,12846.0,12855.0,12837.5,12855.0,138
2026-09-03 11:16:00+05:30,12849.900390625,12849.900390625,12849.900390625,12849.900390625,6
2026-09-03 11:17:00+05:30,12854.75,12854.75,12854.75,12854.75,1
2026-09-03 11:18:00+05:30,12854.75,12854.75,12853.900390625,12853.900390625,13
2026-09-03 11:20:00+05:30,12848.0498046875,12862.650390625,12848.0498046875,12862.650390625,74
2026-09-03 11:22:00+05:30,12860.0,12860.0,12853.9501953125,12853.9501953125,2
2026-09-03 11:23:00+05:30,12860.0,12860.0,12860.0,12860.0,10
2026-09-03 11:25:00+05:30,12875.9501953125,12875.9501953125,12875.9501953125,12875.9501953125,152
2026-09-03 11:26:00+05:30,12878.150390625,12878.150390625,12878.150390625,12878.150390625,14
2026-09-03 11:28:00+05:30,12882.5,12882.5,12870.400390625,12870.400390625,13
2026-09-03 11:29:00+05:30,12900.0,12900.0,12882.900390625,12888.0,45
2026-09-03 11:31:00+05:30,12910.0,12910.0,12910.0,12910.0,13
2026-09-03 11:32:00+05:30,12900.150390625,12905.7998046875,12900.0,12904.599609375,84
2026-09-03 11:33:00+05:30,12900.0,12900.0,12900.0,12900.0,1
2026-09-03 11:34:00+05:30,12893.349609375,12899.150390625,12891.0,12899.150390625,20
2026-09-03 11:36:00+05:30,12908.5,12908.5,12900.0,12901.0,53
2026-09-03 11:37:00+05:30,12905.0,12905.0,12899.849609375,12899.849609375,11
2026-09-03 11:38:00+05:30,12902.2998046875,12910.7001953125,12902.2998046875,12905.0,44
2026-09-03 11:40:00+05:30,12910.7001953125,12910.7001953125,12910.7001953125,12910.7001953125,1
2026-09-03 11:41:00+05:30,12897.5,12908.400390625,12892.0,12903.75,170
2026-09-03 11:43:00+05:30,12890.0498046875,12890.0498046875,12890.0498046875,12890.0498046875,1
2026-09-03 11:44:00+05:30,12887.4501953125,12889.2998046875,12887.4501953125,12889.2998046875,19
2026-09-03 11:45:00+05:30,12887.0498046875,12887.0498046875,12887.0498046875,12887.0498046875,1
2026-09-03 11:46:00+05:30,12880.0,12891.7001953125,12880.0,12891.7001953125,10
2026-09-03 11:47:00+05:30,12879.0,12879.0,12879.0,12879.0,1
2026-09-03 11:48:00+05:30,12875.599609375,12879.0,12875.599609375,12879.0,30
2026-09-03 11:50:00+05:30,12880.9501953125,12880.9501953125,12880.9501953125,12880.9501953125,4
2026-09-03 11:51:00+05:30,12882.5498046875,12882.5498046875,12882.5498046875,12882.5498046875,7
2026-09-03 11:52:00+05:30,12897.0,12897.0,12897.0,12897.0,3
2026-09-03 11:53:00+05:30,12894.4501953125,12895.0,12894.4501953125,12895.0,5
2026-09-03 11:54:00+05:30,12900.0,12900.0,12888.4501953125,12888.4501953125,108
2026-09-03 11:55:00+05:30,12899.849609375,12899.849609375,12899.849609375,12899.849609375,1
2026-09-03 11:56:00+05:30,12889.0,12889.0,12889.0,12889.0,2
2026-09-03 11:57:00+05:30,12889.0,12889.0,12889.0,12889.0,4
2026-09-03 12:01:00+05:30,12870.0,12880.0,12870.0,12880.0,66
2026-09-03 12:02:00+05:30,12873.150390625,12873.150390625,12862.9501953125,12872.5,24
2026-09-03 12:04:00+05:30,12869.849609375,12869.849609375,12863.9501953125,12863.9501953125,34
2026-09-03 12:05:00+05:30,12870.0,12874.5498046875,12870.0,12872.400390625,8
2026-09-03 12:06:00+05:30,12870.0,12870.0,12870.0,12870.0,4
2026-09-03 12:07:00+05:30,12876.349609375,12876.349609375,12865.4501953125,12865.4501953125,2
2026-09-03 12:08:00+05:30,12865.0,12865.0,12865.0,12865.0,15
2026-09-03 12:09:00+05:30,12865.650390625,12865.650390625,12865.650390625,12865.650390625,6
2026-09-03 12:10:00+05:30,12870.0,12870.0,12860.0,12860.0,21
2026-09-03 12:11:00+05:30,12863.150390625,12868.0,12863.150390625,12868.0,2
2026-09-03 12:13:00+05:30,12865.0498046875,12865.9501953125,12865.0498046875,12865.9501953125,2
2026-09-03 12:14:00+05:30,12866.0498046875,12866.0498046875,12866.0498046875,12866.0498046875,3
2026-09-03 12:15:00+05:30,12866.0,12866.0,12866.0,12866.0,6
2026-09-03 12:16:00+05:30,12870.0,12870.0,12870.0,12870.0,6
2026-09-03 12:17:00+05:30,12866.150390625,12866.150390625,12866.150390625,12866.150390625,1
2026-09-03 12:18:00+05:30,12860.0,12870.0,12859.0,12870.0,24
2026-09-03 12:19:00+05:30,12869.9501953125,12869.9501953125,12869.9501953125,12869.9501953125,1
2026-09-03 12:20:00+05:30,12876.2998046875,12876.2998046875,12876.2998046875,12876.2998046875,20
2026-09-03 12:22:00+05:30,12871.099609375,12871.099609375,12870.0498046875,12870.0498046875,2
2026-09-03 12:24:00+05:30,12871.099609375,12875.349609375,12871.099609375,12875.349609375,4
2026-09-03 12:25:00+05:30,12870.0498046875,12870.0498046875,12870.0498046875,12870.0498046875,13
2026-09-03 12:26:00+05:30,12870.2998046875,12876.2998046875,12870.0498046875,12870.0498046875,18
2026-09-03 12:27:00+05:30,12875.4501953125,12875.4501953125,12875.4501953125,12875.4501953125,1
2026-09-03 12:28:00+05:30,12872.599609375,12880.7998046875,12872.599609375,12880.7998046875,5
2026-09-03 12:29:00+05:30,12877.5,12877.5,12877.5,12877.5,38
2026-09-03 12:32:00+05:30,12877.0,12877.5,12877.0,12877.5,15
2026-09-03 12:33:00+05:30,12877.0,12877.0,12877.0,12877.0,5
2026-09-03 12:35:00+05:30,12878.0,12878.0,12870.0,12870.0,33
2026-09-03 12:37:00+05:30,12881.0,12881.0,12880.0,12880.0,7
2026-09-03 12:38:00+05:30,12890.0,12890.0,12890.0,12890.0,4
2026-09-03 12:41:00+05:30,12890.0,12890.0,12890.0,12890.0,2
2026-09-03 12:42:00+05:30,12882.75,12890.4501953125,12882.75,12883.400390625,3
2026-09-03 12:43:00+05:30,12890.0,12890.0,12890.0,12890.0,2
2026-09-03 12:46:00+05:30,12895.0,12895.0,12895.0,12895.0,6
2026-09-03 12:47:00+05:30,12900.0,12900.0,12900.0,12900.0,2
2026-09-03 12:49:00+05:30,12899.9501953125,12899.9501953125,12899.2998046875,12899.2998046875,6
2026-09-03 12:50:00+05:30,12904.400390625,12904.400390625,12904.400390625,12904.400390625,12
2026-09-03 12:51:00+05:30,12904.900390625,12904.900390625,12904.900390625,12904.900390625,1
2026-09-03 12:52:00+05:30,12909.4501953125,12909.4501953125,12909.4501953125,12909.4501953125,1
2026-09-03 12:54:00+05:30,12910.0,12910.0,12901.7001953125,12910.0,29
2026-09-03 12:55:00+05:30,12900.0,12900.0,12900.0,12900.0,2
2026-09-03 12:56:00+05:30,12909.9501953125,12909.9501953125,12909.9501953125,12909.9501953125,1
2026-09-03 12:57:00+05:30,12927.5,12927.5,12912.0,12912.0,105
2026-09-03 12:59:00+05:30,12920.0,12920.0,12913.0,12913.0,7
2026-09-03 13:01:00+05:30,12914.7998046875,12914.7998046875,12914.7998046875,12914.7998046875,3
2026-09-03 13:02:00+05:30,12920.0,12920.0,12920.0,12920.0,1
2026-09-03 13:03:00+05:30,12910.0498046875,12917.0,12910.0498046875,12915.5,6
2026-09-03 13:05:00+05:30,12916.0,12920.0,12916.0,12919.849609375,12
2026-09-03 13:06:00+05:30,12919.7998046875,12919.7998046875,12912.5498046875,12912.5498046875,3
2026-09-03 13:08:00+05:30,12912.7001953125,12919.0498046875,12912.7001953125,12919.0498046875,5
2026-09-03 13:09:00+05:30,12920.0,12920.0,12914.650390625,12919.400390625,56
2026-09-03 13:12:00+05:30,12890.0,12920.0,12890.0,12920.0,132
2026-09-03 13:14:00+05:30,12887.5,12887.5,12887.5,12887.5,12
2026-09-03 13:15:00+05:30,12890.0,12899.7001953125,12890.0,12899.7001953125,2
2026-09-03 13:16:00+05:30,12890.0,12890.0,12890.0,12890.0,12
2026-09-03 13:17:00+05:30,12890.0,12890.0,12890.0,12890.0,30
2026-09-03 13:21:00+05:30,12890.0,12890.0,12890.0,12890.0,4
2026-09-03 13:24:00+05:30,12890.0,12890.0,12890.0,12890.0,1
2026-09-03 13:25:00+05:30,12878.0,12880.0,12878.0,12880.0,248
2026-09-03 13:26:00+05:30,12880.0,12880.0,12880.0,12880.0,1
2026-09-03 13:27:00+05:30,12889.7998046875,12890.0,12886.7998046875,12886.7998046875,65
2026-09-03 13:28:00+05:30,12891.0,12891.0,12891.0,12891.0,3
2026-09-03 13:29:00+05:30,12880.0,12885.0,12880.0,12885.0,12
2026-09-03 13:31:00+05:30,12871.0,12871.0,12871.0,12871.0,1
2026-09-03 13:34:00+05:30,12890.0,12890.0,12887.0498046875,12889.650390625,37
2026-09-03 13:35:00+05:30,12885.9501953125,12885.9501953125,12885.9501953125,12885.9501953125,1
2026-09-03 13:36:00+05:30,12880.400390625,12880.400390625,12880.400390625,12880.400390625,59
2026-09-03 13:37:00+05:30,12870.2998046875,12890.0,12865.0,12887.7998046875,807
2026-09-03 13:38:00+05:30,12870.2998046875,12870.2998046875,12870.2998046875,12870.2998046875,3
2026-09-03 13:40:00+05:30,12861.0,12861.400390625,12861.0,12861.349609375,7
2026-09-03 13:41:00+05:30,12868.349609375,12873.849609375,12861.0,12861.0,292
2026-09-03 13:43:00+05:30,12850.0,12850.0,12850.0,12850.0,297
2026-09-03 13:44:00+05:30,12861.2998046875,12861.2998046875,12861.2998046875,12861.2998046875,1
2026-09-03 13:45:00+05:30,12845.0,12845.0,12845.0,12845.0,7
2026-09-03 13:48:00+05:30,12836.5498046875,12836.5498046875,12836.5498046875,12836.5498046875,3
2026-09-03 13:50:00+05:30,12854.25,12854.25,12854.25,12854.25,4
2026-09-03 13:51:00+05:30,12853.9501953125,12853.9501953125,12846.25,12846.25,2
2026-09-03 13:52:00+05:30,12856.4501953125,12856.4501953125,12856.4501953125,12856.4501953125,1
2026-09-03 13:53:00+05:30,12847.0,12856.400390625,12847.0,12856.400390625,13
2026-09-03 13:55:00+05:30,12847.0498046875,12854.7001953125,12847.0498046875,12854.7001953125,6
2026-09-03 13:56:00+05:30,12846.75,12847.0498046875,12846.75,12847.0498046875,7
2026-09-03 13:57:00+05:30,12849.599609375,12849.599609375,12849.599609375,12849.599609375,4
2026-09-03 14:00:00+05:30,12845.0,12846.0,12845.0,12846.0,6
2026-09-03 14:01:00+05:30,12844.0,12849.900390625,12844.0,12849.900390625,3
2026-09-03 14:02:00+05:30,12840.0,12841.0,12840.0,12841.0,3
2026-09-03 14:03:00+05:30,12859.9501953125,12860.0,12850.0,12850.0,13
2026-09-03 14:04:00+05:30,12856.0,12856.0,12856.0,12856.0,36
2026-09-03 14:05:00+05:30,12847.75,12847.75,12847.75,12847.75,1
2026-09-03 14:06:00+05:30,12859.349609375,12859.349609375,12859.349609375,12859.349609375,1
2026-09-03 14:07:00+05:30,12847.25,12847.25,12847.25,12847.25,6
2026-09-03 14:08:00+05:30,12840.0498046875,12845.0,12840.0498046875,12845.0,39
2026-09-03 14:13:00+05:30,12850.0,12850.0,12849.9501953125,12849.9501953125,2
2026-09-03 14:18:00+05:30,12850.0,12850.0,12850.0,12850.0,5
2026-09-03 14:19:00+05:30,12852.0,12852.0,12852.0,12852.0,2
2026-09-03 14:20:00+05:30,12860.0,12860.0,12860.0,12860.0,10
2026-09-03 14:21:00+05:30,12860.0,12860.0,12860.0,12860.0,13
2026-09-03 14:22:00+05:30,12855.0,12855.0,12855.0,12855.0,4
2026-09-03 14:24:00+05:30,12855.0,12855.0,12855.0,12855.0,2
2026-09-03 14:25:00+05:30,12860.0,12860.0,12855.0,12855.0,39
2026-09-03 14:27:00+05:30,12860.0,12860.0,12860.0,12860.0,64
2026-09-03 14:29:00+05:30,12868.349609375,12868.349609375,12868.349609375,12868.349609375,5
2026-09-03 14:31:00+05:30,12859.0,12859.0,12859.0,12859.0,5
2026-09-03 14:33:00+05:30,12870.0,12870.0,12870.0,12870.0,2
2026-09-03 14:34:00+05:30,12870.0,12870.0,12870.0,12870.0,5
2026-09-03 14:36:00+05:30,12869.5,12869.5,12869.5,12869.5,1
2026-09-03 14:37:00+05:30,12867.849609375,12867.849609375,12862.7001953125,12862.7001953125,36
2026-09-03 14:38:00+05:30,12855.0,12863.599609375,12855.0,12859.0498046875,83
2026-09-03 14:39:00+05:30,12868.25,12868.25,12855.0,12855.0,30
2026-09-03 14:42:00+05:30,12861.900390625,12861.900390625,12855.0,12857.5,64
2026-09-03 14:43:00+05:30,12855.0,12855.0,12855.0,12855.0,2
2026-09-03 14:44:00+05:30,12853.099609375,12860.0,12853.099609375,12860.0,4
2026-09-03 14:46:00+05:30,12855.5,12857.4501953125,12855.5,12857.4501953125,38
2026-09-03 14:47:00+05:30,12852.150390625,12852.150390625,12852.150390625,12852.150390625,2
2026-09-03 14:48:00+05:30,12851.0,12852.0,12851.0,12852.0,2
2026-09-03 14:49:00+05:30,12844.7001953125,12844.900390625,12844.7001953125,12844.900390625,15
2026-09-03 14:50:00+05:30,12856.0,12856.0,12850.4501953125,12850.4501953125,38
2026-09-03 14:51:00+05:30,12858.4501953125,12858.4501953125,12853.75,12853.75,7
2026-09-03 14:52:00+05:30,12850.2998046875,12850.2998046875,12850.2998046875,12850.2998046875,1
2026-09-03 14:53:00+05:30,12856.9501953125,12860.0,12855.0,12855.0,16
2026-09-03 14:54:00+05:30,12860.099609375,12863.5498046875,12854.7001953125,12863.5498046875,9
2026-09-03 14:55:00+05:30,12850.0,12850.0,12850.0,12850.0,7
2026-09-03 14:56:00+05:30,12840.0,12848.75,12840.0,12848.75,57
2026-09-03 14:57:00+05:30,12825.4501953125,12841.0,12825.4501953125,12841.0,350
2026-09-03 14:58:00+05:30,12827.900390625,12838.25,12827.900390625,12835.0498046875,321
2026-09-03 14:59:00+05:30,12836.0,12836.0,12834.0,12834.0,12
2026-09-03 15:00:00+05:30,12849.2998046875,12849.2998046875,12843.75,12843.75,36
2026-09-03 15:01:00+05:30,12849.349609375,12849.349609375,12849.349609375,12849.349609375,2
2026-09-03 15:02:00+05:30,12844.599609375,12845.0,12844.599609375,12845.0,4
2026-09-03 15:03:00+05:30,12840.0,12845.25,12840.0,12843.4501953125,28
2026-09-03 15:04:00+05:30,12834.0498046875,12839.0,12834.0498046875,12838.5498046875,9
2026-09-03 15:05:00+05:30,12840.0,12840.0,12833.0498046875,12833.0498046875,50
2026-09-03 15:06:00+05:30,12830.0,12839.9501953125,12830.0,12839.9501953125,4
2026-09-03 15:07:00+05:30,12843.349609375,12843.650390625,12840.0,12840.0,16
2026-09-03 15:08:00+05:30,12830.0,12830.0,12825.0,12830.0,230
2026-09-03 15:09:00+05:30,12830.0,12830.0,12830.0,12830.0,194
2026-09-03 15:10:00+05:30,12851.2998046875,12853.0,12836.5,12839.7001953125,268
2026-09-03 15:11:00+05:30,12841.5,12841.5,12841.5,12841.5,1
2026-09-03 15:12:00+05:30,12849.650390625,12849.650390625,12849.650390625,12849.650390625,5
2026-09-03 15:13:00+05:30,12845.849609375,12845.849609375,12830.0,12832.0,4
2026-09-03 15:14:00+05:30,12834.0,12850.0,12834.0,12844.0,17
2026-09-03 15:28:00+05:30,12705.0,12705.0,12705.0,12705.0,1204
2026-09-04 09:15:00+05:30,12766.5498046875,12852.400390625,12766.5498046875,12852.400390625,96
2026-09-04 09:16:00+05:30,12801.4501953125,12807.9501953125,12772.2998046875,12772.2998046875,73
2026-09-04 09:17:00+05:30,12774.349609375,12801.0,12774.349609375,12801.0,42
2026-09-04 09:18:00+05:30,12799.0,12799.0,12779.099609375,12789.2998046875,50
2026-09-04 09:19:00+05:30,12794.349609375,12794.349609375,12780.0,12790.0,34
2026-09-04 09:20:00+05:30,12794.099609375,12794.2998046875,12794.099609375,12794.2998046875,13
2026-09-04 09:21:00+05:30,12780.150390625,12780.150390625,12780.150390625,12780.150390625,25
2026-09-04 09:22:00+05:30,12786.9501953125,12787.0,12775.5,12780.0,84
2026-09-04 09:23:00+05:30,12775.25,12787.349609375,12775.25,12787.349609375,25
2026-09-04 09:24:00+05:30,12787.2998046875,12787.2998046875,12778.099609375,12778.099609375,3
2026-09-04 09:25:00+05:30,12799.0,12799.0,12778.150390625,12778.150390625,26
2026-09-04 09:26:00+05:30,12785.0,12797.4501953125,12785.0,12797.4501953125,47
2026-09-04 09:27:00+05:30,12786.7998046875,12786.7998046875,12778.349609375,12778.349609375,6
2026-09-04 09:28:00+05:30,12775.0,12775.0,12775.0,12775.0,62
2026-09-04 09:29:00+05:30,12777.0,12788.0,12777.0,12784.650390625,28
2026-09-04 09:30:00+05:30,12787.0,12787.0,12777.0,12777.0,46
2026-09-04 09:31:00+05:30,12799.75,12799.75,12799.75,12799.75,2
2026-09-04 09:32:00+05:30,12776.400390625,12792.0,12776.400390625,12792.0,26
2026-09-04 09:35:00+05:30,12780.0,12789.9501953125,12780.0,12783.7998046875,62
2026-09-04 09:36:00+05:30,12770.900390625,12776.400390625,12770.900390625,12776.400390625,33
2026-09-04 09:37:00+05:30,12783.900390625,12783.900390625,12783.0,12783.0,4
2026-09-04 09:38:00+05:30,12771.0,12775.0,12771.0,12775.0,3
2026-09-04 09:39:00+05:30,12758.599609375,12778.900390625,12755.0,12778.900390625,401
2026-09-04 09:40:00+05:30,12766.0,12766.0,12761.099609375,12762.0,12
2026-09-04 09:41:00+05:30,12773.099609375,12774.2001953125,12768.0,12774.2001953125,8
2026-09-04 09:43:00+05:30,12758.599609375,12758.599609375,12758.599609375,12758.599609375,80
2026-09-04 09:44:00+05:30,12770.599609375,12770.599609375,12770.599609375,12770.599609375,2
2026-09-04 09:45:00+05:30,12758.900390625,12770.599609375,12758.900390625,12770.599609375,6
2026-09-04 09:46:00+05:30,12768.0,12768.0,12768.0,12768.0,65
2026-09-04 09:49:00+05:30,12767.849609375,12767.849609375,12760.0,12760.0,4
2026-09-04 09:50:00+05:30,12767.849609375,12767.849609375,12760.0,12760.0,54
2026-09-04 09:51:00+05:30,12767.400390625,12767.650390625,12767.400390625,12767.650390625,4
2026-09-04 09:52:00+05:30,12755.0,12760.0,12755.0,12760.0,6
2026-09-04 09:53:00+05:30,12766.599609375,12766.599609375,12766.599609375,12766.599609375,10
2026-09-04 09:54:00+05:30,12753.349609375,12755.0,12753.349609375,12754.7998046875,53
2026-09-04 09:55:00+05:30,12767.400390625,12767.400390625,12767.400390625,12767.400390625,2
2026-09-04 09:56:00+05:30,12767.9501953125,12767.9501953125,12767.9501953125,12767.9501953125,4
2026-09-04 09:57:00+05:30,12768.0,12768.0,12760.0,12760.0,4
2026-09-04 09:59:00+05:30,12766.0,12768.0,12766.0,12766.0,3
2026-09-04 10:00:00+05:30,12770.0,12770.0,12766.0,12770.0,91
2026-09-04 10:01:00+05:30,12770.0,12781.650390625,12770.0,12770.0,53
2026-09-04 10:02:00+05:30,12778.150390625,12778.9501953125,12778.150390625,12778.9501953125,21
2026-09-04 10:03:00+05:30,12766.0,12777.0498046875,12766.0,12777.0498046875,7
2026-09-04 10:04:00+05:30,12762.0,12762.0,12762.0,12762.0,2
2026-09-04 10:05:00+05:30,12751.0,12760.0,12751.0,12760.0,10
2026-09-04 10:06:00+05:30,12751.0,12763.2001953125,12751.0,12760.0,7
2026-09-04 10:07:00+05:30,12751.0,12760.0,12751.0,12755.0,99
2026-09-04 10:08:00+05:30,12751.0,12751.0,12751.0,12751.0,25
2026-09-04 10:09:00+05:30,12751.0,12759.900390625,12751.0,12751.0,38
2026-09-04 10:10:00+05:30,12759.849609375,12759.849609375,12752.0,12752.0,8
2026-09-04 10:11:00+05:30,12752.25,12752.25,12752.0,12752.0,7
2026-09-04 10:12:00+05:30,12752.0,12752.25,12752.0,12752.25,31
2026-09-04 10:13:00+05:30,12752.0,12752.0,12750.099609375,12751.0,53
2026-09-04 10:15:00+05:30,12760.0,12760.0,12760.0,12760.0,1
2026-09-04 10:16:00+05:30,12770.0,12770.0,12760.0,12760.0,96
2026-09-04 10:17:00+05:30,12770.5,12770.599609375,12770.0,12770.599609375,58
2026-09-04 10:18:00+05:30,12777.0498046875,12777.0498046875,12777.0498046875,12777.0498046875,8
2026-09-04 10:19:00+05:30,12777.849609375,12777.849609375,12766.0498046875,12769.0,85
2026-09-04 10:20:00+05:30,12777.650390625,12777.650390625,12766.0,12766.0,26
2026-09-04 10:21:00+05:30,12766.099609375,12766.099609375,12766.099609375,12766.099609375,5
2026-09-04 10:23:00+05:30,12766.099609375,12766.099609375,12766.099609375,12766.099609375,5
2026-09-04 10:24:00+05:30,12777.849609375,12777.849609375,12777.849609375,12777.849609375,1
2026-09-04 10:25:00+05:30,12770.0,12770.0,12766.099609375,12766.099609375,8
2026-09-04 10:26:00+05:30,12770.150390625,12779.099609375,12770.150390625,12777.849609375,61
2026-09-04 10:27:00+05:30,12782.349609375,12782.5498046875,12782.349609375,12782.5498046875,103
2026-09-04 10:28:00+05:30,12783.4501953125,12783.4501953125,12783.4501953125,12783.4501953125,14
2026-09-04 10:29:00+05:30,12787.4501953125,12787.4501953125,12787.4501953125,12787.4501953125,1
2026-09-04 10:30:00+05:30,12788.650390625,12788.7998046875,12788.5,12788.5,15
2026-09-04 10:31:00+05:30,12786.849609375,12789.25,12786.849609375,12788.0,97
2026-09-04 10:32:00+05:30,12793.9501953125,12793.9501953125,12780.0,12780.0,47
2026-09-04 10:33:00+05:30,12790.0,12790.0,12790.0,12790.0,1
2026-09-04 10:34:00+05:30,12791.849609375,12791.849609375,12790.0,12790.0,10
2026-09-04 10:35:00+05:30,12780.0,12792.0,12780.0,12792.0,35
2026-09-04 10:36:00+05:30,12772.5,12775.0498046875,12772.5,12775.0498046875,9
2026-09-04 10:37:00+05:30,12773.0,12773.0,12773.0,12773.0,10
2026-09-04 10:38:00+05:30,12773.0,12780.4501953125,12773.0,12780.4501953125,6
2026-09-04 10:40:00+05:30,12770.0,12775.0,12770.0,12775.0,33
2026-09-04 10:41:00+05:30,12770.0,12770.0,12770.0,12770.0,28
2026-09-04 10:43:00+05:30,12766.5498046875,12776.0498046875,12766.5498046875,12776.0498046875,3
2026-09-04 10:44:00+05:30,12770.0,12776.0,12770.0,12776.0,6
2026-09-04 10:45:00+05:30,12770.0,12772.0,12770.0,12772.0,8
2026-09-04 10:46:00+05:30,12797.349609375,12797.349609375,12788.0,12788.0,26
2026-09-04 10:47:00+05:30,12804.5,12804.5,12804.5,12804.5,17
2026-09-04 10:48:00+05:30,12800.0,12800.0,12790.0498046875,12796.0,8
2026-09-04 10:49:00+05:30,12798.7998046875,12798.7998046875,12798.7998046875,12798.7998046875,20
2026-09-04 10:51:00+05:30,12790.0498046875,12790.0498046875,12789.0,12789.0,11
2026-09-04 10:52:00+05:30,12792.0,12792.0,12792.0,12792.0,1
2026-09-04 10:53:00+05:30,12786.0,12786.0,12786.0,12786.0,6
2026-09-04 10:54:00+05:30,12782.5,12786.0,12782.5,12786.0,15
2026-09-04 10:55:00+05:30,12791.0,12791.0,12791.0,12791.0,1
2026-09-04 10:56:00+05:30,12791.0,12791.0,12791.0,12791.0,1
2026-09-04 10:57:00+05:30,12791.0,12791.0,12791.0,12791.0,1
2026-09-04 10:58:00+05:30,12797.0,12797.0,12790.9501953125,12790.9501953125,20
2026-09-04 10:59:00+05:30,12785.650390625,12785.650390625,12785.650390625,12785.650390625,1
2026-09-04 11:00:00+05:30,12800.0,12802.5,12797.0,12797.0,16
2026-09-04 11:02:00+05:30,12785.0498046875,12796.349609375,12785.0498046875,12796.349609375,6
2026-09-04 11:04:00+05:30,12782.099609375,12791.5498046875,12782.099609375,12791.5498046875,5
2026-09-04 11:05:00+05:30,12776.0,12780.0,12776.0,12780.0,30
2026-09-04 11:06:00+05:30,12771.0498046875,12783.25,12771.0498046875,12783.25,15
2026-09-04 11:07:00+05:30,12783.849609375,12783.849609375,12783.849609375,12783.849609375,1
2026-09-04 11:08:00+05:30,12773.25,12773.25,12773.25,12773.25,1
2026-09-04 11:09:00+05:30,12774.0498046875,12774.0498046875,12774.0498046875,12774.0498046875,3
2026-09-04 11:10:00+05:30,12773.25,12774.0,12773.25,12774.0,10
2026-09-04 11:11:00+05:30,12772.099609375,12772.099609375,12772.0498046875,12772.0498046875,3
2026-09-04 11:12:00+05:30,12770.0,12779.849609375,12770.0,12779.849609375,15
2026-09-04 11:13:00+05:30,12767.4501953125,12767.4501953125,12767.4501953125,12767.4501953125,70
2026-09-04 11:14:00+05:30,12778.400390625,12778.400390625,12767.5498046875,12767.5498046875,2
2026-09-04 11:16:00+05:30,12778.0,12778.0,12778.0,12778.0,1
2026-09-04 11:18:00+05:30,12772.0,12772.0,12772.0,12772.0,10
2026-09-04 11:19:00+05:30,12772.25,12772.25,12772.25,12772.25,3
2026-09-04 11:20:00+05:30,12772.25,12772.25,12772.25,12772.25,1
2026-09-04 11:22:00+05:30,12777.150390625,12777.150390625,12770.0,12770.0,6
2026-09-04 11:23:00+05:30,12770.0,12778.0,12770.0,12778.0,9
2026-09-04 11:24:00+05:30,12767.5498046875,12769.0,12767.5498046875,12769.0,12
2026-09-04 11:25:00+05:30,12774.25,12774.25,12774.25,12774.25,2
2026-09-04 11:26:00+05:30,12777.0498046875,12783.400390625,12777.0,12777.0,21
2026-09-04 11:27:00+05:30,12783.25,12783.25,12777.0,12777.099609375,3
2026-09-04 11:28:00+05:30,12781.5498046875,12782.0,12777.0,12782.0,14
2026-09-04 11:29:00+05:30,12776.0,12782.650390625,12774.75,12782.650390625,62
2026-09-04 11:30:00+05:30,12784.0,12784.0,12780.0,12780.0,22
2026-09-04 11:31:00+05:30,12789.900390625,12789.900390625,12780.0498046875,12780.0498046875,6
2026-09-04 11:32:00+05:30,12790.0,12801.150390625,12790.0,12801.150390625,93
2026-09-04 11:33:00+05:30,12790.0498046875,12795.5498046875,12790.0498046875,12790.0498046875,16
2026-09-04 11:34:00+05:30,12782.5,12795.25,12782.5,12790.0498046875,147
2026-09-04 11:35:00+05:30,12782.5,12782.5,12782.5,12782.5,6
2026-09-04 11:36:00+05:30,12780.0,12785.25,12780.0,12785.25,4
2026-09-04 11:37:00+05:30,12779.75,12779.75,12779.75,12779.75,1
2026-09-04 11:38:00+05:30,12774.5498046875,12776.099609375,12774.5498046875,12776.099609375,6
2026-09-04 11:39:00+05:30,12780.0,12780.0,12780.0,12780.0,2
2026-09-04 11:41:00+05:30,12789.9501953125,12789.9501953125,12780.0,12780.0,14
2026-09-04 11:42:00+05:30,12790.0,12790.0,12790.0,12790.0,1
2026-09-04 11:43:00+05:30,12790.0,12790.0,12790.0,12790.0,7
2026-09-04 11:44:00+05:30,12785.0498046875,12790.0,12785.0498046875,12790.0,24
2026-09-04 11:46:00+05:30,12790.0,12790.0,12783.5,12785.0498046875,7
2026-09-04 11:47:00+05:30,12790.25,12790.25,12782.0,12782.0,2
2026-09-04 11:48:00+05:30,12780.150390625,12780.150390625,12780.150390625,12780.150390625,1
2026-09-04 11:49:00+05:30,12783.349609375,12783.349609375,12780.2998046875,12780.2998046875,4
2026-09-04 11:50:00+05:30,12791.849609375,12792.0,12783.099609375,12790.0,11
2026-09-04 11:51:00+05:30,12793.0,12793.0,12791.849609375,12791.849609375,4
2026-09-04 11:52:00+05:30,12802.9501953125,12802.9501953125,12794.2001953125,12795.0,34
2026-09-04 11:53:00+05:30,12790.5,12790.5,12790.5,12790.5,1
2026-09-04 11:54:00+05:30,12794.0498046875,12795.7001953125,12789.7001953125,12795.7001953125,6
2026-09-04 11:55:00+05:30,12788.599609375,12794.0498046875,12788.599609375,12794.0498046875,21
2026-09-04 11:56:00+05:30,12784.0,12784.0,12784.0,12784.0,35
2026-09-04 11:57:00+05:30,12788.099609375,12789.0,12784.0,12784.0,80
2026-09-04 11:58:00+05:30,12777.5,12781.0,12777.5,12781.0,6
2026-09-04 11:59:00+05:30,12777.0,12777.0,12777.0,12777.0,2
2026-09-04 12:00:00+05:30,12777.4501953125,12777.4501953125,12777.4501953125,12777.4501953125,7
2026-09-04 12:01:00+05:30,12777.150390625,12780.0,12777.150390625,12777.150390625,42
2026-09-04 12:02:00+05:30,12779.900390625,12779.900390625,12771.0,12777.150390625,42
2026-09-04 12:04:00+05:30,12765.25,12770.9501953125,12765.25,12770.0,48
2026-09-04 12:05:00+05:30,12765.0,12770.2001953125,12765.0,12770.0,27
2026-09-04 12:06:00+05:30,12770.0498046875,12773.900390625,12770.0498046875,12773.900390625,7
2026-09-04 12:07:00+05:30,12771.7998046875,12771.7998046875,12771.7998046875,12771.7998046875,2
2026-09-04 12:08:00+05:30,12770.0,12771.5,12770.0,12771.5,31
2026-09-04 12:09:00+05:30,12773.2998046875,12774.25,12765.0,12765.0,12
2026-09-04 12:10:00+05:30,12763.7001953125,12763.7001953125,12763.7001953125,12763.7001953125,14
2026-09-04 12:11:00+05:30,12770.0,12770.0,12770.0,12770.0,1
2026-09-04 12:12:00+05:30,12771.7998046875,12771.7998046875,12771.7998046875,12771.7998046875,3
2026-09-04 12:13:00+05:30,12759.75,12771.900390625,12759.75,12771.900390625,62
2026-09-04 12:14:00+05:30,12759.75,12766.7998046875,12759.75,12766.7998046875,13
2026-09-04 12:15:00+05:30,12768.400390625,12768.400390625,12768.400390625,12768.400390625,4
2026-09-04 12:16:00+05:30,12760.0,12765.650390625,12760.0,12760.0,37
2026-09-04 12:17:00+05:30,12756.099609375,12765.75,12756.099609375,12760.0,32
2026-09-04 12:18:00+05:30,12756.0,12756.0,12756.0,12756.0,6
2026-09-04 12:19:00+05:30,12756.0,12762.4501953125,12756.0,12762.4501953125,39
2026-09-04 12:20:00+05:30,12756.0,12761.849609375,12756.0,12756.0,33
2026-09-04 12:21:00+05:30,12755.0,12756.0,12755.0,12756.0,41
2026-09-04 12:22:00+05:30,12753.900390625,12753.900390625,12753.900390625,12753.900390625,4
2026-09-04 12:23:00+05:30,12751.0,12758.849609375,12751.0,12758.849609375,34
2026-09-04 12:24:00+05:30,12751.0,12751.0,12751.0,12751.0,19
2026-09-04 12:25:00+05:30,12751.0,12751.0,12751.0,12751.0,76
2026-09-04 12:26:00+05:30,12751.0,12759.7998046875,12751.0,12759.7998046875,21
2026-09-04 12:27:00+05:30,12742.150390625,12749.900390625,12736.75,12742.7998046875,354
2026-09-04 12:28:00+05:30,12730.0,12739.5,12730.0,12739.5,24
2026-09-04 12:29:00+05:30,12742.75,12742.75,12742.75,12742.75,1
2026-09-04 12:30:00+05:30,12740.0,12743.75,12740.0,12740.0,175
2026-09-04 12:31:00+05:30,12744.0,12744.0,12740.0,12740.0,137
2026-09-04 12:32:00+05:30,12747.0,12749.2998046875,12744.0,12744.0,83
2026-09-04 12:33:00+05:30,12747.0,12747.0,12747.0,12747.0,93
2026-09-04 12:34:00+05:30,12740.0,12747.0,12740.0,12747.0,1138
2026-09-04 12:35:00+05:30,12744.0,12749.9501953125,12744.0,12744.0,349
2026-09-04 12:36:00+05:30,12745.0,12745.0,12745.0,12745.0,315
2026-09-04 12:37:00+05:30,12733.349609375,12745.0,12733.349609375,12745.0,2802
2026-09-04 12:38:00+05:30,12731.5,12743.5498046875,12725.0498046875,12743.5498046875,2030
2026-09-04 12:39:00+05:30,12725.349609375,12731.849609375,12725.0498046875,12725.099609375,14
2026-09-04 12:40:00+05:30,12727.0,12727.4501953125,12726.25,12726.25,44
2026-09-04 12:41:00+05:30,12725.0,12727.0,12725.0,12727.0,13
2026-09-04 12:42:00+05:30,12725.0,12732.75,12725.0,12732.75,2
2026-09-04 12:43:00+05:30,12725.0,12733.2001953125,12725.0,12733.2001953125,72
2026-09-04 12:44:00+05:30,12724.75,12725.0,12724.75,12725.0,15
2026-09-04 12:45:00+05:30,12720.150390625,12722.0498046875,12720.150390625,12722.0498046875,92
2026-09-04 12:46:00+05:30,12722.099609375,12722.099609375,12722.099609375,12722.099609375,1
2026-09-04 12:47:00+05:30,12722.0,12731.599609375,12722.0,12731.599609375,27
2026-09-04 12:48:00+05:30,12722.0,12727.9501953125,12722.0,12722.0,33
2026-09-04 12:49:00+05:30,12716.0,12722.0,12716.0,12722.0,30
2026-09-04 12:50:00+05:30,12726.150390625,12726.150390625,12720.0,12720.0,70
2026-09-04 12:51:00+05:30,12715.0,12719.75,12715.0,12719.75,12
2026-09-04 12:52:00+05:30,12709.2001953125,12715.349609375,12707.0,12715.0,62
2026-09-04 12:53:00+05:30,12705.150390625,12714.7998046875,12705.150390625,12707.0498046875,27
2026-09-04 12:54:00+05:30,12710.0,12710.0,12710.0,12710.0,68
2026-09-04 12:55:00+05:30,12701.0,12710.0,12701.0,12710.0,32
2026-09-04 12:56:00+05:30,12700.0,12701.0,12700.0,12701.0,89
2026-09-04 12:57:00+05:30,12695.0,12700.0,12695.0,12700.0,35
2026-09-04 12:58:00+05:30,12694.0498046875,12701.75,12694.0498046875,12701.75,21
2026-09-04 12:59:00+05:30,12695.0,12695.0498046875,12695.0,12695.0,29
2026-09-04 13:00:00+05:30,12692.5498046875,12699.9501953125,12692.5498046875,12695.0,19
2026-09-04 13:01:00+05:30,12692.349609375,12699.5498046875,12690.0,12699.5498046875,16
2026-09-04 13:02:00+05:30,12690.0498046875,12697.400390625,12690.0,12690.0,45
2026-09-04 13:03:00+05:30,12692.5498046875,12697.400390625,12690.2001953125,12690.2001953125,28
2026-09-04 13:04:00+05:30,12690.400390625,12698.7001953125,12690.400390625,12698.7001953125,58
2026-09-04 13:05:00+05:30,12697.0,12697.0,12697.0,12697.0,13
2026-09-04 13:06:00+05:30,12688.75,12697.0,12688.75,12697.0,74
2026-09-04 13:07:00+05:30,12676.9501953125,12691.2998046875,12676.9501953125,12685.0,221
2026-09-04 13:08:00+05:30,12680.349609375,12680.349609375,12680.349609375,12680.349609375,10
2026-09-04 13:09:00+05:30,12681.0498046875,12689.75,12681.0498046875,12689.75,4
2026-09-04 13:10:00+05:30,12685.150390625,12690.9501953125,12685.150390625,12690.0,3
2026-09-04 13:11:00+05:30,12690.0,12691.9501953125,12687.0,12687.0,17
2026-09-04 13:12:00+05:30,12696.9501953125,12696.9501953125,12696.9501953125,12696.9501953125,10
2026-09-04 13:13:00+05:30,12696.2001953125,12696.2001953125,12696.099609375,12696.099609375,2
2026-09-04 13:14:00+05:30,12690.0498046875,12694.9501953125,12690.0,12690.0,18
2026-09-04 13:15:00+05:30,12690.099609375,12703.2998046875,12690.0,12690.0,219
2026-09-04 13:16:00+05:30,12690.0,12697.25,12690.0,12697.25,14
2026-09-04 13:17:00+05:30,12687.5,12696.75,12687.5,12693.0,19
2026-09-04 13:18:00+05:30,12682.0,12692.0,12682.0,12687.5498046875,36
2026-09-04 13:19:00+05:30,12671.0,12682.0,12671.0,12682.0,96
2026-09-04 13:20:00+05:30,12679.7001953125,12679.7001953125,12676.0,12676.0,14
2026-09-04 13:21:00+05:30,12677.650390625,12678.150390625,12677.650390625,12678.150390625,8
2026-09-04 13:23:00+05:30,12670.0,12670.0,12670.0,12670.0,15
2026-09-04 13:24:00+05:30,12680.0,12680.0,12678.0,12678.0,395
2026-09-04 13:25:00+05:30,12676.5,12685.0,12676.5,12685.0,29
2026-09-04 13:26:00+05:30,12683.0498046875,12684.0,12682.0,12682.0,30
2026-09-04 13:27:00+05:30,12687.9501953125,12688.25,12687.599609375,12687.599609375,52
2026-09-04 13:28:00+05:30,12685.0,12688.900390625,12685.0,12688.5498046875,38
2026-09-04 13:29:00+05:30,12688.75,12688.75,12684.0,12685.0,56
2026-09-04 13:30:00+05:30,12682.5,12692.75,12682.5,12692.75,139
2026-09-04 13:31:00+05:30,12689.599609375,12689.599609375,12689.599609375,12689.599609375,1
2026-09-04 13:32:00+05:30,12692.4501953125,12692.4501953125,12681.849609375,12684.0,36
2026-09-04 13:33:00+05:30,12691.099609375,12691.099609375,12691.099609375,12691.099609375,17
2026-09-04 13:34:00+05:30,12683.9501953125,12683.9501953125,12683.099609375,12683.099609375,10
2026-09-04 13:35:00+05:30,12694.5498046875,12694.5498046875,12685.5,12685.5,12
2026-09-04 13:36:00+05:30,12694.849609375,12694.849609375,12694.849609375,12694.849609375,3
2026-09-04 13:37:00+05:30,12699.349609375,12699.349609375,12686.9501953125,12686.9501953125,5
2026-09-04 13:38:00+05:30,12698.25,12698.25,12698.25,12698.25,1
2026-09-04 13:39:00+05:30,12688.099609375,12690.0498046875,12688.099609375,12690.0,24
2026-09-04 13:40:00+05:30,12696.0498046875,12696.0498046875,12688.0498046875,12688.0498046875,15
2026-09-04 13:41:00+05:30,12684.75,12685.25,12684.75,12685.25,8
2026-09-04 13:42:00+05:30,12685.0498046875,12694.5,12685.0498046875,12693.2998046875,42
2026-09-04 13:43:00+05:30,12682.849609375,12686.0498046875,12682.849609375,12686.0498046875,38
2026-09-04 13:44:00+05:30,12692.849609375,12692.849609375,12692.849609375,12692.849609375,2
2026-09-04 13:45:00+05:30,12681.849609375,12682.0498046875,12681.849609375,12682.0498046875,9
2026-09-04 13:46:00+05:30,12681.900390625,12681.900390625,12681.900390625,12681.900390625,3
2026-09-04 13:48:00+05:30,12696.4501953125,12698.2001953125,12689.75,12698.2001953125,19
2026-09-04 13:49:00+05:30,12681.0,12690.0,12681.0,12690.0,5
2026-09-04 13:50:00+05:30,12680.150390625,12680.849609375,12680.150390625,12680.849609375,4
2026-09-04 13:51:00+05:30,12677.0,12680.150390625,12677.0,12680.150390625,60
2026-09-04 13:52:00+05:30,12680.0,12680.0,12675.0,12676.0,32
2026-09-04 13:53:00+05:30,12672.150390625,12679.0,12672.150390625,12679.0,26
2026-09-04 13:54:00+05:30,12672.5,12678.25,12665.5498046875,12672.0,69
2026-09-04 13:55:00+05:30,12668.2998046875,12669.9501953125,12662.0,12665.0,41
2026-09-04 13:56:00+05:30,12660.0498046875,12666.0,12660.0498046875,12665.9501953125,17
2026-09-04 13:57:00+05:30,12660.849609375,12662.0,12660.849609375,12662.0,53
2026-09-04 13:58:00+05:30,12660.0498046875,12660.0498046875,12660.0498046875,12660.0498046875,8
2026-09-04 13:59:00+05:30,12655.650390625,12660.0,12655.650390625,12660.0,34
2026-09-04 14:00:00+05:30,12657.0498046875,12660.0,12657.0498046875,12660.0,8
2026-09-04 14:01:00+05:30,12680.0,12680.0,12660.0,12660.0,301
2026-09-04 14:03:00+05:30,12667.599609375,12668.2001953125,12667.2001953125,12667.2001953125,45
2026-09-04 14:05:00+05:30,12670.0,12673.0,12670.0,12673.0,9
2026-09-04 14:06:00+05:30,12670.0,12672.0,12670.0,12670.0,43
2026-09-04 14:07:00+05:30,12666.099609375,12672.0,12666.099609375,12670.0,18
2026-09-04 14:08:00+05:30,12673.4501953125,12673.4501953125,12667.0,12670.150390625,104
2026-09-04 14:09:00+05:30,12679.9501953125,12679.9501953125,12679.9501953125,12679.9501953125,3
2026-09-04 14:10:00+05:30,12682.5,12682.5,12675.0498046875,12680.0,70
2026-09-04 14:11:00+05:30,12677.0498046875,12683.599609375,12677.0498046875,12677.0498046875,31
2026-09-04 14:12:00+05:30,12677.0,12684.0,12677.0,12677.0,58
2026-09-04 14:13:00+05:30,12679.2998046875,12688.900390625,12679.2998046875,12688.900390625,120
2026-09-04 14:14:00+05:30,12677.5,12687.4501953125,12677.5,12687.4501953125,19
2026-09-04 14:15:00+05:30,12684.9501953125,12684.9501953125,12677.0,12684.150390625,30
2026-09-04 14:16:00+05:30,12677.0498046875,12678.0498046875,12677.0498046875,12678.0498046875,9
2026-09-04 14:17:00+05:30,12686.0,12688.4501953125,12685.0,12688.4501953125,5
2026-09-04 14:18:00+05:30,12678.0,12684.900390625,12677.0,12677.0,20
2026-09-04 14:19:00+05:30,12679.7001953125,12679.7001953125,12678.0,12678.0,24
2026-09-04 14:20:00+05:30,12677.5,12684.9501953125,12675.400390625,12678.150390625,56
2026-09-04 14:21:00+05:30,12680.0,12680.0,12680.0,12680.0,4
2026-09-04 14:22:00+05:30,12678.099609375,12691.75,12672.5,12682.400390625,126
2026-09-04 14:23:00+05:30,12677.0,12685.4501953125,12672.0,12677.7001953125,21
2026-09-04 14:25:00+05:30,12677.0498046875,12688.2998046875,12677.0498046875,12688.2998046875,11
2026-09-04 14:26:00+05:30,12689.849609375,12689.849609375,12679.349609375,12685.349609375,11
2026-09-04 14:28:00+05:30,12696.0,12702.400390625,12692.0,12698.25,45
2026-09-04 14:29:00+05:30,12696.0,12699.0,12696.0,12696.0,44
2026-09-04 14:30:00+05:30,12697.349609375,12697.349609375,12687.650390625,12696.0,25
2026-09-04 14:33:00+05:30,12691.0498046875,12702.5,12691.0498046875,12699.0,32
2026-09-04 14:34:00+05:30,12691.0,12697.9501953125,12691.0,12691.0,9
2026-09-04 14:35:00+05:30,12700.7001953125,12700.7001953125,12692.25,12700.4501953125,71
2026-09-04 14:36:00+05:30,12691.0498046875,12700.0,12691.0498046875,12694.400390625,27
2026-09-04 14:37:00+05:30,12690.0498046875,12699.849609375,12690.0498046875,12699.849609375,21
2026-09-04 14:38:00+05:30,12690.0,12690.0,12690.0,12690.0,2
2026-09-04 14:39:00+05:30,12689.0,12690.0498046875,12688.75,12688.75,59
2026-09-04 14:40:00+05:30,12696.0,12696.0,12692.0,12695.0,42
2026-09-04 14:41:00+05:30,12690.0,12700.0,12690.0,12694.0498046875,21
2026-09-04 14:42:00+05:30,12700.0,12700.0,12690.0,12690.0,16
2026-09-04 14:43:00+05:30,12694.5,12705.150390625,12694.5,12700.0,53
2026-09-04 14:44:00+05:30,12704.0498046875,12704.0498046875,12692.5,12692.5,27
2026-09-04 14:45:00+05:30,12693.5,12701.0,12693.5,12697.25,22
2026-09-04 14:46:00+05:30,12692.5,12700.599609375,12692.5,12700.599609375,12
2026-09-04 14:47:00+05:30,12692.5,12693.900390625,12692.5,12693.900390625,74
2026-09-04 14:48:00+05:30,12693.0498046875,12701.7001953125,12693.0498046875,12701.7001953125,3
2026-09-04 14:49:00+05:30,12704.7998046875,12704.7998046875,12695.0,12702.5,20
2026-09-04 14:50:00+05:30,12700.0498046875,12710.0,12700.0498046875,12709.0,47
2026-09-04 14:51:00+05:30,12697.0498046875,12706.150390625,12697.0,12705.849609375,80
2026-09-04 14:52:00+05:30,12707.7001953125,12707.7001953125,12696.7998046875,12703.7998046875,135
2026-09-04 14:53:00+05:30,12706.0498046875,12710.25,12700.0498046875,12710.0,188
2026-09-04 14:54:00+05:30,12705.0498046875,12713.0498046875,12705.0498046875,12706.0498046875,17
2026-09-04 14:55:00+05:30,12702.2998046875,12712.7001953125,12702.2998046875,12712.5498046875,34
2026-09-04 14:56:00+05:30,12713.599609375,12713.599609375,12703.0498046875,12703.0498046875,9
2026-09-04 14:57:00+05:30,12703.0,12713.349609375,12703.0,12705.0,30
2026-09-04 14:58:00+05:30,12697.0,12702.5,12697.0,12702.0,14
2026-09-04 14:59:00+05:30,12696.7998046875,12705.0498046875,12696.7998046875,12705.0498046875,36
2026-09-04 15:00:00+05:30,12701.0,12704.0,12696.7998046875,12696.7998046875,46
2026-09-04 15:01:00+05:30,12690.0,12703.25,12690.0,12698.099609375,37
2026-09-04 15:02:00+05:30,12686.25,12696.2998046875,12686.25,12690.0,34
2026-09-04 15:03:00+05:30,12679.25,12697.0,12679.25,12697.0,130
2026-09-04 15:04:00+05:30,12687.2001953125,12687.2001953125,12675.0,12677.0,187
2026-09-04 15:05:00+05:30,12679.0,12690.2001953125,12679.0,12680.5498046875,31
2026-09-04 15:06:00+05:30,12675.0,12692.2998046875,12675.0,12692.2998046875,30
2026-09-04 15:07:00+05:30,12677.349609375,12688.849609375,12677.349609375,12677.4501953125,35
2026-09-04 15:08:00+05:30,12677.0498046875,12684.0,12677.0498046875,12677.4501953125,30
2026-09-04 15:09:00+05:30,12684.900390625,12684.900390625,12675.0,12681.0,42
2026-09-04 15:10:00+05:30,12689.9501953125,12689.9501953125,12689.9501953125,12689.9501953125,4
2026-09-04 15:11:00+05:30,12677.5,12690.0,12677.5,12689.5498046875,10
2026-09-04 15:12:00+05:30,12670.0,12690.0,12670.0,12690.0,36
2026-09-04 15:13:00+05:30,12670.0,12670.0,12670.0,12670.0,20
2026-09-04 15:14:00+05:30,12699.849609375,12700.0,12670.150390625,12684.0,208
2026-09-04 15:29:00+05:30,12700.0,12700.0,12700.0,12700.0,258
2026-09-07 09:15:00+05:30,12648.849609375,12668.0,12625.0,12655.0,363
2026-09-07 09:16:00+05:30,12660.0,12667.9501953125,12625.25,12631.5498046875,702
2026-09-07 09:17:00+05:30,12670.0,12679.0,12660.0,12660.0,119
2026-09-07 09:18:00+05:30,12656.099609375,12669.0,12656.0,12669.0,83
2026-09-07 09:19:00+05:30,12665.0,12668.900390625,12653.0,12662.2001953125,44
2026-09-07 09:20:00+05:30,12649.5498046875,12665.400390625,12639.7001953125,12665.400390625,317
2026-09-07 09:21:00+05:30,12662.4501953125,12662.4501953125,12649.900390625,12649.900390625,100
2026-09-07 09:22:00+05:30,12668.9501953125,12669.0,12663.25,12663.25,19
2026-09-07 09:23:00+05:30,12675.25,12681.349609375,12663.25,12668.9501953125,79
2026-09-07 09:24:00+05:30,12680.0,12682.5498046875,12672.150390625,12679.2998046875,32
2026-09-07 09:25:00+05:30,12690.0,12695.7001953125,12689.5498046875,12689.5498046875,19
2026-09-07 09:26:00+05:30,12690.75,12690.75,12680.0,12689.150390625,427
2026-09-07 09:27:00+05:30,12672.0,12677.75,12667.5,12677.75,88
2026-09-07 09:28:00+05:30,12674.4501953125,12676.0498046875,12674.4501953125,12676.0498046875,5
2026-09-07 09:29:00+05:30,12676.349609375,12678.4501953125,12665.0,12665.0,64
2026-09-07 09:30:00+05:30,12681.7998046875,12690.0,12679.25,12679.25,114
2026-09-07 09:31:00+05:30,12679.25,12683.349609375,12679.25,12683.349609375,57
2026-09-07 09:32:00+05:30,12685.2001953125,12687.5498046875,12671.150390625,12681.0,50
2026-09-07 09:33:00+05:30,12675.849609375,12687.0,12675.849609375,12687.0,153
2026-09-07 09:34:00+05:30,12671.0,12678.75,12671.0,12675.849609375,25
2026-09-07 09:35:00+05:30,12684.9501953125,12684.9501953125,12680.2998046875,12680.2998046875,12
2026-09-07 09:36:00+05:30,12681.0,12684.4501953125,12681.0,12684.4501953125,16
2026-09-07 09:37:00+05:30,12678.900390625,12684.0,12678.849609375,12684.0,14
2026-09-07 09:38:00+05:30,12685.9501953125,12691.0,12685.9501953125,12690.7998046875,14
2026-09-07 09:39:00+05:30,12690.400390625,12690.400390625,12685.9501953125,12685.9501953125,40
2026-09-07 09:40:00+05:30,12689.9501953125,12689.9501953125,12689.0498046875,12689.0498046875,25
2026-09-07 09:41:00+05:30,12687.0,12689.349609375,12687.0,12689.150390625,15
2026-09-07 09:42:00+05:30,12693.099609375,12695.0,12689.400390625,12689.400390625,13
2026-09-07 09:43:00+05:30,12700.75,12706.7998046875,12688.0,12688.0,91
2026-09-07 09:44:00+05:30,12706.599609375,12706.599609375,12688.5498046875,12699.349609375,179
2026-09-07 09:45:00+05:30,12729.7998046875,12729.7998046875,12702.25,12707.5,270
2026-09-07 09:46:00+05:30,12746.9501953125,12746.9501953125,12728.2998046875,12737.4501953125,102
2026-09-07 09:47:00+05:30,12755.9501953125,12755.9501953125,12742.5,12745.0,205
2026-09-07 09:48:00+05:30,12754.150390625,12754.150390625,12742.0,12750.400390625,20
2026-09-07 09:49:00+05:30,12748.0,12753.7001953125,12742.150390625,12752.75,21
2026-09-07 09:50:00+05:30,12748.150390625,12748.150390625,12745.0,12745.0,22
2026-09-07 09:51:00+05:30,12756.599609375,12760.0,12749.150390625,12755.0,300
2026-09-07 09:52:00+05:30,12766.0,12766.0,12760.0,12761.650390625,29
2026-09-07 09:53:00+05:30,12762.900390625,12766.0498046875,12759.0,12760.0,69
2026-09-07 09:54:00+05:30,12752.25,12762.900390625,12745.0,12762.900390625,16
2026-09-07 09:55:00+05:30,12737.150390625,12750.0,12728.0498046875,12745.0,48
2026-09-07 09:56:00+05:30,12740.0,12740.0,12740.0,12740.0,3
2026-09-07 09:57:00+05:30,12745.7998046875,12745.7998046875,12745.7998046875,12745.7998046875,8
2026-09-07 09:58:00+05:30,12725.0,12726.5498046875,12725.0,12726.25,102
2026-09-07 09:59:00+05:30,12727.5498046875,12731.4501953125,12727.5498046875,12727.5498046875,5
2026-09-07 10:00:00+05:30,12727.150390625,12731.7998046875,12727.150390625,12731.7998046875,15
2026-09-07 10:01:00+05:30,12740.0,12740.0,12732.0,12732.0,11
2026-09-07 10:02:00+05:30,12742.0498046875,12744.9501953125,12740.0,12743.9501953125,17
2026-09-07 10:03:00+05:30,12746.25,12747.349609375,12736.9501953125,12745.4501953125,21
2026-09-07 10:04:00+05:30,12740.0,12744.650390625,12740.0,12744.650390625,8
2026-09-07 10:05:00+05:30,12748.5498046875,12748.5498046875,12740.0,12740.0,50
2026-09-07 10:06:00+05:30,12749.0,12749.0,12748.5498046875,12748.5498046875,2
2026-09-07 10:07:00+05:30,12744.0,12754.349609375,12744.0,12749.0,7
2026-09-07 10:08:00+05:30,12745.0,12750.0498046875,12745.0,12750.0498046875,9
2026-09-07 10:09:00+05:30,12727.5498046875,12741.349609375,12727.5498046875,12740.0,62
2026-09-07 10:10:00+05:30,12749.400390625,12749.400390625,12738.400390625,12741.349609375,67
2026-09-07 10:11:00+05:30,12742.75,12749.0,12740.349609375,12749.0,14
2026-09-07 10:12:00+05:30,12740.9501953125,12750.0,12740.9501953125,12742.7998046875,30
2026-09-07 10:13:00+05:30,12748.599609375,12748.650390625,12740.9501953125,12748.650390625,10
2026-09-07 10:14:00+05:30,12748.650390625,12748.650390625,12743.150390625,12743.150390625,5
2026-09-07 10:15:00+05:30,12748.650390625,12748.650390625,12748.0,12748.0,4
2026-09-07 10:16:00+05:30,12730.849609375,12747.25,12730.849609375,12747.25,10
2026-09-07 10:17:00+05:30,12747.5,12747.5,12735.400390625,12735.400390625,5
2026-09-07 10:18:00+05:30,12745.9501953125,12745.9501953125,12732.349609375,12732.349609375,28
2026-09-07 10:19:00+05:30,12740.5,12748.2001953125,12738.849609375,12748.150390625,61
2026-09-07 10:20:00+05:30,12738.0,12740.75,12738.0,12740.75,12
2026-09-07 10:21:00+05:30,12748.650390625,12748.650390625,12743.5498046875,12748.0,13
2026-09-07 10:22:00+05:30,12745.0,12745.0,12745.0,12745.0,3
2026-09-07 10:23:00+05:30,12741.5,12741.5,12741.5,12741.5,5
2026-09-07 10:24:00+05:30,12748.650390625,12748.650390625,12741.349609375,12741.5,42
2026-09-07 10:25:00+05:30,12747.400390625,12747.900390625,12738.0,12747.900390625,23
2026-09-07 10:26:00+05:30,12744.0,12744.0,12736.650390625,12736.650390625,2
2026-09-07 10:27:00+05:30,12744.0,12745.0,12743.849609375,12744.0,6
2026-09-07 10:28:00+05:30,12739.599609375,12747.4501953125,12736.7001953125,12747.4501953125,6
2026-09-07 10:29:00+05:30,12731.900390625,12746.9501953125,12731.900390625,12743.7001953125,17
2026-09-07 10:30:00+05:30,12744.0,12744.0,12744.0,12744.0,1
2026-09-07 10:31:00+05:30,12744.2001953125,12744.2001953125,12735.0498046875,12735.0498046875,5
2026-09-07 10:32:00+05:30,12732.900390625,12734.9501953125,12731.9501953125,12734.9501953125,35
2026-09-07 10:34:00+05:30,12738.099609375,12738.099609375,12737.75,12737.75,4
2026-09-07 10:35:00+05:30,12730.650390625,12737.5498046875,12727.0,12737.5498046875,22
2026-09-07 10:36:00+05:30,12730.650390625,12730.650390625,12730.650390625,12730.650390625,4
2026-09-07 10:37:00+05:30,12730.0,12738.5,12730.0,12738.5,10
2026-09-07 10:38:00+05:30,12734.2998046875,12740.0,12730.0498046875,12730.0498046875,17
2026-09-07 10:39:00+05:30,12740.0,12740.0,12740.0,12740.0,19
2026-09-07 10:40:00+05:30,12744.0,12744.0,12734.75,12735.0,79
2026-09-07 10:41:00+05:30,12739.0,12739.0,12739.0,12739.0,21
2026-09-07 10:42:00+05:30,12745.0,12745.0,12739.0,12744.7001953125,33
2026-09-07 10:43:00+05:30,12748.650390625,12748.650390625,12748.0,12748.0,19
2026-09-07 10:44:00+05:30,12748.650390625,12748.650390625,12748.650390625,12748.650390625,12
2026-09-07 10:45:00+05:30,12746.5,12753.650390625,12745.0498046875,12745.0498046875,78
2026-09-07 10:46:00+05:30,12754.849609375,12755.7998046875,12753.0,12753.0,6
2026-09-07 10:47:00+05:30,12754.0,12754.0,12745.0,12745.0,27
2026-09-07 10:48:00+05:30,12739.0,12747.0,12739.0,12747.0,29
2026-09-07 10:49:00+05:30,12741.7998046875,12742.2001953125,12731.099609375,12731.099609375,39
2026-09-07 10:50:00+05:30,12743.7998046875,12743.7998046875,12743.7998046875,12743.7998046875,1
2026-09-07 10:51:00+05:30,12738.599609375,12748.400390625,12738.599609375,12743.7998046875,16
2026-09-07 10:52:00+05:30,12745.599609375,12745.599609375,12745.25,12745.25,3
2026-09-07 10:53:00+05:30,12741.7998046875,12747.099609375,12735.0498046875,12735.0498046875,33
2026-09-07 10:54:00+05:30,12738.0,12744.650390625,12736.75,12744.650390625,3
2026-09-07 10:55:00+05:30,12731.9501953125,12742.5,12731.9501953125,12735.2001953125,18
2026-09-07 10:56:00+05:30,12745.0,12745.0,12742.75,12742.75,10
2026-09-07 10:57:00+05:30,12745.0,12745.0,12742.900390625,12742.900390625,29
2026-09-07 10:58:00+05:30,12741.75,12750.0,12741.75,12745.0,44
2026-09-07 11:00:00+05:30,12750.0,12750.0,12749.9501953125,12749.9501953125,9
2026-09-07 11:01:00+05:30,12748.7998046875,12748.7998046875,12748.75,12748.75,2
2026-09-07 11:02:00+05:30,12746.0,12746.0,12746.0,12746.0,1
2026-09-07 11:03:00+05:30,12732.599609375,12741.75,12732.599609375,12741.75,2
2026-09-07 11:04:00+05:30,12737.2998046875,12737.2998046875,12727.5,12730.0,10
2026-09-07 11:05:00+05:30,12737.2998046875,12737.2998046875,12736.5,12736.5,2
2026-09-07 11:06:00+05:30,12735.849609375,12742.900390625,12734.349609375,12742.900390625,6
2026-09-07 11:07:00+05:30,12744.9501953125,12745.0,12744.9501953125,12745.0,21
2026-09-07 11:08:00+05:30,12745.0,12745.0,12736.4501953125,12736.4501953125,4
2026-09-07 11:09:00+05:30,12745.0,12745.0,12745.0,12745.0,3
2026-09-07 11:10:00+05:30,12744.900390625,12744.9501953125,12737.7998046875,12737.7998046875,23
2026-09-07 11:11:00+05:30,12745.0,12745.0,12745.0,12745.0,2
2026-09-07 11:12:00+05:30,12751.0,12751.0,12744.9501953125,12744.9501953125,69
2026-09-07 11:13:00+05:30,12750.7998046875,12751.9501953125,12750.0,12750.0,26
2026-09-07 11:14:00+05:30,12740.400390625,12750.25,12740.400390625,12750.25,6
2026-09-07 11:15:00+05:30,12749.849609375,12749.849609375,12742.5498046875,12742.5498046875,3
2026-09-07 11:16:00+05:30,12746.25,12746.25,12737.5498046875,12740.349609375,14
2026-09-07 11:17:00+05:30,12748.7001953125,12748.7001953125,12748.7001953125,12748.7001953125,2
2026-09-07 11:18:00+05:30,12747.099609375,12747.099609375,12747.099609375,12747.099609375,1
2026-09-07 11:19:00+05:30,12705.400390625,12727.0,12703.0,12727.0,287
2026-09-07 11:20:00+05:30,12692.0498046875,12711.4501953125,12692.0498046875,12706.5498046875,374
2026-09-07 11:21:00+05:30,12705.9501953125,12705.9501953125,12693.900390625,12695.0,17
2026-09-07 11:22:00+05:30,12705.5,12705.7998046875,12705.5,12705.7998046875,38
2026-09-07 11:24:00+05:30,12705.9501953125,12707.349609375,12700.0,12707.349609375,7
2026-09-07 11:25:00+05:30,12706.0,12706.0,12706.0,12706.0,30
2026-09-07 11:26:00+05:30,12712.0498046875,12712.349609375,12701.0498046875,12707.2998046875,25
2026-09-07 11:27:00+05:30,12742.650390625,12742.650390625,12742.650390625,12742.650390625,25
2026-09-07 11:28:00+05:30,12754.25,12756.0,12737.0,12737.0,105
2026-09-07 11:29:00+05:30,12745.0,12756.400390625,12745.0,12756.400390625,14
2026-09-07 11:30:00+05:30,12779.0,12779.0,12753.4501953125,12753.4501953125,557
2026-09-07 11:31:00+05:30,12780.0,12780.0,12772.0498046875,12779.9501953125,35
2026-09-07 11:32:00+05:30,12777.4501953125,12777.4501953125,12775.0,12777.0498046875,19
2026-09-07 11:33:00+05:30,12778.099609375,12778.099609375,12765.4501953125,12772.0,14
2026-09-07 11:34:00+05:30,12777.650390625,12777.9501953125,12770.0498046875,12777.9501953125,19
2026-09-07 11:35:00+05:30,12765.0,12778.0,12765.0,12778.0,62
2026-09-07 11:36:00+05:30,12757.599609375,12762.75,12757.599609375,12762.75,12
2026-09-07 11:37:00+05:30,12767.5498046875,12767.75,12758.650390625,12758.650390625,25
2026-09-07 11:38:00+05:30,12767.9501953125,12767.9501953125,12767.9501953125,12767.9501953125,8
2026-09-07 11:39:00+05:30,12767.0,12767.0,12763.7001953125,12767.0,112
2026-09-07 11:40:00+05:30,12774.900390625,12774.900390625,12774.900390625,12774.900390625,1
2026-09-07 11:41:00+05:30,12760.0,12771.7998046875,12760.0,12771.7998046875,17
2026-09-07 11:42:00+05:30,12768.0,12768.0,12761.849609375,12762.0,36
2026-09-07 11:43:00+05:30,12770.0,12770.0,12770.0,12770.0,8
2026-09-07 11:44:00+05:30,12760.900390625,12770.0,12760.900390625,12770.0,94
2026-09-07 11:45:00+05:30,12760.25,12769.900390625,12760.25,12769.900390625,26
2026-09-07 11:46:00+05:30,12772.099609375,12772.099609375,12772.099609375,12772.099609375,10
2026-09-07 11:47:00+05:30,12766.150390625,12775.0,12766.150390625,12775.0,3
2026-09-07 11:48:00+05:30,12773.75,12773.75,12761.650390625,12761.650390625,3
2026-09-07 11:49:00+05:30,12768.0,12768.0,12765.0,12765.0,30
2026-09-07 11:50:00+05:30,12773.5,12773.5,12772.5,12772.5,29
2026-09-07 11:51:00+05:30,12774.5,12774.5,12765.099609375,12765.099609375,13
2026-09-07 11:52:00+05:30,12765.0,12773.900390625,12765.0,12773.900390625,62
2026-09-07 11:53:00+05:30,12759.099609375,12765.0,12759.099609375,12765.0,10
2026-09-07 11:55:00+05:30,12770.0,12770.0,12769.0,12769.0,2
2026-09-07 11:57:00+05:30,12765.0,12770.0,12765.0,12770.0,41
2026-09-07 11:58:00+05:30,12770.0,12770.0,12765.0,12765.0,2
2026-09-07 12:00:00+05:30,12772.0,12772.0,12763.7001953125,12763.7001953125,4
2026-09-07 12:01:00+05:30,12774.9501953125,12774.9501953125,12774.9501953125,12774.9501953125,9
2026-09-07 12:03:00+05:30,12765.0498046875,12770.0,12765.0498046875,12770.0,15
2026-09-07 12:04:00+05:30,12774.9501953125,12774.9501953125,12765.650390625,12765.650390625,90
2026-09-07 12:07:00+05:30,12775.0,12775.0,12774.900390625,12774.900390625,78
2026-09-07 12:08:00+05:30,12785.0,12785.0,12777.0,12777.0,58
2026-09-07 12:09:00+05:30,12789.5498046875,12789.5498046875,12785.0,12785.0,83
2026-09-07 12:10:00+05:30,12780.0,12785.0,12776.9501953125,12785.0,4
2026-09-07 12:11:00+05:30,12778.0,12785.0,12778.0,12785.0,4
2026-09-07 12:12:00+05:30,12781.150390625,12782.5,12781.150390625,12782.5,7
2026-09-07 12:13:00+05:30,12786.150390625,12786.150390625,12786.150390625,12786.150390625,1
2026-09-07 12:14:00+05:30,12784.9501953125,12788.7998046875,12775.0,12788.7998046875,33
2026-09-07 12:15:00+05:30,12796.900390625,12796.9501953125,12790.0,12790.0,115
2026-09-07 12:16:00+05:30,12784.849609375,12796.75,12783.5498046875,12785.150390625,14
2026-09-07 12:17:00+05:30,12791.0,12791.0,12780.0498046875,12780.0498046875,7
2026-09-07 12:18:00+05:30,12795.9501953125,12796.0,12787.4501953125,12796.0,42
2026-09-07 12:19:00+05:30,12790.0,12796.0,12790.0,12796.0,50
2026-09-07 12:20:00+05:30,12795.0,12795.0,12795.0,12795.0,6
2026-09-07 12:21:00+05:30,12790.0498046875,12790.0498046875,12790.0,12790.0,11
2026-09-07 12:22:00+05:30,12778.5498046875,12790.099609375,12778.5498046875,12790.099609375,3
2026-09-07 12:24:00+05:30,12784.0,12784.0,12784.0,12784.0,3
2026-09-07 12:26:00+05:30,12794.400390625,12794.400390625,12790.0,12794.349609375,4
2026-09-07 12:27:00+05:30,12798.0,12800.0,12790.0,12794.349609375,155
2026-09-07 12:28:00+05:30,12794.4501953125,12800.0,12794.4501953125,12795.0,10
2026-09-07 12:29:00+05:30,12770.0,12800.0,12770.0,12793.0,27
2026-09-07 12:30:00+05:30,12795.25,12795.25,12792.0,12792.0,277
2026-09-07 12:31:00+05:30,12782.0,12782.0,12781.349609375,12781.349609375,7
2026-09-07 12:32:00+05:30,12783.900390625,12792.0,12783.25,12783.25,15
2026-09-07 12:33:00+05:30,12790.0,12790.0,12790.0,12790.0,2
2026-09-07 12:34:00+05:30,12803.0,12803.0,12783.0498046875,12783.0498046875,464
2026-09-07 12:35:00+05:30,12815.0,12820.0,12797.9501953125,12803.0,239
2026-09-07 12:36:00+05:30,12816.849609375,12827.400390625,12816.849609375,12824.0,33
2026-09-07 12:37:00+05:30,12821.9501953125,12827.4501953125,12816.5,12816.5,55
2026-09-07 12:38:00+05:30,12822.650390625,12822.650390625,12812.0498046875,12822.5498046875,99
2026-09-07 12:39:00+05:30,12820.0,12827.4501953125,12820.0,12823.0,31
2026-09-07 12:40:00+05:30,12825.0,12827.4501953125,12820.0,12820.0,70
2026-09-07 12:41:00+05:30,12826.349609375,12827.0,12820.0,12827.0,192
2026-09-07 12:42:00+05:30,12820.0,12820.0,12820.0,12820.0,14
2026-09-07 12:43:00+05:30,12824.2001953125,12824.2001953125,12820.0,12821.0,6
2026-09-07 12:45:00+05:30,12814.5,12820.0,12802.900390625,12820.0,21
2026-09-07 12:46:00+05:30,12801.0498046875,12801.0498046875,12801.0498046875,12801.0498046875,21
2026-09-07 12:47:00+05:30,12809.0,12809.0,12800.9501953125,12800.9501953125,82
2026-09-07 12:49:00+05:30,12814.900390625,12814.900390625,12811.0,12811.0,10
2026-09-07 12:50:00+05:30,12803.2998046875,12813.099609375,12803.2998046875,12810.0,13
2026-09-07 12:51:00+05:30,12801.9501953125,12813.0,12801.9501953125,12812.9501953125,85
2026-09-07 12:52:00+05:30,12800.5,12812.900390625,12800.5,12812.900390625,17
2026-09-07 12:53:00+05:30,12808.599609375,12809.0498046875,12800.0,12809.0498046875,20
2026-09-07 12:54:00+05:30,12801.0498046875,12801.0498046875,12801.0498046875,12801.0498046875,18
2026-09-07 12:55:00+05:30,12806.900390625,12808.0,12805.0,12806.900390625,22
2026-09-07 12:57:00+05:30,12807.0,12807.0,12806.900390625,12806.900390625,9
2026-09-07 13:00:00+05:30,12800.0498046875,12811.0,12800.0498046875,12811.0,16
2026-09-07 13:01:00+05:30,12793.849609375,12809.75,12793.849609375,12809.75,26
2026-09-07 13:02:00+05:30,12794.2998046875,12794.2998046875,12794.2998046875,12794.2998046875,8
2026-09-07 13:04:00+05:30,12790.4501953125,12795.0,12790.0498046875,12794.25,23
2026-09-07 13:06:00+05:30,12783.349609375,12793.25,12783.349609375,12793.25,27
2026-09-07 13:07:00+05:30,12805.849609375,12805.849609375,12794.5,12794.5,34
2026-09-07 13:08:00+05:30,12800.150390625,12802.650390625,12800.150390625,12802.650390625,3
2026-09-07 13:09:00+05:30,12785.7001953125,12796.349609375,12785.7001953125,12796.349609375,25
2026-09-07 13:10:00+05:30,12792.900390625,12792.900390625,12792.900390625,12792.900390625,1
2026-09-07 13:12:00+05:30,12782.650390625,12791.650390625,12782.599609375,12791.650390625,10
2026-09-07 13:13:00+05:30,12777.0,12784.849609375,12777.0,12780.0,10
2026-09-07 13:14:00+05:30,12780.0,12780.0,12780.0,12780.0,1
2026-09-07 13:15:00+05:30,12784.900390625,12784.900390625,12784.900390625,12784.900390625,5
2026-09-07 13:16:00+05:30,12800.0,12800.0,12800.0,12800.0,8
2026-09-07 13:17:00+05:30,12799.0,12799.0,12799.0,12799.0,1
2026-09-07 13:18:00+05:30,12783.400390625,12793.0,12783.400390625,12784.0,65
2026-09-07 13:19:00+05:30,12793.2001953125,12793.2001953125,12793.2001953125,12793.2001953125,57
2026-09-07 13:21:00+05:30,12795.0498046875,12802.4501953125,12795.0498046875,12795.099609375,4
2026-09-07 13:22:00+05:30,12803.2001953125,12803.2001953125,12794.0498046875,12794.0498046875,13
2026-09-07 13:23:00+05:30,12803.0,12803.0,12803.0,12803.0,1
2026-09-07 13:24:00+05:30,12805.4501953125,12811.599609375,12801.0498046875,12804.0,27
2026-09-07 13:25:00+05:30,12812.0,12812.0,12798.75,12798.75,5
2026-09-07 13:26:00+05:30,12809.0,12809.0,12809.0,12809.0,1
2026-09-07 13:27:00+05:30,12804.900390625,12805.25,12804.900390625,12805.25,10
2026-09-07 13:28:00+05:30,12797.0,12804.0498046875,12797.0,12804.0498046875,2
2026-09-07 13:29:00+05:30,12793.599609375,12793.599609375,12793.599609375,12793.599609375,10
2026-09-07 13:31:00+05:30,12808.9501953125,12809.0,12800.0,12800.0,26
2026-09-07 13:33:00+05:30,12808.400390625,12808.400390625,12797.400390625,12807.2001953125,17
2026-09-07 13:34:00+05:30,12795.0498046875,12808.7998046875,12793.599609375,12800.0498046875,18
2026-09-07 13:35:00+05:30,12783.4501953125,12790.0,12783.4501953125,12790.0,3
2026-09-07 13:36:00+05:30,12792.7001953125,12794.900390625,12783.400390625,12794.900390625,9
2026-09-07 13:37:00+05:30,12781.0498046875,12793.0,12781.0498046875,12787.900390625,7
2026-09-07 13:38:00+05:30,12781.599609375,12786.150390625,12781.599609375,12786.150390625,6
2026-09-07 13:39:00+05:30,12773.5,12782.0,12773.5,12782.0,264
2026-09-07 13:40:00+05:30,12777.2001953125,12780.150390625,12777.2001953125,12780.150390625,6
2026-09-07 13:41:00+05:30,12766.400390625,12770.0,12759.2998046875,12770.0,18
2026-09-07 13:42:00+05:30,12752.5498046875,12765.25,12752.5498046875,12758.0,96
2026-09-07 13:43:00+05:30,12776.150390625,12776.150390625,12771.0,12771.0,19
2026-09-07 13:45:00+05:30,12781.5498046875,12781.5498046875,12770.2998046875,12770.2998046875,87
2026-09-07 13:46:00+05:30,12794.9501953125,12794.9501953125,12777.5498046875,12786.9501953125,29
2026-09-07 13:47:00+05:30,12795.0,12795.0,12790.0,12790.0,3
2026-09-07 13:48:00+05:30,12790.0,12795.4501953125,12789.900390625,12795.4501953125,30
2026-09-07 13:49:00+05:30,12781.099609375,12793.150390625,12781.099609375,12793.150390625,114
2026-09-07 13:50:00+05:30,12787.5498046875,12797.400390625,12787.5498046875,12794.7001953125,9
2026-09-07 13:51:00+05:30,12797.5498046875,12797.5498046875,12796.4501953125,12796.4501953125,3
2026-09-07 13:53:00+05:30,12801.400390625,12804.9501953125,12796.75,12796.75,9
2026-09-07 13:54:00+05:30,12801.400390625,12801.400390625,12801.400390625,12801.400390625,1
2026-09-07 13:55:00+05:30,12802.0,12803.0,12797.5498046875,12797.5498046875,12
2026-09-07 13:56:00+05:30,12800.25,12804.4501953125,12793.849609375,12802.0,29
2026-09-07 13:57:00+05:30,12795.150390625,12803.0,12795.150390625,12803.0,14
2026-09-07 13:58:00+05:30,12807.0,12807.0,12800.4501953125,12803.0,18
2026-09-07 13:59:00+05:30,12806.75,12806.75,12806.75,12806.75,3
2026-09-07 14:00:00+05:30,12806.599609375,12806.75,12800.349609375,12806.75,11
2026-09-07 14:01:00+05:30,12805.0,12806.75,12798.7998046875,12798.7998046875,5
2026-09-07 14:02:00+05:30,12809.0,12809.0,12806.75,12806.75,11
2026-09-07 14:03:00+05:30,12809.0,12809.0,12809.0,12809.0,6
2026-09-07 14:04:00+05:30,12806.75,12809.0,12806.75,12809.0,53
2026-09-07 14:05:00+05:30,12813.7998046875,12813.7998046875,12808.2001953125,12809.0,46
2026-09-07 14:06:00+05:30,12812.849609375,12813.75,12812.849609375,12813.75,10
2026-09-07 14:07:00+05:30,12812.4501953125,12813.0,12810.0,12812.7001953125,19
2026-09-07 14:08:00+05:30,12812.0,12812.0,12810.349609375,12810.349609375,3
2026-09-07 14:09:00+05:30,12808.9501953125,12808.9501953125,12800.0498046875,12807.5498046875,9
2026-09-07 14:10:00+05:30,12805.7998046875,12810.25,12805.7998046875,12809.0,26
2026-09-07 14:11:00+05:30,12810.0,12810.0,12803.099609375,12806.400390625,5
2026-09-07 14:12:00+05:30,12805.849609375,12810.0,12800.9501953125,12810.0,22
2026-09-07 14:13:00+05:30,12810.0,12810.0,12806.5498046875,12806.5498046875,7
2026-09-07 14:14:00+05:30,12800.0,12810.0,12800.0,12810.0,15
2026-09-07 14:15:00+05:30,12800.0,12800.0,12797.849609375,12797.849609375,23
2026-09-07 14:16:00+05:30,12794.650390625,12802.75,12793.599609375,12796.9501953125,11
2026-09-07 14:17:00+05:30,12802.5,12802.5,12796.099609375,12800.0,37
2026-09-07 14:18:00+05:30,12802.0,12802.5,12793.0498046875,12802.4501953125,12
2026-09-07 14:19:00+05:30,12802.5,12802.5,12801.0,12801.0,2
2026-09-07 14:20:00+05:30,12803.650390625,12804.400390625,12794.650390625,12802.5,38
2026-09-07 14:21:00+05:30,12803.2001953125,12803.599609375,12800.0,12803.599609375,3
2026-09-07 14:22:00+05:30,12793.650390625,12793.650390625,12793.400390625,12793.400390625,2
2026-09-07 14:23:00+05:30,12805.0,12805.4501953125,12805.0,12805.4501953125,3
2026-09-07 14:24:00+05:30,12807.2998046875,12807.5498046875,12804.9501953125,12804.9501953125,11
2026-09-07 14:25:00+05:30,12808.0,12808.0,12808.0,12808.0,51
2026-09-07 14:26:00+05:30,12807.4501953125,12808.0,12807.4501953125,12808.0,37
2026-09-07 14:27:00+05:30,12808.9501953125,12810.0,12801.2001953125,12808.0,81
2026-09-07 14:28:00+05:30,12807.9501953125,12809.0,12801.0498046875,12809.0,41
2026-09-07 14:29:00+05:30,12809.150390625,12809.150390625,12800.0498046875,12800.0498046875,7
2026-09-07 14:30:00+05:30,12800.0498046875,12810.0,12800.0498046875,12809.0,11
2026-09-07 14:31:00+05:30,12797.5,12800.0,12787.5498046875,12800.0,7
2026-09-07 14:32:00+05:30,12797.4501953125,12797.4501953125,12797.4501953125,12797.4501953125,3
2026-09-07 14:33:00+05:30,12799.900390625,12799.900390625,12799.4501953125,12799.4501953125,3
2026-09-07 14:34:00+05:30,12790.0,12790.0,12786.2001953125,12790.0,13
2026-09-07 14:36:00+05:30,12779.4501953125,12785.0,12778.0498046875,12785.0,138
2026-09-07 14:37:00+05:30,12790.0,12790.0,12779.7001953125,12779.7001953125,30
2026-09-07 14:38:00+05:30,12785.0498046875,12790.0,12785.0498046875,12790.0,18
2026-09-07 14:39:00+05:30,12786.2998046875,12792.849609375,12786.0,12786.0,6
2026-09-07 14:40:00+05:30,12783.0,12789.4501953125,12783.0,12789.4501953125,12
2026-09-07 14:41:00+05:30,12787.5,12787.5,12785.0,12785.0,3
2026-09-07 14:42:00+05:30,12782.349609375,12782.349609375,12777.0498046875,12777.7001953125,12
2026-09-07 14:43:00+05:30,12783.25,12783.25,12777.099609375,12777.099609375,2
2026-09-07 14:44:00+05:30,12780.0,12780.0,12780.0,12780.0,1
2026-09-07 14:45:00+05:30,12777.599609375,12779.5498046875,12777.0498046875,12778.2998046875,8
2026-09-07 14:46:00+05:30,12775.0,12779.9501953125,12775.0,12778.5,16
2026-09-07 14:47:00+05:30,12773.5,12779.650390625,12772.0498046875,12775.599609375,13
2026-09-07 14:48:00+05:30,12781.25,12782.2001953125,12773.349609375,12773.349609375,16
2026-09-07 14:49:00+05:30,12776.9501953125,12780.0,12774.099609375,12776.0,19
2026-09-07 14:50:00+05:30,12789.400390625,12789.400390625,12777.7001953125,12777.7001953125,16
2026-09-07 14:51:00+05:30,12799.7998046875,12799.7998046875,12789.0,12790.0,135
2026-09-07 14:52:00+05:30,12795.0,12798.0,12794.7001953125,12794.7001953125,6
2026-09-07 14:53:00+05:30,12809.0,12809.0,12791.599609375,12799.7998046875,57
2026-09-07 14:54:00+05:30,12803.900390625,12809.0,12795.5498046875,12804.599609375,28
2026-09-07 14:55:00+05:30,12806.9501953125,12806.9501953125,12798.0,12803.849609375,10
2026-09-07 14:56:00+05:30,12802.0,12802.0,12795.0,12800.5498046875,6
2026-09-07 14:57:00+05:30,12800.0,12802.0,12798.150390625,12798.150390625,9
2026-09-07 14:58:00+05:30,12793.400390625,12800.0,12793.400390625,12800.0,12
2026-09-07 14:59:00+05:30,12801.599609375,12801.599609375,12791.599609375,12800.0,40
2026-09-07 15:00:00+05:30,12780.0,12799.849609375,12778.0,12794.0,209
2026-09-07 15:01:00+05:30,12804.7998046875,12805.9501953125,12804.7998046875,12805.0,4
2026-09-07 15:02:00+05:30,12809.0,12809.0,12803.2998046875,12804.25,74
2026-09-07 15:03:00+05:30,12812.099609375,12814.9501953125,12803.150390625,12809.0,101
2026-09-07 15:04:00+05:30,12810.0,12814.9501953125,12804.900390625,12814.099609375,111
2026-09-07 15:05:00+05:30,12806.5498046875,12807.25,12806.5498046875,12806.5498046875,5
2026-09-07 15:06:00+05:30,12814.150390625,12814.150390625,12802.7001953125,12810.0,43
2026-09-07 15:07:00+05:30,12811.4501953125,12811.4501953125,12802.9501953125,12808.150390625,47
2026-09-07 15:08:00+05:30,12780.4501953125,12811.349609375,12780.0,12811.349609375,63
2026-09-07 15:09:00+05:30,12725.25,12773.849609375,12720.0,12770.0,2157
2026-09-07 15:10:00+05:30,12720.2998046875,12727.2998046875,12720.0,12725.0,69
2026-09-07 15:11:00+05:30,12732.5,12732.5,12712.0498046875,12712.0498046875,22
2026-09-07 15:12:00+05:30,12721.5498046875,12727.5,12712.0498046875,12720.0,13
2026-09-07 15:13:00+05:30,12732.150390625,12732.150390625,12726.150390625,12726.150390625,125
2026-09-07 15:14:00+05:30,12730.0,12764.0,12730.0,12749.400390625,18
2026-09-07 15:28:00+05:30,12760.0,12760.0,12760.0,12760.0,55
2026-09-08 09:15:00+05:30,12745.099609375,12751.150390625,12717.9501953125,12750.0,197
2026-09-08 09:16:00+05:30,12752.9501953125,12752.9501953125,12737.5498046875,12751.150390625,17
2026-09-08 09:17:00+05:30,12714.0498046875,12740.9501953125,12713.0498046875,12740.9501953125,60
2026-09-08 09:18:00+05:30,12715.0,12715.0,12704.400390625,12708.7001953125,31
2026-09-08 09:19:00+05:30,12710.75,12721.650390625,12700.0,12700.0,361
2026-09-08 09:20:00+05:30,12703.0,12708.2998046875,12700.0,12701.0,91
2026-09-08 09:21:00+05:30,12690.75,12691.0,12688.0,12691.0,33
2026-09-08 09:22:00+05:30,12690.0,12690.0,12673.849609375,12680.0,54
2026-09-08 09:23:00+05:30,12673.099609375,12673.099609375,12673.0498046875,12673.0498046875,2
2026-09-08 09:24:00+05:30,12666.0,12676.849609375,12666.0,12673.0498046875,156
2026-09-08 09:25:00+05:30,12677.650390625,12677.650390625,12660.0,12660.0,38
2026-09-08 09:26:00+05:30,12673.849609375,12676.9501953125,12664.9501953125,12676.9501953125,24
2026-09-08 09:27:00+05:30,12673.25,12676.349609375,12664.75,12665.0,94
2026-09-08 09:28:00+05:30,12671.0,12673.849609375,12662.0,12673.849609375,11
2026-09-08 09:29:00+05:30,12669.0,12674.2001953125,12663.7001953125,12670.0,19
2026-09-08 09:30:00+05:30,12670.0,12672.4501953125,12663.75,12663.75,52
2026-09-08 09:31:00+05:30,12677.150390625,12680.0,12670.0,12670.0,6
2026-09-08 09:32:00+05:30,12651.9501953125,12669.75,12651.9501953125,12669.75,135
2026-09-08 09:33:00+05:30,12662.099609375,12662.099609375,12660.0,12660.0,8
2026-09-08 09:34:00+05:30,12660.0,12662.099609375,12655.25,12662.0498046875,114
2026-09-08 09:35:00+05:30,12660.75,12662.099609375,12651.0498046875,12660.0,79
2026-09-08 09:36:00+05:30,12663.0,12669.900390625,12659.5498046875,12661.0498046875,47
2026-09-08 09:37:00+05:30,12669.7001953125,12669.7001953125,12660.099609375,12669.599609375,21
2026-09-08 09:38:00+05:30,12660.4501953125,12670.0,12660.4501953125,12670.0,25
2026-09-08 09:39:00+05:30,12657.5,12667.5,12657.5,12667.0,85
2026-09-08 09:40:00+05:30,12656.9501953125,12660.900390625,12655.0,12657.849609375,45
2026-09-08 09:41:00+05:30,12652.75,12660.0,12651.0498046875,12651.0498046875,9
2026-09-08 09:42:00+05:30,12645.0,12660.599609375,12645.0,12660.599609375,114
2026-09-08 09:43:00+05:30,12647.5,12652.7001953125,12645.0,12645.0,52
2026-09-08 09:44:00+05:30,12644.9501953125,12651.0498046875,12640.0,12645.0,141
2026-09-08 09:45:00+05:30,12641.2001953125,12644.400390625,12639.0,12639.0,34
2026-09-08 09:46:00+05:30,12640.400390625,12640.400390625,12631.099609375,12640.0,12
2026-09-08 09:47:00+05:30,12648.349609375,12648.349609375,12640.400390625,12640.400390625,16
2026-09-08 09:48:00+05:30,12640.0,12648.900390625,12640.0,12648.2001953125,52
2026-09-08 09:49:00+05:30,12640.2001953125,12648.2998046875,12638.150390625,12646.2001953125,9
2026-09-08 09:50:00+05:30,12647.5,12649.25,12640.0,12649.25,7
2026-09-08 09:51:00+05:30,12638.0498046875,12646.099609375,12638.0498046875,12638.0498046875,8
2026-09-08 09:52:00+05:30,12636.0498046875,12646.0,12630.0,12646.0,68
2026-09-08 09:53:00+05:30,12624.0,12632.4501953125,12624.0,12630.0,114
2026-09-08 09:54:00+05:30,12625.400390625,12631.2001953125,12625.400390625,12631.2001953125,17
2026-09-08 09:55:00+05:30,12660.0,12660.0,12629.0,12629.0,53
2026-09-08 09:56:00+05:30,12657.0,12659.099609375,12650.099609375,12659.099609375,12
2026-09-08 09:57:00+05:30,12656.7998046875,12656.7998046875,12655.900390625,12656.0,48
2026-09-08 09:58:00+05:30,12658.9501953125,12659.150390625,12650.25,12650.25,42
2026-09-08 09:59:00+05:30,12652.0,12652.0,12652.0,12652.0,1
2026-09-08 10:00:00+05:30,12657.900390625,12657.9501953125,12657.5,12657.5,12
2026-09-08 10:01:00+05:30,12645.0,12652.0,12642.5,12652.0,18
2026-09-08 10:02:00+05:30,12647.4501953125,12648.599609375,12636.0,12639.75,21
2026-09-08 10:03:00+05:30,12631.900390625,12639.0,12631.900390625,12639.0,20
2026-09-08 10:04:00+05:30,12634.0,12639.0,12630.0,12637.5,19
2026-09-08 10:05:00+05:30,12628.2001953125,12628.2001953125,12628.2001953125,12628.2001953125,7
2026-09-08 10:06:00+05:30,12628.75,12639.5498046875,12627.75,12627.75,42
2026-09-08 10:07:00+05:30,12638.9501953125,12639.9501953125,12629.2001953125,12629.2001953125,16
2026-09-08 10:08:00+05:30,12639.849609375,12639.849609375,12639.849609375,12639.849609375,1
2026-09-08 10:09:00+05:30,12639.5498046875,12639.5498046875,12639.5498046875,12639.5498046875,3
2026-09-08 10:10:00+05:30,12628.0,12643.0,12628.0,12639.0,67
2026-09-08 10:11:00+05:30,12623.0,12630.0,12620.0,12625.0,121
2026-09-08 10:12:00+05:30,12621.25,12629.5,12615.0,12615.0,24
2026-09-08 10:13:00+05:30,12633.400390625,12633.400390625,12625.0,12633.400390625,26
2026-09-08 10:14:00+05:30,12629.2998046875,12635.0,12628.0498046875,12633.400390625,68
2026-09-08 10:15:00+05:30,12640.0,12647.400390625,12640.0,12641.849609375,34
2026-09-08 10:16:00+05:30,12632.150390625,12632.150390625,12632.150390625,12632.150390625,3
2026-09-08 10:17:00+05:30,12644.5498046875,12645.400390625,12640.0,12645.400390625,16
2026-09-08 10:18:00+05:30,12630.0,12631.0,12630.0,12631.0,18
2026-09-08 10:19:00+05:30,12628.150390625,12635.0,12628.0,12628.0,16
2026-09-08 10:20:00+05:30,12630.0498046875,12639.099609375,12630.0498046875,12639.0498046875,13
2026-09-08 10:21:00+05:30,12634.0,12638.400390625,12629.7998046875,12630.0498046875,17
2026-09-08 10:22:00+05:30,12629.0,12630.099609375,12629.0,12630.0,17
2026-09-08 10:23:00+05:30,12635.0,12635.0,12630.0,12630.0,57
2026-09-08 10:24:00+05:30,12630.75,12637.0,12630.75,12637.0,4
2026-09-08 10:25:00+05:30,12625.0,12630.75,12625.0,12630.75,78
2026-09-08 10:26:00+05:30,12627.0,12628.0,12624.0498046875,12628.0,11
2026-09-08 10:27:00+05:30,12630.150390625,12635.9501953125,12630.0,12630.0498046875,30
2026-09-08 10:28:00+05:30,12633.349609375,12634.9501953125,12625.0,12634.9501953125,42
2026-09-08 10:29:00+05:30,12625.0498046875,12625.0498046875,12625.0498046875,12625.0498046875,7
2026-09-08 10:30:00+05:30,12623.0,12631.2001953125,12623.0,12625.0498046875,24
2026-09-08 10:31:00+05:30,12620.0,12635.0,12620.0,12635.0,26
2026-09-08 10:32:00+05:30,12621.0,12627.0,12620.0,12620.0,24
2026-09-08 10:33:00+05:30,12626.849609375,12626.9501953125,12620.0,12620.0,19
2026-09-08 10:34:00+05:30,12626.75,12626.75,12621.2001953125,12626.7001953125,39
2026-09-08 10:35:00+05:30,12626.5,12626.5,12621.0,12624.7998046875,32
2026-09-08 10:36:00+05:30,12620.0,12625.0,12620.0,12625.0,12
2026-09-08 10:37:00+05:30,12629.0,12629.0,12620.0,12620.0,77
2026-09-08 10:38:00+05:30,12629.5498046875,12629.5498046875,12629.5498046875,12629.5498046875,1
2026-09-08 10:39:00+05:30,12628.5498046875,12628.5498046875,12620.0,12620.0,2
2026-09-08 10:40:00+05:30,12619.0,12629.0,12619.0,12628.5498046875,46
2026-09-08 10:41:00+05:30,12618.5498046875,12627.9501953125,12613.0,12627.9501953125,271
2026-09-08 10:42:00+05:30,12605.0,12618.099609375,12603.0,12618.099609375,168
2026-09-08 10:43:00+05:30,12613.0,12614.150390625,12612.7998046875,12612.7998046875,35
2026-09-08 10:44:00+05:30,12622.849609375,12626.2001953125,12608.849609375,12626.2001953125,42
2026-09-08 10:45:00+05:30,12620.0,12622.349609375,12613.0,12613.0,95
2026-09-08 10:46:00+05:30,12620.0,12628.150390625,12616.25,12620.0,251
2026-09-08 10:47:00+05:30,12630.0,12634.0,12622.7998046875,12622.7998046875,10
2026-09-08 10:48:00+05:30,12630.0,12637.25,12630.0,12630.0,33
2026-09-08 10:49:00+05:30,12628.0,12636.099609375,12620.5498046875,12630.0498046875,29
2026-09-08 10:50:00+05:30,12623.0,12632.0,12623.0,12632.0,8
2026-09-08 10:51:00+05:30,12622.5,12630.0,12622.5,12630.0,18
2026-09-08 10:52:00+05:30,12594.75,12604.2998046875,12587.849609375,12601.25,1154
2026-09-08 10:53:00+05:30,12600.0,12605.5498046875,12600.0,12605.5498046875,3
2026-09-08 10:54:00+05:30,12600.0,12600.0,12600.0,12600.0,7
2026-09-08 10:55:00+05:30,12600.0,12604.2998046875,12600.0,12600.0,64
2026-09-08 10:56:00+05:30,12587.7998046875,12603.25,12587.7998046875,12603.25,67
2026-09-08 10:57:00+05:30,12599.9501953125,12599.9501953125,12585.0498046875,12590.0,15
2026-09-08 10:58:00+05:30,12595.0,12600.0,12595.0,12595.0,10
2026-09-08 10:59:00+05:30,12606.0498046875,12606.849609375,12595.4501953125,12605.75,24
2026-09-08 11:00:00+05:30,12595.0,12600.0,12595.0,12600.0,10
2026-09-08 11:01:00+05:30,12598.0,12598.0,12593.0,12596.2998046875,5
2026-09-08 11:02:00+05:30,12603.849609375,12603.849609375,12597.0,12598.0,18
2026-09-08 11:03:00+05:30,12604.849609375,12604.849609375,12597.0498046875,12597.0498046875,8
2026-09-08 11:04:00+05:30,12609.400390625,12609.400390625,12606.099609375,12606.099609375,7
2026-09-08 11:05:00+05:30,12605.75,12605.75,12605.7001953125,12605.7001953125,2
2026-09-08 11:06:00+05:30,12614.5,12614.5,12599.75,12599.75,20
2026-09-08 11:07:00+05:30,12611.7998046875,12611.7998046875,12611.7998046875,12611.7998046875,1
2026-09-08 11:08:00+05:30,12610.0,12625.0498046875,12610.0,12625.0498046875,202
2026-09-08 11:09:00+05:30,12618.75,12618.75,12612.099609375,12612.099609375,4
2026-09-08 11:10:00+05:30,12604.150390625,12623.0,12600.0,12623.0,438
2026-09-08 11:11:00+05:30,12601.75,12604.2001953125,12600.0,12600.0,31
2026-09-08 11:12:00+05:30,12624.5,12624.5,12617.400390625,12617.849609375,53
2026-09-08 11:13:00+05:30,12624.4501953125,12626.650390625,12616.2998046875,12626.650390625,28
2026-09-08 11:14:00+05:30,12627.900390625,12627.900390625,12624.5,12624.5,69
2026-09-08 11:15:00+05:30,12609.75,12627.0,12609.75,12625.0,359
2026-09-08 11:16:00+05:30,12605.0,12614.9501953125,12605.0,12614.9501953125,3
2026-09-08 11:17:00+05:30,12608.9501953125,12608.9501953125,12608.7998046875,12608.849609375,16
2026-09-08 11:18:00+05:30,12610.9501953125,12610.9501953125,12601.5498046875,12609.0,16
2026-09-08 11:19:00+05:30,12601.5,12610.9501953125,12601.5,12610.9501953125,28
2026-09-08 11:20:00+05:30,12602.5,12607.2001953125,12600.0,12601.2998046875,26
2026-09-08 11:21:00+05:30,12608.900390625,12608.900390625,12602.5,12602.5,4
2026-09-08 11:22:00+05:30,12602.5,12609.849609375,12602.5,12609.849609375,7
2026-09-08 11:23:00+05:30,12613.0,12613.0,12602.5498046875,12602.5498046875,4
2026-09-08 11:25:00+05:30,12615.9501953125,12615.9501953125,12615.5498046875,12615.650390625,4
2026-09-08 11:26:00+05:30,12610.0498046875,12610.0498046875,12610.0498046875,12610.0498046875,6
2026-09-08 11:27:00+05:30,12619.849609375,12619.9501953125,12619.849609375,12619.9501953125,2
2026-09-08 11:29:00+05:30,12627.349609375,12627.349609375,12620.0,12620.0,34
2026-09-08 11:30:00+05:30,12629.4501953125,12633.599609375,12628.0,12628.0,223
2026-09-08 11:32:00+05:30,12625.0,12633.0,12625.0,12633.0,6
2026-09-08 11:33:00+05:30,12626.599609375,12626.599609375,12625.0,12625.0,4
2026-09-08 11:34:00+05:30,12619.9501953125,12619.9501953125,12608.75,12618.650390625,15
2026-09-08 11:35:00+05:30,12615.0,12620.0,12615.0,12619.75,11
2026-09-08 11:36:00+05:30,12614.0,12614.9501953125,12614.0,12614.9501953125,3
2026-09-08 11:37:00+05:30,12610.0,12616.0498046875,12610.0,12610.0,16
2026-09-08 11:38:00+05:30,12617.0,12619.0,12608.0,12610.0,21
2026-09-08 11:39:00+05:30,12626.5,12626.9501953125,12625.849609375,12626.9501953125,19
2026-09-08 11:40:00+05:30,12625.0,12625.0,12625.0,12625.0,5
2026-09-08 11:41:00+05:30,12631.9501953125,12631.9501953125,12626.5,12626.5,6
2026-09-08 11:42:00+05:30,12626.5,12631.0,12626.5,12631.0,2
2026-09-08 11:43:00+05:30,12620.0,12626.0,12619.0,12626.0,19
2026-09-08 11:44:00+05:30,12614.0,12614.0,12614.0,12614.0,38
2026-09-08 11:45:00+05:30,12615.2001953125,12625.7998046875,12614.650390625,12614.650390625,53
2026-09-08 11:46:00+05:30,12620.0,12624.0,12620.0,12624.0,54
2026-09-08 11:47:00+05:30,12630.0,12630.0,12624.0,12624.0,166
2026-09-08 11:48:00+05:30,12625.0498046875,12632.0,12625.0498046875,12630.0,45
2026-09-08 11:49:00+05:30,12630.0,12631.0,12630.0,12630.0,48
2026-09-08 11:50:00+05:30,12626.0,12631.0,12625.25,12630.0,25
2026-09-08 11:51:00+05:30,12630.0,12630.0,12625.0,12625.0,3
2026-09-08 11:52:00+05:30,12622.75,12629.9501953125,12622.75,12629.9501953125,10
2026-09-08 11:53:00+05:30,12631.0,12631.0,12623.099609375,12623.099609375,10
2026-09-08 11:54:00+05:30,12647.7001953125,12648.0,12625.349609375,12635.650390625,150
2026-09-08 11:55:00+05:30,12649.9501953125,12649.9501953125,12638.150390625,12649.0,122
2026-09-08 11:56:00+05:30,12650.0,12650.0,12645.75,12645.75,129
2026-09-08 11:57:00+05:30,12653.0,12653.0,12653.0,12653.0,2
2026-09-08 11:58:00+05:30,12651.150390625,12651.150390625,12651.150390625,12651.150390625,1
2026-09-08 11:59:00+05:30,12656.900390625,12658.5498046875,12656.650390625,12656.650390625,122
2026-09-08 12:00:00+05:30,12657.9501953125,12660.75,12650.0498046875,12655.0,35
2026-09-08 12:01:00+05:30,12657.5,12657.5,12650.0,12650.0,39
2026-09-08 12:02:00+05:30,12657.0,12657.0,12655.0,12655.0,4
2026-09-08 12:04:00+05:30,12660.0,12660.0,12654.0,12654.0,8
2026-09-08 12:05:00+05:30,12658.5,12659.2998046875,12658.5,12659.2998046875,13
2026-09-08 12:07:00+05:30,12668.0,12668.0,12647.2998046875,12647.2998046875,164
2026-09-08 12:08:00+05:30,12660.4501953125,12669.9501953125,12660.0,12662.5,22
2026-09-08 12:09:00+05:30,12661.0,12671.0,12661.0,12661.150390625,329
2026-09-08 12:10:00+05:30,12674.5,12674.5,12665.0,12665.0,12
2026-09-08 12:11:00+05:30,12668.0,12673.9501953125,12668.0,12673.900390625,33
2026-09-08 12:12:00+05:30,12671.0,12672.4501953125,12668.0,12670.0,22
2026-09-08 12:13:00+05:30,12664.2001953125,12672.4501953125,12663.650390625,12670.0,17
2026-09-08 12:14:00+05:30,12674.0,12674.0,12670.0,12670.650390625,19
2026-09-08 12:15:00+05:30,12671.4501953125,12672.9501953125,12663.650390625,12665.7001953125,11
2026-09-08 12:16:00+05:30,12667.0,12668.9501953125,12667.0,12668.9501953125,12
2026-09-08 12:17:00+05:30,12669.0,12671.099609375,12669.0,12670.9501953125,7
2026-09-08 12:18:00+05:30,12675.0,12675.0,12669.0,12672.0,26
2026-09-08 12:19:00+05:30,12675.9501953125,12676.0,12669.150390625,12675.0,10
2026-09-08 12:20:00+05:30,12674.150390625,12676.0,12666.7998046875,12676.0,31
2026-09-08 12:21:00+05:30,12677.0,12677.0,12677.0,12677.0,4
2026-09-08 12:22:00+05:30,12675.0,12675.0,12670.0,12674.150390625,12
2026-09-08 12:23:00+05:30,12677.0,12677.0,12670.0,12675.0,41
2026-09-08 12:24:00+05:30,12677.0,12677.0,12677.0,12677.0,10
2026-09-08 12:26:00+05:30,12680.0,12680.0,12675.0,12677.0,40
2026-09-08 12:28:00+05:30,12681.0,12681.0,12680.0,12680.0,4
2026-09-08 12:29:00+05:30,12681.0,12681.0,12680.0,12680.0,137
2026-09-08 12:31:00+05:30,12681.0,12681.0,12680.0,12680.0,2
2026-09-08 12:32:00+05:30,12685.0,12688.0,12681.0,12681.0,54
2026-09-08 12:33:00+05:30,12685.0,12685.0,12680.0,12681.0,18
2026-09-08 12:34:00+05:30,12685.849609375,12688.0,12685.849609375,12688.0,3
2026-09-08 12:35:00+05:30,12684.0,12684.0,12684.0,12684.0,16
2026-09-08 12:36:00+05:30,12685.0,12685.0,12682.0,12682.0,3
2026-09-08 12:37:00+05:30,12680.0,12685.900390625,12680.0,12685.0,14
2026-09-08 12:38:00+05:30,12690.0,12690.0,12687.0,12687.0,27
2026-09-08 12:39:00+05:30,12690.0,12690.0,12690.0,12690.0,5
2026-09-08 12:41:00+05:30,12698.9501953125,12698.9501953125,12690.0,12690.0,32
2026-09-08 12:42:00+05:30,12698.2998046875,12698.2998046875,12698.2998046875,12698.2998046875,1
2026-09-08 12:43:00+05:30,12698.9501953125,12698.9501953125,12696.0,12696.9501953125,26
2026-09-08 12:44:00+05:30,12700.0,12700.0,12694.5498046875,12699.4501953125,19
2026-09-08 12:45:00+05:30,12694.650390625,12700.0,12694.650390625,12700.0,5
2026-09-08 12:47:00+05:30,12690.0,12690.0,12690.0,12690.0,119
2026-09-08 12:48:00+05:30,12685.2001953125,12696.599609375,12685.2001953125,12694.0,39
2026-09-08 12:51:00+05:30,12687.0,12690.0,12687.0,12690.0,3
2026-09-08 12:52:00+05:30,12690.0,12690.0,12684.75,12684.75,28
2026-09-08 12:53:00+05:30,12694.9501953125,12694.9501953125,12694.9501953125,12694.9501953125,1
2026-09-08 12:54:00+05:30,12694.0,12694.0,12694.0,12694.0,9
2026-09-08 12:55:00+05:30,12695.0,12696.0,12695.0,12696.0,33
2026-09-08 12:56:00+05:30,12696.75,12696.75,12696.75,12696.75,3
2026-09-08 12:57:00+05:30,12696.0,12696.0,12696.0,12696.0,1
2026-09-08 12:58:00+05:30,12693.0,12696.75,12693.0,12696.75,153
2026-09-08 12:59:00+05:30,12699.0,12699.0,12699.0,12699.0,9
2026-09-08 13:00:00+05:30,12690.0,12690.0,12690.0,12690.0,1
2026-09-08 13:01:00+05:30,12690.0,12690.0,12690.0,12690.0,15
2026-09-08 13:02:00+05:30,12693.0,12693.0,12693.0,12693.0,1
2026-09-08 13:04:00+05:30,12693.0,12693.0,12693.0,12693.0,5
2026-09-08 13:05:00+05:30,12690.0,12693.0,12690.0,12693.0,6
2026-09-08 13:06:00+05:30,12689.0,12689.0,12689.0,12689.0,1
2026-09-08 13:07:00+05:30,12692.0,12692.0,12692.0,12692.0,3
2026-09-08 13:08:00+05:30,12693.2001953125,12693.2001953125,12684.4501953125,12692.0,60
2026-09-08 13:09:00+05:30,12698.900390625,12698.900390625,12695.0,12695.0,13
2026-09-08 13:10:00+05:30,12698.0,12698.0,12698.0,12698.0,1
2026-09-08 13:11:00+05:30,12697.0,12698.0,12689.25,12698.0,3
2026-09-08 13:13:00+05:30,12698.0,12698.0,12698.0,12698.0,1
2026-09-08 13:14:00+05:30,12701.0,12701.0,12701.0,12701.0,61
2026-09-08 13:15:00+05:30,12701.349609375,12709.900390625,12701.349609375,12709.900390625,9
2026-09-08 13:16:00+05:30,12709.25,12709.25,12709.25,12709.25,1
2026-09-08 13:17:00+05:30,12708.0,12709.400390625,12707.900390625,12709.25,24
2026-09-08 13:18:00+05:30,12700.0,12707.0,12700.0,12707.0,16
2026-09-08 13:19:00+05:30,12695.0,12701.9501953125,12689.25,12700.0,72
2026-09-08 13:20:00+05:30,12693.9501953125,12695.650390625,12689.0,12695.650390625,31
2026-09-08 13:21:00+05:30,12693.9501953125,12694.0,12693.9501953125,12694.0,6
2026-09-08 13:22:00+05:30,12692.0,12692.0,12686.0,12686.0,10
2026-09-08 13:23:00+05:30,12681.349609375,12691.0498046875,12681.349609375,12686.0,37
2026-09-08 13:24:00+05:30,12691.75,12691.75,12691.0,12691.0,6
2026-09-08 13:25:00+05:30,12691.0,12691.0,12691.0,12691.0,1
2026-09-08 13:26:00+05:30,12691.0,12691.0,12690.900390625,12690.900390625,11
2026-09-08 13:27:00+05:30,12691.0,12691.0,12691.0,12691.0,1
2026-09-08 13:30:00+05:30,12681.150390625,12688.0,12681.150390625,12688.0,6
2026-09-08 13:31:00+05:30,12687.0,12687.0,12687.0,12687.0,3
2026-09-08 13:32:00+05:30,12687.0,12687.0,12681.150390625,12681.150390625,5
2026-09-08 13:33:00+05:30,12681.0,12681.0,12681.0,12681.0,2
2026-09-08 13:35:00+05:30,12685.0498046875,12688.0,12685.0498046875,12687.0,30
2026-09-08 13:36:00+05:30,12689.099609375,12689.099609375,12689.099609375,12689.099609375,10
2026-09-08 13:38:00+05:30,12692.0,12692.0,12692.0,12692.0,8
2026-09-08 13:39:00+05:30,12688.75,12688.75,12681.099609375,12685.0,16
2026-09-08 13:40:00+05:30,12685.0,12685.0,12680.0,12681.099609375,15
2026-09-08 13:41:00+05:30,12684.0,12684.0,12684.0,12684.0,1
2026-09-08 13:42:00+05:30,12679.0,12679.0,12666.0,12670.0,120
2026-09-08 13:43:00+05:30,12679.9501953125,12680.0,12672.5498046875,12680.0,19
2026-09-08 13:44:00+05:30,12679.0,12679.75,12679.0,12679.75,4
2026-09-08 13:45:00+05:30,12672.0498046875,12678.400390625,12672.0498046875,12678.400390625,6
2026-09-08 13:46:00+05:30,12675.0,12675.0,12675.0,12675.0,15
2026-09-08 13:47:00+05:30,12676.5498046875,12676.5498046875,12672.0,12672.0,13
2026-09-08 13:48:00+05:30,12676.5498046875,12676.5498046875,12676.5498046875,12676.5498046875,3
2026-09-08 13:49:00+05:30,12676.849609375,12676.849609375,12676.849609375,12676.849609375,1
2026-09-08 13:50:00+05:30,12670.4501953125,12670.4501953125,12670.4501953125,12670.4501953125,6
2026-09-08 13:51:00+05:30,12667.0,12675.0,12667.0,12675.0,9
2026-09-08 13:52:00+05:30,12675.0,12675.0,12672.5,12672.5,7
2026-09-08 13:54:00+05:30,12679.0,12679.0,12679.0,12679.0,1
2026-09-08 13:55:00+05:30,12678.849609375,12678.849609375,12678.849609375,12678.849609375,1
2026-09-08 13:57:00+05:30,12678.400390625,12678.400390625,12678.400390625,12678.400390625,1
2026-09-08 13:58:00+05:30,12678.900390625,12678.900390625,12678.900390625,12678.900390625,4
2026-09-08 13:59:00+05:30,12675.0,12675.0,12675.0,12675.0,12
2026-09-08 14:00:00+05:30,12675.0,12675.0,12675.0,12675.0,19
2026-09-08 14:01:00+05:30,12670.0,12670.0,12670.0,12670.0,1
2026-09-08 14:02:00+05:30,12667.0,12670.0,12667.0,12670.0,10
2026-09-08 14:03:00+05:30,12670.0,12670.0,12663.650390625,12667.0,7
2026-09-08 14:04:00+05:30,12663.0,12663.0,12663.0,12663.0,5
2026-09-08 14:05:00+05:30,12672.2001953125,12672.2001953125,12672.2001953125,12672.2001953125,1
2026-09-08 14:06:00+05:30,12655.099609375,12670.9501953125,12655.099609375,12670.9501953125,74
2026-09-08 14:07:00+05:30,12650.0,12656.0,12650.0,12655.099609375,27
2026-09-08 14:09:00+05:30,12665.0,12665.0,12665.0,12665.0,1
2026-09-08 14:10:00+05:30,12669.150390625,12669.150390625,12669.150390625,12669.150390625,5
2026-09-08 14:13:00+05:30,12658.0,12666.900390625,12658.0,12666.900390625,8
2026-09-08 14:14:00+05:30,12650.0,12664.599609375,12650.0,12664.599609375,32
2026-09-08 14:15:00+05:30,12645.150390625,12645.150390625,12645.150390625,12645.150390625,6
2026-09-08 14:17:00+05:30,12667.4501953125,12667.4501953125,12667.4501953125,12667.4501953125,1
2026-09-08 14:18:00+05:30,12665.0,12667.7998046875,12665.0,12667.7998046875,38
2026-09-08 14:19:00+05:30,12667.599609375,12667.599609375,12667.599609375,12667.599609375,1
2026-09-08 14:20:00+05:30,12645.0,12653.150390625,12645.0,12645.0498046875,16
2026-09-08 14:21:00+05:30,12640.5498046875,12646.0,12640.5498046875,12646.0,7
2026-09-08 14:22:00+05:30,12642.0,12642.0,12640.0,12641.0,41
2026-09-08 14:23:00+05:30,12640.0498046875,12649.650390625,12640.0498046875,12649.650390625,2
2026-09-08 14:24:00+05:30,12635.0,12640.0,12635.0,12640.0,24
2026-09-08 14:25:00+05:30,12630.0,12635.0,12630.0,12635.0,33
2026-09-08 14:26:00+05:30,12635.0,12635.0,12634.9501953125,12634.9501953125,2
2026-09-08 14:27:00+05:30,12640.0,12642.099609375,12639.2001953125,12639.2001953125,17
2026-09-08 14:28:00+05:30,12640.0,12640.0,12640.0,12640.0,19
2026-09-08 14:29:00+05:30,12644.150390625,12644.150390625,12644.150390625,12644.150390625,5
2026-09-08 14:31:00+05:30,12645.849609375,12645.849609375,12635.150390625,12635.150390625,8
2026-09-08 14:32:00+05:30,12642.5,12642.5,12642.5,12642.5,4
2026-09-08 14:33:00+05:30,12650.0,12652.5,12649.0,12649.0,53
2026-09-08 14:34:00+05:30,12650.400390625,12650.400390625,12650.400390625,12650.400390625,1
2026-09-08 14:35:00+05:30,12642.0,12642.0,12642.0,12642.0,4
2026-09-08 14:36:00+05:30,12644.0,12644.0,12644.0,12644.0,15
2026-09-08 14:37:00+05:30,12642.0,12649.599609375,12642.0,12644.0,20
2026-09-08 14:38:00+05:30,12639.2998046875,12642.0,12632.650390625,12642.0,276
2026-09-08 14:39:00+05:30,12640.0,12641.7001953125,12630.0498046875,12630.0498046875,612
2026-09-08 14:40:00+05:30,12640.0,12640.0,12640.0,12640.0,533
2026-09-08 14:41:00+05:30,12640.0,12642.849609375,12640.0,12640.0,411
2026-09-08 14:42:00+05:30,12640.0,12643.400390625,12635.0,12640.0,477
2026-09-08 14:43:00+05:30,12640.0,12644.0,12640.0,12640.0,361
2026-09-08 14:44:00+05:30,12640.0,12640.0,12640.0,12640.0,300
2026-09-08 14:45:00+05:30,12640.0,12640.5498046875,12631.2998046875,12640.0,361
2026-09-08 14:46:00+05:30,12640.0,12640.0,12640.0,12640.0,326
2026-09-08 14:47:00+05:30,12640.0,12640.0,12640.0,12640.0,395
2026-09-08 14:48:00+05:30,12640.0,12640.900390625,12640.0,12640.0,363
2026-09-08 14:49:00+05:30,12640.0,12640.0,12640.0,12640.0,309
2026-09-08 14:50:00+05:30,12640.099609375,12643.0,12640.099609375,12640.599609375,41
2026-09-08 14:51:00+05:30,12647.7998046875,12647.7998046875,12640.0,12640.0,101
2026-09-08 14:52:00+05:30,12637.5498046875,12637.5498046875,12637.5498046875,12637.5498046875,15
2026-09-08 14:54:00+05:30,12661.25,12661.25,12661.25,12661.25,3
2026-09-08 14:55:00+05:30,12661.0,12661.0,12650.0498046875,12650.349609375,644
2026-09-08 14:56:00+05:30,12660.0,12660.0,12660.0,12660.0,283
2026-09-08 14:57:00+05:30,12660.0,12660.0,12650.0,12660.0,1871
2026-09-08 14:58:00+05:30,12650.900390625,12654.0,12640.599609375,12643.400390625,36
2026-09-08 14:59:00+05:30,12637.5498046875,12642.650390625,12637.5498046875,12642.650390625,72
2026-09-08 15:00:00+05:30,12629.7998046875,12637.5498046875,12629.7998046875,12637.5498046875,215
2026-09-08 15:02:00+05:30,12641.9501953125,12641.9501953125,12641.9501953125,12641.9501953125,9
2026-09-08 15:03:00+05:30,12641.9501953125,12643.2998046875,12624.599609375,12635.5498046875,468
2026-09-08 15:04:00+05:30,12629.75,12636.25,12629.75,12636.25,15
2026-09-08 15:05:00+05:30,12641.0,12641.0,12629.7998046875,12636.5,27
2026-09-08 15:06:00+05:30,12645.0,12646.5498046875,12641.0,12641.0,8
2026-09-08 15:07:00+05:30,12643.4501953125,12645.9501953125,12643.4501953125,12645.9501953125,10
2026-09-08 15:08:00+05:30,12648.0,12648.0,12637.9501953125,12639.0,19
2026-09-08 15:09:00+05:30,12649.9501953125,12651.4501953125,12649.9501953125,12649.9501953125,46
2026-09-08 15:10:00+05:30,12639.099609375,12647.0,12639.099609375,12647.0,94
2026-09-08 15:12:00+05:30,12640.0,12640.0,12633.0,12639.0,27
2026-09-08 15:13:00+05:30,12640.0,12650.400390625,12640.0,12650.400390625,3
2026-09-08 15:14:00+05:30,12655.0,12655.0,12633.349609375,12640.0,60
2026-09-08 15:28:00+05:30,12637.0,12637.0,12637.0,12637.0,55
2026-09-09 09:15:00+05:30,12620.0,12624.7001953125,12552.5498046875,12565.0,170
2026-09-09 09:16:00+05:30,12639.849609375,12648.0,12625.0,12637.0,116
2026-09-09 09:17:00+05:30,12630.0,12657.2998046875,12629.849609375,12631.4501953125,488
2026-09-09 09:18:00+05:30,12641.0,12641.0,12630.0,12630.0,76
2026-09-09 09:19:00+05:30,12622.0,12632.849609375,12622.0,12623.599609375,63
2026-09-09 09:20:00+05:30,12625.0,12625.0,12614.2001953125,12614.2001953125,3
2026-09-09 09:21:00+05:30,12610.0,12628.900390625,12610.0,12625.0,47
2026-09-09 09:22:00+05:30,12610.0,12622.9501953125,12609.150390625,12614.0,42
2026-09-09 09:23:00+05:30,12605.0498046875,12614.7998046875,12605.0498046875,12612.0,10
2026-09-09 09:24:00+05:30,12607.0,12610.0,12607.0,12610.0,33
2026-09-09 09:25:00+05:30,12619.9501953125,12619.9501953125,12616.099609375,12616.099609375,6
2026-09-09 09:26:00+05:30,12620.0,12620.0,12620.0,12620.0,44
2026-09-09 09:27:00+05:30,12608.0,12625.0,12608.0,12625.0,25
2026-09-09 09:28:00+05:30,12624.4501953125,12624.4501953125,12610.650390625,12620.0,43
2026-09-09 09:29:00+05:30,12607.5,12607.5,12602.150390625,12605.0,58
2026-09-09 09:30:00+05:30,12610.0,12610.0,12610.0,12610.0,5
2026-09-09 09:31:00+05:30,12600.0,12607.5,12600.0,12607.5,9
2026-09-09 09:32:00+05:30,12600.0,12606.0,12600.0,12600.0,7
2026-09-09 09:33:00+05:30,12598.0498046875,12606.0,12590.0,12606.0,115
2026-09-09 09:34:00+05:30,12599.9501953125,12599.9501953125,12599.9501953125,12599.9501953125,1
2026-09-09 09:35:00+05:30,12590.0,12591.0,12590.0,12591.0,37
2026-09-09 09:36:00+05:30,12593.150390625,12593.150390625,12585.0,12585.4501953125,17
2026-09-09 09:37:00+05:30,12585.0,12598.099609375,12585.0,12598.099609375,61
2026-09-09 09:38:00+05:30,12590.0,12591.9501953125,12590.0,12591.9501953125,2
2026-09-09 09:39:00+05:30,12593.9501953125,12593.9501953125,12593.9501953125,12593.9501953125,9
2026-09-09 09:41:00+05:30,12604.5,12604.5,12604.5,12604.5,75
2026-09-09 09:42:00+05:30,12594.599609375,12594.599609375,12594.599609375,12594.599609375,1
2026-09-09 09:43:00+05:30,12602.900390625,12602.900390625,12598.0,12598.0,22
2026-09-09 09:44:00+05:30,12601.0,12607.849609375,12598.0,12607.849609375,152
2026-09-09 09:45:00+05:30,12593.0,12594.599609375,12593.0,12594.599609375,9
2026-09-09 09:46:00+05:30,12590.0,12599.2001953125,12590.0,12590.0498046875,10
2026-09-09 09:49:00+05:30,12594.2001953125,12594.2001953125,12594.2001953125,12594.2001953125,10
2026-09-09 09:50:00+05:30,12602.9501953125,12605.849609375,12602.9501953125,12605.849609375,104
2026-09-09 09:52:00+05:30,12590.75,12590.75,12590.75,12590.75,1
2026-09-09 09:53:00+05:30,12600.0,12600.0,12600.0,12600.0,21
2026-09-09 09:54:00+05:30,12604.7001953125,12604.7001953125,12604.7001953125,12604.7001953125,1
2026-09-09 09:55:00+05:30,12596.0,12604.75,12596.0,12604.75,74
2026-09-09 09:56:00+05:30,12596.0,12605.0,12596.0,12605.0,65
2026-09-09 09:57:00+05:30,12604.75,12604.75,12604.75,12604.75,65
2026-09-09 09:58:00+05:30,12600.0,12617.5,12600.0,12617.5,7
2026-09-09 10:00:00+05:30,12590.0,12601.599609375,12590.0,12601.599609375,7
2026-09-09 10:01:00+05:30,12590.0498046875,12590.0498046875,12590.0498046875,12590.0498046875,1
2026-09-09 10:02:00+05:30,12594.0498046875,12594.0498046875,12594.0498046875,12594.0498046875,4
2026-09-09 10:03:00+05:30,12602.5,12602.5,12602.5,12602.5,1
2026-09-09 10:05:00+05:30,12585.0,12589.7998046875,12585.0,12589.7998046875,62
2026-09-09 10:06:00+05:30,12585.0,12594.900390625,12585.0,12594.900390625,6
2026-09-09 10:07:00+05:30,12573.400390625,12594.5,12573.400390625,12594.5,75
2026-09-09 10:08:00+05:30,12591.75,12591.75,12591.75,12591.75,8
2026-09-09 10:09:00+05:30,12576.0,12576.0,12576.0,12576.0,2
2026-09-09 10:10:00+05:30,12588.599609375,12589.7001953125,12588.599609375,12589.7001953125,2
2026-09-09 10:11:00+05:30,12587.099609375,12587.099609375,12587.099609375,12587.099609375,1
2026-09-09 10:12:00+05:30,12592.0,12592.0,12581.0,12581.0,102
2026-09-09 10:13:00+05:30,12584.2998046875,12592.0,12582.400390625,12592.0,6
2026-09-09 10:14:00+05:30,12575.0,12575.0,12575.0,12575.0,3
2026-09-09 10:15:00+05:30,12570.0,12580.0,12570.0,12580.0,25
2026-09-09 10:16:00+05:30,12580.0,12585.0,12578.599609375,12578.599609375,4
2026-09-09 10:17:00+05:30,12582.2001953125,12582.2001953125,12582.2001953125,12582.2001953125,5
2026-09-09 10:19:00+05:30,12585.0,12585.0,12585.0,12585.0,2
2026-09-09 10:20:00+05:30,12589.0498046875,12589.0498046875,12577.0,12577.0,2
2026-09-09 10:21:00+05:30,12602.5,12602.5,12589.7001953125,12589.7001953125,120
2026-09-09 10:22:00+05:30,12595.0,12595.0,12595.0,12595.0,1
2026-09-09 10:23:00+05:30,12603.650390625,12605.0,12597.5,12597.5,64
2026-09-09 10:25:00+05:30,12604.599609375,12604.599609375,12596.849609375,12596.849609375,3
2026-09-09 10:26:00+05:30,12592.5,12604.0,12592.5,12600.0,29
2026-09-09 10:27:00+05:30,12601.9501953125,12601.9501953125,12601.9501953125,12601.9501953125,1
2026-09-09 10:28:00+05:30,12574.0,12592.0,12574.0,12592.0,55
2026-09-09 10:29:00+05:30,12587.400390625,12587.400390625,12587.400390625,12587.400390625,1
2026-09-09 10:30:00+05:30,12586.849609375,12586.849609375,12586.849609375,12586.849609375,5
2026-09-09 10:31:00+05:30,12586.849609375,12586.849609375,12580.0,12580.0,5
2026-09-09 10:32:00+05:30,12580.0,12580.0,12580.0,12580.0,5
2026-09-09 10:34:00+05:30,12584.2001953125,12584.9501953125,12584.2001953125,12584.9501953125,2
2026-09-09 10:36:00+05:30,12576.4501953125,12576.4501953125,12576.4501953125,12576.4501953125,3
2026-09-09 10:37:00+05:30,12575.0,12578.849609375,12574.0,12574.0,53
2026-09-09 10:38:00+05:30,12570.0498046875,12575.0,12570.0498046875,12575.0,2
2026-09-09 10:39:00+05:30,12577.400390625,12577.400390625,12577.400390625,12577.400390625,1
2026-09-09 10:40:00+05:30,12577.4501953125,12577.4501953125,12577.4501953125,12577.4501953125,1
2026-09-09 10:41:00+05:30,12579.0,12580.0,12572.5,12572.5,31
2026-09-09 10:42:00+05:30,12573.0,12573.0,12570.0,12570.0,15
2026-09-09 10:43:00+05:30,12562.5,12562.5,12562.5,12562.5,1
2026-09-09 10:44:00+05:30,12572.9501953125,12572.9501953125,12572.9501953125,12572.9501953125,1
2026-09-09 10:45:00+05:30,12570.0,12570.0,12570.0,12570.0,5
2026-09-09 10:46:00+05:30,12570.0,12570.0,12570.0,12570.0,1
2026-09-09 10:47:00+05:30,12567.5498046875,12570.0,12567.5498046875,12570.0,15
2026-09-09 10:48:00+05:30,12574.599609375,12574.599609375,12574.599609375,12574.599609375,2
2026-09-09 10:49:00+05:30,12587.400390625,12587.400390625,12587.400390625,12587.400390625,1
2026-09-09 10:51:00+05:30,12575.099609375,12575.099609375,12575.099609375,12575.099609375,1
2026-09-09 10:52:00+05:30,12586.5,12586.5,12586.5,12586.5,1
2026-09-09 10:54:00+05:30,12590.0,12590.0,12586.849609375,12586.849609375,9
2026-09-09 10:55:00+05:30,12594.400390625,12594.400390625,12585.0498046875,12585.0498046875,23
2026-09-09 10:57:00+05:30,12587.0,12587.0,12587.0,12587.0,1
2026-09-09 10:58:00+05:30,12595.0,12595.0,12583.400390625,12583.400390625,95
2026-09-09 10:59:00+05:30,12579.9501953125,12580.0,12572.5,12574.0,137
2026-09-09 11:00:00+05:30,12573.849609375,12582.4501953125,12573.849609375,12582.4501953125,2
2026-09-09 11:03:00+05:30,12587.0,12587.0,12587.0,12587.0,1
2026-09-09 11:04:00+05:30,12577.0,12577.0,12577.0,12577.0,10
2026-09-09 11:05:00+05:30,12580.599609375,12580.599609375,12580.599609375,12580.599609375,2
2026-09-09 11:06:00+05:30,12585.5498046875,12585.5498046875,12585.5498046875,12585.5498046875,130
2026-09-09 11:07:00+05:30,12574.0,12574.0,12574.0,12574.0,1
2026-09-09 11:08:00+05:30,12580.9501953125,12580.9501953125,12570.25,12570.25,28
2026-09-09 11:11:00+05:30,12582.0,12582.0,12582.0,12582.0,5
2026-09-09 11:12:00+05:30,12583.0498046875,12593.349609375,12582.0,12587.0,15
2026-09-09 11:13:00+05:30,12586.0498046875,12593.400390625,12585.0,12585.0,10
2026-09-09 11:14:00+05:30,12589.150390625,12589.150390625,12589.150390625,12589.150390625,1
2026-09-09 11:15:00+05:30,12592.2998046875,12593.25,12592.2998046875,12593.25,2
2026-09-09 11:16:00+05:30,12592.5,12594.0,12592.5,12594.0,12
2026-09-09 11:17:00+05:30,12591.9501953125,12592.5,12591.9501953125,12592.5,8
2026-09-09 11:18:00+05:30,12599.150390625,12599.150390625,12590.400390625,12590.400390625,16
2026-09-09 11:19:00+05:30,12599.349609375,12599.349609375,12599.349609375,12599.349609375,1
2026-09-09 11:20:00+05:30,12607.900390625,12607.900390625,12607.900390625,12607.900390625,1
2026-09-09 11:21:00+05:30,12608.400390625,12608.400390625,12598.0,12598.0,18
2026-09-09 11:22:00+05:30,12607.9501953125,12608.0498046875,12607.9501953125,12608.0498046875,6
2026-09-09 11:24:00+05:30,12603.0,12603.0,12603.0,12603.0,1
2026-09-09 11:25:00+05:30,12606.0,12606.0,12603.0,12603.0,19
2026-09-09 11:27:00+05:30,12610.0,12610.0,12610.0,12610.0,10
2026-09-09 11:28:00+05:30,12607.0,12607.0,12607.0,12607.0,1
2026-09-09 11:31:00+05:30,12606.2998046875,12611.0,12604.0,12604.0,109
2026-09-09 11:32:00+05:30,12610.7001953125,12610.7001953125,12605.849609375,12605.849609375,18
2026-09-09 11:34:00+05:30,12614.0,12614.0,12614.0,12614.0,3
2026-09-09 11:36:00+05:30,12612.0,12612.0,12610.0,12610.0,2
2026-09-09 11:37:00+05:30,12606.0,12606.0,12606.0,12606.0,2
2026-09-09 11:39:00+05:30,12615.650390625,12615.650390625,12615.650390625,12615.650390625,2
2026-09-09 11:40:00+05:30,12615.349609375,12615.349609375,12605.25,12605.25,16
2026-09-09 11:46:00+05:30,12615.0,12615.0,12615.0,12615.0,5
2026-09-09 11:47:00+05:30,12615.849609375,12615.849609375,12606.900390625,12606.900390625,24
2026-09-09 11:48:00+05:30,12605.9501953125,12605.9501953125,12605.9501953125,12605.9501953125,8
2026-09-09 11:49:00+05:30,12595.7001953125,12595.7001953125,12595.7001953125,12595.7001953125,6
2026-09-09 11:50:00+05:30,12592.5,12595.349609375,12592.5,12595.349609375,256
2026-09-09 11:51:00+05:30,12593.0,12595.0,12593.0,12594.099609375,863
2026-09-09 11:52:00+05:30,12594.150390625,12594.150390625,12594.150390625,12594.150390625,2
2026-09-09 11:53:00+05:30,12594.150390625,12594.150390625,12594.150390625,12594.150390625,2
2026-09-09 11:54:00+05:30,12596.900390625,12596.900390625,12596.900390625,12596.900390625,11
2026-09-09 11:55:00+05:30,12596.0,12596.0,12596.0,12596.0,2
2026-09-09 11:57:00+05:30,12588.0,12590.0,12588.0,12590.0,16
2026-09-09 11:58:00+05:30,12580.0,12580.0,12580.0,12580.0,232
2026-09-09 12:00:00+05:30,12583.0,12583.0,12583.0,12583.0,1
2026-09-09 12:02:00+05:30,12588.099609375,12588.099609375,12577.849609375,12577.849609375,27
2026-09-09 12:03:00+05:30,12584.0,12584.0,12580.0,12580.0,4
2026-09-09 12:04:00+05:30,12585.0,12585.0,12577.5,12577.5,5
2026-09-09 12:05:00+05:30,12585.0,12585.0,12585.0,12585.0,1
2026-09-09 12:06:00+05:30,12583.2001953125,12583.2001953125,12583.2001953125,12583.2001953125,1
2026-09-09 12:07:00+05:30,12580.0,12580.0,12580.0,12580.0,1
2026-09-09 12:08:00+05:30,12580.0,12580.0,12580.0,12580.0,2
2026-09-09 12:10:00+05:30,12577.5,12577.5,12577.5,12577.5,3
2026-09-09 12:11:00+05:30,12580.0,12580.0,12577.0,12577.0,11
2026-09-09 12:12:00+05:30,12572.099609375,12580.0,12572.099609375,12580.0,16
2026-09-09 12:13:00+05:30,12587.349609375,12587.349609375,12580.0,12580.0,36
2026-09-09 12:17:00+05:30,12585.9501953125,12585.9501953125,12585.9501953125,12585.9501953125,2
2026-09-09 12:19:00+05:30,12586.25,12586.25,12586.25,12586.25,91
2026-09-09 12:20:00+05:30,12584.900390625,12584.900390625,12584.900390625,12584.900390625,2
2026-09-09 12:21:00+05:30,12584.75,12584.75,12584.75,12584.75,2
2026-09-09 12:22:00+05:30,12575.0,12575.0,12575.0,12575.0,1
2026-09-09 12:23:00+05:30,12575.900390625,12575.900390625,12575.900390625,12575.900390625,1
2026-09-09 12:24:00+05:30,12585.0,12585.0,12585.0,12585.0,3
2026-09-09 12:26:00+05:30,12585.0,12585.0,12585.0,12585.0,9
2026-09-09 12:27:00+05:30,12593.900390625,12593.900390625,12593.900390625,12593.900390625,1
2026-09-09 12:28:00+05:30,12593.2998046875,12593.2998046875,12593.2998046875,12593.2998046875,2
2026-09-09 12:29:00+05:30,12594.0,12594.0,12594.0,12594.0,1
2026-09-09 12:30:00+05:30,12612.7001953125,12613.0,12600.0,12600.0,103
2026-09-09 12:32:00+05:30,12635.0,12637.5,12625.9501953125,12625.9501953125,12
2026-09-09 12:33:00+05:30,12632.0,12642.0,12632.0,12635.0,56
2026-09-09 12:34:00+05:30,12650.0,12650.0,12624.099609375,12624.099609375,119
2026-09-09 12:35:00+05:30,12650.0,12652.650390625,12640.349609375,12640.349609375,132
2026-09-09 12:36:00+05:30,12645.0,12645.0,12645.0,12645.0,1
2026-09-09 12:37:00+05:30,12657.150390625,12657.150390625,12645.0,12645.0,86
2026-09-09 12:39:00+05:30,12638.150390625,12638.150390625,12638.150390625,12638.150390625,2
2026-09-09 12:40:00+05:30,12650.0,12650.0,12647.7998046875,12647.7998046875,8
2026-09-09 12:41:00+05:30,12634.349609375,12645.0,12634.349609375,12645.0,22
2026-09-09 12:44:00+05:30,12653.0498046875,12653.0498046875,12653.0498046875,12653.0498046875,10
2026-09-09 12:46:00+05:30,12649.900390625,12649.900390625,12649.900390625,12649.900390625,1
2026-09-09 12:47:00+05:30,12648.900390625,12648.900390625,12648.900390625,12648.900390625,3
2026-09-09 12:54:00+05:30,12640.0,12643.099609375,12640.0,12643.099609375,32
2026-09-09 12:55:00+05:30,12643.5498046875,12643.5498046875,12640.0,12640.0,4
2026-09-09 12:57:00+05:30,12644.2001953125,12644.2001953125,12643.0,12643.0,37
2026-09-09 12:58:00+05:30,12644.099609375,12644.150390625,12644.099609375,12644.150390625,2
2026-09-09 12:59:00+05:30,12644.0,12645.0,12644.0,12645.0,6
2026-09-09 13:00:00+05:30,12652.25,12652.25,12642.5498046875,12642.5498046875,11
2026-09-09 13:01:00+05:30,12650.5498046875,12650.5498046875,12650.5498046875,12650.5498046875,34
2026-09-09 13:03:00+05:30,12644.0,12644.0,12635.0,12635.0,9
2026-09-09 13:05:00+05:30,12643.9501953125,12643.9501953125,12637.5498046875,12637.5498046875,3
2026-09-09 13:06:00+05:30,12655.0,12656.7998046875,12645.0,12645.0,88
2026-09-09 13:11:00+05:30,12640.0498046875,12640.0498046875,12640.0498046875,12640.0498046875,10
2026-09-09 13:12:00+05:30,12640.0,12640.0,12640.0,12640.0,1
2026-09-09 13:13:00+05:30,12646.0,12646.0,12646.0,12646.0,2
2026-09-09 13:16:00+05:30,12646.0,12646.0,12646.0,12646.0,1
2026-09-09 13:23:00+05:30,12640.0,12640.0,12640.0,12640.0,13
2026-09-09 13:24:00+05:30,12645.599609375,12645.599609375,12645.599609375,12645.599609375,4
2026-09-09 13:26:00+05:30,12646.0,12646.0,12646.0,12646.0,2
2026-09-09 13:27:00+05:30,12661.349609375,12661.7998046875,12653.0,12655.0,51
2026-09-09 13:28:00+05:30,12657.5,12657.5,12657.5,12657.5,10
2026-09-09 13:29:00+05:30,12657.099609375,12657.099609375,12656.0,12657.0,19
2026-09-09 13:30:00+05:30,12650.0498046875,12650.0498046875,12650.0498046875,12650.0498046875,8
2026-09-09 13:31:00+05:30,12655.0498046875,12655.0498046875,12655.0498046875,12655.0498046875,2
2026-09-09 13:32:00+05:30,12650.0,12650.0,12650.0,12650.0,3
2026-09-09 13:33:00+05:30,12641.0,12650.0,12641.0,12650.0,74
2026-09-09 13:34:00+05:30,12641.0498046875,12641.0498046875,12641.0498046875,12641.0498046875,2
2026-09-09 13:39:00+05:30,12650.0,12650.0,12634.349609375,12640.0,124
2026-09-09 13:40:00+05:30,12651.0,12651.0,12651.0,12651.0,2
2026-09-09 13:43:00+05:30,12657.650390625,12657.650390625,12657.650390625,12657.650390625,8
2026-09-09 13:44:00+05:30,12650.0,12650.0,12650.0,12650.0,1
2026-09-09 13:45:00+05:30,12644.0,12644.0,12644.0,12644.0,1
2026-09-09 13:46:00+05:30,12650.0,12650.0,12650.0,12650.0,2
2026-09-09 13:48:00+05:30,12650.0,12650.0,12650.0,12650.0,1
2026-09-09 13:52:00+05:30,12652.5,12652.5,12652.5,12652.5,1
2026-09-09 13:53:00+05:30,12630.0,12630.0,12630.0,12630.0,1
2026-09-09 13:54:00+05:30,12630.0,12630.0,12625.0,12625.0,4
2026-09-09 13:55:00+05:30,12627.5,12627.5,12625.0,12625.0,58
2026-09-09 13:56:00+05:30,12637.0,12637.0,12637.0,12637.0,23
2026-09-09 13:57:00+05:30,12625.400390625,12625.400390625,12625.400390625,12625.400390625,1
2026-09-09 13:59:00+05:30,12627.9501953125,12627.9501953125,12627.0,12627.0,3
2026-09-09 14:00:00+05:30,12634.849609375,12634.849609375,12634.849609375,12634.849609375,10
2026-09-09 14:01:00+05:30,12623.2001953125,12623.2001953125,12623.2001953125,12623.2001953125,6
2026-09-09 14:03:00+05:30,12647.5,12647.5,12636.0,12636.0,11
2026-09-09 14:04:00+05:30,12636.0,12636.0,12636.0,12636.0,20
2026-09-09 14:05:00+05:30,12636.150390625,12636.150390625,12636.150390625,12636.150390625,2
2026-09-09 14:07:00+05:30,12633.0,12646.650390625,12633.0,12641.0,53
2026-09-09 14:10:00+05:30,12627.0,12640.150390625,12627.0,12640.150390625,7
2026-09-09 14:14:00+05:30,12643.150390625,12643.150390625,12643.150390625,12643.150390625,1
2026-09-09 14:17:00+05:30,12642.4501953125,12642.4501953125,12642.4501953125,12642.4501953125,1
2026-09-09 14:18:00+05:30,12640.0,12640.0,12640.0,12640.0,1
2026-09-09 14:19:00+05:30,12636.099609375,12636.099609375,12636.099609375,12636.099609375,2
2026-09-09 14:20:00+05:30,12654.9501953125,12654.9501953125,12652.150390625,12654.9501953125,3
2026-09-09 14:23:00+05:30,12650.0,12655.0,12646.75,12646.75,166
2026-09-09 14:24:00+05:30,12655.0,12655.0,12655.0,12655.0,3
2026-09-09 14:25:00+05:30,12660.0,12660.0,12659.0,12659.0,32
2026-09-09 14:26:00+05:30,12670.0,12670.25,12660.0,12660.0,245
2026-09-09 14:27:00+05:30,12671.099609375,12680.0,12671.099609375,12680.0,3
2026-09-09 14:28:00+05:30,12673.0,12673.0,12673.0,12673.0,1
2026-09-09 14:29:00+05:30,12667.0498046875,12673.0,12667.0498046875,12673.0,37
2026-09-09 14:30:00+05:30,12672.599609375,12672.599609375,12672.599609375,12672.599609375,18
2026-09-09 14:31:00+05:30,12656.5,12665.0,12656.5,12665.0,3
2026-09-09 14:32:00+05:30,12655.0498046875,12655.0498046875,12655.0498046875,12655.0498046875,5
2026-09-09 14:33:00+05:30,12658.0,12660.0,12658.0,12660.0,5
2026-09-09 14:35:00+05:30,12653.0498046875,12653.0498046875,12653.0498046875,12653.0498046875,20
2026-09-09 14:37:00+05:30,12650.0,12650.0,12650.0,12650.0,1
2026-09-09 14:38:00+05:30,12645.0,12650.0,12645.0,12650.0,47
2026-09-09 14:39:00+05:30,12632.0,12646.099609375,12630.0,12636.099609375,106
2026-09-09 14:41:00+05:30,12641.0,12646.7998046875,12641.0,12646.7998046875,42
2026-09-09 14:42:00+05:30,12648.0,12648.0,12648.0,12648.0,20
2026-09-09 14:44:00+05:30,12658.150390625,12659.400390625,12650.0,12650.150390625,27
2026-09-09 14:45:00+05:30,12650.0498046875,12663.5,12650.0498046875,12660.0,37
2026-09-09 14:49:00+05:30,12646.150390625,12646.150390625,12643.0,12643.0,20
2026-09-09 14:51:00+05:30,12645.0498046875,12655.0,12645.0498046875,12655.0,16
2026-09-09 14:52:00+05:30,12644.9501953125,12645.0,12644.9501953125,12645.0,2
2026-09-09 14:53:00+05:30,12643.7001953125,12643.7001953125,12643.7001953125,12643.7001953125,30
2026-09-09 14:54:00+05:30,12647.5,12670.0,12647.5,12650.0,37
2026-09-09 14:55:00+05:30,12648.099609375,12648.099609375,12645.0,12645.0,6
2026-09-09 14:56:00+05:30,12636.400390625,12636.400390625,12636.400390625,12636.400390625,5
2026-09-09 14:57:00+05:30,12635.0,12641.0,12635.0,12641.0,27
2026-09-09 14:58:00+05:30,12636.0,12636.0,12635.0,12635.0,24
2026-09-09 14:59:00+05:30,12633.099609375,12633.099609375,12633.099609375,12633.099609375,15
2026-09-09 15:00:00+05:30,12641.0,12641.0,12630.0,12636.0,258
2026-09-09 15:01:00+05:30,12633.849609375,12641.0,12633.7998046875,12639.0,60
2026-09-09 15:02:00+05:30,12633.849609375,12635.0,12633.0,12635.0,67
2026-09-09 15:03:00+05:30,12624.2001953125,12626.2998046875,12619.900390625,12626.2998046875,7
2026-09-09 15:04:00+05:30,12613.599609375,12613.599609375,12608.599609375,12608.599609375,351
2026-09-09 15:05:00+05:30,12620.7001953125,12621.7998046875,12620.7001953125,12621.7998046875,13
2026-09-09 15:06:00+05:30,12635.0,12635.0,12628.099609375,12628.099609375,19
2026-09-09 15:07:00+05:30,12630.150390625,12630.150390625,12630.150390625,12630.150390625,7
2026-09-09 15:09:00+05:30,12638.150390625,12638.150390625,12631.150390625,12631.150390625,43
2026-09-09 15:10:00+05:30,12634.900390625,12634.9501953125,12634.349609375,12634.349609375,19
2026-09-09 15:12:00+05:30,12619.650390625,12630.0,12619.650390625,12630.0,46
2026-09-09 15:13:00+05:30,12611.5498046875,12611.5498046875,12611.5498046875,12611.5498046875,100
2026-09-09 15:14:00+05:30,12641.0,12641.0,12621.849609375,12621.849609375,3
2026-09-09 15:28:00+05:30,12628.0,12628.0,12628.0,12628.0,13
2026-09-10 09:15:00+05:30,12679.9501953125,12691.900390625,12650.0,12663.2001953125,142
2026-09-10 09:16:00+05:30,12626.5,12676.599609375,12615.849609375,12668.650390625,363
2026-09-10 09:17:00+05:30,12610.9501953125,12625.099609375,12608.0,12624.9501953125,112
2026-09-10 09:18:00+05:30,12631.25,12635.9501953125,12625.0,12625.0,27
2026-09-10 09:19:00+05:30,12615.0,12625.0,12611.0,12625.0,16
2026-09-10 09:20:00+05:30,12610.0,12620.0,12601.0498046875,12620.0,265
2026-09-10 09:21:00+05:30,12614.9501953125,12618.75,12605.400390625,12610.099609375,102
2026-09-10 09:22:00+05:30,12599.0,12610.900390625,12599.0,12605.400390625,80
2026-09-10 09:23:00+05:30,12588.849609375,12595.0,12581.650390625,12594.0498046875,128
2026-09-10 09:24:00+05:30,12592.5498046875,12597.5,12590.0,12597.5,65
2026-09-10 09:25:00+05:30,12580.150390625,12588.9501953125,12580.150390625,12581.650390625,41
2026-09-10 09:26:00+05:30,12600.0,12600.0,12584.0498046875,12587.0,180
2026-09-10 09:27:00+05:30,12619.9501953125,12620.0498046875,12600.0,12600.0,76
2026-09-10 09:28:00+05:30,12619.0,12625.099609375,12617.4501953125,12621.25,253
2026-09-10 09:29:00+05:30,12600.0,12621.0,12600.0,12621.0,102
2026-09-10 09:30:00+05:30,12600.0,12603.599609375,12600.0,12600.0,25
2026-09-10 09:31:00+05:30,12590.75,12595.099609375,12588.5498046875,12594.4501953125,36
2026-09-10 09:32:00+05:30,12581.5498046875,12593.0,12581.5498046875,12589.7998046875,41
2026-09-10 09:33:00+05:30,12600.0,12600.0,12584.400390625,12584.400390625,128
2026-09-10 09:34:00+05:30,12585.75,12598.9501953125,12585.75,12594.7001953125,59
2026-09-10 09:35:00+05:30,12590.0,12594.7001953125,12590.0,12594.7001953125,3
2026-09-10 09:36:00+05:30,12595.0,12598.25,12592.5498046875,12597.25,30
2026-09-10 09:37:00+05:30,12599.849609375,12600.0,12598.0,12600.0,12
2026-09-10 09:38:00+05:30,12560.0,12594.7998046875,12555.0,12594.7998046875,205
2026-09-10 09:39:00+05:30,12527.25,12550.0,12527.25,12550.0,181
2026-09-10 09:40:00+05:30,12532.4501953125,12538.099609375,12527.0,12534.7001953125,743
2026-09-10 09:41:00+05:30,12527.0,12535.0,12520.5,12535.0,164
2026-09-10 09:42:00+05:30,12530.150390625,12538.25,12527.0498046875,12527.75,20
2026-09-10 09:43:00+05:30,12546.5498046875,12549.4501953125,12538.25,12538.25,78
2026-09-10 09:44:00+05:30,12544.400390625,12546.7998046875,12544.400390625,12545.0,11
2026-09-10 09:45:00+05:30,12540.650390625,12549.7001953125,12540.650390625,12544.400390625,14
2026-09-10 09:46:00+05:30,12545.0,12554.4501953125,12545.0,12550.0,8
2026-09-10 09:47:00+05:30,12552.0498046875,12553.0,12548.0,12548.0,53
2026-09-10 09:48:00+05:30,12562.0,12562.5498046875,12550.0,12550.0,52
2026-09-10 09:49:00+05:30,12550.2001953125,12552.25,12550.150390625,12552.25,29
2026-09-10 09:50:00+05:30,12561.9501953125,12561.9501953125,12560.0,12560.0,2
2026-09-10 09:51:00+05:30,12562.400390625,12564.4501953125,12561.0,12561.25,88
2026-09-10 09:52:00+05:30,12555.0,12562.4501953125,12555.0,12561.900390625,8
2026-09-10 09:53:00+05:30,12580.0,12580.0,12580.0,12580.0,6
2026-09-10 09:54:00+05:30,12562.599609375,12578.0,12562.2001953125,12575.4501953125,95
2026-09-10 09:55:00+05:30,12572.0,12572.0,12566.099609375,12572.0,12
2026-09-10 09:56:00+05:30,12575.650390625,12584.9501953125,12567.0498046875,12567.0498046875,14
2026-09-10 09:57:00+05:30,12584.7001953125,12584.7001953125,12584.7001953125,12584.7001953125,1
2026-09-10 09:58:00+05:30,12570.0,12579.9501953125,12570.0,12579.9501953125,11
2026-09-10 10:00:00+05:30,12580.0,12580.0,12570.2001953125,12570.2001953125,8
2026-09-10 10:01:00+05:30,12572.5498046875,12580.0,12572.5498046875,12580.0,5
2026-09-10 10:02:00+05:30,12580.0,12580.0,12575.0,12580.0,12
2026-09-10 10:03:00+05:30,12579.9501953125,12579.9501953125,12579.9501953125,12579.9501953125,1
2026-09-10 10:04:00+05:30,12580.0,12580.0,12580.0,12580.0,33
2026-09-10 10:05:00+05:30,12575.0,12589.9501953125,12575.0,12589.900390625,23
2026-09-10 10:06:00+05:30,12592.400390625,12592.400390625,12592.400390625,12592.400390625,15
2026-09-10 10:07:00+05:30,12585.349609375,12585.349609375,12567.0,12575.0,37
2026-09-10 10:08:00+05:30,12553.9501953125,12581.0498046875,12553.9501953125,12571.0,106
2026-09-10 10:09:00+05:30,12561.0498046875,12574.25,12556.4501953125,12572.349609375,4
2026-09-10 10:10:00+05:30,12557.5498046875,12574.900390625,12557.5498046875,12574.900390625,12
2026-09-10 10:11:00+05:30,12562.0,12565.0,12559.2001953125,12559.2001953125,4
2026-09-10 10:12:00+05:30,12555.0,12562.0,12555.0,12562.0,2
2026-09-10 10:13:00+05:30,12551.0,12556.0,12550.0,12556.0,28
2026-09-10 10:14:00+05:30,12540.0,12551.0,12540.0,12551.0,27
2026-09-10 10:15:00+05:30,12551.0,12551.0,12550.9501953125,12550.9501953125,2
2026-09-10 10:16:00+05:30,12544.849609375,12544.849609375,12544.849609375,12544.849609375,2
2026-09-10 10:17:00+05:30,12564.599609375,12564.599609375,12548.150390625,12551.0,82
2026-09-10 10:18:00+05:30,12561.150390625,12561.150390625,12552.25,12552.25,30
2026-09-10 10:19:00+05:30,12560.9501953125,12561.150390625,12560.9501953125,12561.150390625,2
2026-09-10 10:20:00+05:30,12555.0,12555.0,12552.5,12553.0,12
2026-09-10 10:21:00+05:30,12549.0,12550.0,12546.0,12550.0,3
2026-09-10 10:22:00+05:30,12545.0,12545.0,12540.0,12544.849609375,14
2026-09-10 10:23:00+05:30,12541.0,12544.849609375,12541.0,12544.849609375,4
2026-09-10 10:25:00+05:30,12541.0498046875,12543.75,12541.0,12541.0,20
2026-09-10 10:26:00+05:30,12541.0498046875,12547.4501953125,12541.0498046875,12547.4501953125,28
2026-09-10 10:27:00+05:30,12544.0,12544.0,12544.0,12544.0,1
2026-09-10 10:28:00+05:30,12554.7998046875,12554.7998046875,12542.0,12542.0,10
2026-09-10 10:29:00+05:30,12548.0,12548.0,12548.0,12548.0,3
2026-09-10 10:30:00+05:30,12561.0,12565.4501953125,12559.099609375,12559.099609375,17
2026-09-10 10:31:00+05:30,12566.349609375,12566.349609375,12566.349609375,12566.349609375,1
2026-09-10 10:32:00+05:30,12566.0,12566.0,12557.2998046875,12557.2998046875,28
2026-09-10 10:33:00+05:30,12563.5,12568.0498046875,12563.5,12566.0,18
2026-09-10 10:34:00+05:30,12566.0,12568.5,12558.0498046875,12568.5,13
2026-09-10 10:35:00+05:30,12566.0,12566.0,12563.099609375,12566.0,4
2026-09-10 10:36:00+05:30,12568.0,12568.0,12568.0,12568.0,25
2026-09-10 10:37:00+05:30,12557.5,12557.5,12550.0,12551.7998046875,491
2026-09-10 10:38:00+05:30,12557.9501953125,12557.9501953125,12550.099609375,12553.0,13
2026-09-10 10:39:00+05:30,12560.150390625,12560.150390625,12556.099609375,12556.099609375,6
2026-09-10 10:40:00+05:30,12555.0,12555.0,12555.0,12555.0,4
2026-09-10 10:41:00+05:30,12558.0,12562.650390625,12558.0,12562.650390625,3
2026-09-10 10:42:00+05:30,12560.0,12560.0,12558.0,12558.0,4
2026-09-10 10:43:00+05:30,12555.0,12562.0,12548.650390625,12562.0,15
2026-09-10 10:44:00+05:30,12567.5,12567.5,12556.0,12556.0,14
2026-09-10 10:45:00+05:30,12564.0,12570.0,12557.5,12557.5,20
2026-09-10 10:46:00+05:30,12561.7001953125,12569.9501953125,12561.7001953125,12569.9501953125,18
2026-09-10 10:47:00+05:30,12563.400390625,12563.400390625,12559.0,12559.0,11
2026-09-10 10:48:00+05:30,12560.0,12560.0,12560.0,12560.0,2
2026-09-10 10:49:00+05:30,12560.0,12560.0,12557.5,12557.5,11
2026-09-10 10:50:00+05:30,12559.0,12559.0,12559.0,12559.0,1
2026-09-10 10:52:00+05:30,12558.0,12558.0,12558.0,12558.0,1
2026-09-10 10:54:00+05:30,12555.9501953125,12555.9501953125,12555.0,12555.0,8
2026-09-10 10:55:00+05:30,12541.25,12552.0,12541.25,12552.0,23
2026-09-10 10:56:00+05:30,12547.0,12547.0,12541.0498046875,12541.0498046875,2
2026-09-10 10:57:00+05:30,12541.0,12541.0,12541.0,12541.0,25
2026-09-10 10:58:00+05:30,12562.7998046875,12564.0498046875,12551.849609375,12551.849609375,72
2026-09-10 10:59:00+05:30,12559.9501953125,12559.9501953125,12555.0,12555.099609375,6
2026-09-10 11:00:00+05:30,12561.25,12561.25,12561.25,12561.25,3
2026-09-10 11:01:00+05:30,12552.2998046875,12552.2998046875,12552.2998046875,12552.2998046875,2
2026-09-10 11:02:00+05:30,12563.0,12563.0,12550.25,12557.0,22
2026-09-10 11:03:00+05:30,12550.5498046875,12563.0,12550.5498046875,12563.0,196
2026-09-10 11:04:00+05:30,12563.0,12563.0,12559.0,12559.0,12
2026-09-10 11:05:00+05:30,12559.0,12562.0,12555.650390625,12559.0,12
2026-09-10 11:06:00+05:30,12573.25,12575.0,12559.0,12559.0,10041
2026-09-10 11:07:00+05:30,12556.849609375,12565.0,12556.849609375,12565.0,12
2026-09-10 11:08:00+05:30,12556.75,12556.7998046875,12556.75,12556.7998046875,2
2026-09-10 11:09:00+05:30,12562.7998046875,12562.7998046875,12555.650390625,12555.650390625,17
2026-09-10 11:10:00+05:30,12564.0,12564.0,12564.0,12564.0,9
2026-09-10 11:11:00+05:30,12573.650390625,12592.0,12567.9501953125,12567.9501953125,207
2026-09-10 11:13:00+05:30,12605.0,12611.0,12564.0,12564.0,527
2026-09-10 11:14:00+05:30,12630.0,12630.0,12611.0,12611.0,21
2026-09-10 11:15:00+05:30,12646.0,12650.0,12627.0,12627.0,81
2026-09-10 11:16:00+05:30,12649.099609375,12650.0,12642.75,12646.0,32
2026-09-10 11:17:00+05:30,12639.0,12639.0,12635.7998046875,12635.7998046875,7
2026-09-10 11:18:00+05:30,12628.2998046875,12643.0,12628.2998046875,12643.0,10
2026-09-10 11:19:00+05:30,12653.0,12660.0,12650.0,12650.0,82
2026-09-10 11:20:00+05:30,12651.599609375,12657.5498046875,12650.599609375,12650.599609375,3
2026-09-10 11:21:00+05:30,12640.2998046875,12651.599609375,12640.2998046875,12651.599609375,59
2026-09-10 11:22:00+05:30,12662.0498046875,12669.75,12645.0,12645.0,72
2026-09-10 11:23:00+05:30,12675.5498046875,12675.5498046875,12662.75,12662.75,43
2026-09-10 11:24:00+05:30,12670.0,12676.0,12670.0,12672.0,52
2026-09-10 11:25:00+05:30,12680.0,12680.0,12670.5498046875,12670.5498046875,81
2026-09-10 11:26:00+05:30,12670.0,12680.0,12670.0,12680.0,77
2026-09-10 11:27:00+05:30,12662.099609375,12674.9501953125,12662.099609375,12674.9501953125,14
2026-09-10 11:28:00+05:30,12668.0,12668.0,12658.849609375,12658.849609375,100
2026-09-10 11:29:00+05:30,12674.0,12674.0,12674.0,12674.0,7
2026-09-10 11:30:00+05:30,12679.9501953125,12679.9501953125,12679.0,12679.0,5
2026-09-10 11:31:00+05:30,12680.0,12680.0,12679.9501953125,12679.9501953125,21
2026-09-10 11:32:00+05:30,12669.349609375,12675.9501953125,12669.349609375,12674.599609375,11
2026-09-10 11:33:00+05:30,12663.0,12663.0,12663.0,12663.0,1
2026-09-10 11:34:00+05:30,12664.0,12665.0,12664.0,12665.0,3
2026-09-10 11:35:00+05:30,12662.0,12664.0,12662.0,12662.0,33
2026-09-10 11:36:00+05:30,12665.0,12667.0,12664.0,12664.0,15
2026-09-10 11:37:00+05:30,12671.0,12671.0,12671.0,12671.0,5
2026-09-10 11:38:00+05:30,12670.0,12670.0,12670.0,12670.0,107
2026-09-10 11:39:00+05:30,12639.599609375,12662.0,12637.849609375,12662.0,88
2026-09-10 11:40:00+05:30,12641.0,12643.9501953125,12633.650390625,12633.650390625,20
2026-09-10 11:41:00+05:30,12645.0,12645.0,12636.2001953125,12636.2001953125,27
2026-09-10 11:42:00+05:30,12644.0,12644.4501953125,12644.0,12644.4501953125,5
2026-09-10 11:43:00+05:30,12660.0,12660.0,12640.2998046875,12644.0,80
2026-09-10 11:44:00+05:30,12659.0,12659.0,12659.0,12659.0,6
2026-09-10 11:45:00+05:30,12655.5498046875,12657.0,12654.400390625,12657.0,5
2026-09-10 11:46:00+05:30,12651.0,12651.0,12651.0,12651.0,8
2026-09-10 11:47:00+05:30,12654.0,12654.0,12654.0,12654.0,1
2026-09-10 11:48:00+05:30,12659.849609375,12660.0,12650.25,12650.25,51
2026-09-10 11:49:00+05:30,12680.0,12680.0,12658.0,12658.0,23
2026-09-10 11:50:00+05:30,12680.0,12684.849609375,12680.0,12684.849609375,51
2026-09-10 11:51:00+05:30,12674.849609375,12678.0,12674.849609375,12678.0,4
2026-09-10 11:52:00+05:30,12667.599609375,12674.0498046875,12665.2001953125,12669.0,49
2026-09-10 11:53:00+05:30,12673.0,12675.900390625,12665.900390625,12673.7001953125,26
2026-09-10 11:54:00+05:30,12672.5498046875,12680.0,12670.400390625,12673.0,11
2026-09-10 11:55:00+05:30,12678.099609375,12679.9501953125,12671.5,12679.9501953125,27
2026-09-10 11:56:00+05:30,12670.0,12676.900390625,12668.650390625,12668.650390625,28
2026-09-10 11:57:00+05:30,12676.2001953125,12676.2001953125,12666.599609375,12666.599609375,2
2026-09-10 11:58:00+05:30,12677.900390625,12677.900390625,12677.0,12677.0,5
2026-09-10 11:59:00+05:30,12680.0,12680.0,12670.099609375,12670.099609375,8
2026-09-10 12:00:00+05:30,12682.4501953125,12682.4501953125,12674.0498046875,12675.0,9
2026-09-10 12:01:00+05:30,12683.0,12684.0,12683.0,12684.0,4
2026-09-10 12:02:00+05:30,12679.0,12679.0,12671.4501953125,12671.4501953125,16
2026-09-10 12:03:00+05:30,12679.0,12679.0,12679.0,12679.0,1
2026-09-10 12:04:00+05:30,12679.0,12679.0,12679.0,12679.0,4
2026-09-10 12:05:00+05:30,12673.5498046875,12679.0,12673.5498046875,12679.0,13
2026-09-10 12:06:00+05:30,12675.0,12675.0,12673.0,12673.0,106
2026-09-10 12:11:00+05:30,12660.900390625,12660.900390625,12660.849609375,12660.849609375,16
2026-09-10 12:12:00+05:30,12670.0498046875,12670.7998046875,12666.599609375,12666.599609375,21
2026-09-10 12:13:00+05:30,12652.5498046875,12670.75,12652.5498046875,12670.75,111
2026-09-10 12:14:00+05:30,12672.0,12672.0,12666.0,12666.0,20
2026-09-10 12:15:00+05:30,12672.0,12672.0,12672.0,12672.0,5
2026-09-10 12:16:00+05:30,12672.0,12672.0,12672.0,12672.0,10
2026-09-10 12:17:00+05:30,12668.0498046875,12668.0498046875,12667.5498046875,12667.5498046875,7
2026-09-10 12:18:00+05:30,12673.0,12673.0,12673.0,12673.0,1
2026-09-10 12:19:00+05:30,12675.0,12675.0,12674.0,12674.0,9
2026-09-10 12:20:00+05:30,12674.849609375,12674.849609375,12674.849609375,12674.849609375,1
2026-09-10 12:21:00+05:30,12667.2998046875,12671.0,12667.2998046875,12671.0,232
2026-09-10 12:22:00+05:30,12675.0,12675.0,12675.0,12675.0,2
2026-09-10 12:23:00+05:30,12668.400390625,12673.7998046875,12668.400390625,12673.7998046875,20
2026-09-10 12:25:00+05:30,12670.0,12670.0,12670.0,12670.0,1
2026-09-10 12:27:00+05:30,12675.0,12675.0,12670.0,12670.0,11
2026-09-10 12:28:00+05:30,12672.0,12672.0,12670.0,12670.0,2
2026-09-10 12:29:00+05:30,12666.0,12666.0,12666.0,12666.0,1
2026-09-10 12:30:00+05:30,12666.0,12670.0,12666.0,12667.0,13
2026-09-10 12:31:00+05:30,12663.0,12666.0,12663.0,12666.0,29
2026-09-10 12:32:00+05:30,12664.349609375,12667.7998046875,12663.0,12667.7998046875,33
2026-09-10 12:34:00+05:30,12675.2001953125,12679.0,12659.5498046875,12668.150390625,111
2026-09-10 12:35:00+05:30,12680.0,12680.0,12674.7001953125,12679.0,115
2026-09-10 12:37:00+05:30,12673.4501953125,12673.4501953125,12673.4501953125,12673.4501953125,57
2026-09-10 12:38:00+05:30,12679.7001953125,12679.7001953125,12673.2998046875,12673.2998046875,3
2026-09-10 12:39:00+05:30,12674.150390625,12674.150390625,12667.0,12667.0,10
2026-09-10 12:40:00+05:30,12674.900390625,12675.0,12671.0,12674.900390625,5
2026-09-10 12:41:00+05:30,12667.2998046875,12667.2998046875,12667.2998046875,12667.2998046875,1
2026-09-10 12:42:00+05:30,12669.0,12674.900390625,12668.0,12668.0,10
2026-09-10 12:43:00+05:30,12674.9501953125,12674.9501953125,12674.9501953125,12674.9501953125,1
2026-09-10 12:44:00+05:30,12667.0,12669.650390625,12666.0,12669.650390625,12
2026-09-10 12:45:00+05:30,12666.0,12666.0,12666.0,12666.0,25
2026-09-10 12:46:00+05:30,12666.0,12666.0,12666.0,12666.0,48
2026-09-10 12:47:00+05:30,12666.0,12669.0,12666.0,12667.0,13
2026-09-10 12:49:00+05:30,12671.0,12675.25,12670.0,12670.0,30
2026-09-10 12:50:00+05:30,12666.0,12666.0,12666.0,12666.0,65
2026-09-10 12:51:00+05:30,12668.0,12670.849609375,12666.0,12666.0,9
2026-09-10 12:52:00+05:30,12666.0,12670.849609375,12666.0,12670.0,63
2026-09-10 12:53:00+05:30,12667.5,12667.5,12665.0,12667.5,200
2026-09-10 12:54:00+05:30,12666.0,12670.900390625,12666.0,12666.0,118
2026-09-10 12:55:00+05:30,12666.0,12666.0,12666.0,12666.0,127
2026-09-10 12:56:00+05:30,12660.0,12669.9501953125,12660.0,12666.0,2227
2026-09-10 12:57:00+05:30,12647.0,12662.25,12645.0,12662.25,32
2026-09-10 12:58:00+05:30,12654.0,12658.5498046875,12654.0,12658.5498046875,3
2026-09-10 12:59:00+05:30,12647.5,12653.0,12647.5,12653.0,11
2026-09-10 13:00:00+05:30,12652.7001953125,12652.7001953125,12648.0,12648.0,5
2026-09-10 13:01:00+05:30,12650.0,12650.0,12650.0,12650.0,4
2026-09-10 13:02:00+05:30,12654.0,12654.0,12654.0,12654.0,1
2026-09-10 13:03:00+05:30,12655.0,12655.0,12655.0,12655.0,1
2026-09-10 13:05:00+05:30,12640.2998046875,12654.0,12640.2998046875,12654.0,24
2026-09-10 13:06:00+05:30,12640.0,12640.0,12640.0,12640.0,3
2026-09-10 13:07:00+05:30,12649.150390625,12649.150390625,12640.0,12640.0,115
2026-09-10 13:08:00+05:30,12649.900390625,12649.900390625,12649.900390625,12649.900390625,1
2026-09-10 13:09:00+05:30,12647.0,12648.0,12647.0,12648.0,4
2026-09-10 13:11:00+05:30,12654.0,12654.0,12654.0,12654.0,3
2026-09-10 13:12:00+05:30,12636.0,12650.0,12636.0,12649.7001953125,19
2026-09-10 13:13:00+05:30,12640.0,12642.4501953125,12640.0,12641.0,7
2026-09-10 13:14:00+05:30,12639.900390625,12639.900390625,12639.900390625,12639.900390625,2
2026-09-10 13:17:00+05:30,12640.650390625,12640.650390625,12640.650390625,12640.650390625,15
2026-09-10 13:18:00+05:30,12647.9501953125,12647.9501953125,12647.9501953125,12647.9501953125,1
2026-09-10 13:20:00+05:30,12630.0,12630.0,12630.0,12630.0,11
2026-09-10 13:21:00+05:30,12634.0,12634.0,12630.7001953125,12630.7001953125,10
2026-09-10 13:22:00+05:30,12642.0,12642.0,12632.849609375,12632.849609375,14
2026-09-10 13:24:00+05:30,12637.75,12638.5498046875,12637.75,12638.5498046875,7
2026-09-10 13:25:00+05:30,12633.0,12633.0,12633.0,12633.0,30
2026-09-10 13:26:00+05:30,12632.0,12632.0,12632.0,12632.0,1
2026-09-10 13:27:00+05:30,12629.0,12630.0,12629.0,12630.0,3
2026-09-10 13:28:00+05:30,12630.0,12630.0,12629.0,12629.0,38
2026-09-10 13:29:00+05:30,12619.0,12625.0,12619.0,12625.0,23
2026-09-10 13:30:00+05:30,12610.150390625,12618.349609375,12610.150390625,12613.0,16
2026-09-10 13:31:00+05:30,12614.5498046875,12615.0,12614.5498046875,12615.0,2
2026-09-10 13:32:00+05:30,12610.2998046875,12617.0,12610.2998046875,12617.0,40
2026-09-10 13:33:00+05:30,12617.4501953125,12617.4501953125,12617.4501953125,12617.4501953125,8
2026-09-10 13:34:00+05:30,12610.0,12610.0,12610.0,12610.0,134
2026-09-10 13:35:00+05:30,12616.900390625,12616.900390625,12611.099609375,12611.099609375,13
2026-09-10 13:36:00+05:30,12620.0,12620.0,12620.0,12620.0,2
2026-09-10 13:38:00+05:30,12618.7001953125,12620.0,12613.0,12620.0,277
2026-09-10 13:39:00+05:30,12620.650390625,12623.0,12613.0,12613.0,5
2026-09-10 13:41:00+05:30,12624.349609375,12624.349609375,12620.650390625,12624.099609375,8
2026-09-10 13:42:00+05:30,12614.099609375,12618.0,12614.099609375,12618.0,11
2026-09-10 13:43:00+05:30,12613.0498046875,12620.0,12613.0498046875,12620.0,9
2026-09-10 13:44:00+05:30,12617.5,12617.9501953125,12617.5,12617.9501953125,18
2026-09-10 13:46:00+05:30,12629.150390625,12629.150390625,12620.0,12620.0,62
2026-09-10 13:47:00+05:30,12618.349609375,12618.349609375,12618.349609375,12618.349609375,19
2026-09-10 13:48:00+05:30,12620.0,12623.0,12620.0,12623.0,120
2026-09-10 13:51:00+05:30,12616.0,12616.0,12613.0,12613.0,150
2026-09-10 13:52:00+05:30,12620.0,12620.0,12620.0,12620.0,4
2026-09-10 13:53:00+05:30,12613.0,12617.0,12613.0,12617.0,240
2026-09-10 13:54:00+05:30,12617.4501953125,12617.4501953125,12617.4501953125,12617.4501953125,2
2026-09-10 13:55:00+05:30,12613.0,12616.0,12613.0,12613.0,219
2026-09-10 13:56:00+05:30,12613.5,12613.5,12613.0,12613.0,454
2026-09-10 13:57:00+05:30,12613.0,12613.5,12613.0,12613.5,454
2026-09-10 13:58:00+05:30,12611.0,12613.0,12611.0,12613.0,346
2026-09-10 13:59:00+05:30,12611.0,12613.0,12601.0,12609.0,4158
2026-09-10 14:00:00+05:30,12609.0,12612.5498046875,12608.400390625,12611.0,120
2026-09-10 14:01:00+05:30,12601.0,12609.0,12601.0,12609.0,48
2026-09-10 14:02:00+05:30,12601.650390625,12609.349609375,12600.0,12601.0,130
2026-09-10 14:03:00+05:30,12605.9501953125,12605.9501953125,12601.5498046875,12601.5498046875,3
2026-09-10 14:04:00+05:30,12610.099609375,12610.099609375,12604.2001953125,12607.5,29
2026-09-10 14:05:00+05:30,12612.9501953125,12612.9501953125,12607.0,12607.0,36
2026-09-10 14:06:00+05:30,12607.599609375,12607.599609375,12607.599609375,12607.599609375,2
2026-09-10 14:07:00+05:30,12612.75,12612.9501953125,12612.75,12612.9501953125,29
2026-09-10 14:08:00+05:30,12604.9501953125,12610.849609375,12602.2998046875,12602.2998046875,4
2026-09-10 14:09:00+05:30,12602.7001953125,12611.75,12602.7001953125,12611.75,2
2026-09-10 14:10:00+05:30,12608.0,12612.7001953125,12604.650390625,12612.7001953125,3
2026-09-10 14:11:00+05:30,12610.0,12612.650390625,12608.0,12612.650390625,10
2026-09-10 14:12:00+05:30,12612.900390625,12612.900390625,12610.0,12610.0,7
2026-09-10 14:13:00+05:30,12609.9501953125,12612.7001953125,12601.2998046875,12612.7001953125,33
2026-09-10 14:14:00+05:30,12603.7998046875,12603.7998046875,12603.7001953125,12603.7001953125,17
2026-09-10 14:15:00+05:30,12605.0,12605.0,12605.0,12605.0,37
2026-09-10 14:16:00+05:30,12602.099609375,12605.0,12602.099609375,12605.0,23
2026-09-10 14:17:00+05:30,12607.900390625,12610.75,12607.900390625,12610.75,9
2026-09-10 14:18:00+05:30,12607.7998046875,12609.2998046875,12602.2001953125,12602.2001953125,6
2026-09-10 14:19:00+05:30,12598.900390625,12600.0,12590.849609375,12600.0,126
2026-09-10 14:20:00+05:30,12598.0,12599.0,12591.5498046875,12599.0,18
2026-09-10 14:22:00+05:30,12600.0,12604.849609375,12600.0,12604.849609375,11
2026-09-10 14:23:00+05:30,12607.5498046875,12607.5498046875,12607.5498046875,12607.5498046875,58
2026-09-10 14:24:00+05:30,12607.0,12607.0,12607.0,12607.0,5
2026-09-10 14:25:00+05:30,12606.0,12606.0,12602.650390625,12602.650390625,18
2026-09-10 14:26:00+05:30,12606.0,12606.0,12606.0,12606.0,2
2026-09-10 14:27:00+05:30,12610.0,12610.0,12600.099609375,12600.099609375,7
2026-09-10 14:28:00+05:30,12607.0,12610.900390625,12607.0,12610.900390625,2
2026-09-10 14:29:00+05:30,12600.849609375,12606.0,12600.25,12606.0,3
2026-09-10 14:31:00+05:30,12600.900390625,12601.650390625,12600.900390625,12601.650390625,16
2026-09-10 14:33:00+05:30,12605.5498046875,12605.5498046875,12605.5498046875,12605.5498046875,3
2026-09-10 14:35:00+05:30,12605.5498046875,12605.5498046875,12605.5498046875,12605.5498046875,1
2026-09-10 14:36:00+05:30,12605.0,12607.0,12605.0,12605.0,21
2026-09-10 14:37:00+05:30,12605.0,12605.0,12605.0,12605.0,105
2026-09-10 14:38:00+05:30,12609.9501953125,12609.9501953125,12605.0,12605.0,216
2026-09-10 14:39:00+05:30,12605.0,12606.0,12605.0,12605.0,52
2026-09-10 14:40:00+05:30,12605.0,12605.0,12605.0,12605.0,358
2026-09-10 14:41:00+05:30,12606.0,12606.0,12605.900390625,12605.900390625,11
2026-09-10 14:42:00+05:30,12619.849609375,12620.0,12615.4501953125,12615.4501953125,24
2026-09-10 14:43:00+05:30,12622.0,12622.0,12622.0,12622.0,2
2026-09-10 14:44:00+05:30,12622.0,12625.0,12622.0,12622.0,50
2026-09-10 14:45:00+05:30,12620.0,12622.0,12618.2998046875,12622.0,6
2026-09-10 14:46:00+05:30,12615.0498046875,12622.5,12615.0498046875,12618.0,19
2026-09-10 14:47:00+05:30,12621.0,12621.0,12621.0,12621.0,6
2026-09-10 14:49:00+05:30,12618.0,12618.0,12613.25,12618.0,16
2026-09-10 14:50:00+05:30,12621.400390625,12621.400390625,12617.0,12618.0,36
2026-09-10 14:51:00+05:30,12617.849609375,12617.849609375,12617.849609375,12617.849609375,1
2026-09-10 14:52:00+05:30,12615.0,12615.0,12615.0,12615.0,22
2026-09-10 14:53:00+05:30,12615.0,12615.0,12612.0,12612.0,21
2026-09-10 14:54:00+05:30,12615.0,12615.0,12614.0,12614.0,5
2026-09-10 14:55:00+05:30,12612.0,12612.0,12606.7001953125,12606.7001953125,2
2026-09-10 14:57:00+05:30,12605.0,12609.0,12605.0,12605.0498046875,3
2026-09-10 14:58:00+05:30,12614.2001953125,12614.400390625,12608.900390625,12608.900390625,25
2026-09-10 14:59:00+05:30,12600.0,12613.0,12595.0498046875,12613.0,2668
2026-09-10 15:00:00+05:30,12587.900390625,12595.099609375,12587.900390625,12595.099609375,173
2026-09-10 15:01:00+05:30,12594.099609375,12594.099609375,12583.0,12583.0,142
2026-09-10 15:02:00+05:30,12590.0,12605.0,12590.0,12605.0,3259
2026-09-10 15:03:00+05:30,12600.0,12600.0,12591.0,12596.0,111
2026-09-10 15:04:00+05:30,12590.0,12591.0,12590.0,12591.0,12
2026-09-10 15:05:00+05:30,12600.0,12600.0,12590.0,12598.0498046875,178
2026-09-10 15:06:00+05:30,12591.0,12600.0,12588.0,12600.0,19
2026-09-10 15:07:00+05:30,12596.900390625,12600.0,12596.5498046875,12600.0,60
2026-09-10 15:08:00+05:30,12598.0,12600.0,12598.0,12600.0,109
2026-09-10 15:09:00+05:30,12600.0,12600.0,12600.0,12600.0,96
2026-09-10 15:10:00+05:30,12599.849609375,12605.0,12595.2001953125,12595.2001953125,3390
2026-09-10 15:11:00+05:30,12599.099609375,12599.099609375,12585.599609375,12585.599609375,66
2026-09-10 15:12:00+05:30,12582.0,12600.0,12582.0,12600.0,32
2026-09-10 15:13:00+05:30,12600.0,12602.0,12582.0,12602.0,227
2026-09-10 15:14:00+05:30,12600.0,12600.0,12584.2001953125,12600.0,75
2026-09-10 15:29:00+05:30,12530.0,12530.0,12530.0,12530.0,742
2026-09-11 09:15:00+05:30,12479.0,12513.2001953125,12475.0,12495.0,1830
2026-09-11 09:16:00+05:30,12476.0,12492.0,12476.0,12492.0,85
2026-09-11 09:17:00+05:30,12470.7001953125,12480.0,12461.0,12479.9501953125,103
2026-09-11 09:18:00+05:30,12460.0,12469.4501953125,12458.0,12469.4501953125,97
2026-09-11 09:19:00+05:30,12448.0,12464.9501953125,12448.0,12460.0,144
2026-09-11 09:20:00+05:30,12430.0,12444.0,12429.0,12444.0,47
2026-09-11 09:21:00+05:30,12415.5,12437.2998046875,12415.5,12437.2998046875,389
2026-09-11 09:22:00+05:30,12448.5,12448.5,12418.0,12418.0,14
2026-09-11 09:23:00+05:30,12448.400390625,12457.7001953125,12448.400390625,12454.400390625,27
2026-09-11 09:24:00+05:30,12451.400390625,12460.75,12451.400390625,12456.9501953125,170
2026-09-11 09:25:00+05:30,12464.599609375,12464.599609375,12456.0,12456.0,32
2026-09-11 09:26:00+05:30,12457.9501953125,12458.9501953125,12450.0,12458.900390625,312
2026-09-11 09:27:00+05:30,12447.5,12450.0,12444.0,12450.0,177
2026-09-11 09:28:00+05:30,12450.0,12456.599609375,12450.0,12454.9501953125,29
2026-09-11 09:29:00+05:30,12470.75,12471.849609375,12444.4501953125,12444.4501953125,175
2026-09-11 09:30:00+05:30,12469.9501953125,12471.25,12461.75,12471.25,106
2026-09-11 09:31:00+05:30,12479.0,12479.0,12463.900390625,12463.900390625,118
2026-09-11 09:32:00+05:30,12469.0,12479.0,12463.900390625,12479.0,16
2026-09-11 09:33:00+05:30,12469.0,12469.0,12461.599609375,12461.599609375,39
2026-09-11 09:34:00+05:30,12471.849609375,12482.5,12465.0,12465.0,119
2026-09-11 09:35:00+05:30,12487.0,12487.0,12472.75,12479.4501953125,136
2026-09-11 09:36:00+05:30,12480.75,12487.900390625,12480.0,12487.900390625,8
2026-09-11 09:37:00+05:30,12472.150390625,12484.900390625,12469.900390625,12480.900390625,61
2026-09-11 09:38:00+05:30,12479.9501953125,12479.9501953125,12465.349609375,12472.2998046875,21
2026-09-11 09:39:00+05:30,12479.2998046875,12480.0,12479.2998046875,12480.0,5
2026-09-11 09:40:00+05:30,12469.849609375,12472.9501953125,12469.75,12471.2998046875,13
2026-09-11 09:41:00+05:30,12475.0,12475.0,12469.849609375,12469.849609375,50
2026-09-11 09:42:00+05:30,12472.25,12479.150390625,12472.25,12479.150390625,15
2026-09-11 09:43:00+05:30,12475.0,12482.7001953125,12475.0,12480.0,79
2026-09-11 09:44:00+05:30,12471.400390625,12485.4501953125,12471.400390625,12485.4501953125,9
2026-09-11 09:45:00+05:30,12482.0,12482.0,12481.650390625,12481.650390625,3
2026-09-11 09:46:00+05:30,12481.150390625,12489.0,12476.099609375,12489.0,10
2026-09-11 09:47:00+05:30,12479.900390625,12483.7998046875,12478.0,12483.7998046875,11
2026-09-11 09:48:00+05:30,12476.4501953125,12482.349609375,12476.4501953125,12482.25,9
2026-09-11 09:49:00+05:30,12489.0,12489.0,12487.4501953125,12487.4501953125,15
2026-09-11 09:50:00+05:30,12485.650390625,12495.0,12482.150390625,12492.0,109
2026-09-11 09:51:00+05:30,12480.0,12485.0,12480.0,12485.0,117
2026-09-11 09:52:00+05:30,12480.0,12482.5,12471.349609375,12477.349609375,12
2026-09-11 09:53:00+05:30,12465.0,12473.2998046875,12465.0,12473.2998046875,79
2026-09-11 09:54:00+05:30,12471.150390625,12471.150390625,12460.0,12460.0,72
2026-09-11 09:55:00+05:30,12467.099609375,12467.599609375,12460.0,12467.599609375,36
2026-09-11 09:56:00+05:30,12464.9501953125,12464.9501953125,12460.0,12460.0,5
2026-09-11 09:57:00+05:30,12464.9501953125,12465.650390625,12460.0,12460.0,55
2026-09-11 09:58:00+05:30,12460.0,12468.0498046875,12460.0,12460.0,7
2026-09-11 09:59:00+05:30,12465.2001953125,12465.2001953125,12465.150390625,12465.150390625,2
2026-09-11 10:00:00+05:30,12460.0,12466.2001953125,12458.0,12466.2001953125,178
2026-09-11 10:01:00+05:30,12450.0,12459.2998046875,12450.0,12455.0,138
2026-09-11 10:02:00+05:30,12428.150390625,12444.0,12428.150390625,12444.0,73
2026-09-11 10:03:00+05:30,12426.0,12433.5,12426.0,12433.0,166
2026-09-11 10:04:00+05:30,12422.599609375,12430.400390625,12418.0,12430.400390625,149
2026-09-11 10:05:00+05:30,12433.5,12444.4501953125,12431.599609375,12431.599609375,35
2026-09-11 10:06:00+05:30,12430.0,12437.75,12430.0,12437.75,7
2026-09-11 10:07:00+05:30,12435.0,12447.650390625,12430.0,12430.0,38
2026-09-11 10:08:00+05:30,12439.900390625,12439.900390625,12430.0,12430.0,34
2026-09-11 10:09:00+05:30,12437.5,12444.5498046875,12432.5,12444.5498046875,123
2026-09-11 10:10:00+05:30,12435.25,12435.400390625,12435.25,12435.400390625,12
2026-09-11 10:11:00+05:30,12435.4501953125,12435.4501953125,12435.4501953125,12435.4501953125,2
2026-09-11 10:12:00+05:30,12439.900390625,12439.9501953125,12439.900390625,12439.9501953125,2
2026-09-11 10:13:00+05:30,12440.0,12442.849609375,12439.9501953125,12439.9501953125,31
2026-09-11 10:14:00+05:30,12443.75,12443.75,12440.25,12440.25,13
2026-09-11 10:15:00+05:30,12433.400390625,12443.400390625,12433.400390625,12443.400390625,2
2026-09-11 10:16:00+05:30,12443.0,12443.0,12443.0,12443.0,1
2026-09-11 10:18:00+05:30,12445.0,12445.0,12435.0498046875,12435.0498046875,124
2026-09-11 10:19:00+05:30,12435.0,12435.0,12435.0,12435.0,22
2026-09-11 10:20:00+05:30,12442.75,12442.75,12432.0,12432.0,21
2026-09-11 10:21:00+05:30,12446.099609375,12456.099609375,12436.7998046875,12436.7998046875,7
2026-09-11 10:22:00+05:30,12454.650390625,12456.0,12453.9501953125,12453.9501953125,23
2026-09-11 10:23:00+05:30,12445.5,12458.0,12445.0,12446.150390625,299
2026-09-11 10:24:00+05:30,12443.400390625,12443.400390625,12440.0,12440.0,146
2026-09-11 10:25:00+05:30,12474.349609375,12474.349609375,12440.0,12443.2001953125,77
2026-09-11 10:26:00+05:30,12448.0,12468.4501953125,12448.0,12468.4501953125,267
2026-09-11 10:27:00+05:30,12458.099609375,12458.099609375,12452.2998046875,12452.2998046875,91
2026-09-11 10:28:00+05:30,12460.0,12464.900390625,12460.0,12464.900390625,11
2026-09-11 10:29:00+05:30,12462.75,12462.75,12462.650390625,12462.650390625,14
2026-09-11 10:31:00+05:30,12455.0,12462.0,12455.0,12462.0,69
2026-09-11 10:32:00+05:30,12460.75,12460.75,12460.7001953125,12460.7001953125,5
2026-09-11 10:33:00+05:30,12459.9501953125,12459.9501953125,12458.0,12459.0,9
2026-09-11 10:35:00+05:30,12446.25,12455.0,12446.25,12455.0,42
2026-09-11 10:37:00+05:30,12467.099609375,12467.099609375,12455.2998046875,12455.2998046875,55
2026-09-11 10:38:00+05:30,12455.5,12455.5,12455.5,12455.5,2
2026-09-11 10:40:00+05:30,12445.0,12450.0,12445.0,12450.0,22
2026-09-11 10:41:00+05:30,12435.0,12444.099609375,12435.0,12440.0498046875,19
2026-09-11 10:42:00+05:30,12430.0,12439.349609375,12430.0,12439.349609375,25
2026-09-11 10:43:00+05:30,12434.0,12439.400390625,12430.2998046875,12437.9501953125,4
2026-09-11 10:44:00+05:30,12434.0,12441.9501953125,12434.0,12441.9501953125,21
2026-09-11 10:45:00+05:30,12440.0,12448.650390625,12440.0,12448.650390625,4
2026-09-11 10:46:00+05:30,12448.4501953125,12448.4501953125,12432.900390625,12432.900390625,6
2026-09-11 10:47:00+05:30,12449.4501953125,12449.75,12437.7998046875,12437.7998046875,6
2026-09-11 10:48:00+05:30,12440.0,12441.7998046875,12440.0,12441.7998046875,4
2026-09-11 10:50:00+05:30,12429.0,12441.650390625,12422.9501953125,12441.650390625,40
2026-09-11 10:51:00+05:30,12424.5,12424.5,12420.0,12424.0,27
2026-09-11 10:52:00+05:30,12413.0,12423.7998046875,12410.0,12419.7998046875,181
2026-09-11 10:53:00+05:30,12410.0,12424.599609375,12410.0,12417.849609375,74
2026-09-11 10:54:00+05:30,12418.0,12419.0,12412.0,12419.0,34
2026-09-11 10:56:00+05:30,12421.0,12421.0,12421.0,12421.0,10
2026-09-11 10:57:00+05:30,12421.599609375,12421.599609375,12421.599609375,12421.599609375,1
2026-09-11 10:58:00+05:30,12418.0,12422.349609375,12418.0,12422.349609375,3
2026-09-11 11:01:00+05:30,12426.5,12426.5,12426.4501953125,12426.4501953125,15
2026-09-11 11:02:00+05:30,12418.7001953125,12419.349609375,12418.7001953125,12419.349609375,25
2026-09-11 11:03:00+05:30,12402.0,12420.0,12402.0,12418.7001953125,75
2026-09-11 11:04:00+05:30,12400.0,12409.099609375,12396.099609375,12401.0,310
2026-09-11 11:05:00+05:30,12394.4501953125,12410.9501953125,12394.4501953125,12408.849609375,313
2026-09-11 11:06:00+05:30,12408.2998046875,12408.2998046875,12407.7001953125,12407.7001953125,3
2026-09-11 11:07:00+05:30,12417.5,12417.5,12408.2998046875,12408.2998046875,32
2026-09-11 11:08:00+05:30,12415.0,12415.0,12415.0,12415.0,3
2026-09-11 11:09:00+05:30,12422.5,12422.5,12410.0,12417.400390625,10
2026-09-11 11:10:00+05:30,12424.2001953125,12432.5,12417.0498046875,12429.349609375,130
2026-09-11 11:11:00+05:30,12423.5,12431.0,12423.5,12431.0,4
2026-09-11 11:12:00+05:30,12430.0,12430.7001953125,12430.0,12430.7001953125,11
2026-09-11 11:14:00+05:30,12441.599609375,12444.349609375,12441.599609375,12444.349609375,7
2026-09-11 11:15:00+05:30,12441.599609375,12441.599609375,12441.599609375,12441.599609375,7
2026-09-11 11:16:00+05:30,12431.75,12441.2001953125,12430.0,12441.2001953125,11
2026-09-11 11:17:00+05:30,12440.0,12442.4501953125,12440.0,12442.4501953125,7
2026-09-11 11:19:00+05:30,12425.0,12425.0498046875,12420.0,12423.5,32
2026-09-11 11:20:00+05:30,12423.349609375,12423.349609375,12415.0,12417.0,51
2026-09-11 11:21:00+05:30,12418.4501953125,12423.0,12411.849609375,12420.9501953125,78
2026-09-11 11:22:00+05:30,12417.5,12417.5,12415.0,12415.0,10
2026-09-11 11:23:00+05:30,12417.349609375,12417.349609375,12417.349609375,12417.349609375,3
2026-09-11 11:24:00+05:30,12408.5,12417.2998046875,12407.400390625,12411.349609375,25
2026-09-11 11:25:00+05:30,12414.0,12416.599609375,12408.7998046875,12408.7998046875,64
2026-09-11 11:26:00+05:30,12416.400390625,12416.400390625,12416.400390625,12416.400390625,2
2026-09-11 11:27:00+05:30,12416.0498046875,12421.599609375,12413.900390625,12421.599609375,40
2026-09-11 11:28:00+05:30,12411.0498046875,12420.0,12411.0498046875,12420.0,21
2026-09-11 11:29:00+05:30,12413.0,12413.0,12411.0,12412.0,5
2026-09-11 11:30:00+05:30,12415.0,12415.0,12411.0498046875,12411.0498046875,16
2026-09-11 11:31:00+05:30,12416.7001953125,12418.0,12411.0498046875,12418.0,97
2026-09-11 11:32:00+05:30,12434.0,12434.0498046875,12434.0,12434.0498046875,4
2026-09-11 11:33:00+05:30,12433.849609375,12433.849609375,12433.849609375,12433.849609375,2
2026-09-11 11:34:00+05:30,12432.900390625,12432.900390625,12432.900390625,12432.900390625,2
2026-09-11 11:35:00+05:30,12429.0,12432.7998046875,12428.0,12432.7998046875,13
2026-09-11 11:36:00+05:30,12423.099609375,12423.099609375,12423.0498046875,12423.0498046875,6
2026-09-11 11:38:00+05:30,12430.0,12434.0498046875,12423.400390625,12434.0498046875,25
2026-09-11 11:39:00+05:30,12425.0,12430.650390625,12425.0,12430.0,11
2026-09-11 11:40:00+05:30,12430.0,12431.5498046875,12430.0,12431.5498046875,3
2026-09-11 11:41:00+05:30,12430.0,12430.0,12430.0,12430.0,3
2026-09-11 11:42:00+05:30,12428.0,12428.0,12428.0,12428.0,5
2026-09-11 11:44:00+05:30,12425.7998046875,12430.150390625,12423.0498046875,12427.099609375,29
2026-09-11 11:45:00+05:30,12434.7001953125,12434.7001953125,12434.7001953125,12434.7001953125,3
2026-09-11 11:46:00+05:30,12424.9501953125,12424.9501953125,12424.9501953125,12424.9501953125,2
2026-09-11 11:47:00+05:30,12420.0,12425.0,12420.0,12425.0,36
2026-09-11 11:48:00+05:30,12420.0,12422.9501953125,12418.0,12420.0,41
2026-09-11 11:49:00+05:30,12412.349609375,12418.0,12402.0498046875,12418.0,66
2026-09-11 11:51:00+05:30,12410.0,12410.0,12410.0,12410.0,6
2026-09-11 11:52:00+05:30,12410.0,12410.0,12406.0,12410.0,9
2026-09-11 11:54:00+05:30,12410.0,12410.0,12406.25,12406.25,2
2026-09-11 11:55:00+05:30,12417.849609375,12417.900390625,12417.849609375,12417.900390625,5
2026-09-11 11:56:00+05:30,12416.2998046875,12416.2998046875,12416.2998046875,12416.2998046875,2
2026-09-11 11:57:00+05:30,12405.0,12417.150390625,12405.0,12417.150390625,90
2026-09-11 11:58:00+05:30,12413.0,12413.0,12401.25,12401.25,27
2026-09-11 11:59:00+05:30,12415.0,12415.0,12413.0,12413.0,237
2026-09-11 12:00:00+05:30,12415.0,12420.0,12415.0,12420.0,165
2026-09-11 12:01:00+05:30,12415.0,12415.0,12415.0,12415.0,614
2026-09-11 12:02:00+05:30,12414.0,12419.2001953125,12414.0,12415.099609375,1343
2026-09-11 12:03:00+05:30,12414.0,12419.0,12414.0,12418.7998046875,208
2026-09-11 12:04:00+05:30,12406.25,12415.0,12405.0,12414.0,4689
2026-09-11 12:05:00+05:30,12402.0,12405.150390625,12402.0,12405.150390625,17
2026-09-11 12:06:00+05:30,12390.0,12405.0,12390.0,12405.0,295
2026-09-11 12:07:00+05:30,12401.0,12401.0,12385.0,12392.0,167
2026-09-11 12:10:00+05:30,12410.0,12410.0,12410.0,12410.0,10
2026-09-11 12:12:00+05:30,12402.7998046875,12402.7998046875,12402.7998046875,12402.7998046875,1
2026-09-11 12:13:00+05:30,12398.0,12398.0,12398.0,12398.0,1
2026-09-11 12:14:00+05:30,12406.75,12406.75,12402.7001953125,12402.7001953125,14
2026-09-11 12:16:00+05:30,12409.7001953125,12409.7001953125,12409.7001953125,12409.7001953125,1
2026-09-11 12:17:00+05:30,12415.0,12415.0,12410.0,12410.0,34
2026-09-11 12:18:00+05:30,12415.0,12415.0,12415.0,12415.0,1
2026-09-11 12:20:00+05:30,12410.0,12415.0,12410.0,12414.9501953125,11
2026-09-11 12:21:00+05:30,12405.0498046875,12411.9501953125,12405.0498046875,12406.150390625,4
2026-09-11 12:22:00+05:30,12407.5498046875,12407.5498046875,12404.0,12404.0,4
2026-09-11 12:23:00+05:30,12407.5498046875,12407.5498046875,12407.5498046875,12407.5498046875,4
2026-09-11 12:24:00+05:30,12415.150390625,12415.150390625,12414.0498046875,12414.0498046875,29
2026-09-11 12:25:00+05:30,12410.0,12410.0,12410.0,12410.0,1
2026-09-11 12:26:00+05:30,12401.0,12408.75,12401.0,12408.75,17
2026-09-11 12:28:00+05:30,12395.0498046875,12410.7998046875,12395.0498046875,12410.349609375,136
2026-09-11 12:32:00+05:30,12410.0,12410.0,12408.0498046875,12408.0498046875,9
2026-09-11 12:33:00+05:30,12413.0,12413.0498046875,12413.0,12413.0498046875,12
2026-09-11 12:34:00+05:30,12412.400390625,12412.400390625,12412.400390625,12412.400390625,1
2026-09-11 12:35:00+05:30,12403.599609375,12412.900390625,12403.599609375,12412.900390625,2
2026-09-11 12:36:00+05:30,12403.7998046875,12403.7998046875,12403.7998046875,12403.7998046875,9
2026-09-11 12:37:00+05:30,12410.0,12410.0,12402.900390625,12402.900390625,7
2026-09-11 12:38:00+05:30,12403.0,12403.0,12402.5,12402.5,31
2026-09-11 12:39:00+05:30,12408.150390625,12408.150390625,12408.150390625,12408.150390625,1
2026-09-11 12:40:00+05:30,12408.150390625,12408.150390625,12407.599609375,12407.599609375,2
2026-09-11 12:41:00+05:30,12408.099609375,12408.099609375,12408.099609375,12408.099609375,101
2026-09-11 12:42:00+05:30,12412.25,12417.0,12410.0,12410.0,3
2026-09-11 12:43:00+05:30,12419.7998046875,12420.0,12419.7001953125,12419.75,18
2026-09-11 12:44:00+05:30,12413.7001953125,12413.7001953125,12413.7001953125,12413.7001953125,1
2026-09-11 12:45:00+05:30,12409.150390625,12409.150390625,12409.150390625,12409.150390625,16
2026-09-11 12:46:00+05:30,12410.0,12413.0,12404.099609375,12404.099609375,45
2026-09-11 12:47:00+05:30,12414.9501953125,12414.9501953125,12414.9501953125,12414.9501953125,4
2026-09-11 12:48:00+05:30,12400.0498046875,12401.0,12400.0498046875,12401.0,46
2026-09-11 12:49:00+05:30,12415.0,12415.0,12415.0,12415.0,1
2026-09-11 12:50:00+05:30,12415.0,12417.2001953125,12415.0,12417.2001953125,12
2026-09-11 12:52:00+05:30,12415.2001953125,12422.0,12415.2001953125,12420.0,76
2026-09-11 12:53:00+05:30,12422.0,12422.0,12415.0498046875,12415.0498046875,6
2026-09-11 12:54:00+05:30,12421.900390625,12421.9501953125,12414.400390625,12414.400390625,5
2026-09-11 12:55:00+05:30,12423.0,12423.0,12422.0,12422.0,11
2026-09-11 12:56:00+05:30,12410.0498046875,12423.0,12410.0498046875,12423.0,6
2026-09-11 12:57:00+05:30,12417.849609375,12417.849609375,12417.849609375,12417.849609375,2
2026-09-11 12:58:00+05:30,12419.0,12419.0,12419.0,12419.0,1
2026-09-11 13:00:00+05:30,12411.7001953125,12421.7998046875,12411.7001953125,12416.0,18
2026-09-11 13:01:00+05:30,12413.150390625,12421.400390625,12413.150390625,12421.400390625,3
2026-09-11 13:05:00+05:30,12410.0,12410.0498046875,12410.0,12410.0,297
2026-09-11 13:06:00+05:30,12416.9501953125,12416.9501953125,12410.0,12410.0,3
2026-09-11 13:07:00+05:30,12413.0,12413.0,12410.0498046875,12410.0498046875,2
2026-09-11 13:09:00+05:30,12405.2001953125,12410.0,12405.2001953125,12410.0,211
2026-09-11 13:10:00+05:30,12390.0,12402.0498046875,12390.0,12402.0498046875,159
2026-09-11 13:12:00+05:30,12396.900390625,12396.900390625,12396.900390625,12396.900390625,1
2026-09-11 13:13:00+05:30,12395.849609375,12402.400390625,12395.849609375,12402.400390625,5
2026-09-11 13:15:00+05:30,12405.0,12405.0,12405.0,12405.0,64
2026-09-11 13:16:00+05:30,12409.0498046875,12409.0498046875,12409.0498046875,12409.0498046875,1
2026-09-11 13:17:00+05:30,12400.0,12402.0,12400.0,12402.0,22
2026-09-11 13:18:00+05:30,12387.0498046875,12400.0,12387.0498046875,12396.400390625,82
2026-09-11 13:19:00+05:30,12387.0,12392.650390625,12387.0,12387.0,99
2026-09-11 13:20:00+05:30,12396.2001953125,12396.2001953125,12387.25,12395.5,25
2026-09-11 13:21:00+05:30,12392.0498046875,12392.0498046875,12392.0498046875,12392.0498046875,18
2026-09-11 13:22:00+05:30,12398.349609375,12398.349609375,12398.349609375,12398.349609375,5
2026-09-11 13:24:00+05:30,12395.4501953125,12395.4501953125,12395.4501953125,12395.4501953125,1
2026-09-11 13:25:00+05:30,12392.5,12400.0,12392.5,12400.0,11
2026-09-11 13:26:00+05:30,12406.0,12409.9501953125,12391.0,12391.0,9
2026-09-11 13:28:00+05:30,12412.7001953125,12412.7001953125,12412.7001953125,12412.7001953125,1
2026-09-11 13:29:00+05:30,12410.0,12412.650390625,12410.0,12412.650390625,5
2026-09-11 13:30:00+05:30,12420.0,12422.599609375,12413.0,12413.0,63
2026-09-11 13:31:00+05:30,12426.0498046875,12427.099609375,12423.0,12423.0,30
2026-09-11 13:35:00+05:30,12417.0,12417.0,12408.0,12408.0,7
2026-09-11 13:40:00+05:30,12400.0,12400.0,12400.0,12400.0,44
2026-09-11 13:41:00+05:30,12387.0,12400.0,12387.0,12399.9501953125,11
2026-09-11 13:42:00+05:30,12382.0,12385.0,12382.0,12385.0,26
2026-09-11 13:43:00+05:30,12390.0,12390.0,12390.0,12390.0,2
2026-09-11 13:46:00+05:30,12390.0,12390.0,12384.2001953125,12384.2001953125,6
2026-09-11 13:47:00+05:30,12390.0,12390.0,12390.0,12390.0,8
2026-09-11 13:48:00+05:30,12390.0,12395.4501953125,12390.0,12395.4501953125,43
2026-09-11 13:49:00+05:30,12385.0498046875,12394.400390625,12385.0498046875,12394.400390625,2
2026-09-11 13:50:00+05:30,12394.75,12394.75,12386.5,12386.5,2
2026-09-11 13:51:00+05:30,12396.849609375,12397.400390625,12390.0498046875,12390.0498046875,27
2026-09-11 13:53:00+05:30,12400.0,12400.0,12395.0,12395.0,115
2026-09-11 13:54:00+05:30,12400.4501953125,12400.4501953125,12395.0,12395.0498046875,28
2026-09-11 13:55:00+05:30,12395.0,12395.0,12395.0,12395.0,124
2026-09-11 13:56:00+05:30,12398.0,12408.75,12395.0,12400.349609375,52
2026-09-11 13:57:00+05:30,12400.0,12400.0,12400.0,12400.0,100
2026-09-11 13:58:00+05:30,12403.7001953125,12404.599609375,12398.0,12404.599609375,22
2026-09-11 13:59:00+05:30,12408.0,12409.5498046875,12407.9501953125,12407.9501953125,8
2026-09-11 14:00:00+05:30,12422.0,12422.0,12417.599609375,12417.599609375,52
2026-09-11 14:01:00+05:30,12424.9501953125,12425.0,12424.9501953125,12425.0,19
2026-09-11 14:02:00+05:30,12443.650390625,12443.650390625,12424.0,12424.0,213
2026-09-11 14:03:00+05:30,12440.900390625,12444.5498046875,12435.0,12440.0,31
2026-09-11 14:04:00+05:30,12431.900390625,12440.7001953125,12431.7001953125,12438.5,12
2026-09-11 14:05:00+05:30,12435.400390625,12438.150390625,12435.25,12438.150390625,6
2026-09-11 14:06:00+05:30,12433.0498046875,12439.650390625,12433.0498046875,12439.599609375,7
2026-09-11 14:07:00+05:30,12430.0,12440.0,12430.0,12440.0,7
2026-09-11 14:08:00+05:30,12430.099609375,12430.099609375,12425.0,12425.0,43
2026-09-11 14:09:00+05:30,12418.2001953125,12422.0,12418.2001953125,12422.0,42
2026-09-11 14:10:00+05:30,12424.599609375,12424.599609375,12424.599609375,12424.599609375,1
2026-09-11 14:11:00+05:30,12427.2998046875,12427.2998046875,12424.5498046875,12424.5498046875,2
2026-09-11 14:13:00+05:30,12417.349609375,12417.349609375,12417.349609375,12417.349609375,20
2026-09-11 14:15:00+05:30,12427.099609375,12427.099609375,12426.0,12426.0,36
2026-09-11 14:21:00+05:30,12428.0,12428.0,12428.0,12428.0,1
2026-09-11 14:22:00+05:30,12432.0,12432.0,12423.0,12423.0,44
2026-09-11 14:24:00+05:30,12430.0,12430.0,12430.0,12430.0,1
2026-09-11 14:25:00+05:30,12428.2998046875,12434.0,12428.2998046875,12434.0,2
2026-09-11 14:26:00+05:30,12432.7001953125,12434.25,12425.0,12434.25,35
2026-09-11 14:27:00+05:30,12433.7998046875,12433.7998046875,12433.7998046875,12433.7998046875,2
2026-09-11 14:29:00+05:30,12432.0,12432.0,12432.0,12432.0,3
2026-09-11 14:30:00+05:30,12430.0,12435.0,12430.0,12435.0,26
2026-09-11 14:31:00+05:30,12442.5,12442.5,12430.099609375,12430.099609375,29
2026-09-11 14:32:00+05:30,12450.0,12450.0,12444.0,12448.650390625,14
2026-09-11 14:33:00+05:30,12444.75,12450.0,12444.0498046875,12444.0498046875,227
2026-09-11 14:34:00+05:30,12432.900390625,12441.150390625,12432.900390625,12441.150390625,4
2026-09-11 14:35:00+05:30,12432.5498046875,12432.5498046875,12432.5498046875,12432.5498046875,1
2026-09-11 14:36:00+05:30,12439.349609375,12439.349609375,12435.0,12435.0,9
2026-09-11 14:37:00+05:30,12435.0,12435.0,12433.099609375,12433.099609375,2
2026-09-11 14:38:00+05:30,12425.400390625,12433.0,12425.400390625,12433.0,9
2026-09-11 14:39:00+05:30,12430.0,12430.0,12425.0,12425.0,12
2026-09-11 14:40:00+05:30,12428.5498046875,12437.5,12425.0,12430.0,22
2026-09-11 14:41:00+05:30,12432.25,12432.25,12432.25,12432.25,1
2026-09-11 14:42:00+05:30,12430.0,12437.4501953125,12430.0,12435.0,33
2026-09-11 14:43:00+05:30,12430.0,12430.0,12430.0,12430.0,20
2026-09-11 14:44:00+05:30,12430.0,12430.0,12430.0,12430.0,19
2026-09-11 14:45:00+05:30,12431.25,12432.2998046875,12430.0,12430.0,59
2026-09-11 14:46:00+05:30,12425.0,12425.0,12425.0,12425.0,8
2026-09-11 14:48:00+05:30,12420.25,12420.25,12420.25,12420.25,1
2026-09-11 14:50:00+05:30,12426.0,12427.5,12426.0,12427.5,13
2026-09-11 14:51:00+05:30,12425.9501953125,12430.0,12421.0,12423.099609375,2315
2026-09-11 14:52:00+05:30,12421.25,12421.25,12421.25,12421.25,1
2026-09-11 14:53:00+05:30,12427.900390625,12427.900390625,12427.900390625,12427.900390625,2
2026-09-11 14:54:00+05:30,12428.0,12428.0,12425.900390625,12428.0,7
2026-09-11 14:55:00+05:30,12428.0,12428.0,12428.0,12428.0,9
2026-09-11 14:56:00+05:30,12431.0,12431.0,12431.0,12431.0,13
2026-09-11 14:57:00+05:30,12424.650390625,12424.650390625,12416.0,12420.0,62
2026-09-11 14:58:00+05:30,12412.75,12420.0,12412.75,12420.0,27
2026-09-11 14:59:00+05:30,12412.0,12419.400390625,12412.0,12413.2001953125,13
2026-09-11 15:00:00+05:30,12402.099609375,12410.0,12402.099609375,12410.0,14
2026-09-11 15:01:00+05:30,12400.0,12409.4501953125,12398.099609375,12405.0,224
2026-09-11 15:02:00+05:30,12405.0,12408.150390625,12404.0,12408.150390625,12
2026-09-11 15:03:00+05:30,12409.5,12411.4501953125,12404.7001953125,12407.900390625,235
2026-09-11 15:04:00+05:30,12404.5,12404.5,12394.7998046875,12403.0,29
2026-09-11 15:05:00+05:30,12406.0,12406.0,12393.0498046875,12393.0498046875,16
2026-09-11 15:06:00+05:30,12412.4501953125,12412.4501953125,12396.5498046875,12405.5,105
2026-09-11 15:07:00+05:30,12410.0,12416.0498046875,12410.0,12416.0498046875,7
2026-09-11 15:08:00+05:30,12420.5,12420.5,12416.0498046875,12416.0498046875,59
2026-09-11 15:09:00+05:30,12407.4501953125,12419.0498046875,12407.4501953125,12419.0498046875,5
2026-09-11 15:11:00+05:30,12423.349609375,12423.9501953125,12420.0,12423.9501953125,9
2026-09-11 15:12:00+05:30,12425.5,12425.5,12414.0,12414.0,194
2026-09-11 15:13:00+05:30,12434.0,12442.0,12434.0,12442.0,13
2026-09-11 15:14:00+05:30,12433.0,12434.0,12414.5,12434.0,5
2026-09-11 15:28:00+05:30,12410.0,12410.0,12410.0,12410.0,17
2026-09-15 09:15:00+05:30,12381.650390625,12455.0,12381.650390625,12455.0,395
2026-09-15 09:16:00+05:30,12409.2998046875,12412.7001953125,12381.0,12390.0,480
2026-09-15 09:17:00+05:30,12398.4501953125,12424.349609375,12390.2998046875,12390.2998046875,141
2026-09-15 09:18:00+05:30,12405.0,12428.0,12405.0,12428.0,124
2026-09-15 09:19:00+05:30,12398.4501953125,12413.900390625,12398.4501953125,12404.0,166
2026-09-15 09:20:00+05:30,12406.9501953125,12417.0,12400.0,12412.7001953125,76
2026-09-15 09:21:00+05:30,12417.0,12417.0,12404.150390625,12404.150390625,11
2026-09-15 09:22:00+05:30,12404.150390625,12417.0,12404.150390625,12410.0498046875,33
2026-09-15 09:23:00+05:30,12395.25,12406.400390625,12392.2998046875,12406.150390625,322
2026-09-15 09:24:00+05:30,12409.4501953125,12409.4501953125,12396.150390625,12396.150390625,12
2026-09-15 09:25:00+05:30,12403.0498046875,12411.4501953125,12400.0,12410.0,135
2026-09-15 09:26:00+05:30,12410.650390625,12410.650390625,12400.0,12403.5498046875,23
2026-09-15 09:27:00+05:30,12405.0,12417.0,12402.5498046875,12408.0,95
2026-09-15 09:28:00+05:30,12396.150390625,12407.0,12396.150390625,12407.0,50
2026-09-15 09:29:00+05:30,12388.900390625,12400.5,12385.0,12400.5,32
2026-09-15 09:30:00+05:30,12407.400390625,12409.349609375,12389.75,12389.75,59
2026-09-15 09:31:00+05:30,12425.0,12425.0,12411.099609375,12413.0,113
2026-09-15 09:32:00+05:30,12425.0,12425.0,12415.2998046875,12423.650390625,66
2026-09-15 09:33:00+05:30,12429.150390625,12429.150390625,12415.0,12422.0,356
2026-09-15 09:34:00+05:30,12417.849609375,12423.400390625,12417.849609375,12420.400390625,8
2026-09-15 09:35:00+05:30,12420.150390625,12435.9501953125,12420.150390625,12434.0,22
2026-09-15 09:36:00+05:30,12425.0,12429.75,12425.0,12429.75,13
2026-09-15 09:37:00+05:30,12423.0,12430.849609375,12415.0,12425.0,91
2026-09-15 09:38:00+05:30,12412.849609375,12431.0498046875,12412.849609375,12422.0,23
2026-09-15 09:39:00+05:30,12424.349609375,12431.150390625,12418.0,12418.650390625,61
2026-09-15 09:40:00+05:30,12421.2998046875,12428.400390625,12416.0,12420.9501953125,13
2026-09-15 09:41:00+05:30,12420.0,12420.0,12417.0,12417.0,82
2026-09-15 09:42:00+05:30,12414.0,12426.0,12414.0,12420.0,257
2026-09-15 09:43:00+05:30,12414.0,12427.5,12414.0,12427.4501953125,6
2026-09-15 09:44:00+05:30,12414.0,12421.4501953125,12414.0,12421.4501953125,38
2026-09-15 09:45:00+05:30,12415.2998046875,12420.400390625,12410.0,12410.0,30
2026-09-15 09:46:00+05:30,12416.0,12416.0,12416.0,12416.0,4
2026-09-15 09:47:00+05:30,12432.599609375,12432.599609375,12415.0498046875,12420.0,224
2026-09-15 09:48:00+05:30,12413.2001953125,12415.0,12410.0,12415.0,22
2026-09-15 09:49:00+05:30,12408.75,12416.849609375,12408.75,12414.0498046875,46
2026-09-15 09:50:00+05:30,12408.75,12408.75,12408.75,12408.75,5
2026-09-15 09:51:00+05:30,12405.0,12405.0,12405.0,12405.0,3
2026-09-15 09:52:00+05:30,12400.0,12407.0,12400.0,12405.0,150
2026-09-15 09:53:00+05:30,12392.2001953125,12400.0,12392.2001953125,12400.0,6
2026-09-15 09:54:00+05:30,12400.9501953125,12406.2998046875,12400.9501953125,12402.0,23
2026-09-15 09:55:00+05:30,12393.150390625,12403.5,12392.0,12403.0,45
2026-09-15 09:56:00+05:30,12395.0,12395.0,12390.0,12395.0,86
2026-09-15 09:57:00+05:30,12391.0,12395.0,12385.0,12385.75,50
2026-09-15 09:58:00+05:30,12395.0,12395.0,12385.0,12392.4501953125,74
2026-09-15 09:59:00+05:30,12400.150390625,12400.150390625,12397.2998046875,12400.0,61
2026-09-15 10:00:00+05:30,12400.650390625,12405.9501953125,12398.099609375,12405.9501953125,46
2026-09-15 10:01:00+05:30,12393.900390625,12393.900390625,12391.650390625,12391.650390625,21
2026-09-15 10:02:00+05:30,12392.349609375,12402.4501953125,12392.349609375,12396.0,11
2026-09-15 10:03:00+05:30,12390.0,12400.9501953125,12390.0,12399.0,36
2026-09-15 10:04:00+05:30,12396.25,12396.25,12384.2001953125,12384.2001953125,116
2026-09-15 10:05:00+05:30,12407.349609375,12407.349609375,12397.849609375,12398.0,14
2026-09-15 10:06:00+05:30,12399.0,12405.7998046875,12398.9501953125,12405.7998046875,5
2026-09-15 10:07:00+05:30,12400.0,12400.0,12397.099609375,12399.25,25
2026-09-15 10:08:00+05:30,12390.0,12402.349609375,12390.0,12391.7998046875,8
2026-09-15 10:09:00+05:30,12385.0,12390.0,12385.0,12390.0,3
2026-09-15 10:10:00+05:30,12377.5498046875,12380.099609375,12375.0,12380.0,79
2026-09-15 10:11:00+05:30,12384.9501953125,12384.9501953125,12381.0,12381.0,71
2026-09-15 10:12:00+05:30,12382.5,12384.349609375,12382.5,12383.7998046875,12
2026-09-15 10:13:00+05:30,12384.4501953125,12384.9501953125,12383.25,12384.9501953125,14
2026-09-15 10:14:00+05:30,12380.0,12380.0,12380.0,12380.0,1
2026-09-15 10:15:00+05:30,12377.849609375,12380.0,12376.0,12380.0,20
2026-09-15 10:16:00+05:30,12377.849609375,12379.4501953125,12377.849609375,12379.4501953125,10
2026-09-15 10:17:00+05:30,12374.0,12379.2001953125,12374.0,12378.0,83
2026-09-15 10:18:00+05:30,12371.75,12380.0,12371.650390625,12380.0,9
2026-09-15 10:19:00+05:30,12379.900390625,12379.900390625,12375.0,12378.0498046875,16
2026-09-15 10:20:00+05:30,12378.0,12379.9501953125,12378.0,12379.9501953125,3
2026-09-15 10:21:00+05:30,12376.0,12377.5,12376.0,12377.5,2
2026-09-15 10:22:00+05:30,12382.400390625,12382.400390625,12376.0,12378.599609375,62
2026-09-15 10:23:00+05:30,12373.900390625,12380.099609375,12372.4501953125,12376.0,19
2026-09-15 10:24:00+05:30,12373.150390625,12380.0,12373.150390625,12380.0,3
2026-09-15 10:25:00+05:30,12376.9501953125,12377.0,12375.0,12377.0,4
2026-09-15 10:26:00+05:30,12367.150390625,12376.849609375,12361.0498046875,12373.0,65
2026-09-15 10:27:00+05:30,12378.4501953125,12378.4501953125,12376.900390625,12376.900390625,7
2026-09-15 10:28:00+05:30,12369.2998046875,12369.2998046875,12369.2998046875,12369.2998046875,6
2026-09-15 10:29:00+05:30,12365.0,12371.0,12365.0,12369.150390625,21
2026-09-15 10:30:00+05:30,12363.0,12367.849609375,12363.0,12367.849609375,88
2026-09-15 10:31:00+05:30,12367.0498046875,12369.0,12364.25,12369.0,9
2026-09-15 10:32:00+05:30,12371.599609375,12371.599609375,12360.0,12364.0,59
2026-09-15 10:33:00+05:30,12371.5498046875,12371.5498046875,12366.7001953125,12366.7001953125,24
2026-09-15 10:34:00+05:30,12365.0,12365.0,12362.5,12362.5,10
2026-09-15 10:35:00+05:30,12364.849609375,12365.0,12364.849609375,12365.0,4
2026-09-15 10:36:00+05:30,12346.25,12360.0,12346.25,12360.0,342
2026-09-15 10:37:00+05:30,12357.9501953125,12357.9501953125,12345.2998046875,12357.0,121
2026-09-15 10:38:00+05:30,12350.0,12357.5,12350.0,12350.0,40
2026-09-15 10:39:00+05:30,12346.150390625,12353.7998046875,12346.150390625,12353.7998046875,16
2026-09-15 10:40:00+05:30,12341.0,12350.0,12341.0,12350.0,69
2026-09-15 10:41:00+05:30,12348.599609375,12348.599609375,12341.0,12341.0,43
2026-09-15 10:42:00+05:30,12347.5,12349.599609375,12342.0,12348.599609375,40
2026-09-15 10:43:00+05:30,12336.0,12341.2001953125,12330.0498046875,12341.2001953125,72
2026-09-15 10:44:00+05:30,12334.849609375,12336.0,12330.0,12336.0,42
2026-09-15 10:45:00+05:30,12330.650390625,12336.0,12325.0,12333.7001953125,35
2026-09-15 10:46:00+05:30,12326.0,12332.25,12326.0,12332.25,20
2026-09-15 10:47:00+05:30,12336.0,12336.0,12327.75,12332.0,15
2026-09-15 10:48:00+05:30,12335.099609375,12341.0,12335.099609375,12336.0,12
2026-09-15 10:49:00+05:30,12330.9501953125,12337.849609375,12330.9501953125,12333.2998046875,43
2026-09-15 10:50:00+05:30,12334.7998046875,12337.5,12330.0,12330.0,27
2026-09-15 10:51:00+05:30,12328.0,12333.9501953125,12328.0,12330.0,7
2026-09-15 10:52:00+05:30,12333.0,12333.0,12329.0,12333.0,10
2026-09-15 10:53:00+05:30,12325.0,12332.25,12325.0,12329.0,24
2026-09-15 10:54:00+05:30,12331.650390625,12334.349609375,12331.650390625,12334.349609375,4
2026-09-15 10:55:00+05:30,12319.0,12328.9501953125,12319.0,12325.5,59
2026-09-15 10:56:00+05:30,12315.0,12315.0,12315.0,12315.0,12
2026-09-15 10:57:00+05:30,12311.0,12317.900390625,12311.0,12317.900390625,17
2026-09-15 10:58:00+05:30,12310.0,12314.9501953125,12310.0,12311.0,111
2026-09-15 10:59:00+05:30,12312.0,12314.650390625,12308.2998046875,12308.2998046875,9
2026-09-15 11:00:00+05:30,12314.0,12315.0,12312.0,12314.099609375,8
2026-09-15 11:01:00+05:30,12313.099609375,12313.099609375,12312.0,12312.5,19
2026-09-15 11:02:00+05:30,12325.0,12325.0,12314.0,12314.0,15
2026-09-15 11:03:00+05:30,12318.0,12323.0,12315.150390625,12320.0,25
2026-09-15 11:04:00+05:30,12319.7998046875,12320.2998046875,12318.0,12320.2998046875,8
2026-09-15 11:05:00+05:30,12320.2001953125,12320.2001953125,12315.0,12319.0,68
2026-09-15 11:06:00+05:30,12322.5,12322.5,12319.9501953125,12319.9501953125,11
2026-09-15 11:07:00+05:30,12320.0,12320.0,12320.0,12320.0,5
2026-09-15 11:08:00+05:30,12319.9501953125,12319.9501953125,12319.9501953125,12319.9501953125,12
2026-09-15 11:09:00+05:30,12325.2001953125,12325.2001953125,12319.5,12319.5,30
2026-09-15 11:10:00+05:30,12322.5,12322.5,12315.0498046875,12315.0498046875,26
2026-09-15 11:11:00+05:30,12326.25,12327.2998046875,12325.0,12325.0,10
2026-09-15 11:12:00+05:30,12314.9501953125,12318.0,12307.2001953125,12318.0,72
2026-09-15 11:13:00+05:30,12318.0,12318.0,12310.0498046875,12316.599609375,36
2026-09-15 11:14:00+05:30,12326.900390625,12326.900390625,12319.400390625,12319.400390625,17
2026-09-15 11:15:00+05:30,12326.900390625,12327.0,12319.2998046875,12319.2998046875,22
2026-09-15 11:16:00+05:30,12320.0,12331.4501953125,12320.0,12328.0,28
2026-09-15 11:17:00+05:30,12310.0,12319.7998046875,12310.0,12319.7998046875,48
2026-09-15 11:18:00+05:30,12310.650390625,12315.2998046875,12310.0,12315.2998046875,107
2026-09-15 11:19:00+05:30,12300.0498046875,12310.5498046875,12300.0,12310.5498046875,89
2026-09-15 11:20:00+05:30,12300.0,12302.0,12298.0,12302.0,224
2026-09-15 11:21:00+05:30,12304.900390625,12304.9501953125,12295.0,12300.2998046875,140
2026-09-15 11:22:00+05:30,12305.0,12305.0,12297.7001953125,12304.099609375,12
2026-09-15 11:23:00+05:30,12301.400390625,12308.25,12301.400390625,12308.25,36
2026-09-15 11:24:00+05:30,12314.5,12314.5,12305.0498046875,12308.0,31
2026-09-15 11:25:00+05:30,12305.0,12315.599609375,12305.0,12314.099609375,17
2026-09-15 11:26:00+05:30,12312.7998046875,12314.150390625,12306.0,12309.599609375,19
2026-09-15 11:27:00+05:30,12308.150390625,12310.0,12307.0,12309.9501953125,19
2026-09-15 11:28:00+05:30,12310.0,12315.2998046875,12310.0,12310.0,21
2026-09-15 11:29:00+05:30,12322.0,12322.0,12313.349609375,12313.349609375,84
2026-09-15 11:30:00+05:30,12310.0498046875,12318.5498046875,12310.0,12318.5498046875,19
2026-09-15 11:31:00+05:30,12310.349609375,12317.5498046875,12310.349609375,12317.099609375,11
2026-09-15 11:32:00+05:30,12319.0,12319.0,12319.0,12319.0,1
2026-09-15 11:33:00+05:30,12313.5,12318.400390625,12313.5,12315.0,31
2026-09-15 11:34:00+05:30,12313.9501953125,12319.0,12313.9501953125,12318.0,9
2026-09-15 11:35:00+05:30,12340.0,12340.0,12313.650390625,12313.650390625,39
2026-09-15 11:36:00+05:30,12345.0498046875,12350.0,12339.9501953125,12339.9501953125,38
2026-09-15 11:37:00+05:30,12355.0,12358.75,12349.75,12349.75,11
2026-09-15 11:38:00+05:30,12340.099609375,12354.650390625,12339.099609375,12354.349609375,53
2026-09-15 11:39:00+05:30,12348.9501953125,12348.9501953125,12348.9501953125,12348.9501953125,1
2026-09-15 11:40:00+05:30,12342.9501953125,12342.9501953125,12342.5,12342.5,14
2026-09-15 11:41:00+05:30,12355.0,12355.0,12345.900390625,12345.9501953125,89
2026-09-15 11:42:00+05:30,12350.0,12353.0,12350.0,12353.0,59
2026-09-15 11:43:00+05:30,12350.0,12353.849609375,12350.0,12353.849609375,176
2026-09-15 11:44:00+05:30,12350.0,12354.0,12350.0,12350.0,16
2026-09-15 11:45:00+05:30,12350.0,12350.099609375,12350.0,12350.0,18
2026-09-15 11:46:00+05:30,12350.0,12350.0,12350.0,12350.0,81
2026-09-15 11:47:00+05:30,12350.0,12351.2001953125,12350.0,12350.0,29
2026-09-15 11:48:00+05:30,12350.0,12350.0,12350.0,12350.0,265
2026-09-15 11:49:00+05:30,12349.0,12350.0,12349.0,12350.0,1704
2026-09-15 11:50:00+05:30,12348.7998046875,12355.0,12348.0,12349.0,5059
2026-09-15 11:51:00+05:30,12351.0,12352.349609375,12345.7001953125,12347.5,51
2026-09-15 11:52:00+05:30,12345.9501953125,12354.400390625,12345.9501953125,12353.2998046875,7
2026-09-15 11:53:00+05:30,12351.0,12353.0,12340.0,12340.0,565
2026-09-15 11:54:00+05:30,12360.0,12360.0,12351.0,12351.0,2278
2026-09-15 11:55:00+05:30,12364.900390625,12365.0,12360.0,12360.0,2269
2026-09-15 11:56:00+05:30,12355.5,12370.0,12355.5,12364.900390625,2289
2026-09-15 11:57:00+05:30,12356.5498046875,12364.4501953125,12351.900390625,12355.0,15
2026-09-15 11:58:00+05:30,12370.0,12370.0,12356.5498046875,12356.5498046875,151
2026-09-15 11:59:00+05:30,12385.0,12385.0,12376.349609375,12377.900390625,72
2026-09-15 12:00:00+05:30,12399.9501953125,12399.9501953125,12390.0,12390.0,59
2026-09-15 12:01:00+05:30,12400.0,12400.0,12394.25,12397.0,61
2026-09-15 12:02:00+05:30,12400.5,12419.4501953125,12400.0,12400.0,138
2026-09-15 12:03:00+05:30,12409.0,12412.0,12405.0,12405.0,26
2026-09-15 12:04:00+05:30,12405.0,12409.9501953125,12400.4501953125,12402.75,38
2026-09-15 12:05:00+05:30,12412.400390625,12412.400390625,12405.0,12410.0,64
2026-09-15 12:06:00+05:30,12390.2998046875,12395.9501953125,12390.2998046875,12395.9501953125,13
2026-09-15 12:07:00+05:30,12393.0,12393.0,12390.7998046875,12390.7998046875,62
2026-09-15 12:08:00+05:30,12399.650390625,12399.650390625,12399.650390625,12399.650390625,34
2026-09-15 12:09:00+05:30,12393.0,12417.4501953125,12393.0,12405.0,253
2026-09-15 12:10:00+05:30,12380.150390625,12391.9501953125,12379.2998046875,12391.9501953125,25
2026-09-15 12:11:00+05:30,12390.0,12397.2998046875,12382.150390625,12382.150390625,166
2026-09-15 12:12:00+05:30,12388.25,12388.25,12388.25,12388.25,25
2026-09-15 12:13:00+05:30,12389.0,12391.599609375,12389.0,12391.599609375,7
2026-09-15 12:14:00+05:30,12392.4501953125,12392.4501953125,12388.75,12389.0,18
2026-09-15 12:15:00+05:30,12385.0,12385.900390625,12385.0,12385.900390625,21
2026-09-15 12:16:00+05:30,12384.0,12387.0,12384.0,12385.0,17
2026-09-15 12:17:00+05:30,12384.0,12384.0,12384.0,12384.0,9
2026-09-15 12:18:00+05:30,12371.0,12382.0498046875,12371.0,12382.0498046875,25
2026-09-15 12:19:00+05:30,12375.0,12375.0,12364.650390625,12364.650390625,98
2026-09-15 12:20:00+05:30,12377.849609375,12378.9501953125,12367.5,12367.5,77
2026-09-15 12:21:00+05:30,12378.5498046875,12378.5498046875,12377.849609375,12377.849609375,6
2026-09-15 12:22:00+05:30,12372.0,12378.400390625,12372.0,12377.5,41
2026-09-15 12:23:00+05:30,12374.9501953125,12374.9501953125,12368.0,12371.9501953125,24
2026-09-15 12:24:00+05:30,12370.0,12370.0,12370.0,12370.0,1
2026-09-15 12:25:00+05:30,12371.75,12371.75,12369.150390625,12369.150390625,6
2026-09-15 12:26:00+05:30,12364.099609375,12369.849609375,12364.099609375,12369.150390625,25
2026-09-15 12:27:00+05:30,12368.75,12368.9501953125,12364.099609375,12368.9501953125,8
2026-09-15 12:28:00+05:30,12369.0,12369.0,12366.0,12366.0,12
2026-09-15 12:29:00+05:30,12372.150390625,12372.150390625,12362.7001953125,12369.0,25
2026-09-15 12:30:00+05:30,12360.849609375,12368.099609375,12360.849609375,12368.099609375,3
2026-09-15 12:31:00+05:30,12345.4501953125,12361.0,12345.4501953125,12361.0,142
2026-09-15 12:32:00+05:30,12348.0,12352.849609375,12348.0,12350.0,14
2026-09-15 12:33:00+05:30,12350.0,12350.0,12350.0,12350.0,5
2026-09-15 12:34:00+05:30,12359.9501953125,12359.9501953125,12352.7998046875,12352.7998046875,9
2026-09-15 12:37:00+05:30,12352.0498046875,12352.0498046875,12352.0498046875,12352.0498046875,9
2026-09-15 12:38:00+05:30,12352.0498046875,12358.849609375,12352.0498046875,12357.0498046875,44
2026-09-15 12:40:00+05:30,12350.0498046875,12350.0498046875,12350.0498046875,12350.0498046875,10
2026-09-15 12:41:00+05:30,12345.4501953125,12354.7998046875,12345.4501953125,12354.7998046875,15
2026-09-15 12:42:00+05:30,12352.400390625,12352.400390625,12345.7001953125,12352.2001953125,7
2026-09-15 12:43:00+05:30,12344.0,12344.0,12344.0,12344.0,19
2026-09-15 12:44:00+05:30,12344.0,12344.0,12344.0,12344.0,1
2026-09-15 12:45:00+05:30,12340.0498046875,12344.0,12340.0498046875,12344.0,8
2026-09-15 12:46:00+05:30,12344.0,12344.0,12343.75,12343.75,15
2026-09-15 12:47:00+05:30,12343.650390625,12344.0,12343.599609375,12343.599609375,102
2026-09-15 12:48:00+05:30,12367.5,12368.0498046875,12349.9501953125,12349.9501953125,40
2026-09-15 12:50:00+05:30,12365.0,12368.400390625,12359.7001953125,12359.7001953125,35
2026-09-15 12:51:00+05:30,12362.0,12362.849609375,12362.0,12362.849609375,8
2026-09-15 12:52:00+05:30,12359.7998046875,12359.7998046875,12354.5,12354.5,16
2026-09-15 12:53:00+05:30,12357.7001953125,12361.5498046875,12357.7001953125,12361.5498046875,43
2026-09-15 12:54:00+05:30,12369.4501953125,12369.4501953125,12368.7998046875,12368.7998046875,16
2026-09-15 12:56:00+05:30,12357.75,12357.75,12357.75,12357.75,31
2026-09-15 12:57:00+05:30,12341.0,12350.5,12341.0,12350.5,88
2026-09-15 12:58:00+05:30,12340.650390625,12346.25,12340.650390625,12346.25,37
2026-09-15 12:59:00+05:30,12340.4501953125,12347.099609375,12340.4501953125,12346.75,5
2026-09-15 13:00:00+05:30,12343.849609375,12346.9501953125,12340.0,12346.9501953125,9
2026-09-15 13:02:00+05:30,12345.400390625,12345.400390625,12343.75,12343.75,2
2026-09-15 13:03:00+05:30,12345.2001953125,12345.2001953125,12345.2001953125,12345.2001953125,8
2026-09-15 13:04:00+05:30,12350.5498046875,12350.5498046875,12350.5498046875,12350.5498046875,12
2026-09-15 13:05:00+05:30,12358.9501953125,12358.9501953125,12345.5498046875,12350.900390625,131
2026-09-15 13:06:00+05:30,12355.400390625,12355.400390625,12355.400390625,12355.400390625,1
2026-09-15 13:08:00+05:30,12350.0,12350.0,12350.0,12350.0,2
2026-09-15 13:09:00+05:30,12350.0,12350.0,12349.7998046875,12349.7998046875,6
2026-09-15 13:10:00+05:30,12343.0498046875,12343.0498046875,12343.0498046875,12343.0498046875,2
2026-09-15 13:11:00+05:30,12342.900390625,12348.2998046875,12342.900390625,12344.25,19
2026-09-15 13:12:00+05:30,12340.0498046875,12343.349609375,12340.0498046875,12343.349609375,51
2026-09-15 13:13:00+05:30,12348.599609375,12348.599609375,12345.5,12347.2998046875,9
2026-09-15 13:14:00+05:30,12345.150390625,12346.0,12341.9501953125,12341.9501953125,10
2026-09-15 13:15:00+05:30,12338.0,12340.0,12338.0,12340.0,77
2026-09-15 13:16:00+05:30,12337.0,12337.0,12337.0,12337.0,15
2026-09-15 13:18:00+05:30,12336.900390625,12341.5,12336.900390625,12341.5,2
2026-09-15 13:19:00+05:30,12336.7998046875,12336.7998046875,12336.7998046875,12336.7998046875,1
2026-09-15 13:20:00+05:30,12342.349609375,12342.349609375,12342.349609375,12342.349609375,4
2026-09-15 13:21:00+05:30,12341.349609375,12341.349609375,12340.0,12340.0,12
2026-09-15 13:22:00+05:30,12343.0498046875,12343.0498046875,12343.0498046875,12343.0498046875,2
2026-09-15 13:23:00+05:30,12340.25,12343.0498046875,12340.25,12343.0498046875,24
2026-09-15 13:24:00+05:30,12341.9501953125,12346.150390625,12341.9501953125,12346.150390625,8
2026-09-15 13:25:00+05:30,12347.0,12347.0,12340.0,12340.0,6
2026-09-15 13:26:00+05:30,12348.2998046875,12348.2998046875,12341.0,12341.5498046875,7
2026-09-15 13:27:00+05:30,12354.099609375,12354.099609375,12349.0498046875,12350.0,12
2026-09-15 13:28:00+05:30,12350.0,12357.650390625,12346.849609375,12354.0,90
2026-09-15 13:29:00+05:30,12349.75,12356.75,12347.25,12356.75,24
2026-09-15 13:30:00+05:30,12357.2998046875,12357.5,12349.7998046875,12357.5,15
2026-09-15 13:31:00+05:30,12347.5,12351.75,12347.5,12351.75,3
2026-09-15 13:32:00+05:30,12345.7998046875,12350.0,12345.7998046875,12347.5,8
2026-09-15 13:33:00+05:30,12350.0,12350.0,12350.0,12350.0,5
2026-09-15 13:34:00+05:30,12354.0,12354.0,12350.0,12350.0,19
2026-09-15 13:35:00+05:30,12351.7998046875,12353.75,12351.7998046875,12353.75,12
2026-09-15 13:36:00+05:30,12355.0,12355.0,12348.25,12351.7998046875,11
2026-09-15 13:37:00+05:30,12350.0,12356.0,12350.0,12356.0,4
2026-09-15 13:38:00+05:30,12350.0,12350.0,12349.900390625,12350.0,32
2026-09-15 13:39:00+05:30,12340.0,12349.9501953125,12340.0,12349.9501953125,33
2026-09-15 13:40:00+05:30,12342.5,12342.5,12336.599609375,12336.599609375,2
2026-09-15 13:41:00+05:30,12345.0,12345.0,12338.150390625,12338.150390625,12
2026-09-15 13:42:00+05:30,12343.0,12348.400390625,12343.0,12348.400390625,3
2026-09-15 13:43:00+05:30,12349.099609375,12350.0,12340.7001953125,12343.0,14
2026-09-15 13:44:00+05:30,12343.75,12349.099609375,12343.75,12349.099609375,5
2026-09-15 13:45:00+05:30,12354.0498046875,12354.0498046875,12348.150390625,12350.0,6
2026-09-15 13:46:00+05:30,12349.2001953125,12354.099609375,12349.2001953125,12354.099609375,6
2026-09-15 13:47:00+05:30,12350.0,12350.0,12350.0,12350.0,1
2026-09-15 13:48:00+05:30,12356.75,12356.75,12352.25,12352.25,4
2026-09-15 13:49:00+05:30,12356.7998046875,12356.7998046875,12356.7998046875,12356.7998046875,5
2026-09-15 13:50:00+05:30,12347.7998046875,12347.7998046875,12347.7998046875,12347.7998046875,1
2026-09-15 13:51:00+05:30,12350.0,12353.900390625,12347.9501953125,12348.400390625,52
2026-09-15 13:52:00+05:30,12350.0,12357.4501953125,12350.0,12350.0,12
2026-09-15 13:53:00+05:30,12350.0,12354.9501953125,12350.0,12354.9501953125,5
2026-09-15 13:54:00+05:30,12348.0498046875,12348.0498046875,12347.849609375,12347.849609375,3
2026-09-15 13:55:00+05:30,12347.5,12349.0,12342.5498046875,12349.0,27
2026-09-15 13:56:00+05:30,12342.599609375,12352.349609375,12342.599609375,12345.5498046875,429
2026-09-15 13:57:00+05:30,12350.4501953125,12351.75,12350.0498046875,12351.75,3
2026-09-15 13:58:00+05:30,12352.25,12352.25,12352.25,12352.25,1
2026-09-15 13:59:00+05:30,12349.5498046875,12355.150390625,12346.9501953125,12350.9501953125,28
2026-09-15 14:00:00+05:30,12346.099609375,12346.099609375,12345.400390625,12345.400390625,55
2026-09-15 14:01:00+05:30,12348.25,12348.25,12348.25,12348.25,2
2026-09-15 14:03:00+05:30,12353.650390625,12353.650390625,12346.2001953125,12352.150390625,8
2026-09-15 14:04:00+05:30,12346.849609375,12354.2001953125,12346.849609375,12354.2001953125,11
2026-09-15 14:05:00+05:30,12349.0,12349.0,12345.599609375,12346.849609375,5
2026-09-15 14:06:00+05:30,12350.5,12350.5,12344.400390625,12345.0498046875,40
2026-09-15 14:07:00+05:30,12350.0,12350.0,12349.0,12349.0,54
2026-09-15 14:08:00+05:30,12333.2001953125,12344.75,12333.2001953125,12340.0,151
2026-09-15 14:09:00+05:30,12333.849609375,12338.650390625,12330.0,12334.75,42
2026-09-15 14:10:00+05:30,12338.400390625,12338.400390625,12332.900390625,12332.900390625,3
2026-09-15 14:11:00+05:30,12325.0,12331.099609375,12325.0,12330.0,17
2026-09-15 14:12:00+05:30,12325.0,12331.25,12325.0,12329.5498046875,41
2026-09-15 14:13:00+05:30,12325.25,12325.25,12320.0,12320.0,14
2026-09-15 14:14:00+05:30,12325.25,12325.25,12325.25,12325.25,1
2026-09-15 14:15:00+05:30,12310.0,12320.0,12310.0,12320.0,40
2026-09-15 14:16:00+05:30,12312.0,12317.5,12306.0498046875,12306.0498046875,58
2026-09-15 14:17:00+05:30,12312.0,12312.0,12307.0498046875,12312.0,18
2026-09-15 14:18:00+05:30,12310.0498046875,12321.75,12310.0498046875,12321.75,8
2026-09-15 14:19:00+05:30,12300.0,12310.0,12300.0,12310.0,87
2026-09-15 14:20:00+05:30,12312.5,12313.400390625,12300.0,12300.0,68
2026-09-15 14:21:00+05:30,12314.9501953125,12314.9501953125,12305.0,12312.5,17
2026-09-15 14:22:00+05:30,12305.2998046875,12310.0,12304.7001953125,12310.0,53
2026-09-15 14:23:00+05:30,12299.0,12314.9501953125,12299.0,12312.150390625,48
2026-09-15 14:24:00+05:30,12294.0,12298.0498046875,12294.0,12298.0498046875,41
2026-09-15 14:25:00+05:30,12290.150390625,12297.9501953125,12290.150390625,12295.0,16
2026-09-15 14:26:00+05:30,12304.7001953125,12304.9501953125,12304.7001953125,12304.9501953125,8
2026-09-15 14:27:00+05:30,12295.0,12304.9501953125,12295.0,12304.9501953125,4
2026-09-15 14:28:00+05:30,12291.25,12302.599609375,12291.25,12300.0,34
2026-09-15 14:29:00+05:30,12295.099609375,12296.9501953125,12286.0498046875,12288.0,55
2026-09-15 14:30:00+05:30,12302.2001953125,12302.2001953125,12302.2001953125,12302.2001953125,1
2026-09-15 14:31:00+05:30,12297.5,12297.5,12290.0,12290.400390625,18
2026-09-15 14:32:00+05:30,12295.0,12296.7001953125,12290.099609375,12290.5498046875,11
2026-09-15 14:33:00+05:30,12295.9501953125,12304.150390625,12295.0,12295.0,21
2026-09-15 14:34:00+05:30,12295.0,12296.0498046875,12295.0,12296.0498046875,14
2026-09-15 14:35:00+05:30,12295.0,12295.0,12295.0,12295.0,1
2026-09-15 14:36:00+05:30,12297.150390625,12297.150390625,12291.650390625,12291.650390625,12
2026-09-15 14:37:00+05:30,12292.0,12292.0,12286.0,12290.0,38
2026-09-15 14:38:00+05:30,12294.9501953125,12294.9501953125,12286.75,12291.150390625,22
2026-09-15 14:39:00+05:30,12295.0,12302.0,12294.9501953125,12302.0,20
2026-09-15 14:40:00+05:30,12299.0498046875,12299.0498046875,12299.0498046875,12299.0498046875,2
2026-09-15 14:41:00+05:30,12304.75,12304.75,12293.849609375,12293.849609375,25
2026-09-15 14:42:00+05:30,12302.599609375,12302.599609375,12300.599609375,12300.599609375,5
2026-09-15 14:43:00+05:30,12296.4501953125,12301.900390625,12295.0,12300.0,25
2026-09-15 14:44:00+05:30,12294.0,12294.0,12294.0,12294.0,16
2026-09-15 14:45:00+05:30,12290.0498046875,12296.4501953125,12290.0498046875,12296.4501953125,3
2026-09-15 14:46:00+05:30,12294.0,12295.4501953125,12287.5,12287.5,34
2026-09-15 14:47:00+05:30,12281.0,12287.4501953125,12281.0,12286.75,48
2026-09-15 14:48:00+05:30,12267.400390625,12281.0,12267.400390625,12281.0,77
2026-09-15 14:49:00+05:30,12285.0,12285.0,12274.0,12279.9501953125,14
2026-09-15 14:50:00+05:30,12281.900390625,12290.0,12281.900390625,12287.5,50
2026-09-15 14:51:00+05:30,12278.900390625,12290.9501953125,12278.900390625,12281.2001953125,19
2026-09-15 14:52:00+05:30,12285.5498046875,12287.400390625,12277.5,12287.400390625,7
2026-09-15 14:53:00+05:30,12284.849609375,12284.849609375,12275.5,12281.7998046875,32
2026-09-15 14:54:00+05:30,12284.349609375,12292.5,12277.75,12284.9501953125,60
2026-09-15 14:55:00+05:30,12284.0498046875,12290.900390625,12284.0498046875,12290.599609375,8
2026-09-15 14:56:00+05:30,12295.7001953125,12296.2998046875,12284.0498046875,12284.0498046875,23
2026-09-15 14:57:00+05:30,12290.7998046875,12290.7998046875,12288.2001953125,12288.2001953125,2
2026-09-15 14:58:00+05:30,12291.0,12291.0,12290.25,12290.25,16
2026-09-15 14:59:00+05:30,12282.0498046875,12285.0,12281.7001953125,12285.0,16
2026-09-15 15:00:00+05:30,12282.400390625,12287.650390625,12275.5,12280.150390625,15
2026-09-15 15:01:00+05:30,12280.849609375,12288.0,12280.5,12284.0,8
2026-09-15 15:02:00+05:30,12280.0,12280.900390625,12280.0,12280.900390625,27
2026-09-15 15:03:00+05:30,12273.4501953125,12288.900390625,12271.349609375,12278.2001953125,454
2026-09-15 15:04:00+05:30,12274.0,12280.849609375,12274.0,12280.849609375,20
2026-09-15 15:05:00+05:30,12276.849609375,12285.900390625,12274.150390625,12285.900390625,22
2026-09-15 15:06:00+05:30,12267.400390625,12276.5,12267.400390625,12275.9501953125,232
2026-09-15 15:07:00+05:30,12271.0,12283.9501953125,12265.0,12267.400390625,176
2026-09-15 15:08:00+05:30,12270.0,12276.0,12270.0,12276.0,8
2026-09-15 15:09:00+05:30,12280.0,12282.0,12280.0,12281.0,21
2026-09-15 15:10:00+05:30,12277.9501953125,12280.0,12277.9501953125,12280.0,8
2026-09-15 15:11:00+05:30,12280.0,12280.0,12271.5,12276.0,26
2026-09-15 15:12:00+05:30,12285.0,12285.0,12281.0,12282.0,18
2026-09-15 15:13:00+05:30,12291.2001953125,12291.2001953125,12285.0,12285.0,11
2026-09-15 15:14:00+05:30,12265.0,12291.2001953125,12265.0,12285.0,62
2026-09-15 15:29:00+05:30,12265.0,12265.0,12265.0,12265.0,125
2026-09-16 09:15:00+05:30,12307.2998046875,12310.0,12230.0,12230.0,352
2026-09-16 09:16:00+05:30,12305.0498046875,12305.0498046875,12268.7998046875,12284.650390625,69
2026-09-16 09:17:00+05:30,12343.9501953125,12343.9501953125,12285.0,12285.0,140
2026-09-16 09:18:00+05:30,12335.0,12358.0,12329.7998046875,12358.0,36
2026-09-16 09:19:00+05:30,12311.75,12332.9501953125,12311.5498046875,12325.0498046875,59
2026-09-16 09:20:00+05:30,12327.9501953125,12330.9501953125,12312.650390625,12324.0,17
2026-09-16 09:21:00+05:30,12335.0,12335.0,12325.0498046875,12331.2998046875,31
2026-09-16 09:22:00+05:30,12345.7998046875,12349.0,12320.150390625,12335.0,7
2026-09-16 09:23:00+05:30,12335.5498046875,12345.75,12326.5,12345.75,43
2026-09-16 09:24:00+05:30,12329.099609375,12329.349609375,12311.650390625,12311.650390625,118
2026-09-16 09:25:00+05:30,12318.599609375,12340.0,12318.599609375,12330.849609375,23
2026-09-16 09:26:00+05:30,12328.5,12328.5,12327.0,12327.0,14
2026-09-16 09:27:00+05:30,12314.9501953125,12331.2001953125,12311.5498046875,12331.2001953125,60
2026-09-16 09:28:00+05:30,12280.0,12311.9501953125,12280.0,12311.9501953125,151
2026-09-16 09:29:00+05:30,12290.0,12290.0,12270.0,12284.5498046875,14
2026-09-16 09:30:00+05:30,12285.349609375,12289.9501953125,12276.25,12289.7001953125,25
2026-09-16 09:31:00+05:30,12300.0,12301.849609375,12280.099609375,12285.599609375,54
2026-09-16 09:32:00+05:30,12289.0,12298.5498046875,12289.0,12297.400390625,60
2026-09-16 09:33:00+05:30,12305.25,12305.25,12275.0,12275.0,194
2026-09-16 09:34:00+05:30,12313.0498046875,12319.9501953125,12313.0498046875,12317.349609375,61
2026-09-16 09:35:00+05:30,12312.25,12312.25,12309.2998046875,12310.0,6
2026-09-16 09:36:00+05:30,12297.5,12308.849609375,12297.5,12308.849609375,4
2026-09-16 09:37:00+05:30,12293.5498046875,12305.0,12285.0498046875,12305.0,25
2026-09-16 09:38:00+05:30,12270.0,12291.75,12270.0,12291.75,27
2026-09-16 09:39:00+05:30,12263.7001953125,12289.5,12263.7001953125,12271.7001953125,481
2026-09-16 09:40:00+05:30,12267.349609375,12279.849609375,12263.4501953125,12263.4501953125,82
2026-09-16 09:41:00+05:30,12264.7998046875,12265.599609375,12257.650390625,12260.0,20
2026-09-16 09:42:00+05:30,12270.0,12270.0,12255.0,12257.0,50
2026-09-16 09:43:00+05:30,12266.75,12273.900390625,12265.2001953125,12273.900390625,23
2026-09-16 09:44:00+05:30,12273.4501953125,12274.650390625,12266.7998046875,12266.7998046875,27
2026-09-16 09:45:00+05:30,12261.0,12266.7998046875,12260.0,12266.7998046875,63
2026-09-16 09:46:00+05:30,12272.650390625,12274.0,12265.599609375,12269.7998046875,8
2026-09-16 09:47:00+05:30,12240.25,12267.7001953125,12240.25,12258.650390625,86
2026-09-16 09:48:00+05:30,12245.0,12250.2001953125,12245.0,12250.2001953125,16
2026-09-16 09:49:00+05:30,12255.849609375,12264.900390625,12245.0,12250.0,26
2026-09-16 09:50:00+05:30,12270.0,12283.9501953125,12265.0,12265.0,95
2026-09-16 09:51:00+05:30,12260.099609375,12270.0,12260.099609375,12269.75,25
2026-09-16 09:52:00+05:30,12289.849609375,12289.849609375,12270.0,12270.0,4
2026-09-16 09:53:00+05:30,12285.0,12289.0,12284.0,12284.0,9
2026-09-16 09:54:00+05:30,12308.7001953125,12308.7001953125,12299.849609375,12299.849609375,28
2026-09-16 09:55:00+05:30,12325.5,12325.5,12316.5498046875,12321.900390625,9
2026-09-16 09:56:00+05:30,12326.900390625,12326.900390625,12326.900390625,12326.900390625,4
2026-09-16 09:57:00+05:30,12310.0,12319.75,12310.0,12319.75,3
2026-09-16 09:58:00+05:30,12327.0,12327.0,12300.0,12308.0498046875,852
2026-09-16 09:59:00+05:30,12314.2998046875,12326.849609375,12314.2998046875,12326.849609375,35
2026-09-16 10:00:00+05:30,12309.400390625,12315.0,12309.400390625,12315.0,39
2026-09-16 10:01:00+05:30,12315.650390625,12320.9501953125,12309.400390625,12309.400390625,15
2026-09-16 10:02:00+05:30,12310.75,12310.75,12310.0,12310.0,2
2026-09-16 10:03:00+05:30,12308.4501953125,12308.4501953125,12308.349609375,12308.349609375,14
2026-09-16 10:04:00+05:30,12306.0,12306.0,12306.0,12306.0,1
2026-09-16 10:05:00+05:30,12306.9501953125,12307.9501953125,12299.25,12300.0,46
2026-09-16 10:06:00+05:30,12306.7998046875,12306.7998046875,12293.0498046875,12293.0498046875,24
2026-09-16 10:07:00+05:30,12310.0,12310.0,12303.0,12306.9501953125,45
2026-09-16 10:08:00+05:30,12317.5,12317.5,12317.5,12317.5,2
2026-09-16 10:09:00+05:30,12315.150390625,12315.150390625,12314.150390625,12314.150390625,8
2026-09-16 10:10:00+05:30,12306.0,12306.0,12306.0,12306.0,2
2026-09-16 10:11:00+05:30,12315.0,12315.0,12305.0,12305.0,14
2026-09-16 10:12:00+05:30,12328.0,12328.0,12312.349609375,12312.349609375,45
2026-09-16 10:13:00+05:30,12320.900390625,12329.9501953125,12320.900390625,12329.9501953125,55
2026-09-16 10:14:00+05:30,12321.0,12321.0,12321.0,12321.0,7
2026-09-16 10:15:00+05:30,12320.0,12320.0,12320.0,12320.0,2
2026-09-16 10:16:00+05:30,12315.900390625,12315.900390625,12315.900390625,12315.900390625,99
2026-09-16 10:17:00+05:30,12334.150390625,12334.150390625,12320.0,12320.0,38
2026-09-16 10:18:00+05:30,12334.0,12334.0498046875,12327.75,12327.75,38
2026-09-16 10:19:00+05:30,12322.2998046875,12323.5498046875,12322.2998046875,12323.5498046875,6
2026-09-16 10:20:00+05:30,12325.599609375,12325.7001953125,12315.0498046875,12325.7001953125,29
2026-09-16 10:21:00+05:30,12313.7998046875,12320.0,12313.7998046875,12320.0,7
2026-09-16 10:22:00+05:30,12312.5,12320.9501953125,12312.5,12320.9501953125,16
2026-09-16 10:23:00+05:30,12336.400390625,12336.400390625,12325.0,12325.0,20
2026-09-16 10:24:00+05:30,12331.0498046875,12337.0,12331.0498046875,12337.0,2
2026-09-16 10:25:00+05:30,12330.0,12331.9501953125,12321.650390625,12324.7998046875,23
2026-09-16 10:26:00+05:30,12324.849609375,12335.9501953125,12324.849609375,12332.0,19
2026-09-16 10:27:00+05:30,12324.099609375,12324.849609375,12324.099609375,12324.849609375,6
2026-09-16 10:28:00+05:30,12334.7998046875,12334.7998046875,12325.849609375,12332.900390625,19
2026-09-16 10:29:00+05:30,12335.9501953125,12335.9501953125,12335.900390625,12335.900390625,9
2026-09-16 10:30:00+05:30,12332.7001953125,12337.0,12330.0,12330.0,22
2026-09-16 10:31:00+05:30,12330.0,12330.0,12329.7001953125,12329.7001953125,7
2026-09-16 10:32:00+05:30,12336.0,12336.0,12331.2001953125,12331.2001953125,3
2026-09-16 10:33:00+05:30,12336.0,12336.0,12336.0,12336.0,1
2026-09-16 10:34:00+05:30,12340.0,12340.0,12331.4501953125,12336.9501953125,15
2026-09-16 10:35:00+05:30,12331.0,12339.4501953125,12331.0,12339.4501953125,5
2026-09-16 10:36:00+05:30,12337.2001953125,12337.2001953125,12325.0,12330.0,41
2026-09-16 10:37:00+05:30,12325.5498046875,12327.650390625,12320.0,12327.650390625,13
2026-09-16 10:38:00+05:30,12320.0,12320.0,12320.0,12320.0,2
2026-09-16 10:39:00+05:30,12329.900390625,12329.900390625,12320.0,12325.0,13
2026-09-16 10:40:00+05:30,12345.0,12345.0,12330.0,12330.0,39
2026-09-16 10:41:00+05:30,12326.2998046875,12345.0,12326.2998046875,12345.0,312
2026-09-16 10:42:00+05:30,12326.2998046875,12330.25,12317.9501953125,12326.349609375,58
2026-09-16 10:44:00+05:30,12326.2998046875,12342.5,12326.2998046875,12331.7998046875,42
2026-09-16 10:45:00+05:30,12326.400390625,12335.0498046875,12318.0,12335.0498046875,36075
2026-09-16 10:46:00+05:30,12326.349609375,12326.349609375,12320.0,12320.0,3
2026-09-16 10:47:00+05:30,12326.349609375,12326.349609375,12319.900390625,12319.900390625,2
2026-09-16 10:48:00+05:30,12330.0,12330.0,12330.0,12330.0,16
2026-09-16 10:49:00+05:30,12328.5,12334.25,12321.099609375,12334.25,12
2026-09-16 10:50:00+05:30,12325.5,12327.5498046875,12325.5,12327.5498046875,14
2026-09-16 10:52:00+05:30,12336.0,12336.0,12325.400390625,12325.400390625,21
2026-09-16 10:53:00+05:30,12315.0,12330.0,12315.0,12330.0,7
2026-09-16 10:54:00+05:30,12324.5,12324.5,12323.2001953125,12323.2001953125,9
2026-09-16 10:55:00+05:30,12309.9501953125,12309.9501953125,12309.9501953125,12309.9501953125,1
2026-09-16 10:56:00+05:30,12300.0,12305.25,12295.75,12305.25,12
2026-09-16 10:57:00+05:30,12308.400390625,12308.400390625,12308.400390625,12308.400390625,1
2026-09-16 10:58:00+05:30,12310.0,12310.0,12307.9501953125,12307.9501953125,13
2026-09-16 10:59:00+05:30,12307.9501953125,12312.2998046875,12307.9501953125,12312.25,14
2026-09-16 11:00:00+05:30,12307.25,12307.25,12299.900390625,12305.0,74
2026-09-16 11:01:00+05:30,12306.0,12315.0,12306.0,12315.0,19
2026-09-16 11:02:00+05:30,12315.0,12315.0,12302.9501953125,12310.5498046875,10
2026-09-16 11:03:00+05:30,12309.2001953125,12310.5498046875,12309.2001953125,12310.5498046875,2
2026-09-16 11:04:00+05:30,12310.0,12311.0498046875,12310.0,12311.0498046875,23
2026-09-16 11:05:00+05:30,12303.150390625,12309.650390625,12300.0,12309.650390625,10
2026-09-16 11:06:00+05:30,12290.0,12300.0,12290.0,12295.0,3
2026-09-16 11:07:00+05:30,12300.0,12300.0,12290.0,12299.5,54
2026-09-16 11:08:00+05:30,12312.150390625,12312.150390625,12300.0,12300.0,15
2026-09-16 11:09:00+05:30,12313.0,12313.0,12312.150390625,12313.0,3
2026-09-16 11:10:00+05:30,12314.900390625,12314.900390625,12314.900390625,12314.900390625,1
2026-09-16 11:11:00+05:30,12315.2998046875,12315.2998046875,12313.0,12313.0,52
2026-09-16 11:12:00+05:30,12323.25,12323.25,12323.25,12323.25,1
2026-09-16 11:14:00+05:30,12315.2998046875,12321.0,12315.2998046875,12321.0,2
2026-09-16 11:15:00+05:30,12322.0,12322.0,12322.0,12322.0,3
2026-09-16 11:16:00+05:30,12328.9501953125,12328.9501953125,12328.9501953125,12328.9501953125,2
2026-09-16 11:17:00+05:30,12320.0,12322.0,12315.099609375,12322.0,3
2026-09-16 11:18:00+05:30,12308.849609375,12317.9501953125,12308.849609375,12315.099609375,51
2026-09-16 11:19:00+05:30,12303.400390625,12303.400390625,12303.400390625,12303.400390625,10
2026-09-16 11:20:00+05:30,12308.0,12308.0,12308.0,12308.0,1
2026-09-16 11:21:00+05:30,12303.0,12303.0,12300.0,12300.0,16
2026-09-16 11:23:00+05:30,12328.0,12328.0,12320.7998046875,12320.7998046875,9
2026-09-16 11:24:00+05:30,12324.9501953125,12325.0,12324.9501953125,12325.0,7
2026-09-16 11:25:00+05:30,12311.7998046875,12315.0,12305.0498046875,12305.0498046875,7
2026-09-16 11:26:00+05:30,12303.0,12307.0498046875,12298.2001953125,12298.2001953125,7
2026-09-16 11:27:00+05:30,12305.0498046875,12305.0498046875,12304.9501953125,12304.9501953125,9
2026-09-16 11:28:00+05:30,12297.150390625,12307.0,12297.150390625,12307.0,4
2026-09-16 11:29:00+05:30,12300.150390625,12306.099609375,12300.150390625,12306.0,13
2026-09-16 11:30:00+05:30,12311.9501953125,12313.5498046875,12302.900390625,12313.5498046875,46
2026-09-16 11:31:00+05:30,12310.0,12310.0,12310.0,12310.0,7
2026-09-16 11:32:00+05:30,12300.0,12300.0,12300.0,12300.0,12
2026-09-16 11:33:00+05:30,12300.0,12300.0,12300.0,12300.0,36
2026-09-16 11:34:00+05:30,12298.150390625,12298.150390625,12298.150390625,12298.150390625,3
2026-09-16 11:35:00+05:30,12298.9501953125,12298.9501953125,12298.9501953125,12298.9501953125,2
2026-09-16 11:37:00+05:30,12310.0,12310.0,12310.0,12310.0,4
2026-09-16 11:38:00+05:30,12319.9501953125,12319.9501953125,12310.0,12310.0,98
2026-09-16 11:39:00+05:30,12317.5,12317.5,12310.0,12310.0,4
2026-09-16 11:40:00+05:30,12317.4501953125,12317.4501953125,12317.4501953125,12317.4501953125,3
2026-09-16 11:41:00+05:30,12315.0,12318.0,12315.0,12318.0,15
2026-09-16 11:42:00+05:30,12305.25,12305.25,12305.25,12305.25,2
2026-09-16 11:43:00+05:30,12317.0,12317.0,12317.0,12317.0,4
2026-09-16 11:44:00+05:30,12301.349609375,12310.0,12301.349609375,12310.0,46
2026-09-16 11:45:00+05:30,12295.0,12312.5,12295.0,12312.5,35
2026-09-16 11:46:00+05:30,12289.2001953125,12290.0,12289.2001953125,12290.0,8
2026-09-16 11:47:00+05:30,12296.0,12296.0,12296.0,12296.0,1
2026-09-16 11:48:00+05:30,12302.099609375,12302.099609375,12300.0,12301.0,13
2026-09-16 11:49:00+05:30,12300.0,12300.0,12300.0,12300.0,4
2026-09-16 11:50:00+05:30,12301.0,12301.9501953125,12296.0,12296.0,12
2026-09-16 11:51:00+05:30,12301.9501953125,12301.9501953125,12301.9501953125,12301.9501953125,1
2026-09-16 11:52:00+05:30,12295.349609375,12295.349609375,12295.349609375,12295.349609375,2
2026-09-16 11:53:00+05:30,12292.5,12296.150390625,12292.5,12294.0,4
2026-09-16 11:54:00+05:30,12292.4501953125,12292.4501953125,12292.4501953125,12292.4501953125,2
2026-09-16 11:55:00+05:30,12298.9501953125,12298.9501953125,12298.9501953125,12298.9501953125,1
2026-09-16 11:57:00+05:30,12291.0,12291.099609375,12285.0498046875,12291.099609375,15
2026-09-16 11:59:00+05:30,12285.849609375,12285.849609375,12282.0,12282.0,11
2026-09-16 12:01:00+05:30,12284.400390625,12284.400390625,12284.400390625,12284.400390625,2
2026-09-16 12:02:00+05:30,12280.0,12280.0,12280.0,12280.0,36
2026-09-16 12:03:00+05:30,12271.0,12278.099609375,12271.0,12278.099609375,121
2026-09-16 12:04:00+05:30,12282.0,12282.0,12271.25,12271.25,18
2026-09-16 12:05:00+05:30,12282.0,12282.0,12282.0,12282.0,1
2026-09-16 12:06:00+05:30,12301.849609375,12301.849609375,12291.2998046875,12291.2998046875,59
2026-09-16 12:07:00+05:30,12308.0,12308.0,12306.0,12306.0,2
2026-09-16 12:08:00+05:30,12295.849609375,12307.9501953125,12295.849609375,12307.9501953125,3
2026-09-16 12:10:00+05:30,12301.0,12301.0,12290.0,12297.0498046875,4
2026-09-16 12:11:00+05:30,12301.0498046875,12301.0498046875,12301.0,12301.0,21
2026-09-16 12:13:00+05:30,12299.9501953125,12299.9501953125,12289.75,12295.5498046875,18
2026-09-16 12:15:00+05:30,12295.0,12299.900390625,12295.0,12299.900390625,2
2026-09-16 12:16:00+05:30,12295.0,12295.0,12290.0,12294.7001953125,4
2026-09-16 12:17:00+05:30,12299.9501953125,12299.9501953125,12299.9501953125,12299.9501953125,6
2026-09-16 12:18:00+05:30,12295.0,12299.9501953125,12295.0,12299.9501953125,8
2026-09-16 12:19:00+05:30,12296.0,12296.0,12296.0,12296.0,250
2026-09-16 12:20:00+05:30,12285.0,12294.75,12285.0,12294.75,1005
2026-09-16 12:21:00+05:30,12282.4501953125,12282.4501953125,12282.4501953125,12282.4501953125,1
2026-09-16 12:22:00+05:30,12282.0498046875,12282.0498046875,12282.0498046875,12282.0498046875,1
2026-09-16 12:24:00+05:30,12282.0,12290.650390625,12282.0,12290.650390625,13
2026-09-16 12:25:00+05:30,12304.599609375,12304.599609375,12292.5,12292.5,308
2026-09-16 12:29:00+05:30,12283.599609375,12293.75,12283.599609375,12293.75,5
2026-09-16 12:30:00+05:30,12280.0,12288.5,12280.0,12288.5,10
2026-09-16 12:31:00+05:30,12280.0,12287.4501953125,12280.0,12287.4501953125,5
2026-09-16 12:32:00+05:30,12295.599609375,12295.650390625,12295.599609375,12295.650390625,3
2026-09-16 12:33:00+05:30,12290.5498046875,12295.599609375,12290.5498046875,12295.599609375,8
2026-09-16 12:34:00+05:30,12296.2998046875,12296.2998046875,12296.2998046875,12296.2998046875,4
2026-09-16 12:35:00+05:30,12309.0,12309.0,12300.599609375,12300.599609375,6
2026-09-16 12:36:00+05:30,12297.5,12297.5,12297.5,12297.5,2
2026-09-16 12:37:00+05:30,12285.0,12290.0,12285.0,12290.0,4
2026-09-16 12:38:00+05:30,12288.0498046875,12288.099609375,12288.0498046875,12288.099609375,4
2026-09-16 12:39:00+05:30,12288.0,12288.0,12288.0,12288.0,5
2026-09-16 12:40:00+05:30,12280.0,12287.9501953125,12280.0,12287.9501953125,4
2026-09-16 12:41:00+05:30,12285.2001953125,12292.5,12282.0,12282.0,7
2026-09-16 12:42:00+05:30,12275.0,12290.9501953125,12275.0,12284.5,17
2026-09-16 12:43:00+05:30,12290.2998046875,12290.2998046875,12290.2998046875,12290.2998046875,1
2026-09-16 12:44:00+05:30,12292.150390625,12292.150390625,12282.150390625,12282.150390625,2
2026-09-16 12:45:00+05:30,12275.2001953125,12282.349609375,12275.0,12282.2998046875,58
2026-09-16 12:47:00+05:30,12282.0498046875,12282.0498046875,12282.0498046875,12282.0498046875,41
2026-09-16 12:50:00+05:30,12278.900390625,12279.099609375,12270.0,12270.0498046875,22
2026-09-16 12:51:00+05:30,12270.0498046875,12270.0498046875,12270.0498046875,12270.0498046875,1
2026-09-16 12:52:00+05:30,12270.0,12270.0,12268.0,12268.0,23
2026-09-16 12:53:00+05:30,12282.0498046875,12282.0498046875,12275.9501953125,12275.9501953125,17
2026-09-16 12:54:00+05:30,12278.9501953125,12279.0,12273.0,12279.0,10
2026-09-16 12:57:00+05:30,12270.0,12270.0,12270.0,12270.0,1
2026-09-16 12:58:00+05:30,12270.0,12270.0,12270.0,12270.0,5
2026-09-16 12:59:00+05:30,12264.0,12264.0,12264.0,12264.0,2
2026-09-16 13:00:00+05:30,12272.75,12272.75,12272.75,12272.75,1
2026-09-16 13:01:00+05:30,12262.349609375,12262.349609375,12262.349609375,12262.349609375,1
2026-09-16 13:02:00+05:30,12262.0498046875,12262.0498046875,12262.0498046875,12262.0498046875,16
2026-09-16 13:04:00+05:30,12268.2001953125,12268.2001953125,12262.0498046875,12262.0498046875,4
2026-09-16 13:05:00+05:30,12272.75,12272.75,12268.2001953125,12268.2001953125,8
2026-09-16 13:06:00+05:30,12270.0,12270.0,12270.0,12270.0,4
2026-09-16 13:07:00+05:30,12276.0,12283.7998046875,12276.0,12283.7998046875,3
2026-09-16 13:10:00+05:30,12284.0,12284.9501953125,12284.0,12284.9501953125,5
2026-09-16 13:11:00+05:30,12280.0,12286.0,12280.0,12286.0,27
2026-09-16 13:12:00+05:30,12276.0,12276.0,12276.0,12276.0,2
2026-09-16 13:13:00+05:30,12275.0,12276.0,12275.0,12276.0,21
2026-09-16 13:14:00+05:30,12266.400390625,12266.400390625,12266.400390625,12266.400390625,8
2026-09-16 13:15:00+05:30,12262.0498046875,12265.0,12262.0498046875,12264.9501953125,13
2026-09-16 13:16:00+05:30,12260.0,12262.0,12260.0,12262.0,19
2026-09-16 13:17:00+05:30,12260.9501953125,12260.9501953125,12255.0,12255.0,23
2026-09-16 13:18:00+05:30,12270.9501953125,12270.9501953125,12263.650390625,12263.650390625,21
2026-09-16 13:19:00+05:30,12261.4501953125,12261.4501953125,12261.4501953125,12261.4501953125,40
2026-09-16 13:20:00+05:30,12270.0,12270.0,12255.0,12255.599609375,182
2026-09-16 13:21:00+05:30,12266.5498046875,12270.0,12260.7998046875,12270.0,30
2026-09-16 13:22:00+05:30,12260.099609375,12266.5,12260.099609375,12266.5,3
2026-09-16 13:23:00+05:30,12268.2001953125,12270.0,12258.099609375,12270.0,42
2026-09-16 13:24:00+05:30,12260.2998046875,12269.099609375,12260.2998046875,12269.0498046875,4
2026-09-16 13:25:00+05:30,12266.849609375,12269.9501953125,12266.849609375,12266.849609375,13
2026-09-16 13:26:00+05:30,12260.2001953125,12261.2001953125,12260.2001953125,12261.2001953125,41
2026-09-16 13:27:00+05:30,12261.25,12261.25,12258.099609375,12258.099609375,34
2026-09-16 13:28:00+05:30,12251.0,12260.7001953125,12251.0,12260.7001953125,44
2026-09-16 13:29:00+05:30,12251.0498046875,12259.75,12251.0498046875,12259.400390625,13
2026-09-16 13:30:00+05:30,12242.5,12253.0498046875,12242.5,12250.0,75
2026-09-16 13:31:00+05:30,12252.7998046875,12252.7998046875,12252.7998046875,12252.7998046875,2
2026-09-16 13:32:00+05:30,12247.5,12257.5,12247.5,12252.7998046875,7
2026-09-16 13:33:00+05:30,12252.849609375,12252.849609375,12252.849609375,12252.849609375,2
2026-09-16 13:36:00+05:30,12248.5,12251.849609375,12243.4501953125,12243.4501953125,83
2026-09-16 13:37:00+05:30,12250.5,12250.5,12248.5,12248.650390625,9
2026-09-16 13:38:00+05:30,12250.0,12251.7001953125,12242.7998046875,12248.5,8
2026-09-16 13:39:00+05:30,12251.9501953125,12251.9501953125,12241.4501953125,12241.4501953125,101
2026-09-16 13:40:00+05:30,12246.7001953125,12251.9501953125,12246.7001953125,12251.9501953125,7
2026-09-16 13:41:00+05:30,12245.900390625,12245.900390625,12245.900390625,12245.900390625,2
2026-09-16 13:42:00+05:30,12245.0,12245.0,12245.0,12245.0,16
2026-09-16 13:43:00+05:30,12244.75,12245.7001953125,12235.0,12245.7001953125,64
2026-09-16 13:44:00+05:30,12235.0498046875,12239.0,12235.0498046875,12239.0,2
2026-09-16 13:45:00+05:30,12246.650390625,12246.650390625,12239.0,12239.0,35
2026-09-16 13:46:00+05:30,12248.2998046875,12248.7001953125,12246.650390625,12247.2998046875,21
2026-09-16 13:48:00+05:30,12250.0,12250.0,12249.0,12249.0,3
2026-09-16 13:49:00+05:30,12249.7001953125,12250.0,12234.400390625,12250.0,218
2026-09-16 13:50:00+05:30,12248.0,12248.0,12248.0,12248.0,1
2026-09-16 13:51:00+05:30,12251.599609375,12251.599609375,12251.599609375,12251.599609375,3
2026-09-16 13:52:00+05:30,12252.0498046875,12252.4501953125,12252.0498046875,12252.4501953125,3
2026-09-16 13:53:00+05:30,12247.0,12252.0,12247.0,12252.0,11
2026-09-16 13:54:00+05:30,12248.0,12250.900390625,12248.0,12250.900390625,4
2026-09-16 13:55:00+05:30,12250.0,12250.0,12248.9501953125,12248.9501953125,7
2026-09-16 13:56:00+05:30,12250.400390625,12250.400390625,12241.150390625,12241.150390625,3
2026-09-16 13:57:00+05:30,12245.0,12249.650390625,12245.0,12249.650390625,4
2026-09-16 13:58:00+05:30,12240.0,12246.599609375,12240.0,12241.150390625,7
2026-09-16 13:59:00+05:30,12242.650390625,12243.849609375,12234.0,12243.849609375,18
2026-09-16 14:00:00+05:30,12250.849609375,12250.849609375,12240.0,12240.0,24
2026-09-16 14:01:00+05:30,12241.400390625,12241.400390625,12241.400390625,12241.400390625,25
2026-09-16 14:02:00+05:30,12252.5,12252.5,12251.349609375,12251.349609375,3
2026-09-16 14:03:00+05:30,12244.5498046875,12244.5498046875,12244.5498046875,12244.5498046875,5
2026-09-16 14:04:00+05:30,12240.0,12255.7001953125,12240.0,12255.7001953125,42
2026-09-16 14:05:00+05:30,12242.0,12244.75,12236.0498046875,12236.0498046875,4
2026-09-16 14:06:00+05:30,12232.0,12236.0,12232.0,12236.0,29
2026-09-16 14:07:00+05:30,12226.0,12230.0,12225.0,12229.0,145
2026-09-16 14:08:00+05:30,12227.0,12227.0,12226.0,12226.0,4
2026-09-16 14:10:00+05:30,12227.0,12227.0,12221.599609375,12227.0,31
2026-09-16 14:11:00+05:30,12232.9501953125,12232.9501953125,12222.0498046875,12227.5,5
2026-09-16 14:12:00+05:30,12230.5498046875,12230.75,12230.5498046875,12230.75,12
2026-09-16 14:14:00+05:30,12230.0,12230.900390625,12230.0,12230.900390625,37
2026-09-16 14:15:00+05:30,12222.0,12231.5498046875,12222.0,12227.5,40
2026-09-16 14:16:00+05:30,12221.0,12229.0,12221.0,12229.0,9
2026-09-16 14:17:00+05:30,12226.25,12226.25,12226.25,12226.25,1
2026-09-16 14:18:00+05:30,12226.25,12226.25,12226.25,12226.25,1
2026-09-16 14:19:00+05:30,12223.9501953125,12225.0,12220.0,12225.0,36
2026-09-16 14:20:00+05:30,12215.0,12215.0,12215.0,12215.0,8
2026-09-16 14:21:00+05:30,12215.0498046875,12220.0,12215.0498046875,12218.0,7
2026-09-16 14:22:00+05:30,12215.400390625,12215.400390625,12215.0,12215.0498046875,20
2026-09-16 14:23:00+05:30,12224.9501953125,12225.0498046875,12224.9501953125,12225.0498046875,8
2026-09-16 14:25:00+05:30,12219.4501953125,12219.4501953125,12209.349609375,12215.0,47
2026-09-16 14:27:00+05:30,12220.0,12220.0,12220.0,12220.0,1
2026-09-16 14:28:00+05:30,12220.0,12220.2001953125,12220.0,12220.2001953125,2
2026-09-16 14:29:00+05:30,12227.349609375,12227.400390625,12220.0498046875,12225.0,16
2026-09-16 14:30:00+05:30,12220.0,12220.0,12220.0,12220.0,7
2026-09-16 14:31:00+05:30,12226.0,12226.0,12226.0,12226.0,1
2026-09-16 14:33:00+05:30,12222.5,12224.5498046875,12219.0,12220.099609375,38
2026-09-16 14:34:00+05:30,12215.0498046875,12220.0,12215.0498046875,12220.0,4
2026-09-16 14:35:00+05:30,12219.599609375,12219.599609375,12210.849609375,12210.849609375,8
2026-09-16 14:36:00+05:30,12219.400390625,12219.400390625,12219.400390625,12219.400390625,3
2026-09-16 14:37:00+05:30,12216.9501953125,12216.9501953125,12215.0,12215.0,11
2026-09-16 14:38:00+05:30,12217.4501953125,12217.4501953125,12215.0,12215.0,7
2026-09-16 14:39:00+05:30,12219.900390625,12219.900390625,12213.0,12217.0,10
2026-09-16 14:40:00+05:30,12220.0,12220.0,12219.849609375,12219.849609375,11
2026-09-16 14:41:00+05:30,12210.0498046875,12219.849609375,12210.0498046875,12219.849609375,18
2026-09-16 14:42:00+05:30,12215.9501953125,12216.0,12215.9501953125,12216.0,3
2026-09-16 14:43:00+05:30,12209.900390625,12210.0,12205.0,12210.0,43
2026-09-16 14:44:00+05:30,12210.0,12219.849609375,12209.900390625,12209.900390625,102
2026-09-16 14:45:00+05:30,12219.25,12219.25,12210.0,12210.0,3
2026-09-16 14:47:00+05:30,12210.0,12217.4501953125,12210.0,12217.4501953125,5
2026-09-16 14:48:00+05:30,12217.4501953125,12217.4501953125,12217.4501953125,12217.4501953125,1
2026-09-16 14:49:00+05:30,12216.650390625,12216.650390625,12216.650390625,12216.650390625,5
2026-09-16 14:50:00+05:30,12225.0,12225.0,12212.75,12219.0,41
2026-09-16 14:51:00+05:30,12220.0,12224.599609375,12220.0,12224.599609375,6
2026-09-16 14:52:00+05:30,12226.7998046875,12226.7998046875,12221.4501953125,12221.4501953125,2
2026-09-16 14:53:00+05:30,12223.150390625,12223.2998046875,12223.150390625,12223.2998046875,3
2026-09-16 14:54:00+05:30,12223.599609375,12223.599609375,12211.0,12211.0,66
2026-09-16 14:55:00+05:30,12217.650390625,12217.650390625,12210.0498046875,12210.0498046875,2
2026-09-16 14:56:00+05:30,12217.2998046875,12218.849609375,12217.2998046875,12218.849609375,2
2026-09-16 14:57:00+05:30,12200.0,12214.7998046875,12200.0,12209.349609375,193
2026-09-16 14:58:00+05:30,12190.0,12201.7998046875,12190.0,12200.0,134
2026-09-16 15:00:00+05:30,12187.0,12196.25,12186.349609375,12196.25,52
2026-09-16 15:01:00+05:30,12183.0,12194.400390625,12183.0,12194.400390625,63
2026-09-16 15:02:00+05:30,12180.5,12186.25,12174.0,12186.25,75
2026-09-16 15:03:00+05:30,12166.599609375,12182.5,12164.7998046875,12182.099609375,355
2026-09-16 15:04:00+05:30,12176.75,12177.650390625,12173.0,12175.4501953125,16
2026-09-16 15:05:00+05:30,12172.2001953125,12177.650390625,12165.849609375,12172.0,24
2026-09-16 15:06:00+05:30,12168.0,12168.0,12160.0498046875,12165.0,43
2026-09-16 15:07:00+05:30,12177.650390625,12177.650390625,12168.0,12168.0,62
2026-09-16 15:08:00+05:30,12171.900390625,12177.0,12171.900390625,12177.0,12
2026-09-16 15:09:00+05:30,12173.9501953125,12173.9501953125,12164.5,12170.0,130
2026-09-16 15:10:00+05:30,12177.0,12177.0,12168.0,12168.0,85
2026-09-16 15:11:00+05:30,12177.0,12177.0,12165.25,12165.25,24
2026-09-16 15:12:00+05:30,12183.0,12186.0498046875,12166.0498046875,12177.0,41
2026-09-16 15:13:00+05:30,12177.5,12193.0,12177.5,12192.5498046875,31
2026-09-16 15:14:00+05:30,12205.5498046875,12210.900390625,12173.599609375,12191.349609375,29
2026-09-16 15:29:00+05:30,12189.7998046875,12189.7998046875,12189.7998046875,12189.7998046875,117
2026-09-17 09:15:00+05:30,12183.150390625,12189.7998046875,12135.0,12166.7998046875,1157
2026-09-17 09:16:00+05:30,12159.0,12180.0,12145.0,12180.0,62
2026-09-17 09:17:00+05:30,12192.25,12193.4501953125,12155.150390625,12160.0,364
2026-09-17 09:18:00+05:30,12200.0,12200.0,12192.0,12192.25,13
2026-09-17 09:19:00+05:30,12194.0,12205.0498046875,12194.0,12205.0,46
2026-09-17 09:20:00+05:30,12200.0,12208.75,12190.0498046875,12197.849609375,109
2026-09-17 09:21:00+05:30,12201.150390625,12209.75,12200.0,12205.0,23
2026-09-17 09:22:00+05:30,12210.0,12210.0,12210.0,12210.0,10
2026-09-17 09:23:00+05:30,12231.7998046875,12231.7998046875,12211.400390625,12213.849609375,110
2026-09-17 09:24:00+05:30,12220.0,12230.0,12220.0,12225.0,35
2026-09-17 09:25:00+05:30,12222.400390625,12222.400390625,12213.75,12213.75,11
2026-09-17 09:26:00+05:30,12215.0,12220.0,12213.150390625,12220.0,9
2026-09-17 09:27:00+05:30,12215.0,12219.25,12215.0,12215.0,21
2026-09-17 09:28:00+05:30,12232.2998046875,12233.099609375,12220.0,12220.0,60
2026-09-17 09:29:00+05:30,12228.2001953125,12230.0,12220.0,12230.0,14
2026-09-17 09:30:00+05:30,12244.849609375,12244.849609375,12220.099609375,12220.099609375,78
2026-09-17 09:31:00+05:30,12242.5,12244.900390625,12237.099609375,12244.900390625,32
2026-09-17 09:32:00+05:30,12248.25,12257.150390625,12240.150390625,12240.150390625,63
2026-09-17 09:33:00+05:30,12251.849609375,12255.0,12250.0,12255.0,56
2026-09-17 09:34:00+05:30,12240.0,12249.0,12240.0,12249.0,6
2026-09-17 09:35:00+05:30,12250.0,12250.0,12236.0,12245.599609375,5
2026-09-17 09:36:00+05:30,12255.0,12255.0,12255.0,12255.0,3
2026-09-17 09:37:00+05:30,12260.0,12260.0,12255.150390625,12259.9501953125,14
2026-09-17 09:38:00+05:30,12244.150390625,12255.0,12244.150390625,12255.0,12
2026-09-17 09:39:00+05:30,12245.150390625,12250.0,12244.150390625,12244.150390625,23
2026-09-17 09:40:00+05:30,12258.349609375,12258.349609375,12250.0,12250.0,21
2026-09-17 09:41:00+05:30,12250.0,12250.0498046875,12250.0,12250.0498046875,2
2026-09-17 09:42:00+05:30,12230.0,12236.0,12230.0,12236.0,31
2026-09-17 09:43:00+05:30,12227.650390625,12233.0,12225.0,12225.0,21
2026-09-17 09:44:00+05:30,12235.0,12235.0,12226.7001953125,12235.0,30
2026-09-17 09:45:00+05:30,12237.599609375,12238.25,12235.0,12235.0,7
2026-09-17 09:46:00+05:30,12228.849609375,12235.0,12228.849609375,12235.0,3
2026-09-17 09:47:00+05:30,12237.9501953125,12240.5,12229.5,12235.0,133
2026-09-17 09:48:00+05:30,12232.150390625,12240.4501953125,12232.0498046875,12237.5,20
2026-09-17 09:49:00+05:30,12252.9501953125,12256.5498046875,12240.4501953125,12240.4501953125,167
2026-09-17 09:50:00+05:30,12250.75,12250.75,12244.0,12244.0,6
2026-09-17 09:51:00+05:30,12242.4501953125,12246.650390625,12239.75,12239.75,6
2026-09-17 09:52:00+05:30,12254.0,12254.0,12242.0,12252.5498046875,76
2026-09-17 09:53:00+05:30,12256.0,12256.0,12254.0,12254.0,7
2026-09-17 09:54:00+05:30,12259.25,12259.25,12251.5498046875,12251.5498046875,5
2026-09-17 09:55:00+05:30,12260.0,12260.0,12251.2998046875,12258.9501953125,15
2026-09-17 09:56:00+05:30,12253.650390625,12254.599609375,12243.75,12254.599609375,104
2026-09-17 09:57:00+05:30,12249.650390625,12249.650390625,12242.900390625,12249.0,14
2026-09-17 09:58:00+05:30,12249.849609375,12249.849609375,12249.650390625,12249.650390625,15
2026-09-17 09:59:00+05:30,12243.2998046875,12243.2998046875,12243.2998046875,12243.2998046875,1
2026-09-17 10:00:00+05:30,12244.099609375,12250.0,12244.099609375,12250.0,6
2026-09-17 10:01:00+05:30,12250.0,12250.0,12249.9501953125,12250.0,5
2026-09-17 10:02:00+05:30,12252.5,12254.9501953125,12232.5,12249.0,168
2026-09-17 10:03:00+05:30,12240.0,12255.0,12240.0,12255.0,14
2026-09-17 10:04:00+05:30,12241.0,12244.599609375,12239.9501953125,12239.9501953125,83
2026-09-17 10:05:00+05:30,12260.0,12260.0,12254.9501953125,12254.9501953125,107
2026-09-17 10:06:00+05:30,12255.0,12260.0,12255.0,12259.5498046875,22
2026-09-17 10:07:00+05:30,12251.0,12255.0,12251.0,12255.0,21
2026-09-17 10:08:00+05:30,12244.099609375,12260.0,12244.099609375,12250.0,145
2026-09-17 10:09:00+05:30,12242.599609375,12242.599609375,12232.150390625,12240.0,17
2026-09-17 10:10:00+05:30,12243.099609375,12248.150390625,12240.0,12240.0,31
2026-09-17 10:11:00+05:30,12255.0,12255.0,12250.0,12250.0,25
2026-09-17 10:12:00+05:30,12251.150390625,12255.0,12251.0498046875,12255.0,14
2026-09-17 10:13:00+05:30,12253.849609375,12253.849609375,12250.0,12250.0,8
2026-09-17 10:14:00+05:30,12253.75,12253.75,12253.75,12253.75,1
2026-09-17 10:15:00+05:30,12252.7001953125,12255.0,12242.4501953125,12242.4501953125,9
2026-09-17 10:16:00+05:30,12249.9501953125,12249.9501953125,12243.400390625,12249.0,4
2026-09-17 10:17:00+05:30,12250.5498046875,12250.5498046875,12250.5498046875,12250.5498046875,1
2026-09-17 10:18:00+05:30,12248.75,12248.75,12242.900390625,12242.900390625,6
2026-09-17 10:20:00+05:30,12252.7998046875,12252.7998046875,12248.0,12248.0,6
2026-09-17 10:21:00+05:30,12259.0,12259.0,12250.0,12250.0,5
2026-09-17 10:22:00+05:30,12252.7998046875,12252.7998046875,12252.7998046875,12252.7998046875,1
2026-09-17 10:23:00+05:30,12269.0,12269.0,12245.0498046875,12250.0,290
2026-09-17 10:24:00+05:30,12268.650390625,12278.0,12262.0498046875,12262.0498046875,14
2026-09-17 10:25:00+05:30,12268.650390625,12274.9501953125,12268.650390625,12274.9501953125,11
2026-09-17 10:26:00+05:30,12275.0,12275.0,12268.650390625,12268.650390625,24
2026-09-17 10:27:00+05:30,12278.0,12278.0,12276.0,12276.0,2
2026-09-17 10:28:00+05:30,12278.0,12278.0,12278.0,12278.0,2
2026-09-17 10:29:00+05:30,12289.9501953125,12289.9501953125,12277.0,12278.0,129
2026-09-17 10:30:00+05:30,12288.0,12288.0,12280.2001953125,12286.0,15
2026-09-17 10:31:00+05:30,12275.9501953125,12288.650390625,12274.900390625,12288.650390625,14
2026-09-17 10:32:00+05:30,12281.849609375,12281.849609375,12269.0498046875,12269.0498046875,11
2026-09-17 10:33:00+05:30,12277.5,12278.0,12277.5,12278.0,5
2026-09-17 10:34:00+05:30,12279.349609375,12281.5,12271.4501953125,12280.0,55
2026-09-17 10:35:00+05:30,12281.25,12281.25,12271.2001953125,12275.0,8
2026-09-17 10:36:00+05:30,12285.0,12285.0,12284.0,12284.0,21
2026-09-17 10:37:00+05:30,12276.9501953125,12289.9501953125,12276.9501953125,12288.650390625,25
2026-09-17 10:38:00+05:30,12279.349609375,12285.0,12277.099609375,12285.0,8
2026-09-17 10:39:00+05:30,12286.900390625,12286.9501953125,12279.5498046875,12286.9501953125,29
2026-09-17 10:40:00+05:30,12286.9501953125,12286.9501953125,12286.9501953125,12286.9501953125,13
2026-09-17 10:41:00+05:30,12289.5,12289.5,12282.099609375,12286.9501953125,33
2026-09-17 10:42:00+05:30,12283.0,12289.5,12283.0,12289.5,2
2026-09-17 10:43:00+05:30,12282.400390625,12288.7998046875,12282.400390625,12288.5498046875,24
2026-09-17 10:44:00+05:30,12289.9501953125,12289.9501953125,12280.849609375,12280.849609375,4
2026-09-17 10:45:00+05:30,12288.9501953125,12288.9501953125,12281.099609375,12288.9501953125,25
2026-09-17 10:46:00+05:30,12288.0,12288.9501953125,12288.0,12288.9501953125,15
2026-09-17 10:47:00+05:30,12292.900390625,12292.900390625,12288.9501953125,12288.9501953125,30
2026-09-17 10:48:00+05:30,12289.650390625,12292.849609375,12285.2998046875,12292.849609375,20
2026-09-17 10:49:00+05:30,12289.0,12289.0,12289.0,12289.0,1
2026-09-17 10:50:00+05:30,12292.4501953125,12292.5,12284.2001953125,12289.0,14
2026-09-17 10:51:00+05:30,12294.0,12294.0,12290.0,12290.0,12
2026-09-17 10:52:00+05:30,12297.599609375,12297.599609375,12297.599609375,12297.599609375,10
2026-09-17 10:53:00+05:30,12298.0,12298.0,12298.0,12298.0,87
2026-09-17 10:54:00+05:30,12295.0,12300.0,12295.0,12299.0,128
2026-09-17 10:55:00+05:30,12283.650390625,12295.0,12283.650390625,12295.0,129
2026-09-17 10:56:00+05:30,12298.9501953125,12299.0,12290.0,12290.0,45
2026-09-17 10:57:00+05:30,12305.0,12305.0,12299.0,12299.0,66
2026-09-17 10:58:00+05:30,12304.25,12304.650390625,12300.0,12300.0498046875,13
2026-09-17 10:59:00+05:30,12293.349609375,12295.0,12293.349609375,12295.0,12
2026-09-17 11:00:00+05:30,12294.599609375,12294.599609375,12294.2001953125,12294.2001953125,3
2026-09-17 11:01:00+05:30,12294.599609375,12294.7001953125,12294.599609375,12294.7001953125,3
2026-09-17 11:02:00+05:30,12294.7001953125,12294.7001953125,12289.0,12290.0,11
2026-09-17 11:03:00+05:30,12286.0,12294.7998046875,12286.0,12292.349609375,35
2026-09-17 11:04:00+05:30,12280.0,12295.0,12270.349609375,12295.0,98
2026-09-17 11:05:00+05:30,12273.2998046875,12287.2001953125,12273.2998046875,12283.7001953125,81
2026-09-17 11:06:00+05:30,12262.0498046875,12270.0,12262.0498046875,12270.0,14
2026-09-17 11:07:00+05:30,12260.0,12269.5,12255.400390625,12269.5,71
2026-09-17 11:08:00+05:30,12257.349609375,12268.099609375,12254.900390625,12260.0,165
2026-09-17 11:10:00+05:30,12260.0,12266.5,12260.0,12266.5,6
2026-09-17 11:11:00+05:30,12257.349609375,12268.4501953125,12257.349609375,12263.9501953125,15
2026-09-17 11:12:00+05:30,12258.0,12260.0,12258.0,12260.0,11
2026-09-17 11:14:00+05:30,12264.599609375,12264.599609375,12264.599609375,12264.599609375,8
2026-09-17 11:15:00+05:30,12262.0498046875,12268.75,12262.0498046875,12268.75,4
2026-09-17 11:16:00+05:30,12270.0,12270.0,12262.0,12262.0,3
2026-09-17 11:17:00+05:30,12278.400390625,12278.400390625,12270.0,12270.0,82
2026-09-17 11:18:00+05:30,12278.849609375,12278.849609375,12278.849609375,12278.849609375,2
2026-09-17 11:19:00+05:30,12282.75,12286.0,12282.75,12285.9501953125,6
2026-09-17 11:20:00+05:30,12288.0,12289.25,12287.150390625,12287.150390625,10
2026-09-17 11:21:00+05:30,12292.25,12292.25,12285.0,12288.0,16
2026-09-17 11:22:00+05:30,12299.0,12299.0,12293.7998046875,12293.7998046875,77
2026-09-17 11:23:00+05:30,12300.2001953125,12304.0,12300.0498046875,12300.0498046875,22
2026-09-17 11:24:00+05:30,12302.5,12302.5,12300.2001953125,12300.2001953125,27
2026-09-17 11:25:00+05:30,12303.0,12304.0,12303.0,12304.0,2
2026-09-17 11:26:00+05:30,12304.0,12304.0,12304.0,12304.0,10
2026-09-17 11:27:00+05:30,12300.0,12305.0,12300.0,12305.0,26
2026-09-17 11:28:00+05:30,12301.9501953125,12301.9501953125,12301.9501953125,12301.9501953125,2
2026-09-17 11:29:00+05:30,12302.0,12302.0,12297.0,12300.0,14
2026-09-17 11:30:00+05:30,12300.0,12301.2001953125,12292.0,12297.0,231
2026-09-17 11:31:00+05:30,12293.400390625,12300.900390625,12289.7998046875,12300.0,94
2026-09-17 11:32:00+05:30,12325.0,12325.0,12292.5498046875,12292.5498046875,343
2026-09-17 11:33:00+05:30,12331.75,12331.75,12327.0,12330.0,23
2026-09-17 11:34:00+05:30,12329.9501953125,12329.9501953125,12322.7001953125,12322.7001953125,41
2026-09-17 11:35:00+05:30,12317.900390625,12323.5,12317.900390625,12323.5,48
2026-09-17 11:36:00+05:30,12320.0,12320.0,12319.0,12319.0,16
2026-09-17 11:37:00+05:30,12320.0,12320.0,12320.0,12320.0,22
2026-09-17 11:38:00+05:30,12317.0,12321.849609375,12313.4501953125,12316.5498046875,25
2026-09-17 11:39:00+05:30,12324.9501953125,12325.0,12317.0,12321.0,24
2026-09-17 11:40:00+05:30,12325.0,12325.0,12319.2998046875,12325.0,14
2026-09-17 11:41:00+05:30,12323.7001953125,12324.9501953125,12319.2998046875,12324.9501953125,19
2026-09-17 11:42:00+05:30,12325.0,12325.0,12320.0,12324.0,111
2026-09-17 11:43:00+05:30,12325.0,12325.0,12325.0,12325.0,11
2026-09-17 11:44:00+05:30,12320.900390625,12325.0,12320.900390625,12325.0,34
2026-09-17 11:45:00+05:30,12330.849609375,12330.849609375,12320.400390625,12325.0,36
2026-09-17 11:46:00+05:30,12317.0,12331.75,12317.0,12331.75,38
2026-09-17 11:47:00+05:30,12324.849609375,12324.849609375,12311.75,12311.75,3
2026-09-17 11:48:00+05:30,12316.849609375,12316.849609375,12316.849609375,12316.849609375,1
2026-09-17 11:50:00+05:30,12326.0,12329.9501953125,12326.0,12329.9501953125,2
2026-09-17 11:51:00+05:30,12322.349609375,12330.0,12322.349609375,12326.0,20
2026-09-17 11:52:00+05:30,12330.0,12330.0,12330.0,12330.0,4
2026-09-17 11:53:00+05:30,12358.0,12358.0,12323.0,12336.2001953125,112
2026-09-17 11:54:00+05:30,12338.25,12360.0,12338.25,12360.0,41
2026-09-17 11:55:00+05:30,12360.0,12360.0,12350.0,12350.0,36
2026-09-17 11:56:00+05:30,12355.0,12361.5498046875,12355.0,12361.5498046875,6
2026-09-17 11:57:00+05:30,12368.0,12370.900390625,12362.0,12362.0,11
2026-09-17 11:58:00+05:30,12368.0,12368.0,12363.0,12363.0,11
2026-09-17 11:59:00+05:30,12365.0,12365.0,12363.0,12363.0,19
2026-09-17 12:00:00+05:30,12369.900390625,12370.0,12362.5498046875,12367.900390625,19
2026-09-17 12:01:00+05:30,12360.0,12365.0,12360.0,12365.0,5
2026-09-17 12:02:00+05:30,12360.0,12360.25,12360.0,12360.25,10
2026-09-17 12:03:00+05:30,12363.0,12363.0,12362.0,12362.0,4
2026-09-17 12:04:00+05:30,12359.75,12360.5,12359.75,12360.5,12
2026-09-17 12:05:00+05:30,12357.75,12367.0498046875,12357.75,12367.0498046875,13
2026-09-17 12:06:00+05:30,12368.9501953125,12368.9501953125,12364.0,12364.0,35
2026-09-17 12:07:00+05:30,12377.900390625,12378.0,12367.099609375,12370.0,159
2026-09-17 12:08:00+05:30,12380.0,12380.0,12368.25,12368.25,5
2026-09-17 12:09:00+05:30,12370.2998046875,12370.2998046875,12370.2998046875,12370.2998046875,1
2026-09-17 12:10:00+05:30,12376.0,12376.9501953125,12370.2998046875,12370.2998046875,13
2026-09-17 12:11:00+05:30,12375.0,12379.5,12375.0,12376.099609375,59
2026-09-17 12:12:00+05:30,12375.0,12375.0,12375.0,12375.0,3
2026-09-17 12:13:00+05:30,12379.0,12380.0,12370.0,12370.0,47
2026-09-17 12:14:00+05:30,12381.599609375,12385.0,12379.349609375,12380.0,5
2026-09-17 12:15:00+05:30,12382.75,12390.0,12380.7998046875,12381.599609375,22
2026-09-17 12:16:00+05:30,12388.0,12390.75,12381.650390625,12382.75,42
2026-09-17 12:17:00+05:30,12387.0,12387.0,12380.7001953125,12386.900390625,7
2026-09-17 12:19:00+05:30,12380.0,12380.0,12380.0,12380.0,3
2026-09-17 12:20:00+05:30,12380.0,12380.0,12380.0,12380.0,25
2026-09-17 12:21:00+05:30,12382.5,12382.5,12382.0,12382.0,3
2026-09-17 12:22:00+05:30,12382.5,12384.0,12380.0,12382.5,86
2026-09-17 12:23:00+05:30,12397.0,12397.9501953125,12387.0,12387.0,60
2026-09-17 12:24:00+05:30,12393.400390625,12400.0,12390.0,12397.0,137
2026-09-17 12:25:00+05:30,12405.0,12405.0,12400.0,12401.0,17
2026-09-17 12:26:00+05:30,12404.0,12407.0,12404.0,12407.0,2
2026-09-17 12:27:00+05:30,12405.0,12405.0,12404.0,12404.0,5
2026-09-17 12:28:00+05:30,12400.0,12401.0,12400.0,12401.0,15
2026-09-17 12:29:00+05:30,12395.0,12402.7998046875,12395.0,12402.7998046875,15
2026-09-17 12:30:00+05:30,12403.0,12403.0,12395.0,12395.0,16
2026-09-17 12:31:00+05:30,12400.0,12401.9501953125,12395.0,12396.5,62
2026-09-17 12:34:00+05:30,12401.0,12402.5,12390.25,12395.4501953125,209
2026-09-17 12:35:00+05:30,12379.599609375,12400.0,12379.599609375,12400.0,252
2026-09-17 12:36:00+05:30,12372.400390625,12382.2998046875,12372.400390625,12380.2998046875,17
2026-09-17 12:37:00+05:30,12382.25,12382.4501953125,12373.5,12373.5,24
2026-09-17 12:38:00+05:30,12384.0,12384.0,12377.0,12382.2998046875,15
2026-09-17 12:39:00+05:30,12381.349609375,12382.2998046875,12376.0,12380.0,89
2026-09-17 12:40:00+05:30,12370.0498046875,12372.400390625,12367.25,12372.400390625,30
2026-09-17 12:41:00+05:30,12371.0,12375.150390625,12367.7001953125,12367.7001953125,90
2026-09-17 12:42:00+05:30,12378.599609375,12378.599609375,12371.0,12371.0,10
2026-09-17 12:43:00+05:30,12371.0,12375.0,12371.0,12375.0,17
2026-09-17 12:44:00+05:30,12370.0,12370.0,12365.400390625,12370.0,20
2026-09-17 12:45:00+05:30,12365.0498046875,12374.9501953125,12365.0498046875,12374.9501953125,7
2026-09-17 12:46:00+05:30,12369.650390625,12373.599609375,12363.900390625,12373.599609375,56
2026-09-17 12:47:00+05:30,12370.0,12370.0,12369.7001953125,12369.7001953125,4
2026-09-17 12:48:00+05:30,12368.849609375,12368.849609375,12368.849609375,12368.849609375,4
2026-09-17 12:49:00+05:30,12368.0,12368.0,12367.650390625,12367.650390625,13
2026-09-17 12:50:00+05:30,12370.0,12375.0,12370.0,12375.0,15
2026-09-17 12:51:00+05:30,12369.0,12369.0,12369.0,12369.0,2
2026-09-17 12:52:00+05:30,12371.5498046875,12375.0,12371.5498046875,12372.0,13
2026-09-17 12:53:00+05:30,12375.0,12375.0,12375.0,12375.0,2
2026-09-17 12:54:00+05:30,12370.0,12376.75,12370.0,12376.75,11
2026-09-17 12:56:00+05:30,12367.599609375,12367.599609375,12367.599609375,12367.599609375,9
2026-09-17 12:58:00+05:30,12373.9501953125,12373.9501953125,12367.25,12367.25,7
2026-09-17 13:00:00+05:30,12373.099609375,12373.099609375,12366.400390625,12366.400390625,7
2026-09-17 13:01:00+05:30,12374.9501953125,12374.9501953125,12374.9501953125,12374.9501953125,5
2026-09-17 13:02:00+05:30,12369.099609375,12370.0,12369.099609375,12370.0,5
2026-09-17 13:03:00+05:30,12369.4501953125,12369.4501953125,12369.4501953125,12369.4501953125,5
2026-09-17 13:04:00+05:30,12353.400390625,12368.849609375,12353.400390625,12363.0498046875,51
2026-09-17 13:05:00+05:30,12362.5,12362.5498046875,12353.349609375,12353.349609375,7
2026-09-17 13:06:00+05:30,12355.0498046875,12355.0498046875,12355.0498046875,12355.0498046875,68
2026-09-17 13:07:00+05:30,12357.0,12357.0,12357.0,12357.0,12
2026-09-17 13:08:00+05:30,12348.75,12359.849609375,12348.75,12359.849609375,101
2026-09-17 13:09:00+05:30,12359.9501953125,12359.9501953125,12359.9501953125,12359.9501953125,4
2026-09-17 13:10:00+05:30,12362.0,12362.0,12362.0,12362.0,12
2026-09-17 13:11:00+05:30,12355.0,12355.0,12355.0,12355.0,7
2026-09-17 13:12:00+05:30,12359.9501953125,12359.9501953125,12352.75,12359.0,15
2026-09-17 13:13:00+05:30,12359.9501953125,12360.0,12354.0,12360.0,17
2026-09-17 13:14:00+05:30,12350.0,12354.0,12348.349609375,12354.0,111
2026-09-17 13:15:00+05:30,12356.900390625,12357.400390625,12356.900390625,12357.400390625,6
2026-09-17 13:16:00+05:30,12359.0,12359.0,12348.25,12348.25,12
2026-09-17 13:17:00+05:30,12357.75,12357.75,12357.75,12357.75,2
2026-09-17 13:19:00+05:30,12355.5498046875,12355.5498046875,12355.5498046875,12355.5498046875,6
2026-09-17 13:20:00+05:30,12347.25,12347.25,12342.0,12347.2001953125,31
2026-09-17 13:22:00+05:30,12348.5,12355.5,12348.5,12354.849609375,8
2026-09-17 13:23:00+05:30,12352.5,12352.5,12352.5,12352.5,2
2026-09-17 13:24:00+05:30,12352.0,12352.0,12351.9501953125,12351.9501953125,6
2026-09-17 13:25:00+05:30,12344.0,12350.849609375,12344.0,12350.849609375,7
2026-09-17 13:26:00+05:30,12335.0,12344.75,12335.0,12338.0,14
2026-09-17 13:27:00+05:30,12325.7998046875,12333.0,12325.0,12333.0,9
2026-09-17 13:28:00+05:30,12317.4501953125,12317.4501953125,12317.4501953125,12317.4501953125,69
2026-09-17 13:29:00+05:30,12325.0,12331.5498046875,12318.5,12331.5498046875,30
2026-09-17 13:30:00+05:30,12325.0,12325.0,12318.0,12318.0,7
2026-09-17 13:31:00+05:30,12325.0,12325.0,12325.0,12325.0,29
2026-09-17 13:32:00+05:30,12322.650390625,12332.5,12322.650390625,12325.0,43
2026-09-17 13:33:00+05:30,12329.9501953125,12329.9501953125,12322.7001953125,12327.0,13
2026-09-17 13:34:00+05:30,12322.849609375,12329.900390625,12322.849609375,12329.900390625,9
2026-09-17 13:35:00+05:30,12326.099609375,12326.099609375,12318.2001953125,12320.0,13
2026-09-17 13:36:00+05:30,12327.4501953125,12327.4501953125,12327.4501953125,12327.4501953125,3
2026-09-17 13:37:00+05:30,12329.9501953125,12329.9501953125,12329.650390625,12329.650390625,76
2026-09-17 13:38:00+05:30,12325.0,12325.0,12325.0,12325.0,10
2026-09-17 13:39:00+05:30,12327.0,12331.75,12327.0,12331.400390625,22
2026-09-17 13:40:00+05:30,12337.150390625,12337.150390625,12333.900390625,12333.900390625,8
2026-09-17 13:41:00+05:30,12337.0,12337.0,12337.0,12337.0,1
2026-09-17 13:42:00+05:30,12333.849609375,12339.400390625,12333.849609375,12339.400390625,4
2026-09-17 13:43:00+05:30,12332.0498046875,12332.0498046875,12332.0498046875,12332.0498046875,1
2026-09-17 13:44:00+05:30,12341.5,12341.5,12341.5,12341.5,72
2026-09-17 13:45:00+05:30,12330.650390625,12339.599609375,12330.650390625,12339.599609375,2
2026-09-17 13:46:00+05:30,12340.0,12343.0,12340.0,12341.599609375,26
2026-09-17 13:47:00+05:30,12343.7998046875,12346.900390625,12343.7998046875,12346.900390625,22
2026-09-17 13:48:00+05:30,12345.0,12348.0,12343.5,12343.5,14
2026-09-17 13:49:00+05:30,12350.0,12350.0,12349.25,12349.25,14
2026-09-17 13:50:00+05:30,12343.0,12343.0,12343.0,12343.0,50
2026-09-17 13:51:00+05:30,12344.7998046875,12344.7998046875,12344.7998046875,12344.7998046875,5
2026-09-17 13:53:00+05:30,12350.0,12350.0,12348.849609375,12348.9501953125,53
2026-09-17 13:54:00+05:30,12355.0,12355.0,12350.0,12350.0,8
2026-09-17 13:55:00+05:30,12359.0,12359.0,12351.849609375,12351.849609375,15
2026-09-17 13:56:00+05:30,12362.349609375,12362.349609375,12359.0,12359.0,12
2026-09-17 13:57:00+05:30,12361.099609375,12361.150390625,12361.099609375,12361.150390625,2
2026-09-17 13:58:00+05:30,12362.400390625,12362.400390625,12355.7001953125,12355.7001953125,12
2026-09-17 13:59:00+05:30,12361.5,12361.5,12361.5,12361.5,1
2026-09-17 14:00:00+05:30,12355.0,12355.0,12355.0,12355.0,1
2026-09-17 14:01:00+05:30,12361.150390625,12361.150390625,12361.150390625,12361.150390625,10
2026-09-17 14:03:00+05:30,12358.0,12358.0,12358.0,12358.0,1
2026-09-17 14:04:00+05:30,12360.0,12360.0,12355.0498046875,12355.7001953125,7
2026-09-17 14:05:00+05:30,12360.0,12360.0,12360.0,12360.0,2
2026-09-17 14:06:00+05:30,12355.0,12355.0,12355.0,12355.0,5
2026-09-17 14:07:00+05:30,12363.0,12363.0,12351.0498046875,12355.0,25
2026-09-17 14:08:00+05:30,12357.2998046875,12357.2998046875,12357.2998046875,12357.2998046875,2
2026-09-17 14:09:00+05:30,12364.349609375,12364.349609375,12364.349609375,12364.349609375,3
2026-09-17 14:10:00+05:30,12365.0,12365.0,12365.0,12365.0,6
2026-09-17 14:12:00+05:30,12358.9501953125,12359.4501953125,12357.75,12359.4501953125,7
2026-09-17 14:13:00+05:30,12359.4501953125,12359.4501953125,12350.849609375,12350.849609375,9
2026-09-17 14:14:00+05:30,12359.9501953125,12359.9501953125,12351.2998046875,12351.2998046875,4
2026-09-17 14:16:00+05:30,12350.0498046875,12355.0,12350.0498046875,12355.0,2
2026-09-17 14:17:00+05:30,12358.5498046875,12358.5498046875,12358.5498046875,12358.5498046875,1
2026-09-17 14:18:00+05:30,12360.0,12360.0,12360.0,12360.0,5
2026-09-17 14:19:00+05:30,12363.25,12370.0,12363.25,12370.0,5
2026-09-17 14:21:00+05:30,12369.4501953125,12369.4501953125,12369.4501953125,12369.4501953125,1
2026-09-17 14:22:00+05:30,12375.0,12375.0,12375.0,12375.0,3
2026-09-17 14:23:00+05:30,12373.7998046875,12373.7998046875,12366.5,12366.5,4
2026-09-17 14:24:00+05:30,12373.5,12373.7001953125,12365.25,12373.7001953125,12
2026-09-17 14:26:00+05:30,12365.0,12365.0,12365.0,12365.0,1
2026-09-17 14:27:00+05:30,12364.9501953125,12364.9501953125,12360.0498046875,12360.0498046875,4
2026-09-17 14:28:00+05:30,12363.5498046875,12363.5498046875,12360.0,12360.0,12
2026-09-17 14:29:00+05:30,12365.0,12365.0,12360.0,12360.0,14
2026-09-17 14:30:00+05:30,12359.75,12359.75,12359.75,12359.75,17
2026-09-17 14:31:00+05:30,12364.4501953125,12373.400390625,12364.400390625,12370.0,6
2026-09-17 14:32:00+05:30,12370.7001953125,12371.0,12364.4501953125,12371.0,4
2026-09-17 14:33:00+05:30,12363.75,12370.9501953125,12363.75,12370.9501953125,9
2026-09-17 14:34:00+05:30,12367.9501953125,12367.9501953125,12367.9501953125,12367.9501953125,5
2026-09-17 14:35:00+05:30,12369.75,12369.75,12369.75,12369.75,2
2026-09-17 14:36:00+05:30,12373.0,12375.0,12368.9501953125,12375.0,20
2026-09-17 14:37:00+05:30,12384.0,12384.0,12378.4501953125,12378.4501953125,127
2026-09-17 14:38:00+05:30,12387.25,12387.25,12385.0,12385.0,7
2026-09-17 14:39:00+05:30,12387.25,12387.25,12387.25,12387.25,5
2026-09-17 14:40:00+05:30,12382.400390625,12390.9501953125,12382.0,12383.900390625,29
2026-09-17 14:41:00+05:30,12392.0,12392.349609375,12382.400390625,12382.400390625,271
2026-09-17 14:42:00+05:30,12386.5,12391.7001953125,12386.5,12391.7001953125,42
2026-09-17 14:43:00+05:30,12386.5,12390.0,12386.5,12388.900390625,40
2026-09-17 14:44:00+05:30,12386.650390625,12395.0,12382.5,12390.0,170
2026-09-17 14:45:00+05:30,12391.099609375,12393.2001953125,12385.7998046875,12386.599609375,7
2026-09-17 14:46:00+05:30,12388.2001953125,12395.0,12388.099609375,12393.0498046875,10
2026-09-17 14:47:00+05:30,12397.0,12397.0,12394.0,12394.0,16
2026-09-17 14:48:00+05:30,12389.9501953125,12397.0,12389.9501953125,12391.75,29
2026-09-17 14:49:00+05:30,12401.5498046875,12402.0,12397.0,12397.0,144
2026-09-17 14:50:00+05:30,12402.0,12402.0,12396.75,12396.75,52
2026-09-17 14:51:00+05:30,12400.0,12401.9501953125,12397.7001953125,12401.900390625,20
2026-09-17 14:52:00+05:30,12390.4501953125,12390.4501953125,12390.4501953125,12390.4501953125,2
2026-09-17 14:53:00+05:30,12397.7001953125,12401.75,12390.5,12401.75,30
2026-09-17 14:54:00+05:30,12390.5,12390.5,12390.5,12390.5,3
2026-09-17 14:55:00+05:30,12390.0,12390.5,12390.0,12390.5,38
2026-09-17 14:56:00+05:30,12382.400390625,12382.400390625,12382.400390625,12382.400390625,20
2026-09-17 14:57:00+05:30,12385.0,12389.9501953125,12382.75,12382.75,18
2026-09-17 14:58:00+05:30,12380.0498046875,12380.0498046875,12380.0,12380.0,16
2026-09-17 14:59:00+05:30,12384.75,12388.25,12378.5498046875,12388.25,8
2026-09-17 15:00:00+05:30,12371.349609375,12380.0,12371.25,12376.0,55
2026-09-17 15:01:00+05:30,12371.2998046875,12379.599609375,12365.0,12379.5498046875,23
2026-09-17 15:02:00+05:30,12373.4501953125,12379.349609375,12360.0,12360.0,13
2026-09-17 15:03:00+05:30,12372.25,12372.900390625,12363.9501953125,12372.900390625,334
2026-09-17 15:04:00+05:30,12380.0,12380.0,12372.2001953125,12372.2001953125,145
2026-09-17 15:05:00+05:30,12367.7998046875,12380.0,12367.7998046875,12380.0,51
2026-09-17 15:06:00+05:30,12380.0,12380.0,12366.599609375,12380.0,88
2026-09-17 15:07:00+05:30,12371.599609375,12380.0,12371.599609375,12380.0,34
2026-09-17 15:08:00+05:30,12379.900390625,12380.0,12379.900390625,12380.0,9
2026-09-17 15:09:00+05:30,12376.599609375,12380.0,12370.0,12379.75,73
2026-09-17 15:10:00+05:30,12375.0498046875,12380.0,12375.0498046875,12380.0,21
2026-09-17 15:11:00+05:30,12362.0,12380.0,12362.0,12380.0,41
2026-09-17 15:12:00+05:30,12371.25,12371.25,12350.0,12362.0,79
2026-09-17 15:13:00+05:30,12389.849609375,12389.849609375,12360.400390625,12360.400390625,55
2026-09-17 15:14:00+05:30,12384.0,12389.849609375,12380.0,12389.849609375,8
2026-09-17 15:28:00+05:30,12389.9501953125,12389.9501953125,12389.9501953125,12389.9501953125,680
2026-09-18 09:15:00+05:30,12412.0,12422.0,12374.7001953125,12380.9501953125,110
2026-09-18 09:16:00+05:30,12422.4501953125,12432.150390625,12384.099609375,12432.150390625,150
2026-09-18 09:17:00+05:30,12430.0,12456.150390625,12422.0498046875,12424.0,97
2026-09-18 09:18:00+05:30,12388.5498046875,12430.0,12388.5498046875,12430.0,106
2026-09-18 09:19:00+05:30,12400.0,12400.0,12380.0,12397.4501953125,307
2026-09-18 09:20:00+05:30,12391.349609375,12400.0,12391.349609375,12400.0,3
2026-09-18 09:21:00+05:30,12405.0,12405.0,12393.349609375,12393.349609375,6
2026-09-18 09:22:00+05:30,12403.849609375,12414.9501953125,12403.849609375,12410.0,7
2026-09-18 09:23:00+05:30,12404.0,12414.150390625,12404.0,12406.0,31
2026-09-18 09:24:00+05:30,12404.150390625,12420.0,12404.150390625,12415.0,105
2026-09-18 09:25:00+05:30,12380.0,12400.0,12380.0,12398.0,379
2026-09-18 09:26:00+05:30,12371.0,12387.650390625,12369.0,12378.0,138
2026-09-18 09:27:00+05:30,12369.5,12369.5,12357.0498046875,12367.2001953125,23
2026-09-18 09:28:00+05:30,12368.0,12368.0498046875,12357.400390625,12357.400390625,36
2026-09-18 09:29:00+05:30,12365.2998046875,12367.0,12363.0,12363.0,175
2026-09-18 09:30:00+05:30,12345.9501953125,12366.0,12341.349609375,12357.0498046875,94
2026-09-18 09:31:00+05:30,12348.5,12359.75,12346.7001953125,12359.75,19
2026-09-18 09:32:00+05:30,12361.400390625,12361.400390625,12361.400390625,12361.400390625,25
2026-09-18 09:33:00+05:30,12361.0,12369.599609375,12361.0,12369.599609375,13
2026-09-18 09:34:00+05:30,12355.0498046875,12360.0,12355.0498046875,12360.0,4
2026-09-18 09:35:00+05:30,12353.9501953125,12355.0498046875,12347.0,12355.0498046875,95
2026-09-18 09:36:00+05:30,12360.0,12362.0,12360.0,12360.0,7
2026-09-18 09:37:00+05:30,12348.099609375,12364.0,12348.099609375,12363.9501953125,110
2026-09-18 09:39:00+05:30,12360.0,12360.9501953125,12360.0,12360.9501953125,3
2026-09-18 09:40:00+05:30,12365.0,12366.900390625,12364.400390625,12364.400390625,100
2026-09-18 09:41:00+05:30,12360.0,12365.75,12360.0,12365.75,9
2026-09-18 09:42:00+05:30,12375.0,12375.0,12361.0498046875,12367.75,29
2026-09-18 09:43:00+05:30,12369.5,12373.349609375,12366.0,12373.2001953125,16
2026-09-18 09:45:00+05:30,12360.0,12375.0,12360.0,12369.0,118
2026-09-18 09:46:00+05:30,12361.2998046875,12361.2998046875,12361.2998046875,12361.2998046875,2
2026-09-18 09:47:00+05:30,12360.7001953125,12370.9501953125,12360.7001953125,12370.9501953125,2
2026-09-18 09:48:00+05:30,12371.849609375,12372.0,12364.2001953125,12369.650390625,15
2026-09-18 09:49:00+05:30,12371.849609375,12372.0,12371.849609375,12372.0,62
2026-09-18 09:50:00+05:30,12353.0,12363.9501953125,12353.0,12363.9501953125,24
2026-09-18 09:51:00+05:30,12345.0,12350.0,12345.0,12350.0,29
2026-09-18 09:52:00+05:30,12380.0,12380.0,12360.0,12360.0,147
2026-09-18 09:53:00+05:30,12387.099609375,12390.0498046875,12380.0,12389.099609375,13
2026-09-18 09:54:00+05:30,12387.099609375,12390.0,12387.099609375,12390.0,6
2026-09-18 09:55:00+05:30,12386.849609375,12398.349609375,12385.0,12385.0,120
2026-09-18 09:56:00+05:30,12394.2001953125,12396.9501953125,12385.650390625,12389.0,143
2026-09-18 09:57:00+05:30,12389.9501953125,12394.0,12389.9501953125,12394.0,11
2026-09-18 09:59:00+05:30,12383.400390625,12387.0,12383.349609375,12387.0,8
2026-09-18 10:00:00+05:30,12376.599609375,12395.0,12376.599609375,12389.0,180
2026-09-18 10:01:00+05:30,12379.400390625,12379.400390625,12379.400390625,12379.400390625,8
2026-09-18 10:02:00+05:30,12384.150390625,12389.400390625,12380.0,12389.400390625,10
2026-09-18 10:03:00+05:30,12370.849609375,12370.849609375,12370.0,12370.0,8
2026-09-18 10:04:00+05:30,12363.5,12363.5,12362.4501953125,12362.4501953125,36
2026-09-18 10:05:00+05:30,12360.150390625,12360.150390625,12359.9501953125,12359.9501953125,4
2026-09-18 10:06:00+05:30,12354.599609375,12358.9501953125,12349.4501953125,12358.9501953125,38
2026-09-18 10:07:00+05:30,12353.2001953125,12353.2001953125,12339.0,12345.0,124
2026-09-18 10:08:00+05:30,12350.0,12354.150390625,12346.0,12352.2001953125,58
2026-09-18 10:09:00+05:30,12341.5,12350.0,12341.5,12350.0,11
2026-09-18 10:10:00+05:30,12345.4501953125,12345.75,12345.4501953125,12345.75,19
2026-09-18 10:11:00+05:30,12357.9501953125,12357.9501953125,12347.75,12347.75,5
2026-09-18 10:13:00+05:30,12335.0,12340.0,12335.0,12340.0,190
2026-09-18 10:14:00+05:30,12338.0,12338.0,12337.0,12337.0,28
2026-09-18 10:15:00+05:30,12334.0,12337.849609375,12330.0,12330.0,20
2026-09-18 10:16:00+05:30,12336.099609375,12337.849609375,12336.099609375,12337.849609375,24
2026-09-18 10:17:00+05:30,12316.75,12335.9501953125,12316.75,12330.0,331
2026-09-18 10:18:00+05:30,12300.0,12325.0,12300.0,12324.2998046875,154
2026-09-18 10:19:00+05:30,12300.0,12305.7998046875,12300.0,12300.0,13
2026-09-18 10:20:00+05:30,12324.25,12324.349609375,12305.0,12305.0,15
2026-09-18 10:21:00+05:30,12300.0,12310.0,12300.0,12310.0,43
2026-09-18 10:22:00+05:30,12300.0,12307.099609375,12298.0,12307.099609375,79
2026-09-18 10:23:00+05:30,12297.9501953125,12303.900390625,12297.9501953125,12303.900390625,13
2026-09-18 10:24:00+05:30,12241.0,12300.0,12240.0,12300.0,792
2026-09-18 10:25:00+05:30,12277.4501953125,12277.4501953125,12244.0,12244.0,112
2026-09-18 10:26:00+05:30,12269.0,12272.5,12269.0,12270.2001953125,41
2026-09-18 10:27:00+05:30,12262.2001953125,12271.0498046875,12262.2001953125,12269.0,20
2026-09-18 10:28:00+05:30,12277.25,12277.25,12272.099609375,12272.099609375,57
2026-09-18 10:29:00+05:30,12280.0,12288.599609375,12275.2001953125,12275.2001953125,29
2026-09-18 10:30:00+05:30,12281.599609375,12281.599609375,12280.0,12280.0,4
2026-09-18 10:31:00+05:30,12280.0,12280.0,12275.349609375,12275.349609375,24
2026-09-18 10:32:00+05:30,12277.150390625,12279.599609375,12275.0,12279.599609375,17
2026-09-18 10:33:00+05:30,12262.349609375,12266.7998046875,12262.349609375,12266.7998046875,17
2026-09-18 10:34:00+05:30,12269.9501953125,12269.9501953125,12269.9501953125,12269.9501953125,3
2026-09-18 10:35:00+05:30,12267.0,12270.0,12267.0,12267.0,34
2026-09-18 10:36:00+05:30,12262.9501953125,12266.0,12260.0,12266.0,21
2026-09-18 10:37:00+05:30,12253.849609375,12253.849609375,12253.849609375,12253.849609375,2
2026-09-18 10:38:00+05:30,12253.099609375,12265.0,12253.099609375,12257.0498046875,164
2026-09-18 10:39:00+05:30,12253.0,12260.0,12250.900390625,12250.900390625,6
2026-09-18 10:40:00+05:30,12253.0,12253.0,12250.0,12250.0,66
2026-09-18 10:41:00+05:30,12260.0,12260.0,12255.0,12255.0,10
2026-09-18 10:42:00+05:30,12260.0,12267.849609375,12260.0,12267.849609375,6
2026-09-18 10:43:00+05:30,12265.0,12265.0498046875,12265.0,12265.0498046875,4
2026-09-18 10:44:00+05:30,12269.900390625,12269.900390625,12265.0,12265.0,13
2026-09-18 10:45:00+05:30,12271.25,12272.4501953125,12265.0,12272.4501953125,29
2026-09-18 10:46:00+05:30,12266.0,12272.650390625,12260.0,12271.0,33
2026-09-18 10:47:00+05:30,12258.2001953125,12266.0,12250.0,12266.0,35
2026-09-18 10:48:00+05:30,12255.0,12257.5,12255.0,12257.5,4
2026-09-18 10:49:00+05:30,12250.25,12250.25,12250.25,12250.25,1
2026-09-18 10:50:00+05:30,12257.400390625,12257.400390625,12250.2998046875,12257.400390625,18
2026-09-18 10:51:00+05:30,12256.849609375,12256.849609375,12256.849609375,12256.849609375,1
2026-09-18 10:52:00+05:30,12260.0,12261.4501953125,12259.849609375,12259.849609375,13
2026-09-18 10:53:00+05:30,12260.0,12261.0,12260.0,12261.0,9
2026-09-18 10:54:00+05:30,12260.0,12265.400390625,12260.0,12262.25,8
2026-09-18 10:55:00+05:30,12262.5,12262.5,12260.0,12261.0,4
2026-09-18 10:56:00+05:30,12263.2001953125,12263.2001953125,12263.0,12263.0,3
2026-09-18 10:57:00+05:30,12272.9501953125,12272.9501953125,12260.0,12263.0,33
2026-09-18 10:58:00+05:30,12284.150390625,12284.150390625,12284.150390625,12284.150390625,1
2026-09-18 10:59:00+05:30,12262.5,12272.2998046875,12262.5,12272.2998046875,20
2026-09-18 11:00:00+05:30,12272.0,12272.0,12272.0,12272.0,3
2026-09-18 11:01:00+05:30,12270.4501953125,12270.4501953125,12262.5,12262.5,11
2026-09-18 11:02:00+05:30,12269.400390625,12269.400390625,12269.400390625,12269.400390625,1
2026-09-18 11:03:00+05:30,12250.2001953125,12271.150390625,12250.0,12270.0,121
2026-09-18 11:04:00+05:30,12250.2001953125,12250.2001953125,12245.0,12245.0,14
2026-09-18 11:05:00+05:30,12242.650390625,12251.0,12242.650390625,12250.0,52
2026-09-18 11:06:00+05:30,12244.0498046875,12252.150390625,12244.0498046875,12249.9501953125,38
2026-09-18 11:07:00+05:30,12250.0,12252.349609375,12250.0,12252.150390625,16
2026-09-18 11:08:00+05:30,12255.2998046875,12258.900390625,12252.349609375,12252.349609375,40
2026-09-18 11:09:00+05:30,12255.7998046875,12262.0,12255.7998046875,12262.0,50
2026-09-18 11:10:00+05:30,12250.150390625,12250.150390625,12250.150390625,12250.150390625,1
2026-09-18 11:11:00+05:30,12262.349609375,12262.349609375,12262.349609375,12262.349609375,1
2026-09-18 11:12:00+05:30,12230.4501953125,12264.0498046875,12228.849609375,12262.4501953125,85
2026-09-18 11:13:00+05:30,12235.900390625,12235.900390625,12234.9501953125,12234.9501953125,11
2026-09-18 11:15:00+05:30,12247.5,12260.9501953125,12247.5,12260.9501953125,5
2026-09-18 11:16:00+05:30,12253.349609375,12253.349609375,12253.349609375,12253.349609375,3
2026-09-18 11:17:00+05:30,12245.0,12250.25,12242.0,12250.25,19
2026-09-18 11:18:00+05:30,12244.900390625,12244.900390625,12244.900390625,12244.900390625,1
2026-09-18 11:19:00+05:30,12250.0,12250.75,12241.5,12241.5,1113
2026-09-18 11:20:00+05:30,12252.400390625,12252.400390625,12250.0,12250.0,2150
2026-09-18 11:21:00+05:30,12251.2001953125,12251.2001953125,12250.0,12250.0,40
2026-09-18 11:22:00+05:30,12252.7001953125,12252.7001953125,12250.0,12250.0,28
2026-09-18 11:23:00+05:30,12253.0,12253.0,12250.0,12252.7998046875,26
2026-09-18 11:24:00+05:30,12250.0,12254.25,12250.0,12250.0,1037
2026-09-18 11:25:00+05:30,12240.0,12250.5,12240.0,12250.0,3043
2026-09-18 11:26:00+05:30,12240.0498046875,12244.599609375,12240.0498046875,12244.599609375,4
2026-09-18 11:27:00+05:30,12242.0,12247.5,12240.0,12240.0498046875,55
2026-09-18 11:28:00+05:30,12242.0,12242.0,12240.0,12240.0,3
2026-09-18 11:29:00+05:30,12240.0,12240.0,12235.0,12240.0,55
2026-09-18 11:30:00+05:30,12240.0,12240.0,12233.0498046875,12233.0498046875,22
2026-09-18 11:31:00+05:30,12235.9501953125,12235.9501953125,12233.900390625,12233.900390625,7
2026-09-18 11:32:00+05:30,12228.0,12232.0,12228.0,12232.0,90
2026-09-18 11:33:00+05:30,12225.0,12227.0,12225.0,12227.0,19
2026-09-18 11:34:00+05:30,12225.0,12225.0,12225.0,12225.0,32
2026-09-18 11:35:00+05:30,12230.0,12230.0,12225.0,12225.0,2238
2026-09-18 11:36:00+05:30,12222.0,12230.25,12222.0,12230.0,1382
2026-09-18 11:37:00+05:30,12230.0,12230.0,12224.2998046875,12224.2998046875,688
2026-09-18 11:38:00+05:30,12221.099609375,12230.0,12221.099609375,12230.0,3278
2026-09-18 11:39:00+05:30,12229.25,12229.9501953125,12228.5498046875,12229.9501953125,24
2026-09-18 11:40:00+05:30,12221.400390625,12229.25,12221.400390625,12229.25,7
2026-09-18 11:41:00+05:30,12227.5,12227.5,12222.5498046875,12222.5498046875,6
2026-09-18 11:42:00+05:30,12227.599609375,12227.7998046875,12222.0,12222.0,23
2026-09-18 11:43:00+05:30,12228.0,12228.75,12220.900390625,12220.900390625,53
2026-09-18 11:44:00+05:30,12218.9501953125,12228.400390625,12217.0,12228.400390625,30
2026-09-18 11:45:00+05:30,12228.5498046875,12228.5498046875,12228.0,12228.0,11
2026-09-18 11:46:00+05:30,12203.2998046875,12240.0,12198.400390625,12234.0,1446
2026-09-18 11:47:00+05:30,12206.150390625,12217.5498046875,12205.0,12205.0,35
2026-09-18 11:48:00+05:30,12210.7998046875,12210.7998046875,12210.7998046875,12210.7998046875,4
2026-09-18 11:49:00+05:30,12224.9501953125,12224.9501953125,12213.0,12213.0,50
2026-09-18 11:50:00+05:30,12224.9501953125,12224.9501953125,12224.9501953125,12224.9501953125,1
2026-09-18 11:51:00+05:30,12196.0498046875,12225.599609375,12196.0498046875,12220.0498046875,8281
2026-09-18 11:52:00+05:30,12221.75,12221.900390625,12200.0,12200.0,471
2026-09-18 11:53:00+05:30,12218.0498046875,12221.0,12218.0498046875,12221.0,11
2026-09-18 11:54:00+05:30,12202.650390625,12216.849609375,12200.150390625,12206.099609375,90
2026-09-18 11:55:00+05:30,12197.0,12200.900390625,12197.0,12200.0,132
2026-09-18 11:56:00+05:30,12198.650390625,12201.9501953125,12196.0498046875,12196.0498046875,43
2026-09-18 11:57:00+05:30,12201.5,12201.5,12196.0498046875,12198.650390625,57
2026-09-18 11:58:00+05:30,12199.9501953125,12200.9501953125,12195.0,12200.0,96
2026-09-18 11:59:00+05:30,12192.0,12200.0,12192.0,12199.9501953125,109
2026-09-18 12:00:00+05:30,12199.75,12199.75,12196.0,12196.7001953125,11
2026-09-18 12:01:00+05:30,12191.0,12200.0,12191.0,12200.0,30
2026-09-18 12:02:00+05:30,12209.099609375,12209.099609375,12200.0,12200.0,132
2026-09-18 12:03:00+05:30,12200.0,12209.7998046875,12200.0,12209.7998046875,9
2026-09-18 12:04:00+05:30,12195.849609375,12198.9501953125,12195.849609375,12198.9501953125,9
2026-09-18 12:05:00+05:30,12192.0,12194.9501953125,12190.0,12194.9501953125,136
2026-09-18 12:06:00+05:30,12183.0,12192.0,12183.0,12190.0,197
2026-09-18 12:07:00+05:30,12192.9501953125,12192.9501953125,12182.0,12182.0,60
2026-09-18 12:08:00+05:30,12188.349609375,12190.5,12180.0,12190.5,107
2026-09-18 12:09:00+05:30,12187.25,12188.2998046875,12174.0,12188.2998046875,184
2026-09-18 12:10:00+05:30,12191.349609375,12191.349609375,12191.349609375,12191.349609375,20
2026-09-18 12:11:00+05:30,12188.7998046875,12191.2998046875,12185.0,12191.2998046875,113
2026-09-18 12:12:00+05:30,12190.0,12190.0,12189.0,12189.0,15
2026-09-18 12:13:00+05:30,12193.650390625,12194.0,12190.0,12191.150390625,32
2026-09-18 12:14:00+05:30,12191.599609375,12192.150390625,12187.0,12188.0,34
2026-09-18 12:15:00+05:30,12181.0,12190.7998046875,12181.0,12185.0,74
2026-09-18 12:16:00+05:30,12189.900390625,12190.2001953125,12188.0,12188.0,16
2026-09-18 12:17:00+05:30,12185.0498046875,12187.5498046875,12181.0,12185.0,20
2026-09-18 12:18:00+05:30,12186.75,12187.0,12180.0,12185.0498046875,9
2026-09-18 12:19:00+05:30,12185.650390625,12185.650390625,12180.0498046875,12180.0498046875,5
2026-09-18 12:20:00+05:30,12185.400390625,12185.4501953125,12180.0,12180.0,4
2026-09-18 12:21:00+05:30,12185.0,12185.099609375,12185.0,12185.099609375,5
2026-09-18 12:22:00+05:30,12186.0,12186.0,12185.0,12185.0,9
2026-09-18 12:23:00+05:30,12190.349609375,12190.349609375,12180.0,12181.0,88
2026-09-18 12:24:00+05:30,12189.75,12190.25,12189.75,12190.25,10
2026-09-18 12:25:00+05:30,12189.2001953125,12189.2001953125,12180.25,12184.0,37
2026-09-18 12:26:00+05:30,12184.900390625,12188.9501953125,12180.2001953125,12188.9501953125,22
2026-09-18 12:27:00+05:30,12187.5,12189.75,12187.5,12187.5,11
2026-09-18 12:28:00+05:30,12193.0,12193.0,12180.0,12191.25,204
2026-09-18 12:29:00+05:30,12190.400390625,12190.400390625,12190.400390625,12190.400390625,8
2026-09-18 12:30:00+05:30,12190.400390625,12191.7998046875,12190.400390625,12191.7998046875,3
2026-09-18 12:31:00+05:30,12185.0,12192.349609375,12185.0,12192.349609375,19
2026-09-18 12:32:00+05:30,12188.0,12188.0,12186.0,12188.0,6
2026-09-18 12:33:00+05:30,12186.0,12188.650390625,12186.0,12188.650390625,69
2026-09-18 12:34:00+05:30,12188.0,12188.0,12188.0,12188.0,3
2026-09-18 12:35:00+05:30,12195.650390625,12195.650390625,12195.650390625,12195.650390625,1
2026-09-18 12:36:00+05:30,12195.4501953125,12195.5,12195.0,12195.5,50
2026-09-18 12:37:00+05:30,12195.5,12195.5,12188.0498046875,12188.0498046875,4
2026-09-18 12:38:00+05:30,12195.0,12198.9501953125,12193.5,12193.5,13
2026-09-18 12:39:00+05:30,12193.0,12197.9501953125,12193.0,12197.9501953125,17
2026-09-18 12:40:00+05:30,12194.0,12195.0,12194.0,12195.0,10
2026-09-18 12:41:00+05:30,12193.0,12193.0,12190.0,12193.0,17
2026-09-18 12:42:00+05:30,12190.0,12195.0,12185.0,12193.0,58
2026-09-18 12:43:00+05:30,12194.349609375,12194.349609375,12194.349609375,12194.349609375,1
2026-09-18 12:44:00+05:30,12194.25,12194.25,12185.0498046875,12189.0,6
2026-09-18 12:45:00+05:30,12185.099609375,12191.2001953125,12185.0498046875,12185.0498046875,5
2026-09-18 12:46:00+05:30,12190.0,12190.0,12190.0,12190.0,1
2026-09-18 12:47:00+05:30,12196.4501953125,12196.4501953125,12196.4501953125,12196.4501953125,3
2026-09-18 12:48:00+05:30,12197.4501953125,12197.4501953125,12196.9501953125,12196.9501953125,132
2026-09-18 12:49:00+05:30,12186.0,12197.4501953125,12186.0,12197.4501953125,40
2026-09-18 12:50:00+05:30,12179.650390625,12194.349609375,12176.0,12194.349609375,207
2026-09-18 12:51:00+05:30,12172.0,12181.0,12172.0,12181.0,97
2026-09-18 12:52:00+05:30,12178.0,12178.0,12171.400390625,12171.400390625,12
2026-09-18 12:53:00+05:30,12183.099609375,12183.099609375,12177.0,12181.9501953125,5
2026-09-18 12:54:00+05:30,12191.349609375,12191.349609375,12172.650390625,12172.650390625,17
2026-09-18 12:55:00+05:30,12187.349609375,12187.349609375,12187.349609375,12187.349609375,2
2026-09-18 12:56:00+05:30,12192.0,12192.0,12192.0,12192.0,2
2026-09-18 12:57:00+05:30,12191.9501953125,12192.0,12191.9501953125,12192.0,4
2026-09-18 12:58:00+05:30,12191.650390625,12192.0,12187.25,12192.0,10
2026-09-18 12:59:00+05:30,12192.0,12192.0,12192.0,12192.0,1
2026-09-18 13:00:00+05:30,12192.0,12192.0,12192.0,12192.0,22
2026-09-18 13:01:00+05:30,12192.0,12196.0,12192.0,12194.0,25
2026-09-18 13:02:00+05:30,12193.4501953125,12193.4501953125,12190.0,12192.0,20
2026-09-18 13:03:00+05:30,12193.400390625,12193.400390625,12186.150390625,12186.150390625,2
2026-09-18 13:04:00+05:30,12187.349609375,12193.0,12180.0,12192.5,277
2026-09-18 13:05:00+05:30,12177.0,12177.0,12177.0,12177.0,5
2026-09-18 13:06:00+05:30,12183.2001953125,12183.2001953125,12183.2001953125,12183.2001953125,4
2026-09-18 13:07:00+05:30,12178.900390625,12184.2998046875,12178.900390625,12178.9501953125,22
2026-09-18 13:09:00+05:30,12184.5,12184.5,12184.5,12184.5,11
2026-09-18 13:10:00+05:30,12183.5498046875,12183.9501953125,12178.900390625,12178.900390625,9
2026-09-18 13:11:00+05:30,12178.0498046875,12184.099609375,12178.0498046875,12180.0,5
2026-09-18 13:12:00+05:30,12184.0498046875,12184.0498046875,12184.0498046875,12184.0498046875,5
2026-09-18 13:13:00+05:30,12183.599609375,12187.150390625,12178.0498046875,12178.0498046875,14
2026-09-18 13:14:00+05:30,12175.150390625,12183.599609375,12175.150390625,12175.900390625,41
2026-09-18 13:15:00+05:30,12182.9501953125,12184.75,12182.9501953125,12184.75,8
2026-09-18 13:16:00+05:30,12182.599609375,12182.599609375,12175.0,12180.0,11
2026-09-18 13:17:00+05:30,12184.0,12184.0,12184.0,12184.0,1
2026-09-18 13:18:00+05:30,12190.0,12190.0,12182.0,12184.0,18
2026-09-18 13:19:00+05:30,12170.0,12175.0,12170.0,12175.0,124
2026-09-18 13:20:00+05:30,12170.0,12171.0,12170.0,12170.0,50
2026-09-18 13:21:00+05:30,12176.5,12176.7001953125,12174.900390625,12174.900390625,17
2026-09-18 13:22:00+05:30,12173.0,12181.599609375,12173.0,12176.5,13
2026-09-18 13:23:00+05:30,12181.7998046875,12181.7998046875,12181.7998046875,12181.7998046875,2
2026-09-18 13:24:00+05:30,12174.5,12180.0,12174.5,12180.0,5
2026-09-18 13:25:00+05:30,12180.0,12180.0,12179.2998046875,12179.650390625,14
2026-09-18 13:26:00+05:30,12178.0,12180.0,12178.0,12180.0,17
2026-09-18 13:27:00+05:30,12175.0498046875,12182.75,12175.0,12178.0,32
2026-09-18 13:28:00+05:30,12171.0,12180.75,12171.0,12180.75,24
2026-09-18 13:30:00+05:30,12176.0,12176.0,12175.9501953125,12175.9501953125,6
2026-09-18 13:31:00+05:30,12164.849609375,12178.599609375,12164.849609375,12177.5,143
2026-09-18 13:33:00+05:30,12178.9501953125,12178.9501953125,12177.0,12177.0,18
2026-09-18 13:34:00+05:30,12177.599609375,12177.849609375,12177.0,12177.849609375,29
2026-09-18 13:35:00+05:30,12177.599609375,12177.599609375,12177.599609375,12177.599609375,3
2026-09-18 13:36:00+05:30,12187.2998046875,12187.2998046875,12177.5,12177.5,30
2026-09-18 13:37:00+05:30,12185.0,12186.650390625,12185.0,12186.650390625,8
2026-09-18 13:38:00+05:30,12184.0,12184.0,12182.0,12184.0,3
2026-09-18 13:39:00+05:30,12184.0,12184.0,12182.0,12182.0,20
2026-09-18 13:40:00+05:30,12184.0,12184.0,12180.0,12184.0,39
2026-09-18 13:41:00+05:30,12184.0,12184.0,12184.0,12184.0,6
2026-09-18 13:42:00+05:30,12170.0,12183.599609375,12169.0,12180.0,101
2026-09-18 13:43:00+05:30,12171.0,12174.7998046875,12171.0,12174.7998046875,29
2026-09-18 13:44:00+05:30,12166.0,12168.0,12166.0,12168.0,38
2026-09-18 13:45:00+05:30,12166.099609375,12166.099609375,12157.5,12164.849609375,254
2026-09-18 13:46:00+05:30,12160.0,12165.2998046875,12160.0,12165.25,35
2026-09-18 13:47:00+05:30,12165.349609375,12165.349609375,12165.349609375,12165.349609375,1
2026-09-18 13:48:00+05:30,12160.0,12164.7998046875,12160.0,12160.0,5
2026-09-18 13:49:00+05:30,12160.0,12164.7998046875,12160.0,12164.7998046875,88
2026-09-18 13:50:00+05:30,12164.7998046875,12165.5,12164.75,12164.75,17
2026-09-18 13:51:00+05:30,12160.099609375,12165.849609375,12160.0,12164.0,77
2026-09-18 13:52:00+05:30,12160.0,12160.0,12160.0,12160.0,4
2026-09-18 13:53:00+05:30,12162.0,12162.0,12159.0,12160.0,17
2026-09-18 13:54:00+05:30,12162.0,12162.0,12157.599609375,12162.0,23
2026-09-18 13:55:00+05:30,12162.0,12162.0,12160.0,12160.0,64
2026-09-18 13:56:00+05:30,12160.0,12164.900390625,12160.0,12164.349609375,19
2026-09-18 13:57:00+05:30,12160.0498046875,12167.2001953125,12160.0498046875,12167.2001953125,3
2026-09-18 13:58:00+05:30,12166.849609375,12169.599609375,12166.0,12169.599609375,45
2026-09-18 13:59:00+05:30,12165.4501953125,12167.5,12160.0,12167.25,53
2026-09-18 14:00:00+05:30,12166.400390625,12166.650390625,12160.0,12166.150390625,48
2026-09-18 14:01:00+05:30,12166.400390625,12166.400390625,12166.400390625,12166.400390625,3
2026-09-18 14:02:00+05:30,12166.400390625,12166.400390625,12166.400390625,12166.400390625,1
2026-09-18 14:03:00+05:30,12169.0,12169.0,12164.0,12169.0,20
2026-09-18 14:04:00+05:30,12169.0,12169.0,12169.0,12169.0,12
2026-09-18 14:05:00+05:30,12170.0,12170.0,12164.0,12164.0,26
2026-09-18 14:06:00+05:30,12170.0,12170.0,12170.0,12170.0,2
2026-09-18 14:07:00+05:30,12170.0,12170.0,12165.5498046875,12170.0,14
2026-09-18 14:08:00+05:30,12167.349609375,12172.5,12167.349609375,12170.599609375,74
2026-09-18 14:09:00+05:30,12172.849609375,12173.900390625,12167.349609375,12173.900390625,5
2026-09-18 14:10:00+05:30,12169.599609375,12169.599609375,12169.599609375,12169.599609375,3
2026-09-18 14:11:00+05:30,12177.0,12177.099609375,12177.0,12177.099609375,5
2026-09-18 14:12:00+05:30,12172.0,12174.0,12172.0,12174.0,21
2026-09-18 14:13:00+05:30,12172.0,12172.0,12170.0,12172.0,15
2026-09-18 14:14:00+05:30,12174.849609375,12174.849609375,12170.0,12170.0,63
2026-09-18 14:15:00+05:30,12177.4501953125,12177.4501953125,12174.849609375,12174.849609375,6
2026-09-18 14:16:00+05:30,12177.4501953125,12177.4501953125,12177.4501953125,12177.4501953125,32
2026-09-18 14:17:00+05:30,12176.599609375,12176.599609375,12176.599609375,12176.599609375,2
2026-09-18 14:18:00+05:30,12171.5498046875,12178.0,12169.599609375,12178.0,110
2026-09-18 14:19:00+05:30,12175.25,12175.25,12169.599609375,12170.150390625,32
2026-09-18 14:20:00+05:30,12178.9501953125,12178.9501953125,12170.25,12170.25,3
2026-09-18 14:21:00+05:30,12179.0,12179.0,12179.0,12179.0,15
2026-09-18 14:22:00+05:30,12179.0,12179.0,12177.0,12179.0,14
2026-09-18 14:23:00+05:30,12176.7001953125,12179.0,12170.0,12175.0,35
2026-09-18 14:25:00+05:30,12176.5,12176.5,12170.0,12170.5,11
2026-09-18 14:26:00+05:30,12175.0,12176.400390625,12172.0,12175.0,65
2026-09-18 14:27:00+05:30,12178.849609375,12178.849609375,12178.849609375,12178.849609375,17
2026-09-18 14:28:00+05:30,12179.0,12179.0,12175.0,12178.849609375,15
2026-09-18 14:29:00+05:30,12176.0,12179.0,12176.0,12176.0,12
2026-09-18 14:30:00+05:30,12177.0,12179.0,12175.0,12176.0,113
2026-09-18 14:31:00+05:30,12177.900390625,12184.9501953125,12165.0,12184.9501953125,87
2026-09-18 14:32:00+05:30,12178.599609375,12178.599609375,12178.599609375,12178.599609375,2
2026-09-18 14:33:00+05:30,12179.0,12182.4501953125,12179.0,12179.7998046875,40
2026-09-18 14:34:00+05:30,12178.9501953125,12179.0,12173.0,12179.0,27
2026-09-18 14:35:00+05:30,12179.0,12179.0,12173.0498046875,12178.9501953125,144
2026-09-18 14:36:00+05:30,12173.849609375,12182.0,12173.849609375,12179.0,18
2026-09-18 14:37:00+05:30,12174.0,12174.0,12174.0,12174.0,2
2026-09-18 14:38:00+05:30,12176.0,12177.7998046875,12170.0,12174.0,33
2026-09-18 14:39:00+05:30,12176.0,12176.0,12173.0,12176.0,10
2026-09-18 14:40:00+05:30,12165.0,12176.0,12165.0,12176.0,123
2026-09-18 14:41:00+05:30,12165.0,12168.0498046875,12165.0,12168.0498046875,27
2026-09-18 14:42:00+05:30,12168.0,12170.0,12168.0,12170.0,9
2026-09-18 14:43:00+05:30,12170.0,12170.0,12165.0,12170.0,113
2026-09-18 14:44:00+05:30,12166.0,12170.0,12166.0,12170.0,15
2026-09-18 14:45:00+05:30,12171.0,12172.5,12168.0,12168.0,211
2026-09-18 14:46:00+05:30,12173.0,12173.0,12171.0,12171.0,37
2026-09-18 14:47:00+05:30,12166.0498046875,12170.0,12166.0498046875,12170.0,4
2026-09-18 14:48:00+05:30,12170.0,12173.0,12170.0,12170.0,22
2026-09-18 14:49:00+05:30,12172.0,12173.0,12167.5,12167.5,46
2026-09-18 14:50:00+05:30,12175.0,12179.900390625,12172.0,12172.0,53
2026-09-18 14:51:00+05:30,12178.4501953125,12179.900390625,12174.0,12179.900390625,20
2026-09-18 14:52:00+05:30,12171.150390625,12178.349609375,12169.849609375,12169.849609375,59
2026-09-18 14:53:00+05:30,12177.099609375,12178.0,12177.099609375,12178.0,8
2026-09-18 14:54:00+05:30,12178.0,12178.0,12172.0,12177.099609375,11
2026-09-18 14:55:00+05:30,12175.0,12179.900390625,12175.0,12178.0,23
2026-09-18 14:56:00+05:30,12180.0,12180.0,12177.0,12177.0,22
2026-09-18 14:57:00+05:30,12175.0,12178.5498046875,12175.0,12178.5498046875,17
2026-09-18 14:58:00+05:30,12175.900390625,12185.0,12175.900390625,12179.0,68
2026-09-18 14:59:00+05:30,12184.9501953125,12185.0,12175.0,12184.349609375,33
2026-09-18 15:00:00+05:30,12170.0,12183.650390625,12165.5,12180.0,121
2026-09-18 15:01:00+05:30,12171.0498046875,12171.0498046875,12163.0,12170.4501953125,104
2026-09-18 15:02:00+05:30,12176.0498046875,12176.0498046875,12168.0,12172.75,38
2026-09-18 15:03:00+05:30,12177.0498046875,12177.0498046875,12170.0498046875,12176.0498046875,43
2026-09-18 15:04:00+05:30,12157.7001953125,12173.900390625,12157.7001953125,12168.0,371
2026-09-18 15:05:00+05:30,12160.900390625,12174.4501953125,12160.5498046875,12160.5498046875,60
2026-09-18 15:06:00+05:30,12173.4501953125,12177.2998046875,12163.099609375,12176.5498046875,32
2026-09-18 15:07:00+05:30,12167.0498046875,12173.4501953125,12166.0498046875,12166.0498046875,28
2026-09-18 15:08:00+05:30,12171.150390625,12172.25,12166.5,12166.5498046875,42
2026-09-18 15:09:00+05:30,12166.650390625,12170.0498046875,12166.5,12170.0498046875,29
2026-09-18 15:10:00+05:30,12167.0,12167.0,12160.0498046875,12161.0,164
2026-09-18 15:11:00+05:30,12167.0,12167.0,12160.0498046875,12167.0,25
2026-09-18 15:12:00+05:30,12170.0498046875,12170.0498046875,12160.0498046875,12167.0,120
2026-09-18 15:13:00+05:30,12176.0,12177.150390625,12157.7001953125,12162.75,213
2026-09-18 15:14:00+05:30,12164.2998046875,12176.0,12160.099609375,12171.0,49
2026-09-18 15:29:00+05:30,12145.0,12145.0,12145.0,12145.0,1249
2026-09-21 09:15:00+05:30,12151.0,12186.099609375,12141.150390625,12144.9501953125,218
2026-09-21 09:16:00+05:30,12157.2998046875,12166.7001953125,12138.349609375,12158.2001953125,87
2026-09-21 09:17:00+05:30,12174.099609375,12176.900390625,12157.2998046875,12157.2998046875,345
2026-09-21 09:18:00+05:30,12180.0,12181.7998046875,12169.349609375,12174.900390625,68
2026-09-21 09:19:00+05:30,12164.75,12167.650390625,12161.150390625,12161.150390625,27
2026-09-21 09:20:00+05:30,12165.0,12169.25,12161.0498046875,12164.9501953125,56
2026-09-21 09:21:00+05:30,12164.650390625,12164.9501953125,12155.099609375,12157.7998046875,107
2026-09-21 09:22:00+05:30,12150.650390625,12161.2998046875,12147.0,12160.0,45
2026-09-21 09:23:00+05:30,12144.5498046875,12148.900390625,12135.0,12147.0,101
2026-09-21 09:24:00+05:30,12165.7001953125,12174.650390625,12144.0,12148.900390625,609
2026-09-21 09:25:00+05:30,12164.650390625,12164.650390625,12151.650390625,12151.650390625,14
2026-09-21 09:26:00+05:30,12166.7001953125,12166.7001953125,12150.0,12160.0,38
2026-09-21 09:27:00+05:30,12157.0,12164.0,12155.150390625,12164.0,8
2026-09-21 09:28:00+05:30,12169.0,12169.0,12166.7001953125,12169.0,48
2026-09-21 09:29:00+05:30,12180.0,12181.0498046875,12165.400390625,12175.0,25
2026-09-21 09:30:00+05:30,12173.7001953125,12181.0498046875,12172.0498046875,12180.0,70
2026-09-21 09:31:00+05:30,12163.400390625,12184.7001953125,12163.400390625,12179.0,57
2026-09-21 09:32:00+05:30,12173.9501953125,12173.9501953125,12170.7998046875,12170.7998046875,8
2026-09-21 09:33:00+05:30,12164.0,12173.900390625,12164.0,12173.900390625,27
2026-09-21 09:34:00+05:30,12172.0,12174.0,12172.0,12174.0,11
2026-09-21 09:35:00+05:30,12181.0498046875,12181.0498046875,12169.849609375,12169.849609375,49
2026-09-21 09:36:00+05:30,12179.9501953125,12183.099609375,12170.0498046875,12180.0,37
2026-09-21 09:37:00+05:30,12169.849609375,12180.4501953125,12169.849609375,12170.099609375,47
2026-09-21 09:38:00+05:30,12178.0498046875,12178.0498046875,12178.0498046875,12178.0498046875,20
2026-09-21 09:39:00+05:30,12178.900390625,12179.0,12172.0498046875,12172.0498046875,11
2026-09-21 09:40:00+05:30,12175.0,12178.900390625,12170.0,12170.0,18
2026-09-21 09:41:00+05:30,12170.0,12174.7998046875,12162.25,12170.0,26
2026-09-21 09:42:00+05:30,12160.0,12170.0,12160.0,12163.7998046875,16
2026-09-21 09:43:00+05:30,12155.25,12164.400390625,12155.25,12164.400390625,47
2026-09-21 09:44:00+05:30,12164.650390625,12164.650390625,12155.25,12155.25,14
2026-09-21 09:45:00+05:30,12157.2001953125,12162.0,12157.2001953125,12157.599609375,83
2026-09-21 09:46:00+05:30,12172.349609375,12172.5,12160.0,12166.5498046875,42
2026-09-21 09:47:00+05:30,12172.0498046875,12172.0498046875,12162.2998046875,12162.2998046875,9
2026-09-21 09:48:00+05:30,12211.75,12213.849609375,12175.0,12175.0,275
2026-09-21 09:49:00+05:30,12196.2001953125,12214.9501953125,12196.2001953125,12200.599609375,8
2026-09-21 09:50:00+05:30,12202.150390625,12203.7001953125,12202.150390625,12203.7001953125,4
2026-09-21 09:51:00+05:30,12188.849609375,12197.7001953125,12186.75,12197.7001953125,12
2026-09-21 09:52:00+05:30,12177.5,12186.349609375,12177.5,12186.349609375,10
2026-09-21 09:53:00+05:30,12185.0,12185.0,12184.650390625,12184.849609375,4
2026-09-21 09:54:00+05:30,12174.150390625,12180.9501953125,12174.0,12180.0,12
2026-09-21 09:55:00+05:30,12194.2001953125,12195.9501953125,12184.099609375,12184.099609375,22
2026-09-21 09:56:00+05:30,12185.900390625,12189.9501953125,12179.7001953125,12189.9501953125,70
2026-09-21 09:57:00+05:30,12188.75,12188.75,12188.75,12188.75,1
2026-09-21 09:58:00+05:30,12180.0,12180.0,12180.0,12180.0,11
2026-09-21 09:59:00+05:30,12186.599609375,12186.599609375,12173.7001953125,12173.7001953125,37
2026-09-21 10:00:00+05:30,12180.0,12184.7998046875,12175.0498046875,12184.7998046875,3
2026-09-21 10:01:00+05:30,12180.900390625,12180.900390625,12172.599609375,12172.599609375,12
2026-09-21 10:02:00+05:30,12179.9501953125,12179.9501953125,12172.0498046875,12172.0498046875,8
2026-09-21 10:03:00+05:30,12172.0,12177.849609375,12172.0,12177.849609375,6
2026-09-21 10:04:00+05:30,12172.0,12172.0,12172.0,12172.0,1
2026-09-21 10:06:00+05:30,12170.0,12180.4501953125,12170.0,12180.4501953125,28
2026-09-21 10:07:00+05:30,12168.75,12176.25,12168.75,12176.25,20
2026-09-21 10:08:00+05:30,12175.900390625,12176.0498046875,12167.7998046875,12167.7998046875,16
2026-09-21 10:09:00+05:30,12176.25,12176.25,12167.4501953125,12167.4501953125,4
2026-09-21 10:10:00+05:30,12182.9501953125,12184.0,12180.0,12184.0,5
2026-09-21 10:12:00+05:30,12182.9501953125,12189.349609375,12182.9501953125,12189.349609375,2
2026-09-21 10:13:00+05:30,12181.0,12186.75,12181.0,12186.75,9
2026-09-21 10:14:00+05:30,12187.4501953125,12189.650390625,12181.0,12181.0,7
2026-09-21 10:16:00+05:30,12193.5498046875,12193.5498046875,12183.2998046875,12190.0,36
2026-09-21 10:18:00+05:30,12191.9501953125,12192.5,12184.0498046875,12191.2998046875,13
2026-09-21 10:19:00+05:30,12191.0,12191.0,12191.0,12191.0,1
2026-09-21 10:20:00+05:30,12190.0,12190.0,12190.0,12190.0,1
2026-09-21 10:21:00+05:30,12185.0,12192.349609375,12185.0,12192.349609375,4
2026-09-21 10:22:00+05:30,12185.0498046875,12189.4501953125,12185.0,12185.0,7
2026-09-21 10:23:00+05:30,12185.0,12185.0498046875,12185.0,12185.0498046875,3
2026-09-21 10:24:00+05:30,12188.0,12192.349609375,12185.0,12192.349609375,3
2026-09-21 10:25:00+05:30,12185.0,12188.0,12185.0,12185.0,3
2026-09-21 10:26:00+05:30,12185.0,12190.0,12185.0,12187.0,6
2026-09-21 10:27:00+05:30,12183.5498046875,12191.0,12180.0,12191.0,145
2026-09-21 10:28:00+05:30,12175.150390625,12183.0,12173.849609375,12183.0,25
2026-09-21 10:29:00+05:30,12185.150390625,12185.150390625,12176.099609375,12176.099609375,17
2026-09-21 10:30:00+05:30,12183.0,12187.0,12177.7001953125,12180.0,4
2026-09-21 10:31:00+05:30,12190.0,12190.0,12180.25,12180.25,30
2026-09-21 10:32:00+05:30,12189.0,12189.0,12189.0,12189.0,2
2026-09-21 10:33:00+05:30,12185.0,12185.0,12180.0,12180.0,11
2026-09-21 10:34:00+05:30,12178.2001953125,12182.75,12178.2001953125,12180.0,3
2026-09-21 10:35:00+05:30,12187.9501953125,12187.9501953125,12187.9501953125,12187.9501953125,2
2026-09-21 10:36:00+05:30,12184.0,12184.9501953125,12178.0,12184.9501953125,8
2026-09-21 10:37:00+05:30,12180.0,12183.0,12180.0,12183.0,11
2026-09-21 10:38:00+05:30,12180.7998046875,12180.7998046875,12180.4501953125,12180.4501953125,16
2026-09-21 10:39:00+05:30,12182.150390625,12182.349609375,12182.150390625,12182.349609375,2
2026-09-21 10:40:00+05:30,12175.4501953125,12182.650390625,12175.4501953125,12182.650390625,11
2026-09-21 10:41:00+05:30,12182.5,12182.5,12182.2001953125,12182.25,4
2026-09-21 10:42:00+05:30,12180.0,12180.0,12175.75,12175.75,6
2026-09-21 10:43:00+05:30,12186.599609375,12186.599609375,12178.4501953125,12185.0,16
2026-09-21 10:44:00+05:30,12185.5498046875,12185.5498046875,12185.5498046875,12185.5498046875,5
2026-09-21 10:45:00+05:30,12183.0,12185.849609375,12178.150390625,12178.150390625,14
2026-09-21 10:46:00+05:30,12183.0,12183.0,12183.0,12183.0,1
2026-09-21 10:47:00+05:30,12180.0,12180.0,12180.0,12180.0,1
2026-09-21 10:48:00+05:30,12180.0,12184.9501953125,12180.0,12180.0,4
2026-09-21 10:49:00+05:30,12185.599609375,12185.599609375,12180.0,12180.0,14
2026-09-21 10:51:00+05:30,12178.75,12178.75,12178.75,12178.75,2
2026-09-21 10:53:00+05:30,12190.0,12190.0,12190.0,12190.0,11
2026-09-21 10:54:00+05:30,12189.0,12189.0,12181.400390625,12181.400390625,21
2026-09-21 10:55:00+05:30,12187.9501953125,12189.400390625,12187.9501953125,12189.400390625,2
2026-09-21 10:56:00+05:30,12188.0,12188.0,12182.0,12187.650390625,3
2026-09-21 10:58:00+05:30,12189.4501953125,12189.4501953125,12188.2001953125,12188.2001953125,9
2026-09-21 10:59:00+05:30,12182.849609375,12188.400390625,12182.849609375,12188.400390625,8
2026-09-21 11:00:00+05:30,12190.0,12190.0,12183.349609375,12183.349609375,27
2026-09-21 11:01:00+05:30,12190.0,12190.0,12189.0,12189.9501953125,22
2026-09-21 11:02:00+05:30,12190.0,12190.0,12185.25,12185.25,124
2026-09-21 11:04:00+05:30,12192.9501953125,12193.5498046875,12192.9501953125,12192.9501953125,7
2026-09-21 11:05:00+05:30,12196.5498046875,12196.5498046875,12194.25,12194.25,19
2026-09-21 11:06:00+05:30,12189.2001953125,12196.5498046875,12189.2001953125,12196.5498046875,16
2026-09-21 11:07:00+05:30,12212.4501953125,12214.5,12200.0,12200.0,66
2026-09-21 11:08:00+05:30,12211.25,12211.25,12202.0,12202.0498046875,3
2026-09-21 11:09:00+05:30,12205.0,12205.0,12201.7001953125,12201.7001953125,30
2026-09-21 11:10:00+05:30,12208.900390625,12208.900390625,12208.849609375,12208.849609375,10
2026-09-21 11:11:00+05:30,12208.900390625,12208.900390625,12208.900390625,12208.900390625,12
2026-09-21 11:12:00+05:30,12210.0,12210.0,12208.0,12208.0,52
2026-09-21 11:13:00+05:30,12217.0,12217.0,12203.099609375,12210.0,276
2026-09-21 11:14:00+05:30,12219.650390625,12220.0,12213.4501953125,12217.900390625,54
2026-09-21 11:15:00+05:30,12199.0498046875,12220.0,12193.4501953125,12220.0,52138
2026-09-21 11:16:00+05:30,12197.4501953125,12197.4501953125,12197.4501953125,12197.4501953125,1
2026-09-21 11:17:00+05:30,12199.0498046875,12199.0498046875,12193.0,12193.0,65
2026-09-21 11:18:00+05:30,12190.0,12201.349609375,12190.0,12201.349609375,66
2026-09-21 11:19:00+05:30,12188.0,12191.849609375,12188.0,12191.849609375,2
2026-09-21 11:20:00+05:30,12188.150390625,12192.5,12188.150390625,12192.5,30
2026-09-21 11:21:00+05:30,12194.2998046875,12194.2998046875,12194.2998046875,12194.2998046875,1
2026-09-21 11:22:00+05:30,12190.0,12194.2998046875,12190.0,12194.2998046875,7
2026-09-21 11:23:00+05:30,12185.0,12193.0,12185.0,12188.0,7
2026-09-21 11:24:00+05:30,12182.5,12183.0,12182.5,12183.0,5
2026-09-21 11:25:00+05:30,12186.849609375,12186.849609375,12186.849609375,12186.849609375,2
2026-09-21 11:26:00+05:30,12182.5498046875,12187.4501953125,12182.5,12187.4501953125,3
2026-09-21 11:27:00+05:30,12190.0,12190.0,12189.9501953125,12189.9501953125,12
2026-09-21 11:29:00+05:30,12177.0,12181.400390625,12177.0,12181.400390625,62
2026-09-21 11:31:00+05:30,12187.400390625,12187.400390625,12187.400390625,12187.400390625,1
2026-09-21 11:32:00+05:30,12182.400390625,12182.400390625,12182.400390625,12182.400390625,4
2026-09-21 11:33:00+05:30,12187.0,12187.2998046875,12187.0,12187.2998046875,6
2026-09-21 11:34:00+05:30,12196.5,12196.5,12189.0,12189.0,2
2026-09-21 11:35:00+05:30,12180.0,12194.0,12180.0,12194.0,66
2026-09-21 11:37:00+05:30,12181.150390625,12185.0,12181.150390625,12185.0,70
2026-09-21 11:38:00+05:30,12189.9501953125,12189.9501953125,12185.0,12185.0,51
2026-09-21 11:39:00+05:30,12189.599609375,12189.599609375,12180.0,12181.0,13
2026-09-21 11:40:00+05:30,12187.900390625,12187.900390625,12187.900390625,12187.900390625,3
2026-09-21 11:41:00+05:30,12190.0,12190.0,12187.9501953125,12187.9501953125,4
2026-09-21 11:42:00+05:30,12191.0,12191.0,12191.0,12191.0,2
2026-09-21 11:43:00+05:30,12202.0,12202.0,12193.0,12193.0,4
2026-09-21 11:44:00+05:30,12201.400390625,12201.400390625,12201.400390625,12201.400390625,2
2026-09-21 11:45:00+05:30,12201.25,12201.349609375,12201.25,12201.349609375,6
2026-09-21 11:46:00+05:30,12180.7998046875,12180.7998046875,12180.7998046875,12180.7998046875,21
2026-09-21 11:47:00+05:30,12196.7001953125,12201.25,12187.5,12192.0,33
2026-09-21 11:49:00+05:30,12201.9501953125,12201.9501953125,12201.9501953125,12201.9501953125,5
2026-09-21 11:50:00+05:30,12193.7998046875,12200.25,12193.7998046875,12200.099609375,58
2026-09-21 11:51:00+05:30,12194.0498046875,12200.2998046875,12194.0498046875,12200.2998046875,20
2026-09-21 11:53:00+05:30,12199.0,12199.0498046875,12199.0,12199.0,8
2026-09-21 11:55:00+05:30,12194.099609375,12194.099609375,12194.099609375,12194.099609375,10
2026-09-21 11:56:00+05:30,12194.150390625,12194.150390625,12194.150390625,12194.150390625,30
2026-09-21 11:58:00+05:30,12194.2001953125,12194.2001953125,12193.4501953125,12193.4501953125,5
2026-09-21 11:59:00+05:30,12200.0,12202.0,12200.0,12201.9501953125,7
2026-09-21 12:00:00+05:30,12200.0,12202.5,12200.0,12200.0,47
2026-09-21 12:03:00+05:30,12199.9501953125,12199.9501953125,12192.5,12193.4501953125,12
2026-09-21 12:04:00+05:30,12199.900390625,12199.900390625,12193.4501953125,12193.4501953125,6
2026-09-21 12:06:00+05:30,12193.900390625,12199.900390625,12192.5,12192.5,5
2026-09-21 12:07:00+05:30,12200.0,12200.0,12199.9501953125,12200.0,62
2026-09-21 12:08:00+05:30,12201.75,12201.75,12199.9501953125,12199.9501953125,12
2026-09-21 12:09:00+05:30,12202.2001953125,12202.2001953125,12202.2001953125,12202.2001953125,1
2026-09-21 12:10:00+05:30,12199.4501953125,12199.4501953125,12191.099609375,12191.099609375,55
2026-09-21 12:11:00+05:30,12190.5498046875,12190.5498046875,12190.2001953125,12190.2001953125,6
2026-09-21 12:13:00+05:30,12195.099609375,12204.2001953125,12195.099609375,12198.0,9
2026-09-21 12:14:00+05:30,12204.2001953125,12204.2001953125,12204.2001953125,12204.2001953125,1
2026-09-21 12:15:00+05:30,12197.5,12197.5,12197.5,12197.5,5
2026-09-21 12:16:00+05:30,12204.2001953125,12204.2001953125,12204.2001953125,12204.2001953125,2
2026-09-21 12:17:00+05:30,12204.0,12204.0,12204.0,12204.0,2
2026-09-21 12:18:00+05:30,12198.0,12202.9501953125,12198.0,12202.9501953125,2
2026-09-21 12:19:00+05:30,12219.9501953125,12219.9501953125,12200.0,12200.0,22030
2026-09-21 12:20:00+05:30,12201.849609375,12216.9501953125,12195.0,12216.9501953125,136
2026-09-21 12:21:00+05:30,12217.0,12217.0,12201.849609375,12201.849609375,174
2026-09-21 12:22:00+05:30,12210.0498046875,12210.0498046875,12206.0498046875,12206.0498046875,150
2026-09-21 12:23:00+05:30,12207.599609375,12207.599609375,12207.599609375,12207.599609375,1
2026-09-21 12:24:00+05:30,12208.0,12208.0,12205.5,12205.5,7
2026-09-21 12:25:00+05:30,12212.9501953125,12212.9501953125,12203.75,12203.75,23
2026-09-21 12:26:00+05:30,12214.0,12223.5,12212.0,12212.0,180
2026-09-21 12:27:00+05:30,12200.0,12217.0,12200.0,12217.0,21
2026-09-21 12:29:00+05:30,12201.599609375,12207.0,12201.599609375,12205.0,47
2026-09-21 12:30:00+05:30,12206.0,12209.0,12206.0,12209.0,6
2026-09-21 12:31:00+05:30,12206.0,12207.0,12206.0,12206.0,6
2026-09-21 12:32:00+05:30,12200.0,12205.849609375,12200.0,12200.9501953125,8
2026-09-21 12:33:00+05:30,12200.0,12204.0,12200.0,12204.0,3
2026-09-21 12:34:00+05:30,12205.0,12205.0,12205.0,12205.0,1
2026-09-21 12:35:00+05:30,12205.849609375,12205.849609375,12205.0,12205.0,3
2026-09-21 12:36:00+05:30,12210.0,12210.0,12205.0,12205.0,18
2026-09-21 12:37:00+05:30,12209.0,12209.0,12208.0,12208.0,28
2026-09-21 12:38:00+05:30,12209.0,12209.0,12208.0,12208.0,5
2026-09-21 12:39:00+05:30,12202.0,12204.0,12202.0,12204.0,7
2026-09-21 12:40:00+05:30,12209.0,12209.0,12204.0,12204.0,25
2026-09-21 12:41:00+05:30,12209.0,12209.0,12202.5498046875,12202.5498046875,12
2026-09-21 12:42:00+05:30,12200.0,12209.0,12196.0,12209.0,13
2026-09-21 12:43:00+05:30,12201.0,12201.0,12200.0,12200.0,41
2026-09-21 12:47:00+05:30,12195.0,12199.900390625,12195.0,12199.900390625,8
2026-09-21 12:48:00+05:30,12195.099609375,12195.099609375,12195.099609375,12195.099609375,2
2026-09-21 12:49:00+05:30,12183.099609375,12192.0,12183.099609375,12192.0,78
2026-09-21 12:51:00+05:30,12188.0498046875,12188.0498046875,12183.099609375,12188.0498046875,5
2026-09-21 12:52:00+05:30,12180.0,12182.5498046875,12180.0,12180.0,21
2026-09-21 12:54:00+05:30,12180.0,12181.0,12180.0,12181.0,2
2026-09-21 12:55:00+05:30,12185.0,12185.0,12180.0,12184.2001953125,13
2026-09-21 12:57:00+05:30,12190.150390625,12190.150390625,12190.150390625,12190.150390625,2
2026-09-21 12:58:00+05:30,12189.900390625,12189.9501953125,12187.150390625,12187.150390625,31
2026-09-21 12:59:00+05:30,12182.900390625,12189.099609375,12177.0,12189.099609375,10
2026-09-21 13:00:00+05:30,12175.0,12175.0,12175.0,12175.0,5
2026-09-21 13:01:00+05:30,12182.599609375,12182.599609375,12175.0,12175.0,2
2026-09-21 13:02:00+05:30,12175.0,12175.0,12175.0,12175.0,8
2026-09-21 13:03:00+05:30,12177.5,12177.5,12172.349609375,12175.0,14
2026-09-21 13:04:00+05:30,12178.650390625,12178.650390625,12170.2001953125,12170.2001953125,4
2026-09-21 13:05:00+05:30,12176.0,12176.5498046875,12170.0,12170.0,35
2026-09-21 13:07:00+05:30,12150.0,12165.0,12150.0,12165.0,192
2026-09-21 13:08:00+05:30,12150.9501953125,12150.9501953125,12141.7998046875,12150.0,85
2026-09-21 13:09:00+05:30,12144.0,12144.0,12144.0,12144.0,34
2026-09-21 13:10:00+05:30,12137.0,12148.7998046875,12133.0,12148.7998046875,53
2026-09-21 13:11:00+05:30,12142.650390625,12146.650390625,12142.650390625,12143.0,5
2026-09-21 13:12:00+05:30,12155.0,12155.2998046875,12150.9501953125,12150.9501953125,398
2026-09-21 13:13:00+05:30,12163.099609375,12163.099609375,12161.099609375,12161.099609375,6
2026-09-21 13:14:00+05:30,12165.0,12165.5,12165.0,12165.0,2039
2026-09-21 13:15:00+05:30,12165.0,12166.7001953125,12165.0,12165.0,463
2026-09-21 13:16:00+05:30,12165.0,12165.0,12165.0,12165.0,274
2026-09-21 13:17:00+05:30,12168.75,12168.75,12165.0,12165.0,106
2026-09-21 13:18:00+05:30,12165.0,12165.0,12165.0,12165.0,117
2026-09-21 13:19:00+05:30,12165.0,12165.0,12165.0,12165.0,36
2026-09-21 13:20:00+05:30,12165.0,12170.400390625,12165.0,12170.400390625,30
2026-09-21 13:21:00+05:30,12163.849609375,12165.0,12161.0,12165.0,24
2026-09-21 13:22:00+05:30,12165.0,12167.099609375,12161.650390625,12163.849609375,440
2026-09-21 13:23:00+05:30,12165.0,12165.0,12165.0,12165.0,108
2026-09-21 13:24:00+05:30,12165.0,12165.0,12165.0,12165.0,566
2026-09-21 13:25:00+05:30,12165.0,12165.0,12165.0,12165.0,678
2026-09-21 13:26:00+05:30,12165.0,12165.0,12165.0,12165.0,5
2026-09-21 13:27:00+05:30,12165.0,12170.0,12165.0,12170.0,27
2026-09-21 13:28:00+05:30,12175.0,12175.0,12175.0,12175.0,2216
2026-09-21 13:29:00+05:30,12180.0,12184.400390625,12180.0,12180.0,11
2026-09-21 13:30:00+05:30,12176.4501953125,12182.349609375,12176.4501953125,12180.0,23
2026-09-21 13:31:00+05:30,12176.599609375,12177.650390625,12176.599609375,12177.650390625,56
2026-09-21 13:32:00+05:30,12176.650390625,12184.7001953125,12176.650390625,12179.0,7
2026-09-21 13:33:00+05:30,12184.900390625,12184.900390625,12180.0,12180.0,3
2026-09-21 13:34:00+05:30,12190.0,12192.5,12188.0,12188.0,53
2026-09-21 13:35:00+05:30,12198.9501953125,12200.0,12192.5,12192.5,7233
2026-09-21 13:36:00+05:30,12192.7998046875,12200.0,12192.7998046875,12200.0,217
2026-09-21 13:37:00+05:30,12185.650390625,12187.0498046875,12185.650390625,12187.0498046875,11
2026-09-21 13:38:00+05:30,12185.0,12185.0,12185.0,12185.0,13
2026-09-21 13:39:00+05:30,12180.4501953125,12180.4501953125,12180.4501953125,12180.4501953125,100
2026-09-21 13:40:00+05:30,12190.5498046875,12190.5498046875,12182.099609375,12182.099609375,8
2026-09-21 13:41:00+05:30,12180.0,12180.0,12180.0,12180.0,2
2026-09-21 13:42:00+05:30,12186.349609375,12186.349609375,12186.349609375,12186.349609375,2
2026-09-21 13:43:00+05:30,12177.0,12180.650390625,12177.0,12180.650390625,69
2026-09-21 13:44:00+05:30,12180.0498046875,12180.0498046875,12180.0498046875,12180.0498046875,1
2026-09-21 13:45:00+05:30,12200.0,12200.0,12180.4501953125,12180.4501953125,7406
2026-09-21 13:46:00+05:30,12190.75,12199.7001953125,12190.75,12199.7001953125,9
2026-09-21 13:47:00+05:30,12188.9501953125,12194.0,12188.75,12194.0,12
2026-09-21 13:48:00+05:30,12190.0,12198.650390625,12190.0,12190.0,70
2026-09-21 13:49:00+05:30,12197.75,12197.75,12188.0,12188.0,2
2026-09-21 13:50:00+05:30,12189.5,12189.5,12189.400390625,12189.400390625,4
2026-09-21 13:52:00+05:30,12190.25,12190.25,12190.25,12190.25,2
2026-09-21 13:53:00+05:30,12186.0,12191.099609375,12186.0,12191.099609375,7
2026-09-21 13:54:00+05:30,12191.0498046875,12191.0498046875,12191.0498046875,12191.0498046875,3
2026-09-21 13:55:00+05:30,12180.7998046875,12180.7998046875,12180.7998046875,12180.7998046875,2
2026-09-21 13:56:00+05:30,12191.0498046875,12191.0498046875,12182.4501953125,12182.4501953125,18
2026-09-21 13:57:00+05:30,12195.0498046875,12200.0,12191.099609375,12191.099609375,635
2026-09-21 13:58:00+05:30,12195.5498046875,12199.0,12195.5498046875,12195.5498046875,12
2026-09-21 13:59:00+05:30,12200.0,12206.2001953125,12199.0,12200.0,110
2026-09-21 14:00:00+05:30,12195.0498046875,12200.0,12195.0498046875,12200.0,15
2026-09-21 14:01:00+05:30,12190.75,12190.75,12190.75,12190.75,1
2026-09-21 14:02:00+05:30,12199.4501953125,12199.4501953125,12188.75,12188.75,8
2026-09-21 14:03:00+05:30,12197.349609375,12198.900390625,12197.349609375,12198.900390625,3
2026-09-21 14:04:00+05:30,12188.0,12188.0,12188.0,12188.0,4
2026-09-21 14:06:00+05:30,12185.0498046875,12185.0498046875,12185.0498046875,12185.0498046875,5
2026-09-21 14:07:00+05:30,12192.4501953125,12192.4501953125,12192.4501953125,12192.4501953125,5
2026-09-21 14:08:00+05:30,12182.349609375,12193.5,12182.349609375,12192.5,10
2026-09-21 14:10:00+05:30,12197.099609375,12197.099609375,12197.099609375,12197.099609375,1
2026-09-21 14:13:00+05:30,12195.849609375,12196.0,12188.9501953125,12188.9501953125,13
2026-09-21 14:14:00+05:30,12195.75,12195.75,12195.75,12195.75,1
2026-09-21 14:15:00+05:30,12196.0,12196.0,12196.0,12196.0,1
2026-09-21 14:16:00+05:30,12195.7998046875,12195.7998046875,12195.7998046875,12195.7998046875,1
2026-09-21 14:17:00+05:30,12186.5498046875,12186.5498046875,12186.5498046875,12186.5498046875,30
2026-09-21 14:19:00+05:30,12195.7001953125,12195.7001953125,12185.349609375,12185.349609375,10
2026-09-21 14:21:00+05:30,12184.25,12184.25,12184.25,12184.25,1
2026-09-21 14:22:00+05:30,12182.349609375,12185.0,12182.349609375,12184.349609375,12
2026-09-21 14:23:00+05:30,12190.0,12190.0,12180.0,12182.349609375,28
2026-09-21 14:24:00+05:30,12182.349609375,12182.349609375,12182.349609375,12182.349609375,3
2026-09-21 14:29:00+05:30,12180.0,12180.0,12180.0,12180.0,1
2026-09-21 14:30:00+05:30,12185.0,12185.0,12185.0,12185.0,1
2026-09-21 14:31:00+05:30,12180.099609375,12189.9501953125,12180.099609375,12189.9501953125,21
2026-09-21 14:32:00+05:30,12180.0,12180.0,12180.0,12180.0,8
2026-09-21 14:33:00+05:30,12185.0,12185.0,12185.0,12185.0,14
2026-09-21 14:34:00+05:30,12189.75,12189.75,12180.0,12180.0,3
2026-09-21 14:35:00+05:30,12189.0,12189.9501953125,12180.0,12180.0,26
2026-09-21 14:36:00+05:30,12185.0,12185.0,12180.150390625,12180.150390625,2
2026-09-21 14:37:00+05:30,12180.0,12190.7998046875,12180.0,12190.7998046875,91
2026-09-21 14:38:00+05:30,12190.4501953125,12190.5,12180.599609375,12180.599609375,5
2026-09-21 14:39:00+05:30,12191.0,12195.0,12191.0,12195.0,1202
2026-09-21 14:41:00+05:30,12192.9501953125,12192.9501953125,12192.9501953125,12192.9501953125,1
2026-09-21 14:42:00+05:30,12193.349609375,12193.349609375,12193.349609375,12193.349609375,7
2026-09-21 14:45:00+05:30,12192.0,12193.0,12192.0,12193.0,6
2026-09-21 14:46:00+05:30,12191.0,12191.0,12191.0,12191.0,29
2026-09-21 14:47:00+05:30,12191.0,12191.0,12191.0,12191.0,7
2026-09-21 14:48:00+05:30,12191.0,12191.0,12191.0,12191.0,2
2026-09-21 14:49:00+05:30,12190.9501953125,12190.9501953125,12190.9501953125,12190.9501953125,1
2026-09-21 14:51:00+05:30,12182.150390625,12190.0,12181.7998046875,12181.900390625,25
2026-09-21 14:52:00+05:30,12182.7998046875,12190.0,12182.7001953125,12190.0,8
2026-09-21 14:53:00+05:30,12192.9501953125,12192.9501953125,12185.099609375,12191.0,70
2026-09-21 14:54:00+05:30,12193.349609375,12193.349609375,12193.349609375,12193.349609375,42
2026-09-21 14:55:00+05:30,12193.0,12193.0,12185.0498046875,12185.0498046875,31
2026-09-21 14:56:00+05:30,12195.0,12195.0,12185.0,12185.0,49
2026-09-21 14:57:00+05:30,12194.0,12195.0,12186.650390625,12186.650390625,9
2026-09-21 14:58:00+05:30,12195.0,12195.0,12187.599609375,12187.599609375,3
2026-09-21 14:59:00+05:30,12190.0,12195.7998046875,12190.0,12195.0,51
2026-09-21 15:00:00+05:30,12197.9501953125,12197.9501953125,12187.75,12190.0,44
2026-09-21 15:01:00+05:30,12185.0,12185.0,12180.0,12182.5,171
2026-09-21 15:02:00+05:30,12178.0,12186.7998046875,12178.0,12186.7998046875,99
2026-09-21 15:03:00+05:30,12183.2998046875,12184.599609375,12175.0,12175.0,18
2026-09-21 15:04:00+05:30,12175.0,12180.0,12175.0,12176.150390625,38
2026-09-21 15:05:00+05:30,12174.0498046875,12174.0498046875,12165.75,12171.150390625,182
2026-09-21 15:06:00+05:30,12163.599609375,12172.0,12163.599609375,12165.75,41
2026-09-21 15:07:00+05:30,12165.849609375,12173.9501953125,12165.849609375,12173.9501953125,170
2026-09-21 15:08:00+05:30,12167.099609375,12175.099609375,12165.900390625,12165.900390625,13
2026-09-21 15:09:00+05:30,12175.25,12180.900390625,12161.900390625,12170.0,531
2026-09-21 15:10:00+05:30,12165.0,12165.0,12165.0,12165.0,9
2026-09-21 15:11:00+05:30,12179.25,12179.349609375,12179.25,12179.349609375,7
2026-09-21 15:12:00+05:30,12180.0498046875,12183.099609375,12165.2001953125,12180.0,113
2026-09-21 15:13:00+05:30,12174.0,12174.0,12165.0,12165.0,7
2026-09-21 15:14:00+05:30,12174.0,12174.0,12174.0,12174.0,18
2026-09-21 15:29:00+05:30,12172.0,12172.0,12172.0,12172.0,46
2026-09-22 09:15:00+05:30,12217.599609375,12228.400390625,12186.099609375,12228.400390625,145
2026-09-22 09:16:00+05:30,12236.650390625,12236.650390625,12236.650390625,12236.650390625,368
2026-09-22 09:17:00+05:30,12210.599609375,12228.150390625,12210.599609375,12228.150390625,70
2026-09-22 09:18:00+05:30,12235.0,12235.0,12211.0498046875,12211.0498046875,230
2026-09-22 09:19:00+05:30,12235.0,12235.0,12235.0,12235.0,3
2026-09-22 09:20:00+05:30,12240.0,12240.0,12235.0,12235.0,91
2026-09-22 09:21:00+05:30,12214.75,12214.75,12214.75,12214.75,253
2026-09-22 09:22:00+05:30,12224.099609375,12224.099609375,12215.2001953125,12215.2001953125,174
2026-09-22 09:23:00+05:30,12224.4501953125,12231.099609375,12224.4501953125,12231.099609375,179
2026-09-22 09:24:00+05:30,12230.0,12230.0,12230.0,12230.0,25
2026-09-22 09:25:00+05:30,12222.2998046875,12222.2998046875,12222.2998046875,12222.2998046875,52
2026-09-22 09:27:00+05:30,12218.349609375,12218.900390625,12209.849609375,12218.900390625,53
2026-09-22 09:28:00+05:30,12210.0,12219.0,12210.0,12219.0,31
2026-09-22 09:29:00+05:30,12220.849609375,12220.849609375,12213.0,12215.0,22
2026-09-22 09:30:00+05:30,12221.5,12222.0,12212.4501953125,12222.0,54
2026-09-22 09:31:00+05:30,12211.5,12217.900390625,12210.400390625,12212.599609375,21
2026-09-22 09:32:00+05:30,12210.0,12215.7998046875,12208.25,12210.0,36
2026-09-22 09:33:00+05:30,12205.75,12212.0,12202.7998046875,12202.7998046875,54
2026-09-22 09:34:00+05:30,12212.0,12212.0,12210.599609375,12212.0,14
2026-09-22 09:35:00+05:30,12215.9501953125,12217.099609375,12211.0,12212.0,96
2026-09-22 09:36:00+05:30,12216.25,12216.25,12216.25,12216.25,5
2026-09-22 09:37:00+05:30,12225.0,12225.0,12212.0,12212.0,322
2026-09-22 09:38:00+05:30,12225.0,12225.0,12218.25,12218.25,9
2026-09-22 09:39:00+05:30,12228.0,12228.2001953125,12224.900390625,12224.900390625,39
2026-09-22 09:40:00+05:30,12225.2998046875,12230.0,12225.2998046875,12228.0,11
2026-09-22 09:41:00+05:30,12230.0498046875,12230.0498046875,12229.900390625,12229.900390625,58
2026-09-22 09:42:00+05:30,12260.0,12260.0,12237.900390625,12240.0,258
2026-09-22 09:43:00+05:30,12253.599609375,12260.0,12244.9501953125,12260.0,83
2026-09-22 09:44:00+05:30,12245.0,12247.2001953125,12245.0,12247.2001953125,184
2026-09-22 09:45:00+05:30,12266.7998046875,12271.0,12248.0,12250.0,663
2026-09-22 09:46:00+05:30,12265.0,12266.7998046875,12260.900390625,12261.0,33
2026-09-22 09:47:00+05:30,12275.0,12275.0,12260.7001953125,12264.900390625,37
2026-09-22 09:48:00+05:30,12272.4501953125,12272.4501953125,12264.400390625,12264.400390625,24
2026-09-22 09:49:00+05:30,12272.0498046875,12273.0,12272.0498046875,12273.0,42
2026-09-22 09:50:00+05:30,12261.400390625,12261.400390625,12261.400390625,12261.400390625,50
2026-09-22 09:51:00+05:30,12270.0,12271.099609375,12262.0,12271.099609375,35
2026-09-22 09:53:00+05:30,12260.650390625,12271.25,12260.650390625,12270.0,195
2026-09-22 09:54:00+05:30,12253.349609375,12262.75,12251.599609375,12251.599609375,218
2026-09-22 09:55:00+05:30,12254.400390625,12261.900390625,12254.2001953125,12261.900390625,36
2026-09-22 09:56:00+05:30,12269.400390625,12269.400390625,12259.0,12259.0,14
2026-09-22 09:57:00+05:30,12269.2001953125,12269.2001953125,12260.900390625,12261.599609375,9
2026-09-22 09:58:00+05:30,12269.0,12269.0,12263.4501953125,12263.4501953125,8
2026-09-22 09:59:00+05:30,12263.9501953125,12270.650390625,12263.9501953125,12270.650390625,33
2026-09-22 10:00:00+05:30,12265.150390625,12265.150390625,12265.150390625,12265.150390625,2
2026-09-22 10:01:00+05:30,12264.9501953125,12270.0,12264.9501953125,12265.25,30
2026-09-22 10:02:00+05:30,12260.0,12260.0,12260.0,12260.0,2
2026-09-22 10:03:00+05:30,12267.0,12267.0,12260.0,12260.0,13
2026-09-22 10:04:00+05:30,12272.5,12272.5,12259.599609375,12259.599609375,76
2026-09-22 10:05:00+05:30,12271.2001953125,12271.25,12261.349609375,12269.0,106
2026-09-22 10:06:00+05:30,12269.7998046875,12271.2001953125,12261.9501953125,12271.2001953125,55
2026-09-22 10:07:00+05:30,12249.9501953125,12269.2998046875,12240.0,12269.2998046875,260
2026-09-22 10:08:00+05:30,12237.2998046875,12245.25,12237.2998046875,12242.7001953125,65
2026-09-22 10:09:00+05:30,12225.0,12225.0,12220.4501953125,12225.0,48
2026-09-22 10:10:00+05:30,12224.0,12227.900390625,12220.900390625,12225.0,83
2026-09-22 10:11:00+05:30,12225.0,12230.0,12222.7998046875,12225.0,70
2026-09-22 10:12:00+05:30,12225.0,12227.5,12223.0,12225.0,34
2026-09-22 10:13:00+05:30,12225.0,12225.0,12225.0,12225.0,2
2026-09-22 10:14:00+05:30,12222.0,12225.0,12222.0,12225.0,12
2026-09-22 10:15:00+05:30,12220.0,12223.0,12220.0,12222.0,19
2026-09-22 10:16:00+05:30,12220.150390625,12221.4501953125,12220.150390625,12221.4501953125,2
2026-09-22 10:17:00+05:30,12225.0,12225.0,12215.650390625,12221.599609375,68
2026-09-22 10:18:00+05:30,12220.0,12220.0,12220.0,12220.0,10
2026-09-22 10:19:00+05:30,12215.0,12215.0,12215.0,12215.0,7
2026-09-22 10:20:00+05:30,12215.0498046875,12220.0,12215.0498046875,12220.0,15
2026-09-22 10:21:00+05:30,12218.75,12219.900390625,12211.400390625,12219.900390625,8
2026-09-22 10:22:00+05:30,12207.5,12219.0498046875,12207.5,12218.849609375,88
2026-09-22 10:23:00+05:30,12210.0,12210.7001953125,12210.0,12210.0,39
2026-09-22 10:24:00+05:30,12202.599609375,12202.599609375,12202.5,12202.5,109
2026-09-22 10:25:00+05:30,12203.099609375,12203.7998046875,12203.099609375,12203.7998046875,16
2026-09-22 10:26:00+05:30,12200.0,12210.0,12200.0,12210.0,76
2026-09-22 10:27:00+05:30,12209.0,12209.0,12195.0,12195.0,31
2026-09-22 10:28:00+05:30,12211.5498046875,12211.5498046875,12205.400390625,12210.0,15
2026-09-22 10:29:00+05:30,12198.7998046875,12201.0,12198.7998046875,12201.0,220
2026-09-22 10:30:00+05:30,12194.9501953125,12198.7998046875,12194.9501953125,12198.7998046875,38
2026-09-22 10:31:00+05:30,12194.099609375,12194.099609375,12189.0,12191.0,19
2026-09-22 10:32:00+05:30,12190.0,12194.9501953125,12188.150390625,12190.0,48
2026-09-22 10:33:00+05:30,12190.5,12190.5,12185.0,12185.0,50
2026-09-22 10:34:00+05:30,12195.0,12195.0,12195.0,12195.0,7
2026-09-22 10:35:00+05:30,12187.0,12190.0,12185.0,12190.0,42
2026-09-22 10:36:00+05:30,12191.0498046875,12191.0498046875,12182.5,12185.0,12
2026-09-22 10:37:00+05:30,12191.4501953125,12192.400390625,12191.0498046875,12192.400390625,156
2026-09-22 10:38:00+05:30,12191.2998046875,12191.2998046875,12185.9501953125,12191.0,10
2026-09-22 10:39:00+05:30,12186.0,12186.0,12186.0,12186.0,1
2026-09-22 10:40:00+05:30,12186.2998046875,12189.9501953125,12182.0,12182.0,21
2026-09-22 10:41:00+05:30,12180.400390625,12180.400390625,12180.0,12180.400390625,57
2026-09-22 10:42:00+05:30,12165.7998046875,12175.0,12160.0,12172.9501953125,108
2026-09-22 10:43:00+05:30,12171.5,12179.599609375,12170.0,12170.0,25
2026-09-22 10:44:00+05:30,12164.099609375,12172.650390625,12164.099609375,12171.7001953125,75
2026-09-22 10:45:00+05:30,12179.25,12179.25,12170.0,12171.0,19
2026-09-22 10:46:00+05:30,12176.75,12176.75,12171.0,12171.0,3
2026-09-22 10:47:00+05:30,12174.349609375,12174.349609375,12174.349609375,12174.349609375,4
2026-09-22 10:48:00+05:30,12175.0,12175.0,12175.0,12175.0,5
2026-09-22 10:49:00+05:30,12182.9501953125,12182.9501953125,12174.349609375,12180.0,34
2026-09-22 10:50:00+05:30,12174.7001953125,12174.7001953125,12174.7001953125,12174.7001953125,13
2026-09-22 10:51:00+05:30,12174.900390625,12180.5498046875,12167.5498046875,12180.5498046875,32
2026-09-22 10:52:00+05:30,12174.4501953125,12174.4501953125,12174.4501953125,12174.4501953125,5
2026-09-22 10:53:00+05:30,12165.7001953125,12170.0,12165.0498046875,12165.0498046875,11
2026-09-22 10:54:00+05:30,12175.0,12175.0,12168.7998046875,12174.900390625,25
2026-09-22 10:55:00+05:30,12171.349609375,12175.0,12171.349609375,12175.0,20
2026-09-22 10:56:00+05:30,12182.4501953125,12182.4501953125,12182.4501953125,12182.4501953125,9
2026-09-22 10:57:00+05:30,12170.0,12182.9501953125,12170.0,12182.9501953125,87
2026-09-22 10:58:00+05:30,12170.5,12180.0,12170.5,12178.4501953125,10
2026-09-22 10:59:00+05:30,12187.400390625,12187.400390625,12174.0498046875,12174.0498046875,13
2026-09-22 11:00:00+05:30,12186.0,12187.2001953125,12186.0,12186.9501953125,50
2026-09-22 11:01:00+05:30,12180.0,12181.599609375,12180.0,12180.2998046875,102
2026-09-22 11:02:00+05:30,12181.5,12181.5,12180.0,12180.0,2
2026-09-22 11:03:00+05:30,12180.2001953125,12180.2001953125,12175.0,12175.0,102
2026-09-22 11:04:00+05:30,12177.0,12177.0,12173.349609375,12177.0,32
2026-09-22 11:05:00+05:30,12176.9501953125,12176.9501953125,12176.75,12176.75,3
2026-09-22 11:06:00+05:30,12177.0,12177.0,12175.0,12175.0,11
2026-09-22 11:07:00+05:30,12186.0,12190.099609375,12186.0,12186.0,9
2026-09-22 11:08:00+05:30,12185.0,12192.349609375,12185.0,12192.349609375,3
2026-09-22 11:09:00+05:30,12194.0,12194.0,12188.150390625,12188.150390625,3
2026-09-22 11:10:00+05:30,12188.349609375,12188.9501953125,12188.349609375,12188.9501953125,13
2026-09-22 11:11:00+05:30,12194.400390625,12194.9501953125,12187.0,12187.0,19
2026-09-22 11:12:00+05:30,12190.849609375,12190.849609375,12190.849609375,12190.849609375,1
2026-09-22 11:13:00+05:30,12193.4501953125,12200.0,12193.4501953125,12196.150390625,71
2026-09-22 11:14:00+05:30,12197.099609375,12197.099609375,12193.0,12193.0,78
2026-09-22 11:15:00+05:30,12194.9501953125,12195.900390625,12189.25,12195.900390625,12
2026-09-22 11:16:00+05:30,12196.0,12196.0,12195.0,12195.9501953125,36
2026-09-22 11:17:00+05:30,12200.0,12202.7998046875,12200.0,12200.0,29
2026-09-22 11:18:00+05:30,12194.9501953125,12201.0,12194.9501953125,12200.0,102
2026-09-22 11:19:00+05:30,12192.0498046875,12196.9501953125,12192.0498046875,12196.9501953125,89
2026-09-22 11:20:00+05:30,12192.849609375,12192.849609375,12192.849609375,12192.849609375,2
2026-09-22 11:21:00+05:30,12192.5498046875,12192.5498046875,12192.5498046875,12192.5498046875,4
2026-09-22 11:22:00+05:30,12201.5,12201.5,12198.0,12198.0,6
2026-09-22 11:24:00+05:30,12213.849609375,12213.849609375,12198.599609375,12199.2998046875,56
2026-09-22 11:25:00+05:30,12205.0,12205.0,12200.0,12200.0,19
2026-09-22 11:26:00+05:30,12205.0,12209.0498046875,12202.0,12204.9501953125,29
2026-09-22 11:27:00+05:30,12196.7998046875,12196.7998046875,12196.7998046875,12196.7998046875,12
2026-09-22 11:28:00+05:30,12202.349609375,12202.349609375,12202.349609375,12202.349609375,2
2026-09-22 11:29:00+05:30,12198.349609375,12198.349609375,12192.0498046875,12192.0498046875,19
2026-09-22 11:30:00+05:30,12190.0,12192.0,12190.0,12192.0,10
2026-09-22 11:32:00+05:30,12180.0,12184.7001953125,12180.0,12184.7001953125,6
2026-09-22 11:33:00+05:30,12175.2998046875,12181.25,12175.2998046875,12181.25,12
2026-09-22 11:34:00+05:30,12180.900390625,12180.900390625,12180.900390625,12180.900390625,6
2026-09-22 11:35:00+05:30,12172.0498046875,12175.2998046875,12172.0498046875,12175.2998046875,22
2026-09-22 11:38:00+05:30,12174.0498046875,12176.0,12174.0498046875,12176.0,7
2026-09-22 11:39:00+05:30,12172.0,12177.650390625,12172.0,12172.4501953125,7
2026-09-22 11:40:00+05:30,12177.0,12177.0,12177.0,12177.0,1
2026-09-22 11:42:00+05:30,12172.0,12176.9501953125,12172.0,12174.5,154
2026-09-22 11:43:00+05:30,12174.849609375,12174.849609375,12169.0,12170.0498046875,24
2026-09-22 11:44:00+05:30,12169.75,12175.5498046875,12169.75,12175.5498046875,91
2026-09-22 11:45:00+05:30,12178.400390625,12178.400390625,12177.0,12177.0,3
2026-09-22 11:46:00+05:30,12170.0,12174.150390625,12170.0,12170.349609375,8
2026-09-22 11:47:00+05:30,12171.9501953125,12171.9501953125,12168.0,12168.0,25
2026-09-22 11:49:00+05:30,12181.7998046875,12181.7998046875,12176.900390625,12176.900390625,4
2026-09-22 11:50:00+05:30,12184.5498046875,12184.5498046875,12181.7998046875,12181.7998046875,12
2026-09-22 11:51:00+05:30,12180.7998046875,12180.7998046875,12178.349609375,12178.349609375,9
2026-09-22 11:52:00+05:30,12180.2998046875,12180.2998046875,12180.2998046875,12180.2998046875,1
2026-09-22 11:54:00+05:30,12182.849609375,12182.849609375,12176.650390625,12176.650390625,6
2026-09-22 11:55:00+05:30,12194.9501953125,12194.9501953125,12175.599609375,12183.0498046875,163
2026-09-22 11:56:00+05:30,12184.0,12184.0,12175.0,12175.0,74
2026-09-22 11:57:00+05:30,12185.150390625,12190.0,12185.150390625,12190.0,2
2026-09-22 11:58:00+05:30,12185.5498046875,12185.5498046875,12185.5498046875,12185.5498046875,2
2026-09-22 11:59:00+05:30,12191.2998046875,12191.2998046875,12191.2998046875,12191.2998046875,126
2026-09-22 12:00:00+05:30,12188.0,12188.0,12188.0,12188.0,1
2026-09-22 12:01:00+05:30,12188.0,12188.0,12185.0,12185.0,4
2026-09-22 12:02:00+05:30,12188.7998046875,12188.7998046875,12183.5,12185.0,8
2026-09-22 12:03:00+05:30,12188.0,12188.0,12188.0,12188.0,11
2026-09-22 12:04:00+05:30,12185.599609375,12188.150390625,12185.599609375,12188.150390625,11
2026-09-22 12:05:00+05:30,12185.599609375,12185.599609375,12185.599609375,12185.599609375,11
2026-09-22 12:07:00+05:30,12191.4501953125,12191.4501953125,12191.4501953125,12191.4501953125,74
2026-09-22 12:09:00+05:30,12186.7001953125,12187.75,12186.7001953125,12187.75,70
2026-09-22 12:10:00+05:30,12190.9501953125,12190.9501953125,12190.9501953125,12190.9501953125,10
2026-09-22 12:11:00+05:30,12185.7998046875,12190.0,12185.7998046875,12190.0,3
2026-09-22 12:12:00+05:30,12184.7998046875,12185.9501953125,12184.7998046875,12185.7998046875,77
2026-09-22 12:13:00+05:30,12182.25,12189.0,12177.5498046875,12189.0,8
2026-09-22 12:14:00+05:30,12186.0,12186.0,12181.650390625,12181.650390625,4
2026-09-22 12:15:00+05:30,12187.5498046875,12187.5498046875,12180.849609375,12182.4501953125,40
2026-09-22 12:16:00+05:30,12189.0,12189.0,12183.900390625,12187.5498046875,18
2026-09-22 12:17:00+05:30,12183.2001953125,12183.2998046875,12183.2001953125,12183.2998046875,45
2026-09-22 12:18:00+05:30,12183.5498046875,12188.0,12183.5498046875,12188.0,22
2026-09-22 12:20:00+05:30,12188.0,12188.0,12183.650390625,12183.650390625,20
2026-09-22 12:21:00+05:30,12188.0,12188.0,12188.0,12188.0,1
2026-09-22 12:22:00+05:30,12188.0,12190.0,12185.5498046875,12188.0,4
2026-09-22 12:23:00+05:30,12189.0498046875,12189.0498046875,12189.0498046875,12189.0498046875,4
2026-09-22 12:24:00+05:30,12188.150390625,12188.150390625,12187.5498046875,12187.5498046875,5
2026-09-22 12:25:00+05:30,12183.2001953125,12187.5,12183.2001953125,12187.5,5
2026-09-22 12:27:00+05:30,12191.0,12191.0,12189.0,12189.0,1265
2026-09-22 12:28:00+05:30,12191.0,12191.2998046875,12191.0,12191.0,30
2026-09-22 12:29:00+05:30,12191.0,12192.349609375,12191.0,12192.25,28
2026-09-22 12:30:00+05:30,12191.0,12193.0498046875,12191.0,12192.0,101
2026-09-22 12:31:00+05:30,12191.0,12191.2998046875,12191.0,12191.0,130
2026-09-22 12:32:00+05:30,12191.0,12191.0,12191.0,12191.0,462
2026-09-22 12:33:00+05:30,12191.0,12191.0,12191.0,12191.0,27
2026-09-22 12:34:00+05:30,12191.0,12191.0,12191.0,12191.0,428
2026-09-22 12:35:00+05:30,12191.0,12191.0,12191.0,12191.0,236
2026-09-22 12:36:00+05:30,12190.0,12191.0,12190.0,12191.0,630
2026-09-22 12:37:00+05:30,12190.0,12190.0,12190.0,12190.0,23
2026-09-22 12:38:00+05:30,12190.0,12192.9501953125,12190.0,12190.0,64
2026-09-22 12:39:00+05:30,12190.0,12190.0,12190.0,12190.0,221
2026-09-22 12:40:00+05:30,12191.0,12191.0,12191.0,12191.0,21
2026-09-22 12:41:00+05:30,12190.0,12191.0,12190.0,12191.0,2629
2026-09-22 12:42:00+05:30,12183.9501953125,12194.0,12183.599609375,12190.0,1226
2026-09-22 12:44:00+05:30,12183.0,12183.0,12183.0,12183.0,1
2026-09-22 12:45:00+05:30,12170.0,12173.0,12170.0,12171.9501953125,46
2026-09-22 12:46:00+05:30,12172.2998046875,12173.0,12170.0,12170.0,57
2026-09-22 12:47:00+05:30,12172.0,12172.75,12172.0,12172.75,4
2026-09-22 12:48:00+05:30,12172.9501953125,12174.9501953125,12167.5498046875,12172.0,15
2026-09-22 12:49:00+05:30,12166.0,12168.0,12166.0,12168.0,37
2026-09-22 12:50:00+05:30,12169.75,12172.9501953125,12164.849609375,12164.849609375,45
2026-09-22 12:51:00+05:30,12174.0,12174.0,12174.0,12174.0,3
2026-09-22 12:52:00+05:30,12169.9501953125,12169.9501953125,12169.9501953125,12169.9501953125,1
2026-09-22 12:54:00+05:30,12170.0,12172.0,12170.0,12172.0,3
2026-09-22 12:55:00+05:30,12162.0,12167.9501953125,12162.0,12165.0,33
2026-09-22 12:56:00+05:30,12166.0,12166.0,12160.0,12160.0,25
2026-09-22 12:57:00+05:30,12171.099609375,12177.5,12171.099609375,12177.5,10
2026-09-22 12:58:00+05:30,12177.4501953125,12177.4501953125,12177.4501953125,12177.4501953125,1
2026-09-22 12:59:00+05:30,12175.7001953125,12175.75,12170.900390625,12170.900390625,4
2026-09-22 13:00:00+05:30,12167.5498046875,12167.5498046875,12167.5498046875,12167.5498046875,22
2026-09-22 13:01:00+05:30,12173.599609375,12173.599609375,12173.2001953125,12173.2001953125,7
2026-09-22 13:02:00+05:30,12172.849609375,12177.4501953125,12172.849609375,12177.4501953125,5
2026-09-22 13:03:00+05:30,12170.9501953125,12174.5498046875,12170.9501953125,12174.5498046875,2
2026-09-22 13:04:00+05:30,12172.0,12177.0,12172.0,12177.0,35
2026-09-22 13:05:00+05:30,12177.0,12177.0,12177.0,12177.0,3
2026-09-22 13:07:00+05:30,12181.0,12181.0,12180.0,12181.0,6
2026-09-22 13:08:00+05:30,12184.900390625,12184.900390625,12177.900390625,12184.5498046875,18
2026-09-22 13:09:00+05:30,12185.849609375,12187.0498046875,12178.2998046875,12183.7001953125,43
2026-09-22 13:10:00+05:30,12180.900390625,12180.900390625,12180.900390625,12180.900390625,1
2026-09-22 13:12:00+05:30,12184.9501953125,12184.9501953125,12181.0,12181.0,22
2026-09-22 13:13:00+05:30,12180.0,12180.0,12180.0,12180.0,29
2026-09-22 13:14:00+05:30,12179.599609375,12184.2998046875,12179.599609375,12184.2998046875,112
2026-09-22 13:15:00+05:30,12179.599609375,12179.599609375,12179.599609375,12179.599609375,3
2026-09-22 13:16:00+05:30,12184.9501953125,12184.9501953125,12177.5498046875,12177.5498046875,13
2026-09-22 13:17:00+05:30,12185.150390625,12185.150390625,12185.150390625,12185.150390625,5
2026-09-22 13:19:00+05:30,12183.0,12183.0,12177.5498046875,12177.5498046875,3
2026-09-22 13:20:00+05:30,12180.849609375,12180.849609375,12175.75,12175.75,3
2026-09-22 13:22:00+05:30,12179.0,12179.0,12175.0,12175.0,21
2026-09-22 13:24:00+05:30,12174.400390625,12174.400390625,12174.400390625,12174.400390625,10
2026-09-22 13:25:00+05:30,12175.0498046875,12178.0,12174.9501953125,12178.0,4
2026-09-22 13:26:00+05:30,12172.650390625,12182.349609375,12172.650390625,12182.349609375,4
2026-09-22 13:27:00+05:30,12172.7001953125,12178.9501953125,12172.7001953125,12178.9501953125,2
2026-09-22 13:28:00+05:30,12172.5,12174.349609375,12172.5,12174.349609375,17
2026-09-22 13:30:00+05:30,12179.150390625,12179.150390625,12179.150390625,12179.150390625,1
2026-09-22 13:31:00+05:30,12182.4501953125,12182.4501953125,12180.2001953125,12180.2001953125,17
2026-09-22 13:32:00+05:30,12179.0,12179.0,12179.0,12179.0,1
2026-09-22 13:33:00+05:30,12177.099609375,12183.0,12177.099609375,12178.5498046875,42
2026-09-22 13:34:00+05:30,12183.0,12183.0,12183.0,12183.0,1
2026-09-22 13:35:00+05:30,12175.150390625,12175.150390625,12175.150390625,12175.150390625,6
2026-09-22 13:37:00+05:30,12179.9501953125,12179.9501953125,12179.9501953125,12179.9501953125,2
2026-09-22 13:39:00+05:30,12179.75,12179.75,12179.75,12179.75,3
2026-09-22 13:40:00+05:30,12177.5498046875,12178.349609375,12177.5498046875,12178.349609375,2
2026-09-22 13:41:00+05:30,12175.099609375,12175.099609375,12175.099609375,12175.099609375,1
2026-09-22 13:42:00+05:30,12182.4501953125,12182.4501953125,12177.650390625,12177.650390625,2
2026-09-22 13:43:00+05:30,12176.0498046875,12182.349609375,12176.0498046875,12182.349609375,17
2026-09-22 13:44:00+05:30,12173.5,12182.4501953125,12173.5,12175.0,42
2026-09-22 13:45:00+05:30,12177.5498046875,12177.5498046875,12170.75,12173.0,16
2026-09-22 13:46:00+05:30,12179.4501953125,12179.4501953125,12175.0,12175.0,3
2026-09-22 13:47:00+05:30,12177.4501953125,12177.5,12177.4501953125,12177.5,23
2026-09-22 13:48:00+05:30,12177.4501953125,12177.4501953125,12177.4501953125,12177.4501953125,1
2026-09-22 13:50:00+05:30,12170.0,12170.7998046875,12170.0,12170.7998046875,19
2026-09-22 13:51:00+05:30,12167.349609375,12170.0,12167.349609375,12170.0,6
2026-09-22 13:52:00+05:30,12170.0,12170.0,12165.0,12167.349609375,5
2026-09-22 13:53:00+05:30,12164.0,12170.0,12164.0,12170.0,4
2026-09-22 13:54:00+05:30,12153.900390625,12160.0,12150.0498046875,12160.0,209
2026-09-22 13:55:00+05:30,12162.349609375,12162.349609375,12162.349609375,12162.349609375,1
2026-09-22 13:56:00+05:30,12155.5,12160.0,12155.5,12160.0,26
2026-09-22 13:57:00+05:30,12155.5498046875,12155.5498046875,12153.599609375,12153.599609375,27
2026-09-22 13:59:00+05:30,12160.0,12161.0,12160.0,12161.0,24
2026-09-22 14:00:00+05:30,12145.0,12157.900390625,12141.849609375,12156.0,132
2026-09-22 14:01:00+05:30,12151.0,12155.25,12150.0,12150.0,14
2026-09-22 14:02:00+05:30,12151.0,12151.0,12151.0,12151.0,32
2026-09-22 14:03:00+05:30,12155.2998046875,12157.5,12155.0,12156.2001953125,14
2026-09-22 14:04:00+05:30,12152.25,12152.25,12152.25,12152.25,3
2026-09-22 14:05:00+05:30,12157.0,12157.0,12157.0,12157.0,1
2026-09-22 14:06:00+05:30,12156.5498046875,12156.5498046875,12156.5498046875,12156.5498046875,1
2026-09-22 14:07:00+05:30,12157.849609375,12157.849609375,12157.849609375,12157.849609375,1
2026-09-22 14:08:00+05:30,12155.0,12155.0,12155.0,12155.0,42
2026-09-22 14:09:00+05:30,12151.9501953125,12154.400390625,12151.9501953125,12154.400390625,30
2026-09-22 14:10:00+05:30,12163.400390625,12163.400390625,12163.400390625,12163.400390625,1
2026-09-22 14:11:00+05:30,12160.349609375,12165.7998046875,12156.5,12156.5,13
2026-09-22 14:12:00+05:30,12159.5,12160.349609375,12159.5,12160.349609375,2
2026-09-22 14:13:00+05:30,12166.75,12174.9501953125,12166.75,12174.9501953125,12
2026-09-22 14:14:00+05:30,12185.150390625,12185.150390625,12166.7001953125,12166.7001953125,352
2026-09-22 14:15:00+05:30,12189.400390625,12195.0,12184.0498046875,12187.0,48
2026-09-22 14:16:00+05:30,12175.0,12176.2001953125,12171.9501953125,12171.9501953125,16
2026-09-22 14:17:00+05:30,12181.25,12187.0498046875,12181.25,12184.099609375,4
2026-09-22 14:18:00+05:30,12188.4501953125,12195.2001953125,12188.4501953125,12190.0,102
2026-09-22 14:19:00+05:30,12193.150390625,12193.150390625,12187.849609375,12187.849609375,27
2026-09-22 14:20:00+05:30,12195.2001953125,12195.2001953125,12195.0,12195.0,11
2026-09-22 14:21:00+05:30,12195.7998046875,12200.0,12195.2001953125,12195.2001953125,33
2026-09-22 14:22:00+05:30,12197.5,12197.5,12197.5,12197.5,1
2026-09-22 14:23:00+05:30,12189.0,12189.0,12189.0,12189.0,13
2026-09-22 14:24:00+05:30,12185.0,12189.0,12185.0,12189.0,2
2026-09-22 14:25:00+05:30,12187.400390625,12187.400390625,12175.0498046875,12175.0498046875,42
2026-09-22 14:27:00+05:30,12190.0,12190.0,12190.0,12190.0,13
2026-09-22 14:28:00+05:30,12187.150390625,12187.150390625,12181.0,12181.0,17
2026-09-22 14:31:00+05:30,12186.4501953125,12186.4501953125,12186.4501953125,12186.4501953125,2
2026-09-22 14:32:00+05:30,12184.400390625,12186.0,12181.2001953125,12184.400390625,58
2026-09-22 14:33:00+05:30,12177.0,12181.0,12177.0,12181.0,64
2026-09-22 14:34:00+05:30,12177.0,12177.0,12177.0,12177.0,16
2026-09-22 14:35:00+05:30,12184.0,12184.0,12177.0498046875,12177.0498046875,4
2026-09-22 14:36:00+05:30,12183.0,12187.2001953125,12183.0,12187.2001953125,4
2026-09-22 14:37:00+05:30,12180.0,12180.0,12180.0,12180.0,4
2026-09-22 14:38:00+05:30,12187.349609375,12189.7001953125,12185.150390625,12185.150390625,69
2026-09-22 14:39:00+05:30,12178.5498046875,12183.900390625,12178.5498046875,12180.0498046875,30
2026-09-22 14:40:00+05:30,12179.849609375,12186.150390625,12179.849609375,12184.0,14
2026-09-22 14:41:00+05:30,12178.25,12178.25,12178.25,12178.25,1
2026-09-22 14:42:00+05:30,12170.2998046875,12178.25,12170.2998046875,12178.25,33
2026-09-22 14:43:00+05:30,12175.0,12177.5,12170.5,12170.5,15
2026-09-22 14:45:00+05:30,12185.150390625,12185.150390625,12182.900390625,12182.900390625,2
2026-09-22 14:46:00+05:30,12185.7998046875,12187.0,12185.150390625,12187.0,77
2026-09-22 14:47:00+05:30,12185.0,12185.0,12183.0,12183.0,6
2026-09-22 14:48:00+05:30,12183.650390625,12184.9501953125,12177.7998046875,12177.7998046875,8
2026-09-22 14:49:00+05:30,12180.0,12184.0498046875,12178.0498046875,12184.0498046875,6
2026-09-22 14:50:00+05:30,12173.7001953125,12180.0,12173.7001953125,12178.0498046875,113
2026-09-22 14:51:00+05:30,12174.0,12181.900390625,12174.0,12176.0498046875,16
2026-09-22 14:52:00+05:30,12172.2001953125,12177.5,12170.0498046875,12170.0498046875,4
2026-09-22 14:53:00+05:30,12175.0,12180.4501953125,12175.0,12175.0,7
2026-09-22 14:54:00+05:30,12183.0,12183.0,12172.0498046875,12172.0498046875,96
2026-09-22 14:56:00+05:30,12174.349609375,12174.349609375,12174.349609375,12174.349609375,19
2026-09-22 14:57:00+05:30,12171.0,12179.9501953125,12171.0,12179.0,7
2026-09-22 14:58:00+05:30,12174.7998046875,12174.7998046875,12170.0498046875,12170.0498046875,3
2026-09-22 14:59:00+05:30,12167.0,12174.900390625,12167.0,12174.0,18
2026-09-22 15:00:00+05:30,12172.0,12172.2001953125,12167.0498046875,12167.0498046875,103
2026-09-22 15:01:00+05:30,12170.0,12172.0,12170.0,12172.0,31
2026-09-22 15:02:00+05:30,12167.099609375,12171.0,12167.099609375,12171.0,3
2026-09-22 15:03:00+05:30,12165.0,12165.75,12165.0,12165.75,20
2026-09-22 15:04:00+05:30,12169.0,12169.0,12165.0,12165.0,3
2026-09-22 15:05:00+05:30,12178.900390625,12178.900390625,12171.2998046875,12171.2998046875,19
2026-09-22 15:06:00+05:30,12166.0498046875,12175.5,12166.0498046875,12175.349609375,64
2026-09-22 15:07:00+05:30,12160.75,12172.4501953125,12160.0,12165.099609375,136
2026-09-22 15:08:00+05:30,12158.75,12166.650390625,12156.0498046875,12156.0498046875,9
2026-09-22 15:09:00+05:30,12157.5498046875,12174.5498046875,12157.5498046875,12162.0,110
2026-09-22 15:10:00+05:30,12167.7001953125,12167.7001953125,12167.7001953125,12167.7001953125,8
2026-09-22 15:11:00+05:30,12161.7001953125,12165.75,12159.7998046875,12159.7998046875,19
2026-09-22 15:12:00+05:30,12163.7998046875,12167.7998046875,12150.0,12167.7998046875,238
2026-09-22 15:13:00+05:30,12164.0,12175.150390625,12155.0,12155.0,5
2026-09-22 15:14:00+05:30,12178.400390625,12178.400390625,12163.7998046875,12175.0,6
2026-09-22 15:28:00+05:30,12190.0,12190.0,12190.0,12190.0,52
2026-09-23 09:15:00+05:30,12193.7998046875,12211.0,12186.4501953125,12186.4501953125,127
2026-09-23 09:16:00+05:30,12200.0498046875,12200.0498046875,12180.0,12180.0,16
2026-09-23 09:17:00+05:30,12196.7001953125,12211.7998046875,12196.7001953125,12204.7001953125,7
2026-09-23 09:18:00+05:30,12211.0,12226.099609375,12211.0,12226.099609375,29
2026-09-23 09:19:00+05:30,12222.5,12234.400390625,12222.5,12229.0,24
2026-09-23 09:20:00+05:30,12230.0,12230.0,12222.2998046875,12222.2998046875,28
2026-09-23 09:21:00+05:30,12236.4501953125,12236.4501953125,12227.0,12227.0,10
2026-09-23 09:22:00+05:30,12217.75,12217.75,12217.75,12217.75,17
2026-09-23 09:23:00+05:30,12217.75,12217.75,12217.75,12217.75,5
2026-09-23 09:24:00+05:30,12224.7998046875,12224.7998046875,12224.7998046875,12224.7998046875,1
2026-09-23 09:25:00+05:30,12230.0,12230.0,12230.0,12230.0,4
2026-09-23 09:26:00+05:30,12218.900390625,12221.9501953125,12218.900390625,12221.9501953125,3
2026-09-23 09:27:00+05:30,12209.7998046875,12215.0,12209.7998046875,12215.0,31
2026-09-23 09:28:00+05:30,12208.900390625,12211.0,12200.0,12211.0,97
2026-09-23 09:29:00+05:30,12190.0498046875,12215.849609375,12190.0498046875,12215.849609375,80
2026-09-23 09:30:00+05:30,12196.099609375,12201.900390625,12190.0,12201.900390625,49
2026-09-23 09:31:00+05:30,12195.849609375,12195.900390625,12195.849609375,12195.900390625,4
2026-09-23 09:32:00+05:30,12195.0,12195.0,12195.0,12195.0,6
2026-09-23 09:33:00+05:30,12200.0,12200.0,12196.7998046875,12196.7998046875,4
2026-09-23 09:34:00+05:30,12200.0,12200.0,12200.0,12200.0,2
2026-09-23 09:36:00+05:30,12195.650390625,12195.650390625,12189.5,12189.5,11
2026-09-23 09:37:00+05:30,12199.0,12199.0,12196.5498046875,12196.5498046875,30
2026-09-23 09:38:00+05:30,12200.0,12200.0,12198.599609375,12198.599609375,18
2026-09-23 09:39:00+05:30,12192.0,12200.2001953125,12192.0,12200.0,59
2026-09-23 09:40:00+05:30,12198.9501953125,12198.9501953125,12186.25,12195.349609375,9
2026-09-23 09:41:00+05:30,12200.0,12200.0,12200.0,12200.0,2
2026-09-23 09:42:00+05:30,12200.0,12200.0,12200.0,12200.0,1
2026-09-23 09:43:00+05:30,12202.5,12202.5,12202.5,12202.5,4
2026-09-23 09:44:00+05:30,12189.349609375,12200.0,12189.349609375,12200.0,26
2026-09-23 09:45:00+05:30,12189.0,12189.0,12189.0,12189.0,5
2026-09-23 09:46:00+05:30,12194.7998046875,12194.7998046875,12188.349609375,12188.349609375,2
2026-09-23 09:47:00+05:30,12194.0498046875,12194.0498046875,12194.0498046875,12194.0498046875,1
2026-09-23 09:48:00+05:30,12170.0,12183.0,12170.0,12180.0,227
2026-09-23 09:49:00+05:30,12150.0,12154.099609375,12150.0,12154.099609375,55
2026-09-23 09:50:00+05:30,12143.400390625,12150.0,12143.400390625,12150.0,6
2026-09-23 09:51:00+05:30,12150.0,12150.0,12150.0,12150.0,83
2026-09-23 09:52:00+05:30,12150.0,12150.0,12150.0,12150.0,21
2026-09-23 09:53:00+05:30,12150.0,12158.0,12150.0,12150.0,180
2026-09-23 09:54:00+05:30,12146.7001953125,12150.0,12145.599609375,12149.0,30
2026-09-23 09:55:00+05:30,12142.0,12150.0,12142.0,12149.9501953125,42
2026-09-23 09:56:00+05:30,12150.0,12150.0,12148.0,12148.0,4
2026-09-23 09:57:00+05:30,12140.0,12150.0,12136.650390625,12150.0,111
2026-09-23 09:58:00+05:30,12132.099609375,12142.599609375,12129.0498046875,12142.599609375,173
2026-09-23 09:59:00+05:30,12140.0,12140.0,12132.0,12133.0,35
2026-09-23 10:00:00+05:30,12138.0,12140.0,12131.099609375,12133.75,23
2026-09-23 10:01:00+05:30,12133.0,12133.0,12125.25,12131.2998046875,215
2026-09-23 10:02:00+05:30,12133.0,12133.0,12125.2001953125,12132.0,112
2026-09-23 10:03:00+05:30,12129.0,12135.0,12129.0,12135.0,7
2026-09-23 10:04:00+05:30,12130.0,12134.9501953125,12124.5,12134.9501953125,174
2026-09-23 10:05:00+05:30,12135.0,12135.0,12130.0,12134.9501953125,24
2026-09-23 10:06:00+05:30,12132.0,12135.0,12132.0,12135.0,17
2026-09-23 10:07:00+05:30,12136.2998046875,12136.2998046875,12130.0,12130.0,55
2026-09-23 10:08:00+05:30,12138.2998046875,12138.2998046875,12136.2998046875,12136.2998046875,12
2026-09-23 10:09:00+05:30,12133.4501953125,12144.900390625,12131.099609375,12144.0,74
2026-09-23 10:10:00+05:30,12130.0,12133.9501953125,12124.400390625,12124.400390625,113
2026-09-23 10:11:00+05:30,12122.0,12132.0,12115.5,12125.0,608
2026-09-23 10:12:00+05:30,12113.0,12121.0,12113.0,12120.0,126
2026-09-23 10:13:00+05:30,12120.75,12120.75,12111.0498046875,12115.0,12
2026-09-23 10:14:00+05:30,12118.150390625,12120.0,12111.0,12119.7998046875,59
2026-09-23 10:15:00+05:30,12110.0,12115.0,12107.849609375,12115.0,236
2026-09-23 10:16:00+05:30,12132.0,12132.0,12113.0,12113.0,221
2026-09-23 10:17:00+05:30,12139.0,12139.0,12126.650390625,12126.650390625,129
2026-09-23 10:18:00+05:30,12137.5,12138.9501953125,12132.0,12138.9501953125,21
2026-09-23 10:19:00+05:30,12140.0,12140.0,12132.5498046875,12132.5498046875,26
2026-09-23 10:20:00+05:30,12140.0,12140.849609375,12133.650390625,12133.650390625,32
2026-09-23 10:21:00+05:30,12140.0,12140.0,12140.0,12140.0,8
2026-09-23 10:22:00+05:30,12138.0,12140.0,12138.0,12140.0,12
2026-09-23 10:23:00+05:30,12138.0,12145.0,12138.0,12140.0,209
2026-09-23 10:24:00+05:30,12148.2001953125,12148.2001953125,12140.0,12140.0,75
2026-09-23 10:25:00+05:30,12140.0,12140.0,12140.0,12140.0,3
2026-09-23 10:26:00+05:30,12150.0,12150.0,12140.0,12140.0,135
2026-09-23 10:27:00+05:30,12140.0498046875,12148.9501953125,12140.0498046875,12145.4501953125,160
2026-09-23 10:28:00+05:30,12158.2998046875,12164.4501953125,12141.150390625,12141.150390625,595
2026-09-23 10:29:00+05:30,12167.9501953125,12167.9501953125,12145.4501953125,12150.150390625,210
2026-09-23 10:30:00+05:30,12184.9501953125,12184.9501953125,12170.0,12170.0,5
2026-09-23 10:31:00+05:30,12183.650390625,12187.5,12183.650390625,12184.900390625,6
2026-09-23 10:32:00+05:30,12184.2998046875,12188.0,12184.2998046875,12188.0,130
2026-09-23 10:33:00+05:30,12186.7998046875,12189.900390625,12186.7998046875,12189.900390625,3
2026-09-23 10:34:00+05:30,12180.0498046875,12184.849609375,12180.0498046875,12180.0498046875,5
2026-09-23 10:35:00+05:30,12180.0,12180.0,12180.0,12180.0,8
2026-09-23 10:36:00+05:30,12180.25,12182.0,12175.0,12182.0,116
2026-09-23 10:37:00+05:30,12184.0498046875,12184.0498046875,12173.849609375,12173.849609375,11
2026-09-23 10:38:00+05:30,12184.0,12184.0,12184.0,12184.0,10
2026-09-23 10:40:00+05:30,12180.0,12183.849609375,12180.0,12183.849609375,40
2026-09-23 10:41:00+05:30,12173.0498046875,12182.599609375,12173.0498046875,12182.599609375,91
2026-09-23 10:42:00+05:30,12168.400390625,12175.0,12168.400390625,12175.0,11
2026-09-23 10:43:00+05:30,12177.900390625,12177.900390625,12177.900390625,12177.900390625,1
2026-09-23 10:45:00+05:30,12184.0,12184.0,12180.0,12180.0,16
2026-09-23 10:46:00+05:30,12185.0,12191.9501953125,12185.0,12185.0,53
2026-09-23 10:47:00+05:30,12191.0498046875,12191.0498046875,12184.0498046875,12190.0,5
2026-09-23 10:48:00+05:30,12186.0498046875,12194.0,12186.0498046875,12194.0,15
2026-09-23 10:49:00+05:30,12190.0,12194.0,12190.0,12194.0,4
2026-09-23 10:50:00+05:30,12194.0,12194.0,12193.0,12194.0,47
2026-09-23 10:51:00+05:30,12207.349609375,12207.349609375,12207.349609375,12207.349609375,129
2026-09-23 10:53:00+05:30,12200.7998046875,12200.7998046875,12200.7998046875,12200.7998046875,1
2026-09-23 10:54:00+05:30,12199.150390625,12199.150390625,12199.150390625,12199.150390625,1
2026-09-23 10:55:00+05:30,12198.400390625,12198.400390625,12198.400390625,12198.400390625,10
2026-09-23 10:57:00+05:30,12198.25,12198.25,12198.25,12198.25,2
2026-09-23 10:58:00+05:30,12203.0,12203.0,12190.0,12190.0,32
2026-09-23 10:59:00+05:30,12200.0,12202.9501953125,12200.0,12202.9501953125,4
2026-09-23 11:00:00+05:30,12207.0,12207.0,12195.2001953125,12200.0,30
2026-09-23 11:01:00+05:30,12202.2001953125,12202.2001953125,12202.2001953125,12202.2001953125,4
2026-09-23 11:02:00+05:30,12211.0,12211.0,12208.0,12208.0,56
2026-09-23 11:03:00+05:30,12216.25,12216.9501953125,12207.0,12216.900390625,15
2026-09-23 11:04:00+05:30,12205.0,12215.599609375,12205.0,12215.599609375,3
2026-09-23 11:05:00+05:30,12211.0,12211.0,12210.9501953125,12210.9501953125,9
2026-09-23 11:07:00+05:30,12208.0498046875,12214.25,12208.0498046875,12211.0,14
2026-09-23 11:08:00+05:30,12219.5498046875,12219.5498046875,12210.0498046875,12210.0498046875,6
2026-09-23 11:09:00+05:30,12219.9501953125,12220.0,12219.9501953125,12220.0,2
2026-09-23 11:11:00+05:30,12220.0,12220.0,12219.9501953125,12219.9501953125,61
2026-09-23 11:12:00+05:30,12222.5498046875,12222.5498046875,12220.9501953125,12220.9501953125,20
2026-09-23 11:13:00+05:30,12230.0,12230.0,12222.5498046875,12228.0,86
2026-09-23 11:14:00+05:30,12225.0,12233.9501953125,12225.0,12233.2998046875,50
2026-09-23 11:15:00+05:30,12222.5498046875,12233.2998046875,12222.5498046875,12233.2001953125,11
2026-09-23 11:16:00+05:30,12232.0,12232.0,12232.0,12232.0,1
2026-09-23 11:17:00+05:30,12225.150390625,12232.0,12225.150390625,12232.0,4
2026-09-23 11:19:00+05:30,12221.25,12222.5498046875,12221.25,12222.5498046875,107
2026-09-23 11:21:00+05:30,12225.0,12225.0,12221.0,12221.0,14
2026-09-23 11:22:00+05:30,12229.5498046875,12229.5498046875,12225.9501953125,12225.9501953125,9
2026-09-23 11:23:00+05:30,12229.5498046875,12229.5498046875,12225.0,12225.0,78
2026-09-23 11:24:00+05:30,12237.0,12237.0,12225.0,12225.0,69
2026-09-23 11:25:00+05:30,12250.0,12250.0,12231.599609375,12231.599609375,135
2026-09-23 11:26:00+05:30,12250.0,12250.0,12245.0,12248.9501953125,22
2026-09-23 11:27:00+05:30,12238.2001953125,12249.9501953125,12238.2001953125,12249.9501953125,7
2026-09-23 11:28:00+05:30,12238.2001953125,12242.0,12238.2001953125,12238.2001953125,7
2026-09-23 11:29:00+05:30,12232.7998046875,12232.7998046875,12232.7998046875,12232.7998046875,5
2026-09-23 11:30:00+05:30,12242.349609375,12242.349609375,12242.349609375,12242.349609375,1
2026-09-23 11:31:00+05:30,12232.0,12233.099609375,12232.0,12233.099609375,130
2026-09-23 11:32:00+05:30,12230.0,12230.0,12230.0,12230.0,1
2026-09-23 11:35:00+05:30,12223.0,12223.0,12223.0,12223.0,1
2026-09-23 11:36:00+05:30,12222.5,12230.0,12222.5,12230.0,22
2026-09-23 11:37:00+05:30,12230.0,12230.0,12230.0,12230.0,23
2026-09-23 11:40:00+05:30,12232.150390625,12232.150390625,12232.150390625,12232.150390625,1
2026-09-23 11:41:00+05:30,12231.7998046875,12231.7998046875,12230.0,12230.0,44
2026-09-23 11:42:00+05:30,12229.400390625,12229.400390625,12225.0,12225.0,2
2026-09-23 11:43:00+05:30,12223.0,12223.0498046875,12223.0,12223.0498046875,40
2026-09-23 11:44:00+05:30,12223.0,12225.0,12223.0,12223.0,10
2026-09-23 11:45:00+05:30,12225.0,12225.0,12223.0,12223.0,2
2026-09-23 11:46:00+05:30,12223.0,12223.0,12223.0,12223.0,2
2026-09-23 11:47:00+05:30,12225.7001953125,12225.7001953125,12223.0,12223.0,9
2026-09-23 11:48:00+05:30,12229.5498046875,12229.5498046875,12223.0,12223.0,9
2026-09-23 11:49:00+05:30,12230.0,12231.7998046875,12230.0,12230.0,7
2026-09-23 11:50:00+05:30,12222.0,12230.0,12222.0,12230.0,29
2026-09-23 11:51:00+05:30,12221.5498046875,12221.5498046875,12221.5498046875,12221.5498046875,1
2026-09-23 11:52:00+05:30,12226.5,12226.5,12221.5498046875,12221.5498046875,3
2026-09-23 11:55:00+05:30,12221.5498046875,12225.0,12221.5498046875,12225.0,8
2026-09-23 11:57:00+05:30,12235.0,12235.0,12230.900390625,12230.900390625,32
2026-09-23 11:58:00+05:30,12230.0,12234.9501953125,12230.0,12234.9501953125,3
2026-09-23 11:59:00+05:30,12223.650390625,12234.0,12223.650390625,12234.0,14
2026-09-23 12:00:00+05:30,12231.9501953125,12231.9501953125,12231.9501953125,12231.9501953125,1
2026-09-23 12:01:00+05:30,12228.5,12231.900390625,12221.0,12231.900390625,8
2026-09-23 12:02:00+05:30,12228.150390625,12228.150390625,12228.150390625,12228.150390625,1
2026-09-23 12:03:00+05:30,12218.0498046875,12220.0,12218.0498046875,12220.0,22
2026-09-23 12:04:00+05:30,12222.5498046875,12222.5498046875,12216.0,12216.0498046875,6
2026-09-23 12:05:00+05:30,12220.0,12220.0,12220.0,12220.0,24
2026-09-23 12:06:00+05:30,12220.0,12220.0,12220.0,12220.0,74
2026-09-23 12:07:00+05:30,12222.4501953125,12222.4501953125,12222.4501953125,12222.4501953125,5
2026-09-23 12:09:00+05:30,12208.0,12217.0,12208.0,12217.0,30
2026-09-23 12:10:00+05:30,12208.0498046875,12208.0498046875,12208.0498046875,12208.0498046875,2
2026-09-23 12:11:00+05:30,12209.0498046875,12209.0498046875,12209.0498046875,12209.0498046875,2
2026-09-23 12:13:00+05:30,12222.349609375,12222.349609375,12222.349609375,12222.349609375,1
2026-09-23 12:15:00+05:30,12220.0,12222.0,12217.0,12222.0,7
2026-09-23 12:16:00+05:30,12211.7001953125,12219.9501953125,12210.4501953125,12219.9501953125,6
2026-09-23 12:17:00+05:30,12217.0,12217.0,12217.0,12217.0,1
2026-09-23 12:18:00+05:30,12218.099609375,12218.099609375,12218.099609375,12218.099609375,61
2026-09-23 12:21:00+05:30,12220.650390625,12220.650390625,12210.599609375,12210.849609375,30
2026-09-23 12:22:00+05:30,12207.5,12209.0498046875,12207.5,12209.0498046875,21
2026-09-23 12:23:00+05:30,12207.5,12207.5,12207.5,12207.5,1
2026-09-23 12:26:00+05:30,12212.400390625,12212.400390625,12212.400390625,12212.400390625,1
2026-09-23 12:27:00+05:30,12212.349609375,12212.349609375,12212.349609375,12212.349609375,1
2026-09-23 12:28:00+05:30,12213.099609375,12213.099609375,12212.9501953125,12212.9501953125,8
2026-09-23 12:29:00+05:30,12210.0,12210.0,12210.0,12210.0,29
2026-09-23 12:31:00+05:30,12206.150390625,12214.9501953125,12206.150390625,12214.9501953125,7
2026-09-23 12:32:00+05:30,12214.849609375,12214.849609375,12214.849609375,12214.849609375,1
2026-09-23 12:34:00+05:30,12206.849609375,12206.849609375,12206.849609375,12206.849609375,10
2026-09-23 12:35:00+05:30,12215.2998046875,12219.400390625,12215.2998046875,12218.349609375,9
2026-09-23 12:36:00+05:30,12223.5498046875,12223.5498046875,12223.5498046875,12223.5498046875,1
2026-09-23 12:37:00+05:30,12215.0,12217.0,12215.0,12217.0,13
2026-09-23 12:38:00+05:30,12215.0,12215.0,12215.0,12215.0,11
2026-09-23 12:39:00+05:30,12220.75,12220.75,12220.75,12220.75,1
2026-09-23 12:40:00+05:30,12220.150390625,12220.150390625,12220.150390625,12220.150390625,2
2026-09-23 12:42:00+05:30,12213.0498046875,12213.0498046875,12213.0498046875,12213.0498046875,2
2026-09-23 12:44:00+05:30,12214.0,12214.0,12214.0,12214.0,30
2026-09-23 12:45:00+05:30,12219.400390625,12219.400390625,12218.849609375,12218.849609375,12
2026-09-23 12:47:00+05:30,12218.9501953125,12218.9501953125,12214.0,12214.0,22
2026-09-23 12:48:00+05:30,12210.0498046875,12218.0,12210.0498046875,12218.0,6
2026-09-23 12:49:00+05:30,12210.150390625,12210.150390625,12210.0,12210.150390625,4
2026-09-23 12:50:00+05:30,12219.0,12219.0,12219.0,12219.0,1
2026-09-23 12:51:00+05:30,12223.7998046875,12223.7998046875,12219.0,12219.0,16
2026-09-23 12:54:00+05:30,12223.0,12223.0,12223.0,12223.0,2
2026-09-23 12:55:00+05:30,12216.0,12216.0,12216.0,12216.0,1
2026-09-23 12:56:00+05:30,12210.0,12219.4501953125,12210.0,12219.4501953125,18
2026-09-23 12:57:00+05:30,12210.2998046875,12210.2998046875,12210.2998046875,12210.2998046875,1
2026-09-23 12:59:00+05:30,12210.4501953125,12210.4501953125,12210.4501953125,12210.4501953125,1
2026-09-23 13:01:00+05:30,12224.2998046875,12224.2998046875,12219.849609375,12224.2998046875,12
2026-09-23 13:04:00+05:30,12217.650390625,12217.650390625,12217.650390625,12217.650390625,10
2026-09-23 13:05:00+05:30,12226.5,12226.5,12226.5,12226.5,100
2026-09-23 13:06:00+05:30,12226.2998046875,12226.2998046875,12226.2998046875,12226.2998046875,1
2026-09-23 13:08:00+05:30,12224.9501953125,12224.9501953125,12224.9501953125,12224.9501953125,3
2026-09-23 13:09:00+05:30,12225.0,12225.0,12225.0,12225.0,1
2026-09-23 13:11:00+05:30,12222.25,12222.25,12222.25,12222.25,1
2026-09-23 13:14:00+05:30,12221.0498046875,12221.0498046875,12221.0498046875,12221.0498046875,10
2026-09-23 13:15:00+05:30,12220.0,12220.0,12220.0,12220.0,10
2026-09-23 13:16:00+05:30,12212.9501953125,12212.9501953125,12212.9501953125,12212.9501953125,36
2026-09-23 13:17:00+05:30,12215.0,12215.0,12215.0,12215.0,1
2026-09-23 13:18:00+05:30,12222.7001953125,12222.7001953125,12222.7001953125,12222.7001953125,1
2026-09-23 13:19:00+05:30,12222.7001953125,12222.7001953125,12222.7001953125,12222.7001953125,1
2026-09-23 13:20:00+05:30,12224.400390625,12224.400390625,12224.400390625,12224.400390625,21
2026-09-23 13:21:00+05:30,12217.75,12225.0,12217.75,12225.0,2
2026-09-23 13:23:00+05:30,12225.0,12225.0,12225.0,12225.0,2
2026-09-23 13:24:00+05:30,12220.0,12225.0,12220.0,12221.0,23
2026-09-23 13:25:00+05:30,12220.0,12220.0,12220.0,12220.0,82
2026-09-23 13:26:00+05:30,12215.7998046875,12215.7998046875,12215.7998046875,12215.7998046875,1
2026-09-23 13:27:00+05:30,12220.0,12220.0,12220.0,12220.0,10
2026-09-23 13:28:00+05:30,12220.0,12220.0,12215.849609375,12215.849609375,5
2026-09-23 13:29:00+05:30,12215.0,12215.849609375,12215.0,12215.849609375,39
2026-09-23 13:30:00+05:30,12218.4501953125,12218.4501953125,12214.0,12214.0,14
2026-09-23 13:31:00+05:30,12212.0,12212.0,12210.0498046875,12210.0498046875,12
2026-09-23 13:32:00+05:30,12210.0,12210.0,12210.0,12210.0,1
2026-09-23 13:33:00+05:30,12210.0498046875,12210.0498046875,12210.0498046875,12210.0498046875,1
2026-09-23 13:35:00+05:30,12210.0,12210.0,12210.0,12210.0,5
2026-09-23 13:36:00+05:30,12200.0498046875,12204.0,12200.0498046875,12204.0,15
2026-09-23 13:37:00+05:30,12201.099609375,12201.099609375,12200.0,12200.0,41
2026-09-23 13:40:00+05:30,12204.0498046875,12210.5498046875,12201.0,12201.0,29
2026-09-23 13:41:00+05:30,12201.349609375,12211.5498046875,12201.349609375,12211.5498046875,3
2026-09-23 13:42:00+05:30,12201.400390625,12201.400390625,12201.400390625,12201.400390625,1
2026-09-23 13:43:00+05:30,12210.5,12210.5498046875,12210.5,12210.5498046875,2
2026-09-23 13:44:00+05:30,12201.150390625,12209.5498046875,12201.0,12201.0,9
2026-09-23 13:46:00+05:30,12210.5498046875,12210.5498046875,12205.0,12205.0,17
2026-09-23 13:48:00+05:30,12216.75,12216.75,12216.75,12216.75,4
2026-09-23 13:51:00+05:30,12209.650390625,12210.75,12209.650390625,12210.0,23
2026-09-23 13:52:00+05:30,12201.0,12203.0,12201.0,12203.0,2
2026-09-23 13:53:00+05:30,12200.0,12200.0,12200.0,12200.0,100
2026-09-23 13:55:00+05:30,12209.650390625,12209.650390625,12209.650390625,12209.650390625,1
2026-09-23 13:56:00+05:30,12190.0,12200.150390625,12190.0,12200.150390625,40
2026-09-23 13:57:00+05:30,12195.150390625,12195.150390625,12183.0498046875,12183.0498046875,131
2026-09-23 13:58:00+05:30,12183.0498046875,12183.650390625,12183.0498046875,12183.650390625,14
2026-09-23 13:59:00+05:30,12181.0498046875,12187.9501953125,12181.0498046875,12183.5,7
2026-09-23 14:00:00+05:30,12189.150390625,12189.150390625,12181.0,12181.0,2
2026-09-23 14:01:00+05:30,12189.0498046875,12189.0498046875,12189.0498046875,12189.0498046875,1
2026-09-23 14:04:00+05:30,12188.849609375,12189.150390625,12183.2001953125,12189.150390625,5
2026-09-23 14:05:00+05:30,12190.75,12190.75,12190.75,12190.75,42
2026-09-23 14:06:00+05:30,12196.75,12196.9501953125,12196.75,12196.9501953125,6
2026-09-23 14:07:00+05:30,12190.0498046875,12190.0498046875,12190.0498046875,12190.0498046875,10
2026-09-23 14:08:00+05:30,12191.0,12191.0,12190.099609375,12190.150390625,66
2026-09-23 14:09:00+05:30,12196.0,12196.75,12196.0,12196.75,19
2026-09-23 14:10:00+05:30,12198.0,12198.0,12198.0,12198.0,87
2026-09-23 14:11:00+05:30,12206.650390625,12206.650390625,12206.650390625,12206.650390625,1
2026-09-23 14:12:00+05:30,12198.0,12198.0,12197.5498046875,12197.5498046875,10
2026-09-23 14:13:00+05:30,12207.650390625,12207.650390625,12207.650390625,12207.650390625,10
2026-09-23 14:14:00+05:30,12202.849609375,12202.849609375,12202.849609375,12202.849609375,10
2026-09-23 14:16:00+05:30,12204.0,12212.4501953125,12204.0,12212.4501953125,21
2026-09-23 14:17:00+05:30,12209.650390625,12209.650390625,12209.650390625,12209.650390625,2
2026-09-23 14:18:00+05:30,12209.0498046875,12209.0498046875,12209.0498046875,12209.0498046875,10
2026-09-23 14:19:00+05:30,12210.9501953125,12210.9501953125,12210.9501953125,12210.9501953125,1
2026-09-23 14:20:00+05:30,12210.0,12210.0,12210.0,12210.0,3
2026-09-23 14:22:00+05:30,12200.0498046875,12200.0498046875,12200.0498046875,12200.0498046875,11
2026-09-23 14:23:00+05:30,12204.849609375,12209.9501953125,12204.849609375,12209.9501953125,12
2026-09-23 14:24:00+05:30,12215.0,12215.900390625,12214.9501953125,12215.900390625,42
2026-09-23 14:25:00+05:30,12220.0,12220.0,12213.0,12213.0,202
2026-09-23 14:26:00+05:30,12205.0,12205.0,12205.0,12205.0,11
2026-09-23 14:27:00+05:30,12216.099609375,12216.099609375,12216.099609375,12216.099609375,2
2026-09-23 14:28:00+05:30,12208.0,12216.0,12208.0,12216.0,7
2026-09-23 14:30:00+05:30,12215.349609375,12216.0498046875,12206.400390625,12216.0498046875,14
2026-09-23 14:31:00+05:30,12217.25,12217.349609375,12216.099609375,12216.099609375,9
2026-09-23 14:32:00+05:30,12209.400390625,12216.0498046875,12209.400390625,12216.0498046875,33
2026-09-23 14:33:00+05:30,12205.0,12215.5498046875,12205.0,12207.5498046875,36
2026-09-23 14:34:00+05:30,12213.75,12214.0,12204.7998046875,12204.7998046875,5
2026-09-23 14:36:00+05:30,12210.5498046875,12210.5498046875,12201.0498046875,12201.0498046875,44
2026-09-23 14:37:00+05:30,12214.349609375,12214.349609375,12213.75,12213.75,143
2026-09-23 14:38:00+05:30,12216.900390625,12225.0,12216.900390625,12225.0,16
2026-09-23 14:39:00+05:30,12212.5498046875,12215.150390625,12212.5498046875,12215.150390625,14
2026-09-23 14:40:00+05:30,12208.7001953125,12208.7001953125,12208.7001953125,12208.7001953125,5
2026-09-23 14:41:00+05:30,12209.25,12209.25,12200.4501953125,12200.650390625,32
2026-09-23 14:42:00+05:30,12202.0,12210.2001953125,12202.0,12210.2001953125,11
2026-09-23 14:43:00+05:30,12207.4501953125,12207.5498046875,12199.7998046875,12201.0498046875,24
2026-09-23 14:44:00+05:30,12207.75,12207.75,12205.0,12205.0,3
2026-09-23 14:45:00+05:30,12199.650390625,12199.650390625,12199.5498046875,12199.5498046875,9
2026-09-23 14:47:00+05:30,12197.0,12197.0,12197.0,12197.0,22
2026-09-23 14:49:00+05:30,12204.9501953125,12204.9501953125,12204.9501953125,12204.9501953125,1
2026-09-23 14:50:00+05:30,12210.0,12210.5,12210.0,12210.5,21
2026-09-23 14:52:00+05:30,12200.349609375,12200.349609375,12200.349609375,12200.349609375,4
2026-09-23 14:53:00+05:30,12206.0498046875,12206.0498046875,12200.0,12200.0,2
2026-09-23 14:54:00+05:30,12203.599609375,12212.849609375,12202.849609375,12202.849609375,19
2026-09-23 14:55:00+05:30,12199.0,12201.900390625,12199.0,12201.900390625,38
2026-09-23 14:56:00+05:30,12197.5,12197.5,12197.5,12197.5,5
2026-09-23 14:57:00+05:30,12197.5498046875,12197.5498046875,12197.5498046875,12197.5498046875,1
2026-09-23 14:58:00+05:30,12195.0,12195.0,12195.0,12195.0,1
2026-09-23 14:59:00+05:30,12199.9501953125,12199.9501953125,12195.0,12197.5498046875,14
2026-09-23 15:01:00+05:30,12197.650390625,12197.650390625,12197.650390625,12197.650390625,4
2026-09-23 15:02:00+05:30,12200.2998046875,12204.7001953125,12196.0498046875,12204.4501953125,75
2026-09-23 15:03:00+05:30,12198.2001953125,12206.75,12198.2001953125,12206.75,12
2026-09-23 15:04:00+05:30,12200.0,12204.75,12198.2001953125,12198.2001953125,34
2026-09-23 15:05:00+05:30,12204.650390625,12204.650390625,12200.0,12200.0,36
2026-09-23 15:06:00+05:30,12201.0498046875,12209.0498046875,12201.0498046875,12209.0498046875,6
2026-09-23 15:07:00+05:30,12202.7998046875,12205.0,12202.7998046875,12205.0,14
2026-09-23 15:08:00+05:30,12199.0,12209.2001953125,12197.0,12197.0,27
2026-09-23 15:09:00+05:30,12209.150390625,12209.150390625,12193.599609375,12200.0,75
2026-09-23 15:10:00+05:30,12205.2001953125,12208.0,12196.099609375,12208.0,18
2026-09-23 15:11:00+05:30,12205.400390625,12205.400390625,12191.900390625,12204.7001953125,6
2026-09-23 15:12:00+05:30,12205.0,12205.0,12205.0,12205.0,1
2026-09-23 15:13:00+05:30,12194.599609375,12205.0,12194.599609375,12205.0,23
2026-09-23 15:14:00+05:30,12195.0,12204.900390625,12195.0,12204.900390625,6
2026-09-23 15:29:00+05:30,12205.0,12205.0,12205.0,12205.0,0
