Datetime,Close,High,Low,Open,Volume
2026-08-28 09:15:00+05:30,1448.0999755859375,1450.699951171875,1448.0999755859375,1450.199951171875,0
2026-08-28 09:16:00+05:30,1447.0999755859375,1447.5,1446.0,1447.199951171875,5471
2026-08-28 09:17:00+05:30,1447.5999755859375,1450.0,1447.5999755859375,1448.4000244140625,2160
2026-08-28 09:18:00+05:30,1447.199951171875,1447.800048828125,1447.199951171875,1447.800048828125,1348
2026-08-28 09:19:00+05:30,1447.0,1447.4000244140625,1446.699951171875,1446.699951171875,587
2026-08-28 09:20:00+05:30,1447.699951171875,1447.699951171875,1446.699951171875,1446.699951171875,1745
2026-08-28 09:21:00+05:30,1446.5999755859375,1447.4000244140625,1446.199951171875,1446.199951171875,2253
2026-08-28 09:22:00+05:30,1446.9000244140625,1447.699951171875,1446.4000244140625,1446.5999755859375,380
2026-08-28 09:23:00+05:30,1447.699951171875,1447.699951171875,1446.9000244140625,1447.0,790
2026-08-28 09:24:00+05:30,1449.199951171875,1449.199951171875,1447.699951171875,1447.699951171875,5769
2026-08-28 09:25:00+05:30,1449.4000244140625,1449.800048828125,1448.699951171875,1449.0999755859375,1416
2026-08-28 09:26:00+05:30,1450.199951171875,1450.199951171875,1449.0999755859375,1449.0999755859375,1266
2026-08-28 09:27:00+05:30,1450.699951171875,1450.699951171875,1450.0999755859375,1450.5999755859375,1326
2026-08-28 09:28:00+05:30,1449.5999755859375,1450.5,1449.5999755859375,1450.199951171875,851
2026-08-28 09:29:00+05:30,1449.4000244140625,1450.0,1448.9000244140625,1449.800048828125,695
2026-08-28 09:30:00+05:30,1448.300048828125,1448.800048828125,1447.9000244140625,1447.9000244140625,1660
2026-08-28 09:31:00+05:30,1448.4000244140625,1448.800048828125,1448.4000244140625,1448.5,299
2026-08-28 09:32:00+05:30,1450.300048828125,1451.0,1448.5999755859375,1449.4000244140625,2200
2026-08-28 09:33:00+05:30,1450.4000244140625,1451.0999755859375,1450.4000244140625,1450.4000244140625,508
2026-08-28 09:34:00+05:30,1450.800048828125,1451.0999755859375,1450.199951171875,1450.4000244140625,1092
2026-08-28 09:35:00+05:30,1451.0,1451.4000244140625,1450.4000244140625,1450.4000244140625,346
2026-08-28 09:36:00+05:30,1451.4000244140625,1451.5,1451.0,1451.4000244140625,485
2026-08-28 09:37:00+05:30,1450.4000244140625,1451.0,1450.4000244140625,1451.0,656
2026-08-28 09:38:00+05:30,1450.300048828125,1450.699951171875,1450.199951171875,1450.4000244140625,78
2026-08-28 09:39:00+05:30,1450.5,1450.699951171875,1449.9000244140625,1450.0999755859375,486
2026-08-28 09:40:00+05:30,1450.4000244140625,1450.5,1449.699951171875,1450.300048828125,225
2026-08-28 09:41:00+05:30,1450.5,1450.5,1450.0,1450.4000244140625,274
2026-08-28 09:42:00+05:30,1449.9000244140625,1450.5,1449.9000244140625,1450.5,558
2026-08-28 09:43:00+05:30,1450.5,1450.5,1450.0999755859375,1450.0999755859375,454
2026-08-28 09:44:00+05:30,1450.0999755859375,1450.5,1450.0999755859375,1450.5,547
2026-08-28 09:45:00+05:30,1450.0999755859375,1450.199951171875,1449.800048828125,1450.0999755859375,472
2026-08-28 09:46:00+05:30,1449.0,1450.0999755859375,1449.0,1450.0999755859375,398
2026-08-28 09:47:00+05:30,1447.9000244140625,1447.9000244140625,1447.300048828125,1447.5999755859375,556
2026-08-28 09:48:00+05:30,1447.300048828125,1447.5999755859375,1447.0999755859375,1447.199951171875,338
2026-08-28 09:49:00+05:30,1447.4000244140625,1447.4000244140625,1447.0,1447.300048828125,229
2026-08-28 09:50:00+05:30,1447.5999755859375,1447.5999755859375,1447.300048828125,1447.300048828125,2160
2026-08-28 09:51:00+05:30,1445.5,1447.800048828125,1445.5,1447.5999755859375,7646
2026-08-28 09:52:00+05:30,1445.0999755859375,1445.800048828125,1445.0999755859375,1445.5,365
2026-08-28 09:53:00+05:30,1446.4000244140625,1446.5,1445.699951171875,1445.699951171875,453
2026-08-28 09:54:00+05:30,1447.0,1447.0999755859375,1446.0999755859375,1446.4000244140625,683
2026-08-28 09:55:00+05:30,1447.300048828125,1447.9000244140625,1447.0,1447.5,747
2026-08-28 09:56:00+05:30,1447.800048828125,1448.5,1447.5999755859375,1447.800048828125,2084
2026-08-28 09:57:00+05:30,1448.0,1448.300048828125,1447.699951171875,1448.199951171875,756
2026-08-28 09:58:00+05:30,1447.5,1448.0,1447.300048828125,1448.0,508
2026-08-28 09:59:00+05:30,1447.5,1447.800048828125,1447.0,1447.800048828125,586
2026-08-28 10:00:00+05:30,1447.0999755859375,1447.5999755859375,1447.0,1447.5999755859375,467
2026-08-28 10:01:00+05:30,1447.300048828125,1447.800048828125,1447.300048828125,1447.300048828125,535
2026-08-28 10:02:00+05:30,1447.199951171875,1447.5999755859375,1446.800048828125,1447.300048828125,663
2026-08-28 10:03:00+05:30,1446.699951171875,1447.199951171875,1446.699951171875,1447.199951171875,422
2026-08-28 10:04:00+05:30,1447.199951171875,1447.300048828125,1446.5999755859375,1447.0999755859375,286
2026-08-28 10:05:00+05:30,1447.5,1447.5,1447.0,1447.0,479
2026-08-28 10:06:00+05:30,1447.0,1447.5999755859375,1447.0,1447.199951171875,453
2026-08-28 10:07:00+05:30,1447.699951171875,1447.699951171875,1447.199951171875,1447.199951171875,505
2026-08-28 10:08:00+05:30,1447.5,1447.9000244140625,1447.4000244140625,1447.699951171875,315
2026-08-28 10:09:00+05:30,1448.0,1448.0,1447.800048828125,1447.800048828125,334
2026-08-28 10:10:00+05:30,1447.699951171875,1448.0,1447.4000244140625,1447.5,3040
2026-08-28 10:11:00+05:30,1447.800048828125,1447.800048828125,1447.699951171875,1447.800048828125,204
2026-08-28 10:12:00+05:30,1446.5999755859375,1447.9000244140625,1446.5999755859375,1447.699951171875,707
2026-08-28 10:13:00+05:30,1446.199951171875,1446.5999755859375,1446.199951171875,1446.300048828125,112
2026-08-28 10:14:00+05:30,1446.699951171875,1446.699951171875,1446.4000244140625,1446.699951171875,167
2026-08-28 10:15:00+05:30,1447.300048828125,1447.4000244140625,1446.699951171875,1446.699951171875,793
2026-08-28 10:16:00+05:30,1447.800048828125,1447.800048828125,1447.199951171875,1447.5,936
2026-08-28 10:17:00+05:30,1447.800048828125,1447.9000244140625,1447.300048828125,1447.9000244140625,231
2026-08-28 10:18:00+05:30,1447.0,1447.9000244140625,1447.0,1447.800048828125,983
2026-08-28 10:19:00+05:30,1446.5,1447.5,1446.5,1447.5,156
2026-08-28 10:20:00+05:30,1446.800048828125,1447.0,1446.5,1446.5,427
2026-08-28 10:21:00+05:30,1446.0999755859375,1446.699951171875,1446.0999755859375,1446.699951171875,293
2026-08-28 10:22:00+05:30,1446.0999755859375,1446.0999755859375,1445.800048828125,1446.0999755859375,217
2026-08-28 10:23:00+05:30,1446.699951171875,1446.699951171875,1446.0999755859375,1446.0999755859375,380
2026-08-28 10:24:00+05:30,1446.199951171875,1446.9000244140625,1445.800048828125,1446.699951171875,1391
2026-08-28 10:25:00+05:30,1446.5999755859375,1446.9000244140625,1446.0999755859375,1446.699951171875,699
2026-08-28 10:26:00+05:30,1445.5999755859375,1446.0999755859375,1445.5,1445.699951171875,610
2026-08-28 10:27:00+05:30,1446.199951171875,1446.199951171875,1445.699951171875,1446.0999755859375,68
2026-08-28 10:28:00+05:30,1446.199951171875,1446.199951171875,1445.800048828125,1446.199951171875,673
2026-08-28 10:29:00+05:30,1446.800048828125,1446.800048828125,1445.800048828125,1446.199951171875,734
2026-08-28 10:30:00+05:30,1446.699951171875,1447.0,1446.0999755859375,1446.800048828125,1214
2026-08-28 10:31:00+05:30,1446.199951171875,1446.800048828125,1446.0,1446.800048828125,110
2026-08-28 10:32:00+05:30,1446.0,1446.800048828125,1445.800048828125,1446.0,321
2026-08-28 10:33:00+05:30,1446.0,1446.699951171875,1445.9000244140625,1446.699951171875,157
2026-08-28 10:34:00+05:30,1446.300048828125,1446.300048828125,1446.0999755859375,1446.199951171875,129
2026-08-28 10:35:00+05:30,1447.0,1447.300048828125,1446.0999755859375,1446.300048828125,765
2026-08-28 10:36:00+05:30,1446.800048828125,1447.0999755859375,1446.4000244140625,1447.0999755859375,83
2026-08-28 10:37:00+05:30,1447.4000244140625,1447.4000244140625,1446.0999755859375,1446.699951171875,298
2026-08-28 10:38:00+05:30,1447.0999755859375,1447.5,1447.0999755859375,1447.4000244140625,232
2026-08-28 10:39:00+05:30,1447.0999755859375,1447.300048828125,1447.0,1447.300048828125,266
2026-08-28 10:40:00+05:30,1447.199951171875,1447.5999755859375,1446.800048828125,1447.5999755859375,1417
2026-08-28 10:41:00+05:30,1447.0,1447.300048828125,1446.9000244140625,1447.199951171875,545
2026-08-28 10:42:00+05:30,1447.199951171875,1447.199951171875,1446.800048828125,1447.199951171875,295
2026-08-28 10:43:00+05:30,1446.800048828125,1447.199951171875,1446.800048828125,1446.800048828125,169
2026-08-28 10:44:00+05:30,1446.4000244140625,1446.800048828125,1446.0,1446.800048828125,597
2026-08-28 10:45:00+05:30,1445.699951171875,1446.0999755859375,1445.699951171875,1446.0,332
2026-08-28 10:46:00+05:30,1445.9000244140625,1445.9000244140625,1445.4000244140625,1445.699951171875,541
2026-08-28 10:47:00+05:30,1445.699951171875,1446.0,1445.699951171875,1445.699951171875,475
2026-08-28 10:48:00+05:30,1445.699951171875,1446.199951171875,1445.5999755859375,1446.0,327
2026-08-28 10:49:00+05:30,1445.5999755859375,1445.5999755859375,1445.5,1445.5,312
2026-08-28 10:50:00+05:30,1446.300048828125,1446.4000244140625,1445.4000244140625,1445.699951171875,797
2026-08-28 10:51:00+05:30,1446.0,1446.300048828125,1445.800048828125,1446.0999755859375,167
2026-08-28 10:52:00+05:30,1446.0999755859375,1446.5999755859375,1445.800048828125,1445.800048828125,392
2026-08-28 10:53:00+05:30,1446.199951171875,1446.4000244140625,1446.199951171875,1446.4000244140625,142
2026-08-28 10:54:00+05:30,1445.699951171875,1446.300048828125,1445.699951171875,1446.300048828125,821
2026-08-28 10:55:00+05:30,1445.300048828125,1445.800048828125,1445.199951171875,1445.5,135
2026-08-28 10:56:00+05:30,1445.5999755859375,1446.0999755859375,1445.0999755859375,1445.5,571
2026-08-28 10:57:00+05:30,1445.699951171875,1445.9000244140625,1445.300048828125,1445.9000244140625,58
2026-08-28 10:58:00+05:30,1446.5,1447.0,1445.699951171875,1445.699951171875,493
2026-08-28 10:59:00+05:30,1446.300048828125,1446.800048828125,1446.300048828125,1446.5,147
2026-08-28 11:00:00+05:30,1446.4000244140625,1446.9000244140625,1446.0999755859375,1446.5999755859375,795
2026-08-28 11:01:00+05:30,1446.5999755859375,1446.5999755859375,1446.4000244140625,1446.5,293
2026-08-28 11:02:00+05:30,1447.300048828125,1447.300048828125,1446.4000244140625,1446.5,590
2026-08-28 11:03:00+05:30,1447.0999755859375,1447.0999755859375,1446.800048828125,1447.0999755859375,334
2026-08-28 11:04:00+05:30,1447.5,1447.5999755859375,1447.0,1447.0999755859375,154
2026-08-28 11:05:00+05:30,1445.199951171875,1447.300048828125,1445.0,1447.300048828125,2064
2026-08-28 11:06:00+05:30,1445.199951171875,1445.9000244140625,1445.0999755859375,1445.5,451
2026-08-28 11:07:00+05:30,1444.5999755859375,1445.0,1444.0999755859375,1445.0,2646
2026-08-28 11:08:00+05:30,1444.4000244140625,1444.5999755859375,1444.4000244140625,1444.5999755859375,574
2026-08-28 11:09:00+05:30,1443.9000244140625,1444.300048828125,1443.800048828125,1444.300048828125,836
2026-08-28 11:10:00+05:30,1443.300048828125,1443.9000244140625,1443.0999755859375,1443.9000244140625,794
2026-08-28 11:11:00+05:30,1443.300048828125,1443.5,1443.0,1443.4000244140625,528
2026-08-28 11:12:00+05:30,1443.5,1443.9000244140625,1443.0,1443.300048828125,388
2026-08-28 11:13:00+05:30,1444.0,1444.0,1443.5,1443.9000244140625,339
2026-08-28 11:14:00+05:30,1445.0999755859375,1445.0999755859375,1443.800048828125,1444.0,1151
2026-08-28 11:15:00+05:30,1445.300048828125,1445.4000244140625,1445.0,1445.4000244140625,565
2026-08-28 11:16:00+05:30,1445.300048828125,1445.5,1445.0999755859375,1445.0999755859375,1067
2026-08-28 11:17:00+05:30,1444.0999755859375,1445.300048828125,1444.0,1445.300048828125,581
2026-08-28 11:18:00+05:30,1443.800048828125,1444.5,1443.5999755859375,1444.0999755859375,419
2026-08-28 11:19:00+05:30,1443.4000244140625,1444.4000244140625,1443.4000244140625,1443.800048828125,594
2026-08-28 11:20:00+05:30,1443.5999755859375,1443.800048828125,1443.199951171875,1443.800048828125,767
2026-08-28 11:21:00+05:30,1443.4000244140625,1443.5999755859375,1443.0,1443.5999755859375,451
2026-08-28 11:22:00+05:30,1443.4000244140625,1443.5,1442.699951171875,1443.4000244140625,985
2026-08-28 11:23:00+05:30,1443.5,1443.5,1443.0,1443.0,1012
2026-08-28 11:24:00+05:30,1443.199951171875,1443.5,1443.0,1443.0,1610
2026-08-28 11:25:00+05:30,1442.9000244140625,1443.300048828125,1442.4000244140625,1443.199951171875,1217
2026-08-28 11:26:00+05:30,1443.0999755859375,1443.199951171875,1442.5,1442.5,1592
2026-08-28 11:27:00+05:30,1442.699951171875,1443.300048828125,1442.699951171875,1443.0999755859375,1229
2026-08-28 11:28:00+05:30,1442.5999755859375,1443.0999755859375,1442.5,1443.0,1004
2026-08-28 11:29:00+05:30,1443.4000244140625,1443.4000244140625,1442.699951171875,1442.699951171875,898
2026-08-28 11:30:00+05:30,1443.5,1444.0,1443.300048828125,1443.300048828125,718
2026-08-28 11:31:00+05:30,1443.5999755859375,1443.9000244140625,1443.199951171875,1443.699951171875,1260
2026-08-28 11:32:00+05:30,1442.4000244140625,1444.0,1442.4000244140625,1443.800048828125,2107
2026-08-28 11:33:00+05:30,1442.5999755859375,1443.0,1442.300048828125,1442.5999755859375,843
2026-08-28 11:34:00+05:30,1442.300048828125,1442.699951171875,1442.0,1442.5999755859375,572
2026-08-28 11:35:00+05:30,1442.0999755859375,1443.0,1442.0999755859375,1443.0,881
2026-08-28 11:36:00+05:30,1442.300048828125,1442.800048828125,1442.0999755859375,1442.5,758
2026-08-28 11:37:00+05:30,1442.800048828125,1442.800048828125,1442.4000244140625,1442.4000244140625,322
2026-08-28 11:38:00+05:30,1442.800048828125,1442.800048828125,1442.5,1442.800048828125,866
2026-08-28 11:39:00+05:30,1442.4000244140625,1443.0,1442.4000244140625,1442.800048828125,1608
2026-08-28 11:40:00+05:30,1441.5,1442.300048828125,1441.0999755859375,1442.0999755859375,595
2026-08-28 11:41:00+05:30,1441.5,1441.5,1441.0,1441.4000244140625,207
2026-08-28 11:42:00+05:30,1441.4000244140625,1441.5999755859375,1440.699951171875,1441.0,728
2026-08-28 11:43:00+05:30,1441.4000244140625,1441.5,1441.0999755859375,1441.4000244140625,333
2026-08-28 11:44:00+05:30,1440.699951171875,1441.4000244140625,1440.699951171875,1441.4000244140625,1315
2026-08-28 11:45:00+05:30,1440.9000244140625,1441.0,1440.5,1441.0,823
2026-08-28 11:46:00+05:30,1440.300048828125,1440.9000244140625,1440.300048828125,1440.4000244140625,705
2026-08-28 11:47:00+05:30,1440.300048828125,1440.800048828125,1440.199951171875,1440.199951171875,399
2026-08-28 11:48:00+05:30,1440.300048828125,1440.800048828125,1440.0999755859375,1440.300048828125,444
2026-08-28 11:49:00+05:30,1440.699951171875,1440.800048828125,1440.300048828125,1440.300048828125,491
2026-08-28 11:50:00+05:30,1441.300048828125,1441.300048828125,1440.5,1440.699951171875,1252
2026-08-28 11:51:00+05:30,1440.800048828125,1441.300048828125,1440.5,1440.800048828125,439
2026-08-28 11:52:00+05:30,1440.800048828125,1440.800048828125,1440.300048828125,1440.5,679
2026-08-28 11:53:00+05:30,1440.800048828125,1440.800048828125,1440.4000244140625,1440.800048828125,326
2026-08-28 11:54:00+05:30,1440.800048828125,1440.800048828125,1440.4000244140625,1440.800048828125,392
2026-08-28 11:55:00+05:30,1441.0,1441.300048828125,1440.5999755859375,1440.800048828125,915
2026-08-28 11:56:00+05:30,1441.0999755859375,1441.0999755859375,1440.699951171875,1441.0,430
2026-08-28 11:57:00+05:30,1440.300048828125,1440.9000244140625,1440.300048828125,1440.9000244140625,588
2026-08-28 11:58:00+05:30,1440.699951171875,1440.699951171875,1440.300048828125,1440.699951171875,752
2026-08-28 11:59:00+05:30,1440.5,1440.800048828125,1440.0999755859375,1440.5999755859375,2763
2026-08-28 12:00:00+05:30,1442.0,1442.0,1440.5,1440.5,1339
2026-08-28 12:01:00+05:30,1442.0999755859375,1442.300048828125,1441.9000244140625,1442.0,807
2026-08-28 12:02:00+05:30,1442.0999755859375,1442.4000244140625,1442.0999755859375,1442.4000244140625,353
2026-08-28 12:03:00+05:30,1442.0999755859375,1442.199951171875,1442.0999755859375,1442.199951171875,634
2026-08-28 12:04:00+05:30,1442.800048828125,1442.800048828125,1442.0999755859375,1442.0999755859375,775
2026-08-28 12:05:00+05:30,1443.5999755859375,1444.0,1442.800048828125,1442.800048828125,1381
2026-08-28 12:06:00+05:30,1443.0,1444.0,1442.4000244140625,1444.0,1507
2026-08-28 12:07:00+05:30,1442.9000244140625,1443.0999755859375,1442.699951171875,1443.0,175
2026-08-28 12:08:00+05:30,1443.699951171875,1443.800048828125,1442.9000244140625,1443.699951171875,1862
2026-08-28 12:09:00+05:30,1443.199951171875,1443.699951171875,1443.199951171875,1443.699951171875,527
2026-08-28 12:10:00+05:30,1443.199951171875,1443.300048828125,1443.0,1443.300048828125,468
2026-08-28 12:11:00+05:30,1442.5,1442.5999755859375,1441.9000244140625,1442.5999755859375,2988
2026-08-28 12:12:00+05:30,1442.0999755859375,1442.5,1442.0,1442.5,364
2026-08-28 12:13:00+05:30,1443.300048828125,1443.300048828125,1442.0999755859375,1442.4000244140625,823
2026-08-28 12:14:00+05:30,1443.300048828125,1443.300048828125,1442.0999755859375,1443.300048828125,2573
2026-08-28 12:15:00+05:30,1442.699951171875,1443.0999755859375,1442.5,1443.0999755859375,2187
2026-08-28 12:16:00+05:30,1441.800048828125,1442.699951171875,1441.699951171875,1442.699951171875,740
2026-08-28 12:17:00+05:30,1441.5999755859375,1442.300048828125,1441.5,1441.800048828125,753
2026-08-28 12:18:00+05:30,1441.699951171875,1442.4000244140625,1441.699951171875,1441.800048828125,372
2026-08-28 12:19:00+05:30,1442.800048828125,1442.9000244140625,1442.0999755859375,1442.4000244140625,115
2026-08-28 12:20:00+05:30,1442.5999755859375,1442.9000244140625,1442.5,1442.5,1010
2026-08-28 12:21:00+05:30,1442.5,1442.5999755859375,1442.0,1442.5999755859375,79
2026-08-28 12:22:00+05:30,1442.4000244140625,1442.5,1442.0,1442.5,148
2026-08-28 12:23:00+05:30,1442.0999755859375,1442.4000244140625,1441.699951171875,1442.0,359
2026-08-28 12:24:00+05:30,1442.0,1442.0999755859375,1441.9000244140625,1442.0999755859375,265
2026-08-28 12:25:00+05:30,1442.300048828125,1442.300048828125,1442.0,1442.0999755859375,235
2026-08-28 12:26:00+05:30,1441.5999755859375,1442.300048828125,1441.5999755859375,1442.300048828125,484
2026-08-28 12:27:00+05:30,1442.300048828125,1442.300048828125,1441.5,1441.9000244140625,696
2026-08-28 12:28:00+05:30,1442.4000244140625,1442.5,1441.800048828125,1442.300048828125,147
2026-08-28 12:29:00+05:30,1442.5,1442.5,1441.5999755859375,1441.800048828125,450
2026-08-28 12:30:00+05:30,1442.5,1442.5,1442.300048828125,1442.5,239
2026-08-28 12:31:00+05:30,1443.0,1443.0,1442.0,1442.4000244140625,417
2026-08-28 12:32:00+05:30,1442.699951171875,1443.5,1442.699951171875,1443.300048828125,313
2026-08-28 12:33:00+05:30,1443.0,1443.0999755859375,1442.699951171875,1443.0,117
2026-08-28 12:34:00+05:30,1442.699951171875,1443.0,1442.5,1442.699951171875,424
2026-08-28 12:35:00+05:30,1442.800048828125,1443.199951171875,1442.5,1442.5,458
2026-08-28 12:36:00+05:30,1443.0,1443.0999755859375,1443.0,1443.0999755859375,338
2026-08-28 12:37:00+05:30,1442.9000244140625,1443.0999755859375,1442.9000244140625,1443.0999755859375,789
2026-08-28 12:38:00+05:30,1443.5999755859375,1443.5999755859375,1442.9000244140625,1442.9000244140625,1389
2026-08-28 12:39:00+05:30,1443.5,1443.5999755859375,1443.4000244140625,1443.5999755859375,330
2026-08-28 12:40:00+05:30,1442.0999755859375,1443.4000244140625,1442.0,1443.4000244140625,390
2026-08-28 12:41:00+05:30,1442.199951171875,1442.800048828125,1442.0999755859375,1442.4000244140625,212
2026-08-28 12:42:00+05:30,1442.5999755859375,1442.5999755859375,1442.0999755859375,1442.5999755859375,167
2026-08-28 12:43:00+05:30,1442.5999755859375,1442.5999755859375,1442.0999755859375,1442.5999755859375,187
2026-08-28 12:44:00+05:30,1442.5999755859375,1442.5999755859375,1442.199951171875,1442.5999755859375,812
2026-08-28 12:45:00+05:30,1442.5999755859375,1442.5999755859375,1442.0999755859375,1442.5999755859375,130
2026-08-28 12:46:00+05:30,1442.5999755859375,1442.5999755859375,1442.199951171875,1442.5999755859375,171
2026-08-28 12:47:00+05:30,1442.5999755859375,1442.699951171875,1442.4000244140625,1442.5,613
2026-08-28 12:48:00+05:30,1442.699951171875,1442.699951171875,1442.4000244140625,1442.5999755859375,306
2026-08-28 12:49:00+05:30,1442.699951171875,1442.699951171875,1442.4000244140625,1442.699951171875,160
2026-08-28 12:50:00+05:30,1442.699951171875,1442.699951171875,1442.4000244140625,1442.699951171875,258
2026-08-28 12:51:00+05:30,1442.199951171875,1442.5999755859375,1442.0,1442.4000244140625,438
2026-08-28 12:52:00+05:30,1441.9000244140625,1442.199951171875,1441.5999755859375,1442.199951171875,369
2026-08-28 12:53:00+05:30,1441.5,1442.0,1441.300048828125,1442.0,428
2026-08-28 12:54:00+05:30,1441.199951171875,1441.5,1441.0999755859375,1441.5,399
2026-08-28 12:55:00+05:30,1441.5999755859375,1441.5999755859375,1441.199951171875,1441.199951171875,517
2026-08-28 12:56:00+05:30,1441.9000244140625,1441.9000244140625,1441.0999755859375,1441.5999755859375,1181
2026-08-28 12:57:00+05:30,1442.0999755859375,1442.4000244140625,1441.699951171875,1441.699951171875,553
2026-08-28 12:58:00+05:30,1442.0999755859375,1442.199951171875,1441.699951171875,1442.0999755859375,206
2026-08-28 12:59:00+05:30,1439.300048828125,1439.9000244140625,1439.199951171875,1439.5999755859375,14880
2026-08-28 13:00:00+05:30,1441.0,1441.0,1439.800048828125,1439.800048828125,5877
2026-08-28 13:01:00+05:30,1441.800048828125,1442.4000244140625,1441.0999755859375,1441.0999755859375,2898
2026-08-28 13:02:00+05:30,1441.9000244140625,1441.9000244140625,1441.699951171875,1441.800048828125,222
2026-08-28 13:03:00+05:30,1441.699951171875,1442.0,1441.300048828125,1442.0,313
2026-08-28 13:04:00+05:30,1442.300048828125,1442.300048828125,1441.5999755859375,1441.699951171875,760
2026-08-28 13:05:00+05:30,1442.5999755859375,1443.0999755859375,1442.0,1442.300048828125,1139
2026-08-28 13:06:00+05:30,1442.5999755859375,1442.5999755859375,1442.300048828125,1442.5999755859375,240
2026-08-28 13:07:00+05:30,1443.0999755859375,1443.199951171875,1442.5999755859375,1442.5999755859375,1336
2026-08-28 13:08:00+05:30,1442.199951171875,1443.0999755859375,1442.199951171875,1443.0999755859375,1781
2026-08-28 13:09:00+05:30,1442.300048828125,1442.4000244140625,1441.300048828125,1442.199951171875,880
2026-08-28 13:10:00+05:30,1441.5999755859375,1442.300048828125,1441.5999755859375,1442.199951171875,578
2026-08-28 13:11:00+05:30,1442.300048828125,1442.300048828125,1442.0999755859375,1442.0999755859375,290
2026-08-28 13:12:00+05:30,1442.300048828125,1442.300048828125,1442.0999755859375,1442.300048828125,243
2026-08-28 13:13:00+05:30,1441.5999755859375,1442.300048828125,1441.5999755859375,1442.300048828125,396
2026-08-28 13:14:00+05:30,1441.9000244140625,1442.0,1441.800048828125,1442.0,278
2026-08-28 13:15:00+05:30,1442.300048828125,1442.4000244140625,1441.9000244140625,1442.0,536
2026-08-28 13:16:00+05:30,1441.800048828125,1442.0999755859375,1441.199951171875,1441.4000244140625,1243
2026-08-28 13:17:00+05:30,1441.699951171875,1441.800048828125,1441.300048828125,1441.800048828125,90
2026-08-28 13:18:00+05:30,1441.4000244140625,1441.5999755859375,1441.4000244140625,1441.5999755859375,530
2026-08-28 13:19:00+05:30,1441.5999755859375,1441.5999755859375,1441.4000244140625,1441.5,267
2026-08-28 13:20:00+05:30,1441.699951171875,1441.699951171875,1441.5999755859375,1441.5999755859375,145
2026-08-28 13:21:00+05:30,1441.800048828125,1441.800048828125,1441.5999755859375,1441.5999755859375,317
2026-08-28 13:22:00+05:30,1442.300048828125,1442.4000244140625,1441.800048828125,1441.800048828125,909
2026-08-28 13:23:00+05:30,1442.300048828125,1442.300048828125,1442.0999755859375,1442.300048828125,100
2026-08-28 13:24:00+05:30,1442.4000244140625,1442.4000244140625,1442.199951171875,1442.300048828125,214
2026-08-28 13:25:00+05:30,1442.4000244140625,1442.4000244140625,1442.0999755859375,1442.4000244140625,376
2026-08-28 13:26:00+05:30,1442.800048828125,1443.0999755859375,1442.199951171875,1442.4000244140625,1000
2026-08-28 13:27:00+05:30,1443.0,1443.0999755859375,1442.800048828125,1443.0999755859375,106
2026-08-28 13:28:00+05:30,1442.0999755859375,1442.800048828125,1442.0999755859375,1442.800048828125,484
2026-08-28 13:29:00+05:30,1442.0,1442.0999755859375,1441.5,1442.0999755859375,335
2026-08-28 13:30:00+05:30,1442.0,1442.0,1441.5999755859375,1442.0,89
2026-08-28 13:31:00+05:30,1442.199951171875,1442.4000244140625,1442.0,1442.0999755859375,1111
2026-08-28 13:32:00+05:30,1442.5,1442.699951171875,1441.800048828125,1442.199951171875,730
2026-08-28 13:33:00+05:30,1443.0,1443.0999755859375,1442.5,1442.5,487
2026-08-28 13:34:00+05:30,1442.800048828125,1443.0,1442.5999755859375,1443.0,158
2026-08-28 13:35:00+05:30,1443.0999755859375,1443.199951171875,1442.9000244140625,1443.0,1206
2026-08-28 13:36:00+05:30,1442.699951171875,1443.0999755859375,1442.699951171875,1443.0999755859375,368
2026-08-28 13:37:00+05:30,1442.5,1442.9000244140625,1442.5,1442.9000244140625,192
2026-08-28 13:38:00+05:30,1442.9000244140625,1442.9000244140625,1442.5,1442.9000244140625,62
2026-08-28 13:39:00+05:30,1443.0,1443.0,1442.5,1442.9000244140625,697
2026-08-28 13:40:00+05:30,1443.199951171875,1443.199951171875,1442.699951171875,1443.199951171875,313
2026-08-28 13:41:00+05:30,1443.0,1443.199951171875,1443.0,1443.199951171875,251
2026-08-28 13:42:00+05:30,1442.9000244140625,1443.0,1442.699951171875,1443.0,1654
2026-08-28 13:43:00+05:30,1443.199951171875,1443.199951171875,1442.9000244140625,1442.9000244140625,179
2026-08-28 13:44:00+05:30,1443.199951171875,1443.199951171875,1443.0,1443.199951171875,51
2026-08-28 13:45:00+05:30,1442.9000244140625,1443.199951171875,1442.9000244140625,1443.199951171875,1088
2026-08-28 13:46:00+05:30,1442.699951171875,1443.0,1442.699951171875,1443.0,117
2026-08-28 13:47:00+05:30,1442.9000244140625,1442.9000244140625,1442.699951171875,1442.9000244140625,126
2026-08-28 13:48:00+05:30,1442.9000244140625,1442.9000244140625,1442.699951171875,1442.699951171875,1034
2026-08-28 13:49:00+05:30,1442.699951171875,1442.9000244140625,1442.699951171875,1442.9000244140625,1557
2026-08-28 13:50:00+05:30,1442.699951171875,1443.0,1442.699951171875,1442.9000244140625,96
2026-08-28 13:51:00+05:30,1443.0,1443.0,1442.699951171875,1442.699951171875,785
2026-08-28 13:52:00+05:30,1443.5,1443.5,1442.699951171875,1443.0,822
2026-08-28 13:53:00+05:30,1443.9000244140625,1443.9000244140625,1443.4000244140625,1443.699951171875,885
2026-08-28 13:54:00+05:30,1444.0,1444.0,1443.4000244140625,1443.4000244140625,420
2026-08-28 13:55:00+05:30,1443.800048828125,1444.0,1443.5,1443.699951171875,515
2026-08-28 13:56:00+05:30,1444.0,1444.0999755859375,1443.800048828125,1443.800048828125,387
2026-08-28 13:57:00+05:30,1444.0,1444.0999755859375,1443.800048828125,1444.0,730
2026-08-28 13:58:00+05:30,1444.300048828125,1444.300048828125,1443.800048828125,1444.0,263
2026-08-28 13:59:00+05:30,1444.0999755859375,1444.5999755859375,1443.9000244140625,1444.5999755859375,788
2026-08-28 14:00:00+05:30,1443.800048828125,1444.0999755859375,1443.800048828125,1443.9000244140625,69
2026-08-28 14:01:00+05:30,1443.699951171875,1444.199951171875,1443.699951171875,1443.800048828125,170
2026-08-28 14:02:00+05:30,1443.800048828125,1444.4000244140625,1443.699951171875,1443.699951171875,412
2026-08-28 14:03:00+05:30,1443.699951171875,1444.0,1443.199951171875,1444.0,798
2026-08-28 14:04:00+05:30,1443.5999755859375,1443.800048828125,1443.0,1443.699951171875,311
2026-08-28 14:05:00+05:30,1443.300048828125,1443.699951171875,1443.0999755859375,1443.0999755859375,284
2026-08-28 14:06:00+05:30,1443.0999755859375,1443.5999755859375,1443.0999755859375,1443.0999755859375,296
2026-08-28 14:07:00+05:30,1443.4000244140625,1443.4000244140625,1443.0999755859375,1443.0999755859375,276
2026-08-28 14:08:00+05:30,1443.5999755859375,1443.699951171875,1443.300048828125,1443.300048828125,696
2026-08-28 14:09:00+05:30,1443.300048828125,1443.5999755859375,1443.300048828125,1443.5999755859375,557
2026-08-28 14:10:00+05:30,1444.0,1444.0,1443.300048828125,1443.300048828125,952
2026-08-28 14:11:00+05:30,1443.9000244140625,1444.300048828125,1443.9000244140625,1444.0,317
2026-08-28 14:12:00+05:30,1444.0,1444.0,1443.9000244140625,1443.9000244140625,104
2026-08-28 14:13:00+05:30,1444.0,1444.0999755859375,1443.9000244140625,1444.0,169
2026-08-28 14:14:00+05:30,1443.199951171875,1443.199951171875,1442.699951171875,1442.699951171875,702
2026-08-28 14:15:00+05:30,1442.9000244140625,1443.4000244140625,1442.9000244140625,1443.199951171875,452
2026-08-28 14:16:00+05:30,1443.0999755859375,1443.0999755859375,1442.9000244140625,1443.0999755859375,221
2026-08-28 14:17:00+05:30,1443.0999755859375,1443.4000244140625,1442.9000244140625,1442.9000244140625,878
2026-08-28 14:18:00+05:30,1443.5,1443.800048828125,1442.9000244140625,1443.0999755859375,264
2026-08-28 14:19:00+05:30,1442.9000244140625,1443.5,1442.9000244140625,1443.5,189
2026-08-28 14:20:00+05:30,1443.0999755859375,1443.300048828125,1443.0,1443.300048828125,529
2026-08-28 14:21:00+05:30,1443.300048828125,1443.300048828125,1443.0,1443.0,403
2026-08-28 14:22:00+05:30,1443.4000244140625,1443.5,1443.0999755859375,1443.0999755859375,266
2026-08-28 14:23:00+05:30,1443.300048828125,1443.5,1443.199951171875,1443.199951171875,468
2026-08-28 14:24:00+05:30,1443.5999755859375,1443.5999755859375,1443.300048828125,1443.300048828125,107
2026-08-28 14:25:00+05:30,1443.5999755859375,1444.0,1443.300048828125,1443.300048828125,802
2026-08-28 14:26:00+05:30,1443.5,1444.0999755859375,1443.5,1444.0999755859375,316
2026-08-28 14:27:00+05:30,1443.699951171875,1444.199951171875,1443.5,1443.5,754
2026-08-28 14:28:00+05:30,1444.199951171875,1444.300048828125,1443.699951171875,1444.0,507
2026-08-28 14:29:00+05:30,1443.800048828125,1444.199951171875,1443.5999755859375,1443.699951171875,570
2026-08-28 14:30:00+05:30,1442.800048828125,1443.800048828125,1442.5999755859375,1443.699951171875,7606
2026-08-28 14:31:00+05:30,1443.5,1444.300048828125,1443.199951171875,1443.199951171875,1353
2026-08-28 14:32:00+05:30,1443.5,1443.800048828125,1443.5,1443.800048828125,410
2026-08-28 14:33:00+05:30,1443.4000244140625,1443.699951171875,1443.300048828125,1443.699951171875,392
2026-08-28 14:34:00+05:30,1443.699951171875,1443.9000244140625,1443.300048828125,1443.4000244140625,1371
2026-08-28 14:35:00+05:30,1444.0,1444.199951171875,1443.699951171875,1443.699951171875,587
2026-08-28 14:36:00+05:30,1444.0999755859375,1444.0999755859375,1443.9000244140625,1443.9000244140625,80
2026-08-28 14:37:00+05:30,1443.0,1444.199951171875,1443.0,1444.0999755859375,2478
2026-08-28 14:38:00+05:30,1443.5999755859375,1443.800048828125,1443.0999755859375,1443.4000244140625,115
2026-08-28 14:39:00+05:30,1443.0999755859375,1443.5999755859375,1443.0999755859375,1443.4000244140625,505
2026-08-28 14:40:00+05:30,1442.5,1443.0999755859375,1442.5,1443.0,393
2026-08-28 14:41:00+05:30,1442.699951171875,1442.800048828125,1442.5,1442.5,543
2026-08-28 14:42:00+05:30,1442.5999755859375,1442.699951171875,1442.300048828125,1442.4000244140625,442
2026-08-28 14:43:00+05:30,1442.5999755859375,1442.5999755859375,1442.4000244140625,1442.5999755859375,257
2026-08-28 14:44:00+05:30,1442.5999755859375,1442.699951171875,1442.300048828125,1442.5,1087
2026-08-28 14:45:00+05:30,1443.4000244140625,1443.4000244140625,1442.800048828125,1442.800048828125,640
2026-08-28 14:46:00+05:30,1443.199951171875,1443.4000244140625,1443.0,1443.199951171875,235
2026-08-28 14:47:00+05:30,1443.199951171875,1443.199951171875,1443.0,1443.0999755859375,718
2026-08-28 14:48:00+05:30,1443.5,1443.9000244140625,1443.199951171875,1443.199951171875,1518
2026-08-28 14:49:00+05:30,1443.800048828125,1443.9000244140625,1443.5,1443.5999755859375,444
2026-08-28 14:50:00+05:30,1443.800048828125,1444.0,1443.4000244140625,1444.0,853
2026-08-28 14:51:00+05:30,1444.5999755859375,1445.0,1444.300048828125,1444.5,2463
2026-08-28 14:52:00+05:30,1445.800048828125,1445.9000244140625,1444.800048828125,1445.0,1707
2026-08-28 14:53:00+05:30,1445.0,1445.9000244140625,1444.5999755859375,1445.800048828125,783
2026-08-28 14:54:00+05:30,1445.800048828125,1445.800048828125,1445.4000244140625,1445.4000244140625,2252
2026-08-28 14:55:00+05:30,1445.5,1445.699951171875,1445.4000244140625,1445.5,753
2026-08-28 14:56:00+05:30,1445.4000244140625,1445.5,1445.0,1445.5,3487
2026-08-28 14:57:00+05:30,1445.4000244140625,1445.5,1445.300048828125,1445.300048828125,1659
2026-08-28 14:58:00+05:30,1445.300048828125,1445.300048828125,1444.800048828125,1445.0999755859375,1548
2026-08-28 14:59:00+05:30,1444.800048828125,1445.0,1444.4000244140625,1445.0,2629
2026-08-28 15:00:00+05:30,1446.0,1446.0,1444.800048828125,1444.800048828125,9533
2026-08-28 15:01:00+05:30,1446.5,1446.5,1445.800048828125,1446.0,3908
2026-08-28 15:02:00+05:30,1446.5,1446.5,1446.0,1446.4000244140625,4033
2026-08-28 15:03:00+05:30,1446.300048828125,1446.699951171875,1446.0999755859375,1446.699951171875,4175
2026-08-28 15:04:00+05:30,1446.5,1446.699951171875,1446.0,1446.0,2939
2026-08-28 15:05:00+05:30,1446.199951171875,1446.800048828125,1446.199951171875,1446.800048828125,5955
2026-08-28 15:06:00+05:30,1446.699951171875,1446.699951171875,1446.300048828125,1446.300048828125,4492
2026-08-28 15:07:00+05:30,1445.699951171875,1446.699951171875,1445.4000244140625,1446.5,4776
2026-08-28 15:08:00+05:30,1446.0,1446.0,1445.699951171875,1445.9000244140625,3681
2026-08-28 15:09:00+05:30,1446.0,1446.300048828125,1446.0,1446.0,6471
2026-08-28 15:10:00+05:30,1444.699951171875,1445.800048828125,1444.5,1445.5999755859375,6497
2026-08-28 15:11:00+05:30,1446.0,1446.199951171875,1444.199951171875,1444.800048828125,6673
2026-08-28 15:12:00+05:30,1445.0999755859375,1447.0,1444.0999755859375,1446.4000244140625,21879
2026-08-28 15:13:00+05:30,1446.5,1446.699951171875,1444.5,1445.5999755859375,6952
2026-08-28 15:14:00+05:30,1454.5999755859375,1454.5999755859375,1444.5,1447.0,61761
2026-08-31 09:15:00+05:30,1432.800048828125,1437.9000244140625,1431.699951171875,1437.9000244140625,0
2026-08-31 09:16:00+05:30,1434.0,1434.9000244140625,1432.5999755859375,1432.5999755859375,3646
2026-08-31 09:17:00+05:30,1432.9000244140625,1434.5999755859375,1432.9000244140625,1434.5999755859375,5408
2026-08-31 09:18:00+05:30,1432.0,1432.4000244140625,1431.4000244140625,1431.4000244140625,2364
2026-08-31 09:19:00+05:30,1433.5,1433.9000244140625,1432.800048828125,1432.800048828125,4157
2026-08-31 09:20:00+05:30,1430.300048828125,1432.699951171875,1430.199951171875,1432.699951171875,6597
2026-08-31 09:21:00+05:30,1428.0,1430.0,1428.0,1430.0,5197
2026-08-31 09:22:00+05:30,1429.699951171875,1429.699951171875,1428.5999755859375,1428.5999755859375,6081
2026-08-31 09:23:00+05:30,1431.5,1431.5,1429.800048828125,1429.800048828125,2247
2026-08-31 09:24:00+05:30,1431.5999755859375,1432.0999755859375,1430.9000244140625,1431.5999755859375,995
2026-08-31 09:25:00+05:30,1432.300048828125,1432.5,1431.9000244140625,1431.9000244140625,723
2026-08-31 09:26:00+05:30,1432.199951171875,1432.5999755859375,1431.800048828125,1432.4000244140625,1373
2026-08-31 09:27:00+05:30,1433.199951171875,1433.199951171875,1432.199951171875,1432.199951171875,781
2026-08-31 09:28:00+05:30,1433.800048828125,1433.9000244140625,1432.800048828125,1432.800048828125,721
2026-08-31 09:29:00+05:30,1435.4000244140625,1435.4000244140625,1433.800048828125,1433.800048828125,1023
2026-08-31 09:30:00+05:30,1436.0999755859375,1436.300048828125,1435.5999755859375,1435.699951171875,1929
2026-08-31 09:31:00+05:30,1436.9000244140625,1436.9000244140625,1435.300048828125,1436.4000244140625,4399
2026-08-31 09:32:00+05:30,1439.0,1439.0,1437.800048828125,1437.800048828125,3572
2026-08-31 09:33:00+05:30,1440.0,1440.0,1438.9000244140625,1439.4000244140625,1975
2026-08-31 09:34:00+05:30,1440.5,1441.0,1439.5,1440.0,1129
2026-08-31 09:35:00+05:30,1441.0,1441.4000244140625,1441.0,1441.0,1206
2026-08-31 09:36:00+05:30,1440.5999755859375,1441.4000244140625,1440.5999755859375,1441.4000244140625,1334
2026-08-31 09:37:00+05:30,1440.4000244140625,1440.5999755859375,1440.199951171875,1440.5999755859375,564
2026-08-31 09:38:00+05:30,1438.800048828125,1440.4000244140625,1438.699951171875,1440.4000244140625,3054
2026-08-31 09:39:00+05:30,1439.0,1439.0,1438.9000244140625,1439.0,383
2026-08-31 09:40:00+05:30,1439.4000244140625,1439.699951171875,1439.0,1439.0,2250
2026-08-31 09:41:00+05:30,1438.0,1439.699951171875,1438.0,1439.4000244140625,1091
2026-08-31 09:42:00+05:30,1439.0,1439.0,1438.300048828125,1438.5999755859375,1076
2026-08-31 09:43:00+05:30,1439.0,1439.4000244140625,1438.800048828125,1438.800048828125,214
2026-08-31 09:44:00+05:30,1438.5999755859375,1439.0,1438.300048828125,1439.0,2616
2026-08-31 09:45:00+05:30,1436.5999755859375,1438.300048828125,1436.5999755859375,1438.300048828125,2222
2026-08-31 09:46:00+05:30,1438.0,1438.0,1437.300048828125,1437.4000244140625,1230
2026-08-31 09:47:00+05:30,1438.9000244140625,1438.9000244140625,1438.4000244140625,1438.5,1074
2026-08-31 09:48:00+05:30,1438.5999755859375,1439.199951171875,1438.5999755859375,1439.199951171875,2806
2026-08-31 09:49:00+05:30,1438.5999755859375,1439.0,1438.5999755859375,1439.0,214
2026-08-31 09:50:00+05:30,1439.0,1439.4000244140625,1438.699951171875,1438.699951171875,992
2026-08-31 09:51:00+05:30,1439.199951171875,1439.9000244140625,1439.199951171875,1439.199951171875,1154
2026-08-31 09:52:00+05:30,1439.5999755859375,1440.0,1439.199951171875,1439.5999755859375,412
2026-08-31 09:53:00+05:30,1439.800048828125,1440.0,1439.5999755859375,1439.5999755859375,1235
2026-08-31 09:54:00+05:30,1439.4000244140625,1440.199951171875,1439.0999755859375,1440.199951171875,1327
2026-08-31 09:55:00+05:30,1439.699951171875,1439.699951171875,1439.0999755859375,1439.0999755859375,1400
2026-08-31 09:56:00+05:30,1440.0999755859375,1440.5999755859375,1440.0999755859375,1440.300048828125,412
2026-08-31 09:57:00+05:30,1440.199951171875,1440.4000244140625,1439.9000244140625,1440.4000244140625,628
2026-08-31 09:58:00+05:30,1439.699951171875,1440.199951171875,1438.5999755859375,1440.199951171875,7505
2026-08-31 09:59:00+05:30,1443.4000244140625,1443.800048828125,1440.0,1440.0,4346
2026-08-31 10:00:00+05:30,1444.199951171875,1444.300048828125,1444.199951171875,1444.300048828125,487
2026-08-31 10:01:00+05:30,1443.4000244140625,1444.300048828125,1443.4000244140625,1444.300048828125,3081
2026-08-31 10:02:00+05:30,1443.5999755859375,1444.199951171875,1443.300048828125,1443.5999755859375,1510
2026-08-31 10:03:00+05:30,1443.699951171875,1444.0999755859375,1443.5999755859375,1444.0999755859375,319
2026-08-31 10:04:00+05:30,1444.0,1444.300048828125,1443.9000244140625,1444.300048828125,302
2026-08-31 10:05:00+05:30,1444.0,1444.199951171875,1444.0,1444.0,839
2026-08-31 10:06:00+05:30,1444.0,1444.199951171875,1444.0,1444.199951171875,297
2026-08-31 10:07:00+05:30,1443.699951171875,1444.0,1443.199951171875,1443.699951171875,2364
2026-08-31 10:08:00+05:30,1443.9000244140625,1444.0999755859375,1443.9000244140625,1444.0999755859375,539
2026-08-31 10:09:00+05:30,1444.0,1444.5999755859375,1444.0,1444.0,2055
2026-08-31 10:10:00+05:30,1444.199951171875,1444.300048828125,1444.0,1444.0,1385
2026-08-31 10:11:00+05:30,1443.5,1444.0999755859375,1443.4000244140625,1444.0999755859375,649
2026-08-31 10:12:00+05:30,1444.199951171875,1444.699951171875,1444.0,1444.300048828125,732
2026-08-31 10:13:00+05:30,1445.0999755859375,1445.0999755859375,1444.800048828125,1444.800048828125,448
2026-08-31 10:14:00+05:30,1445.0999755859375,1445.300048828125,1444.9000244140625,1444.9000244140625,545
2026-08-31 10:15:00+05:30,1445.199951171875,1445.300048828125,1445.0999755859375,1445.300048828125,120
2026-08-31 10:16:00+05:30,1445.199951171875,1445.300048828125,1445.0999755859375,1445.300048828125,487
2026-08-31 10:17:00+05:30,1446.0,1446.4000244140625,1445.0,1445.0999755859375,2743
2026-08-31 10:18:00+05:30,1445.699951171875,1446.4000244140625,1444.699951171875,1446.4000244140625,6036
2026-08-31 10:19:00+05:30,1444.199951171875,1446.5999755859375,1444.199951171875,1446.0999755859375,2284
2026-08-31 10:20:00+05:30,1443.300048828125,1444.800048828125,1443.300048828125,1444.800048828125,1197
2026-08-31 10:21:00+05:30,1444.5,1444.5999755859375,1443.199951171875,1443.699951171875,1465
2026-08-31 10:22:00+05:30,1444.699951171875,1445.0,1444.699951171875,1445.0,310
2026-08-31 10:23:00+05:30,1444.699951171875,1445.9000244140625,1444.5999755859375,1444.5999755859375,2928
2026-08-31 10:24:00+05:30,1444.800048828125,1445.199951171875,1444.800048828125,1445.0999755859375,66
2026-08-31 10:25:00+05:30,1444.4000244140625,1444.9000244140625,1444.199951171875,1444.9000244140625,1221
2026-08-31 10:26:00+05:30,1443.5999755859375,1444.5999755859375,1443.5999755859375,1444.4000244140625,3396
2026-08-31 10:27:00+05:30,1444.4000244140625,1445.0,1444.4000244140625,1444.5,745
2026-08-31 10:28:00+05:30,1445.699951171875,1445.699951171875,1444.9000244140625,1444.9000244140625,601
2026-08-31 10:29:00+05:30,1445.5,1445.699951171875,1445.5,1445.699951171875,807
2026-08-31 10:30:00+05:30,1445.300048828125,1445.800048828125,1445.300048828125,1445.800048828125,1667
2026-08-31 10:31:00+05:30,1445.199951171875,1445.5999755859375,1445.199951171875,1445.5999755859375,1144
2026-08-31 10:32:00+05:30,1445.199951171875,1445.300048828125,1444.9000244140625,1445.300048828125,1059
2026-08-31 10:33:00+05:30,1444.5,1445.199951171875,1444.300048828125,1445.199951171875,401
2026-08-31 10:34:00+05:30,1447.699951171875,1447.699951171875,1444.4000244140625,1444.5,15312
2026-08-31 10:35:00+05:30,1446.4000244140625,1447.699951171875,1446.4000244140625,1447.699951171875,2480
2026-08-31 10:36:00+05:30,1446.5,1446.9000244140625,1446.5,1446.800048828125,316
2026-08-31 10:37:00+05:30,1447.5999755859375,1447.5999755859375,1446.800048828125,1446.9000244140625,1015
2026-08-31 10:38:00+05:30,1446.300048828125,1447.5999755859375,1446.300048828125,1446.9000244140625,1286
2026-08-31 10:39:00+05:30,1445.5999755859375,1446.300048828125,1444.800048828125,1446.300048828125,10353
2026-08-31 10:40:00+05:30,1446.0999755859375,1446.5,1445.699951171875,1446.0,641
2026-08-31 10:41:00+05:30,1448.0999755859375,1448.0999755859375,1446.5,1446.5,705
2026-08-31 10:42:00+05:30,1449.0,1449.0,1448.0,1448.0999755859375,1456
2026-08-31 10:43:00+05:30,1450.199951171875,1450.300048828125,1448.9000244140625,1448.9000244140625,3309
2026-08-31 10:44:00+05:30,1449.4000244140625,1450.4000244140625,1448.9000244140625,1450.4000244140625,2992
2026-08-31 10:45:00+05:30,1451.0,1451.800048828125,1449.699951171875,1449.699951171875,1721
2026-08-31 10:46:00+05:30,1450.800048828125,1451.5,1450.800048828125,1451.5,632
2026-08-31 10:47:00+05:30,1451.300048828125,1452.0,1451.0,1451.0,3894
2026-08-31 10:48:00+05:30,1450.0999755859375,1451.300048828125,1450.0999755859375,1451.300048828125,505
2026-08-31 10:49:00+05:30,1449.0,1450.5,1449.0,1450.5,1059
2026-08-31 10:50:00+05:30,1448.5999755859375,1449.5999755859375,1448.5999755859375,1449.5999755859375,351
2026-08-31 10:51:00+05:30,1448.199951171875,1449.300048828125,1448.199951171875,1449.0,1720
2026-08-31 10:52:00+05:30,1448.199951171875,1448.5999755859375,1448.199951171875,1448.5999755859375,454
2026-08-31 10:53:00+05:30,1447.800048828125,1448.5999755859375,1447.800048828125,1448.5999755859375,1266
2026-08-31 10:54:00+05:30,1447.800048828125,1448.0999755859375,1447.800048828125,1448.0999755859375,387
2026-08-31 10:55:00+05:30,1447.800048828125,1448.199951171875,1447.800048828125,1448.0999755859375,181
2026-08-31 10:56:00+05:30,1447.800048828125,1447.800048828125,1447.800048828125,1447.800048828125,245
2026-08-31 10:57:00+05:30,1447.800048828125,1448.199951171875,1447.800048828125,1448.0,807
2026-08-31 10:58:00+05:30,1447.800048828125,1447.9000244140625,1447.800048828125,1447.9000244140625,67
2026-08-31 10:59:00+05:30,1446.300048828125,1447.9000244140625,1446.199951171875,1447.9000244140625,3382
2026-08-31 11:00:00+05:30,1446.699951171875,1447.300048828125,1446.300048828125,1446.4000244140625,974
2026-08-31 11:01:00+05:30,1446.800048828125,1447.300048828125,1446.699951171875,1447.300048828125,236
2026-08-31 11:02:00+05:30,1446.4000244140625,1447.300048828125,1446.4000244140625,1447.300048828125,299
2026-08-31 11:03:00+05:30,1446.300048828125,1446.699951171875,1446.300048828125,1446.699951171875,237
2026-08-31 11:04:00+05:30,1446.300048828125,1446.4000244140625,1446.300048828125,1446.4000244140625,199
2026-08-31 11:05:00+05:30,1446.4000244140625,1446.4000244140625,1446.300048828125,1446.4000244140625,143
2026-08-31 11:06:00+05:30,1446.300048828125,1446.4000244140625,1446.199951171875,1446.300048828125,350
2026-08-31 11:07:00+05:30,1446.199951171875,1446.300048828125,1446.0,1446.300048828125,277
2026-08-31 11:08:00+05:30,1445.9000244140625,1446.199951171875,1445.5999755859375,1446.199951171875,1258
2026-08-31 11:09:00+05:30,1446.199951171875,1446.199951171875,1445.0999755859375,1445.9000244140625,2295
2026-08-31 11:10:00+05:30,1444.300048828125,1446.4000244140625,1444.300048828125,1446.4000244140625,3805
2026-08-31 11:11:00+05:30,1444.699951171875,1444.800048828125,1444.0,1444.0999755859375,1817
2026-08-31 11:12:00+05:30,1444.0999755859375,1444.800048828125,1444.0999755859375,1444.800048828125,312
2026-08-31 11:13:00+05:30,1443.800048828125,1444.199951171875,1443.800048828125,1444.199951171875,597
2026-08-31 11:14:00+05:30,1443.5999755859375,1443.9000244140625,1443.5999755859375,1443.9000244140625,393
2026-08-31 11:15:00+05:30,1443.699951171875,1443.699951171875,1443.4000244140625,1443.5999755859375,128
2026-08-31 11:16:00+05:30,1441.5,1443.699951171875,1440.800048828125,1443.699951171875,4270
2026-08-31 11:17:00+05:30,1440.9000244140625,1441.800048828125,1440.9000244140625,1441.800048828125,1392
2026-08-31 11:18:00+05:30,1439.5,1440.9000244140625,1439.5,1440.9000244140625,1304
2026-08-31 11:19:00+05:30,1439.0999755859375,1439.699951171875,1439.0,1439.699951171875,655
2026-08-31 11:20:00+05:30,1439.199951171875,1439.4000244140625,1439.0999755859375,1439.4000244140625,375
2026-08-31 11:21:00+05:30,1439.199951171875,1439.300048828125,1438.300048828125,1439.300048828125,4038
2026-08-31 11:22:00+05:30,1440.0,1440.0,1439.300048828125,1439.300048828125,2285
2026-08-31 11:23:00+05:30,1439.800048828125,1440.0,1439.800048828125,1440.0,123
2026-08-31 11:24:00+05:30,1439.5999755859375,1440.0,1439.5999755859375,1440.0,1217
2026-08-31 11:25:00+05:30,1439.5999755859375,1439.800048828125,1439.5999755859375,1439.800048828125,154
2026-08-31 11:26:00+05:30,1439.5999755859375,1439.9000244140625,1439.5999755859375,1439.800048828125,146
2026-08-31 11:27:00+05:30,1439.5999755859375,1439.800048828125,1439.5999755859375,1439.800048828125,396
2026-08-31 11:28:00+05:30,1439.5,1439.800048828125,1439.5,1439.5999755859375,445
2026-08-31 11:29:00+05:30,1440.0,1440.0,1439.5,1439.699951171875,2541
2026-08-31 11:30:00+05:30,1439.800048828125,1440.0,1439.800048828125,1440.0,256
2026-08-31 11:31:00+05:30,1439.800048828125,1440.0,1439.800048828125,1440.0,292
2026-08-31 11:32:00+05:30,1439.800048828125,1440.0,1439.800048828125,1440.0,82
2026-08-31 11:33:00+05:30,1439.800048828125,1439.9000244140625,1439.5999755859375,1439.9000244140625,333
2026-08-31 11:34:00+05:30,1439.5,1439.800048828125,1439.4000244140625,1439.800048828125,2542
2026-08-31 11:35:00+05:30,1439.800048828125,1439.9000244140625,1439.5,1439.9000244140625,208
2026-08-31 11:36:00+05:30,1439.5,1439.800048828125,1439.4000244140625,1439.800048828125,712
2026-08-31 11:37:00+05:30,1439.300048828125,1439.699951171875,1439.300048828125,1439.5,462
2026-08-31 11:38:00+05:30,1438.0999755859375,1438.4000244140625,1438.0999755859375,1438.300048828125,5686
2026-08-31 11:39:00+05:30,1438.4000244140625,1438.5,1437.9000244140625,1437.9000244140625,958
2026-08-31 11:40:00+05:30,1438.9000244140625,1439.0999755859375,1438.5999755859375,1438.699951171875,462
2026-08-31 11:41:00+05:30,1438.9000244140625,1439.0999755859375,1438.9000244140625,1439.0,322
2026-08-31 11:42:00+05:30,1439.199951171875,1439.699951171875,1439.0,1439.0999755859375,671
2026-08-31 11:43:00+05:30,1439.0999755859375,1439.699951171875,1439.0999755859375,1439.699951171875,222
2026-08-31 11:44:00+05:30,1439.0999755859375,1439.699951171875,1439.0999755859375,1439.5999755859375,1164
2026-08-31 11:45:00+05:30,1439.0999755859375,1439.5,1439.0999755859375,1439.5,1446
2026-08-31 11:46:00+05:30,1439.5,1439.5999755859375,1439.300048828125,1439.5999755859375,132
2026-08-31 11:47:00+05:30,1439.9000244140625,1439.9000244140625,1439.5999755859375,1439.5999755859375,1313
2026-08-31 11:48:00+05:30,1442.800048828125,1443.300048828125,1439.9000244140625,1439.9000244140625,39379
2026-08-31 11:49:00+05:30,1445.9000244140625,1446.9000244140625,1443.300048828125,1443.300048828125,6786
2026-08-31 11:50:00+05:30,1446.199951171875,1446.699951171875,1446.0999755859375,1446.5,945
2026-08-31 11:51:00+05:30,1446.9000244140625,1447.4000244140625,1446.0999755859375,1446.800048828125,5119
2026-08-31 11:52:00+05:30,1445.0,1447.800048828125,1444.5999755859375,1447.5,10128
2026-08-31 11:53:00+05:30,1445.0,1445.300048828125,1444.5999755859375,1445.0,1457
2026-08-31 11:54:00+05:30,1447.199951171875,1447.199951171875,1445.199951171875,1445.300048828125,2354
2026-08-31 11:55:00+05:30,1446.5999755859375,1447.0999755859375,1446.5,1446.9000244140625,2362
2026-08-31 11:56:00+05:30,1449.199951171875,1449.199951171875,1446.9000244140625,1447.0,4293
2026-08-31 11:57:00+05:30,1447.5999755859375,1449.5999755859375,1447.5999755859375,1449.300048828125,7825
2026-08-31 11:58:00+05:30,1447.300048828125,1447.9000244140625,1447.300048828125,1447.9000244140625,1275
2026-08-31 11:59:00+05:30,1448.300048828125,1448.300048828125,1447.4000244140625,1447.5999755859375,1128
2026-08-31 12:00:00+05:30,1447.9000244140625,1448.199951171875,1447.4000244140625,1448.199951171875,4569
2026-08-31 12:01:00+05:30,1447.800048828125,1448.0999755859375,1447.800048828125,1448.0999755859375,1387
2026-08-31 12:02:00+05:30,1447.699951171875,1448.0999755859375,1447.5,1448.0999755859375,2641
2026-08-31 12:03:00+05:30,1448.0,1448.4000244140625,1448.0,1448.0999755859375,2222
2026-08-31 12:04:00+05:30,1448.199951171875,1448.199951171875,1447.4000244140625,1448.0999755859375,3025
2026-08-31 12:05:00+05:30,1448.9000244140625,1449.4000244140625,1448.4000244140625,1448.4000244140625,3255
2026-08-31 12:06:00+05:30,1448.5999755859375,1448.800048828125,1448.0,1448.4000244140625,2122
2026-08-31 12:07:00+05:30,1448.4000244140625,1448.800048828125,1448.0999755859375,1448.800048828125,1298
2026-08-31 12:08:00+05:30,1448.5999755859375,1448.800048828125,1448.4000244140625,1448.699951171875,1723
2026-08-31 12:09:00+05:30,1448.0999755859375,1448.5,1448.0,1448.5,0
2026-08-31 12:10:00+05:30,1448.5,1449.0,1448.0,1448.5,1102
2026-08-31 12:11:00+05:30,1449.5,1449.5,1448.5,1449.0,746
2026-08-31 12:12:00+05:30,1447.9000244140625,1449.800048828125,1447.300048828125,1449.800048828125,22906
2026-08-31 12:13:00+05:30,1448.0,1448.0,1447.9000244140625,1448.0,4484
2026-08-31 12:14:00+05:30,1449.0,1449.0,1447.9000244140625,1448.0,35705
2026-08-31 12:15:00+05:30,1448.699951171875,1449.199951171875,1448.5999755859375,1448.5999755859375,3467
2026-08-31 12:16:00+05:30,1449.5999755859375,1449.5999755859375,1448.9000244140625,1449.0999755859375,1871
2026-08-31 12:17:00+05:30,1448.5999755859375,1449.9000244140625,1448.5999755859375,1449.5,5799
2026-08-31 12:18:00+05:30,1447.4000244140625,1448.9000244140625,1447.0,1448.9000244140625,3352
2026-08-31 12:19:00+05:30,1448.199951171875,1448.699951171875,1448.0,1448.0,1438
2026-08-31 12:20:00+05:30,1447.9000244140625,1448.5999755859375,1447.699951171875,1448.5999755859375,5659
2026-08-31 12:21:00+05:30,1447.699951171875,1447.9000244140625,1447.699951171875,1447.9000244140625,556
2026-08-31 12:22:00+05:30,1447.9000244140625,1448.0,1447.9000244140625,1448.0,1864
2026-08-31 12:23:00+05:30,1448.0,1448.300048828125,1447.9000244140625,1448.0,2323
2026-08-31 12:24:00+05:30,1448.0,1448.0,1447.699951171875,1448.0,3127
2026-08-31 12:25:00+05:30,1448.0,1448.0,1447.699951171875,1448.0,1236
2026-08-31 12:26:00+05:30,1448.0,1449.199951171875,1448.0,1448.0,9801
2026-08-31 12:27:00+05:30,1448.0,1448.0,1448.0,1448.0,365
2026-08-31 12:28:00+05:30,1448.0,1448.0,1447.9000244140625,1448.0,1119
2026-08-31 12:29:00+05:30,1447.9000244140625,1448.0,1447.9000244140625,1448.0,1884
2026-08-31 12:30:00+05:30,1448.0,1448.0,1447.9000244140625,1448.0,2721
2026-08-31 12:31:00+05:30,1448.0,1448.5,1447.9000244140625,1448.0,6043
2026-08-31 12:32:00+05:30,1448.0,1448.0,1447.800048828125,1448.0,627
2026-08-31 12:33:00+05:30,1447.800048828125,1448.0,1447.800048828125,1448.0,1225
2026-08-31 12:34:00+05:30,1447.9000244140625,1448.0,1447.9000244140625,1448.0,1559
2026-08-31 12:35:00+05:30,1448.0,1448.0,1447.9000244140625,1448.0,973
2026-08-31 12:36:00+05:30,1448.0,1448.0,1447.9000244140625,1447.9000244140625,2199
2026-08-31 12:37:00+05:30,1448.9000244140625,1448.9000244140625,1448.0,1448.0,3650
2026-08-31 12:38:00+05:30,1447.9000244140625,1449.0,1447.699951171875,1449.0,6028
2026-08-31 12:39:00+05:30,1448.199951171875,1448.199951171875,1447.9000244140625,1448.0,5373
2026-08-31 12:40:00+05:30,1448.0,1449.0999755859375,1447.9000244140625,1448.5999755859375,5231
2026-08-31 12:41:00+05:30,1449.0,1449.4000244140625,1447.9000244140625,1448.0,16093
2026-08-31 12:42:00+05:30,1450.0,1450.0,1449.0,1449.0,2008
2026-08-31 12:43:00+05:30,1450.0,1450.0,1449.699951171875,1450.0,1586
2026-08-31 12:44:00+05:30,1450.0,1450.0,1449.9000244140625,1450.0,602
2026-08-31 12:45:00+05:30,1450.0,1450.0,1449.800048828125,1450.0,2920
2026-08-31 12:46:00+05:30,1450.0,1450.0,1449.9000244140625,1450.0,1372
2026-08-31 12:47:00+05:30,1450.699951171875,1450.699951171875,1449.9000244140625,1450.0,6844
2026-08-31 12:48:00+05:30,1451.300048828125,1451.300048828125,1450.9000244140625,1450.9000244140625,1580
2026-08-31 12:49:00+05:30,1452.0,1452.0,1451.300048828125,1451.300048828125,3182
2026-08-31 12:50:00+05:30,1452.5,1452.9000244140625,1451.9000244140625,1452.4000244140625,2847
2026-08-31 12:51:00+05:30,1453.0999755859375,1453.0999755859375,1452.5,1452.800048828125,4966
2026-08-31 12:52:00+05:30,1453.0,1453.0999755859375,1452.5999755859375,1452.699951171875,1134
2026-08-31 12:53:00+05:30,1453.0,1453.199951171875,1452.699951171875,1453.0,5384
2026-08-31 12:54:00+05:30,1452.9000244140625,1453.0,1452.9000244140625,1453.0,412
2026-08-31 12:55:00+05:30,1453.0,1453.4000244140625,1452.9000244140625,1453.0,1061
2026-08-31 12:56:00+05:30,1453.5,1453.5,1453.300048828125,1453.300048828125,1034
2026-08-31 12:57:00+05:30,1450.199951171875,1453.5999755859375,1450.199951171875,1453.5,16063
2026-08-31 12:58:00+05:30,1451.0999755859375,1451.4000244140625,1450.5,1450.699951171875,2929
2026-08-31 12:59:00+05:30,1450.199951171875,1450.699951171875,1449.9000244140625,1450.699951171875,30772
2026-08-31 13:00:00+05:30,1449.4000244140625,1450.0999755859375,1449.300048828125,1450.0999755859375,2157
2026-08-31 13:01:00+05:30,1449.699951171875,1449.699951171875,1449.199951171875,1449.699951171875,2131
2026-08-31 13:02:00+05:30,1449.5999755859375,1450.0,1449.5999755859375,1449.699951171875,1211
2026-08-31 13:03:00+05:30,1450.0,1450.0,1449.5999755859375,1450.0,711
2026-08-31 13:04:00+05:30,1449.9000244140625,1450.0,1449.699951171875,1449.9000244140625,3124
2026-08-31 13:05:00+05:30,1449.9000244140625,1450.0,1449.9000244140625,1450.0,1350
2026-08-31 13:06:00+05:30,1449.9000244140625,1450.0,1449.9000244140625,1450.0,1357
2026-08-31 13:07:00+05:30,1451.0999755859375,1451.199951171875,1450.0,1450.0,15018
2026-08-31 13:08:00+05:30,1449.300048828125,1451.0999755859375,1449.199951171875,1451.0999755859375,7847
2026-08-31 13:09:00+05:30,1448.699951171875,1449.5,1448.699951171875,1449.5,2359
2026-08-31 13:10:00+05:30,1448.9000244140625,1449.0,1448.800048828125,1449.0,1012
2026-08-31 13:11:00+05:30,1449.0,1449.4000244140625,1449.0,1449.0999755859375,1379
2026-08-31 13:12:00+05:30,1448.5,1449.4000244140625,1448.5,1449.0999755859375,5513
2026-08-31 13:13:00+05:30,1448.0,1448.5,1447.9000244140625,1448.5,267
2026-08-31 13:14:00+05:30,1447.9000244140625,1448.0,1447.9000244140625,1448.0,209
2026-08-31 13:15:00+05:30,1447.9000244140625,1448.0,1447.9000244140625,1448.0,2044
2026-08-31 13:16:00+05:30,1448.0,1448.0,1447.9000244140625,1448.0,899
2026-08-31 13:17:00+05:30,1448.0,1448.0,1447.9000244140625,1448.0,329
2026-08-31 13:18:00+05:30,1447.9000244140625,1448.0,1447.9000244140625,1448.0,698
2026-08-31 13:19:00+05:30,1447.9000244140625,1448.0,1447.9000244140625,1447.9000244140625,653
2026-08-31 13:20:00+05:30,1448.0,1448.0,1447.9000244140625,1448.0,638
2026-08-31 13:21:00+05:30,1448.0,1448.0,1447.9000244140625,1448.0,336
2026-08-31 13:22:00+05:30,1447.9000244140625,1448.0,1447.9000244140625,1448.0,588
2026-08-31 13:23:00+05:30,1447.9000244140625,1448.0,1447.9000244140625,1448.0,396
2026-08-31 13:24:00+05:30,1447.9000244140625,1448.0,1447.9000244140625,1448.0,558
2026-08-31 13:25:00+05:30,1448.0,1448.0,1447.9000244140625,1448.0,1039
2026-08-31 13:26:00+05:30,1447.9000244140625,1448.0,1447.9000244140625,1448.0,559
2026-08-31 13:27:00+05:30,1448.800048828125,1448.800048828125,1447.9000244140625,1448.0,3517
2026-08-31 13:28:00+05:30,1449.199951171875,1449.5,1448.800048828125,1448.800048828125,2045
2026-08-31 13:29:00+05:30,1448.699951171875,1449.199951171875,1448.4000244140625,1449.199951171875,12552
2026-08-31 13:30:00+05:30,1448.5999755859375,1448.699951171875,1448.5999755859375,1448.699951171875,228
2026-08-31 13:31:00+05:30,1448.199951171875,1448.699951171875,1448.199951171875,1448.699951171875,5691
2026-08-31 13:32:00+05:30,1448.199951171875,1448.300048828125,1448.0,1448.199951171875,734
2026-08-31 13:33:00+05:30,1447.9000244140625,1448.4000244140625,1447.9000244140625,1448.300048828125,2567
2026-08-31 13:34:00+05:30,1447.9000244140625,1448.0,1447.9000244140625,1447.9000244140625,681
2026-08-31 13:35:00+05:30,1447.300048828125,1448.0,1447.300048828125,1448.0,1829
2026-08-31 13:36:00+05:30,1447.0,1447.4000244140625,1447.0,1447.300048828125,864
2026-08-31 13:37:00+05:30,1446.9000244140625,1447.0,1446.800048828125,1446.800048828125,505
2026-08-31 13:38:00+05:30,1446.9000244140625,1447.0,1446.9000244140625,1447.0,90
2026-08-31 13:39:00+05:30,1446.9000244140625,1447.0999755859375,1446.9000244140625,1447.0,559
2026-08-31 13:40:00+05:30,1447.5999755859375,1447.699951171875,1446.9000244140625,1446.9000244140625,960
2026-08-31 13:41:00+05:30,1447.4000244140625,1448.0,1447.4000244140625,1448.0,847
2026-08-31 13:42:00+05:30,1447.800048828125,1448.0,1447.800048828125,1448.0,797
2026-08-31 13:43:00+05:30,1447.800048828125,1448.0,1447.800048828125,1448.0,365
2026-08-31 13:44:00+05:30,1447.5,1448.0,1447.5,1447.800048828125,3939
2026-08-31 13:45:00+05:30,1447.5,1448.0,1447.5,1447.9000244140625,149
2026-08-31 13:46:00+05:30,1447.5,1447.9000244140625,1447.5,1447.9000244140625,265
2026-08-31 13:47:00+05:30,1447.5999755859375,1448.0,1447.5,1447.5,5991
2026-08-31 13:48:00+05:30,1449.5,1449.5,1447.9000244140625,1448.0,37481
2026-08-31 13:49:00+05:30,1450.199951171875,1450.5999755859375,1449.300048828125,1449.5999755859375,1585
2026-08-31 13:50:00+05:30,1450.699951171875,1451.5999755859375,1450.199951171875,1450.199951171875,2323
2026-08-31 13:51:00+05:30,1451.4000244140625,1451.4000244140625,1450.699951171875,1451.300048828125,2874
2026-08-31 13:52:00+05:30,1451.5,1452.4000244140625,1451.5,1451.5,2725
2026-08-31 13:53:00+05:30,1451.5,1452.0,1451.5,1452.0,1323
2026-08-31 13:54:00+05:30,1451.5,1451.800048828125,1450.9000244140625,1451.800048828125,7984
2026-08-31 13:55:00+05:30,1451.199951171875,1451.5,1451.199951171875,1451.300048828125,1063
2026-08-31 13:56:00+05:30,1451.300048828125,1451.5,1451.199951171875,1451.199951171875,280
2026-08-31 13:57:00+05:30,1449.199951171875,1451.5,1449.0,1451.5,10166
2026-08-31 13:58:00+05:30,1449.199951171875,1449.4000244140625,1449.199951171875,1449.300048828125,632
2026-08-31 13:59:00+05:30,1449.199951171875,1449.5999755859375,1449.199951171875,1449.4000244140625,1372
2026-08-31 14:00:00+05:30,1449.4000244140625,1449.5,1449.4000244140625,1449.5,207
2026-08-31 14:01:00+05:30,1448.300048828125,1449.5999755859375,1448.0,1449.4000244140625,16651
2026-08-31 14:02:00+05:30,1448.5999755859375,1448.9000244140625,1448.0,1448.699951171875,5194
2026-08-31 14:03:00+05:30,1447.5999755859375,1448.5999755859375,1447.5999755859375,1448.5999755859375,14128
2026-08-31 14:04:00+05:30,1447.0,1447.5999755859375,1446.5999755859375,1447.5999755859375,2503
2026-08-31 14:05:00+05:30,1446.5,1447.0,1446.5,1447.0,1625
2026-08-31 14:06:00+05:30,1446.5,1446.699951171875,1446.5,1446.699951171875,398
2026-08-31 14:07:00+05:30,1446.0,1446.5999755859375,1445.699951171875,1446.5999755859375,4547
2026-08-31 14:08:00+05:30,1445.9000244140625,1446.0,1445.699951171875,1445.699951171875,304
2026-08-31 14:09:00+05:30,1446.0999755859375,1446.0999755859375,1445.9000244140625,1446.0,560
2026-08-31 14:10:00+05:30,1445.9000244140625,1446.0999755859375,1445.9000244140625,1446.0999755859375,1314
2026-08-31 14:11:00+05:30,1445.699951171875,1446.0,1445.699951171875,1445.9000244140625,1832
2026-08-31 14:12:00+05:30,1445.5,1445.699951171875,1445.5,1445.699951171875,1511
2026-08-31 14:13:00+05:30,1445.4000244140625,1445.5,1445.4000244140625,1445.5,603
2026-08-31 14:14:00+05:30,1445.800048828125,1445.800048828125,1445.5,1445.5,2208
2026-08-31 14:15:00+05:30,1445.5999755859375,1445.9000244140625,1445.5999755859375,1445.800048828125,717
2026-08-31 14:16:00+05:30,1445.800048828125,1445.9000244140625,1445.5999755859375,1445.9000244140625,831
2026-08-31 14:17:00+05:30,1445.9000244140625,1446.4000244140625,1445.9000244140625,1446.0,642
2026-08-31 14:18:00+05:30,1445.9000244140625,1446.0,1445.9000244140625,1446.0,982
2026-08-31 14:19:00+05:30,1446.0,1446.4000244140625,1446.0,1446.199951171875,485
2026-08-31 14:20:00+05:30,1446.0999755859375,1446.5,1446.0,1446.4000244140625,490
2026-08-31 14:21:00+05:30,1446.5999755859375,1447.300048828125,1446.0999755859375,1446.199951171875,966
2026-08-31 14:22:00+05:30,1446.9000244140625,1447.0999755859375,1446.800048828125,1446.9000244140625,777
2026-08-31 14:23:00+05:30,1446.9000244140625,1447.5999755859375,1446.9000244140625,1447.199951171875,729
2026-08-31 14:24:00+05:30,1447.0,1447.5,1446.9000244140625,1447.0999755859375,630
2026-08-31 14:25:00+05:30,1445.800048828125,1447.5,1445.800048828125,1447.5,8594
2026-08-31 14:26:00+05:30,1445.800048828125,1446.0,1445.800048828125,1445.800048828125,245
2026-08-31 14:27:00+05:30,1445.800048828125,1446.0,1445.800048828125,1446.0,873
2026-08-31 14:28:00+05:30,1445.9000244140625,1446.0,1445.800048828125,1446.0,1064
2026-08-31 14:29:00+05:30,1445.9000244140625,1446.0,1445.9000244140625,1446.0,173
2026-08-31 14:30:00+05:30,1446.800048828125,1446.800048828125,1445.9000244140625,1446.0,2862
2026-08-31 14:31:00+05:30,1447.199951171875,1447.199951171875,1446.5999755859375,1446.800048828125,3011
2026-08-31 14:32:00+05:30,1447.0,1447.4000244140625,1447.0,1447.4000244140625,535
2026-08-31 14:33:00+05:30,1447.0,1448.0,1447.0,1447.4000244140625,4698
2026-08-31 14:34:00+05:30,1447.4000244140625,1447.699951171875,1447.0,1447.4000244140625,2282
2026-08-31 14:35:00+05:30,1447.9000244140625,1448.0,1447.5,1447.5,4183
2026-08-31 14:36:00+05:30,1447.5999755859375,1447.9000244140625,1447.0999755859375,1447.0999755859375,16296
2026-08-31 14:37:00+05:30,1447.5,1447.800048828125,1447.5,1447.5999755859375,1093
2026-08-31 14:38:00+05:30,1447.5999755859375,1447.800048828125,1447.5,1447.800048828125,1932
2026-08-31 14:39:00+05:30,1447.699951171875,1447.9000244140625,1447.5999755859375,1447.9000244140625,938
2026-08-31 14:40:00+05:30,1449.0,1449.0,1447.699951171875,1447.699951171875,9816
2026-08-31 14:41:00+05:30,1449.0999755859375,1449.0999755859375,1448.9000244140625,1449.0,12229
2026-08-31 14:42:00+05:30,1447.5,1449.0999755859375,1447.0,1449.0999755859375,24816
2026-08-31 14:43:00+05:30,1447.9000244140625,1448.0,1447.5999755859375,1447.5999755859375,2050
2026-08-31 14:44:00+05:30,1448.0,1448.0,1447.9000244140625,1448.0,2306
2026-08-31 14:45:00+05:30,1448.0,1448.0,1447.9000244140625,1448.0,2904
2026-08-31 14:46:00+05:30,1451.5,1451.5,1448.0,1448.0,47285
2026-08-31 14:47:00+05:30,1450.0,1451.800048828125,1449.5999755859375,1451.5999755859375,26103
2026-08-31 14:48:00+05:30,1450.4000244140625,1450.4000244140625,1450.0,1450.0,3608
2026-08-31 14:49:00+05:30,1451.0999755859375,1451.300048828125,1450.199951171875,1450.199951171875,5591
2026-08-31 14:50:00+05:30,1451.4000244140625,1452.699951171875,1450.699951171875,1451.4000244140625,24213
2026-08-31 14:51:00+05:30,1451.300048828125,1451.300048828125,1450.699951171875,1450.699951171875,3052
2026-08-31 14:52:00+05:30,1450.199951171875,1451.300048828125,1449.800048828125,1451.199951171875,15549
2026-08-31 14:53:00+05:30,1449.9000244140625,1450.4000244140625,1449.5,1450.199951171875,15242
2026-08-31 14:54:00+05:30,1449.699951171875,1450.0,1449.699951171875,1450.0,8775
2026-08-31 14:55:00+05:30,1449.199951171875,1449.800048828125,1449.199951171875,1449.800048828125,10985
2026-08-31 14:56:00+05:30,1448.5999755859375,1449.0,1448.300048828125,1449.0,11208
2026-08-31 14:57:00+05:30,1448.699951171875,1448.699951171875,1448.300048828125,1448.4000244140625,2922
2026-08-31 14:58:00+05:30,1449.199951171875,1449.800048828125,1448.699951171875,1448.699951171875,15544
2026-08-31 14:59:00+05:30,1448.800048828125,1449.199951171875,1448.5999755859375,1448.5999755859375,1906
2026-08-31 15:00:00+05:30,1450.699951171875,1450.699951171875,1448.0999755859375,1448.800048828125,16042
2026-08-31 15:01:00+05:30,1451.5999755859375,1451.699951171875,1451.0999755859375,1451.199951171875,30609
2026-08-31 15:02:00+05:30,1453.0999755859375,1453.0999755859375,1451.9000244140625,1451.9000244140625,27487
2026-08-31 15:03:00+05:30,1451.699951171875,1452.4000244140625,1451.699951171875,1452.4000244140625,39607
2026-08-31 15:04:00+05:30,1453.300048828125,1453.300048828125,1451.800048828125,1451.800048828125,24274
2026-08-31 15:05:00+05:30,1452.4000244140625,1453.0999755859375,1451.699951171875,1453.0999755859375,53827
2026-08-31 15:06:00+05:30,1454.0999755859375,1455.0,1452.699951171875,1452.699951171875,29675
2026-08-31 15:07:00+05:30,1453.699951171875,1454.5,1453.699951171875,1454.4000244140625,31460
2026-08-31 15:08:00+05:30,1452.699951171875,1453.699951171875,1452.699951171875,1453.699951171875,24814
2026-08-31 15:09:00+05:30,1453.4000244140625,1453.5999755859375,1452.800048828125,1452.800048828125,17817
2026-08-31 15:10:00+05:30,1453.199951171875,1453.300048828125,1453.0999755859375,1453.199951171875,46173
2026-08-31 15:11:00+05:30,1453.300048828125,1453.300048828125,1452.5999755859375,1452.5999755859375,35451
2026-08-31 15:12:00+05:30,1451.4000244140625,1453.5999755859375,1451.0999755859375,1452.699951171875,58084
2026-08-31 15:13:00+05:30,1452.300048828125,1453.5,1450.5999755859375,1450.800048828125,60140
2026-08-31 15:14:00+05:30,1454.4000244140625,1456.4000244140625,1452.5999755859375,1453.0,62173
2026-08-31 15:15:00+05:30,1496.5,1496.5,1453.4000244140625,1453.4000244140625,619066
2026-09-01 09:15:00+05:30,1475.0999755859375,1491.0999755859375,1468.699951171875,1491.0999755859375,0
2026-09-01 09:16:00+05:30,1457.800048828125,1473.800048828125,1455.9000244140625,1473.800048828125,102181
2026-09-01 09:17:00+05:30,1450.699951171875,1458.4000244140625,1449.300048828125,1457.800048828125,43759
2026-09-01 09:18:00+05:30,1445.5,1452.800048828125,1444.0999755859375,1450.699951171875,43929
2026-09-01 09:19:00+05:30,1448.9000244140625,1450.699951171875,1444.0,1444.699951171875,27841
2026-09-01 09:20:00+05:30,1449.300048828125,1449.5,1446.199951171875,1448.300048828125,27126
2026-09-01 09:21:00+05:30,1452.0,1452.300048828125,1447.699951171875,1449.300048828125,21789
2026-09-01 09:22:00+05:30,1453.5,1453.5,1451.199951171875,1452.199951171875,8250
2026-09-01 09:23:00+05:30,1451.699951171875,1456.5999755859375,1451.699951171875,1453.5999755859375,10294
2026-09-01 09:24:00+05:30,1453.199951171875,1454.300048828125,1451.0,1451.699951171875,8832
2026-09-01 09:25:00+05:30,1453.800048828125,1454.4000244140625,1452.0,1453.199951171875,9084
2026-09-01 09:26:00+05:30,1454.5,1454.800048828125,1451.4000244140625,1453.5999755859375,10443
2026-09-01 09:27:00+05:30,1456.0,1456.0,1454.800048828125,1455.5999755859375,5932
2026-09-01 09:28:00+05:30,1456.9000244140625,1458.0999755859375,1454.5999755859375,1455.5999755859375,8911
2026-09-01 09:29:00+05:30,1456.800048828125,1457.5,1455.5999755859375,1456.9000244140625,2714
2026-09-01 09:30:00+05:30,1459.0,1460.9000244140625,1456.800048828125,1456.800048828125,14632
2026-09-01 09:31:00+05:30,1460.5999755859375,1461.300048828125,1458.0,1459.699951171875,19742
2026-09-01 09:32:00+05:30,1460.199951171875,1461.4000244140625,1459.199951171875,1461.0,40589
2026-09-01 09:33:00+05:30,1459.9000244140625,1460.4000244140625,1458.300048828125,1460.4000244140625,6512
2026-09-01 09:34:00+05:30,1458.5999755859375,1460.0,1458.5999755859375,1460.0,1542
2026-09-01 09:35:00+05:30,1459.699951171875,1459.9000244140625,1458.800048828125,1458.9000244140625,2320
2026-09-01 09:36:00+05:30,1459.199951171875,1459.5,1457.699951171875,1458.699951171875,6399
2026-09-01 09:37:00+05:30,1459.9000244140625,1459.9000244140625,1457.9000244140625,1457.9000244140625,5113
2026-09-01 09:38:00+05:30,1460.0999755859375,1460.0999755859375,1459.5,1459.9000244140625,2153
2026-09-01 09:39:00+05:30,1458.800048828125,1460.699951171875,1458.800048828125,1460.0,9828
2026-09-01 09:40:00+05:30,1458.0,1458.9000244140625,1458.0,1458.9000244140625,4676
2026-09-01 09:41:00+05:30,1453.199951171875,1455.9000244140625,1453.199951171875,1455.4000244140625,7595
2026-09-01 09:42:00+05:30,1454.699951171875,1454.699951171875,1453.4000244140625,1453.5,3532
2026-09-01 09:43:00+05:30,1453.5999755859375,1454.699951171875,1453.5,1454.699951171875,3255
2026-09-01 09:44:00+05:30,1451.4000244140625,1453.5,1450.800048828125,1452.300048828125,9240
2026-09-01 09:45:00+05:30,1453.0,1453.5999755859375,1452.5999755859375,1452.699951171875,7112
2026-09-01 09:46:00+05:30,1452.800048828125,1453.5,1452.0,1453.5,7305
2026-09-01 09:47:00+05:30,1454.9000244140625,1454.9000244140625,1452.0,1453.0,11072
2026-09-01 09:48:00+05:30,1455.4000244140625,1455.4000244140625,1454.5,1455.0,6709
2026-09-01 09:49:00+05:30,1454.5999755859375,1456.4000244140625,1454.5,1455.5,7253
2026-09-01 09:50:00+05:30,1453.5999755859375,1454.5999755859375,1452.800048828125,1454.5999755859375,3722
2026-09-01 09:51:00+05:30,1452.9000244140625,1453.5999755859375,1452.5,1453.5999755859375,3210
2026-09-01 09:52:00+05:30,1454.0,1454.0,1452.5,1452.800048828125,6575
2026-09-01 09:53:00+05:30,1451.800048828125,1453.5,1451.4000244140625,1453.5,8291
2026-09-01 09:54:00+05:30,1451.5,1451.9000244140625,1451.300048828125,1451.800048828125,4445
2026-09-01 09:55:00+05:30,1452.0999755859375,1452.0999755859375,1451.0,1451.5999755859375,6537
2026-09-01 09:56:00+05:30,1451.0999755859375,1452.5999755859375,1450.699951171875,1452.0999755859375,5628
2026-09-01 09:57:00+05:30,1451.5999755859375,1452.5,1451.0999755859375,1451.0999755859375,8266
2026-09-01 09:58:00+05:30,1450.5999755859375,1452.199951171875,1450.5999755859375,1451.9000244140625,5324
2026-09-01 09:59:00+05:30,1450.199951171875,1451.0,1450.199951171875,1451.0,1773
2026-09-01 10:00:00+05:30,1451.9000244140625,1452.0,1450.699951171875,1450.699951171875,4264
2026-09-01 10:01:00+05:30,1451.5999755859375,1452.300048828125,1451.0999755859375,1451.699951171875,7205
2026-09-01 10:02:00+05:30,1452.9000244140625,1453.0,1451.0,1451.699951171875,9592
2026-09-01 10:03:00+05:30,1453.699951171875,1453.800048828125,1452.199951171875,1452.9000244140625,3474
2026-09-01 10:04:00+05:30,1453.9000244140625,1453.9000244140625,1452.9000244140625,1453.199951171875,4484
2026-09-01 10:05:00+05:30,1453.800048828125,1454.0,1453.300048828125,1453.5,6278
2026-09-01 10:06:00+05:30,1453.4000244140625,1453.800048828125,1453.0,1453.4000244140625,1985
2026-09-01 10:07:00+05:30,1453.300048828125,1453.5999755859375,1452.0999755859375,1453.300048828125,5202
2026-09-01 10:08:00+05:30,1452.800048828125,1453.300048828125,1452.4000244140625,1453.0,3594
2026-09-01 10:09:00+05:30,1452.5,1453.0,1452.5,1452.800048828125,1003
2026-09-01 10:10:00+05:30,1452.0999755859375,1452.5999755859375,1452.0,1452.5999755859375,1716
2026-09-01 10:11:00+05:30,1450.300048828125,1452.4000244140625,1449.4000244140625,1452.4000244140625,6462
2026-09-01 10:12:00+05:30,1450.0999755859375,1450.800048828125,1450.0,1450.300048828125,4231
2026-09-01 10:13:00+05:30,1450.0999755859375,1450.5999755859375,1450.0999755859375,1450.0999755859375,2119
2026-09-01 10:14:00+05:30,1450.5,1451.300048828125,1450.5,1450.699951171875,1473
2026-09-01 10:15:00+05:30,1450.5,1450.699951171875,1450.199951171875,1450.5999755859375,1328
2026-09-01 10:16:00+05:30,1451.199951171875,1451.4000244140625,1450.699951171875,1451.0999755859375,2087
2026-09-01 10:17:00+05:30,1451.300048828125,1451.5,1450.699951171875,1451.199951171875,3556
2026-09-01 10:18:00+05:30,1451.0,1451.4000244140625,1450.800048828125,1451.199951171875,2141
2026-09-01 10:19:00+05:30,1450.4000244140625,1451.4000244140625,1450.4000244140625,1451.300048828125,3416
2026-09-01 10:20:00+05:30,1450.5999755859375,1450.800048828125,1449.4000244140625,1450.0,3159
2026-09-01 10:21:00+05:30,1450.300048828125,1450.9000244140625,1450.300048828125,1450.5999755859375,1148
2026-09-01 10:22:00+05:30,1451.300048828125,1451.300048828125,1450.300048828125,1450.9000244140625,1103
2026-09-01 10:23:00+05:30,1451.5999755859375,1451.5999755859375,1450.699951171875,1450.699951171875,1249
2026-09-01 10:24:00+05:30,1451.300048828125,1451.5,1450.699951171875,1451.300048828125,3104
2026-09-01 10:25:00+05:30,1451.0,1451.300048828125,1450.5,1451.0,1480
2026-09-01 10:26:00+05:30,1451.199951171875,1451.199951171875,1450.5999755859375,1450.5999755859375,991
2026-09-01 10:27:00+05:30,1450.9000244140625,1451.4000244140625,1450.800048828125,1451.199951171875,951
2026-09-01 10:28:00+05:30,1451.5,1452.4000244140625,1451.199951171875,1451.800048828125,3089
2026-09-01 10:29:00+05:30,1452.5999755859375,1452.5999755859375,1451.5999755859375,1451.5999755859375,1687
2026-09-01 10:30:00+05:30,1452.0,1452.5999755859375,1452.0,1452.0,1785
2026-09-01 10:31:00+05:30,1451.5999755859375,1452.0,1450.9000244140625,1452.0,5086
2026-09-01 10:32:00+05:30,1452.5999755859375,1453.5,1452.0,1452.0,1738
2026-09-01 10:33:00+05:30,1453.5,1453.699951171875,1452.5,1453.5999755859375,2363
2026-09-01 10:34:00+05:30,1453.9000244140625,1454.4000244140625,1453.4000244140625,1453.5,2155
2026-09-01 10:35:00+05:30,1453.699951171875,1454.5,1453.0,1454.5,6617
2026-09-01 10:36:00+05:30,1454.199951171875,1454.300048828125,1453.5999755859375,1453.699951171875,1571
2026-09-01 10:37:00+05:30,1452.4000244140625,1453.0999755859375,1452.4000244140625,1452.800048828125,4567
2026-09-01 10:38:00+05:30,1452.0,1452.4000244140625,1452.0,1452.4000244140625,1506
2026-09-01 10:39:00+05:30,1450.9000244140625,1452.0,1450.9000244140625,1452.0,2598
2026-09-01 10:40:00+05:30,1450.9000244140625,1450.9000244140625,1450.5999755859375,1450.9000244140625,1519
2026-09-01 10:41:00+05:30,1451.300048828125,1451.300048828125,1450.4000244140625,1450.699951171875,3212
2026-09-01 10:42:00+05:30,1450.9000244140625,1451.699951171875,1450.9000244140625,1451.300048828125,2020
2026-09-01 10:43:00+05:30,1451.800048828125,1451.800048828125,1451.0,1451.0,592
2026-09-01 10:44:00+05:30,1452.300048828125,1452.4000244140625,1451.800048828125,1451.800048828125,1663
2026-09-01 10:45:00+05:30,1453.4000244140625,1453.4000244140625,1452.300048828125,1452.800048828125,1707
2026-09-01 10:46:00+05:30,1451.300048828125,1453.4000244140625,1451.199951171875,1452.800048828125,7389
2026-09-01 10:47:00+05:30,1451.9000244140625,1452.300048828125,1451.9000244140625,1451.9000244140625,772
2026-09-01 10:48:00+05:30,1452.5,1453.0999755859375,1451.9000244140625,1452.300048828125,891
2026-09-01 10:49:00+05:30,1453.0999755859375,1453.4000244140625,1452.5999755859375,1453.0999755859375,951
2026-09-01 10:50:00+05:30,1452.0999755859375,1453.0,1452.0,1452.699951171875,4159
2026-09-01 10:51:00+05:30,1452.0,1452.4000244140625,1452.0,1452.0999755859375,1403
2026-09-01 10:52:00+05:30,1450.5999755859375,1452.0,1450.0999755859375,1452.0,15211
2026-09-01 10:53:00+05:30,1451.9000244140625,1451.9000244140625,1450.5999755859375,1450.5999755859375,2908
2026-09-01 10:54:00+05:30,1452.0,1452.300048828125,1451.5,1451.9000244140625,882
2026-09-01 10:55:00+05:30,1452.5999755859375,1453.0,1449.0999755859375,1451.5,15417
2026-09-01 10:56:00+05:30,1452.199951171875,1452.9000244140625,1451.800048828125,1452.5999755859375,2029
2026-09-01 10:57:00+05:30,1452.4000244140625,1453.199951171875,1452.4000244140625,1452.800048828125,1540
2026-09-01 10:58:00+05:30,1452.699951171875,1453.4000244140625,1452.4000244140625,1452.800048828125,3137
2026-09-01 10:59:00+05:30,1452.5999755859375,1453.0,1452.5999755859375,1453.0,1159
2026-09-01 11:00:00+05:30,1451.800048828125,1453.0,1451.699951171875,1453.0,3772
2026-09-01 11:01:00+05:30,1451.699951171875,1452.0,1451.4000244140625,1451.800048828125,1862
2026-09-01 11:02:00+05:30,1450.699951171875,1451.699951171875,1450.699951171875,1451.699951171875,1668
2026-09-01 11:03:00+05:30,1450.0,1451.0,1449.800048828125,1451.0,4402
2026-09-01 11:04:00+05:30,1450.0999755859375,1450.800048828125,1449.800048828125,1450.0,5709
2026-09-01 11:05:00+05:30,1449.800048828125,1450.5999755859375,1449.800048828125,1450.0,3854
2026-09-01 11:06:00+05:30,1450.0,1450.0,1449.800048828125,1449.800048828125,1528
2026-09-01 11:07:00+05:30,1450.199951171875,1450.5,1450.0,1450.0,2507
2026-09-01 11:08:00+05:30,1450.9000244140625,1451.199951171875,1450.5,1450.5,3837
2026-09-01 11:09:00+05:30,1451.5,1452.0,1451.0,1451.0,9358
2026-09-01 11:10:00+05:30,1451.5,1452.0,1451.5,1452.0,3369
2026-09-01 11:11:00+05:30,1449.699951171875,1452.0,1449.5,1451.5,9457
2026-09-01 11:12:00+05:30,1449.0999755859375,1449.699951171875,1448.5999755859375,1449.699951171875,6471
2026-09-01 11:13:00+05:30,1447.800048828125,1449.4000244140625,1447.800048828125,1449.4000244140625,3139
2026-09-01 11:14:00+05:30,1447.699951171875,1447.9000244140625,1447.5,1447.5,2370
2026-09-01 11:15:00+05:30,1446.699951171875,1448.4000244140625,1446.699951171875,1448.300048828125,3308
2026-09-01 11:16:00+05:30,1446.5,1446.9000244140625,1446.199951171875,1446.699951171875,2263
2026-09-01 11:17:00+05:30,1447.0999755859375,1447.5,1446.5,1446.800048828125,880
2026-09-01 11:18:00+05:30,1447.5999755859375,1447.800048828125,1447.199951171875,1447.5,1072
2026-09-01 11:19:00+05:30,1447.5999755859375,1447.800048828125,1447.0999755859375,1447.800048828125,2386
2026-09-01 11:20:00+05:30,1446.9000244140625,1447.699951171875,1446.9000244140625,1447.5999755859375,2162
2026-09-01 11:21:00+05:30,1447.300048828125,1447.800048828125,1446.9000244140625,1446.9000244140625,966
2026-09-01 11:22:00+05:30,1447.300048828125,1447.800048828125,1447.300048828125,1447.5,1370
2026-09-01 11:23:00+05:30,1447.5999755859375,1447.9000244140625,1447.300048828125,1447.5999755859375,1732
2026-09-01 11:24:00+05:30,1448.0999755859375,1448.4000244140625,1448.0,1448.0,1061
2026-09-01 11:25:00+05:30,1448.5,1449.0,1448.0999755859375,1448.0999755859375,1594
2026-09-01 11:26:00+05:30,1448.5,1449.0,1448.5,1448.9000244140625,1496
2026-09-01 11:27:00+05:30,1447.699951171875,1449.199951171875,1447.4000244140625,1448.9000244140625,5100
2026-09-01 11:28:00+05:30,1447.699951171875,1448.199951171875,1447.699951171875,1447.800048828125,406
2026-09-01 11:29:00+05:30,1447.699951171875,1448.300048828125,1447.699951171875,1448.300048828125,987
2026-09-01 11:30:00+05:30,1448.4000244140625,1448.4000244140625,1447.800048828125,1448.4000244140625,4008
2026-09-01 11:31:00+05:30,1447.4000244140625,1448.300048828125,1446.5999755859375,1448.300048828125,3659
2026-09-01 11:32:00+05:30,1447.0,1447.5999755859375,1446.9000244140625,1447.0999755859375,1550
2026-09-01 11:33:00+05:30,1447.0999755859375,1448.199951171875,1447.0999755859375,1447.4000244140625,2440
2026-09-01 11:34:00+05:30,1447.5999755859375,1448.0999755859375,1447.199951171875,1447.5,1084
2026-09-01 11:35:00+05:30,1447.5999755859375,1448.0999755859375,1447.5999755859375,1448.0999755859375,904
2026-09-01 11:36:00+05:30,1447.4000244140625,1448.0,1447.4000244140625,1448.0,3093
2026-09-01 11:37:00+05:30,1447.699951171875,1447.9000244140625,1447.199951171875,1447.4000244140625,2241
2026-09-01 11:38:00+05:30,1448.0,1448.0999755859375,1447.5,1447.9000244140625,754
2026-09-01 11:39:00+05:30,1447.0,1448.0999755859375,1447.0,1448.0,5296
2026-09-01 11:40:00+05:30,1444.5,1447.0999755859375,1444.300048828125,1447.0999755859375,9564
2026-09-01 11:41:00+05:30,1445.199951171875,1445.800048828125,1444.5,1444.5,2177
2026-09-01 11:42:00+05:30,1445.199951171875,1445.5999755859375,1444.800048828125,1444.9000244140625,4371
2026-09-01 11:43:00+05:30,1445.9000244140625,1445.9000244140625,1445.0999755859375,1445.4000244140625,2142
2026-09-01 11:44:00+05:30,1447.699951171875,1447.699951171875,1445.699951171875,1445.699951171875,3156
2026-09-01 11:45:00+05:30,1448.0999755859375,1448.4000244140625,1447.5,1447.800048828125,3263
2026-09-01 11:46:00+05:30,1448.9000244140625,1448.9000244140625,1448.699951171875,1448.800048828125,1502
2026-09-01 11:47:00+05:30,1449.0999755859375,1449.199951171875,1448.5,1448.5,825
2026-09-01 11:48:00+05:30,1448.800048828125,1449.5,1448.800048828125,1449.0999755859375,976
2026-09-01 11:49:00+05:30,1449.199951171875,1449.4000244140625,1448.9000244140625,1449.300048828125,2403
2026-09-01 11:50:00+05:30,1448.800048828125,1449.5,1448.800048828125,1449.199951171875,4562
2026-09-01 11:51:00+05:30,1448.9000244140625,1449.300048828125,1448.800048828125,1449.300048828125,897
2026-09-01 11:52:00+05:30,1449.5,1449.5,1448.4000244140625,1448.9000244140625,2824
2026-09-01 11:53:00+05:30,1449.0,1449.4000244140625,1448.800048828125,1449.0999755859375,1148
2026-09-01 11:54:00+05:30,1448.9000244140625,1449.5999755859375,1448.800048828125,1449.5999755859375,1826
2026-09-01 11:55:00+05:30,1448.699951171875,1449.300048828125,1448.699951171875,1449.300048828125,791
2026-09-01 11:56:00+05:30,1447.9000244140625,1449.300048828125,1447.9000244140625,1449.199951171875,11495
2026-09-01 11:57:00+05:30,1448.800048828125,1448.800048828125,1448.199951171875,1448.199951171875,2384
2026-09-01 11:58:00+05:30,1449.0999755859375,1449.199951171875,1448.5,1449.199951171875,856
2026-09-01 11:59:00+05:30,1449.4000244140625,1449.800048828125,1449.0999755859375,1449.0999755859375,3763
2026-09-01 12:00:00+05:30,1449.300048828125,1449.5999755859375,1449.199951171875,1449.199951171875,893
2026-09-01 12:01:00+05:30,1449.199951171875,1449.4000244140625,1448.699951171875,1449.300048828125,1446
2026-09-01 12:02:00+05:30,1449.5,1449.699951171875,1448.9000244140625,1449.199951171875,2455
2026-09-01 12:03:00+05:30,1449.9000244140625,1450.0,1449.5999755859375,1449.5999755859375,50781
2026-09-01 12:04:00+05:30,1450.0,1450.0,1449.800048828125,1450.0,12248
2026-09-01 12:05:00+05:30,1450.0,1450.0,1449.800048828125,1450.0,2333
2026-09-01 12:06:00+05:30,1450.0,1450.0,1449.800048828125,1449.800048828125,21185
2026-09-01 12:07:00+05:30,1450.0,1450.0,1449.5999755859375,1449.5999755859375,2155
2026-09-01 12:08:00+05:30,1449.300048828125,1450.0,1449.300048828125,1449.699951171875,3051
2026-09-01 12:09:00+05:30,1449.800048828125,1449.800048828125,1449.300048828125,1449.300048828125,1614
2026-09-01 12:10:00+05:30,1449.5999755859375,1449.800048828125,1449.4000244140625,1449.800048828125,1329
2026-09-01 12:11:00+05:30,1449.5,1449.5999755859375,1449.4000244140625,1449.5999755859375,2101
2026-09-01 12:12:00+05:30,1449.699951171875,1449.699951171875,1449.300048828125,1449.5,723
2026-09-01 12:13:00+05:30,1450.0,1450.0,1449.300048828125,1449.300048828125,1479
2026-09-01 12:14:00+05:30,1450.0,1450.0,1449.800048828125,1450.0,2014
2026-09-01 12:15:00+05:30,1451.4000244140625,1451.4000244140625,1450.0,1450.0,33886
2026-09-01 12:16:00+05:30,1452.4000244140625,1452.4000244140625,1451.9000244140625,1451.9000244140625,4358
2026-09-01 12:17:00+05:30,1451.199951171875,1452.800048828125,1451.199951171875,1452.4000244140625,5525
2026-09-01 12:18:00+05:30,1451.9000244140625,1451.9000244140625,1451.199951171875,1451.5,637
2026-09-01 12:19:00+05:30,1450.699951171875,1452.0,1450.5,1451.9000244140625,3731
2026-09-01 12:20:00+05:30,1451.0999755859375,1451.199951171875,1450.5999755859375,1451.0,754
2026-09-01 12:21:00+05:30,1450.9000244140625,1451.300048828125,1450.800048828125,1451.300048828125,901
2026-09-01 12:22:00+05:30,1451.5,1451.800048828125,1450.800048828125,1450.9000244140625,2058
2026-09-01 12:23:00+05:30,1451.699951171875,1451.9000244140625,1451.5,1451.5,1853
2026-09-01 12:24:00+05:30,1451.5,1451.9000244140625,1451.300048828125,1451.699951171875,3016
2026-09-01 12:25:00+05:30,1450.199951171875,1451.9000244140625,1449.5,1451.9000244140625,4138
2026-09-01 12:26:00+05:30,1450.0,1450.4000244140625,1449.699951171875,1450.300048828125,705
2026-09-01 12:27:00+05:30,1450.4000244140625,1450.5999755859375,1449.699951171875,1450.4000244140625,1143
2026-09-01 12:28:00+05:30,1450.0999755859375,1450.9000244140625,1449.9000244140625,1450.4000244140625,939
2026-09-01 12:29:00+05:30,1449.699951171875,1450.0999755859375,1449.699951171875,1450.0999755859375,1596
2026-09-01 12:30:00+05:30,1449.800048828125,1449.800048828125,1449.800048828125,1449.800048828125,1177
2026-09-01 12:31:00+05:30,1449.9000244140625,1450.199951171875,1449.800048828125,1449.800048828125,1478
2026-09-01 12:32:00+05:30,1450.0999755859375,1450.4000244140625,1449.800048828125,1449.9000244140625,1198
2026-09-01 12:33:00+05:30,1450.300048828125,1450.300048828125,1450.0,1450.0,332
2026-09-01 12:34:00+05:30,1450.0,1450.199951171875,1449.5999755859375,1449.699951171875,2208
2026-09-01 12:35:00+05:30,1450.0999755859375,1450.5999755859375,1450.0999755859375,1450.300048828125,1142
2026-09-01 12:36:00+05:30,1450.5999755859375,1450.5999755859375,1450.0999755859375,1450.5,1116
2026-09-01 12:37:00+05:30,1450.300048828125,1450.300048828125,1450.0999755859375,1450.0999755859375,1169
2026-09-01 12:38:00+05:30,1450.0999755859375,1450.4000244140625,1449.0,1450.300048828125,6130
2026-09-01 12:39:00+05:30,1450.0,1450.0,1450.0,1450.0,327
2026-09-01 12:40:00+05:30,1449.9000244140625,1450.0999755859375,1449.5999755859375,1450.0999755859375,1045
2026-09-01 12:41:00+05:30,1450.0999755859375,1450.0999755859375,1449.5999755859375,1449.5999755859375,1166
2026-09-01 12:42:00+05:30,1449.800048828125,1450.0999755859375,1449.800048828125,1450.0999755859375,897
2026-09-01 12:43:00+05:30,1450.0999755859375,1450.5,1449.9000244140625,1450.0,910
2026-09-01 12:44:00+05:30,1448.699951171875,1450.5,1448.699951171875,1450.5,4186
2026-09-01 12:45:00+05:30,1449.300048828125,1449.300048828125,1448.699951171875,1448.699951171875,1486
2026-09-01 12:46:00+05:30,1449.300048828125,1449.5,1449.300048828125,1449.300048828125,1401
2026-09-01 12:47:00+05:30,1449.800048828125,1449.800048828125,1449.0,1449.300048828125,289
2026-09-01 12:48:00+05:30,1449.800048828125,1450.0,1449.5,1450.0,915
2026-09-01 12:49:00+05:30,1449.9000244140625,1450.0,1449.5999755859375,1449.9000244140625,1303
2026-09-01 12:50:00+05:30,1449.5999755859375,1450.0,1449.0,1449.9000244140625,3825
2026-09-01 12:51:00+05:30,1449.5,1449.5999755859375,1449.5,1449.5999755859375,478
2026-09-01 12:52:00+05:30,1449.699951171875,1449.699951171875,1449.199951171875,1449.5,1147
2026-09-01 12:53:00+05:30,1449.4000244140625,1449.9000244140625,1449.4000244140625,1449.5,1558
2026-09-01 12:54:00+05:30,1449.0,1450.0,1448.4000244140625,1449.9000244140625,3608
2026-09-01 12:55:00+05:30,1449.0,1449.0,1448.699951171875,1449.0,287
2026-09-01 12:56:00+05:30,1449.300048828125,1449.300048828125,1448.699951171875,1449.0,1419
2026-09-01 12:57:00+05:30,1449.0,1449.5,1449.0,1449.0,1736
2026-09-01 12:58:00+05:30,1449.699951171875,1449.699951171875,1449.0,1449.5,1566
2026-09-01 12:59:00+05:30,1447.800048828125,1449.699951171875,1447.800048828125,1449.5999755859375,3591
2026-09-01 13:00:00+05:30,1447.5999755859375,1448.0,1447.5999755859375,1448.0,4698
2026-09-01 13:01:00+05:30,1447.300048828125,1447.9000244140625,1447.199951171875,1447.9000244140625,1396
2026-09-01 13:02:00+05:30,1447.800048828125,1447.800048828125,1446.800048828125,1447.300048828125,4812
2026-09-01 13:03:00+05:30,1447.699951171875,1447.800048828125,1447.300048828125,1447.699951171875,545
2026-09-01 13:04:00+05:30,1447.5,1447.699951171875,1447.0,1447.699951171875,1277
2026-09-01 13:05:00+05:30,1447.4000244140625,1447.5,1447.0,1447.0,1611
2026-09-01 13:06:00+05:30,1447.300048828125,1447.4000244140625,1447.0,1447.4000244140625,2491
2026-09-01 13:07:00+05:30,1447.0,1447.300048828125,1447.0,1447.300048828125,214
2026-09-01 13:08:00+05:30,1447.300048828125,1447.300048828125,1447.0,1447.0999755859375,1411
2026-09-01 13:09:00+05:30,1447.0999755859375,1447.4000244140625,1446.9000244140625,1447.300048828125,3992
2026-09-01 13:10:00+05:30,1447.0,1447.300048828125,1446.699951171875,1447.0999755859375,502
2026-09-01 13:11:00+05:30,1445.4000244140625,1447.0999755859375,1445.4000244140625,1447.0999755859375,3544
2026-09-01 13:12:00+05:30,1446.4000244140625,1446.4000244140625,1446.0,1446.199951171875,1937
2026-09-01 13:13:00+05:30,1446.4000244140625,1446.5999755859375,1446.4000244140625,1446.4000244140625,788
2026-09-01 13:14:00+05:30,1446.699951171875,1447.0,1446.5999755859375,1446.5999755859375,3182
2026-09-01 13:15:00+05:30,1446.9000244140625,1447.0999755859375,1446.699951171875,1446.699951171875,1352
2026-09-01 13:16:00+05:30,1446.699951171875,1447.300048828125,1446.699951171875,1447.199951171875,7172
2026-09-01 13:17:00+05:30,1447.300048828125,1447.300048828125,1447.0999755859375,1447.300048828125,144
2026-09-01 13:18:00+05:30,1447.699951171875,1447.800048828125,1447.300048828125,1447.300048828125,1513
2026-09-01 13:19:00+05:30,1447.9000244140625,1448.300048828125,1447.800048828125,1447.800048828125,1684
2026-09-01 13:20:00+05:30,1448.199951171875,1448.199951171875,1447.4000244140625,1447.4000244140625,695
2026-09-01 13:21:00+05:30,1448.0,1448.199951171875,1447.5,1447.5999755859375,2483
2026-09-01 13:22:00+05:30,1448.300048828125,1448.300048828125,1447.9000244140625,1448.0,1363
2026-09-01 13:23:00+05:30,1448.300048828125,1448.4000244140625,1448.0,1448.300048828125,2407
2026-09-01 13:24:00+05:30,1448.5,1448.5,1447.699951171875,1448.0,1691
2026-09-01 13:25:00+05:30,1448.4000244140625,1448.5999755859375,1448.4000244140625,1448.5,1539
2026-09-01 13:26:00+05:30,1447.0,1448.4000244140625,1446.800048828125,1448.4000244140625,3958
2026-09-01 13:27:00+05:30,1447.5999755859375,1447.5999755859375,1447.0999755859375,1447.0999755859375,1683
2026-09-01 13:28:00+05:30,1445.199951171875,1447.800048828125,1444.0999755859375,1447.800048828125,11090
2026-09-01 13:29:00+05:30,1445.0,1445.199951171875,1444.5999755859375,1445.199951171875,452
2026-09-01 13:30:00+05:30,1443.800048828125,1444.800048828125,1443.800048828125,1444.5999755859375,1827
2026-09-01 13:31:00+05:30,1444.5,1444.5,1443.9000244140625,1444.5,1045
2026-09-01 13:32:00+05:30,1444.9000244140625,1444.9000244140625,1444.4000244140625,1444.5,1716
2026-09-01 13:33:00+05:30,1444.5,1445.0,1444.4000244140625,1444.9000244140625,1807
2026-09-01 13:34:00+05:30,1444.9000244140625,1445.0,1444.300048828125,1445.0,1313
2026-09-01 13:35:00+05:30,1443.199951171875,1444.9000244140625,1443.199951171875,1444.9000244140625,3704
2026-09-01 13:36:00+05:30,1443.0,1443.5,1442.5999755859375,1443.4000244140625,3951
2026-09-01 13:37:00+05:30,1442.4000244140625,1443.0,1442.4000244140625,1443.0,1804
2026-09-01 13:38:00+05:30,1443.0999755859375,1443.800048828125,1442.5999755859375,1442.5999755859375,3305
2026-09-01 13:39:00+05:30,1443.5999755859375,1443.9000244140625,1443.5999755859375,1443.5999755859375,2703
2026-09-01 13:40:00+05:30,1443.5,1444.199951171875,1443.300048828125,1444.199951171875,2544
2026-09-01 13:41:00+05:30,1442.9000244140625,1444.0999755859375,1442.9000244140625,1443.800048828125,2137
2026-09-01 13:42:00+05:30,1442.9000244140625,1443.199951171875,1442.699951171875,1442.9000244140625,1247
2026-09-01 13:43:00+05:30,1443.5999755859375,1443.5999755859375,1442.699951171875,1442.9000244140625,3498
2026-09-01 13:44:00+05:30,1443.9000244140625,1443.9000244140625,1443.699951171875,1443.800048828125,1323
2026-09-01 13:45:00+05:30,1444.0,1444.0,1443.5,1443.9000244140625,1139
2026-09-01 13:46:00+05:30,1443.699951171875,1444.0,1443.0999755859375,1444.0,955
2026-09-01 13:47:00+05:30,1442.9000244140625,1443.699951171875,1442.5999755859375,1443.699951171875,1573
2026-09-01 13:48:00+05:30,1443.0,1443.0,1442.5999755859375,1443.0,919
2026-09-01 13:49:00+05:30,1442.800048828125,1443.0,1442.4000244140625,1443.0,1018
2026-09-01 13:50:00+05:30,1442.0999755859375,1442.800048828125,1441.699951171875,1442.699951171875,3280
2026-09-01 13:51:00+05:30,1441.0,1442.0999755859375,1441.0,1442.0999755859375,2103
2026-09-01 13:52:00+05:30,1441.0999755859375,1441.300048828125,1440.9000244140625,1441.300048828125,4330
2026-09-01 13:53:00+05:30,1441.0999755859375,1441.4000244140625,1440.699951171875,1440.800048828125,2362
2026-09-01 13:54:00+05:30,1441.699951171875,1441.9000244140625,1441.0,1441.0,2812
2026-09-01 13:55:00+05:30,1441.0,1441.5,1441.0,1441.5,963
2026-09-01 13:56:00+05:30,1441.300048828125,1441.699951171875,1441.0,1441.0,709
2026-09-01 13:57:00+05:30,1441.5,1442.0,1441.5,1441.699951171875,1344
2026-09-01 13:58:00+05:30,1442.199951171875,1442.300048828125,1441.5999755859375,1441.699951171875,1669
2026-09-01 13:59:00+05:30,1442.0,1442.199951171875,1441.5999755859375,1441.5999755859375,965
2026-09-01 14:00:00+05:30,1441.9000244140625,1442.0,1441.5,1442.0,500
2026-09-01 14:01:00+05:30,1441.4000244140625,1441.9000244140625,1441.4000244140625,1441.4000244140625,1515
2026-09-01 14:02:00+05:30,1441.5,1441.800048828125,1441.199951171875,1441.5,1603
2026-09-01 14:03:00+05:30,1441.0999755859375,1441.4000244140625,1440.800048828125,1441.4000244140625,1270
2026-09-01 14:04:00+05:30,1440.300048828125,1441.0,1440.300048828125,1441.0,3656
2026-09-01 14:05:00+05:30,1441.0,1441.0,1440.300048828125,1440.800048828125,192
2026-09-01 14:06:00+05:30,1442.0,1442.0,1440.5,1441.0,4325
2026-09-01 14:07:00+05:30,1441.9000244140625,1442.199951171875,1441.4000244140625,1441.4000244140625,2226
2026-09-01 14:08:00+05:30,1440.5999755859375,1441.4000244140625,1440.5999755859375,1441.4000244140625,2162
2026-09-01 14:09:00+05:30,1440.800048828125,1441.0,1440.199951171875,1441.0,2000
2026-09-01 14:10:00+05:30,1441.4000244140625,1441.4000244140625,1440.5999755859375,1440.800048828125,2105
2026-09-01 14:11:00+05:30,1441.800048828125,1442.0,1441.5,1441.5,753
2026-09-01 14:12:00+05:30,1441.0,1441.4000244140625,1441.0,1441.199951171875,1854
2026-09-01 14:13:00+05:30,1440.4000244140625,1440.9000244140625,1440.4000244140625,1440.800048828125,1637
2026-09-01 14:14:00+05:30,1440.5999755859375,1440.5999755859375,1440.4000244140625,1440.5,420
2026-09-01 14:15:00+05:30,1440.199951171875,1440.5999755859375,1440.199951171875,1440.5999755859375,1058
2026-09-01 14:16:00+05:30,1439.699951171875,1440.199951171875,1439.5,1440.199951171875,15182
2026-09-01 14:17:00+05:30,1440.4000244140625,1440.4000244140625,1440.0,1440.0999755859375,1220
2026-09-01 14:18:00+05:30,1440.5,1440.699951171875,1440.0999755859375,1440.4000244140625,1450
2026-09-01 14:19:00+05:30,1441.199951171875,1441.199951171875,1440.4000244140625,1440.5999755859375,2663
2026-09-01 14:20:00+05:30,1441.4000244140625,1441.699951171875,1440.5999755859375,1441.199951171875,4461
2026-09-01 14:21:00+05:30,1440.0999755859375,1441.4000244140625,1440.0999755859375,1441.4000244140625,957
2026-09-01 14:22:00+05:30,1440.199951171875,1440.9000244140625,1440.199951171875,1440.699951171875,1120
2026-09-01 14:23:00+05:30,1439.199951171875,1440.199951171875,1439.199951171875,1440.0999755859375,14347
2026-09-01 14:24:00+05:30,1439.5,1439.800048828125,1439.5,1439.699951171875,2168
2026-09-01 14:25:00+05:30,1439.9000244140625,1440.5,1439.5,1439.800048828125,2547
2026-09-01 14:26:00+05:30,1440.0,1440.699951171875,1439.699951171875,1439.699951171875,1804
2026-09-01 14:27:00+05:30,1440.0,1440.0999755859375,1439.699951171875,1440.0,1570
2026-09-01 14:28:00+05:30,1439.199951171875,1439.199951171875,1439.0999755859375,1439.0999755859375,2156
2026-09-01 14:29:00+05:30,1440.5,1441.0,1439.4000244140625,1439.4000244140625,3674
2026-09-01 14:30:00+05:30,1440.300048828125,1440.5999755859375,1440.0,1440.5999755859375,445
2026-09-01 14:31:00+05:30,1440.699951171875,1441.0,1439.4000244140625,1440.300048828125,4028
2026-09-01 14:32:00+05:30,1441.800048828125,1441.800048828125,1441.0999755859375,1441.0999755859375,1346
2026-09-01 14:33:00+05:30,1441.300048828125,1441.800048828125,1441.199951171875,1441.800048828125,2080
2026-09-01 14:34:00+05:30,1441.699951171875,1441.800048828125,1441.199951171875,1441.300048828125,4347
2026-09-01 14:35:00+05:30,1442.0999755859375,1442.199951171875,1441.9000244140625,1442.0,5944
2026-09-01 14:36:00+05:30,1441.5999755859375,1442.0,1441.5,1441.800048828125,1385
2026-09-01 14:37:00+05:30,1441.4000244140625,1441.5,1441.4000244140625,1441.5,591
2026-09-01 14:38:00+05:30,1441.199951171875,1441.300048828125,1441.0999755859375,1441.300048828125,1629
2026-09-01 14:39:00+05:30,1441.300048828125,1441.300048828125,1441.199951171875,1441.300048828125,419
2026-09-01 14:40:00+05:30,1440.5999755859375,1441.300048828125,1440.4000244140625,1441.300048828125,3463
2026-09-01 14:41:00+05:30,1441.0,1441.0,1440.800048828125,1440.800048828125,905
2026-09-01 14:42:00+05:30,1441.4000244140625,1441.800048828125,1441.0,1441.0,2851
2026-09-01 14:43:00+05:30,1440.800048828125,1441.0999755859375,1440.5999755859375,1440.800048828125,1672
2026-09-01 14:44:00+05:30,1440.9000244140625,1440.9000244140625,1440.800048828125,1440.9000244140625,234
2026-09-01 14:45:00+05:30,1441.9000244140625,1441.9000244140625,1438.699951171875,1440.800048828125,28869
2026-09-01 14:46:00+05:30,1441.199951171875,1441.9000244140625,1441.0,1441.9000244140625,6344
2026-09-01 14:47:00+05:30,1441.199951171875,1441.199951171875,1439.199951171875,1441.199951171875,25053
2026-09-01 14:48:00+05:30,1440.800048828125,1441.5999755859375,1440.800048828125,1441.5,17106
2026-09-01 14:49:00+05:30,1441.0999755859375,1442.199951171875,1440.9000244140625,1440.9000244140625,23349
2026-09-01 14:50:00+05:30,1441.800048828125,1442.0999755859375,1441.0999755859375,1441.0999755859375,6577
2026-09-01 14:51:00+05:30,1441.9000244140625,1441.9000244140625,1441.699951171875,1441.800048828125,13098
2026-09-01 14:52:00+05:30,1443.300048828125,1443.300048828125,1442.5,1442.5,19291
2026-09-01 14:53:00+05:30,1443.0,1443.5,1443.0,1443.300048828125,22553
2026-09-01 14:54:00+05:30,1443.0999755859375,1443.0999755859375,1443.0,1443.0,4650
2026-09-01 14:55:00+05:30,1444.5999755859375,1444.5999755859375,1443.199951171875,1443.199951171875,31243
2026-09-01 14:56:00+05:30,1444.0999755859375,1444.5,1444.0,1444.5,14825
2026-09-01 14:57:00+05:30,1444.800048828125,1444.800048828125,1444.0999755859375,1444.0999755859375,15500
2026-09-01 14:58:00+05:30,1446.199951171875,1446.5999755859375,1444.800048828125,1444.800048828125,23245
2026-09-01 14:59:00+05:30,1444.699951171875,1446.300048828125,1444.699951171875,1446.300048828125,20703
2026-09-01 15:00:00+05:30,1445.5,1445.5,1444.699951171875,1444.9000244140625,40978
2026-09-01 15:01:00+05:30,1446.0,1446.5,1445.300048828125,1445.5,27484
2026-09-01 15:02:00+05:30,1445.0,1446.0999755859375,1445.0,1446.0,18922
2026-09-01 15:03:00+05:30,1445.5999755859375,1445.5999755859375,1445.0999755859375,1445.0999755859375,43744
2026-09-01 15:04:00+05:30,1445.199951171875,1445.5,1444.800048828125,1445.4000244140625,15687
2026-09-01 15:05:00+05:30,1444.5999755859375,1445.0999755859375,1443.9000244140625,1445.0999755859375,55922
2026-09-01 15:06:00+05:30,1443.199951171875,1444.5,1443.199951171875,1444.5,26886
2026-09-01 15:07:00+05:30,1443.199951171875,1443.199951171875,1443.0999755859375,1443.199951171875,18511
2026-09-01 15:08:00+05:30,1443.199951171875,1443.300048828125,1443.0999755859375,1443.199951171875,30628
2026-09-01 15:09:00+05:30,1443.300048828125,1443.300048828125,1443.0999755859375,1443.199951171875,25791
2026-09-01 15:10:00+05:30,1443.5,1443.5999755859375,1443.300048828125,1443.300048828125,22359
2026-09-01 15:11:00+05:30,1443.0999755859375,1443.5999755859375,1443.0,1443.5,19874
2026-09-01 15:12:00+05:30,1440.800048828125,1443.0999755859375,1438.4000244140625,1443.0999755859375,79838
2026-09-01 15:13:00+05:30,1439.5,1440.0999755859375,1437.9000244140625,1438.800048828125,13829
2026-09-01 15:14:00+05:30,1438.0,1440.0999755859375,1438.0,1440.0,3361
2026-09-01 15:15:00+05:30,1438.199951171875,1438.199951171875,1436.5,1436.5,103669
2026-09-02 09:15:00+05:30,1420.5999755859375,1425.300048828125,1418.9000244140625,1421.4000244140625,0
2026-09-02 09:16:00+05:30,1422.699951171875,1424.0,1420.699951171875,1420.699951171875,4770
2026-09-02 09:17:00+05:30,1422.0,1423.4000244140625,1420.5999755859375,1422.0999755859375,7381
2026-09-02 09:18:00+05:30,1421.5999755859375,1421.699951171875,1420.800048828125,1421.4000244140625,1289
2026-09-02 09:19:00+05:30,1419.800048828125,1421.800048828125,1419.800048828125,1421.5,2939
2026-09-02 09:20:00+05:30,1420.9000244140625,1420.9000244140625,1419.300048828125,1419.300048828125,1454
2026-09-02 09:21:00+05:30,1424.0,1424.0,1420.9000244140625,1421.4000244140625,2304
2026-09-02 09:22:00+05:30,1425.0999755859375,1425.800048828125,1424.4000244140625,1424.4000244140625,2814
2026-09-02 09:23:00+05:30,1424.800048828125,1425.800048828125,1424.699951171875,1424.699951171875,4244
2026-09-02 09:24:00+05:30,1425.0999755859375,1425.300048828125,1422.5999755859375,1425.300048828125,1908
2026-09-02 09:25:00+05:30,1424.699951171875,1425.4000244140625,1424.0,1425.4000244140625,960
2026-09-02 09:26:00+05:30,1425.0999755859375,1425.0999755859375,1424.699951171875,1424.699951171875,272
2026-09-02 09:27:00+05:30,1424.9000244140625,1425.0999755859375,1424.5999755859375,1425.0999755859375,1002
2026-09-02 09:28:00+05:30,1425.199951171875,1425.4000244140625,1424.699951171875,1425.0999755859375,599
2026-09-02 09:29:00+05:30,1425.0,1425.300048828125,1424.800048828125,1425.0999755859375,1952
2026-09-02 09:30:00+05:30,1423.9000244140625,1424.699951171875,1423.699951171875,1424.699951171875,958
2026-09-02 09:31:00+05:30,1426.199951171875,1426.199951171875,1423.5,1423.5999755859375,6223
2026-09-02 09:32:00+05:30,1425.300048828125,1426.300048828125,1425.300048828125,1426.199951171875,1542
2026-09-02 09:33:00+05:30,1425.300048828125,1425.300048828125,1425.199951171875,1425.300048828125,322
2026-09-02 09:34:00+05:30,1425.5999755859375,1425.5999755859375,1425.199951171875,1425.199951171875,1026
2026-09-02 09:35:00+05:30,1426.199951171875,1426.300048828125,1425.800048828125,1426.300048828125,742
2026-09-02 09:36:00+05:30,1425.0999755859375,1425.5,1424.4000244140625,1424.9000244140625,4220
2026-09-02 09:37:00+05:30,1425.5,1425.9000244140625,1425.300048828125,1425.300048828125,1166
2026-09-02 09:38:00+05:30,1425.5,1425.9000244140625,1425.5,1425.9000244140625,607
2026-09-02 09:39:00+05:30,1425.699951171875,1425.9000244140625,1425.300048828125,1425.5999755859375,649
2026-09-02 09:40:00+05:30,1426.0999755859375,1426.0999755859375,1425.4000244140625,1425.5,588
2026-09-02 09:41:00+05:30,1427.0999755859375,1427.0999755859375,1426.0999755859375,1426.199951171875,1809
2026-09-02 09:42:00+05:30,1426.800048828125,1427.5,1426.699951171875,1427.4000244140625,365
2026-09-02 09:43:00+05:30,1426.9000244140625,1427.9000244140625,1426.5999755859375,1426.800048828125,900
2026-09-02 09:44:00+05:30,1426.4000244140625,1427.0,1426.0,1427.0,1082
2026-09-02 09:45:00+05:30,1426.5,1426.699951171875,1426.4000244140625,1426.5999755859375,2969
2026-09-02 09:46:00+05:30,1424.300048828125,1426.300048828125,1424.0,1426.300048828125,815
2026-09-02 09:47:00+05:30,1423.0,1424.0,1423.0,1424.0,188
2026-09-02 09:48:00+05:30,1423.199951171875,1423.5,1423.199951171875,1423.5,195
2026-09-02 09:49:00+05:30,1423.800048828125,1423.800048828125,1423.199951171875,1423.199951171875,763
2026-09-02 09:50:00+05:30,1423.5,1423.5999755859375,1423.0999755859375,1423.5999755859375,776
2026-09-02 09:51:00+05:30,1422.699951171875,1423.5,1422.4000244140625,1423.5,1018
2026-09-02 09:52:00+05:30,1421.0,1422.699951171875,1421.0,1422.699951171875,3374
2026-09-02 09:53:00+05:30,1421.9000244140625,1422.300048828125,1421.199951171875,1421.199951171875,123
2026-09-02 09:54:00+05:30,1422.0999755859375,1422.4000244140625,1421.9000244140625,1421.9000244140625,2104
2026-09-02 09:55:00+05:30,1422.0999755859375,1422.0999755859375,1421.5999755859375,1422.0999755859375,1082
2026-09-02 09:56:00+05:30,1422.4000244140625,1422.5,1421.9000244140625,1421.9000244140625,1131
2026-09-02 09:57:00+05:30,1421.800048828125,1422.300048828125,1421.5999755859375,1422.0,2786
2026-09-02 09:58:00+05:30,1422.0,1422.199951171875,1422.0,1422.0999755859375,1486
2026-09-02 09:59:00+05:30,1421.699951171875,1422.0,1421.699951171875,1422.0,390
2026-09-02 10:00:00+05:30,1423.0,1423.4000244140625,1421.0,1421.699951171875,5726
2026-09-02 10:01:00+05:30,1422.699951171875,1423.5,1422.699951171875,1423.0,841
2026-09-02 10:02:00+05:30,1422.4000244140625,1423.0,1422.4000244140625,1422.5,1112
2026-09-02 10:03:00+05:30,1422.0999755859375,1422.300048828125,1421.699951171875,1422.300048828125,255
2026-09-02 10:04:00+05:30,1422.0,1422.0999755859375,1421.800048828125,1422.0999755859375,390
2026-09-02 10:05:00+05:30,1421.300048828125,1422.0,1421.0999755859375,1421.9000244140625,596
2026-09-02 10:06:00+05:30,1419.9000244140625,1421.5999755859375,1419.9000244140625,1421.300048828125,3939
2026-09-02 10:07:00+05:30,1420.5999755859375,1420.5999755859375,1419.800048828125,1419.9000244140625,2009
2026-09-02 10:08:00+05:30,1419.800048828125,1420.5999755859375,1419.5,1420.5999755859375,778
2026-09-02 10:09:00+05:30,1418.9000244140625,1419.800048828125,1418.9000244140625,1419.300048828125,899
2026-09-02 10:10:00+05:30,1418.800048828125,1419.199951171875,1418.5,1418.9000244140625,3007
2026-09-02 10:11:00+05:30,1418.199951171875,1418.800048828125,1417.5,1418.300048828125,2923
2026-09-02 10:12:00+05:30,1417.0,1418.0999755859375,1417.0,1418.0999755859375,2956
2026-09-02 10:13:00+05:30,1418.5999755859375,1418.699951171875,1417.4000244140625,1417.4000244140625,1295
2026-09-02 10:14:00+05:30,1417.699951171875,1418.300048828125,1417.4000244140625,1418.300048828125,1293
2026-09-02 10:15:00+05:30,1417.800048828125,1417.800048828125,1417.0,1417.0,481
2026-09-02 10:16:00+05:30,1417.5,1418.0,1417.300048828125,1417.800048828125,1688
2026-09-02 10:17:00+05:30,1417.5,1417.9000244140625,1417.4000244140625,1417.4000244140625,542
2026-09-02 10:18:00+05:30,1417.0,1417.5,1416.800048828125,1417.5,1412
2026-09-02 10:19:00+05:30,1417.9000244140625,1417.9000244140625,1416.5,1417.0,3842
2026-09-02 10:20:00+05:30,1417.300048828125,1417.699951171875,1417.199951171875,1417.699951171875,755
2026-09-02 10:21:00+05:30,1417.4000244140625,1417.4000244140625,1417.199951171875,1417.199951171875,477
2026-09-02 10:22:00+05:30,1418.0,1418.300048828125,1417.4000244140625,1417.4000244140625,1194
2026-09-02 10:23:00+05:30,1417.5999755859375,1418.0,1417.5999755859375,1417.800048828125,1365
2026-09-02 10:24:00+05:30,1416.4000244140625,1417.5999755859375,1416.4000244140625,1417.5999755859375,1595
2026-09-02 10:25:00+05:30,1417.0,1417.300048828125,1416.800048828125,1417.0999755859375,288
2026-09-02 10:26:00+05:30,1417.0999755859375,1417.0999755859375,1417.0,1417.0,292
2026-09-02 10:27:00+05:30,1417.300048828125,1417.300048828125,1417.0999755859375,1417.199951171875,332
2026-09-02 10:28:00+05:30,1417.300048828125,1417.300048828125,1417.0999755859375,1417.300048828125,435
2026-09-02 10:29:00+05:30,1417.4000244140625,1417.4000244140625,1417.300048828125,1417.300048828125,105
2026-09-02 10:30:00+05:30,1416.199951171875,1417.4000244140625,1415.4000244140625,1417.4000244140625,7240
2026-09-02 10:31:00+05:30,1414.5,1416.5,1414.0999755859375,1416.5,29317
2026-09-02 10:32:00+05:30,1416.0,1416.0,1414.0999755859375,1414.0999755859375,3473
2026-09-02 10:33:00+05:30,1416.5999755859375,1416.5999755859375,1415.699951171875,1415.9000244140625,1022
2026-09-02 10:34:00+05:30,1416.5,1416.5999755859375,1416.4000244140625,1416.4000244140625,1628
2026-09-02 10:35:00+05:30,1415.300048828125,1416.0999755859375,1415.300048828125,1416.0,2403
2026-09-02 10:36:00+05:30,1415.0999755859375,1415.199951171875,1414.699951171875,1415.199951171875,775
2026-09-02 10:37:00+05:30,1414.9000244140625,1415.4000244140625,1414.9000244140625,1415.0999755859375,1187
2026-09-02 10:38:00+05:30,1414.5,1415.0999755859375,1414.5,1414.800048828125,1631
2026-09-02 10:39:00+05:30,1414.0,1414.9000244140625,1414.0,1414.5,2461
2026-09-02 10:40:00+05:30,1414.0,1414.4000244140625,1414.0,1414.0,898
2026-09-02 10:41:00+05:30,1413.800048828125,1414.0,1413.300048828125,1414.0,992
2026-09-02 10:42:00+05:30,1413.699951171875,1414.0,1413.5,1413.699951171875,2367
2026-09-02 10:43:00+05:30,1413.5999755859375,1414.0,1413.5,1413.699951171875,1732
2026-09-02 10:44:00+05:30,1413.0,1414.0,1413.0,1413.5,2772
2026-09-02 10:45:00+05:30,1413.800048828125,1413.800048828125,1413.0,1413.0,1406
2026-09-02 10:46:00+05:30,1413.5999755859375,1414.0,1413.300048828125,1413.5,893
2026-09-02 10:47:00+05:30,1414.199951171875,1414.5,1413.0999755859375,1413.0999755859375,1634
2026-09-02 10:48:00+05:30,1414.0,1414.300048828125,1413.9000244140625,1414.199951171875,1237
2026-09-02 10:49:00+05:30,1414.699951171875,1414.699951171875,1413.800048828125,1413.800048828125,1492
2026-09-02 10:50:00+05:30,1414.800048828125,1414.800048828125,1414.5,1414.800048828125,1472
2026-09-02 10:51:00+05:30,1414.5,1415.199951171875,1414.300048828125,1414.800048828125,2176
2026-09-02 10:52:00+05:30,1414.0999755859375,1414.5,1414.0999755859375,1414.5,557
2026-09-02 10:53:00+05:30,1414.300048828125,1414.5,1414.0,1414.0999755859375,314
2026-09-02 10:54:00+05:30,1413.5,1414.199951171875,1413.5,1414.199951171875,1646
2026-09-02 10:55:00+05:30,1414.4000244140625,1414.5999755859375,1414.0,1414.199951171875,672
2026-09-02 10:56:00+05:30,1414.5,1415.0999755859375,1414.5,1414.5999755859375,856
2026-09-02 10:57:00+05:30,1414.5999755859375,1414.5999755859375,1413.5999755859375,1414.300048828125,878
2026-09-02 10:58:00+05:30,1415.199951171875,1415.199951171875,1414.0,1414.5999755859375,906
2026-09-02 10:59:00+05:30,1414.800048828125,1415.199951171875,1414.800048828125,1414.800048828125,746
2026-09-02 11:00:00+05:30,1414.9000244140625,1415.300048828125,1414.800048828125,1415.0,1146
2026-09-02 11:01:00+05:30,1413.199951171875,1414.699951171875,1413.199951171875,1414.699951171875,785
2026-09-02 11:02:00+05:30,1413.5999755859375,1413.800048828125,1413.0999755859375,1413.199951171875,407
2026-09-02 11:03:00+05:30,1413.9000244140625,1414.0,1413.4000244140625,1413.5,628
2026-09-02 11:04:00+05:30,1413.5999755859375,1413.9000244140625,1413.5999755859375,1413.699951171875,815
2026-09-02 11:05:00+05:30,1413.4000244140625,1413.9000244140625,1413.4000244140625,1413.699951171875,821
2026-09-02 11:06:00+05:30,1413.199951171875,1413.5999755859375,1413.0999755859375,1413.199951171875,931
2026-09-02 11:07:00+05:30,1413.300048828125,1413.4000244140625,1413.0999755859375,1413.4000244140625,841
2026-09-02 11:08:00+05:30,1413.0,1413.300048828125,1413.0,1413.300048828125,530
2026-09-02 11:09:00+05:30,1414.800048828125,1414.800048828125,1412.699951171875,1413.0,1931
2026-09-02 11:10:00+05:30,1415.0,1415.199951171875,1414.4000244140625,1414.800048828125,652
2026-09-02 11:11:00+05:30,1413.800048828125,1415.0999755859375,1413.5,1415.0,999
2026-09-02 11:12:00+05:30,1414.699951171875,1414.699951171875,1413.800048828125,1413.800048828125,702
2026-09-02 11:13:00+05:30,1414.4000244140625,1414.699951171875,1413.800048828125,1414.5,1456
2026-09-02 11:14:00+05:30,1414.0,1414.300048828125,1413.9000244140625,1414.0,1414
2026-09-02 11:15:00+05:30,1415.5,1415.5999755859375,1413.5999755859375,1414.0,2151
2026-09-02 11:16:00+05:30,1415.0999755859375,1415.5999755859375,1415.0,1415.0999755859375,577
2026-09-02 11:17:00+05:30,1416.9000244140625,1417.4000244140625,1415.0,1415.0,1730
2026-09-02 11:18:00+05:30,1418.0,1418.0999755859375,1416.9000244140625,1416.9000244140625,3654
2026-09-02 11:19:00+05:30,1417.699951171875,1418.0,1417.699951171875,1418.0,721
2026-09-02 11:20:00+05:30,1417.0,1417.800048828125,1417.0,1417.699951171875,1399
2026-09-02 11:21:00+05:30,1417.199951171875,1417.199951171875,1416.5,1417.0999755859375,480
2026-09-02 11:22:00+05:30,1416.300048828125,1416.9000244140625,1415.9000244140625,1416.9000244140625,998
2026-09-02 11:23:00+05:30,1416.699951171875,1416.800048828125,1416.0999755859375,1416.199951171875,918
2026-09-02 11:24:00+05:30,1416.5,1416.699951171875,1416.5,1416.699951171875,397
2026-09-02 11:25:00+05:30,1416.199951171875,1416.4000244140625,1416.199951171875,1416.4000244140625,503
2026-09-02 11:26:00+05:30,1416.4000244140625,1416.4000244140625,1415.9000244140625,1416.199951171875,1756
2026-09-02 11:27:00+05:30,1415.9000244140625,1416.199951171875,1415.4000244140625,1415.9000244140625,757
2026-09-02 11:28:00+05:30,1415.5,1416.0,1415.5,1415.9000244140625,1326
2026-09-02 11:29:00+05:30,1415.5999755859375,1415.9000244140625,1415.199951171875,1415.5,442
2026-09-02 11:30:00+05:30,1415.800048828125,1415.9000244140625,1415.699951171875,1415.699951171875,605
2026-09-02 11:31:00+05:30,1415.5,1415.9000244140625,1415.4000244140625,1415.800048828125,554
2026-09-02 11:32:00+05:30,1415.5,1415.9000244140625,1415.5,1415.5,1066
2026-09-02 11:33:00+05:30,1415.5,1415.800048828125,1415.199951171875,1415.800048828125,925
2026-09-02 11:34:00+05:30,1415.5999755859375,1415.800048828125,1415.300048828125,1415.4000244140625,714
2026-09-02 11:35:00+05:30,1416.9000244140625,1416.9000244140625,1415.300048828125,1415.300048828125,3227
2026-09-02 11:36:00+05:30,1416.9000244140625,1416.9000244140625,1416.800048828125,1416.9000244140625,715
2026-09-02 11:37:00+05:30,1417.0,1417.0,1416.5999755859375,1416.5999755859375,605
2026-09-02 11:38:00+05:30,1416.9000244140625,1417.0,1416.9000244140625,1417.0,537
2026-09-02 11:39:00+05:30,1416.9000244140625,1417.0,1416.5,1416.9000244140625,438
2026-09-02 11:40:00+05:30,1416.0,1417.0,1416.0,1417.0,1885
2026-09-02 11:41:00+05:30,1416.199951171875,1416.4000244140625,1416.199951171875,1416.4000244140625,827
2026-09-02 11:42:00+05:30,1416.199951171875,1416.300048828125,1415.5,1416.199951171875,1606
2026-09-02 11:43:00+05:30,1416.0999755859375,1416.300048828125,1415.9000244140625,1415.9000244140625,1028
2026-09-02 11:44:00+05:30,1416.0,1416.199951171875,1415.9000244140625,1416.0999755859375,357
2026-09-02 11:45:00+05:30,1417.4000244140625,1417.4000244140625,1415.800048828125,1415.800048828125,2845
2026-09-02 11:46:00+05:30,1417.800048828125,1417.800048828125,1417.300048828125,1417.5,778
2026-09-02 11:47:00+05:30,1418.199951171875,1418.199951171875,1417.5,1417.5,1389
2026-09-02 11:48:00+05:30,1418.0,1418.5999755859375,1418.0,1418.4000244140625,5612
2026-09-02 11:49:00+05:30,1417.699951171875,1418.199951171875,1417.5,1417.5999755859375,521
2026-09-02 11:50:00+05:30,1417.4000244140625,1417.800048828125,1417.199951171875,1417.5999755859375,296
2026-09-02 11:51:00+05:30,1417.4000244140625,1417.4000244140625,1417.0999755859375,1417.4000244140625,484
2026-09-02 11:52:00+05:30,1417.0,1417.4000244140625,1417.0,1417.4000244140625,2256
2026-09-02 11:53:00+05:30,1416.699951171875,1417.4000244140625,1416.5999755859375,1417.4000244140625,2006
2026-09-02 11:54:00+05:30,1416.4000244140625,1416.699951171875,1416.0999755859375,1416.5999755859375,449
2026-09-02 11:55:00+05:30,1420.699951171875,1421.5999755859375,1416.5,1416.5,45664
2026-09-02 11:56:00+05:30,1421.5,1421.800048828125,1420.5,1420.5,3800
2026-09-02 11:57:00+05:30,1422.4000244140625,1422.4000244140625,1421.5,1421.5,1937
2026-09-02 11:58:00+05:30,1422.5999755859375,1422.5999755859375,1422.4000244140625,1422.5,2594
2026-09-02 11:59:00+05:30,1422.0,1422.5999755859375,1420.800048828125,1422.5999755859375,4911
2026-09-02 12:00:00+05:30,1421.0999755859375,1422.0,1420.5999755859375,1422.0,58546
2026-09-02 12:01:00+05:30,1420.9000244140625,1421.0,1420.800048828125,1421.0,1276
2026-09-02 12:02:00+05:30,1420.300048828125,1420.9000244140625,1420.0999755859375,1420.9000244140625,3003
2026-09-02 12:03:00+05:30,1420.199951171875,1420.4000244140625,1420.199951171875,1420.199951171875,675
2026-09-02 12:04:00+05:30,1420.0,1420.5,1419.9000244140625,1420.4000244140625,1784
2026-09-02 12:05:00+05:30,1420.199951171875,1420.199951171875,1419.9000244140625,1420.0,887
2026-09-02 12:06:00+05:30,1420.4000244140625,1420.4000244140625,1420.0999755859375,1420.199951171875,1743
2026-09-02 12:07:00+05:30,1420.4000244140625,1420.4000244140625,1420.300048828125,1420.4000244140625,969
2026-09-02 12:08:00+05:30,1420.4000244140625,1420.4000244140625,1420.4000244140625,1420.4000244140625,1148
2026-09-02 12:09:00+05:30,1420.300048828125,1420.4000244140625,1420.199951171875,1420.4000244140625,2647
2026-09-02 12:10:00+05:30,1420.199951171875,1420.300048828125,1420.0999755859375,1420.300048828125,384
2026-09-02 12:11:00+05:30,1420.699951171875,1421.699951171875,1420.0999755859375,1420.199951171875,13978
2026-09-02 12:12:00+05:30,1421.0999755859375,1421.4000244140625,1420.4000244140625,1420.4000244140625,2263
2026-09-02 12:13:00+05:30,1420.9000244140625,1421.199951171875,1420.699951171875,1420.9000244140625,909
2026-09-02 12:14:00+05:30,1421.0999755859375,1421.199951171875,1420.5999755859375,1420.9000244140625,1262
2026-09-02 12:15:00+05:30,1420.4000244140625,1420.800048828125,1420.4000244140625,1420.800048828125,591
2026-09-02 12:16:00+05:30,1420.300048828125,1420.5,1420.300048828125,1420.5,818
2026-09-02 12:17:00+05:30,1420.4000244140625,1420.5999755859375,1420.199951171875,1420.4000244140625,743
2026-09-02 12:18:00+05:30,1420.300048828125,1420.5,1420.300048828125,1420.5,468
2026-09-02 12:19:00+05:30,1420.5999755859375,1420.5999755859375,1420.300048828125,1420.4000244140625,701
2026-09-02 12:20:00+05:30,1421.699951171875,1421.800048828125,1420.4000244140625,1420.5999755859375,7286
2026-09-02 12:21:00+05:30,1421.800048828125,1421.800048828125,1421.5,1421.5999755859375,501
2026-09-02 12:22:00+05:30,1421.5999755859375,1422.0,1421.5999755859375,1421.800048828125,1988
2026-09-02 12:23:00+05:30,1422.199951171875,1422.300048828125,1421.699951171875,1421.699951171875,604
2026-09-02 12:24:00+05:30,1421.4000244140625,1421.800048828125,1420.9000244140625,1421.4000244140625,4676
2026-09-02 12:25:00+05:30,1420.9000244140625,1421.699951171875,1420.5999755859375,1421.4000244140625,3077
2026-09-02 12:26:00+05:30,1420.699951171875,1420.9000244140625,1420.199951171875,1420.199951171875,388
2026-09-02 12:27:00+05:30,1421.800048828125,1421.800048828125,1420.9000244140625,1420.9000244140625,1973
2026-09-02 12:28:00+05:30,1422.800048828125,1422.800048828125,1421.699951171875,1421.699951171875,1999
2026-09-02 12:29:00+05:30,1423.9000244140625,1423.9000244140625,1422.800048828125,1422.800048828125,2860
2026-09-02 12:30:00+05:30,1423.5999755859375,1423.9000244140625,1423.5999755859375,1423.800048828125,589
2026-09-02 12:31:00+05:30,1424.800048828125,1424.800048828125,1423.9000244140625,1423.9000244140625,4715
2026-09-02 12:32:00+05:30,1424.9000244140625,1425.0,1424.800048828125,1424.800048828125,814
2026-09-02 12:33:00+05:30,1424.800048828125,1424.9000244140625,1424.800048828125,1424.9000244140625,561
2026-09-02 12:34:00+05:30,1421.0999755859375,1424.9000244140625,1421.0999755859375,1424.9000244140625,14089
2026-09-02 12:35:00+05:30,1422.0,1422.5,1421.699951171875,1421.699951171875,456
2026-09-02 12:36:00+05:30,1422.0,1422.199951171875,1421.9000244140625,1422.0999755859375,414
2026-09-02 12:37:00+05:30,1421.5,1421.9000244140625,1421.300048828125,1421.9000244140625,642
2026-09-02 12:38:00+05:30,1421.5999755859375,1421.5999755859375,1421.300048828125,1421.5,278
2026-09-02 12:39:00+05:30,1421.800048828125,1421.9000244140625,1421.5,1421.5,1325
2026-09-02 12:40:00+05:30,1422.0999755859375,1422.0999755859375,1422.0,1422.0,649
2026-09-02 12:41:00+05:30,1420.4000244140625,1422.0999755859375,1420.4000244140625,1422.0999755859375,2526
2026-09-02 12:42:00+05:30,1420.5999755859375,1420.9000244140625,1420.5,1420.5,467
2026-09-02 12:43:00+05:30,1421.300048828125,1421.300048828125,1420.9000244140625,1420.9000244140625,250
2026-09-02 12:44:00+05:30,1420.9000244140625,1421.300048828125,1420.800048828125,1421.300048828125,948
2026-09-02 12:45:00+05:30,1420.0999755859375,1420.800048828125,1420.0999755859375,1420.5999755859375,1791
2026-09-02 12:46:00+05:30,1420.0999755859375,1420.0999755859375,1420.0,1420.0999755859375,367
2026-09-02 12:47:00+05:30,1420.0,1420.0999755859375,1420.0,1420.0999755859375,532
2026-09-02 12:48:00+05:30,1419.9000244140625,1420.0999755859375,1419.9000244140625,1420.0999755859375,723
2026-09-02 12:49:00+05:30,1420.0,1420.0999755859375,1419.9000244140625,1420.0,2329
2026-09-02 12:50:00+05:30,1420.0,1420.0,1419.9000244140625,1420.0,711
2026-09-02 12:51:00+05:30,1421.300048828125,1421.5,1419.699951171875,1420.0,11703
2026-09-02 12:52:00+05:30,1421.300048828125,1421.5,1421.199951171875,1421.199951171875,1325
2026-09-02 12:53:00+05:30,1420.5999755859375,1421.4000244140625,1419.0,1421.4000244140625,3745
2026-09-02 12:54:00+05:30,1420.0999755859375,1420.5999755859375,1420.0999755859375,1420.5,225
2026-09-02 12:55:00+05:30,1420.0999755859375,1420.5,1420.0999755859375,1420.300048828125,892
2026-09-02 12:56:00+05:30,1419.9000244140625,1420.300048828125,1419.9000244140625,1420.0999755859375,1598
2026-09-02 12:57:00+05:30,1419.9000244140625,1420.0999755859375,1419.800048828125,1420.0999755859375,272
2026-09-02 12:58:00+05:30,1419.699951171875,1420.0,1419.699951171875,1420.0,920
2026-09-02 12:59:00+05:30,1419.800048828125,1419.9000244140625,1419.800048828125,1419.800048828125,325
2026-09-02 13:00:00+05:30,1419.800048828125,1419.800048828125,1419.699951171875,1419.800048828125,1124
2026-09-02 13:01:00+05:30,1418.199951171875,1420.0,1417.800048828125,1419.800048828125,3748
2026-09-02 13:02:00+05:30,1418.199951171875,1419.0999755859375,1417.9000244140625,1418.0,6467
2026-09-02 13:03:00+05:30,1418.300048828125,1418.4000244140625,1418.0,1418.199951171875,455
2026-09-02 13:04:00+05:30,1418.0,1418.300048828125,1417.9000244140625,1418.300048828125,260
2026-09-02 13:05:00+05:30,1417.9000244140625,1418.300048828125,1417.5999755859375,1418.0999755859375,1395
2026-09-02 13:06:00+05:30,1417.5999755859375,1417.9000244140625,1417.4000244140625,1417.800048828125,226
2026-09-02 13:07:00+05:30,1417.699951171875,1417.800048828125,1417.300048828125,1417.300048828125,688
2026-09-02 13:08:00+05:30,1417.9000244140625,1417.9000244140625,1417.5999755859375,1417.800048828125,240
2026-09-02 13:09:00+05:30,1417.5,1417.699951171875,1417.4000244140625,1417.699951171875,2870
2026-09-02 13:10:00+05:30,1417.699951171875,1417.800048828125,1417.5,1417.5999755859375,289
2026-09-02 13:11:00+05:30,1418.0,1418.0999755859375,1417.699951171875,1417.800048828125,3912
2026-09-02 13:12:00+05:30,1419.0,1419.0,1418.0,1418.0999755859375,1673
2026-09-02 13:13:00+05:30,1419.5,1419.9000244140625,1418.9000244140625,1419.0,1001
2026-09-02 13:14:00+05:30,1419.0,1420.300048828125,1419.0,1419.800048828125,2563
2026-09-02 13:15:00+05:30,1419.0,1419.199951171875,1419.0,1419.0,238
2026-09-02 13:16:00+05:30,1419.9000244140625,1419.9000244140625,1418.9000244140625,1418.9000244140625,1760
2026-09-02 13:17:00+05:30,1420.4000244140625,1420.4000244140625,1419.699951171875,1419.9000244140625,832
2026-09-02 13:18:00+05:30,1421.0,1421.0,1420.4000244140625,1420.4000244140625,902
2026-09-02 13:19:00+05:30,1420.9000244140625,1421.300048828125,1420.9000244140625,1421.300048828125,2076
2026-09-02 13:20:00+05:30,1420.9000244140625,1420.9000244140625,1420.800048828125,1420.800048828125,318
2026-09-02 13:21:00+05:30,1420.699951171875,1420.9000244140625,1420.5999755859375,1420.9000244140625,441
2026-09-02 13:22:00+05:30,1420.699951171875,1420.699951171875,1420.5999755859375,1420.699951171875,249
2026-09-02 13:23:00+05:30,1420.9000244140625,1420.9000244140625,1420.699951171875,1420.800048828125,526
2026-09-02 13:24:00+05:30,1421.0,1421.0,1420.9000244140625,1420.9000244140625,610
2026-09-02 13:25:00+05:30,1421.199951171875,1421.199951171875,1420.9000244140625,1421.0,641
2026-09-02 13:26:00+05:30,1421.0999755859375,1421.199951171875,1421.0,1421.199951171875,671
2026-09-02 13:27:00+05:30,1421.0999755859375,1421.199951171875,1421.0,1421.0999755859375,210
2026-09-02 13:28:00+05:30,1420.800048828125,1421.0999755859375,1420.800048828125,1421.0,926
2026-09-02 13:29:00+05:30,1421.199951171875,1421.199951171875,1421.0,1421.0,428
2026-09-02 13:30:00+05:30,1420.9000244140625,1421.0999755859375,1420.800048828125,1421.0999755859375,1677
2026-09-02 13:31:00+05:30,1418.5999755859375,1421.0999755859375,1418.5999755859375,1421.0,2438
2026-09-02 13:32:00+05:30,1419.5999755859375,1419.5999755859375,1419.0999755859375,1419.0999755859375,1428
2026-09-02 13:33:00+05:30,1420.0999755859375,1420.0999755859375,1419.9000244140625,1419.9000244140625,335
2026-09-02 13:34:00+05:30,1420.800048828125,1420.800048828125,1420.0,1420.0,1850
2026-09-02 13:35:00+05:30,1421.199951171875,1421.199951171875,1420.800048828125,1420.800048828125,677
2026-09-02 13:36:00+05:30,1421.199951171875,1421.4000244140625,1421.0999755859375,1421.0999755859375,645
2026-09-02 13:37:00+05:30,1421.5999755859375,1421.5999755859375,1421.300048828125,1421.4000244140625,546
2026-09-02 13:38:00+05:30,1420.800048828125,1421.5999755859375,1420.800048828125,1421.5,2721
2026-09-02 13:39:00+05:30,1420.5,1420.9000244140625,1420.4000244140625,1420.5,315
2026-09-02 13:40:00+05:30,1420.0,1420.4000244140625,1419.5999755859375,1420.300048828125,572
2026-09-02 13:41:00+05:30,1419.9000244140625,1420.0,1419.9000244140625,1420.0,343
2026-09-02 13:42:00+05:30,1419.800048828125,1419.800048828125,1419.699951171875,1419.699951171875,702
2026-09-02 13:43:00+05:30,1418.699951171875,1419.699951171875,1418.699951171875,1419.5999755859375,1429
2026-09-02 13:44:00+05:30,1419.0,1419.0,1418.300048828125,1418.699951171875,4965
2026-09-02 13:45:00+05:30,1418.699951171875,1418.800048828125,1418.199951171875,1418.199951171875,273
2026-09-02 13:46:00+05:30,1418.5,1418.800048828125,1418.4000244140625,1418.800048828125,265
2026-09-02 13:47:00+05:30,1418.5999755859375,1418.5999755859375,1418.5,1418.5999755859375,336
2026-09-02 13:48:00+05:30,1417.5,1418.5999755859375,1417.4000244140625,1418.5,3353
2026-09-02 13:49:00+05:30,1417.4000244140625,1417.699951171875,1417.300048828125,1417.300048828125,215
2026-09-02 13:50:00+05:30,1417.0999755859375,1417.5,1417.0999755859375,1417.5,957
2026-09-02 13:51:00+05:30,1416.5999755859375,1417.0,1416.5999755859375,1417.0,272
2026-09-02 13:52:00+05:30,1416.800048828125,1416.9000244140625,1416.5999755859375,1416.699951171875,2543
2026-09-02 13:53:00+05:30,1417.5999755859375,1417.5999755859375,1416.9000244140625,1416.9000244140625,10667
2026-09-02 13:54:00+05:30,1418.199951171875,1418.199951171875,1417.800048828125,1417.9000244140625,521
2026-09-02 13:55:00+05:30,1418.300048828125,1418.300048828125,1417.9000244140625,1418.199951171875,961
2026-09-02 13:56:00+05:30,1418.300048828125,1418.300048828125,1417.800048828125,1418.0999755859375,924
2026-09-02 13:57:00+05:30,1418.0,1418.300048828125,1418.0,1418.300048828125,320
2026-09-02 13:58:00+05:30,1417.699951171875,1418.199951171875,1417.699951171875,1418.199951171875,2296
2026-09-02 13:59:00+05:30,1417.5,1417.800048828125,1417.5,1417.800048828125,584
2026-09-02 14:00:00+05:30,1417.699951171875,1417.800048828125,1417.699951171875,1417.699951171875,562
2026-09-02 14:01:00+05:30,1417.5999755859375,1417.5999755859375,1417.300048828125,1417.5999755859375,715
2026-09-02 14:02:00+05:30,1417.0999755859375,1417.5,1417.0,1417.300048828125,1879
2026-09-02 14:03:00+05:30,1417.300048828125,1417.300048828125,1417.0999755859375,1417.300048828125,301
2026-09-02 14:04:00+05:30,1417.300048828125,1417.300048828125,1417.0999755859375,1417.300048828125,431
2026-09-02 14:05:00+05:30,1417.4000244140625,1417.4000244140625,1417.199951171875,1417.199951171875,327
2026-09-02 14:06:00+05:30,1417.199951171875,1417.5,1417.0999755859375,1417.4000244140625,1070
2026-09-02 14:07:00+05:30,1417.800048828125,1417.800048828125,1417.199951171875,1417.199951171875,6235
2026-09-02 14:08:00+05:30,1418.199951171875,1418.199951171875,1417.699951171875,1417.699951171875,688
2026-09-02 14:09:00+05:30,1418.199951171875,1418.4000244140625,1418.0999755859375,1418.199951171875,1156
2026-09-02 14:10:00+05:30,1418.300048828125,1418.5,1418.199951171875,1418.4000244140625,779
2026-09-02 14:11:00+05:30,1418.699951171875,1418.699951171875,1418.4000244140625,1418.4000244140625,532
2026-09-02 14:12:00+05:30,1418.300048828125,1418.9000244140625,1418.199951171875,1418.699951171875,2965
2026-09-02 14:13:00+05:30,1418.0999755859375,1418.300048828125,1418.0999755859375,1418.199951171875,68
2026-09-02 14:14:00+05:30,1417.800048828125,1418.199951171875,1417.4000244140625,1418.199951171875,998
2026-09-02 14:15:00+05:30,1417.9000244140625,1418.0999755859375,1417.800048828125,1417.9000244140625,401
2026-09-02 14:16:00+05:30,1418.0,1418.0999755859375,1417.800048828125,1417.800048828125,246
2026-09-02 14:17:00+05:30,1418.199951171875,1418.199951171875,1418.0,1418.0,518
2026-09-02 14:18:00+05:30,1418.5999755859375,1418.5999755859375,1418.0999755859375,1418.199951171875,3533
2026-09-02 14:19:00+05:30,1418.800048828125,1418.9000244140625,1418.5999755859375,1418.699951171875,1204
2026-09-02 14:20:00+05:30,1419.300048828125,1419.300048828125,1418.9000244140625,1418.9000244140625,818
2026-09-02 14:21:00+05:30,1419.199951171875,1419.4000244140625,1419.0999755859375,1419.300048828125,2414
2026-09-02 14:22:00+05:30,1418.800048828125,1419.199951171875,1418.800048828125,1419.0999755859375,251
2026-09-02 14:23:00+05:30,1418.9000244140625,1419.199951171875,1418.5,1418.800048828125,2873
2026-09-02 14:24:00+05:30,1419.300048828125,1419.300048828125,1419.199951171875,1419.199951171875,438
2026-09-02 14:25:00+05:30,1418.9000244140625,1419.199951171875,1418.800048828125,1419.0,1550
2026-09-02 14:26:00+05:30,1419.0999755859375,1419.0999755859375,1418.800048828125,1418.800048828125,370
2026-09-02 14:27:00+05:30,1419.699951171875,1419.699951171875,1418.4000244140625,1418.5,8006
2026-09-02 14:28:00+05:30,1420.0999755859375,1420.0999755859375,1419.699951171875,1419.699951171875,926
2026-09-02 14:29:00+05:30,1419.9000244140625,1420.300048828125,1419.9000244140625,1420.0,1931
2026-09-02 14:30:00+05:30,1421.0,1421.0,1419.9000244140625,1419.9000244140625,1161
2026-09-02 14:31:00+05:30,1421.4000244140625,1421.4000244140625,1420.800048828125,1420.800048828125,942
2026-09-02 14:32:00+05:30,1421.5,1421.5,1421.300048828125,1421.4000244140625,655
2026-09-02 14:33:00+05:30,1422.800048828125,1422.800048828125,1421.699951171875,1421.699951171875,1813
2026-09-02 14:34:00+05:30,1422.4000244140625,1422.5,1422.300048828125,1422.5,1299
2026-09-02 14:35:00+05:30,1422.300048828125,1422.5,1422.0999755859375,1422.0999755859375,669
2026-09-02 14:36:00+05:30,1422.199951171875,1422.4000244140625,1422.199951171875,1422.300048828125,1168
2026-09-02 14:37:00+05:30,1421.0,1422.300048828125,1421.0,1422.300048828125,2869
2026-09-02 14:38:00+05:30,1420.5999755859375,1421.0,1420.0999755859375,1421.0,1054
2026-09-02 14:39:00+05:30,1420.9000244140625,1420.9000244140625,1420.5,1420.5,347
2026-09-02 14:40:00+05:30,1421.0,1421.0,1420.699951171875,1420.699951171875,999
2026-09-02 14:41:00+05:30,1421.0999755859375,1421.0999755859375,1421.0,1421.0,879
2026-09-02 14:42:00+05:30,1421.0,1421.0999755859375,1420.9000244140625,1421.0999755859375,1335
2026-09-02 14:43:00+05:30,1420.800048828125,1421.0,1420.800048828125,1420.9000244140625,527
2026-09-02 14:44:00+05:30,1420.800048828125,1420.9000244140625,1420.800048828125,1420.9000244140625,729
2026-09-02 14:45:00+05:30,1420.5,1420.9000244140625,1420.5,1420.9000244140625,2300
2026-09-02 14:46:00+05:30,1420.5,1420.5999755859375,1420.5,1420.5999755859375,514
2026-09-02 14:47:00+05:30,1420.5999755859375,1420.5999755859375,1420.5,1420.5,669
2026-09-02 14:48:00+05:30,1420.5999755859375,1420.699951171875,1420.5999755859375,1420.699951171875,2993
2026-09-02 14:49:00+05:30,1421.800048828125,1421.800048828125,1420.699951171875,1420.699951171875,8393
2026-09-02 14:50:00+05:30,1420.699951171875,1421.9000244140625,1420.699951171875,1421.699951171875,6771
2026-09-02 14:51:00+05:30,1420.800048828125,1420.9000244140625,1420.699951171875,1420.800048828125,1159
2026-09-02 14:52:00+05:30,1420.699951171875,1420.9000244140625,1420.699951171875,1420.800048828125,731
2026-09-02 14:53:00+05:30,1421.0,1421.0,1420.4000244140625,1420.800048828125,4929
2026-09-02 14:54:00+05:30,1420.9000244140625,1420.9000244140625,1420.800048828125,1420.9000244140625,776
2026-09-02 14:55:00+05:30,1422.0999755859375,1422.0999755859375,1421.0,1421.0,6872
2026-09-02 14:56:00+05:30,1421.5,1421.9000244140625,1421.5,1421.9000244140625,4928
2026-09-02 14:57:00+05:30,1421.5999755859375,1421.5999755859375,1421.199951171875,1421.5999755859375,932
2026-09-02 14:58:00+05:30,1421.5999755859375,1421.699951171875,1421.5,1421.5999755859375,994
2026-09-02 14:59:00+05:30,1422.0,1422.0,1421.699951171875,1421.800048828125,3045
2026-09-02 15:00:00+05:30,1421.5999755859375,1421.5999755859375,1421.5,1421.5,5495
2026-09-02 15:01:00+05:30,1421.699951171875,1421.699951171875,1421.5999755859375,1421.5999755859375,2388
2026-09-02 15:02:00+05:30,1421.5,1421.699951171875,1421.5,1421.5999755859375,3975
2026-09-02 15:03:00+05:30,1421.699951171875,1421.699951171875,1421.5,1421.5,1527
2026-09-02 15:04:00+05:30,1420.199951171875,1421.699951171875,1420.199951171875,1421.699951171875,7792
2026-09-02 15:05:00+05:30,1420.4000244140625,1420.4000244140625,1420.199951171875,1420.199951171875,1657
2026-09-02 15:06:00+05:30,1420.300048828125,1420.5999755859375,1420.0,1420.4000244140625,11182
2026-09-02 15:07:00+05:30,1419.199951171875,1420.300048828125,1419.199951171875,1420.0,5381
2026-09-02 15:08:00+05:30,1418.5,1419.0,1418.4000244140625,1418.5,3423
2026-09-02 15:09:00+05:30,1419.300048828125,1419.300048828125,1418.300048828125,1418.5,8848
2026-09-02 15:10:00+05:30,1420.5999755859375,1420.5999755859375,1419.699951171875,1419.699951171875,4208
2026-09-02 15:11:00+05:30,1420.800048828125,1421.0999755859375,1420.699951171875,1420.800048828125,7121
2026-09-02 15:12:00+05:30,1420.5999755859375,1421.0999755859375,1419.9000244140625,1420.800048828125,16209
2026-09-02 15:13:00+05:30,1419.800048828125,1421.5,1419.699951171875,1420.199951171875,10139
2026-09-02 15:14:00+05:30,1422.0,1422.0,1418.0,1419.9000244140625,3003
2026-09-02 15:15:00+05:30,1425.0,1425.0,1422.0,1422.0,64278
2026-09-03 09:15:00+05:30,1417.800048828125,1417.800048828125,1416.0,1416.300048828125,0
2026-09-03 09:16:00+05:30,1416.300048828125,1419.0,1416.300048828125,1417.800048828125,5255
2026-09-03 09:17:00+05:30,1415.4000244140625,1417.4000244140625,1415.4000244140625,1416.4000244140625,2463
2026-09-03 09:18:00+05:30,1415.699951171875,1415.800048828125,1415.0,1415.4000244140625,1944
2026-09-03 09:19:00+05:30,1416.5999755859375,1416.5999755859375,1415.0,1415.0,3041
2026-09-03 09:20:00+05:30,1416.300048828125,1416.5999755859375,1416.0,1416.5999755859375,2056
2026-09-03 09:21:00+05:30,1415.199951171875,1417.800048828125,1415.199951171875,1417.5,3777
2026-09-03 09:22:00+05:30,1416.5999755859375,1416.5999755859375,1415.199951171875,1415.199951171875,3085
2026-09-03 09:23:00+05:30,1416.5999755859375,1417.199951171875,1416.300048828125,1417.199951171875,2097
2026-09-03 09:24:00+05:30,1415.0999755859375,1416.5,1415.0999755859375,1416.0,1561
2026-09-03 09:25:00+05:30,1416.0,1416.0999755859375,1415.300048828125,1415.4000244140625,2364
2026-09-03 09:26:00+05:30,1414.5,1416.199951171875,1414.5,1415.5,904
2026-09-03 09:27:00+05:30,1415.199951171875,1415.699951171875,1415.0999755859375,1415.0999755859375,2421
2026-09-03 09:28:00+05:30,1415.0999755859375,1415.199951171875,1415.0,1415.199951171875,510
2026-09-03 09:29:00+05:30,1416.300048828125,1416.300048828125,1415.4000244140625,1415.4000244140625,453
2026-09-03 09:30:00+05:30,1417.199951171875,1417.199951171875,1416.0,1416.0,1445
2026-09-03 09:31:00+05:30,1416.300048828125,1417.5,1416.300048828125,1417.5,999
2026-09-03 09:32:00+05:30,1418.0,1418.0,1416.4000244140625,1416.5999755859375,4402
2026-09-03 09:33:00+05:30,1417.9000244140625,1418.800048828125,1417.9000244140625,1418.199951171875,1456
2026-09-03 09:34:00+05:30,1418.9000244140625,1418.9000244140625,1417.5999755859375,1417.9000244140625,1840
2026-09-03 09:35:00+05:30,1419.4000244140625,1419.9000244140625,1419.0,1419.0,1571
2026-09-03 09:36:00+05:30,1419.4000244140625,1419.9000244140625,1419.300048828125,1419.5,2071
2026-09-03 09:37:00+05:30,1419.4000244140625,1419.699951171875,1419.0,1419.0,186
2026-09-03 09:38:00+05:30,1418.9000244140625,1419.699951171875,1418.9000244140625,1419.4000244140625,949
2026-09-03 09:39:00+05:30,1419.0,1419.300048828125,1418.9000244140625,1419.0,499
2026-09-03 09:40:00+05:30,1418.800048828125,1419.300048828125,1418.800048828125,1419.300048828125,581
2026-09-03 09:41:00+05:30,1418.199951171875,1419.5999755859375,1417.9000244140625,1418.9000244140625,399
2026-09-03 09:42:00+05:30,1418.5,1418.5,1417.5999755859375,1418.0,676
2026-09-03 09:43:00+05:30,1419.0,1419.0,1418.199951171875,1418.5,781
2026-09-03 09:44:00+05:30,1420.0,1420.0,1419.4000244140625,1419.5,502
2026-09-03 09:45:00+05:30,1420.5999755859375,1420.699951171875,1419.9000244140625,1420.0,792
2026-09-03 09:46:00+05:30,1420.699951171875,1420.699951171875,1420.199951171875,1420.199951171875,814
2026-09-03 09:47:00+05:30,1421.199951171875,1421.5,1421.199951171875,1421.199951171875,484
2026-09-03 09:48:00+05:30,1420.699951171875,1421.5,1420.699951171875,1421.4000244140625,510
2026-09-03 09:49:00+05:30,1418.5,1420.800048828125,1418.199951171875,1420.800048828125,2498
2026-09-03 09:50:00+05:30,1419.5,1419.5,1418.5,1418.5,1027
2026-09-03 09:51:00+05:30,1419.300048828125,1420.0,1419.0999755859375,1419.5,929
2026-09-03 09:52:00+05:30,1418.0999755859375,1420.0,1418.0999755859375,1419.5,5316
2026-09-03 09:53:00+05:30,1415.199951171875,1418.699951171875,1415.199951171875,1418.699951171875,2055
2026-09-03 09:54:00+05:30,1415.699951171875,1415.800048828125,1415.0999755859375,1415.800048828125,234
2026-09-03 09:55:00+05:30,1415.4000244140625,1416.0,1415.4000244140625,1415.5,1249
2026-09-03 09:56:00+05:30,1415.5999755859375,1415.800048828125,1415.4000244140625,1415.4000244140625,389
2026-09-03 09:57:00+05:30,1415.699951171875,1416.0,1415.5999755859375,1415.699951171875,649
2026-09-03 09:58:00+05:30,1415.699951171875,1416.4000244140625,1415.699951171875,1416.0,310
2026-09-03 09:59:00+05:30,1415.5,1416.199951171875,1415.5,1416.199951171875,875
2026-09-03 10:00:00+05:30,1415.5,1416.0,1415.5,1415.5,186
2026-09-03 10:01:00+05:30,1415.0999755859375,1415.800048828125,1415.0999755859375,1415.800048828125,575
2026-09-03 10:02:00+05:30,1415.300048828125,1415.4000244140625,1415.0999755859375,1415.199951171875,289
2026-09-03 10:03:00+05:30,1415.0999755859375,1415.4000244140625,1415.0999755859375,1415.4000244140625,211
2026-09-03 10:04:00+05:30,1415.300048828125,1415.9000244140625,1415.0999755859375,1415.0999755859375,573
2026-09-03 10:05:00+05:30,1415.699951171875,1415.699951171875,1415.300048828125,1415.4000244140625,217
2026-09-03 10:06:00+05:30,1416.199951171875,1416.199951171875,1415.699951171875,1415.699951171875,103
2026-09-03 10:07:00+05:30,1415.5,1416.300048828125,1415.5,1416.300048828125,1770
2026-09-03 10:08:00+05:30,1415.0999755859375,1416.300048828125,1415.0999755859375,1416.0,1000
2026-09-03 10:09:00+05:30,1415.0999755859375,1415.5999755859375,1415.0999755859375,1415.4000244140625,209
2026-09-03 10:10:00+05:30,1415.4000244140625,1415.5,1414.699951171875,1415.5,1073
2026-09-03 10:11:00+05:30,1415.300048828125,1415.4000244140625,1415.0,1415.0,333
2026-09-03 10:12:00+05:30,1415.4000244140625,1415.4000244140625,1415.300048828125,1415.300048828125,303
2026-09-03 10:13:00+05:30,1415.699951171875,1415.9000244140625,1415.4000244140625,1415.9000244140625,140
2026-09-03 10:14:00+05:30,1416.0,1416.0,1415.5,1415.800048828125,414
2026-09-03 10:15:00+05:30,1415.4000244140625,1416.0,1415.4000244140625,1416.0,710
2026-09-03 10:16:00+05:30,1415.0,1415.699951171875,1415.0,1415.699951171875,167
2026-09-03 10:17:00+05:30,1415.4000244140625,1415.4000244140625,1414.800048828125,1415.4000244140625,302
2026-09-03 10:18:00+05:30,1414.800048828125,1415.4000244140625,1414.5,1415.4000244140625,1470
2026-09-03 10:19:00+05:30,1414.5999755859375,1415.0,1414.5999755859375,1414.800048828125,218
2026-09-03 10:20:00+05:30,1415.0,1415.0,1414.5,1414.5999755859375,331
2026-09-03 10:21:00+05:30,1415.0,1415.0,1414.5,1414.5,100
2026-09-03 10:22:00+05:30,1414.699951171875,1415.199951171875,1414.5999755859375,1415.199951171875,1539
2026-09-03 10:23:00+05:30,1415.0,1415.0,1414.699951171875,1415.0,309
2026-09-03 10:24:00+05:30,1414.699951171875,1415.0,1414.699951171875,1415.0,119
2026-09-03 10:25:00+05:30,1415.0,1415.199951171875,1414.699951171875,1415.0,559
2026-09-03 10:26:00+05:30,1415.0,1415.300048828125,1414.699951171875,1415.300048828125,236
2026-09-03 10:27:00+05:30,1415.0,1415.300048828125,1414.699951171875,1415.199951171875,490
2026-09-03 10:28:00+05:30,1414.699951171875,1415.0,1414.5,1414.699951171875,640
2026-09-03 10:29:00+05:30,1416.0,1416.300048828125,1415.5999755859375,1415.5999755859375,1798
2026-09-03 10:30:00+05:30,1416.5999755859375,1416.5999755859375,1416.0,1416.0,1290
2026-09-03 10:31:00+05:30,1415.5,1416.5999755859375,1415.300048828125,1416.5999755859375,1322
2026-09-03 10:32:00+05:30,1417.0,1417.0,1415.5,1415.5,362
2026-09-03 10:33:00+05:30,1416.5999755859375,1417.0,1416.5999755859375,1416.5999755859375,236
2026-09-03 10:34:00+05:30,1416.300048828125,1417.0,1416.300048828125,1416.5999755859375,189
2026-09-03 10:35:00+05:30,1416.800048828125,1416.9000244140625,1415.5999755859375,1416.699951171875,5776
2026-09-03 10:36:00+05:30,1417.0,1417.9000244140625,1417.0,1417.9000244140625,944
2026-09-03 10:37:00+05:30,1417.800048828125,1418.0,1417.0,1417.5999755859375,1415
2026-09-03 10:38:00+05:30,1417.9000244140625,1418.4000244140625,1417.9000244140625,1418.4000244140625,773
2026-09-03 10:39:00+05:30,1418.300048828125,1418.300048828125,1417.699951171875,1418.0999755859375,259
2026-09-03 10:40:00+05:30,1416.5,1418.300048828125,1416.5,1417.800048828125,2361
2026-09-03 10:41:00+05:30,1416.4000244140625,1417.300048828125,1416.4000244140625,1417.300048828125,142
2026-09-03 10:42:00+05:30,1416.0,1416.9000244140625,1416.0,1416.9000244140625,319
2026-09-03 10:43:00+05:30,1417.4000244140625,1417.4000244140625,1415.800048828125,1416.199951171875,431
2026-09-03 10:44:00+05:30,1417.4000244140625,1417.9000244140625,1417.4000244140625,1417.699951171875,272
2026-09-03 10:45:00+05:30,1417.199951171875,1418.0999755859375,1417.199951171875,1417.4000244140625,948
2026-09-03 10:46:00+05:30,1417.0999755859375,1417.300048828125,1417.0999755859375,1417.199951171875,273
2026-09-03 10:47:00+05:30,1417.0999755859375,1417.5999755859375,1417.0999755859375,1417.300048828125,333
2026-09-03 10:48:00+05:30,1417.5999755859375,1417.699951171875,1417.0999755859375,1417.0999755859375,205
2026-09-03 10:49:00+05:30,1417.0,1417.4000244140625,1416.9000244140625,1417.0999755859375,358
2026-09-03 10:50:00+05:30,1417.0,1417.4000244140625,1417.0,1417.0,189
2026-09-03 10:51:00+05:30,1417.4000244140625,1417.4000244140625,1417.0,1417.199951171875,336
2026-09-03 10:52:00+05:30,1416.9000244140625,1417.4000244140625,1416.5,1417.4000244140625,216
2026-09-03 10:53:00+05:30,1416.5999755859375,1416.5999755859375,1416.199951171875,1416.5,404
2026-09-03 10:54:00+05:30,1415.4000244140625,1416.5999755859375,1415.4000244140625,1416.199951171875,439
2026-09-03 10:55:00+05:30,1414.800048828125,1415.800048828125,1414.800048828125,1415.800048828125,988
2026-09-03 10:56:00+05:30,1415.699951171875,1415.699951171875,1414.5999755859375,1414.5999755859375,619
2026-09-03 10:57:00+05:30,1416.0999755859375,1416.0999755859375,1415.300048828125,1415.699951171875,111
2026-09-03 10:58:00+05:30,1414.199951171875,1416.0999755859375,1414.199951171875,1416.0999755859375,2205
2026-09-03 10:59:00+05:30,1414.699951171875,1414.800048828125,1414.199951171875,1414.199951171875,445
2026-09-03 11:00:00+05:30,1414.0999755859375,1414.5999755859375,1414.0999755859375,1414.300048828125,460
2026-09-03 11:01:00+05:30,1413.0999755859375,1414.5999755859375,1413.0999755859375,1414.0999755859375,3477
2026-09-03 11:02:00+05:30,1413.5,1413.800048828125,1413.5,1413.5999755859375,460
2026-09-03 11:03:00+05:30,1413.5999755859375,1414.0,1413.5999755859375,1414.0,103
2026-09-03 11:04:00+05:30,1413.9000244140625,1413.9000244140625,1413.5,1413.9000244140625,697
2026-09-03 11:05:00+05:30,1413.5999755859375,1414.0,1413.5,1413.699951171875,448
2026-09-03 11:06:00+05:30,1413.9000244140625,1414.0,1413.5999755859375,1414.0,487
2026-09-03 11:07:00+05:30,1413.699951171875,1413.9000244140625,1413.699951171875,1413.9000244140625,511
2026-09-03 11:08:00+05:30,1413.0999755859375,1414.0999755859375,1413.0999755859375,1413.9000244140625,758
2026-09-03 11:09:00+05:30,1413.699951171875,1413.800048828125,1413.0999755859375,1413.0999755859375,85
2026-09-03 11:10:00+05:30,1413.0,1413.5999755859375,1412.9000244140625,1413.5999755859375,988
2026-09-03 11:11:00+05:30,1412.699951171875,1412.9000244140625,1412.699951171875,1412.9000244140625,753
2026-09-03 11:12:00+05:30,1412.9000244140625,1412.9000244140625,1412.699951171875,1412.699951171875,842
2026-09-03 11:13:00+05:30,1412.5,1413.0,1412.5,1412.9000244140625,323
2026-09-03 11:14:00+05:30,1411.800048828125,1412.800048828125,1411.699951171875,1412.5,1457
2026-09-03 11:15:00+05:30,1412.300048828125,1412.4000244140625,1412.0,1412.0,875
2026-09-03 11:16:00+05:30,1412.5999755859375,1413.0,1412.5,1412.9000244140625,697
2026-09-03 11:17:00+05:30,1412.9000244140625,1413.0,1412.5999755859375,1412.699951171875,792
2026-09-03 11:18:00+05:30,1413.5999755859375,1413.5999755859375,1412.9000244140625,1412.9000244140625,1046
2026-09-03 11:19:00+05:30,1413.4000244140625,1414.0,1413.199951171875,1413.199951171875,855
2026-09-03 11:20:00+05:30,1413.199951171875,1414.0,1413.199951171875,1413.5,147
2026-09-03 11:21:00+05:30,1414.0,1414.0,1413.4000244140625,1413.699951171875,918
2026-09-03 11:22:00+05:30,1413.5999755859375,1414.0,1413.5,1413.5,722
2026-09-03 11:23:00+05:30,1414.0,1414.0,1413.5999755859375,1414.0,457
2026-09-03 11:24:00+05:30,1413.699951171875,1414.5999755859375,1413.5,1414.0,2574
2026-09-03 11:25:00+05:30,1414.4000244140625,1414.4000244140625,1413.699951171875,1414.199951171875,576
2026-09-03 11:26:00+05:30,1414.699951171875,1415.0,1413.5,1415.0,4274
2026-09-03 11:27:00+05:30,1414.0,1414.800048828125,1414.0,1414.699951171875,471
2026-09-03 11:28:00+05:30,1414.4000244140625,1414.4000244140625,1414.0,1414.4000244140625,18
2026-09-03 11:29:00+05:30,1414.5,1415.0,1414.199951171875,1414.4000244140625,605
2026-09-03 11:30:00+05:30,1414.699951171875,1415.699951171875,1414.5,1415.0,389
2026-09-03 11:31:00+05:30,1413.300048828125,1415.300048828125,1413.300048828125,1415.0,4711
2026-09-03 11:32:00+05:30,1413.5999755859375,1414.0,1413.4000244140625,1414.0,316
2026-09-03 11:33:00+05:30,1413.199951171875,1414.0,1413.0999755859375,1413.5,1766
2026-09-03 11:34:00+05:30,1413.300048828125,1413.800048828125,1413.0999755859375,1413.699951171875,1070
2026-09-03 11:35:00+05:30,1413.5999755859375,1414.0,1413.4000244140625,1413.9000244140625,763
2026-09-03 11:36:00+05:30,1414.0999755859375,1414.199951171875,1413.699951171875,1414.0,326
2026-09-03 11:37:00+05:30,1412.9000244140625,1414.0999755859375,1412.0999755859375,1414.0999755859375,1645
2026-09-03 11:38:00+05:30,1412.800048828125,1413.300048828125,1412.4000244140625,1412.4000244140625,497
2026-09-03 11:39:00+05:30,1412.9000244140625,1413.300048828125,1412.800048828125,1413.300048828125,1058
2026-09-03 11:40:00+05:30,1413.300048828125,1413.300048828125,1413.0999755859375,1413.0999755859375,1264
2026-09-03 11:41:00+05:30,1413.699951171875,1414.199951171875,1413.4000244140625,1413.5,733
2026-09-03 11:42:00+05:30,1413.800048828125,1414.0999755859375,1413.699951171875,1414.0999755859375,907
2026-09-03 11:43:00+05:30,1413.800048828125,1414.199951171875,1413.800048828125,1413.800048828125,385
2026-09-03 11:44:00+05:30,1414.199951171875,1414.699951171875,1413.800048828125,1413.800048828125,1076
2026-09-03 11:45:00+05:30,1413.800048828125,1414.5,1413.800048828125,1414.5,691
2026-09-03 11:46:00+05:30,1413.0999755859375,1413.800048828125,1413.0999755859375,1413.800048828125,425
2026-09-03 11:47:00+05:30,1413.300048828125,1413.800048828125,1413.300048828125,1413.5,327
2026-09-03 11:48:00+05:30,1414.0999755859375,1414.0999755859375,1413.199951171875,1413.5999755859375,735
2026-09-03 11:49:00+05:30,1413.9000244140625,1414.5,1413.300048828125,1413.5,169
2026-09-03 11:50:00+05:30,1413.300048828125,1413.300048828125,1413.0,1413.300048828125,596
2026-09-03 11:51:00+05:30,1413.199951171875,1413.300048828125,1413.0,1413.300048828125,419
2026-09-03 11:52:00+05:30,1412.699951171875,1413.300048828125,1412.699951171875,1413.199951171875,603
2026-09-03 11:53:00+05:30,1412.5,1413.300048828125,1412.5,1412.699951171875,809
2026-09-03 11:54:00+05:30,1412.4000244140625,1412.9000244140625,1412.4000244140625,1412.9000244140625,218
2026-09-03 11:55:00+05:30,1412.4000244140625,1412.699951171875,1412.4000244140625,1412.5,116
2026-09-03 11:56:00+05:30,1412.5,1412.5,1412.4000244140625,1412.4000244140625,461
2026-09-03 11:57:00+05:30,1412.4000244140625,1412.5,1412.4000244140625,1412.4000244140625,67
2026-09-03 11:58:00+05:30,1412.4000244140625,1412.5,1412.4000244140625,1412.4000244140625,325
2026-09-03 11:59:00+05:30,1412.800048828125,1412.800048828125,1412.4000244140625,1412.4000244140625,499
2026-09-03 12:00:00+05:30,1412.800048828125,1413.0,1412.800048828125,1412.800048828125,201
2026-09-03 12:01:00+05:30,1412.699951171875,1413.0,1412.699951171875,1413.0,641
2026-09-03 12:02:00+05:30,1412.699951171875,1412.800048828125,1412.0999755859375,1412.800048828125,1294
2026-09-03 12:03:00+05:30,1412.5,1412.5,1412.0999755859375,1412.300048828125,1729
2026-09-03 12:04:00+05:30,1411.800048828125,1412.0999755859375,1411.800048828125,1412.0999755859375,712
2026-09-03 12:05:00+05:30,1411.9000244140625,1412.0,1411.800048828125,1412.0,263
2026-09-03 12:06:00+05:30,1411.9000244140625,1412.4000244140625,1411.9000244140625,1412.199951171875,722
2026-09-03 12:07:00+05:30,1412.0,1412.0,1411.9000244140625,1411.9000244140625,312
2026-09-03 12:08:00+05:30,1412.0,1412.0,1411.9000244140625,1412.0,886
2026-09-03 12:09:00+05:30,1411.0999755859375,1412.0,1411.0,1411.9000244140625,5470
2026-09-03 12:10:00+05:30,1411.5,1411.5999755859375,1411.199951171875,1411.199951171875,683
2026-09-03 12:11:00+05:30,1411.5,1411.5999755859375,1411.300048828125,1411.5,210
2026-09-03 12:12:00+05:30,1411.300048828125,1411.5,1411.300048828125,1411.5,358
2026-09-03 12:13:00+05:30,1411.199951171875,1411.5,1411.0999755859375,1411.5,1056
2026-09-03 12:14:00+05:30,1411.5999755859375,1411.5999755859375,1411.0,1411.4000244140625,4709
2026-09-03 12:15:00+05:30,1411.5,1411.9000244140625,1411.5,1411.9000244140625,630
2026-09-03 12:16:00+05:30,1411.9000244140625,1412.0,1411.300048828125,1412.0,516
2026-09-03 12:17:00+05:30,1411.0,1411.9000244140625,1411.0,1411.9000244140625,812
2026-09-03 12:18:00+05:30,1410.9000244140625,1411.4000244140625,1410.9000244140625,1411.4000244140625,760
2026-09-03 12:19:00+05:30,1411.199951171875,1411.199951171875,1411.0,1411.199951171875,373
2026-09-03 12:20:00+05:30,1411.199951171875,1411.199951171875,1410.800048828125,1410.800048828125,692
2026-09-03 12:21:00+05:30,1411.4000244140625,1411.9000244140625,1411.199951171875,1411.4000244140625,443
2026-09-03 12:22:00+05:30,1411.4000244140625,1411.9000244140625,1411.300048828125,1411.5,745
2026-09-03 12:23:00+05:30,1411.5,1412.0,1411.5,1411.800048828125,577
2026-09-03 12:24:00+05:30,1411.300048828125,1411.9000244140625,1411.300048828125,1411.699951171875,547
2026-09-03 12:25:00+05:30,1411.0,1411.300048828125,1410.5999755859375,1411.199951171875,1046
2026-09-03 12:26:00+05:30,1410.4000244140625,1410.699951171875,1410.300048828125,1410.5999755859375,736
2026-09-03 12:27:00+05:30,1410.5999755859375,1410.5999755859375,1410.300048828125,1410.300048828125,3197
2026-09-03 12:28:00+05:30,1411.0,1411.0,1410.4000244140625,1410.4000244140625,1121
2026-09-03 12:29:00+05:30,1410.199951171875,1410.699951171875,1410.0999755859375,1410.5,514
2026-09-03 12:30:00+05:30,1410.4000244140625,1410.4000244140625,1410.0999755859375,1410.199951171875,2658
2026-09-03 12:31:00+05:30,1411.0,1411.0,1410.199951171875,1410.4000244140625,1220
2026-09-03 12:32:00+05:30,1411.0,1411.0,1410.5999755859375,1411.0,991
2026-09-03 12:33:00+05:30,1410.699951171875,1411.0999755859375,1410.5,1410.5,575
2026-09-03 12:34:00+05:30,1410.0999755859375,1410.4000244140625,1410.0,1410.4000244140625,780
2026-09-03 12:35:00+05:30,1410.0,1410.0999755859375,1410.0,1410.0999755859375,782
2026-09-03 12:36:00+05:30,1410.0999755859375,1410.5,1410.0,1410.0,1350
2026-09-03 12:37:00+05:30,1410.699951171875,1410.9000244140625,1410.4000244140625,1410.5,1595
2026-09-03 12:38:00+05:30,1410.699951171875,1411.199951171875,1410.699951171875,1411.0999755859375,934
2026-09-03 12:39:00+05:30,1410.300048828125,1410.5999755859375,1410.0999755859375,1410.0999755859375,2596
2026-09-03 12:40:00+05:30,1410.199951171875,1410.800048828125,1410.199951171875,1410.300048828125,855
2026-09-03 12:41:00+05:30,1408.699951171875,1410.5999755859375,1408.4000244140625,1410.199951171875,5429
2026-09-03 12:42:00+05:30,1408.4000244140625,1408.800048828125,1408.4000244140625,1408.4000244140625,14055
2026-09-03 12:43:00+05:30,1409.199951171875,1409.699951171875,1408.9000244140625,1409.0999755859375,1508
2026-09-03 12:44:00+05:30,1409.4000244140625,1409.699951171875,1409.199951171875,1409.699951171875,792
2026-09-03 12:45:00+05:30,1409.5999755859375,1409.800048828125,1409.5,1409.5,909
2026-09-03 12:46:00+05:30,1409.699951171875,1410.5,1409.5999755859375,1409.5999755859375,1827
2026-09-03 12:47:00+05:30,1409.0,1410.5,1409.0,1410.0,3786
2026-09-03 12:48:00+05:30,1408.9000244140625,1409.4000244140625,1408.800048828125,1409.0,558
2026-09-03 12:49:00+05:30,1409.0,1409.4000244140625,1409.0,1409.0,585
2026-09-03 12:50:00+05:30,1409.699951171875,1409.9000244140625,1409.199951171875,1409.300048828125,2072
2026-09-03 12:51:00+05:30,1409.300048828125,1409.699951171875,1409.0,1409.5,423
2026-09-03 12:52:00+05:30,1409.5,1409.5,1409.199951171875,1409.300048828125,469
2026-09-03 12:53:00+05:30,1408.4000244140625,1409.5,1408.4000244140625,1409.5,1764
2026-09-03 12:54:00+05:30,1409.0,1409.5,1408.699951171875,1408.9000244140625,610
2026-09-03 12:55:00+05:30,1410.0,1410.0,1409.4000244140625,1410.0,5407
2026-09-03 12:56:00+05:30,1410.300048828125,1410.800048828125,1410.0,1410.0,622
2026-09-03 12:57:00+05:30,1410.5999755859375,1410.9000244140625,1410.5999755859375,1410.5999755859375,683
2026-09-03 12:58:00+05:30,1409.800048828125,1410.5999755859375,1409.5999755859375,1410.4000244140625,3511
2026-09-03 12:59:00+05:30,1410.0999755859375,1410.199951171875,1409.800048828125,1410.0999755859375,280
2026-09-03 13:00:00+05:30,1409.300048828125,1410.199951171875,1409.300048828125,1409.800048828125,594
2026-09-03 13:01:00+05:30,1409.800048828125,1410.0999755859375,1409.0999755859375,1409.0999755859375,1546
2026-09-03 13:02:00+05:30,1409.800048828125,1410.199951171875,1409.5999755859375,1410.199951171875,514
2026-09-03 13:03:00+05:30,1409.199951171875,1409.800048828125,1409.0,1409.5999755859375,1800
2026-09-03 13:04:00+05:30,1409.199951171875,1409.699951171875,1409.0999755859375,1409.699951171875,654
2026-09-03 13:05:00+05:30,1409.5,1409.5,1409.199951171875,1409.5,324
2026-09-03 13:06:00+05:30,1410.5999755859375,1411.0999755859375,1409.5,1409.5,3055
2026-09-03 13:07:00+05:30,1410.0,1410.9000244140625,1409.5,1410.9000244140625,1330
2026-09-03 13:08:00+05:30,1409.5999755859375,1410.0,1409.5999755859375,1409.800048828125,869
2026-09-03 13:09:00+05:30,1409.5,1410.0,1409.5,1410.0,584
2026-09-03 13:10:00+05:30,1409.199951171875,1409.699951171875,1409.199951171875,1409.699951171875,354
2026-09-03 13:11:00+05:30,1409.4000244140625,1409.699951171875,1409.199951171875,1409.199951171875,194
2026-09-03 13:12:00+05:30,1409.699951171875,1410.0,1409.4000244140625,1409.699951171875,1402
2026-09-03 13:13:00+05:30,1408.0999755859375,1410.0,1407.9000244140625,1410.0,7712
2026-09-03 13:14:00+05:30,1410.0,1410.0999755859375,1408.4000244140625,1408.800048828125,25759
2026-09-03 13:15:00+05:30,1410.199951171875,1410.199951171875,1409.5,1409.5,489
2026-09-03 13:16:00+05:30,1410.800048828125,1411.0999755859375,1410.199951171875,1410.199951171875,890
2026-09-03 13:17:00+05:30,1410.5999755859375,1411.4000244140625,1410.5999755859375,1411.0999755859375,4117
2026-09-03 13:18:00+05:30,1410.300048828125,1411.5999755859375,1410.300048828125,1411.199951171875,851
2026-09-03 13:19:00+05:30,1410.800048828125,1411.0,1410.4000244140625,1411.0,361
2026-09-03 13:20:00+05:30,1410.800048828125,1411.0,1410.5999755859375,1411.0,229
2026-09-03 13:21:00+05:30,1411.0,1411.0,1410.5999755859375,1410.800048828125,424
2026-09-03 13:22:00+05:30,1410.5,1411.0,1410.300048828125,1410.5999755859375,1222
2026-09-03 13:23:00+05:30,1410.5,1410.5,1410.300048828125,1410.300048828125,703
2026-09-03 13:24:00+05:30,1410.0999755859375,1410.699951171875,1410.0,1410.300048828125,991
2026-09-03 13:25:00+05:30,1410.0,1410.0999755859375,1410.0,1410.0,1254
2026-09-03 13:26:00+05:30,1410.0999755859375,1410.0999755859375,1410.0,1410.0999755859375,445
2026-09-03 13:27:00+05:30,1410.5999755859375,1410.5999755859375,1410.0,1410.0,834
2026-09-03 13:28:00+05:30,1410.5999755859375,1411.0,1410.300048828125,1410.5999755859375,813
2026-09-03 13:29:00+05:30,1410.4000244140625,1410.5999755859375,1410.0999755859375,1410.5999755859375,673
2026-09-03 13:30:00+05:30,1410.199951171875,1410.5999755859375,1410.0,1410.5999755859375,522
2026-09-03 13:31:00+05:30,1410.199951171875,1410.5999755859375,1410.199951171875,1410.300048828125,298
2026-09-03 13:32:00+05:30,1410.199951171875,1410.5,1410.0999755859375,1410.5,509
2026-09-03 13:33:00+05:30,1410.9000244140625,1410.9000244140625,1410.0,1410.199951171875,1840
2026-09-03 13:34:00+05:30,1412.0,1412.199951171875,1410.800048828125,1410.800048828125,3587
2026-09-03 13:35:00+05:30,1413.300048828125,1413.300048828125,1412.0999755859375,1412.4000244140625,3277
2026-09-03 13:36:00+05:30,1412.800048828125,1414.5,1412.300048828125,1413.5,13985
2026-09-03 13:37:00+05:30,1414.300048828125,1414.4000244140625,1412.699951171875,1413.0,3582
2026-09-03 13:38:00+05:30,1413.9000244140625,1414.699951171875,1413.9000244140625,1414.5999755859375,18096
2026-09-03 13:39:00+05:30,1413.800048828125,1414.0999755859375,1413.5999755859375,1413.5999755859375,1049
2026-09-03 13:40:00+05:30,1414.0,1414.5,1413.800048828125,1413.800048828125,841
2026-09-03 13:41:00+05:30,1414.0,1414.4000244140625,1414.0,1414.0,1765
2026-09-03 13:42:00+05:30,1413.800048828125,1414.0,1413.800048828125,1414.0,309
2026-09-03 13:43:00+05:30,1413.5999755859375,1413.9000244140625,1413.5999755859375,1413.800048828125,1702
2026-09-03 13:44:00+05:30,1413.5999755859375,1413.699951171875,1413.5,1413.5999755859375,575
2026-09-03 13:45:00+05:30,1413.4000244140625,1413.5999755859375,1413.4000244140625,1413.5,1157
2026-09-03 13:46:00+05:30,1413.300048828125,1413.5,1413.300048828125,1413.5,514
2026-09-03 13:47:00+05:30,1413.0999755859375,1413.4000244140625,1413.0999755859375,1413.4000244140625,518
2026-09-03 13:48:00+05:30,1413.300048828125,1413.300048828125,1413.0999755859375,1413.0999755859375,517
2026-09-03 13:49:00+05:30,1413.9000244140625,1414.300048828125,1413.699951171875,1413.699951171875,2594
2026-09-03 13:50:00+05:30,1414.0,1414.0999755859375,1414.0,1414.0,2477
2026-09-03 13:51:00+05:30,1413.5,1414.4000244140625,1413.0,1414.0999755859375,7575
2026-09-03 13:52:00+05:30,1412.5999755859375,1413.300048828125,1412.5999755859375,1413.0,397
2026-09-03 13:53:00+05:30,1412.699951171875,1413.0,1412.5999755859375,1412.5999755859375,604
2026-09-03 13:54:00+05:30,1412.800048828125,1413.0,1412.5999755859375,1412.5999755859375,738
2026-09-03 13:55:00+05:30,1412.800048828125,1413.199951171875,1412.800048828125,1413.0,165
2026-09-03 13:56:00+05:30,1413.0,1413.4000244140625,1412.800048828125,1413.300048828125,530
2026-09-03 13:57:00+05:30,1413.699951171875,1414.0,1413.0,1413.0,572
2026-09-03 13:58:00+05:30,1413.5,1413.5,1413.300048828125,1413.5,598
2026-09-03 13:59:00+05:30,1413.0,1413.5,1412.9000244140625,1413.300048828125,363
2026-09-03 14:00:00+05:30,1413.4000244140625,1413.5,1413.199951171875,1413.199951171875,556
2026-09-03 14:01:00+05:30,1413.5,1413.5,1413.4000244140625,1413.5,173
2026-09-03 14:02:00+05:30,1412.699951171875,1413.0999755859375,1412.0999755859375,1413.0999755859375,5084
2026-09-03 14:03:00+05:30,1414.199951171875,1414.199951171875,1413.0999755859375,1413.0999755859375,4116
2026-09-03 14:04:00+05:30,1413.0999755859375,1414.199951171875,1413.0,1414.199951171875,2321
2026-09-03 14:05:00+05:30,1413.4000244140625,1413.4000244140625,1412.9000244140625,1413.4000244140625,1165
2026-09-03 14:06:00+05:30,1413.4000244140625,1413.4000244140625,1412.699951171875,1412.699951171875,523
2026-09-03 14:07:00+05:30,1413.300048828125,1413.4000244140625,1413.0,1413.0,406
2026-09-03 14:08:00+05:30,1413.0999755859375,1413.4000244140625,1413.0,1413.300048828125,2934
2026-09-03 14:09:00+05:30,1413.699951171875,1414.0,1413.4000244140625,1413.699951171875,562
2026-09-03 14:10:00+05:30,1413.4000244140625,1413.5999755859375,1413.4000244140625,1413.4000244140625,321
2026-09-03 14:11:00+05:30,1413.4000244140625,1413.5999755859375,1413.4000244140625,1413.5,833
2026-09-03 14:12:00+05:30,1413.4000244140625,1413.699951171875,1413.300048828125,1413.699951171875,661
2026-09-03 14:13:00+05:30,1413.4000244140625,1413.4000244140625,1413.0999755859375,1413.4000244140625,867
2026-09-03 14:14:00+05:30,1413.300048828125,1413.5999755859375,1413.300048828125,1413.5999755859375,354
2026-09-03 14:15:00+05:30,1413.4000244140625,1413.5,1413.300048828125,1413.4000244140625,521
2026-09-03 14:16:00+05:30,1413.5999755859375,1413.699951171875,1413.4000244140625,1413.5,1351
2026-09-03 14:17:00+05:30,1413.699951171875,1413.699951171875,1413.5999755859375,1413.5999755859375,765
2026-09-03 14:18:00+05:30,1413.5999755859375,1413.9000244140625,1413.5999755859375,1413.9000244140625,515
2026-09-03 14:19:00+05:30,1412.5,1413.699951171875,1412.4000244140625,1413.699951171875,2744
2026-09-03 14:20:00+05:30,1413.300048828125,1413.300048828125,1412.4000244140625,1412.4000244140625,6386
2026-09-03 14:21:00+05:30,1412.9000244140625,1413.699951171875,1412.9000244140625,1412.9000244140625,7079
2026-09-03 14:22:00+05:30,1413.0,1413.0,1411.5,1412.5,6076
2026-09-03 14:23:00+05:30,1413.800048828125,1413.800048828125,1412.699951171875,1412.699951171875,7874
2026-09-03 14:24:00+05:30,1413.300048828125,1414.300048828125,1413.199951171875,1414.0,1391
2026-09-03 14:25:00+05:30,1413.5,1413.800048828125,1413.300048828125,1413.300048828125,669
2026-09-03 14:26:00+05:30,1413.5,1413.9000244140625,1413.5,1413.5999755859375,479
2026-09-03 14:27:00+05:30,1413.5,1413.699951171875,1413.5,1413.5999755859375,536
2026-09-03 14:28:00+05:30,1413.800048828125,1414.300048828125,1413.5999755859375,1413.699951171875,603
2026-09-03 14:29:00+05:30,1414.0,1414.5999755859375,1413.9000244140625,1414.199951171875,1892
2026-09-03 14:30:00+05:30,1413.4000244140625,1413.9000244140625,1413.4000244140625,1413.9000244140625,173
2026-09-03 14:31:00+05:30,1413.199951171875,1413.5,1413.199951171875,1413.300048828125,555
2026-09-03 14:32:00+05:30,1413.199951171875,1413.5,1413.199951171875,1413.199951171875,569
2026-09-03 14:33:00+05:30,1413.199951171875,1413.699951171875,1413.199951171875,1413.5,640
2026-09-03 14:34:00+05:30,1413.4000244140625,1413.4000244140625,1413.199951171875,1413.199951171875,672
2026-09-03 14:35:00+05:30,1412.9000244140625,1413.4000244140625,1412.9000244140625,1413.4000244140625,1691
2026-09-03 14:36:00+05:30,1412.9000244140625,1413.0999755859375,1412.9000244140625,1412.9000244140625,320
2026-09-03 14:37:00+05:30,1412.9000244140625,1413.0999755859375,1412.9000244140625,1412.9000244140625,2174
2026-09-03 14:38:00+05:30,1413.0,1413.0999755859375,1412.9000244140625,1413.0999755859375,1165
2026-09-03 14:39:00+05:30,1412.699951171875,1413.0,1412.699951171875,1412.9000244140625,306
2026-09-03 14:40:00+05:30,1412.5999755859375,1412.800048828125,1412.5999755859375,1412.800048828125,264
2026-09-03 14:41:00+05:30,1412.199951171875,1412.699951171875,1412.199951171875,1412.699951171875,1002
2026-09-03 14:42:00+05:30,1412.199951171875,1412.199951171875,1412.0999755859375,1412.199951171875,1421
2026-09-03 14:43:00+05:30,1412.199951171875,1412.300048828125,1412.199951171875,1412.300048828125,635
2026-09-03 14:44:00+05:30,1412.9000244140625,1412.9000244140625,1412.199951171875,1412.199951171875,4258
2026-09-03 14:45:00+05:30,1413.199951171875,1413.199951171875,1412.5,1412.5,1253
2026-09-03 14:46:00+05:30,1413.0,1413.0999755859375,1413.0,1413.0,529
2026-09-03 14:47:00+05:30,1413.0,1413.0999755859375,1412.9000244140625,1413.0,1244
2026-09-03 14:48:00+05:30,1413.0,1413.0999755859375,1412.9000244140625,1412.9000244140625,961
2026-09-03 14:49:00+05:30,1411.5,1413.0999755859375,1411.5,1413.0999755859375,3323
2026-09-03 14:50:00+05:30,1412.0,1412.5,1411.5,1411.5,3353
2026-09-03 14:51:00+05:30,1412.4000244140625,1412.800048828125,1412.0,1412.0,639
2026-09-03 14:52:00+05:30,1412.699951171875,1413.0,1412.5,1412.5,707
2026-09-03 14:53:00+05:30,1413.5999755859375,1413.699951171875,1412.699951171875,1412.699951171875,5544
2026-09-03 14:54:00+05:30,1413.5,1413.5999755859375,1413.4000244140625,1413.5999755859375,3872
2026-09-03 14:55:00+05:30,1413.300048828125,1413.5,1413.0999755859375,1413.4000244140625,982
2026-09-03 14:56:00+05:30,1413.800048828125,1413.800048828125,1413.300048828125,1413.4000244140625,1349
2026-09-03 14:57:00+05:30,1413.0,1414.0,1413.0,1414.0,3217
2026-09-03 14:58:00+05:30,1413.699951171875,1413.800048828125,1413.300048828125,1413.699951171875,7622
2026-09-03 14:59:00+05:30,1414.5,1414.5999755859375,1413.800048828125,1413.800048828125,2250
2026-09-03 15:00:00+05:30,1413.0999755859375,1414.4000244140625,1413.0999755859375,1414.300048828125,3501
2026-09-03 15:01:00+05:30,1413.199951171875,1413.199951171875,1413.0,1413.0999755859375,2413
2026-09-03 15:02:00+05:30,1413.5999755859375,1413.5999755859375,1413.199951171875,1413.199951171875,4599
2026-09-03 15:03:00+05:30,1413.4000244140625,1413.699951171875,1413.4000244140625,1413.5999755859375,4428
2026-09-03 15:04:00+05:30,1414.0999755859375,1414.0999755859375,1413.4000244140625,1413.4000244140625,4042
2026-09-03 15:05:00+05:30,1412.800048828125,1414.0999755859375,1412.699951171875,1414.0999755859375,9435
2026-09-03 15:06:00+05:30,1413.199951171875,1413.300048828125,1412.800048828125,1412.800048828125,3664
2026-09-03 15:07:00+05:30,1413.699951171875,1413.9000244140625,1413.199951171875,1413.199951171875,5404
2026-09-03 15:08:00+05:30,1413.800048828125,1413.9000244140625,1413.699951171875,1413.699951171875,1376
2026-09-03 15:09:00+05:30,1412.800048828125,1413.9000244140625,1412.800048828125,1413.9000244140625,9665
2026-09-03 15:10:00+05:30,1413.300048828125,1413.4000244140625,1413.0999755859375,1413.0999755859375,4898
2026-09-03 15:11:00+05:30,1413.5,1413.5999755859375,1413.300048828125,1413.300048828125,3891
2026-09-03 15:12:00+05:30,1412.5999755859375,1414.199951171875,1412.4000244140625,1413.9000244140625,15919
2026-09-03 15:13:00+05:30,1413.800048828125,1413.800048828125,1412.0,1412.0999755859375,6166
2026-09-03 15:14:00+05:30,1414.0,1414.0,1413.5999755859375,1413.699951171875,6173
2026-09-03 15:15:00+05:30,1416.0,1416.9000244140625,1416.0,1416.9000244140625,66661
2026-09-04 09:15:00+05:30,1407.9000244140625,1408.800048828125,1404.5,1408.0,0
2026-09-04 09:16:00+05:30,1411.5,1412.5999755859375,1407.4000244140625,1407.4000244140625,3248
2026-09-04 09:17:00+05:30,1409.800048828125,1410.5,1409.800048828125,1410.5,699
2026-09-04 09:18:00+05:30,1409.0,1409.9000244140625,1408.300048828125,1409.9000244140625,2769
2026-09-04 09:19:00+05:30,1408.0,1409.0,1408.0,1408.800048828125,3155
2026-09-04 09:20:00+05:30,1408.300048828125,1409.0,1408.300048828125,1408.699951171875,1294
2026-09-04 09:21:00+05:30,1407.300048828125,1408.699951171875,1407.300048828125,1408.699951171875,2114
2026-09-04 09:22:00+05:30,1408.199951171875,1408.199951171875,1407.300048828125,1407.5999755859375,2135
2026-09-04 09:23:00+05:30,1408.0999755859375,1408.699951171875,1408.0,1408.699951171875,694
2026-09-04 09:24:00+05:30,1408.5,1409.199951171875,1408.199951171875,1408.5,2011
2026-09-04 09:25:00+05:30,1409.0999755859375,1409.199951171875,1408.699951171875,1408.800048828125,851
2026-09-04 09:26:00+05:30,1409.5999755859375,1409.5999755859375,1409.199951171875,1409.300048828125,1173
2026-09-04 09:27:00+05:30,1407.4000244140625,1408.300048828125,1407.300048828125,1408.300048828125,2950
2026-09-04 09:28:00+05:30,1406.9000244140625,1407.800048828125,1406.9000244140625,1407.699951171875,1476
2026-09-04 09:29:00+05:30,1407.300048828125,1407.4000244140625,1407.0,1407.4000244140625,356
2026-09-04 09:30:00+05:30,1407.800048828125,1407.800048828125,1406.4000244140625,1407.300048828125,1206
2026-09-04 09:31:00+05:30,1407.0,1407.5,1406.800048828125,1407.5,1608
2026-09-04 09:32:00+05:30,1407.199951171875,1407.9000244140625,1406.9000244140625,1407.5,666
2026-09-04 09:33:00+05:30,1407.9000244140625,1407.9000244140625,1406.800048828125,1407.699951171875,1344
2026-09-04 09:34:00+05:30,1407.9000244140625,1408.5999755859375,1407.800048828125,1407.800048828125,2837
2026-09-04 09:35:00+05:30,1408.199951171875,1408.5,1407.9000244140625,1408.199951171875,363
2026-09-04 09:36:00+05:30,1407.800048828125,1408.5,1407.800048828125,1408.199951171875,581
2026-09-04 09:37:00+05:30,1408.199951171875,1408.5,1407.800048828125,1407.800048828125,602
2026-09-04 09:38:00+05:30,1406.9000244140625,1408.300048828125,1406.9000244140625,1407.9000244140625,3487
2026-09-04 09:39:00+05:30,1407.199951171875,1407.5,1406.5999755859375,1406.9000244140625,1649
2026-09-04 09:40:00+05:30,1408.300048828125,1408.300048828125,1406.5999755859375,1406.5999755859375,2658
2026-09-04 09:41:00+05:30,1408.9000244140625,1408.9000244140625,1408.0999755859375,1408.800048828125,1026
2026-09-04 09:42:00+05:30,1408.699951171875,1409.199951171875,1408.4000244140625,1408.9000244140625,1192
2026-09-04 09:43:00+05:30,1407.9000244140625,1408.4000244140625,1407.699951171875,1407.699951171875,1528
2026-09-04 09:44:00+05:30,1408.0,1408.4000244140625,1407.800048828125,1407.9000244140625,1141
2026-09-04 09:45:00+05:30,1410.199951171875,1410.199951171875,1408.0,1408.0999755859375,3369
2026-09-04 09:46:00+05:30,1410.199951171875,1411.4000244140625,1410.199951171875,1410.4000244140625,2108
2026-09-04 09:47:00+05:30,1410.0,1410.699951171875,1410.0,1410.699951171875,270
2026-09-04 09:48:00+05:30,1409.800048828125,1409.9000244140625,1409.199951171875,1409.9000244140625,1196
2026-09-04 09:49:00+05:30,1409.5999755859375,1409.800048828125,1409.0,1409.800048828125,572
2026-09-04 09:50:00+05:30,1409.0999755859375,1409.0999755859375,1408.800048828125,1409.0999755859375,1062
2026-09-04 09:51:00+05:30,1408.5,1409.300048828125,1408.4000244140625,1409.300048828125,376
2026-09-04 09:52:00+05:30,1409.4000244140625,1409.4000244140625,1408.0999755859375,1408.800048828125,1820
2026-09-04 09:53:00+05:30,1409.4000244140625,1409.5,1408.9000244140625,1409.0999755859375,2307
2026-09-04 09:54:00+05:30,1409.0999755859375,1409.4000244140625,1408.800048828125,1409.0999755859375,180
2026-09-04 09:55:00+05:30,1410.5,1410.699951171875,1409.199951171875,1409.199951171875,1307
2026-09-04 09:56:00+05:30,1411.0,1411.0,1410.4000244140625,1410.5,203
2026-09-04 09:57:00+05:30,1410.5,1411.0,1410.5,1410.5,533
2026-09-04 09:58:00+05:30,1410.0999755859375,1411.0999755859375,1410.0999755859375,1411.0999755859375,665
2026-09-04 09:59:00+05:30,1410.699951171875,1410.9000244140625,1410.199951171875,1410.199951171875,499
2026-09-04 10:00:00+05:30,1411.0999755859375,1411.0999755859375,1410.0999755859375,1410.199951171875,878
2026-09-04 10:01:00+05:30,1412.9000244140625,1413.199951171875,1411.0,1411.0,3230
2026-09-04 10:02:00+05:30,1412.5999755859375,1413.0999755859375,1412.5999755859375,1413.0999755859375,313
2026-09-04 10:03:00+05:30,1414.5,1414.699951171875,1412.5999755859375,1412.9000244140625,3031
2026-09-04 10:04:00+05:30,1415.0999755859375,1415.4000244140625,1414.9000244140625,1414.9000244140625,4605
2026-09-04 10:05:00+05:30,1414.800048828125,1415.800048828125,1414.800048828125,1415.300048828125,2428
2026-09-04 10:06:00+05:30,1415.199951171875,1415.800048828125,1415.0,1415.199951171875,327
2026-09-04 10:07:00+05:30,1415.199951171875,1415.5999755859375,1415.199951171875,1415.5,523
2026-09-04 10:08:00+05:30,1415.800048828125,1415.800048828125,1415.199951171875,1415.4000244140625,278
2026-09-04 10:09:00+05:30,1415.300048828125,1415.5,1415.300048828125,1415.300048828125,1446
2026-09-04 10:10:00+05:30,1415.300048828125,1415.5999755859375,1414.699951171875,1415.5999755859375,491
2026-09-04 10:11:00+05:30,1414.300048828125,1414.9000244140625,1414.0,1414.5999755859375,1336
2026-09-04 10:12:00+05:30,1414.300048828125,1414.800048828125,1414.0999755859375,1414.5,1213
2026-09-04 10:13:00+05:30,1414.199951171875,1414.699951171875,1413.800048828125,1414.699951171875,974
2026-09-04 10:14:00+05:30,1415.5999755859375,1416.199951171875,1414.199951171875,1414.5999755859375,4287
2026-09-04 10:15:00+05:30,1416.300048828125,1416.300048828125,1415.300048828125,1415.300048828125,405
2026-09-04 10:16:00+05:30,1417.699951171875,1417.699951171875,1416.300048828125,1416.300048828125,1213
2026-09-04 10:17:00+05:30,1418.0999755859375,1418.0999755859375,1417.699951171875,1417.699951171875,660
2026-09-04 10:18:00+05:30,1418.9000244140625,1418.9000244140625,1418.0999755859375,1418.0999755859375,1148
2026-09-04 10:19:00+05:30,1419.0,1419.5,1418.800048828125,1418.9000244140625,2587
2026-09-04 10:20:00+05:30,1418.5999755859375,1419.300048828125,1418.5999755859375,1419.0,255
2026-09-04 10:21:00+05:30,1419.0,1419.0999755859375,1418.5999755859375,1418.9000244140625,433
2026-09-04 10:22:00+05:30,1419.0999755859375,1419.4000244140625,1418.699951171875,1419.0,1146
2026-09-04 10:23:00+05:30,1419.5,1419.5,1418.699951171875,1418.699951171875,484
2026-09-04 10:24:00+05:30,1418.300048828125,1419.5,1418.300048828125,1419.0999755859375,1548
2026-09-04 10:25:00+05:30,1419.0999755859375,1419.0999755859375,1418.300048828125,1418.9000244140625,5165
2026-09-04 10:26:00+05:30,1419.0,1419.0999755859375,1418.9000244140625,1419.0999755859375,967
2026-09-04 10:27:00+05:30,1419.9000244140625,1419.9000244140625,1419.0999755859375,1419.0999755859375,916
2026-09-04 10:28:00+05:30,1420.0,1420.0,1419.9000244140625,1420.0,426
2026-09-04 10:29:00+05:30,1419.699951171875,1419.699951171875,1419.5999755859375,1419.699951171875,648
2026-09-04 10:30:00+05:30,1418.4000244140625,1419.699951171875,1418.4000244140625,1419.699951171875,1286
2026-09-04 10:31:00+05:30,1417.9000244140625,1418.5,1417.9000244140625,1418.4000244140625,1357
2026-09-04 10:32:00+05:30,1417.0999755859375,1418.199951171875,1416.4000244140625,1418.199951171875,5956
2026-09-04 10:33:00+05:30,1416.5999755859375,1417.0999755859375,1416.4000244140625,1417.0999755859375,815
2026-09-04 10:34:00+05:30,1416.5,1416.699951171875,1416.300048828125,1416.699951171875,1160
2026-09-04 10:35:00+05:30,1416.5,1416.699951171875,1415.800048828125,1416.699951171875,462
2026-09-04 10:36:00+05:30,1416.0,1416.5,1415.5999755859375,1416.5,375
2026-09-04 10:37:00+05:30,1415.5999755859375,1416.0,1415.5,1415.5999755859375,391
2026-09-04 10:38:00+05:30,1417.4000244140625,1417.800048828125,1416.199951171875,1416.199951171875,2139
2026-09-04 10:39:00+05:30,1417.0,1417.9000244140625,1417.0,1417.9000244140625,613
2026-09-04 10:40:00+05:30,1416.5,1417.300048828125,1416.5,1417.0,284
2026-09-04 10:41:00+05:30,1417.0999755859375,1417.0999755859375,1416.4000244140625,1417.0,5285
2026-09-04 10:42:00+05:30,1417.0999755859375,1417.5,1416.9000244140625,1417.0999755859375,896
2026-09-04 10:43:00+05:30,1416.5,1416.800048828125,1416.0999755859375,1416.5,149
2026-09-04 10:44:00+05:30,1416.800048828125,1416.800048828125,1416.5,1416.800048828125,80
2026-09-04 10:45:00+05:30,1416.5,1416.800048828125,1416.5,1416.800048828125,133
2026-09-04 10:46:00+05:30,1417.0,1417.0,1416.5999755859375,1416.800048828125,822
2026-09-04 10:47:00+05:30,1416.9000244140625,1417.0,1416.800048828125,1416.800048828125,385
2026-09-04 10:48:00+05:30,1416.800048828125,1417.0,1416.699951171875,1416.800048828125,613
2026-09-04 10:49:00+05:30,1416.9000244140625,1416.9000244140625,1416.800048828125,1416.800048828125,29
2026-09-04 10:50:00+05:30,1417.0,1417.0,1416.5,1416.800048828125,209
2026-09-04 10:51:00+05:30,1416.5999755859375,1417.0,1416.5999755859375,1417.0,592
2026-09-04 10:52:00+05:30,1416.4000244140625,1417.0,1416.300048828125,1416.9000244140625,118
2026-09-04 10:53:00+05:30,1416.300048828125,1416.800048828125,1416.199951171875,1416.699951171875,249
2026-09-04 10:54:00+05:30,1416.9000244140625,1416.9000244140625,1416.0999755859375,1416.699951171875,494
2026-09-04 10:55:00+05:30,1418.5,1418.5,1416.800048828125,1416.800048828125,1879
2026-09-04 10:56:00+05:30,1418.300048828125,1418.4000244140625,1417.5999755859375,1418.4000244140625,1671
2026-09-04 10:57:00+05:30,1417.699951171875,1418.5,1417.699951171875,1418.5,2146
2026-09-04 10:58:00+05:30,1418.0,1418.5,1417.699951171875,1418.0,596
2026-09-04 10:59:00+05:30,1418.4000244140625,1418.4000244140625,1417.5999755859375,1418.0,232
2026-09-04 11:00:00+05:30,1418.0,1418.5,1417.9000244140625,1418.5,140
2026-09-04 11:01:00+05:30,1417.9000244140625,1418.5999755859375,1417.9000244140625,1418.0,554
2026-09-04 11:02:00+05:30,1417.0,1418.0,1417.0,1418.0,2060
2026-09-04 11:03:00+05:30,1417.199951171875,1417.199951171875,1415.9000244140625,1415.9000244140625,2849
2026-09-04 11:04:00+05:30,1416.4000244140625,1417.199951171875,1416.4000244140625,1417.0999755859375,941
2026-09-04 11:05:00+05:30,1416.9000244140625,1416.9000244140625,1416.199951171875,1416.4000244140625,882
2026-09-04 11:06:00+05:30,1416.9000244140625,1416.9000244140625,1416.5,1416.9000244140625,115
2026-09-04 11:07:00+05:30,1415.699951171875,1416.9000244140625,1415.300048828125,1416.9000244140625,368
2026-09-04 11:08:00+05:30,1415.4000244140625,1415.699951171875,1415.300048828125,1415.699951171875,570
2026-09-04 11:09:00+05:30,1415.300048828125,1415.9000244140625,1415.199951171875,1415.4000244140625,326
2026-09-04 11:10:00+05:30,1415.5999755859375,1415.9000244140625,1415.300048828125,1415.800048828125,1080
2026-09-04 11:11:00+05:30,1416.4000244140625,1417.300048828125,1415.199951171875,1415.199951171875,1903
2026-09-04 11:12:00+05:30,1416.5,1417.0,1416.300048828125,1416.4000244140625,190
2026-09-04 11:13:00+05:30,1415.0,1416.4000244140625,1414.800048828125,1416.4000244140625,1031
2026-09-04 11:14:00+05:30,1415.199951171875,1415.699951171875,1415.199951171875,1415.199951171875,233
2026-09-04 11:15:00+05:30,1416.4000244140625,1416.4000244140625,1415.199951171875,1415.5,1652
2026-09-04 11:16:00+05:30,1416.5999755859375,1416.9000244140625,1416.4000244140625,1416.4000244140625,1354
2026-09-04 11:17:00+05:30,1416.0999755859375,1416.699951171875,1416.0999755859375,1416.699951171875,344
2026-09-04 11:18:00+05:30,1416.199951171875,1416.300048828125,1416.0999755859375,1416.300048828125,173
2026-09-04 11:19:00+05:30,1416.0999755859375,1416.4000244140625,1415.300048828125,1416.4000244140625,1005
2026-09-04 11:20:00+05:30,1415.800048828125,1416.4000244140625,1415.4000244140625,1416.4000244140625,1099
2026-09-04 11:21:00+05:30,1415.800048828125,1416.4000244140625,1415.699951171875,1416.4000244140625,277
2026-09-04 11:22:00+05:30,1418.0999755859375,1418.0999755859375,1415.800048828125,1416.0999755859375,1246
2026-09-04 11:23:00+05:30,1418.800048828125,1419.199951171875,1418.800048828125,1418.800048828125,2361
2026-09-04 11:24:00+05:30,1416.800048828125,1418.800048828125,1416.5999755859375,1418.800048828125,2803
2026-09-04 11:25:00+05:30,1418.9000244140625,1418.9000244140625,1416.800048828125,1416.800048828125,620
2026-09-04 11:26:00+05:30,1417.9000244140625,1418.9000244140625,1417.9000244140625,1418.9000244140625,1452
2026-09-04 11:27:00+05:30,1417.300048828125,1418.199951171875,1417.300048828125,1417.9000244140625,743
2026-09-04 11:28:00+05:30,1417.699951171875,1417.9000244140625,1417.300048828125,1417.699951171875,116
2026-09-04 11:29:00+05:30,1417.4000244140625,1417.9000244140625,1417.0,1417.699951171875,862
2026-09-04 11:30:00+05:30,1417.800048828125,1418.199951171875,1417.5999755859375,1418.0999755859375,442
2026-09-04 11:31:00+05:30,1418.0,1418.4000244140625,1417.699951171875,1418.0,252
2026-09-04 11:32:00+05:30,1417.300048828125,1418.0,1417.300048828125,1418.0,419
2026-09-04 11:33:00+05:30,1417.0,1417.5999755859375,1417.0,1417.300048828125,230
2026-09-04 11:34:00+05:30,1417.5,1417.5,1417.0,1417.0,188
2026-09-04 11:35:00+05:30,1417.9000244140625,1418.5999755859375,1417.199951171875,1417.199951171875,2296
2026-09-04 11:36:00+05:30,1418.9000244140625,1418.9000244140625,1418.0,1418.0,270
2026-09-04 11:37:00+05:30,1418.5,1418.5,1418.5,1418.5,54
2026-09-04 11:38:00+05:30,1418.300048828125,1418.300048828125,1418.0999755859375,1418.300048828125,155
2026-09-04 11:39:00+05:30,1418.0999755859375,1418.300048828125,1418.0,1418.0999755859375,290
2026-09-04 11:40:00+05:30,1418.199951171875,1418.699951171875,1418.0999755859375,1418.300048828125,418
2026-09-04 11:41:00+05:30,1418.4000244140625,1419.0,1418.199951171875,1418.699951171875,182
2026-09-04 11:42:00+05:30,1418.5999755859375,1419.0,1418.4000244140625,1419.0,159
2026-09-04 11:43:00+05:30,1418.300048828125,1418.5999755859375,1418.199951171875,1418.5,530
2026-09-04 11:44:00+05:30,1418.800048828125,1418.800048828125,1418.0,1418.199951171875,761
2026-09-04 11:45:00+05:30,1418.699951171875,1418.800048828125,1418.0999755859375,1418.800048828125,418
2026-09-04 11:46:00+05:30,1418.300048828125,1418.9000244140625,1418.199951171875,1418.199951171875,428
2026-09-04 11:47:00+05:30,1415.5999755859375,1418.699951171875,1415.5999755859375,1418.0999755859375,11230
2026-09-04 11:48:00+05:30,1412.5999755859375,1416.0,1412.5999755859375,1415.5999755859375,21867
2026-09-04 11:49:00+05:30,1411.699951171875,1412.9000244140625,1411.5999755859375,1412.9000244140625,37196
2026-09-04 11:50:00+05:30,1411.199951171875,1412.0,1410.800048828125,1411.9000244140625,18460
2026-09-04 11:51:00+05:30,1411.800048828125,1412.0,1411.5,1411.5,3078
2026-09-04 11:52:00+05:30,1412.5,1413.0,1411.9000244140625,1411.9000244140625,748
2026-09-04 11:53:00+05:30,1412.9000244140625,1413.5,1412.5,1413.0,953
2026-09-04 11:54:00+05:30,1414.0999755859375,1414.699951171875,1413.300048828125,1413.9000244140625,1461
2026-09-04 11:55:00+05:30,1414.5,1414.5,1413.5999755859375,1413.5999755859375,603
2026-09-04 11:56:00+05:30,1414.0999755859375,1414.699951171875,1413.800048828125,1414.5999755859375,1034
2026-09-04 11:57:00+05:30,1415.0999755859375,1415.0999755859375,1413.5999755859375,1413.800048828125,3750
2026-09-04 11:58:00+05:30,1414.5,1415.9000244140625,1414.199951171875,1414.5,2286
2026-09-04 11:59:00+05:30,1414.699951171875,1415.800048828125,1414.5999755859375,1415.0999755859375,1537
2026-09-04 12:00:00+05:30,1414.699951171875,1415.5999755859375,1414.5999755859375,1415.300048828125,662
2026-09-04 12:01:00+05:30,1413.199951171875,1415.5,1413.199951171875,1415.300048828125,5696
2026-09-04 12:02:00+05:30,1411.0999755859375,1413.4000244140625,1410.0,1411.800048828125,80164
2026-09-04 12:03:00+05:30,1410.0,1411.199951171875,1409.800048828125,1411.0999755859375,16941
2026-09-04 12:04:00+05:30,1410.5,1410.800048828125,1409.699951171875,1410.0,34133
2026-09-04 12:05:00+05:30,1410.0,1410.5999755859375,1409.699951171875,1409.699951171875,18059
2026-09-04 12:06:00+05:30,1410.5,1410.5999755859375,1410.0999755859375,1410.5,478
2026-09-04 12:07:00+05:30,1410.5999755859375,1410.5999755859375,1410.0,1410.5999755859375,12634
2026-09-04 12:08:00+05:30,1410.0999755859375,1410.800048828125,1410.0999755859375,1410.5,7304
2026-09-04 12:09:00+05:30,1408.699951171875,1410.0999755859375,1408.199951171875,1410.0999755859375,2824
2026-09-04 12:10:00+05:30,1409.300048828125,1410.0,1409.199951171875,1409.199951171875,3025
2026-09-04 12:11:00+05:30,1409.300048828125,1409.300048828125,1409.0,1409.199951171875,285
2026-09-04 12:12:00+05:30,1408.4000244140625,1409.5,1408.4000244140625,1409.300048828125,17454
2026-09-04 12:13:00+05:30,1408.5999755859375,1409.0999755859375,1408.300048828125,1408.5,7300
2026-09-04 12:14:00+05:30,1409.0999755859375,1409.0999755859375,1408.5999755859375,1409.0,700
2026-09-04 12:15:00+05:30,1407.5,1408.0,1407.199951171875,1407.699951171875,5870
2026-09-04 12:16:00+05:30,1407.0,1408.0,1406.9000244140625,1408.0,2207
2026-09-04 12:17:00+05:30,1407.0999755859375,1407.5,1407.0,1407.0,1798
2026-09-04 12:18:00+05:30,1406.800048828125,1407.5,1406.800048828125,1407.199951171875,5919
2026-09-04 12:19:00+05:30,1408.199951171875,1409.0,1406.5999755859375,1406.5999755859375,5961
2026-09-04 12:20:00+05:30,1407.5,1408.0,1407.300048828125,1407.699951171875,4415
2026-09-04 12:21:00+05:30,1407.9000244140625,1407.9000244140625,1406.5999755859375,1407.699951171875,6087
2026-09-04 12:22:00+05:30,1407.0,1407.699951171875,1406.699951171875,1407.300048828125,7214
2026-09-04 12:23:00+05:30,1407.0,1407.4000244140625,1407.0,1407.0,10421
2026-09-04 12:24:00+05:30,1406.300048828125,1407.4000244140625,1406.300048828125,1407.4000244140625,3892
2026-09-04 12:25:00+05:30,1405.9000244140625,1406.0,1405.4000244140625,1406.0,1160
2026-09-04 12:26:00+05:30,1404.199951171875,1405.4000244140625,1404.0,1405.4000244140625,11102
2026-09-04 12:27:00+05:30,1403.5,1404.5,1403.5,1404.5,1795
2026-09-04 12:28:00+05:30,1404.800048828125,1404.9000244140625,1403.0999755859375,1403.199951171875,18710
2026-09-04 12:29:00+05:30,1406.0,1406.300048828125,1404.699951171875,1404.9000244140625,826
2026-09-04 12:30:00+05:30,1406.800048828125,1406.800048828125,1406.0,1406.300048828125,1065
2026-09-04 12:31:00+05:30,1405.5,1407.199951171875,1405.0999755859375,1407.199951171875,2021
2026-09-04 12:32:00+05:30,1406.4000244140625,1406.4000244140625,1405.300048828125,1405.300048828125,1393
2026-09-04 12:33:00+05:30,1406.199951171875,1406.4000244140625,1406.0,1406.0999755859375,1229
2026-09-04 12:34:00+05:30,1407.300048828125,1407.300048828125,1406.4000244140625,1406.4000244140625,2497
2026-09-04 12:35:00+05:30,1408.4000244140625,1408.800048828125,1407.5999755859375,1407.5999755859375,2712
2026-09-04 12:36:00+05:30,1408.199951171875,1408.5,1408.0999755859375,1408.5,369
2026-09-04 12:37:00+05:30,1408.800048828125,1409.0,1408.199951171875,1408.300048828125,1559
2026-09-04 12:38:00+05:30,1408.5,1408.5999755859375,1408.4000244140625,1408.5999755859375,2256
2026-09-04 12:39:00+05:30,1408.699951171875,1408.699951171875,1408.5,1408.5,564
2026-09-04 12:40:00+05:30,1408.800048828125,1408.800048828125,1408.699951171875,1408.699951171875,1062
2026-09-04 12:41:00+05:30,1408.4000244140625,1408.9000244140625,1408.4000244140625,1408.9000244140625,1976
2026-09-04 12:42:00+05:30,1409.0999755859375,1409.199951171875,1408.300048828125,1408.800048828125,882
2026-09-04 12:43:00+05:30,1409.4000244140625,1409.5,1409.199951171875,1409.199951171875,943
2026-09-04 12:44:00+05:30,1409.5999755859375,1409.800048828125,1409.4000244140625,1409.5999755859375,1241
2026-09-04 12:45:00+05:30,1409.5999755859375,1409.9000244140625,1409.199951171875,1409.5999755859375,1058
2026-09-04 12:46:00+05:30,1409.0999755859375,1409.800048828125,1409.0999755859375,1409.5999755859375,1628
2026-09-04 12:47:00+05:30,1409.699951171875,1409.699951171875,1409.0999755859375,1409.0999755859375,417
2026-09-04 12:48:00+05:30,1410.5,1410.800048828125,1409.800048828125,1409.800048828125,1041
2026-09-04 12:49:00+05:30,1410.800048828125,1411.0,1410.5999755859375,1410.800048828125,1908
2026-09-04 12:50:00+05:30,1410.9000244140625,1411.0999755859375,1410.699951171875,1410.699951171875,1569
2026-09-04 12:51:00+05:30,1410.5999755859375,1411.0,1410.5999755859375,1410.9000244140625,690
2026-09-04 12:52:00+05:30,1411.0,1411.0999755859375,1410.699951171875,1410.9000244140625,779
2026-09-04 12:53:00+05:30,1411.300048828125,1411.300048828125,1411.0,1411.0999755859375,719
2026-09-04 12:54:00+05:30,1408.5999755859375,1411.5,1408.5999755859375,1411.5,8381
2026-09-04 12:55:00+05:30,1408.0,1409.0,1408.0,1408.699951171875,1318
2026-09-04 12:56:00+05:30,1408.300048828125,1408.300048828125,1408.0,1408.0,292
2026-09-04 12:57:00+05:30,1408.0,1408.199951171875,1407.9000244140625,1408.0,709
2026-09-04 12:58:00+05:30,1408.0,1408.300048828125,1407.9000244140625,1407.9000244140625,171
2026-09-04 12:59:00+05:30,1408.0,1408.5,1408.0,1408.300048828125,638
2026-09-04 13:00:00+05:30,1408.0,1408.4000244140625,1408.0,1408.4000244140625,157
2026-09-04 13:01:00+05:30,1408.199951171875,1408.5,1408.0,1408.300048828125,538
2026-09-04 13:02:00+05:30,1407.5,1408.4000244140625,1407.5,1408.199951171875,1673
2026-09-04 13:03:00+05:30,1407.800048828125,1407.800048828125,1407.5,1407.5,312
2026-09-04 13:04:00+05:30,1407.5,1408.0,1407.0999755859375,1407.9000244140625,1288
2026-09-04 13:05:00+05:30,1407.699951171875,1407.699951171875,1407.0999755859375,1407.199951171875,681
2026-09-04 13:06:00+05:30,1407.699951171875,1407.699951171875,1407.199951171875,1407.699951171875,648
2026-09-04 13:07:00+05:30,1407.5999755859375,1407.800048828125,1407.4000244140625,1407.4000244140625,425
2026-09-04 13:08:00+05:30,1407.0999755859375,1407.800048828125,1407.0999755859375,1407.800048828125,1225
2026-09-04 13:09:00+05:30,1407.5,1407.5999755859375,1407.0999755859375,1407.0999755859375,301
2026-09-04 13:10:00+05:30,1407.699951171875,1407.699951171875,1407.5,1407.5,880
2026-09-04 13:11:00+05:30,1407.699951171875,1407.699951171875,1407.5,1407.5,447
2026-09-04 13:12:00+05:30,1407.699951171875,1407.800048828125,1407.5,1407.5,501
2026-09-04 13:13:00+05:30,1407.699951171875,1407.699951171875,1407.5,1407.5,431
2026-09-04 13:14:00+05:30,1409.800048828125,1409.800048828125,1407.5,1407.5,1793
2026-09-04 13:15:00+05:30,1409.300048828125,1409.699951171875,1409.300048828125,1409.300048828125,925
2026-09-04 13:16:00+05:30,1409.300048828125,1409.699951171875,1409.300048828125,1409.300048828125,1131
2026-09-04 13:17:00+05:30,1409.800048828125,1409.800048828125,1409.300048828125,1409.5,717
2026-09-04 13:18:00+05:30,1409.0,1409.800048828125,1408.9000244140625,1409.300048828125,1601
2026-09-04 13:19:00+05:30,1409.5999755859375,1410.4000244140625,1409.4000244140625,1409.5,2828
2026-09-04 13:20:00+05:30,1410.699951171875,1410.699951171875,1409.5999755859375,1409.5999755859375,1050
2026-09-04 13:21:00+05:30,1409.800048828125,1410.5,1409.5999755859375,1410.199951171875,6622
2026-09-04 13:22:00+05:30,1413.0999755859375,1413.5999755859375,1410.4000244140625,1410.4000244140625,19870
2026-09-04 13:23:00+05:30,1412.9000244140625,1413.199951171875,1412.699951171875,1413.0,476
2026-09-04 13:24:00+05:30,1412.9000244140625,1413.300048828125,1412.9000244140625,1413.199951171875,636
2026-09-04 13:25:00+05:30,1410.5,1413.199951171875,1410.4000244140625,1413.199951171875,2625
2026-09-04 13:26:00+05:30,1410.5,1411.0,1410.5,1411.0,867
2026-09-04 13:27:00+05:30,1410.5999755859375,1410.5999755859375,1410.0999755859375,1410.5,553
2026-09-04 13:28:00+05:30,1410.5,1410.5999755859375,1410.5,1410.5999755859375,591
2026-09-04 13:29:00+05:30,1410.5999755859375,1410.800048828125,1410.5,1410.5,435
2026-09-04 13:30:00+05:30,1410.699951171875,1410.699951171875,1410.4000244140625,1410.5999755859375,1200
2026-09-04 13:31:00+05:30,1410.5,1410.800048828125,1410.4000244140625,1410.4000244140625,327
2026-09-04 13:32:00+05:30,1410.0999755859375,1410.5999755859375,1410.0,1410.5999755859375,1063
2026-09-04 13:33:00+05:30,1410.4000244140625,1410.699951171875,1410.199951171875,1410.199951171875,1115
2026-09-04 13:34:00+05:30,1409.800048828125,1410.5,1409.699951171875,1410.4000244140625,516
2026-09-04 13:35:00+05:30,1410.199951171875,1410.5,1409.800048828125,1409.800048828125,999
2026-09-04 13:36:00+05:30,1408.4000244140625,1410.300048828125,1408.0999755859375,1410.300048828125,1575
2026-09-04 13:37:00+05:30,1408.5999755859375,1408.5999755859375,1408.0,1408.0,628
2026-09-04 13:38:00+05:30,1408.5999755859375,1408.5999755859375,1408.4000244140625,1408.4000244140625,1086
2026-09-04 13:39:00+05:30,1408.800048828125,1408.800048828125,1408.4000244140625,1408.5,691
2026-09-04 13:40:00+05:30,1408.800048828125,1408.800048828125,1408.4000244140625,1408.4000244140625,474
2026-09-04 13:41:00+05:30,1408.4000244140625,1408.5999755859375,1408.199951171875,1408.5999755859375,1562
2026-09-04 13:42:00+05:30,1408.699951171875,1408.699951171875,1408.199951171875,1408.199951171875,737
2026-09-04 13:43:00+05:30,1408.5999755859375,1408.699951171875,1408.4000244140625,1408.4000244140625,1022
2026-09-04 13:44:00+05:30,1408.9000244140625,1409.0,1408.9000244140625,1408.9000244140625,1272
2026-09-04 13:45:00+05:30,1408.9000244140625,1408.9000244140625,1408.699951171875,1408.9000244140625,396
2026-09-04 13:46:00+05:30,1409.0,1409.0,1408.699951171875,1408.9000244140625,611
2026-09-04 13:47:00+05:30,1409.199951171875,1409.199951171875,1408.9000244140625,1409.0,582
2026-09-04 13:48:00+05:30,1407.699951171875,1408.9000244140625,1407.5,1408.9000244140625,1583
2026-09-04 13:49:00+05:30,1408.0,1408.0,1407.699951171875,1407.699951171875,594
2026-09-04 13:50:00+05:30,1407.5999755859375,1408.0,1406.5,1408.0,3721
2026-09-04 13:51:00+05:30,1407.5,1408.0,1407.5,1407.9000244140625,1356
2026-09-04 13:52:00+05:30,1407.0,1407.800048828125,1407.0,1407.0999755859375,457
2026-09-04 13:53:00+05:30,1407.300048828125,1407.300048828125,1406.800048828125,1407.300048828125,1795
2026-09-04 13:54:00+05:30,1407.300048828125,1407.300048828125,1407.0,1407.300048828125,494
2026-09-04 13:55:00+05:30,1407.300048828125,1407.4000244140625,1407.199951171875,1407.4000244140625,413
2026-09-04 13:56:00+05:30,1407.5,1407.5999755859375,1407.300048828125,1407.4000244140625,502
2026-09-04 13:57:00+05:30,1407.5,1407.5999755859375,1407.4000244140625,1407.4000244140625,897
2026-09-04 13:58:00+05:30,1406.800048828125,1407.5999755859375,1406.800048828125,1407.5999755859375,1143
2026-09-04 13:59:00+05:30,1407.0999755859375,1407.0999755859375,1406.5999755859375,1406.5999755859375,324
2026-09-04 14:00:00+05:30,1407.300048828125,1407.4000244140625,1407.0,1407.0999755859375,1843
2026-09-04 14:01:00+05:30,1407.0,1407.4000244140625,1406.699951171875,1406.699951171875,231
2026-09-04 14:02:00+05:30,1407.5,1407.5999755859375,1407.0,1407.0,1619
2026-09-04 14:03:00+05:30,1407.300048828125,1407.5,1407.300048828125,1407.5,891
2026-09-04 14:04:00+05:30,1407.0,1407.5,1407.0,1407.0999755859375,803
2026-09-04 14:05:00+05:30,1407.5999755859375,1407.5999755859375,1407.4000244140625,1407.5,430
2026-09-04 14:06:00+05:30,1407.0,1407.5999755859375,1407.0,1407.5999755859375,756
2026-09-04 14:07:00+05:30,1407.5,1407.5999755859375,1407.0,1407.0,183
2026-09-04 14:08:00+05:30,1407.300048828125,1407.300048828125,1406.800048828125,1407.199951171875,727
2026-09-04 14:09:00+05:30,1408.4000244140625,1408.4000244140625,1407.300048828125,1407.300048828125,2307
2026-09-04 14:10:00+05:30,1408.199951171875,1408.800048828125,1408.0,1408.4000244140625,734
2026-09-04 14:11:00+05:30,1408.300048828125,1408.4000244140625,1407.800048828125,1408.199951171875,564
2026-09-04 14:12:00+05:30,1408.199951171875,1408.4000244140625,1408.0,1408.0,781
2026-09-04 14:13:00+05:30,1408.300048828125,1408.300048828125,1408.0,1408.199951171875,499
2026-09-04 14:14:00+05:30,1408.4000244140625,1408.5999755859375,1408.199951171875,1408.199951171875,1352
2026-09-04 14:15:00+05:30,1408.300048828125,1408.5,1408.0,1408.5,590
2026-09-04 14:16:00+05:30,1408.5,1408.5,1408.0,1408.199951171875,516
2026-09-04 14:17:00+05:30,1408.4000244140625,1408.5,1407.9000244140625,1408.300048828125,1340
2026-09-04 14:18:00+05:30,1408.4000244140625,1408.5,1408.0999755859375,1408.0999755859375,727
2026-09-04 14:19:00+05:30,1408.5999755859375,1408.5999755859375,1407.699951171875,1407.699951171875,747
2026-09-04 14:20:00+05:30,1408.5,1408.5,1408.0,1408.0,739
2026-09-04 14:21:00+05:30,1406.4000244140625,1408.5999755859375,1406.4000244140625,1408.300048828125,2308
2026-09-04 14:22:00+05:30,1406.5,1406.5,1406.199951171875,1406.4000244140625,710
2026-09-04 14:23:00+05:30,1406.4000244140625,1406.4000244140625,1406.0,1406.0,1884
2026-09-04 14:24:00+05:30,1406.4000244140625,1406.4000244140625,1406.300048828125,1406.300048828125,2989
2026-09-04 14:25:00+05:30,1406.0,1406.300048828125,1405.800048828125,1406.300048828125,1478
2026-09-04 14:26:00+05:30,1406.9000244140625,1407.4000244140625,1406.0,1406.0999755859375,1280
2026-09-04 14:27:00+05:30,1406.800048828125,1407.0,1406.4000244140625,1406.4000244140625,510
2026-09-04 14:28:00+05:30,1406.699951171875,1406.800048828125,1406.4000244140625,1406.800048828125,749
2026-09-04 14:29:00+05:30,1406.800048828125,1406.800048828125,1406.300048828125,1406.4000244140625,375
2026-09-04 14:30:00+05:30,1407.800048828125,1408.300048828125,1406.9000244140625,1406.9000244140625,12506
2026-09-04 14:31:00+05:30,1407.699951171875,1408.800048828125,1407.699951171875,1407.800048828125,6158
2026-09-04 14:32:00+05:30,1408.0999755859375,1408.4000244140625,1407.699951171875,1407.699951171875,889
2026-09-04 14:33:00+05:30,1408.0999755859375,1408.199951171875,1408.0,1408.0,760
2026-09-04 14:34:00+05:30,1407.800048828125,1408.0999755859375,1407.800048828125,1408.0,718
2026-09-04 14:35:00+05:30,1407.5999755859375,1407.699951171875,1407.199951171875,1407.699951171875,3642
2026-09-04 14:36:00+05:30,1407.4000244140625,1408.300048828125,1407.4000244140625,1407.5999755859375,1872
2026-09-04 14:37:00+05:30,1406.9000244140625,1407.300048828125,1406.9000244140625,1407.0,660
2026-09-04 14:38:00+05:30,1406.800048828125,1407.0,1406.4000244140625,1406.4000244140625,401
2026-09-04 14:39:00+05:30,1406.800048828125,1406.9000244140625,1406.5999755859375,1406.5999755859375,862
2026-09-04 14:40:00+05:30,1406.800048828125,1407.0,1406.5999755859375,1406.699951171875,1085
2026-09-04 14:41:00+05:30,1406.4000244140625,1407.0,1406.4000244140625,1407.0,1558
2026-09-04 14:42:00+05:30,1406.0,1406.300048828125,1406.0,1406.300048828125,743
2026-09-04 14:43:00+05:30,1407.199951171875,1407.4000244140625,1406.0,1406.199951171875,3212
2026-09-04 14:44:00+05:30,1407.300048828125,1407.4000244140625,1407.0,1407.4000244140625,4660
2026-09-04 14:45:00+05:30,1407.5999755859375,1407.5999755859375,1407.0999755859375,1407.5,596
2026-09-04 14:46:00+05:30,1406.699951171875,1407.4000244140625,1406.5999755859375,1407.4000244140625,1365
2026-09-04 14:47:00+05:30,1406.5999755859375,1406.699951171875,1406.5999755859375,1406.699951171875,935
2026-09-04 14:48:00+05:30,1407.300048828125,1407.300048828125,1406.0999755859375,1406.0999755859375,3297
2026-09-04 14:49:00+05:30,1407.9000244140625,1407.9000244140625,1407.300048828125,1407.300048828125,2676
2026-09-04 14:50:00+05:30,1407.300048828125,1407.699951171875,1407.199951171875,1407.5999755859375,2034
2026-09-04 14:51:00+05:30,1407.5999755859375,1407.5999755859375,1407.300048828125,1407.300048828125,1806
2026-09-04 14:52:00+05:30,1407.5999755859375,1407.699951171875,1407.5,1407.5999755859375,1696
2026-09-04 14:53:00+05:30,1408.800048828125,1408.9000244140625,1408.300048828125,1408.4000244140625,9893
2026-09-04 14:54:00+05:30,1408.199951171875,1408.9000244140625,1408.199951171875,1408.9000244140625,3212
2026-09-04 14:55:00+05:30,1408.699951171875,1408.699951171875,1408.4000244140625,1408.4000244140625,1436
2026-09-04 14:56:00+05:30,1408.4000244140625,1408.699951171875,1408.4000244140625,1408.699951171875,2532
2026-09-04 14:57:00+05:30,1409.300048828125,1409.300048828125,1408.0999755859375,1408.0999755859375,7497
2026-09-04 14:58:00+05:30,1409.800048828125,1409.800048828125,1409.300048828125,1409.300048828125,1972
2026-09-04 14:59:00+05:30,1409.0999755859375,1409.699951171875,1408.5,1409.699951171875,6040
2026-09-04 15:00:00+05:30,1409.0999755859375,1409.5,1408.699951171875,1409.5,5305
2026-09-04 15:01:00+05:30,1408.0,1409.0999755859375,1407.699951171875,1409.0999755859375,5348
2026-09-04 15:02:00+05:30,1408.4000244140625,1408.5,1408.0,1408.0,3603
2026-09-04 15:03:00+05:30,1408.199951171875,1408.9000244140625,1408.199951171875,1408.5999755859375,5301
2026-09-04 15:04:00+05:30,1408.300048828125,1408.4000244140625,1408.0,1408.0,4182
2026-09-04 15:05:00+05:30,1408.4000244140625,1408.4000244140625,1408.300048828125,1408.300048828125,2235
2026-09-04 15:06:00+05:30,1408.0999755859375,1408.199951171875,1408.0,1408.199951171875,3434
2026-09-04 15:07:00+05:30,1408.0999755859375,1408.199951171875,1408.0,1408.0999755859375,6039
2026-09-04 15:08:00+05:30,1407.0999755859375,1408.0999755859375,1407.0999755859375,1408.0999755859375,2574
2026-09-04 15:09:00+05:30,1407.199951171875,1407.199951171875,1407.0,1407.0999755859375,2242
2026-09-04 15:10:00+05:30,1406.800048828125,1407.199951171875,1406.5999755859375,1407.199951171875,13074
2026-09-04 15:11:00+05:30,1405.9000244140625,1406.9000244140625,1405.800048828125,1406.9000244140625,3865
2026-09-04 15:12:00+05:30,1406.800048828125,1406.800048828125,1404.0,1405.800048828125,11158
2026-09-04 15:13:00+05:30,1406.4000244140625,1407.5999755859375,1406.199951171875,1406.9000244140625,5772
2026-09-04 15:14:00+05:30,1406.5,1406.5999755859375,1404.199951171875,1406.5999755859375,4464
2026-09-04 15:15:00+05:30,1410.5,1410.5,1404.0,1404.0,40953
2026-09-07 09:15:00+05:30,1399.9000244140625,1401.5999755859375,1399.9000244140625,1401.4000244140625,0
2026-09-07 09:16:00+05:30,1402.699951171875,1403.5999755859375,1400.5999755859375,1400.5999755859375,4666
2026-09-07 09:17:00+05:30,1403.0,1403.0999755859375,1402.5,1403.0999755859375,426
2026-09-07 09:18:00+05:30,1403.5,1403.5,1402.800048828125,1402.800048828125,1936
2026-09-07 09:19:00+05:30,1404.0,1404.0,1402.199951171875,1403.9000244140625,803
2026-09-07 09:20:00+05:30,1403.5999755859375,1403.5999755859375,1403.300048828125,1403.5,389
2026-09-07 09:21:00+05:30,1403.800048828125,1403.9000244140625,1403.300048828125,1403.5999755859375,253
2026-09-07 09:22:00+05:30,1404.0,1404.0,1403.0,1403.199951171875,833
2026-09-07 09:23:00+05:30,1404.300048828125,1404.300048828125,1403.0,1404.0,2428
2026-09-07 09:24:00+05:30,1403.5999755859375,1404.300048828125,1403.5999755859375,1404.300048828125,3314
2026-09-07 09:25:00+05:30,1403.0999755859375,1403.0999755859375,1402.699951171875,1402.699951171875,868
2026-09-07 09:26:00+05:30,1401.699951171875,1403.0999755859375,1401.699951171875,1403.0999755859375,1432
2026-09-07 09:27:00+05:30,1401.9000244140625,1402.0,1401.300048828125,1401.300048828125,608
2026-09-07 09:28:00+05:30,1401.5,1401.9000244140625,1401.0,1401.800048828125,585
2026-09-07 09:29:00+05:30,1401.9000244140625,1402.0,1401.0999755859375,1401.0999755859375,208
2026-09-07 09:30:00+05:30,1401.9000244140625,1402.0,1401.300048828125,1402.0,306
2026-09-07 09:31:00+05:30,1401.699951171875,1401.800048828125,1401.4000244140625,1401.800048828125,261
2026-09-07 09:32:00+05:30,1400.9000244140625,1401.5,1400.199951171875,1401.4000244140625,2512
2026-09-07 09:33:00+05:30,1401.5,1401.5999755859375,1401.0,1401.5999755859375,174
2026-09-07 09:34:00+05:30,1399.800048828125,1400.9000244140625,1399.199951171875,1400.9000244140625,4954
2026-09-07 09:35:00+05:30,1400.300048828125,1400.4000244140625,1399.5999755859375,1399.699951171875,1266
2026-09-07 09:36:00+05:30,1399.5999755859375,1400.300048828125,1399.5999755859375,1400.0,3653
2026-09-07 09:37:00+05:30,1399.5999755859375,1399.5999755859375,1399.0,1399.199951171875,1021
2026-09-07 09:38:00+05:30,1398.9000244140625,1398.9000244140625,1398.5,1398.9000244140625,1003
2026-09-07 09:39:00+05:30,1396.9000244140625,1399.199951171875,1396.699951171875,1398.800048828125,7679
2026-09-07 09:40:00+05:30,1397.5,1398.800048828125,1397.5,1398.800048828125,2483
2026-09-07 09:41:00+05:30,1398.0,1398.0,1397.5999755859375,1398.0,538
2026-09-07 09:42:00+05:30,1399.5,1399.5,1398.0,1398.0,1256
2026-09-07 09:43:00+05:30,1398.5999755859375,1398.5999755859375,1398.4000244140625,1398.4000244140625,403
2026-09-07 09:44:00+05:30,1398.5999755859375,1398.5999755859375,1398.4000244140625,1398.5999755859375,160
2026-09-07 09:45:00+05:30,1398.4000244140625,1398.5999755859375,1398.4000244140625,1398.4000244140625,672
2026-09-07 09:46:00+05:30,1398.699951171875,1398.699951171875,1398.5999755859375,1398.5999755859375,286
2026-09-07 09:47:00+05:30,1398.5999755859375,1398.699951171875,1398.5999755859375,1398.699951171875,225
2026-09-07 09:48:00+05:30,1398.4000244140625,1398.699951171875,1398.4000244140625,1398.699951171875,1054
2026-09-07 09:49:00+05:30,1398.0999755859375,1398.300048828125,1397.800048828125,1398.300048828125,54
2026-09-07 09:50:00+05:30,1397.699951171875,1398.0999755859375,1397.699951171875,1398.0,803
2026-09-07 09:51:00+05:30,1397.9000244140625,1397.9000244140625,1397.5,1397.5,982
2026-09-07 09:52:00+05:30,1397.9000244140625,1398.0,1397.800048828125,1397.800048828125,277
2026-09-07 09:53:00+05:30,1397.5,1398.0,1397.5,1398.0,470
2026-09-07 09:54:00+05:30,1396.5,1397.5999755859375,1396.5,1397.5,1722
2026-09-07 09:55:00+05:30,1395.0999755859375,1396.0999755859375,1395.0,1396.0,2027
2026-09-07 09:56:00+05:30,1394.5999755859375,1395.0999755859375,1394.5999755859375,1395.0,15634
2026-09-07 09:57:00+05:30,1394.9000244140625,1395.0,1394.0999755859375,1394.5999755859375,1908
2026-09-07 09:58:00+05:30,1394.5,1394.800048828125,1394.0999755859375,1394.800048828125,2824
2026-09-07 09:59:00+05:30,1395.0,1395.0999755859375,1394.5,1394.699951171875,459
2026-09-07 10:00:00+05:30,1397.0999755859375,1397.0999755859375,1395.0,1395.0,2826
2026-09-07 10:01:00+05:30,1396.5999755859375,1397.199951171875,1396.199951171875,1397.199951171875,10590
2026-09-07 10:02:00+05:30,1396.5,1397.300048828125,1396.5,1396.5999755859375,5056
2026-09-07 10:03:00+05:30,1397.199951171875,1397.199951171875,1396.5,1396.5,847
2026-09-07 10:04:00+05:30,1396.5,1396.5,1396.300048828125,1396.300048828125,941
2026-09-07 10:05:00+05:30,1396.300048828125,1396.5,1396.0,1396.5,134
2026-09-07 10:06:00+05:30,1396.300048828125,1396.800048828125,1396.0999755859375,1396.300048828125,383
2026-09-07 10:07:00+05:30,1396.5,1396.5999755859375,1396.0999755859375,1396.0999755859375,1044
2026-09-07 10:08:00+05:30,1396.4000244140625,1396.4000244140625,1396.0,1396.0999755859375,192
2026-09-07 10:09:00+05:30,1396.300048828125,1396.9000244140625,1396.300048828125,1396.5,512
2026-09-07 10:10:00+05:30,1396.5,1396.699951171875,1396.0,1396.300048828125,1414
2026-09-07 10:11:00+05:30,1396.5,1396.5,1396.199951171875,1396.5,112
2026-09-07 10:12:00+05:30,1396.0,1396.5999755859375,1395.5,1396.5999755859375,663
2026-09-07 10:13:00+05:30,1396.4000244140625,1396.4000244140625,1396.0,1396.0999755859375,866
2026-09-07 10:14:00+05:30,1396.4000244140625,1396.5,1396.0999755859375,1396.4000244140625,356
2026-09-07 10:15:00+05:30,1396.4000244140625,1396.4000244140625,1396.0999755859375,1396.4000244140625,399
2026-09-07 10:16:00+05:30,1395.300048828125,1396.199951171875,1395.199951171875,1396.0,4172
2026-09-07 10:17:00+05:30,1395.5999755859375,1395.699951171875,1395.199951171875,1395.699951171875,897
2026-09-07 10:18:00+05:30,1395.5999755859375,1395.5999755859375,1395.0,1395.5999755859375,961
2026-09-07 10:19:00+05:30,1396.5,1396.699951171875,1395.5999755859375,1395.5999755859375,2560
2026-09-07 10:20:00+05:30,1396.699951171875,1397.0999755859375,1396.4000244140625,1396.5,393
2026-09-07 10:21:00+05:30,1397.5,1397.699951171875,1396.5,1397.0999755859375,1886
2026-09-07 10:22:00+05:30,1397.699951171875,1397.699951171875,1397.300048828125,1397.300048828125,194
2026-09-07 10:23:00+05:30,1397.800048828125,1397.9000244140625,1397.5999755859375,1397.5999755859375,122
2026-09-07 10:24:00+05:30,1397.199951171875,1397.5999755859375,1396.5999755859375,1397.300048828125,193
2026-09-07 10:25:00+05:30,1397.0999755859375,1397.199951171875,1396.5999755859375,1397.199951171875,288
2026-09-07 10:26:00+05:30,1397.0999755859375,1397.0999755859375,1396.5999755859375,1397.0,393
2026-09-07 10:27:00+05:30,1397.300048828125,1397.300048828125,1397.0,1397.0,273
2026-09-07 10:28:00+05:30,1397.0999755859375,1397.199951171875,1397.0999755859375,1397.0999755859375,145
2026-09-07 10:29:00+05:30,1397.0999755859375,1397.300048828125,1397.0999755859375,1397.300048828125,256
2026-09-07 10:30:00+05:30,1397.4000244140625,1397.4000244140625,1397.300048828125,1397.300048828125,225
2026-09-07 10:31:00+05:30,1397.4000244140625,1397.4000244140625,1397.300048828125,1397.4000244140625,234
2026-09-07 10:32:00+05:30,1397.4000244140625,1397.5,1397.300048828125,1397.4000244140625,168
2026-09-07 10:33:00+05:30,1398.0,1398.0,1397.0999755859375,1397.4000244140625,2357
2026-09-07 10:34:00+05:30,1398.199951171875,1398.199951171875,1397.800048828125,1398.0,866
2026-09-07 10:35:00+05:30,1396.300048828125,1398.300048828125,1396.300048828125,1397.699951171875,1819
2026-09-07 10:36:00+05:30,1396.0999755859375,1396.9000244140625,1396.0999755859375,1396.5999755859375,237
2026-09-07 10:37:00+05:30,1396.0999755859375,1396.4000244140625,1396.0,1396.0,852
2026-09-07 10:38:00+05:30,1396.5999755859375,1396.5999755859375,1396.0,1396.199951171875,675
2026-09-07 10:39:00+05:30,1396.300048828125,1396.5,1396.0,1396.0999755859375,280
2026-09-07 10:40:00+05:30,1395.5999755859375,1396.300048828125,1395.5999755859375,1396.0,1117
2026-09-07 10:41:00+05:30,1396.300048828125,1396.300048828125,1395.5999755859375,1395.800048828125,1555
2026-09-07 10:42:00+05:30,1396.199951171875,1396.199951171875,1395.800048828125,1396.0999755859375,716
2026-09-07 10:43:00+05:30,1395.9000244140625,1396.199951171875,1395.800048828125,1396.0,1078
2026-09-07 10:44:00+05:30,1395.0999755859375,1395.800048828125,1395.0999755859375,1395.800048828125,800
2026-09-07 10:45:00+05:30,1395.0999755859375,1395.300048828125,1395.0,1395.0999755859375,698
2026-09-07 10:46:00+05:30,1395.0999755859375,1395.0999755859375,1395.0,1395.0999755859375,186
2026-09-07 10:47:00+05:30,1395.0999755859375,1395.0999755859375,1395.0,1395.0,297
2026-09-07 10:48:00+05:30,1395.0999755859375,1395.5999755859375,1395.0,1395.0999755859375,776
2026-09-07 10:49:00+05:30,1395.4000244140625,1395.5999755859375,1395.0999755859375,1395.5999755859375,381
2026-09-07 10:50:00+05:30,1394.800048828125,1395.199951171875,1394.699951171875,1395.199951171875,1089
2026-09-07 10:51:00+05:30,1394.199951171875,1394.800048828125,1394.199951171875,1394.800048828125,931
2026-09-07 10:52:00+05:30,1394.4000244140625,1394.5,1394.199951171875,1394.199951171875,528
2026-09-07 10:53:00+05:30,1394.5999755859375,1394.5999755859375,1394.4000244140625,1394.4000244140625,440
2026-09-07 10:54:00+05:30,1394.5999755859375,1394.699951171875,1394.5999755859375,1394.5999755859375,268
2026-09-07 10:55:00+05:30,1394.5,1394.5,1394.4000244140625,1394.4000244140625,614
2026-09-07 10:56:00+05:30,1394.5999755859375,1394.9000244140625,1394.5,1394.5,816
2026-09-07 10:57:00+05:30,1394.4000244140625,1394.9000244140625,1394.0999755859375,1394.5999755859375,2784
2026-09-07 10:58:00+05:30,1394.800048828125,1395.0999755859375,1394.300048828125,1394.800048828125,1801
2026-09-07 10:59:00+05:30,1394.800048828125,1394.800048828125,1394.5,1394.800048828125,219
2026-09-07 11:00:00+05:30,1394.199951171875,1395.0,1394.199951171875,1394.800048828125,677
2026-09-07 11:01:00+05:30,1394.0,1394.800048828125,1393.800048828125,1394.800048828125,6889
2026-09-07 11:02:00+05:30,1394.199951171875,1394.300048828125,1394.0,1394.0,912
2026-09-07 11:03:00+05:30,1394.199951171875,1394.300048828125,1393.800048828125,1394.300048828125,1591
2026-09-07 11:04:00+05:30,1393.5,1393.800048828125,1393.0999755859375,1393.800048828125,1735
2026-09-07 11:05:00+05:30,1393.5,1393.5999755859375,1393.5,1393.5,211
2026-09-07 11:06:00+05:30,1393.5,1393.800048828125,1393.5,1393.5,518
2026-09-07 11:07:00+05:30,1393.5,1393.800048828125,1393.5,1393.800048828125,434
2026-09-07 11:08:00+05:30,1393.4000244140625,1393.9000244140625,1393.4000244140625,1393.5999755859375,542
2026-09-07 11:09:00+05:30,1393.9000244140625,1393.9000244140625,1393.4000244140625,1393.4000244140625,482
2026-09-07 11:10:00+05:30,1393.9000244140625,1394.0,1393.5,1393.5,587
2026-09-07 11:11:00+05:30,1393.9000244140625,1394.0,1393.9000244140625,1393.9000244140625,235
2026-09-07 11:12:00+05:30,1394.800048828125,1395.0,1394.0999755859375,1394.0999755859375,1371
2026-09-07 11:13:00+05:30,1394.800048828125,1395.0,1394.800048828125,1395.0,154
2026-09-07 11:14:00+05:30,1395.300048828125,1395.4000244140625,1395.0,1395.0,265
2026-09-07 11:15:00+05:30,1394.4000244140625,1395.300048828125,1394.4000244140625,1395.0,718
2026-09-07 11:16:00+05:30,1395.5,1395.800048828125,1394.199951171875,1394.199951171875,1874
2026-09-07 11:17:00+05:30,1397.0999755859375,1397.0999755859375,1395.800048828125,1395.800048828125,1987
2026-09-07 11:18:00+05:30,1396.5999755859375,1396.9000244140625,1396.5999755859375,1396.800048828125,1841
2026-09-07 11:19:00+05:30,1396.5999755859375,1397.0999755859375,1396.5999755859375,1396.5999755859375,479
2026-09-07 11:20:00+05:30,1396.699951171875,1396.9000244140625,1396.5999755859375,1396.5999755859375,234
2026-09-07 11:21:00+05:30,1396.800048828125,1397.300048828125,1396.699951171875,1396.9000244140625,1015
2026-09-07 11:22:00+05:30,1396.300048828125,1397.0999755859375,1396.300048828125,1396.699951171875,2246
2026-09-07 11:23:00+05:30,1396.5999755859375,1396.5999755859375,1396.0,1396.0,864
2026-09-07 11:24:00+05:30,1396.0999755859375,1396.5999755859375,1396.0,1396.4000244140625,841
2026-09-07 11:25:00+05:30,1396.199951171875,1396.5,1396.0999755859375,1396.0999755859375,75
2026-09-07 11:26:00+05:30,1396.4000244140625,1396.5,1396.199951171875,1396.5,177
2026-09-07 11:27:00+05:30,1396.4000244140625,1396.5,1396.4000244140625,1396.4000244140625,52
2026-09-07 11:28:00+05:30,1396.4000244140625,1396.5,1396.4000244140625,1396.4000244140625,153
2026-09-07 11:29:00+05:30,1396.5,1396.5999755859375,1396.4000244140625,1396.5,348
2026-09-07 11:30:00+05:30,1395.0,1396.5,1395.0,1396.5,4273
2026-09-07 11:31:00+05:30,1395.0,1395.199951171875,1395.0,1395.0,595
2026-09-07 11:32:00+05:30,1394.9000244140625,1395.0,1394.9000244140625,1395.0,290
2026-09-07 11:33:00+05:30,1394.9000244140625,1395.0,1394.9000244140625,1394.9000244140625,219
2026-09-07 11:34:00+05:30,1394.9000244140625,1395.0,1394.9000244140625,1394.9000244140625,130
2026-09-07 11:35:00+05:30,1394.9000244140625,1395.0,1394.9000244140625,1394.9000244140625,109
2026-09-07 11:36:00+05:30,1394.9000244140625,1395.0,1394.9000244140625,1394.9000244140625,198
2026-09-07 11:37:00+05:30,1394.300048828125,1395.0,1394.199951171875,1394.9000244140625,1300
2026-09-07 11:38:00+05:30,1394.300048828125,1395.199951171875,1394.0,1394.5,1634
2026-09-07 11:39:00+05:30,1394.0,1394.300048828125,1394.0,1394.0,699
2026-09-07 11:40:00+05:30,1394.199951171875,1394.4000244140625,1394.0,1394.199951171875,768
2026-09-07 11:41:00+05:30,1394.4000244140625,1394.4000244140625,1394.199951171875,1394.300048828125,422
2026-09-07 11:42:00+05:30,1394.4000244140625,1394.699951171875,1394.300048828125,1394.4000244140625,468
2026-09-07 11:43:00+05:30,1394.300048828125,1394.4000244140625,1394.300048828125,1394.300048828125,202
2026-09-07 11:44:00+05:30,1394.9000244140625,1394.9000244140625,1394.300048828125,1394.300048828125,425
2026-09-07 11:45:00+05:30,1396.199951171875,1396.199951171875,1394.5999755859375,1394.5999755859375,3255
2026-09-07 11:46:00+05:30,1395.300048828125,1396.300048828125,1395.300048828125,1396.199951171875,2828
2026-09-07 11:47:00+05:30,1395.5,1395.800048828125,1394.800048828125,1394.800048828125,1839
2026-09-07 11:48:00+05:30,1395.0,1395.199951171875,1394.9000244140625,1395.0,544
2026-09-07 11:49:00+05:30,1394.800048828125,1395.199951171875,1394.800048828125,1395.0,245
2026-09-07 11:50:00+05:30,1394.5999755859375,1394.9000244140625,1394.5999755859375,1394.800048828125,204
2026-09-07 11:51:00+05:30,1394.5999755859375,1394.5999755859375,1394.5999755859375,1394.5999755859375,99
2026-09-07 11:52:00+05:30,1394.699951171875,1394.699951171875,1394.5999755859375,1394.5999755859375,119
2026-09-07 11:53:00+05:30,1395.0,1395.0,1394.5999755859375,1394.5999755859375,1232
2026-09-07 11:54:00+05:30,1394.5,1395.0999755859375,1394.5,1394.5999755859375,706
2026-09-07 11:55:00+05:30,1394.4000244140625,1395.0,1394.4000244140625,1394.5999755859375,282
2026-09-07 11:56:00+05:30,1394.300048828125,1394.5999755859375,1394.300048828125,1394.5,1608
2026-09-07 11:57:00+05:30,1394.300048828125,1394.300048828125,1394.0,1394.300048828125,443
2026-09-07 11:58:00+05:30,1394.300048828125,1394.300048828125,1394.300048828125,1394.300048828125,94
2026-09-07 11:59:00+05:30,1394.300048828125,1394.4000244140625,1394.300048828125,1394.300048828125,157
2026-09-07 12:00:00+05:30,1394.300048828125,1394.5,1394.300048828125,1394.4000244140625,123
2026-09-07 12:01:00+05:30,1394.199951171875,1394.300048828125,1394.199951171875,1394.300048828125,540
2026-09-07 12:02:00+05:30,1394.0,1394.0,1394.0,1394.0,311
2026-09-07 12:03:00+05:30,1393.9000244140625,1394.0999755859375,1393.9000244140625,1394.0,835
2026-09-07 12:04:00+05:30,1394.0,1394.0999755859375,1393.9000244140625,1394.0999755859375,405
2026-09-07 12:05:00+05:30,1394.300048828125,1394.300048828125,1394.0,1394.0,375
2026-09-07 12:06:00+05:30,1394.5,1395.0,1394.0999755859375,1394.0999755859375,1672
2026-09-07 12:07:00+05:30,1394.699951171875,1394.800048828125,1394.5,1394.5,284
2026-09-07 12:08:00+05:30,1394.699951171875,1395.0,1394.5999755859375,1394.5999755859375,390
2026-09-07 12:09:00+05:30,1395.0,1395.0,1394.699951171875,1394.699951171875,638
2026-09-07 12:10:00+05:30,1394.800048828125,1395.0999755859375,1394.800048828125,1395.0999755859375,2464
2026-09-07 12:11:00+05:30,1394.699951171875,1395.0,1394.699951171875,1394.699951171875,399
2026-09-07 12:12:00+05:30,1394.800048828125,1394.800048828125,1394.5,1394.5,827
2026-09-07 12:13:00+05:30,1394.5999755859375,1394.699951171875,1394.0999755859375,1394.0999755859375,1541
2026-09-07 12:14:00+05:30,1395.199951171875,1395.4000244140625,1394.5999755859375,1394.5999755859375,6009
2026-09-07 12:15:00+05:30,1394.300048828125,1395.199951171875,1394.300048828125,1395.199951171875,4425
2026-09-07 12:16:00+05:30,1394.4000244140625,1394.5,1394.0999755859375,1394.4000244140625,481
2026-09-07 12:17:00+05:30,1394.0999755859375,1394.4000244140625,1394.0999755859375,1394.4000244140625,115
2026-09-07 12:18:00+05:30,1395.199951171875,1396.0999755859375,1394.199951171875,1394.5999755859375,10706
2026-09-07 12:19:00+05:30,1395.699951171875,1395.699951171875,1394.9000244140625,1395.0999755859375,5376
2026-09-07 12:20:00+05:30,1395.9000244140625,1395.9000244140625,1395.4000244140625,1395.9000244140625,7363
2026-09-07 12:21:00+05:30,1394.800048828125,1395.9000244140625,1394.800048828125,1395.5999755859375,3178
2026-09-07 12:22:00+05:30,1394.5,1394.800048828125,1394.5,1394.5,772
2026-09-07 12:23:00+05:30,1394.199951171875,1394.9000244140625,1394.199951171875,1394.5,1870
2026-09-07 12:24:00+05:30,1394.199951171875,1394.5999755859375,1394.199951171875,1394.199951171875,551
2026-09-07 12:25:00+05:30,1394.199951171875,1394.5999755859375,1394.199951171875,1394.199951171875,337
2026-09-07 12:26:00+05:30,1394.0,1394.4000244140625,1393.9000244140625,1394.4000244140625,5820
2026-09-07 12:27:00+05:30,1394.199951171875,1394.4000244140625,1394.0999755859375,1394.0999755859375,37
2026-09-07 12:28:00+05:30,1394.5,1394.5,1394.4000244140625,1394.5,497
2026-09-07 12:29:00+05:30,1394.699951171875,1394.699951171875,1394.4000244140625,1394.4000244140625,190
2026-09-07 12:30:00+05:30,1394.0999755859375,1394.699951171875,1394.0999755859375,1394.699951171875,937
2026-09-07 12:31:00+05:30,1393.9000244140625,1394.4000244140625,1393.800048828125,1394.0999755859375,1436
2026-09-07 12:32:00+05:30,1394.0,1394.0999755859375,1393.699951171875,1393.9000244140625,286
2026-09-07 12:33:00+05:30,1394.0,1394.0999755859375,1394.0,1394.0999755859375,164
2026-09-07 12:34:00+05:30,1394.0,1394.0999755859375,1394.0,1394.0999755859375,298
2026-09-07 12:35:00+05:30,1394.0999755859375,1394.0999755859375,1394.0,1394.0,522
2026-09-07 12:36:00+05:30,1394.5999755859375,1394.5999755859375,1394.0,1394.199951171875,448
2026-09-07 12:37:00+05:30,1393.9000244140625,1394.0999755859375,1393.5,1394.0,2044
2026-09-07 12:38:00+05:30,1393.4000244140625,1394.0999755859375,1393.300048828125,1394.0999755859375,680
2026-09-07 12:39:00+05:30,1393.9000244140625,1394.0,1393.4000244140625,1393.4000244140625,6796
2026-09-07 12:40:00+05:30,1393.4000244140625,1393.699951171875,1393.4000244140625,1393.699951171875,1561
2026-09-07 12:41:00+05:30,1393.5999755859375,1393.5999755859375,1393.4000244140625,1393.4000244140625,943
2026-09-07 12:42:00+05:30,1394.5999755859375,1395.0,1394.5999755859375,1394.699951171875,16082
2026-09-07 12:43:00+05:30,1394.800048828125,1394.800048828125,1394.5999755859375,1394.5999755859375,2007
2026-09-07 12:44:00+05:30,1394.5999755859375,1394.800048828125,1394.5999755859375,1394.5999755859375,947
2026-09-07 12:45:00+05:30,1394.800048828125,1394.800048828125,1394.5,1394.5999755859375,2244
2026-09-07 12:46:00+05:30,1394.5999755859375,1394.9000244140625,1394.5,1394.5,903
2026-09-07 12:47:00+05:30,1394.9000244140625,1394.9000244140625,1394.5,1394.9000244140625,689
2026-09-07 12:48:00+05:30,1394.5999755859375,1394.9000244140625,1394.5999755859375,1394.5999755859375,552
2026-09-07 12:49:00+05:30,1394.0,1394.9000244140625,1394.0,1394.9000244140625,7239
2026-09-07 12:50:00+05:30,1394.0999755859375,1394.4000244140625,1393.699951171875,1394.0,3751
2026-09-07 12:51:00+05:30,1393.699951171875,1394.0999755859375,1393.5999755859375,1394.0999755859375,2504
2026-09-07 12:52:00+05:30,1393.4000244140625,1394.0999755859375,1392.9000244140625,1394.0999755859375,8558
2026-09-07 12:53:00+05:30,1396.0,1396.0,1393.5,1394.0,11767
2026-09-07 12:54:00+05:30,1396.4000244140625,1396.5,1396.0,1396.5,302
2026-09-07 12:55:00+05:30,1396.4000244140625,1397.0,1396.4000244140625,1396.4000244140625,2199
2026-09-07 12:56:00+05:30,1396.9000244140625,1396.9000244140625,1396.4000244140625,1396.4000244140625,437
2026-09-07 12:57:00+05:30,1397.5,1397.699951171875,1396.5999755859375,1396.9000244140625,1968
2026-09-07 12:58:00+05:30,1397.800048828125,1397.9000244140625,1397.300048828125,1397.5,1795
2026-09-07 12:59:00+05:30,1397.4000244140625,1397.4000244140625,1397.300048828125,1397.300048828125,446
2026-09-07 13:00:00+05:30,1397.699951171875,1397.699951171875,1397.300048828125,1397.4000244140625,829
2026-09-07 13:01:00+05:30,1398.0,1398.0,1397.699951171875,1397.699951171875,1249
2026-09-07 13:02:00+05:30,1397.300048828125,1398.0,1396.5999755859375,1397.9000244140625,25342
2026-09-07 13:03:00+05:30,1397.4000244140625,1397.9000244140625,1396.9000244140625,1397.9000244140625,41655
2026-09-07 13:04:00+05:30,1397.9000244140625,1398.0,1397.0,1397.4000244140625,2689
2026-09-07 13:05:00+05:30,1399.9000244140625,1399.9000244140625,1397.5999755859375,1397.5999755859375,4773
2026-09-07 13:06:00+05:30,1400.0,1400.0,1399.5999755859375,1400.0,2513
2026-09-07 13:07:00+05:30,1398.9000244140625,1399.9000244140625,1397.9000244140625,1399.5,41361
2026-09-07 13:08:00+05:30,1398.0999755859375,1399.5,1398.0999755859375,1399.5,840
2026-09-07 13:09:00+05:30,1399.0,1399.300048828125,1398.5,1399.300048828125,732
2026-09-07 13:10:00+05:30,1399.300048828125,1399.4000244140625,1398.699951171875,1399.300048828125,1079
2026-09-07 13:11:00+05:30,1399.0,1399.5999755859375,1399.0,1399.0,17016
2026-09-07 13:12:00+05:30,1399.0,1400.0,1398.699951171875,1398.9000244140625,42233
2026-09-07 13:13:00+05:30,1400.0,1400.199951171875,1398.9000244140625,1399.0,14732
2026-09-07 13:14:00+05:30,1400.0,1400.4000244140625,1399.4000244140625,1399.9000244140625,798
2026-09-07 13:15:00+05:30,1399.0,1399.5,1399.0,1399.5,923
2026-09-07 13:16:00+05:30,1399.0,1399.0,1399.0,1399.0,294
2026-09-07 13:17:00+05:30,1398.4000244140625,1399.300048828125,1398.0,1399.0,7361
2026-09-07 13:18:00+05:30,1398.5,1398.9000244140625,1398.0999755859375,1398.9000244140625,4348
2026-09-07 13:19:00+05:30,1398.800048828125,1398.800048828125,1398.300048828125,1398.300048828125,2425
2026-09-07 13:20:00+05:30,1398.5999755859375,1399.199951171875,1398.5999755859375,1398.9000244140625,5564
2026-09-07 13:21:00+05:30,1398.9000244140625,1399.4000244140625,1398.5,1399.0,1345
2026-09-07 13:22:00+05:30,1399.0999755859375,1399.0999755859375,1398.5,1398.9000244140625,15820
2026-09-07 13:23:00+05:30,1400.0,1400.0,1399.5,1399.5,1939
2026-09-07 13:24:00+05:30,1400.0,1400.4000244140625,1399.5,1400.0,1341
2026-09-07 13:25:00+05:30,1400.4000244140625,1400.4000244140625,1400.0,1400.0,348
2026-09-07 13:26:00+05:30,1400.5,1400.5,1400.0,1400.4000244140625,309
2026-09-07 13:27:00+05:30,1401.0,1401.5,1400.800048828125,1400.800048828125,1745
2026-09-07 13:28:00+05:30,1401.199951171875,1401.300048828125,1400.800048828125,1401.300048828125,332
2026-09-07 13:29:00+05:30,1401.199951171875,1401.9000244140625,1401.199951171875,1401.199951171875,2154
2026-09-07 13:30:00+05:30,1401.300048828125,1401.699951171875,1401.0999755859375,1401.699951171875,1248
2026-09-07 13:31:00+05:30,1401.4000244140625,1401.4000244140625,1401.0,1401.300048828125,521
2026-09-07 13:32:00+05:30,1401.4000244140625,1401.4000244140625,1401.0,1401.0,316
2026-09-07 13:33:00+05:30,1402.0999755859375,1402.0999755859375,1401.5,1401.5,3856
2026-09-07 13:34:00+05:30,1401.800048828125,1402.0999755859375,1401.5,1401.699951171875,1034
2026-09-07 13:35:00+05:30,1401.9000244140625,1401.9000244140625,1401.699951171875,1401.699951171875,594
2026-09-07 13:36:00+05:30,1402.699951171875,1402.9000244140625,1401.9000244140625,1401.9000244140625,1999
2026-09-07 13:37:00+05:30,1402.800048828125,1402.9000244140625,1402.5,1402.699951171875,298
2026-09-07 13:38:00+05:30,1403.0,1403.4000244140625,1403.0,1403.0,4669
2026-09-07 13:39:00+05:30,1403.5999755859375,1403.9000244140625,1403.0,1403.199951171875,2089
2026-09-07 13:40:00+05:30,1404.0,1404.0,1403.4000244140625,1403.5999755859375,649
2026-09-07 13:41:00+05:30,1404.5,1404.5,1403.0,1404.300048828125,5355
2026-09-07 13:42:00+05:30,1405.0,1405.0,1404.0,1404.5,4038
2026-09-07 13:43:00+05:30,1404.0,1405.300048828125,1404.0,1404.5,4755
2026-09-07 13:44:00+05:30,1403.5999755859375,1403.800048828125,1403.199951171875,1403.800048828125,541
2026-09-07 13:45:00+05:30,1403.5999755859375,1403.800048828125,1403.199951171875,1403.5999755859375,537
2026-09-07 13:46:00+05:30,1404.4000244140625,1404.4000244140625,1403.5999755859375,1403.5999755859375,822
2026-09-07 13:47:00+05:30,1403.5999755859375,1404.4000244140625,1403.199951171875,1404.4000244140625,2184
2026-09-07 13:48:00+05:30,1403.5999755859375,1403.699951171875,1403.0999755859375,1403.5999755859375,435
2026-09-07 13:49:00+05:30,1403.4000244140625,1403.9000244140625,1403.300048828125,1403.5,365
2026-09-07 13:50:00+05:30,1403.5,1403.9000244140625,1403.5,1403.9000244140625,235
2026-09-07 13:51:00+05:30,1404.0,1404.0,1403.5,1403.5,393
2026-09-07 13:52:00+05:30,1404.4000244140625,1404.4000244140625,1403.5,1403.5,447
2026-09-07 13:53:00+05:30,1404.9000244140625,1405.0,1404.4000244140625,1404.5,911
2026-09-07 13:54:00+05:30,1405.0,1405.4000244140625,1404.5,1404.5,1112
2026-09-07 13:55:00+05:30,1404.5999755859375,1404.699951171875,1404.0,1404.0,1722
2026-09-07 13:56:00+05:30,1404.5999755859375,1405.0,1404.5999755859375,1404.5999755859375,526
2026-09-07 13:57:00+05:30,1404.699951171875,1405.0,1404.5,1404.9000244140625,1653
2026-09-07 13:58:00+05:30,1404.5,1404.9000244140625,1404.5,1404.5,333
2026-09-07 13:59:00+05:30,1404.800048828125,1404.800048828125,1404.5,1404.5,438
2026-09-07 14:00:00+05:30,1404.699951171875,1404.800048828125,1404.5999755859375,1404.699951171875,203
2026-09-07 14:01:00+05:30,1404.800048828125,1404.9000244140625,1404.699951171875,1404.699951171875,1639
2026-09-07 14:02:00+05:30,1403.699951171875,1404.9000244140625,1403.0999755859375,1404.9000244140625,1646
2026-09-07 14:03:00+05:30,1403.5999755859375,1403.699951171875,1403.5,1403.699951171875,558
2026-09-07 14:04:00+05:30,1404.9000244140625,1404.9000244140625,1403.699951171875,1403.699951171875,1212
2026-09-07 14:05:00+05:30,1404.300048828125,1404.9000244140625,1404.300048828125,1404.9000244140625,1229
2026-09-07 14:06:00+05:30,1404.5999755859375,1404.699951171875,1404.199951171875,1404.5,462
2026-09-07 14:07:00+05:30,1404.300048828125,1404.300048828125,1404.0,1404.199951171875,1471
2026-09-07 14:08:00+05:30,1404.800048828125,1405.0,1404.5,1404.699951171875,1175
2026-09-07 14:09:00+05:30,1404.5,1405.0,1404.199951171875,1404.800048828125,1325
2026-09-07 14:10:00+05:30,1404.9000244140625,1405.0,1404.5,1404.5,1041
2026-09-07 14:11:00+05:30,1405.0,1405.199951171875,1404.5999755859375,1404.9000244140625,616
2026-09-07 14:12:00+05:30,1405.199951171875,1405.199951171875,1404.699951171875,1405.0,650
2026-09-07 14:13:00+05:30,1405.0999755859375,1405.199951171875,1405.0,1405.0,388
2026-09-07 14:14:00+05:30,1405.0,1405.199951171875,1404.9000244140625,1405.0999755859375,913
2026-09-07 14:15:00+05:30,1402.4000244140625,1405.0,1402.4000244140625,1405.0,6445
2026-09-07 14:16:00+05:30,1401.0999755859375,1402.5,1400.5,1402.4000244140625,25175
2026-09-07 14:17:00+05:30,1400.4000244140625,1401.0999755859375,1399.800048828125,1401.0999755859375,22404
2026-09-07 14:18:00+05:30,1400.300048828125,1400.800048828125,1400.0999755859375,1400.4000244140625,9271
2026-09-07 14:19:00+05:30,1400.5,1400.5,1400.0,1400.0999755859375,3277
2026-09-07 14:20:00+05:30,1400.699951171875,1400.800048828125,1400.199951171875,1400.5,600
2026-09-07 14:21:00+05:30,1400.699951171875,1401.0,1400.699951171875,1400.800048828125,188
2026-09-07 14:22:00+05:30,1400.699951171875,1400.9000244140625,1400.199951171875,1400.199951171875,212
2026-09-07 14:23:00+05:30,1400.9000244140625,1400.9000244140625,1400.4000244140625,1400.699951171875,354
2026-09-07 14:24:00+05:30,1400.9000244140625,1400.9000244140625,1400.4000244140625,1400.4000244140625,271
2026-09-07 14:25:00+05:30,1401.4000244140625,1401.4000244140625,1400.9000244140625,1400.9000244140625,1254
2026-09-07 14:26:00+05:30,1401.5999755859375,1401.5999755859375,1401.4000244140625,1401.4000244140625,263
2026-09-07 14:27:00+05:30,1401.4000244140625,1401.5999755859375,1401.4000244140625,1401.5,798
2026-09-07 14:28:00+05:30,1401.300048828125,1401.4000244140625,1401.0,1401.0,327
2026-09-07 14:29:00+05:30,1401.699951171875,1401.699951171875,1401.0,1401.300048828125,2850
2026-09-07 14:30:00+05:30,1400.699951171875,1401.699951171875,1400.4000244140625,1401.699951171875,1528
2026-09-07 14:31:00+05:30,1400.5,1400.699951171875,1400.199951171875,1400.199951171875,254
2026-09-07 14:32:00+05:30,1401.0,1401.0,1400.5,1400.5,341
2026-09-07 14:33:00+05:30,1401.300048828125,1401.300048828125,1400.9000244140625,1401.0,250
2026-09-07 14:34:00+05:30,1401.199951171875,1401.300048828125,1400.9000244140625,1401.199951171875,314
2026-09-07 14:35:00+05:30,1401.0,1401.5,1401.0,1401.199951171875,433
2026-09-07 14:36:00+05:30,1400.4000244140625,1401.199951171875,1400.4000244140625,1401.0999755859375,822
2026-09-07 14:37:00+05:30,1400.4000244140625,1400.4000244140625,1400.199951171875,1400.4000244140625,233
2026-09-07 14:38:00+05:30,1400.300048828125,1400.4000244140625,1400.199951171875,1400.4000244140625,423
2026-09-07 14:39:00+05:30,1400.4000244140625,1400.4000244140625,1400.199951171875,1400.300048828125,423
2026-09-07 14:40:00+05:30,1400.199951171875,1400.4000244140625,1400.0999755859375,1400.199951171875,434
2026-09-07 14:41:00+05:30,1400.199951171875,1400.199951171875,1400.199951171875,1400.199951171875,625
2026-09-07 14:42:00+05:30,1399.9000244140625,1400.199951171875,1399.9000244140625,1400.199951171875,922
2026-09-07 14:43:00+05:30,1400.0,1400.0999755859375,1399.800048828125,1400.0999755859375,414
2026-09-07 14:44:00+05:30,1401.0,1401.0,1400.0999755859375,1400.0999755859375,1872
2026-09-07 14:45:00+05:30,1400.699951171875,1401.0999755859375,1400.699951171875,1401.0999755859375,1213
2026-09-07 14:46:00+05:30,1400.4000244140625,1400.800048828125,1399.699951171875,1400.800048828125,6050
2026-09-07 14:47:00+05:30,1400.4000244140625,1400.699951171875,1400.0,1400.0,1162
2026-09-07 14:48:00+05:30,1400.5,1400.800048828125,1400.4000244140625,1400.5,1165
2026-09-07 14:49:00+05:30,1400.0999755859375,1400.5999755859375,1400.0999755859375,1400.4000244140625,1604
2026-09-07 14:50:00+05:30,1400.0999755859375,1400.0999755859375,1399.800048828125,1400.0,1629
2026-09-07 14:51:00+05:30,1400.0,1400.300048828125,1399.9000244140625,1400.300048828125,2223
2026-09-07 14:52:00+05:30,1400.0999755859375,1400.300048828125,1399.9000244140625,1399.9000244140625,1811
2026-09-07 14:53:00+05:30,1400.300048828125,1400.300048828125,1400.0,1400.199951171875,1021
2026-09-07 14:54:00+05:30,1400.0999755859375,1400.4000244140625,1400.0999755859375,1400.0999755859375,1115
2026-09-07 14:55:00+05:30,1400.0,1400.300048828125,1399.9000244140625,1400.199951171875,2564
2026-09-07 14:56:00+05:30,1399.800048828125,1399.9000244140625,1399.699951171875,1399.699951171875,5473
2026-09-07 14:57:00+05:30,1400.0,1400.4000244140625,1399.5999755859375,1399.5999755859375,5254
2026-09-07 14:58:00+05:30,1398.9000244140625,1399.9000244140625,1398.9000244140625,1399.800048828125,14871
2026-09-07 14:59:00+05:30,1400.800048828125,1401.0,1398.699951171875,1398.9000244140625,13503
2026-09-07 15:00:00+05:30,1400.699951171875,1400.9000244140625,1399.800048828125,1400.199951171875,12377
2026-09-07 15:01:00+05:30,1399.699951171875,1400.4000244140625,1399.5999755859375,1400.4000244140625,3988
2026-09-07 15:02:00+05:30,1399.300048828125,1399.5,1399.0999755859375,1399.4000244140625,2102
2026-09-07 15:03:00+05:30,1399.4000244140625,1399.5999755859375,1399.4000244140625,1399.5999755859375,4478
2026-09-07 15:04:00+05:30,1398.199951171875,1399.300048828125,1398.199951171875,1399.300048828125,3130
2026-09-07 15:05:00+05:30,1398.800048828125,1398.800048828125,1398.199951171875,1398.199951171875,7693
2026-09-07 15:06:00+05:30,1398.9000244140625,1399.0,1398.699951171875,1398.800048828125,848
2026-09-07 15:07:00+05:30,1398.800048828125,1399.699951171875,1398.800048828125,1399.0,2799
2026-09-07 15:08:00+05:30,1399.5999755859375,1399.5999755859375,1398.699951171875,1398.699951171875,2272
2026-09-07 15:09:00+05:30,1399.4000244140625,1399.699951171875,1399.300048828125,1399.699951171875,3009
2026-09-07 15:10:00+05:30,1399.4000244140625,1399.5999755859375,1399.300048828125,1399.300048828125,4765
2026-09-07 15:11:00+05:30,1401.199951171875,1401.199951171875,1399.4000244140625,1399.4000244140625,8856
2026-09-07 15:12:00+05:30,1400.199951171875,1401.0,1399.199951171875,1401.0,13256
2026-09-07 15:13:00+05:30,1399.699951171875,1400.0,1398.800048828125,1399.699951171875,5788
2026-09-07 15:14:00+05:30,1398.0,1400.199951171875,1396.800048828125,1399.199951171875,30988
2026-09-08 09:15:00+05:30,1397.5,1398.0,1396.0,1396.0,0
2026-09-08 09:16:00+05:30,1403.0,1403.0,1399.5999755859375,1399.5999755859375,5987
2026-09-08 09:17:00+05:30,1405.699951171875,1407.0,1402.199951171875,1402.800048828125,6605
2026-09-08 09:18:00+05:30,1404.0999755859375,1405.699951171875,1402.5,1405.699951171875,10551
2026-09-08 09:19:00+05:30,1403.300048828125,1404.0999755859375,1402.9000244140625,1404.0999755859375,1132
2026-09-08 09:20:00+05:30,1402.0,1403.300048828125,1401.5999755859375,1403.300048828125,1976
2026-09-08 09:21:00+05:30,1400.5999755859375,1402.0,1400.300048828125,1401.699951171875,8095
2026-09-08 09:22:00+05:30,1401.300048828125,1401.9000244140625,1400.0,1400.5999755859375,1906
2026-09-08 09:23:00+05:30,1399.199951171875,1401.0999755859375,1399.199951171875,1401.0999755859375,2182
2026-09-08 09:24:00+05:30,1399.800048828125,1401.300048828125,1399.5,1399.5,1409
2026-09-08 09:25:00+05:30,1400.5,1400.5,1398.9000244140625,1399.300048828125,4032
2026-09-08 09:26:00+05:30,1399.0,1400.0999755859375,1398.9000244140625,1400.0999755859375,3404
2026-09-08 09:27:00+05:30,1398.9000244140625,1399.699951171875,1398.9000244140625,1399.5999755859375,1316
2026-09-08 09:28:00+05:30,1399.5999755859375,1399.800048828125,1399.0,1399.199951171875,1389
2026-09-08 09:29:00+05:30,1398.9000244140625,1399.800048828125,1398.0999755859375,1399.800048828125,2258
2026-09-08 09:30:00+05:30,1401.300048828125,1401.5999755859375,1398.5999755859375,1398.5999755859375,5771
2026-09-08 09:31:00+05:30,1401.5999755859375,1402.4000244140625,1401.199951171875,1401.300048828125,8722
2026-09-08 09:32:00+05:30,1400.9000244140625,1401.199951171875,1400.4000244140625,1401.199951171875,888
2026-09-08 09:33:00+05:30,1401.199951171875,1402.300048828125,1401.199951171875,1402.300048828125,2028
2026-09-08 09:34:00+05:30,1400.5,1401.800048828125,1400.5,1401.0,1861
2026-09-08 09:35:00+05:30,1400.699951171875,1401.0999755859375,1400.5999755859375,1400.699951171875,1773
2026-09-08 09:36:00+05:30,1401.800048828125,1401.800048828125,1400.9000244140625,1400.9000244140625,720
2026-09-08 09:37:00+05:30,1401.5,1401.5,1401.0,1401.300048828125,2226
2026-09-08 09:38:00+05:30,1401.5,1401.800048828125,1401.5,1401.5,473
2026-09-08 09:39:00+05:30,1402.800048828125,1402.9000244140625,1402.0,1402.0999755859375,1371
2026-09-08 09:40:00+05:30,1401.5,1402.800048828125,1401.5,1402.800048828125,1431
2026-09-08 09:41:00+05:30,1402.9000244140625,1402.9000244140625,1401.5999755859375,1401.5999755859375,1597
2026-09-08 09:42:00+05:30,1403.5999755859375,1403.9000244140625,1402.699951171875,1402.800048828125,1943
2026-09-08 09:43:00+05:30,1402.699951171875,1403.4000244140625,1402.300048828125,1403.4000244140625,12201
2026-09-08 09:44:00+05:30,1401.699951171875,1402.0999755859375,1401.699951171875,1402.0,3932
2026-09-08 09:45:00+05:30,1400.199951171875,1401.0999755859375,1400.199951171875,1401.0,1846
2026-09-08 09:46:00+05:30,1402.199951171875,1402.199951171875,1400.199951171875,1400.199951171875,2924
2026-09-08 09:47:00+05:30,1401.699951171875,1402.0,1401.699951171875,1402.0,681
2026-09-08 09:48:00+05:30,1401.5999755859375,1401.699951171875,1401.0,1401.699951171875,19456
2026-09-08 09:49:00+05:30,1401.300048828125,1402.0,1401.300048828125,1401.5,1578
2026-09-08 09:50:00+05:30,1401.300048828125,1401.300048828125,1401.199951171875,1401.300048828125,178
2026-09-08 09:51:00+05:30,1400.800048828125,1401.199951171875,1400.4000244140625,1401.199951171875,1629
2026-09-08 09:52:00+05:30,1400.5,1400.5999755859375,1400.5,1400.5999755859375,1102
2026-09-08 09:53:00+05:30,1400.4000244140625,1400.4000244140625,1400.0999755859375,1400.300048828125,2034
2026-09-08 09:54:00+05:30,1400.800048828125,1401.0,1400.5,1400.5,389
2026-09-08 09:55:00+05:30,1400.0999755859375,1400.699951171875,1400.0999755859375,1400.699951171875,855
2026-09-08 09:56:00+05:30,1399.699951171875,1399.800048828125,1399.4000244140625,1399.5999755859375,1747
2026-09-08 09:57:00+05:30,1399.300048828125,1399.699951171875,1399.0999755859375,1399.5,1182
2026-09-08 09:58:00+05:30,1400.0,1400.199951171875,1399.300048828125,1399.300048828125,2038
2026-09-08 09:59:00+05:30,1400.199951171875,1400.199951171875,1400.0,1400.0,451
2026-09-08 10:00:00+05:30,1400.9000244140625,1400.9000244140625,1400.199951171875,1400.199951171875,350
2026-09-08 10:01:00+05:30,1402.0,1402.0,1400.9000244140625,1400.9000244140625,1339
2026-09-08 10:02:00+05:30,1403.699951171875,1403.699951171875,1402.300048828125,1402.300048828125,1938
2026-09-08 10:03:00+05:30,1403.0,1404.0,1403.0,1403.5,1732
2026-09-08 10:04:00+05:30,1404.0999755859375,1404.0999755859375,1403.0,1403.0,3259
2026-09-08 10:05:00+05:30,1404.0,1404.300048828125,1403.800048828125,1403.9000244140625,1156
2026-09-08 10:06:00+05:30,1404.199951171875,1404.300048828125,1403.5,1403.5999755859375,1828
2026-09-08 10:07:00+05:30,1404.0999755859375,1404.199951171875,1404.0,1404.199951171875,618
2026-09-08 10:08:00+05:30,1404.300048828125,1404.5,1404.300048828125,1404.5,247
2026-09-08 10:09:00+05:30,1404.0,1405.5,1404.0,1404.4000244140625,1637
2026-09-08 10:10:00+05:30,1404.0,1404.199951171875,1403.5,1404.199951171875,1094
2026-09-08 10:11:00+05:30,1405.0,1405.4000244140625,1404.0,1404.0,8291
2026-09-08 10:12:00+05:30,1405.5999755859375,1405.5999755859375,1405.199951171875,1405.199951171875,661
2026-09-08 10:13:00+05:30,1407.5999755859375,1408.699951171875,1405.699951171875,1405.699951171875,5367
2026-09-08 10:14:00+05:30,1408.5,1408.5999755859375,1407.9000244140625,1407.9000244140625,3136
2026-09-08 10:15:00+05:30,1408.0999755859375,1409.300048828125,1408.0999755859375,1408.5,1923
2026-09-08 10:16:00+05:30,1409.0,1409.0,1408.0,1408.5,269
2026-09-08 10:17:00+05:30,1408.699951171875,1409.0,1408.5999755859375,1409.0,844
2026-09-08 10:18:00+05:30,1409.0999755859375,1409.0999755859375,1408.0,1408.300048828125,2037
2026-09-08 10:19:00+05:30,1409.300048828125,1409.300048828125,1409.0,1409.0999755859375,1156
2026-09-08 10:20:00+05:30,1410.5,1410.5,1409.199951171875,1409.5,6943
2026-09-08 10:21:00+05:30,1410.4000244140625,1410.5999755859375,1410.300048828125,1410.5999755859375,797
2026-09-08 10:22:00+05:30,1410.800048828125,1410.800048828125,1410.300048828125,1410.4000244140625,927
2026-09-08 10:23:00+05:30,1410.5999755859375,1410.800048828125,1410.5999755859375,1410.800048828125,713
2026-09-08 10:24:00+05:30,1410.5999755859375,1410.9000244140625,1410.5,1410.5,1214
2026-09-08 10:25:00+05:30,1409.0999755859375,1409.699951171875,1409.0,1409.4000244140625,1887
2026-09-08 10:26:00+05:30,1409.5,1409.5999755859375,1408.9000244140625,1409.0999755859375,500
2026-09-08 10:27:00+05:30,1408.800048828125,1409.4000244140625,1407.699951171875,1409.4000244140625,664
2026-09-08 10:28:00+05:30,1408.699951171875,1409.5999755859375,1408.5,1408.800048828125,1791
2026-09-08 10:29:00+05:30,1408.5999755859375,1408.800048828125,1408.0999755859375,1408.800048828125,893
2026-09-08 10:30:00+05:30,1408.9000244140625,1409.0,1408.5999755859375,1408.5999755859375,1091
2026-09-08 10:31:00+05:30,1406.699951171875,1408.9000244140625,1406.5,1408.9000244140625,1159
2026-09-08 10:32:00+05:30,1406.4000244140625,1406.5999755859375,1406.4000244140625,1406.5,514
2026-09-08 10:33:00+05:30,1407.0,1407.0,1406.300048828125,1406.4000244140625,982
2026-09-08 10:34:00+05:30,1407.199951171875,1408.0,1406.9000244140625,1407.0,1767
2026-09-08 10:35:00+05:30,1407.9000244140625,1408.5,1407.4000244140625,1407.9000244140625,377
2026-09-08 10:36:00+05:30,1407.5999755859375,1408.300048828125,1407.5999755859375,1407.699951171875,452
2026-09-08 10:37:00+05:30,1407.300048828125,1407.699951171875,1407.0,1407.699951171875,271
2026-09-08 10:38:00+05:30,1407.0,1407.0,1406.5,1407.0,678
2026-09-08 10:39:00+05:30,1406.9000244140625,1407.0,1406.4000244140625,1406.800048828125,286
2026-09-08 10:40:00+05:30,1407.0999755859375,1407.699951171875,1406.4000244140625,1406.699951171875,611
2026-09-08 10:41:00+05:30,1406.800048828125,1407.0999755859375,1406.699951171875,1406.699951171875,182
2026-09-08 10:42:00+05:30,1406.4000244140625,1406.9000244140625,1406.4000244140625,1406.9000244140625,1624
2026-09-08 10:43:00+05:30,1406.5999755859375,1406.699951171875,1404.699951171875,1406.5,2319
2026-09-08 10:44:00+05:30,1406.300048828125,1407.0,1405.800048828125,1406.5999755859375,1353
2026-09-08 10:45:00+05:30,1408.0,1408.0,1406.699951171875,1407.0,1529
2026-09-08 10:46:00+05:30,1407.800048828125,1408.0,1407.5999755859375,1407.800048828125,415
2026-09-08 10:47:00+05:30,1407.5999755859375,1407.800048828125,1407.4000244140625,1407.800048828125,489
2026-09-08 10:48:00+05:30,1409.5999755859375,1409.5999755859375,1407.699951171875,1407.699951171875,4695
2026-09-08 10:49:00+05:30,1409.4000244140625,1409.800048828125,1408.800048828125,1408.800048828125,526
2026-09-08 10:50:00+05:30,1409.0,1409.800048828125,1409.0,1409.800048828125,564
2026-09-08 10:51:00+05:30,1409.4000244140625,1409.4000244140625,1409.199951171875,1409.199951171875,195
2026-09-08 10:52:00+05:30,1409.300048828125,1409.4000244140625,1409.300048828125,1409.4000244140625,444
2026-09-08 10:53:00+05:30,1409.4000244140625,1409.4000244140625,1409.300048828125,1409.4000244140625,413
2026-09-08 10:54:00+05:30,1409.800048828125,1409.800048828125,1409.300048828125,1409.4000244140625,859
2026-09-08 10:55:00+05:30,1409.4000244140625,1409.800048828125,1409.4000244140625,1409.800048828125,1820
2026-09-08 10:56:00+05:30,1409.4000244140625,1409.5999755859375,1408.800048828125,1409.5999755859375,627
2026-09-08 10:57:00+05:30,1409.0999755859375,1409.5,1408.199951171875,1409.5,596
2026-09-08 10:58:00+05:30,1409.0999755859375,1409.0999755859375,1408.800048828125,1408.800048828125,375
2026-09-08 10:59:00+05:30,1409.0,1409.5,1409.0,1409.0999755859375,782
2026-09-08 11:00:00+05:30,1409.0,1409.199951171875,1408.5999755859375,1409.199951171875,394
2026-09-08 11:01:00+05:30,1408.800048828125,1409.0,1408.5999755859375,1409.0,509
2026-09-08 11:02:00+05:30,1408.800048828125,1409.0,1408.699951171875,1408.800048828125,714
2026-09-08 11:03:00+05:30,1409.0,1409.0,1408.4000244140625,1409.0,508
2026-09-08 11:04:00+05:30,1409.4000244140625,1409.4000244140625,1409.0,1409.300048828125,988
2026-09-08 11:05:00+05:30,1409.5999755859375,1409.800048828125,1409.0999755859375,1409.5,1025
2026-09-08 11:06:00+05:30,1409.5999755859375,1409.5999755859375,1408.699951171875,1409.5,1907
2026-09-08 11:07:00+05:30,1409.800048828125,1409.800048828125,1409.0,1409.300048828125,1825
2026-09-08 11:08:00+05:30,1411.199951171875,1411.199951171875,1409.800048828125,1409.800048828125,4082
2026-09-08 11:09:00+05:30,1412.5999755859375,1412.800048828125,1411.800048828125,1411.800048828125,1692
2026-09-08 11:10:00+05:30,1411.199951171875,1413.0,1410.4000244140625,1412.5999755859375,7128
2026-09-08 11:11:00+05:30,1411.800048828125,1411.9000244140625,1411.199951171875,1411.199951171875,714
2026-09-08 11:12:00+05:30,1413.300048828125,1413.300048828125,1411.9000244140625,1411.9000244140625,1207
2026-09-08 11:13:00+05:30,1410.0999755859375,1413.300048828125,1409.699951171875,1413.300048828125,1761
2026-09-08 11:14:00+05:30,1410.0,1410.199951171875,1409.699951171875,1410.199951171875,439
2026-09-08 11:15:00+05:30,1409.5999755859375,1409.699951171875,1409.199951171875,1409.699951171875,419
2026-09-08 11:16:00+05:30,1410.0,1410.0,1409.5,1410.0,1648
2026-09-08 11:17:00+05:30,1409.9000244140625,1410.0,1409.9000244140625,1409.9000244140625,707
2026-09-08 11:18:00+05:30,1409.5,1410.199951171875,1408.5999755859375,1409.9000244140625,6695
2026-09-08 11:19:00+05:30,1409.699951171875,1409.800048828125,1409.199951171875,1409.199951171875,1681
2026-09-08 11:20:00+05:30,1409.699951171875,1409.699951171875,1409.5,1409.699951171875,319
2026-09-08 11:21:00+05:30,1409.699951171875,1409.699951171875,1409.5999755859375,1409.699951171875,279
2026-09-08 11:22:00+05:30,1409.5,1410.5,1409.0,1409.699951171875,1280
2026-09-08 11:23:00+05:30,1408.9000244140625,1409.5,1408.5,1409.300048828125,1020
2026-09-08 11:24:00+05:30,1408.4000244140625,1409.300048828125,1408.199951171875,1409.199951171875,1008
2026-09-08 11:25:00+05:30,1407.300048828125,1409.699951171875,1407.300048828125,1408.4000244140625,3800
2026-09-08 11:26:00+05:30,1407.699951171875,1407.800048828125,1407.0999755859375,1407.0999755859375,336
2026-09-08 11:27:00+05:30,1407.699951171875,1407.699951171875,1407.5999755859375,1407.699951171875,450
2026-09-08 11:28:00+05:30,1407.0,1408.0,1407.0,1408.0,889
2026-09-08 11:29:00+05:30,1407.4000244140625,1407.699951171875,1406.5,1407.0,1079
2026-09-08 11:30:00+05:30,1407.0,1407.699951171875,1406.5,1407.5,1609
2026-09-08 11:31:00+05:30,1407.0999755859375,1407.0999755859375,1406.5999755859375,1407.0,1378
2026-09-08 11:32:00+05:30,1406.699951171875,1407.0999755859375,1406.5,1406.5,319
2026-09-08 11:33:00+05:30,1406.300048828125,1407.0,1406.300048828125,1406.5999755859375,2466
2026-09-08 11:34:00+05:30,1407.0,1407.0,1406.0,1406.0999755859375,725
2026-09-08 11:35:00+05:30,1406.699951171875,1407.5,1406.199951171875,1407.0,919
2026-09-08 11:36:00+05:30,1406.5,1406.9000244140625,1406.4000244140625,1406.5,887
2026-09-08 11:37:00+05:30,1407.0,1407.199951171875,1406.9000244140625,1407.0,1119
2026-09-08 11:38:00+05:30,1407.0,1407.0,1406.699951171875,1407.0,308
2026-09-08 11:39:00+05:30,1407.0,1407.0,1406.9000244140625,1407.0,671
2026-09-08 11:40:00+05:30,1407.5,1407.5,1406.9000244140625,1406.9000244140625,807
2026-09-08 11:41:00+05:30,1407.199951171875,1407.300048828125,1406.5,1407.300048828125,1037
2026-09-08 11:42:00+05:30,1406.5,1407.199951171875,1406.5,1406.9000244140625,1675
2026-09-08 11:43:00+05:30,1406.4000244140625,1406.5,1406.0,1406.199951171875,575
2026-09-08 11:44:00+05:30,1407.0999755859375,1407.199951171875,1406.5,1406.5,1148
2026-09-08 11:45:00+05:30,1407.0999755859375,1407.199951171875,1407.0999755859375,1407.0999755859375,504
2026-09-08 11:46:00+05:30,1407.199951171875,1407.5,1407.0999755859375,1407.199951171875,1564
2026-09-08 11:47:00+05:30,1407.4000244140625,1407.699951171875,1406.5999755859375,1407.0,1684
2026-09-08 11:48:00+05:30,1407.5,1407.5,1407.0,1407.5,1185
2026-09-08 11:49:00+05:30,1407.4000244140625,1408.0,1406.9000244140625,1407.0999755859375,2465
2026-09-08 11:50:00+05:30,1407.0,1407.300048828125,1406.9000244140625,1407.300048828125,893
2026-09-08 11:51:00+05:30,1406.699951171875,1406.9000244140625,1406.4000244140625,1406.9000244140625,865
2026-09-08 11:52:00+05:30,1406.4000244140625,1406.5999755859375,1405.699951171875,1406.5999755859375,4186
2026-09-08 11:53:00+05:30,1406.4000244140625,1406.4000244140625,1405.800048828125,1406.4000244140625,991
2026-09-08 11:54:00+05:30,1407.0,1407.199951171875,1406.0999755859375,1406.199951171875,2313
2026-09-08 11:55:00+05:30,1407.300048828125,1407.5999755859375,1406.800048828125,1406.800048828125,1151
2026-09-08 11:56:00+05:30,1407.199951171875,1407.300048828125,1406.699951171875,1407.300048828125,771
2026-09-08 11:57:00+05:30,1407.199951171875,1407.199951171875,1406.800048828125,1407.199951171875,764
2026-09-08 11:58:00+05:30,1407.9000244140625,1408.0,1406.800048828125,1406.800048828125,1457
2026-09-08 11:59:00+05:30,1408.4000244140625,1408.4000244140625,1407.5999755859375,1407.800048828125,975
2026-09-08 12:00:00+05:30,1408.199951171875,1408.5,1407.5999755859375,1408.0,819
2026-09-08 12:01:00+05:30,1408.0999755859375,1408.199951171875,1407.9000244140625,1408.199951171875,1694
2026-09-08 12:02:00+05:30,1408.0999755859375,1408.0999755859375,1407.800048828125,1408.0999755859375,619
2026-09-08 12:03:00+05:30,1406.9000244140625,1408.0999755859375,1406.9000244140625,1408.0999755859375,11863
2026-09-08 12:04:00+05:30,1407.0,1407.9000244140625,1406.0,1406.0,21837
2026-09-08 12:05:00+05:30,1407.0,1408.199951171875,1406.699951171875,1406.699951171875,20271
2026-09-08 12:06:00+05:30,1407.699951171875,1407.9000244140625,1407.699951171875,1407.9000244140625,6331
2026-09-08 12:07:00+05:30,1407.699951171875,1407.699951171875,1407.199951171875,1407.5,859
2026-09-08 12:08:00+05:30,1407.4000244140625,1407.699951171875,1407.300048828125,1407.699951171875,1734
2026-09-08 12:09:00+05:30,1408.4000244140625,1408.5999755859375,1407.300048828125,1407.300048828125,1894
2026-09-08 12:10:00+05:30,1408.199951171875,1408.699951171875,1408.0999755859375,1408.5999755859375,637
2026-09-08 12:11:00+05:30,1408.5999755859375,1409.0,1408.5999755859375,1408.5999755859375,3032
2026-09-08 12:12:00+05:30,1408.199951171875,1408.5,1407.699951171875,1408.5,968
2026-09-08 12:13:00+05:30,1408.300048828125,1408.9000244140625,1407.699951171875,1408.199951171875,1302
2026-09-08 12:14:00+05:30,1408.300048828125,1408.300048828125,1408.199951171875,1408.300048828125,530
2026-09-08 12:15:00+05:30,1409.699951171875,1409.699951171875,1408.199951171875,1408.199951171875,3330
2026-09-08 12:16:00+05:30,1409.300048828125,1409.5,1408.699951171875,1409.300048828125,1148
2026-09-08 12:17:00+05:30,1409.800048828125,1409.800048828125,1409.300048828125,1409.300048828125,862
2026-09-08 12:18:00+05:30,1410.0,1410.0,1409.5999755859375,1409.800048828125,926
2026-09-08 12:19:00+05:30,1410.199951171875,1410.199951171875,1409.5,1410.0,1917
2026-09-08 12:20:00+05:30,1408.800048828125,1410.199951171875,1408.800048828125,1410.199951171875,2511
2026-09-08 12:21:00+05:30,1408.9000244140625,1408.9000244140625,1408.5999755859375,1408.9000244140625,530
2026-09-08 12:22:00+05:30,1408.699951171875,1408.9000244140625,1408.300048828125,1408.9000244140625,820
2026-09-08 12:23:00+05:30,1409.0999755859375,1409.0999755859375,1408.300048828125,1408.699951171875,1134
2026-09-08 12:24:00+05:30,1408.9000244140625,1409.0999755859375,1408.300048828125,1409.0999755859375,777
2026-09-08 12:25:00+05:30,1408.9000244140625,1409.699951171875,1408.9000244140625,1408.9000244140625,1272
2026-09-08 12:26:00+05:30,1408.5999755859375,1408.800048828125,1408.199951171875,1408.800048828125,542
2026-09-08 12:27:00+05:30,1408.199951171875,1408.4000244140625,1407.699951171875,1408.4000244140625,1214
2026-09-08 12:28:00+05:30,1408.300048828125,1408.300048828125,1407.5,1408.0999755859375,918
2026-09-08 12:29:00+05:30,1410.0999755859375,1410.0999755859375,1409.199951171875,1409.699951171875,1078
2026-09-08 12:30:00+05:30,1409.800048828125,1410.199951171875,1409.699951171875,1410.0,610
2026-09-08 12:31:00+05:30,1409.800048828125,1409.800048828125,1409.699951171875,1409.699951171875,802
2026-09-08 12:32:00+05:30,1408.300048828125,1409.699951171875,1408.300048828125,1409.4000244140625,3555
2026-09-08 12:33:00+05:30,1409.5,1409.5,1407.699951171875,1408.699951171875,11822
2026-09-08 12:34:00+05:30,1409.5,1409.9000244140625,1408.699951171875,1409.5,8673
2026-09-08 12:35:00+05:30,1412.699951171875,1413.0,1409.5999755859375,1409.5999755859375,6450
2026-09-08 12:36:00+05:30,1412.800048828125,1413.0999755859375,1412.0999755859375,1412.800048828125,4033
2026-09-08 12:37:00+05:30,1412.699951171875,1412.800048828125,1412.4000244140625,1412.800048828125,500
2026-09-08 12:38:00+05:30,1413.4000244140625,1413.4000244140625,1412.5,1412.800048828125,1815
2026-09-08 12:39:00+05:30,1415.0,1415.0999755859375,1412.800048828125,1413.199951171875,2813
2026-09-08 12:40:00+05:30,1414.4000244140625,1414.800048828125,1413.9000244140625,1414.699951171875,1953
2026-09-08 12:41:00+05:30,1413.800048828125,1414.4000244140625,1413.300048828125,1414.4000244140625,1746
2026-09-08 12:42:00+05:30,1412.9000244140625,1413.5,1412.9000244140625,1413.5,1057
2026-09-08 12:43:00+05:30,1413.9000244140625,1414.5,1412.699951171875,1413.4000244140625,7013
2026-09-08 12:44:00+05:30,1413.800048828125,1413.9000244140625,1413.0,1413.800048828125,1793
2026-09-08 12:45:00+05:30,1413.5,1413.699951171875,1413.199951171875,1413.699951171875,715
2026-09-08 12:46:00+05:30,1413.0999755859375,1413.5999755859375,1412.5,1413.5999755859375,770
2026-09-08 12:47:00+05:30,1412.800048828125,1413.199951171875,1412.800048828125,1413.0,1189
2026-09-08 12:48:00+05:30,1412.800048828125,1413.199951171875,1412.5,1412.9000244140625,2475
2026-09-08 12:49:00+05:30,1412.5,1412.800048828125,1411.9000244140625,1412.800048828125,1210
2026-09-08 12:50:00+05:30,1412.9000244140625,1413.0,1412.4000244140625,1412.5,1356
2026-09-08 12:51:00+05:30,1413.0999755859375,1413.199951171875,1412.4000244140625,1412.9000244140625,1238
2026-09-08 12:52:00+05:30,1412.699951171875,1413.4000244140625,1412.4000244140625,1413.0,1016
2026-09-08 12:53:00+05:30,1413.5,1413.5999755859375,1412.5,1413.0,2834
2026-09-08 12:54:00+05:30,1412.9000244140625,1413.800048828125,1412.5999755859375,1413.800048828125,2326
2026-09-08 12:55:00+05:30,1410.9000244140625,1413.0,1410.9000244140625,1412.800048828125,12566
2026-09-08 12:56:00+05:30,1408.800048828125,1410.5999755859375,1408.5,1410.300048828125,6041
2026-09-08 12:57:00+05:30,1408.9000244140625,1408.9000244140625,1408.0,1408.800048828125,6182
2026-09-08 12:58:00+05:30,1407.0,1408.800048828125,1406.699951171875,1408.800048828125,19160
2026-09-08 12:59:00+05:30,1406.800048828125,1407.0,1406.199951171875,1406.699951171875,3220
2026-09-08 13:00:00+05:30,1406.0,1406.800048828125,1405.0999755859375,1406.800048828125,10543
2026-09-08 13:01:00+05:30,1406.0999755859375,1406.5999755859375,1406.0,1406.0,5927
2026-09-08 13:02:00+05:30,1406.9000244140625,1407.5,1406.199951171875,1406.199951171875,1292
2026-09-08 13:03:00+05:30,1407.5,1407.699951171875,1406.800048828125,1406.9000244140625,1416
2026-09-08 13:04:00+05:30,1406.300048828125,1407.4000244140625,1406.300048828125,1407.4000244140625,2462
2026-09-08 13:05:00+05:30,1406.9000244140625,1407.199951171875,1406.5999755859375,1406.800048828125,702
2026-09-08 13:06:00+05:30,1407.199951171875,1407.300048828125,1406.9000244140625,1407.0999755859375,638
2026-09-08 13:07:00+05:30,1406.800048828125,1407.199951171875,1406.5,1407.199951171875,898
2026-09-08 13:08:00+05:30,1407.0,1407.4000244140625,1406.9000244140625,1407.0999755859375,877
2026-09-08 13:09:00+05:30,1406.5,1406.9000244140625,1406.0999755859375,1406.9000244140625,761
2026-09-08 13:10:00+05:30,1407.199951171875,1407.9000244140625,1406.5,1406.5,3819
2026-09-08 13:11:00+05:30,1408.800048828125,1408.9000244140625,1406.699951171875,1407.300048828125,1210
2026-09-08 13:12:00+05:30,1409.300048828125,1409.4000244140625,1408.699951171875,1408.800048828125,1507
2026-09-08 13:13:00+05:30,1409.300048828125,1409.4000244140625,1409.199951171875,1409.300048828125,925
2026-09-08 13:14:00+05:30,1409.300048828125,1409.4000244140625,1409.300048828125,1409.300048828125,693
2026-09-08 13:15:00+05:30,1410.0999755859375,1410.300048828125,1409.300048828125,1409.4000244140625,1671
2026-09-08 13:16:00+05:30,1409.800048828125,1410.0999755859375,1409.5,1410.0999755859375,1753
2026-09-08 13:17:00+05:30,1409.9000244140625,1410.0,1409.699951171875,1409.800048828125,651
2026-09-08 13:18:00+05:30,1409.699951171875,1410.0,1409.0999755859375,1410.0,771
2026-09-08 13:19:00+05:30,1409.699951171875,1409.699951171875,1409.0999755859375,1409.5999755859375,824
2026-09-08 13:20:00+05:30,1409.800048828125,1409.9000244140625,1409.0999755859375,1409.699951171875,688
2026-09-08 13:21:00+05:30,1409.9000244140625,1410.0,1409.5999755859375,1409.800048828125,753
2026-09-08 13:22:00+05:30,1409.9000244140625,1409.9000244140625,1409.800048828125,1409.9000244140625,655
2026-09-08 13:23:00+05:30,1408.699951171875,1409.9000244140625,1408.199951171875,1409.800048828125,869
2026-09-08 13:24:00+05:30,1409.0999755859375,1409.199951171875,1408.5999755859375,1408.800048828125,1221
2026-09-08 13:25:00+05:30,1409.0999755859375,1409.0999755859375,1408.9000244140625,1409.0,476
2026-09-08 13:26:00+05:30,1408.9000244140625,1409.0999755859375,1408.0,1409.0,649
2026-09-08 13:27:00+05:30,1406.800048828125,1408.800048828125,1406.5,1408.800048828125,6509
2026-09-08 13:28:00+05:30,1406.5,1406.800048828125,1406.0999755859375,1406.699951171875,1703
2026-09-08 13:29:00+05:30,1406.5,1406.5,1405.9000244140625,1406.0999755859375,924
2026-09-08 13:30:00+05:30,1406.4000244140625,1406.4000244140625,1406.0,1406.199951171875,527
2026-09-08 13:31:00+05:30,1406.199951171875,1406.4000244140625,1406.0,1406.300048828125,1235
2026-09-08 13:32:00+05:30,1405.5,1406.199951171875,1405.5,1406.199951171875,2067
2026-09-08 13:33:00+05:30,1406.4000244140625,1406.4000244140625,1405.5,1405.5,2130
2026-09-08 13:34:00+05:30,1406.5,1406.9000244140625,1406.0,1406.0,3402
2026-09-08 13:35:00+05:30,1407.0,1407.300048828125,1406.5,1406.5,951
2026-09-08 13:36:00+05:30,1406.0999755859375,1407.199951171875,1405.800048828125,1407.199951171875,1728
2026-09-08 13:37:00+05:30,1406.5,1406.800048828125,1406.0999755859375,1406.300048828125,1229
2026-09-08 13:38:00+05:30,1405.5,1406.5,1405.5,1406.5,1119
2026-09-08 13:39:00+05:30,1406.5999755859375,1406.5999755859375,1405.699951171875,1405.9000244140625,5524
2026-09-08 13:40:00+05:30,1407.0,1407.300048828125,1406.4000244140625,1406.9000244140625,1845
2026-09-08 13:41:00+05:30,1406.5,1407.0,1406.4000244140625,1406.800048828125,693
2026-09-08 13:42:00+05:30,1406.699951171875,1406.699951171875,1406.4000244140625,1406.5,1027
2026-09-08 13:43:00+05:30,1407.5999755859375,1407.5999755859375,1406.4000244140625,1406.4000244140625,1241
2026-09-08 13:44:00+05:30,1407.4000244140625,1407.699951171875,1406.9000244140625,1407.699951171875,1213
2026-09-08 13:45:00+05:30,1407.0999755859375,1407.4000244140625,1406.800048828125,1407.300048828125,1067
2026-09-08 13:46:00+05:30,1406.5999755859375,1407.0999755859375,1406.4000244140625,1407.0,706
2026-09-08 13:47:00+05:30,1406.800048828125,1407.0,1406.5,1406.5,569
2026-09-08 13:48:00+05:30,1407.0999755859375,1407.199951171875,1406.5999755859375,1407.0,686
2026-09-08 13:49:00+05:30,1406.4000244140625,1407.199951171875,1406.4000244140625,1407.0999755859375,679
2026-09-08 13:50:00+05:30,1406.300048828125,1406.800048828125,1406.300048828125,1406.699951171875,846
2026-09-08 13:51:00+05:30,1405.699951171875,1406.300048828125,1405.5,1406.300048828125,2104
2026-09-08 13:52:00+05:30,1405.199951171875,1405.5999755859375,1405.0,1405.5,2017
2026-09-08 13:53:00+05:30,1405.0,1405.199951171875,1404.699951171875,1405.0999755859375,673
2026-09-08 13:54:00+05:30,1405.0,1405.0999755859375,1405.0,1405.0999755859375,673
2026-09-08 13:55:00+05:30,1405.0999755859375,1405.199951171875,1405.0,1405.0,862
2026-09-08 13:56:00+05:30,1404.699951171875,1405.0,1404.5,1405.0,1060
2026-09-08 13:57:00+05:30,1405.4000244140625,1405.4000244140625,1404.5999755859375,1404.9000244140625,813
2026-09-08 13:58:00+05:30,1405.0999755859375,1405.4000244140625,1405.0,1405.4000244140625,579
2026-09-08 13:59:00+05:30,1404.800048828125,1405.5,1404.199951171875,1405.0,7446
2026-09-08 14:00:00+05:30,1404.5999755859375,1404.800048828125,1404.5,1404.800048828125,741
2026-09-08 14:01:00+05:30,1406.4000244140625,1407.0,1404.5999755859375,1404.5999755859375,10735
2026-09-08 14:02:00+05:30,1405.300048828125,1406.5,1405.0,1406.4000244140625,1026
2026-09-08 14:03:00+05:30,1405.9000244140625,1405.9000244140625,1404.699951171875,1405.0,7337
2026-09-08 14:04:00+05:30,1405.300048828125,1405.5,1405.0999755859375,1405.0999755859375,1807
2026-09-08 14:05:00+05:30,1405.5,1405.5,1404.9000244140625,1405.199951171875,15851
2026-09-08 14:06:00+05:30,1405.300048828125,1405.5,1405.199951171875,1405.4000244140625,1142
2026-09-08 14:07:00+05:30,1405.0,1405.4000244140625,1404.5,1405.0,1516
2026-09-08 14:08:00+05:30,1404.800048828125,1405.199951171875,1404.199951171875,1404.9000244140625,6883
2026-09-08 14:09:00+05:30,1405.300048828125,1405.5999755859375,1404.699951171875,1404.699951171875,685
2026-09-08 14:10:00+05:30,1405.199951171875,1405.199951171875,1404.5,1405.199951171875,753
2026-09-08 14:11:00+05:30,1405.199951171875,1406.0,1404.9000244140625,1404.9000244140625,1021
2026-09-08 14:12:00+05:30,1405.5999755859375,1406.0999755859375,1405.0,1405.4000244140625,654
2026-09-08 14:13:00+05:30,1405.800048828125,1406.300048828125,1405.5999755859375,1405.5999755859375,1015
2026-09-08 14:14:00+05:30,1404.0999755859375,1406.0,1404.0,1405.800048828125,8523
2026-09-08 14:15:00+05:30,1405.0,1405.5,1404.199951171875,1404.199951171875,7593
2026-09-08 14:16:00+05:30,1405.5,1405.800048828125,1404.800048828125,1405.300048828125,2696
2026-09-08 14:17:00+05:30,1405.300048828125,1405.5,1405.0,1405.300048828125,1028
2026-09-08 14:18:00+05:30,1405.5,1405.5,1405.0999755859375,1405.300048828125,762
2026-09-08 14:19:00+05:30,1405.5,1405.9000244140625,1405.4000244140625,1405.5,5061
2026-09-08 14:20:00+05:30,1404.5,1405.5,1404.5,1405.5,1695
2026-09-08 14:21:00+05:30,1404.5999755859375,1405.199951171875,1404.5,1404.699951171875,1205
2026-09-08 14:22:00+05:30,1404.9000244140625,1405.300048828125,1404.5,1404.5,1070
2026-09-08 14:23:00+05:30,1404.699951171875,1404.9000244140625,1404.5,1404.800048828125,691
2026-09-08 14:24:00+05:30,1404.5999755859375,1404.800048828125,1404.5999755859375,1404.800048828125,765
2026-09-08 14:25:00+05:30,1403.199951171875,1404.699951171875,1402.9000244140625,1404.699951171875,1868
2026-09-08 14:26:00+05:30,1403.0999755859375,1403.199951171875,1402.699951171875,1403.0999755859375,644
2026-09-08 14:27:00+05:30,1403.5,1403.5,1403.199951171875,1403.199951171875,584
2026-09-08 14:28:00+05:30,1403.0999755859375,1403.5,1402.800048828125,1403.4000244140625,638
2026-09-08 14:29:00+05:30,1402.800048828125,1403.0,1402.5999755859375,1403.0,2006
2026-09-08 14:30:00+05:30,1401.5999755859375,1403.0,1401.5999755859375,1402.5999755859375,3379
2026-09-08 14:31:00+05:30,1401.5999755859375,1401.800048828125,1401.5999755859375,1401.699951171875,772
2026-09-08 14:32:00+05:30,1401.5999755859375,1401.699951171875,1401.5,1401.5999755859375,1216
2026-09-08 14:33:00+05:30,1401.5999755859375,1401.5999755859375,1401.5,1401.5999755859375,741
2026-09-08 14:34:00+05:30,1401.0999755859375,1401.9000244140625,1400.699951171875,1401.0999755859375,7081
2026-09-08 14:35:00+05:30,1401.0999755859375,1401.300048828125,1401.0999755859375,1401.0999755859375,527
2026-09-08 14:36:00+05:30,1401.5999755859375,1401.5999755859375,1401.0999755859375,1401.199951171875,983
2026-09-08 14:37:00+05:30,1401.0999755859375,1401.5999755859375,1401.0,1401.300048828125,2272
2026-09-08 14:38:00+05:30,1401.199951171875,1401.699951171875,1400.5999755859375,1401.199951171875,2031
2026-09-08 14:39:00+05:30,1401.0,1401.300048828125,1400.5999755859375,1400.5999755859375,5143
2026-09-08 14:40:00+05:30,1400.300048828125,1401.0,1400.300048828125,1401.0,1805
2026-09-08 14:41:00+05:30,1400.5,1400.5999755859375,1400.0999755859375,1400.4000244140625,1768
2026-09-08 14:42:00+05:30,1400.0999755859375,1401.800048828125,1399.800048828125,1400.199951171875,38255
2026-09-08 14:43:00+05:30,1400.5999755859375,1400.9000244140625,1400.0,1400.0999755859375,4548
2026-09-08 14:44:00+05:30,1400.9000244140625,1400.9000244140625,1400.5,1400.5,587
2026-09-08 14:45:00+05:30,1399.800048828125,1400.5999755859375,1399.5,1400.5999755859375,6078
2026-09-08 14:46:00+05:30,1399.5,1399.5999755859375,1399.0,1399.5999755859375,7691
2026-09-08 14:47:00+05:30,1399.5999755859375,1399.9000244140625,1399.0999755859375,1399.5,1934
2026-09-08 14:48:00+05:30,1399.699951171875,1399.800048828125,1399.4000244140625,1399.4000244140625,975
2026-09-08 14:49:00+05:30,1399.9000244140625,1399.9000244140625,1399.699951171875,1399.699951171875,1093
2026-09-08 14:50:00+05:30,1400.9000244140625,1400.9000244140625,1399.4000244140625,1399.9000244140625,6210
2026-09-08 14:51:00+05:30,1400.699951171875,1401.4000244140625,1400.0,1401.4000244140625,2483
2026-09-08 14:52:00+05:30,1400.5,1400.800048828125,1400.300048828125,1400.5,1837
2026-09-08 14:53:00+05:30,1399.199951171875,1400.9000244140625,1399.0,1400.699951171875,9840
2026-09-08 14:54:00+05:30,1401.699951171875,1401.800048828125,1399.0999755859375,1399.5,24176
2026-09-08 14:55:00+05:30,1401.0999755859375,1401.699951171875,1400.9000244140625,1401.699951171875,3404
2026-09-08 14:56:00+05:30,1399.699951171875,1401.300048828125,1399.4000244140625,1401.0999755859375,4978
2026-09-08 14:57:00+05:30,1399.9000244140625,1399.9000244140625,1399.0,1399.4000244140625,9128
2026-09-08 14:58:00+05:30,1401.0,1401.0,1399.4000244140625,1399.4000244140625,30636
2026-09-08 14:59:00+05:30,1400.0999755859375,1400.9000244140625,1399.5,1400.9000244140625,13034
2026-09-08 15:00:00+05:30,1400.9000244140625,1400.9000244140625,1399.699951171875,1399.699951171875,20606
2026-09-08 15:01:00+05:30,1401.4000244140625,1401.4000244140625,1400.800048828125,1400.800048828125,6781
2026-09-08 15:02:00+05:30,1400.0999755859375,1401.300048828125,1400.0999755859375,1401.300048828125,5591
2026-09-08 15:03:00+05:30,1401.0999755859375,1401.199951171875,1400.199951171875,1400.199951171875,9657
2026-09-08 15:04:00+05:30,1400.9000244140625,1401.0999755859375,1400.300048828125,1401.0999755859375,5577
2026-09-08 15:05:00+05:30,1400.800048828125,1401.0,1399.4000244140625,1400.699951171875,54772
2026-09-08 15:06:00+05:30,1400.800048828125,1400.800048828125,1400.699951171875,1400.800048828125,3571
2026-09-08 15:07:00+05:30,1400.5,1400.9000244140625,1399.0999755859375,1400.800048828125,14068
2026-09-08 15:08:00+05:30,1400.4000244140625,1400.699951171875,1399.0,1400.5999755859375,32365
2026-09-08 15:09:00+05:30,1400.199951171875,1400.9000244140625,1399.800048828125,1400.4000244140625,5212
2026-09-08 15:10:00+05:30,1401.0999755859375,1401.4000244140625,1400.0,1400.0,28516
2026-09-08 15:11:00+05:30,1401.0999755859375,1401.4000244140625,1400.9000244140625,1400.9000244140625,13911
2026-09-08 15:12:00+05:30,1403.0,1403.4000244140625,1400.4000244140625,1400.800048828125,21851
2026-09-08 15:13:00+05:30,1401.199951171875,1403.0999755859375,1399.300048828125,1403.0,17348
2026-09-08 15:14:00+05:30,1401.9000244140625,1402.4000244140625,1399.800048828125,1400.5999755859375,9209
2026-09-08 15:15:00+05:30,1400.5,1400.5,1400.199951171875,1400.199951171875,101613
2026-09-09 09:15:00+05:30,1404.300048828125,1405.0,1400.5999755859375,1400.5999755859375,0
2026-09-09 09:16:00+05:30,1404.5,1405.4000244140625,1403.800048828125,1403.800048828125,7989
2026-09-09 09:17:00+05:30,1403.5,1404.199951171875,1403.0,1404.199951171875,5458
2026-09-09 09:18:00+05:30,1401.699951171875,1404.300048828125,1401.699951171875,1403.800048828125,5128
2026-09-09 09:19:00+05:30,1401.800048828125,1401.800048828125,1401.199951171875,1401.4000244140625,1121
2026-09-09 09:20:00+05:30,1401.4000244140625,1402.0999755859375,1401.0999755859375,1401.9000244140625,5848
2026-09-09 09:21:00+05:30,1400.4000244140625,1401.9000244140625,1400.4000244140625,1401.5,2124
2026-09-09 09:22:00+05:30,1399.0,1400.5999755859375,1397.9000244140625,1400.5999755859375,4995
2026-09-09 09:23:00+05:30,1401.5999755859375,1401.5999755859375,1399.0,1399.0,2969
2026-09-09 09:24:00+05:30,1401.199951171875,1401.5999755859375,1400.5999755859375,1401.5999755859375,1688
2026-09-09 09:25:00+05:30,1400.0,1400.699951171875,1399.300048828125,1400.699951171875,2450
2026-09-09 09:26:00+05:30,1400.5,1400.5999755859375,1399.9000244140625,1399.9000244140625,1073
2026-09-09 09:27:00+05:30,1400.0,1400.199951171875,1399.5,1400.199951171875,3413
2026-09-09 09:28:00+05:30,1400.800048828125,1400.800048828125,1400.0,1400.0,2199
2026-09-09 09:29:00+05:30,1399.9000244140625,1400.5999755859375,1399.5999755859375,1400.5999755859375,2186
2026-09-09 09:30:00+05:30,1398.800048828125,1400.0999755859375,1398.5999755859375,1399.9000244140625,5293
2026-09-09 09:31:00+05:30,1396.5,1399.4000244140625,1395.0999755859375,1399.4000244140625,8516
2026-09-09 09:32:00+05:30,1397.699951171875,1397.699951171875,1396.199951171875,1396.5,6568
2026-09-09 09:33:00+05:30,1398.300048828125,1398.300048828125,1397.9000244140625,1397.9000244140625,3258
2026-09-09 09:34:00+05:30,1396.800048828125,1397.9000244140625,1396.699951171875,1397.9000244140625,3028
2026-09-09 09:35:00+05:30,1395.4000244140625,1396.800048828125,1395.4000244140625,1396.800048828125,1394
2026-09-09 09:36:00+05:30,1395.5,1395.5,1394.0999755859375,1395.5,4669
2026-09-09 09:37:00+05:30,1395.4000244140625,1395.5,1394.5,1395.4000244140625,3013
2026-09-09 09:38:00+05:30,1395.0,1395.300048828125,1395.0,1395.300048828125,841
2026-09-09 09:39:00+05:30,1395.0999755859375,1395.0999755859375,1395.0,1395.0,740
2026-09-09 09:40:00+05:30,1395.199951171875,1395.199951171875,1395.0999755859375,1395.0999755859375,896
2026-09-09 09:41:00+05:30,1394.5999755859375,1395.199951171875,1394.4000244140625,1395.199951171875,3997
2026-09-09 09:42:00+05:30,1394.4000244140625,1394.5,1394.0999755859375,1394.5,1463
2026-09-09 09:43:00+05:30,1394.199951171875,1394.800048828125,1394.199951171875,1394.4000244140625,2206
2026-09-09 09:44:00+05:30,1392.4000244140625,1393.5,1392.4000244140625,1393.4000244140625,1979
2026-09-09 09:45:00+05:30,1392.4000244140625,1392.5,1392.4000244140625,1392.4000244140625,890
2026-09-09 09:46:00+05:30,1392.0999755859375,1392.300048828125,1392.0,1392.300048828125,1154
2026-09-09 09:47:00+05:30,1392.300048828125,1392.300048828125,1392.0,1392.0,1766
2026-09-09 09:48:00+05:30,1393.4000244140625,1393.4000244140625,1392.300048828125,1392.300048828125,1241
2026-09-09 09:49:00+05:30,1392.5,1393.4000244140625,1392.300048828125,1393.300048828125,3016
2026-09-09 09:50:00+05:30,1391.300048828125,1393.300048828125,1391.0999755859375,1392.5,6436
2026-09-09 09:51:00+05:30,1391.0,1392.0,1391.0,1391.199951171875,4798
2026-09-09 09:52:00+05:30,1394.0999755859375,1394.4000244140625,1391.0,1391.0,1642
2026-09-09 09:53:00+05:30,1395.300048828125,1395.300048828125,1394.0,1394.0,1105
2026-09-09 09:54:00+05:30,1394.699951171875,1395.300048828125,1393.800048828125,1395.0999755859375,1892
2026-09-09 09:55:00+05:30,1394.9000244140625,1394.9000244140625,1394.199951171875,1394.199951171875,758
2026-09-09 09:56:00+05:30,1394.800048828125,1394.800048828125,1394.800048828125,1394.800048828125,589
2026-09-09 09:57:00+05:30,1393.800048828125,1394.800048828125,1393.5,1394.800048828125,1514
2026-09-09 09:58:00+05:30,1393.0999755859375,1393.800048828125,1393.0999755859375,1393.5,783
2026-09-09 09:59:00+05:30,1392.4000244140625,1393.5,1392.0,1393.5,3628
2026-09-09 10:00:00+05:30,1393.0,1393.0,1392.0999755859375,1392.5999755859375,1154
2026-09-09 10:01:00+05:30,1393.0,1393.0,1392.0999755859375,1392.800048828125,720
2026-09-09 10:02:00+05:30,1393.0999755859375,1393.5999755859375,1392.300048828125,1393.0,1411
2026-09-09 10:03:00+05:30,1392.800048828125,1393.199951171875,1392.199951171875,1392.300048828125,1087
2026-09-09 10:04:00+05:30,1393.300048828125,1393.300048828125,1392.300048828125,1392.300048828125,675
2026-09-09 10:05:00+05:30,1392.199951171875,1393.199951171875,1391.800048828125,1393.199951171875,1153
2026-09-09 10:06:00+05:30,1391.199951171875,1391.9000244140625,1391.199951171875,1391.699951171875,1553
2026-09-09 10:07:00+05:30,1390.4000244140625,1391.199951171875,1390.4000244140625,1391.0,1547
2026-09-09 10:08:00+05:30,1389.699951171875,1391.0,1389.699951171875,1391.0,2433
2026-09-09 10:09:00+05:30,1390.4000244140625,1390.800048828125,1389.5999755859375,1389.5999755859375,2700
2026-09-09 10:10:00+05:30,1389.699951171875,1390.4000244140625,1389.699951171875,1390.4000244140625,3023
2026-09-09 10:11:00+05:30,1389.9000244140625,1389.9000244140625,1389.4000244140625,1389.699951171875,512
2026-09-09 10:12:00+05:30,1389.699951171875,1389.9000244140625,1389.699951171875,1389.800048828125,651
2026-09-09 10:13:00+05:30,1390.5,1390.5,1389.699951171875,1389.800048828125,1051
2026-09-09 10:14:00+05:30,1391.4000244140625,1391.5999755859375,1390.5999755859375,1390.5999755859375,742
2026-09-09 10:15:00+05:30,1391.4000244140625,1391.5,1391.4000244140625,1391.4000244140625,642
2026-09-09 10:16:00+05:30,1393.4000244140625,1393.4000244140625,1391.4000244140625,1391.4000244140625,1138
2026-09-09 10:17:00+05:30,1393.800048828125,1393.800048828125,1392.699951171875,1392.699951171875,2138
2026-09-09 10:18:00+05:30,1393.0,1394.300048828125,1393.0,1393.300048828125,2100
2026-09-09 10:19:00+05:30,1393.4000244140625,1393.4000244140625,1392.699951171875,1392.9000244140625,659
2026-09-09 10:20:00+05:30,1393.300048828125,1393.4000244140625,1393.0,1393.0,1629
2026-09-09 10:21:00+05:30,1393.9000244140625,1394.0,1393.0,1393.300048828125,958
2026-09-09 10:22:00+05:30,1393.9000244140625,1394.0,1393.5,1393.9000244140625,1049
2026-09-09 10:23:00+05:30,1394.0,1394.0,1393.5,1393.5,382
2026-09-09 10:24:00+05:30,1395.0999755859375,1395.0999755859375,1394.199951171875,1394.199951171875,1660
2026-09-09 10:25:00+05:30,1395.5,1395.5,1395.0,1395.4000244140625,1119
2026-09-09 10:26:00+05:30,1395.5999755859375,1395.5999755859375,1395.0999755859375,1395.0999755859375,715
2026-09-09 10:27:00+05:30,1396.4000244140625,1396.4000244140625,1395.5999755859375,1395.5999755859375,2386
2026-09-09 10:28:00+05:30,1395.9000244140625,1396.5,1395.9000244140625,1396.5,1040
2026-09-09 10:29:00+05:30,1396.699951171875,1396.699951171875,1395.9000244140625,1396.0999755859375,2354
2026-09-09 10:30:00+05:30,1395.4000244140625,1396.5999755859375,1395.4000244140625,1396.300048828125,1648
2026-09-09 10:31:00+05:30,1395.0,1395.9000244140625,1395.0,1395.4000244140625,411
2026-09-09 10:32:00+05:30,1399.0,1399.0,1394.199951171875,1395.0,74511
2026-09-09 10:33:00+05:30,1399.300048828125,1399.5999755859375,1398.699951171875,1398.699951171875,9186
2026-09-09 10:34:00+05:30,1397.699951171875,1398.800048828125,1397.300048828125,1398.699951171875,6088
2026-09-09 10:35:00+05:30,1397.300048828125,1397.699951171875,1397.0999755859375,1397.5,1899
2026-09-09 10:36:00+05:30,1396.800048828125,1397.0,1396.5999755859375,1397.0,1042
2026-09-09 10:37:00+05:30,1396.9000244140625,1397.0,1396.300048828125,1396.800048828125,1961
2026-09-09 10:38:00+05:30,1396.0,1397.0,1396.0,1397.0,1017
2026-09-09 10:39:00+05:30,1396.300048828125,1396.300048828125,1396.0,1396.0,249
2026-09-09 10:40:00+05:30,1395.800048828125,1396.300048828125,1395.800048828125,1396.0999755859375,2378
2026-09-09 10:41:00+05:30,1395.800048828125,1396.300048828125,1395.800048828125,1395.800048828125,231
2026-09-09 10:42:00+05:30,1396.199951171875,1396.199951171875,1395.9000244140625,1395.9000244140625,405
2026-09-09 10:43:00+05:30,1395.4000244140625,1395.9000244140625,1395.0999755859375,1395.9000244140625,1955
2026-09-09 10:44:00+05:30,1395.0,1395.4000244140625,1394.800048828125,1395.0999755859375,3239
2026-09-09 10:45:00+05:30,1394.5999755859375,1395.0,1394.0,1395.0,801
2026-09-09 10:46:00+05:30,1394.9000244140625,1394.9000244140625,1394.5999755859375,1394.5999755859375,426
2026-09-09 10:47:00+05:30,1394.800048828125,1396.0,1394.800048828125,1394.800048828125,1489
2026-09-09 10:48:00+05:30,1395.699951171875,1395.800048828125,1394.800048828125,1394.800048828125,1505
2026-09-09 10:49:00+05:30,1395.0999755859375,1395.4000244140625,1395.0,1395.300048828125,598
2026-09-09 10:50:00+05:30,1396.5999755859375,1396.5999755859375,1395.0,1395.0999755859375,1737
2026-09-09 10:51:00+05:30,1395.699951171875,1396.300048828125,1395.0999755859375,1396.300048828125,2441
2026-09-09 10:52:00+05:30,1395.0,1395.4000244140625,1395.0,1395.199951171875,481
2026-09-09 10:53:00+05:30,1395.199951171875,1395.199951171875,1395.0,1395.0,546
2026-09-09 10:54:00+05:30,1395.0,1395.199951171875,1395.0,1395.0,466
2026-09-09 10:55:00+05:30,1394.300048828125,1395.199951171875,1394.300048828125,1395.0,1567
2026-09-09 10:56:00+05:30,1394.199951171875,1394.300048828125,1394.199951171875,1394.300048828125,641
2026-09-09 10:57:00+05:30,1393.9000244140625,1394.199951171875,1393.9000244140625,1394.0999755859375,579
2026-09-09 10:58:00+05:30,1393.5,1394.0,1393.4000244140625,1394.0,1209
2026-09-09 10:59:00+05:30,1391.4000244140625,1394.0,1391.0,1393.4000244140625,7564
2026-09-09 11:00:00+05:30,1392.199951171875,1392.300048828125,1391.5,1391.699951171875,1220
2026-09-09 11:01:00+05:30,1392.5,1393.0,1392.4000244140625,1392.4000244140625,260
2026-09-09 11:02:00+05:30,1392.5,1392.5,1392.4000244140625,1392.4000244140625,1941
2026-09-09 11:03:00+05:30,1392.5,1392.5,1392.4000244140625,1392.4000244140625,775
2026-09-09 11:04:00+05:30,1392.5,1392.9000244140625,1392.5,1392.5,457
2026-09-09 11:05:00+05:30,1392.800048828125,1392.800048828125,1392.5,1392.5,622
2026-09-09 11:06:00+05:30,1392.800048828125,1392.800048828125,1392.5,1392.800048828125,719
2026-09-09 11:07:00+05:30,1392.9000244140625,1393.0,1392.5,1392.5,764
2026-09-09 11:08:00+05:30,1392.0,1393.0,1392.0,1392.699951171875,2193
2026-09-09 11:09:00+05:30,1391.5,1392.300048828125,1391.0999755859375,1391.5,4592
2026-09-09 11:10:00+05:30,1391.699951171875,1392.300048828125,1391.5999755859375,1392.300048828125,510
2026-09-09 11:11:00+05:30,1391.699951171875,1392.199951171875,1391.699951171875,1391.699951171875,296
2026-09-09 11:12:00+05:30,1391.800048828125,1392.199951171875,1391.699951171875,1391.699951171875,293
2026-09-09 11:13:00+05:30,1391.800048828125,1391.800048828125,1391.800048828125,1391.800048828125,658
2026-09-09 11:14:00+05:30,1391.300048828125,1391.800048828125,1391.300048828125,1391.800048828125,2082
2026-09-09 11:15:00+05:30,1391.0,1391.0999755859375,1391.0,1391.0,1271
2026-09-09 11:16:00+05:30,1391.699951171875,1391.800048828125,1391.0,1391.0,5505
2026-09-09 11:17:00+05:30,1391.0,1391.9000244140625,1390.9000244140625,1391.9000244140625,975
2026-09-09 11:18:00+05:30,1391.0999755859375,1391.300048828125,1391.0,1391.0,693
2026-09-09 11:19:00+05:30,1391.0,1391.5999755859375,1390.9000244140625,1391.5,706
2026-09-09 11:20:00+05:30,1391.5,1391.5,1390.9000244140625,1390.9000244140625,540
2026-09-09 11:21:00+05:30,1391.9000244140625,1392.300048828125,1391.0999755859375,1391.0999755859375,6669
2026-09-09 11:22:00+05:30,1392.300048828125,1392.300048828125,1391.9000244140625,1392.300048828125,829
2026-09-09 11:23:00+05:30,1392.4000244140625,1392.4000244140625,1392.199951171875,1392.199951171875,540
2026-09-09 11:24:00+05:30,1392.800048828125,1392.9000244140625,1392.4000244140625,1392.4000244140625,599
2026-09-09 11:25:00+05:30,1392.5999755859375,1392.800048828125,1392.5,1392.5,736
2026-09-09 11:26:00+05:30,1392.5,1392.9000244140625,1392.5,1392.5999755859375,1298
2026-09-09 11:27:00+05:30,1392.9000244140625,1392.9000244140625,1392.4000244140625,1392.5,640
2026-09-09 11:28:00+05:30,1392.9000244140625,1393.0,1392.5999755859375,1393.0,389
2026-09-09 11:29:00+05:30,1392.199951171875,1392.9000244140625,1392.0999755859375,1392.9000244140625,397
2026-09-09 11:30:00+05:30,1393.0,1393.0,1392.0999755859375,1392.199951171875,1707
2026-09-09 11:31:00+05:30,1392.4000244140625,1392.9000244140625,1392.4000244140625,1392.9000244140625,408
2026-09-09 11:32:00+05:30,1393.0,1393.0,1392.0999755859375,1392.0999755859375,591
2026-09-09 11:33:00+05:30,1393.0999755859375,1393.199951171875,1392.5999755859375,1392.5999755859375,829
2026-09-09 11:34:00+05:30,1392.9000244140625,1393.0999755859375,1392.699951171875,1393.0999755859375,643
2026-09-09 11:35:00+05:30,1392.4000244140625,1392.699951171875,1392.4000244140625,1392.699951171875,408
2026-09-09 11:36:00+05:30,1392.0999755859375,1392.5999755859375,1392.0,1392.5,1161
2026-09-09 11:37:00+05:30,1392.5,1392.699951171875,1392.0999755859375,1392.0999755859375,383
2026-09-09 11:38:00+05:30,1392.5,1392.5,1392.0999755859375,1392.5,422
2026-09-09 11:39:00+05:30,1392.0,1392.199951171875,1391.9000244140625,1392.0,1140
2026-09-09 11:40:00+05:30,1393.0,1393.0999755859375,1392.0,1392.0,1109
2026-09-09 11:41:00+05:30,1392.800048828125,1392.9000244140625,1392.5,1392.5,433
2026-09-09 11:42:00+05:30,1392.5999755859375,1392.800048828125,1392.5,1392.5,385
2026-09-09 11:43:00+05:30,1392.4000244140625,1392.5999755859375,1392.300048828125,1392.5999755859375,459
2026-09-09 11:44:00+05:30,1395.199951171875,1395.300048828125,1392.5999755859375,1393.4000244140625,4500
2026-09-09 11:45:00+05:30,1395.0999755859375,1395.300048828125,1395.0,1395.0,3436
2026-09-09 11:46:00+05:30,1395.199951171875,1395.199951171875,1395.0,1395.199951171875,556
2026-09-09 11:47:00+05:30,1395.9000244140625,1396.0,1395.0999755859375,1395.0999755859375,1444
2026-09-09 11:48:00+05:30,1396.0999755859375,1398.0999755859375,1395.5,1395.5,22900
2026-09-09 11:49:00+05:30,1394.5,1395.0999755859375,1393.699951171875,1394.699951171875,1910
2026-09-09 11:50:00+05:30,1394.300048828125,1394.5,1394.0999755859375,1394.0999755859375,545
2026-09-09 11:51:00+05:30,1394.199951171875,1394.199951171875,1393.5999755859375,1394.0999755859375,2624
2026-09-09 11:52:00+05:30,1394.199951171875,1394.199951171875,1393.9000244140625,1393.9000244140625,635
2026-09-09 11:53:00+05:30,1393.800048828125,1394.199951171875,1393.5999755859375,1394.0,1476
2026-09-09 11:54:00+05:30,1393.800048828125,1393.800048828125,1393.699951171875,1393.699951171875,457
2026-09-09 11:55:00+05:30,1393.800048828125,1393.800048828125,1393.699951171875,1393.699951171875,420
2026-09-09 11:56:00+05:30,1393.800048828125,1393.800048828125,1393.699951171875,1393.699951171875,874
2026-09-09 11:57:00+05:30,1393.5,1393.800048828125,1393.4000244140625,1393.699951171875,2452
2026-09-09 11:58:00+05:30,1392.5,1393.5,1392.5,1393.5,2362
2026-09-09 11:59:00+05:30,1392.5,1392.5,1392.4000244140625,1392.5,882
2026-09-09 12:00:00+05:30,1391.800048828125,1392.5,1391.800048828125,1392.4000244140625,2892
2026-09-09 12:01:00+05:30,1392.0999755859375,1392.199951171875,1391.800048828125,1392.199951171875,2700
2026-09-09 12:02:00+05:30,1391.5999755859375,1392.199951171875,1391.5999755859375,1392.199951171875,1760
2026-09-09 12:03:00+05:30,1391.0999755859375,1392.0,1391.0999755859375,1392.0,695
2026-09-09 12:04:00+05:30,1391.800048828125,1391.800048828125,1391.0999755859375,1391.300048828125,1126
2026-09-09 12:05:00+05:30,1391.800048828125,1391.800048828125,1391.5999755859375,1391.800048828125,950
2026-09-09 12:06:00+05:30,1391.0,1391.800048828125,1391.0,1391.800048828125,1227
2026-09-09 12:07:00+05:30,1390.5999755859375,1391.199951171875,1390.5,1391.0,1420
2026-09-09 12:08:00+05:30,1391.800048828125,1391.800048828125,1390.5999755859375,1390.9000244140625,3162
2026-09-09 12:09:00+05:30,1391.5,1391.800048828125,1391.0999755859375,1391.800048828125,833
2026-09-09 12:10:00+05:30,1391.300048828125,1391.5,1391.0999755859375,1391.5,879
2026-09-09 12:11:00+05:30,1391.0999755859375,1391.300048828125,1391.0999755859375,1391.300048828125,848
2026-09-09 12:12:00+05:30,1391.5,1392.0999755859375,1391.0999755859375,1391.0999755859375,1002
2026-09-09 12:13:00+05:30,1392.5,1392.5,1392.0,1392.0,403
2026-09-09 12:14:00+05:30,1392.9000244140625,1393.0,1392.5,1392.5999755859375,415
2026-09-09 12:15:00+05:30,1391.5999755859375,1392.9000244140625,1391.5999755859375,1392.9000244140625,1034
2026-09-09 12:16:00+05:30,1392.0,1392.0,1391.5999755859375,1392.0,385
2026-09-09 12:17:00+05:30,1392.0,1392.0,1391.699951171875,1392.0,319
2026-09-09 12:18:00+05:30,1391.9000244140625,1392.0,1391.699951171875,1392.0,316
2026-09-09 12:19:00+05:30,1391.9000244140625,1391.9000244140625,1391.5999755859375,1391.9000244140625,999
2026-09-09 12:20:00+05:30,1391.9000244140625,1391.9000244140625,1391.699951171875,1391.9000244140625,617
2026-09-09 12:21:00+05:30,1391.800048828125,1391.9000244140625,1391.699951171875,1391.9000244140625,894
2026-09-09 12:22:00+05:30,1391.800048828125,1391.800048828125,1391.699951171875,1391.800048828125,796
2026-09-09 12:23:00+05:30,1392.4000244140625,1392.5999755859375,1391.699951171875,1391.800048828125,1475
2026-09-09 12:24:00+05:30,1392.4000244140625,1392.4000244140625,1392.0,1392.4000244140625,660
2026-09-09 12:25:00+05:30,1392.199951171875,1392.300048828125,1392.0,1392.300048828125,438
2026-09-09 12:26:00+05:30,1392.4000244140625,1392.800048828125,1392.199951171875,1392.199951171875,391
2026-09-09 12:27:00+05:30,1392.4000244140625,1392.9000244140625,1392.199951171875,1392.4000244140625,1280
2026-09-09 12:28:00+05:30,1393.4000244140625,1393.4000244140625,1392.699951171875,1392.699951171875,445
2026-09-09 12:29:00+05:30,1394.300048828125,1394.300048828125,1393.4000244140625,1393.4000244140625,649
2026-09-09 12:30:00+05:30,1395.199951171875,1395.4000244140625,1393.5,1393.5,923
2026-09-09 12:31:00+05:30,1396.0,1396.0,1395.0,1395.199951171875,1045
2026-09-09 12:32:00+05:30,1395.800048828125,1395.9000244140625,1395.199951171875,1395.199951171875,557
2026-09-09 12:33:00+05:30,1396.9000244140625,1397.199951171875,1395.5,1395.699951171875,1557
2026-09-09 12:34:00+05:30,1395.5999755859375,1396.800048828125,1395.4000244140625,1396.800048828125,1125
2026-09-09 12:35:00+05:30,1396.199951171875,1396.300048828125,1395.199951171875,1395.5999755859375,1844
2026-09-09 12:36:00+05:30,1395.0999755859375,1396.199951171875,1394.699951171875,1396.199951171875,2609
2026-09-09 12:37:00+05:30,1395.800048828125,1395.800048828125,1395.0,1395.0999755859375,394
2026-09-09 12:38:00+05:30,1396.0,1396.5,1395.800048828125,1395.800048828125,826
2026-09-09 12:39:00+05:30,1396.699951171875,1396.800048828125,1396.0,1396.0999755859375,823
2026-09-09 12:40:00+05:30,1396.300048828125,1396.9000244140625,1396.0999755859375,1396.699951171875,1149
2026-09-09 12:41:00+05:30,1396.4000244140625,1396.4000244140625,1396.199951171875,1396.300048828125,580
2026-09-09 12:42:00+05:30,1396.5999755859375,1397.0999755859375,1396.0,1396.4000244140625,1026
2026-09-09 12:43:00+05:30,1396.5,1396.5999755859375,1396.300048828125,1396.300048828125,423
2026-09-09 12:44:00+05:30,1395.5999755859375,1396.5,1395.5,1396.5,1178
2026-09-09 12:45:00+05:30,1394.4000244140625,1395.5999755859375,1394.300048828125,1395.5999755859375,863
2026-09-09 12:46:00+05:30,1394.699951171875,1394.9000244140625,1394.5,1394.5999755859375,745
2026-09-09 12:47:00+05:30,1394.9000244140625,1394.9000244140625,1394.5999755859375,1394.699951171875,516
2026-09-09 12:48:00+05:30,1394.699951171875,1394.9000244140625,1394.5,1394.9000244140625,895
2026-09-09 12:49:00+05:30,1395.800048828125,1395.800048828125,1394.5,1394.699951171875,1177
2026-09-09 12:50:00+05:30,1395.0,1396.0,1394.5,1395.9000244140625,2236
2026-09-09 12:51:00+05:30,1394.9000244140625,1395.4000244140625,1394.9000244140625,1395.199951171875,514
2026-09-09 12:52:00+05:30,1395.4000244140625,1395.4000244140625,1395.0999755859375,1395.300048828125,668
2026-09-09 12:53:00+05:30,1394.5,1395.300048828125,1394.5,1395.300048828125,777
2026-09-09 12:54:00+05:30,1395.199951171875,1395.199951171875,1394.5999755859375,1394.699951171875,855
2026-09-09 12:55:00+05:30,1395.300048828125,1395.800048828125,1395.0,1395.0,1547
2026-09-09 12:56:00+05:30,1395.5,1395.5999755859375,1395.199951171875,1395.5,509
2026-09-09 12:57:00+05:30,1396.199951171875,1396.199951171875,1395.4000244140625,1395.5,1337
2026-09-09 12:58:00+05:30,1396.5,1397.0,1396.0999755859375,1396.199951171875,785
2026-09-09 12:59:00+05:30,1397.0,1397.0999755859375,1396.5,1396.5999755859375,680
2026-09-09 13:00:00+05:30,1395.699951171875,1397.0999755859375,1395.699951171875,1397.0,3883
2026-09-09 13:01:00+05:30,1394.5,1395.0,1394.199951171875,1394.699951171875,6333
2026-09-09 13:02:00+05:30,1393.9000244140625,1394.5,1393.5,1394.5,3235
2026-09-09 13:03:00+05:30,1394.0,1394.0,1393.699951171875,1393.9000244140625,789
2026-09-09 13:04:00+05:30,1394.199951171875,1394.199951171875,1393.9000244140625,1394.0,507
2026-09-09 13:05:00+05:30,1393.0,1394.199951171875,1392.9000244140625,1394.199951171875,4611
2026-09-09 13:06:00+05:30,1393.0,1393.0,1392.9000244140625,1393.0,1755
2026-09-09 13:07:00+05:30,1392.9000244140625,1393.0,1392.5,1393.0,6334
2026-09-09 13:08:00+05:30,1392.9000244140625,1393.0,1392.5999755859375,1392.9000244140625,527
2026-09-09 13:09:00+05:30,1392.800048828125,1392.9000244140625,1392.300048828125,1392.9000244140625,588
2026-09-09 13:10:00+05:30,1393.0,1393.0,1392.9000244140625,1393.0,576
2026-09-09 13:11:00+05:30,1392.9000244140625,1393.0,1392.5999755859375,1393.0,1938
2026-09-09 13:12:00+05:30,1392.699951171875,1392.9000244140625,1392.5999755859375,1392.9000244140625,1733
2026-09-09 13:13:00+05:30,1392.0,1392.699951171875,1391.9000244140625,1392.699951171875,2987
2026-09-09 13:14:00+05:30,1392.0,1392.4000244140625,1391.9000244140625,1392.0,5243
2026-09-09 13:15:00+05:30,1392.0,1392.4000244140625,1391.9000244140625,1392.0,1906
2026-09-09 13:16:00+05:30,1391.9000244140625,1392.4000244140625,1391.9000244140625,1392.0,4374
2026-09-09 13:17:00+05:30,1390.800048828125,1391.9000244140625,1390.699951171875,1391.9000244140625,5203
2026-09-09 13:18:00+05:30,1390.5,1391.0999755859375,1390.199951171875,1390.800048828125,18310
2026-09-09 13:19:00+05:30,1390.800048828125,1391.4000244140625,1390.5,1390.9000244140625,25394
2026-09-09 13:20:00+05:30,1390.5,1391.300048828125,1390.0,1391.0,51468
2026-09-09 13:21:00+05:30,1390.800048828125,1390.9000244140625,1389.9000244140625,1390.5,45597
2026-09-09 13:22:00+05:30,1390.5999755859375,1391.199951171875,1390.5999755859375,1390.800048828125,4010
2026-09-09 13:23:00+05:30,1391.0,1391.199951171875,1390.4000244140625,1390.5,1338
2026-09-09 13:24:00+05:30,1390.800048828125,1390.800048828125,1390.699951171875,1390.699951171875,508
2026-09-09 13:25:00+05:30,1390.699951171875,1390.800048828125,1390.699951171875,1390.800048828125,654
2026-09-09 13:26:00+05:30,1390.800048828125,1390.800048828125,1390.699951171875,1390.800048828125,494
2026-09-09 13:27:00+05:30,1391.5,1391.5,1390.5,1390.699951171875,1293
2026-09-09 13:28:00+05:30,1391.4000244140625,1391.800048828125,1391.199951171875,1391.800048828125,683
2026-09-09 13:29:00+05:30,1392.199951171875,1392.199951171875,1391.0,1391.5999755859375,1827
2026-09-09 13:30:00+05:30,1392.0,1392.199951171875,1391.0,1392.199951171875,1191
2026-09-09 13:31:00+05:30,1392.0,1392.0999755859375,1391.800048828125,1392.0999755859375,405
2026-09-09 13:32:00+05:30,1391.9000244140625,1392.199951171875,1391.9000244140625,1392.0,849
2026-09-09 13:33:00+05:30,1391.699951171875,1392.0999755859375,1391.5,1392.0999755859375,438
2026-09-09 13:34:00+05:30,1391.5,1391.800048828125,1391.5,1391.699951171875,979
2026-09-09 13:35:00+05:30,1391.5999755859375,1391.699951171875,1391.4000244140625,1391.699951171875,494
2026-09-09 13:36:00+05:30,1392.0999755859375,1392.0999755859375,1391.300048828125,1391.5999755859375,2291
2026-09-09 13:37:00+05:30,1392.300048828125,1392.4000244140625,1392.0999755859375,1392.0999755859375,403
2026-09-09 13:38:00+05:30,1392.300048828125,1393.0,1392.300048828125,1392.800048828125,840
2026-09-09 13:39:00+05:30,1392.9000244140625,1393.0,1392.5,1392.699951171875,419
2026-09-09 13:40:00+05:30,1392.699951171875,1393.0999755859375,1392.199951171875,1393.0999755859375,1149
2026-09-09 13:41:00+05:30,1392.9000244140625,1393.199951171875,1392.5,1392.699951171875,912
2026-09-09 13:42:00+05:30,1393.0,1393.300048828125,1392.800048828125,1392.9000244140625,480
2026-09-09 13:43:00+05:30,1394.0,1394.0,1393.300048828125,1393.5,436
2026-09-09 13:44:00+05:30,1393.5999755859375,1394.4000244140625,1393.5999755859375,1394.4000244140625,1256
2026-09-09 13:45:00+05:30,1393.300048828125,1393.800048828125,1392.800048828125,1393.699951171875,1360
2026-09-09 13:46:00+05:30,1393.0999755859375,1393.800048828125,1392.5,1393.300048828125,1133
2026-09-09 13:47:00+05:30,1393.4000244140625,1393.5,1392.9000244140625,1393.4000244140625,1055
2026-09-09 13:48:00+05:30,1392.699951171875,1393.4000244140625,1392.699951171875,1393.4000244140625,349
2026-09-09 13:49:00+05:30,1392.800048828125,1392.800048828125,1392.699951171875,1392.800048828125,552
2026-09-09 13:50:00+05:30,1392.9000244140625,1393.4000244140625,1392.9000244140625,1393.199951171875,1164
2026-09-09 13:51:00+05:30,1393.0999755859375,1393.0999755859375,1392.9000244140625,1393.0,485
2026-09-09 13:52:00+05:30,1393.0,1393.0,1392.5999755859375,1393.0,927
2026-09-09 13:53:00+05:30,1392.800048828125,1392.800048828125,1392.5999755859375,1392.800048828125,988
2026-09-09 13:54:00+05:30,1392.5,1392.800048828125,1392.5,1392.699951171875,619
2026-09-09 13:55:00+05:30,1392.800048828125,1392.800048828125,1392.5,1392.5999755859375,845
2026-09-09 13:56:00+05:30,1392.699951171875,1392.9000244140625,1392.699951171875,1392.800048828125,393
2026-09-09 13:57:00+05:30,1393.199951171875,1393.199951171875,1392.699951171875,1392.9000244140625,934
2026-09-09 13:58:00+05:30,1393.699951171875,1393.699951171875,1393.0999755859375,1393.199951171875,1758
2026-09-09 13:59:00+05:30,1394.199951171875,1394.199951171875,1393.699951171875,1393.800048828125,933
2026-09-09 14:00:00+05:30,1394.199951171875,1394.199951171875,1393.9000244140625,1394.0,530
2026-09-09 14:01:00+05:30,1394.5,1394.5,1394.0999755859375,1394.199951171875,937
2026-09-09 14:02:00+05:30,1394.5999755859375,1395.0,1394.300048828125,1394.5,3454
2026-09-09 14:03:00+05:30,1395.5,1395.800048828125,1394.5,1394.5999755859375,2703
2026-09-09 14:04:00+05:30,1395.699951171875,1395.9000244140625,1395.300048828125,1395.5,4983
2026-09-09 14:05:00+05:30,1395.800048828125,1395.9000244140625,1395.0999755859375,1395.699951171875,1257
2026-09-09 14:06:00+05:30,1395.699951171875,1396.0,1395.4000244140625,1395.699951171875,1479
2026-09-09 14:07:00+05:30,1395.5999755859375,1395.9000244140625,1395.300048828125,1395.699951171875,1313
2026-09-09 14:08:00+05:30,1396.0,1396.0,1395.5999755859375,1395.5999755859375,727
2026-09-09 14:09:00+05:30,1394.4000244140625,1395.9000244140625,1394.0,1395.9000244140625,3845
2026-09-09 14:10:00+05:30,1394.4000244140625,1394.4000244140625,1394.300048828125,1394.300048828125,737
2026-09-09 14:11:00+05:30,1394.0,1394.5999755859375,1393.5999755859375,1394.4000244140625,1439
2026-09-09 14:12:00+05:30,1394.9000244140625,1395.0,1394.0,1394.0,1359
2026-09-09 14:13:00+05:30,1396.300048828125,1396.300048828125,1395.0,1395.0,2870
2026-09-09 14:14:00+05:30,1396.5999755859375,1396.5999755859375,1395.5,1396.4000244140625,3482
2026-09-09 14:15:00+05:30,1396.0999755859375,1396.5999755859375,1395.9000244140625,1396.5,1039
2026-09-09 14:16:00+05:30,1396.300048828125,1396.4000244140625,1396.0,1396.0999755859375,1062
2026-09-09 14:17:00+05:30,1396.4000244140625,1396.5,1396.199951171875,1396.300048828125,1075
2026-09-09 14:18:00+05:30,1396.199951171875,1396.300048828125,1396.0999755859375,1396.300048828125,1515
2026-09-09 14:19:00+05:30,1396.199951171875,1396.4000244140625,1396.0999755859375,1396.199951171875,1301
2026-09-09 14:20:00+05:30,1396.300048828125,1396.300048828125,1395.699951171875,1396.0,953
2026-09-09 14:21:00+05:30,1396.4000244140625,1396.5,1396.300048828125,1396.4000244140625,1194
2026-09-09 14:22:00+05:30,1396.5,1396.5,1396.300048828125,1396.4000244140625,833
2026-09-09 14:23:00+05:30,1396.5999755859375,1396.800048828125,1396.4000244140625,1396.5,3139
2026-09-09 14:24:00+05:30,1396.300048828125,1396.5999755859375,1396.300048828125,1396.5,1903
2026-09-09 14:25:00+05:30,1396.300048828125,1396.300048828125,1396.199951171875,1396.300048828125,555
2026-09-09 14:26:00+05:30,1396.5,1396.5999755859375,1396.5,1396.5999755859375,971
2026-09-09 14:27:00+05:30,1396.699951171875,1396.699951171875,1396.5,1396.5999755859375,1207
2026-09-09 14:28:00+05:30,1397.0,1397.0,1396.5999755859375,1396.699951171875,1983
2026-09-09 14:29:00+05:30,1396.800048828125,1396.800048828125,1396.199951171875,1396.5,2390
2026-09-09 14:30:00+05:30,1396.699951171875,1396.800048828125,1396.300048828125,1396.5999755859375,2537
2026-09-09 14:31:00+05:30,1396.5999755859375,1396.699951171875,1396.300048828125,1396.699951171875,2797
2026-09-09 14:32:00+05:30,1396.5999755859375,1396.5999755859375,1396.5,1396.5999755859375,654
2026-09-09 14:33:00+05:30,1396.0,1397.0,1396.0,1396.5,4189
2026-09-09 14:34:00+05:30,1396.800048828125,1396.800048828125,1396.4000244140625,1396.4000244140625,744
2026-09-09 14:35:00+05:30,1396.800048828125,1396.800048828125,1396.5999755859375,1396.800048828125,607
2026-09-09 14:36:00+05:30,1397.0,1397.0999755859375,1396.800048828125,1396.800048828125,1566
2026-09-09 14:37:00+05:30,1396.5999755859375,1397.0999755859375,1396.5999755859375,1397.0999755859375,4473
2026-09-09 14:38:00+05:30,1395.4000244140625,1396.4000244140625,1395.0,1396.4000244140625,1684
2026-09-09 14:39:00+05:30,1395.800048828125,1396.300048828125,1395.0,1395.4000244140625,5709
2026-09-09 14:40:00+05:30,1396.0,1396.0,1395.5999755859375,1395.5999755859375,1613
2026-09-09 14:41:00+05:30,1395.199951171875,1396.0,1395.0,1396.0,3631
2026-09-09 14:42:00+05:30,1395.300048828125,1395.300048828125,1395.199951171875,1395.199951171875,589
2026-09-09 14:43:00+05:30,1395.199951171875,1395.300048828125,1395.199951171875,1395.300048828125,623
2026-09-09 14:44:00+05:30,1395.0999755859375,1395.199951171875,1394.5,1395.199951171875,6550
2026-09-09 14:45:00+05:30,1394.199951171875,1395.0999755859375,1394.199951171875,1395.0999755859375,6405
2026-09-09 14:46:00+05:30,1394.699951171875,1394.800048828125,1394.300048828125,1394.800048828125,1344
2026-09-09 14:47:00+05:30,1394.300048828125,1394.300048828125,1393.5999755859375,1393.5999755859375,6710
2026-09-09 14:48:00+05:30,1395.0,1395.300048828125,1394.300048828125,1394.300048828125,2425
2026-09-09 14:49:00+05:30,1394.4000244140625,1395.0,1394.4000244140625,1395.0,3320
2026-09-09 14:50:00+05:30,1394.5999755859375,1394.5999755859375,1394.4000244140625,1394.4000244140625,2136
2026-09-09 14:51:00+05:30,1394.5999755859375,1394.5999755859375,1394.5,1394.5,819
2026-09-09 14:52:00+05:30,1394.800048828125,1394.800048828125,1394.5999755859375,1394.699951171875,2257
2026-09-09 14:53:00+05:30,1394.9000244140625,1395.0,1394.4000244140625,1394.699951171875,10385
2026-09-09 14:54:00+05:30,1395.300048828125,1395.300048828125,1394.9000244140625,1394.9000244140625,1391
2026-09-09 14:55:00+05:30,1394.5999755859375,1395.300048828125,1394.5999755859375,1395.0999755859375,3220
2026-09-09 14:56:00+05:30,1395.0999755859375,1395.0999755859375,1394.699951171875,1394.9000244140625,5191
2026-09-09 14:57:00+05:30,1395.0999755859375,1395.0999755859375,1394.9000244140625,1394.9000244140625,1959
2026-09-09 14:58:00+05:30,1395.4000244140625,1395.4000244140625,1395.0,1395.199951171875,5048
2026-09-09 14:59:00+05:30,1395.199951171875,1395.4000244140625,1395.0999755859375,1395.0999755859375,4461
2026-09-09 15:00:00+05:30,1395.0999755859375,1395.4000244140625,1395.0,1395.4000244140625,1919
2026-09-09 15:01:00+05:30,1394.0,1395.199951171875,1394.0,1395.0999755859375,12415
2026-09-09 15:02:00+05:30,1393.800048828125,1393.9000244140625,1393.5999755859375,1393.5999755859375,659
2026-09-09 15:03:00+05:30,1393.800048828125,1393.800048828125,1393.699951171875,1393.800048828125,2052
2026-09-09 15:04:00+05:30,1392.5999755859375,1393.800048828125,1392.5999755859375,1393.699951171875,10514
2026-09-09 15:05:00+05:30,1391.0,1392.0,1391.0,1392.0,14740
2026-09-09 15:06:00+05:30,1392.0,1392.0,1391.300048828125,1391.300048828125,1267
2026-09-09 15:07:00+05:30,1392.0,1392.5999755859375,1391.9000244140625,1392.300048828125,5468
2026-09-09 15:08:00+05:30,1392.0999755859375,1392.199951171875,1392.0,1392.0,3379
2026-09-09 15:09:00+05:30,1392.5,1392.5,1392.199951171875,1392.199951171875,3970
2026-09-09 15:10:00+05:30,1392.5,1392.5,1392.4000244140625,1392.5,6134
2026-09-09 15:11:00+05:30,1392.199951171875,1392.5,1392.199951171875,1392.4000244140625,7097
2026-09-09 15:12:00+05:30,1391.699951171875,1392.199951171875,1390.699951171875,1392.0999755859375,13766
2026-09-09 15:13:00+05:30,1392.9000244140625,1393.199951171875,1391.5,1391.5,3469
2026-09-09 15:14:00+05:30,1396.0,1396.0,1393.4000244140625,1393.4000244140625,4029
2026-09-09 15:15:00+05:30,1393.0,1395.9000244140625,1393.0,1395.9000244140625,58083
2026-09-10 09:15:00+05:30,1400.4000244140625,1401.800048828125,1394.0999755859375,1396.800048828125,0
2026-09-10 09:16:00+05:30,1397.4000244140625,1399.5999755859375,1396.800048828125,1398.4000244140625,5801
2026-09-10 09:17:00+05:30,1396.800048828125,1397.5999755859375,1396.199951171875,1396.199951171875,5003
2026-09-10 09:18:00+05:30,1393.9000244140625,1395.4000244140625,1393.9000244140625,1395.4000244140625,1287
2026-09-10 09:19:00+05:30,1394.0,1394.699951171875,1393.699951171875,1394.199951171875,913
2026-09-10 09:20:00+05:30,1394.699951171875,1395.300048828125,1393.9000244140625,1393.9000244140625,1681
2026-09-10 09:21:00+05:30,1395.5999755859375,1396.0,1395.0,1395.5999755859375,663
2026-09-10 09:22:00+05:30,1392.4000244140625,1395.5999755859375,1392.4000244140625,1395.5999755859375,1590
2026-09-10 09:23:00+05:30,1392.0,1393.4000244140625,1392.0,1393.4000244140625,707
2026-09-10 09:24:00+05:30,1392.4000244140625,1392.800048828125,1391.4000244140625,1392.699951171875,221
2026-09-10 09:25:00+05:30,1392.5999755859375,1392.9000244140625,1392.0,1392.4000244140625,739
2026-09-10 09:26:00+05:30,1393.800048828125,1393.800048828125,1392.800048828125,1392.800048828125,377
2026-09-10 09:27:00+05:30,1394.5,1394.699951171875,1393.800048828125,1393.800048828125,674
2026-09-10 09:28:00+05:30,1395.0,1395.199951171875,1394.5,1394.5,337
2026-09-10 09:29:00+05:30,1394.5999755859375,1395.0999755859375,1394.5,1395.0999755859375,541
2026-09-10 09:30:00+05:30,1393.4000244140625,1394.5,1393.0999755859375,1394.5,1089
2026-09-10 09:31:00+05:30,1396.0999755859375,1396.0999755859375,1393.300048828125,1393.300048828125,1005
2026-09-10 09:32:00+05:30,1395.5,1395.5,1394.699951171875,1394.699951171875,1091
2026-09-10 09:33:00+05:30,1396.699951171875,1396.699951171875,1394.699951171875,1395.4000244140625,969
2026-09-10 09:34:00+05:30,1396.5999755859375,1396.800048828125,1396.5,1396.699951171875,780
2026-09-10 09:35:00+05:30,1396.0999755859375,1396.699951171875,1396.0999755859375,1396.699951171875,213
2026-09-10 09:36:00+05:30,1396.5,1396.5999755859375,1396.5,1396.5999755859375,146
2026-09-10 09:37:00+05:30,1396.5,1396.5,1396.5,1396.5,91
2026-09-10 09:38:00+05:30,1395.9000244140625,1396.0999755859375,1395.5999755859375,1396.0999755859375,1502
2026-09-10 09:39:00+05:30,1395.9000244140625,1395.9000244140625,1395.800048828125,1395.9000244140625,78
2026-09-10 09:40:00+05:30,1396.0,1396.5,1395.5,1395.9000244140625,2956
2026-09-10 09:41:00+05:30,1395.4000244140625,1396.0,1395.4000244140625,1396.0,143
2026-09-10 09:42:00+05:30,1395.5999755859375,1395.5999755859375,1395.199951171875,1395.300048828125,338
2026-09-10 09:43:00+05:30,1396.0999755859375,1396.0999755859375,1395.5999755859375,1395.5999755859375,297
2026-09-10 09:44:00+05:30,1395.9000244140625,1396.4000244140625,1395.300048828125,1396.0999755859375,618
2026-09-10 09:45:00+05:30,1396.5,1396.5,1396.199951171875,1396.199951171875,1793
2026-09-10 09:46:00+05:30,1396.5,1396.5,1396.0999755859375,1396.300048828125,383
2026-09-10 09:47:00+05:30,1396.5,1396.5,1396.0999755859375,1396.300048828125,189
2026-09-10 09:48:00+05:30,1394.699951171875,1396.5,1394.5,1396.5,2390
2026-09-10 09:49:00+05:30,1392.5,1394.0999755859375,1392.0,1394.0999755859375,3786
2026-09-10 09:50:00+05:30,1391.800048828125,1392.300048828125,1391.699951171875,1392.0,1113
2026-09-10 09:51:00+05:30,1392.800048828125,1392.800048828125,1391.9000244140625,1391.9000244140625,474
2026-09-10 09:52:00+05:30,1393.199951171875,1393.4000244140625,1392.300048828125,1392.800048828125,903
2026-09-10 09:53:00+05:30,1392.5999755859375,1393.0999755859375,1392.5999755859375,1392.699951171875,129
2026-09-10 09:54:00+05:30,1392.4000244140625,1393.0,1392.4000244140625,1393.0,420
2026-09-10 09:55:00+05:30,1394.0999755859375,1394.0999755859375,1392.300048828125,1392.4000244140625,582
2026-09-10 09:56:00+05:30,1393.699951171875,1394.4000244140625,1393.0999755859375,1393.699951171875,1024
2026-09-10 09:57:00+05:30,1393.800048828125,1394.0,1393.199951171875,1393.199951171875,1207
2026-09-10 09:58:00+05:30,1393.0999755859375,1393.699951171875,1393.0999755859375,1393.0999755859375,217
2026-09-10 09:59:00+05:30,1392.300048828125,1393.4000244140625,1392.300048828125,1393.0999755859375,978
2026-09-10 10:00:00+05:30,1392.199951171875,1392.800048828125,1392.199951171875,1392.800048828125,643
2026-09-10 10:01:00+05:30,1391.699951171875,1392.199951171875,1391.699951171875,1392.0999755859375,472
2026-09-10 10:02:00+05:30,1390.5,1392.0,1390.5,1392.0,1467
2026-09-10 10:03:00+05:30,1391.9000244140625,1391.9000244140625,1390.199951171875,1390.300048828125,4588
2026-09-10 10:04:00+05:30,1391.9000244140625,1392.0,1391.5,1391.9000244140625,4567
2026-09-10 10:05:00+05:30,1394.4000244140625,1394.4000244140625,1391.9000244140625,1391.9000244140625,3650
2026-09-10 10:06:00+05:30,1393.9000244140625,1394.300048828125,1393.5999755859375,1394.300048828125,787
2026-09-10 10:07:00+05:30,1394.5999755859375,1394.699951171875,1393.9000244140625,1393.9000244140625,2692
2026-09-10 10:08:00+05:30,1394.5,1395.0,1394.300048828125,1395.0,1252
2026-09-10 10:09:00+05:30,1394.9000244140625,1395.0,1394.5999755859375,1394.5999755859375,388
2026-09-10 10:10:00+05:30,1395.300048828125,1395.699951171875,1394.699951171875,1394.9000244140625,3752
2026-09-10 10:11:00+05:30,1394.0,1395.300048828125,1393.800048828125,1395.0999755859375,1215
2026-09-10 10:12:00+05:30,1393.4000244140625,1394.5999755859375,1393.4000244140625,1394.5999755859375,459
2026-09-10 10:13:00+05:30,1393.800048828125,1394.0,1393.5999755859375,1393.5999755859375,86
2026-09-10 10:14:00+05:30,1394.0999755859375,1394.199951171875,1393.5999755859375,1393.800048828125,539
2026-09-10 10:15:00+05:30,1394.300048828125,1394.4000244140625,1394.0999755859375,1394.0999755859375,636
2026-09-10 10:16:00+05:30,1394.5,1394.5,1393.9000244140625,1394.300048828125,697
2026-09-10 10:17:00+05:30,1394.300048828125,1394.300048828125,1394.0,1394.0999755859375,117
2026-09-10 10:18:00+05:30,1394.199951171875,1394.4000244140625,1394.199951171875,1394.4000244140625,367
2026-09-10 10:19:00+05:30,1393.699951171875,1394.4000244140625,1393.699951171875,1394.4000244140625,490
2026-09-10 10:20:00+05:30,1393.4000244140625,1393.800048828125,1393.199951171875,1393.699951171875,720
2026-09-10 10:21:00+05:30,1393.199951171875,1393.4000244140625,1393.0999755859375,1393.4000244140625,424
2026-09-10 10:22:00+05:30,1392.9000244140625,1393.199951171875,1392.800048828125,1393.199951171875,141
2026-09-10 10:23:00+05:30,1392.9000244140625,1393.0,1392.800048828125,1393.0,412
2026-09-10 10:24:00+05:30,1392.9000244140625,1393.0,1392.699951171875,1393.0,284
2026-09-10 10:25:00+05:30,1392.0,1392.800048828125,1391.699951171875,1392.5,584
2026-09-10 10:26:00+05:30,1392.300048828125,1392.5,1392.0999755859375,1392.300048828125,245
2026-09-10 10:27:00+05:30,1392.0,1392.5,1392.0,1392.5,218
2026-09-10 10:28:00+05:30,1392.199951171875,1392.300048828125,1392.0,1392.0,307
2026-09-10 10:29:00+05:30,1391.800048828125,1392.300048828125,1391.4000244140625,1392.199951171875,1143
2026-09-10 10:30:00+05:30,1389.9000244140625,1392.0,1389.4000244140625,1392.0,4257
2026-09-10 10:31:00+05:30,1389.9000244140625,1390.0,1389.9000244140625,1390.0,993
2026-09-10 10:32:00+05:30,1390.0,1390.0,1389.9000244140625,1390.0,851
2026-09-10 10:33:00+05:30,1389.9000244140625,1390.0,1389.9000244140625,1390.0,1415
2026-09-10 10:34:00+05:30,1390.0,1390.0,1389.9000244140625,1389.9000244140625,4304
2026-09-10 10:35:00+05:30,1390.0,1390.0,1389.9000244140625,1390.0,2531
2026-09-10 10:36:00+05:30,1389.9000244140625,1390.0,1389.9000244140625,1389.9000244140625,1047
2026-09-10 10:37:00+05:30,1389.9000244140625,1390.0,1389.9000244140625,1389.9000244140625,92
2026-09-10 10:38:00+05:30,1389.9000244140625,1390.0,1389.9000244140625,1390.0,1926
2026-09-10 10:39:00+05:30,1389.9000244140625,1390.0,1389.9000244140625,1390.0,560
2026-09-10 10:40:00+05:30,1389.9000244140625,1390.0,1389.9000244140625,1390.0,9211
2026-09-10 10:41:00+05:30,1389.9000244140625,1390.0,1389.9000244140625,1389.9000244140625,507
2026-09-10 10:42:00+05:30,1390.0,1390.199951171875,1389.9000244140625,1390.0,8795
2026-09-10 10:43:00+05:30,1390.0,1390.5,1389.9000244140625,1390.0,19499
2026-09-10 10:44:00+05:30,1390.0,1390.5,1389.9000244140625,1390.0,7823
2026-09-10 10:45:00+05:30,1390.0,1390.0,1390.0,1390.0,1180
2026-09-10 10:46:00+05:30,1389.9000244140625,1390.0,1389.800048828125,1390.0,1245
2026-09-10 10:47:00+05:30,1390.0,1390.0,1389.9000244140625,1390.0,277
2026-09-10 10:48:00+05:30,1389.699951171875,1390.0,1388.699951171875,1390.0,3559
2026-09-10 10:49:00+05:30,1389.5999755859375,1389.800048828125,1389.0999755859375,1389.800048828125,1648
2026-09-10 10:50:00+05:30,1389.0999755859375,1389.5999755859375,1389.0999755859375,1389.5999755859375,307
2026-09-10 10:51:00+05:30,1389.300048828125,1389.5999755859375,1389.0,1389.5,291
2026-09-10 10:52:00+05:30,1389.0999755859375,1389.4000244140625,1389.0999755859375,1389.300048828125,190
2026-09-10 10:53:00+05:30,1389.0,1389.199951171875,1388.800048828125,1389.0999755859375,791
2026-09-10 10:54:00+05:30,1388.4000244140625,1389.0,1388.300048828125,1389.0,2517
2026-09-10 10:55:00+05:30,1388.800048828125,1388.800048828125,1388.4000244140625,1388.800048828125,151
2026-09-10 10:56:00+05:30,1388.9000244140625,1388.9000244140625,1388.800048828125,1388.800048828125,297
2026-09-10 10:57:00+05:30,1388.800048828125,1388.800048828125,1388.699951171875,1388.800048828125,709
2026-09-10 10:58:00+05:30,1388.699951171875,1388.699951171875,1388.4000244140625,1388.4000244140625,286
2026-09-10 10:59:00+05:30,1389.0,1389.0,1388.5999755859375,1388.699951171875,465
2026-09-10 11:00:00+05:30,1389.0,1389.0,1388.5999755859375,1389.0,314
2026-09-10 11:01:00+05:30,1386.4000244140625,1389.0,1386.4000244140625,1389.0,2654
2026-09-10 11:02:00+05:30,1386.800048828125,1386.800048828125,1386.300048828125,1386.5,1870
2026-09-10 11:03:00+05:30,1386.699951171875,1386.800048828125,1386.699951171875,1386.699951171875,152
2026-09-10 11:04:00+05:30,1387.0,1387.199951171875,1386.800048828125,1386.800048828125,478
2026-09-10 11:05:00+05:30,1386.5999755859375,1387.199951171875,1386.5999755859375,1387.199951171875,373
2026-09-10 11:06:00+05:30,1387.0999755859375,1387.0999755859375,1386.5999755859375,1387.0,500
2026-09-10 11:07:00+05:30,1387.0,1387.300048828125,1387.0,1387.199951171875,665
2026-09-10 11:08:00+05:30,1386.800048828125,1386.9000244140625,1386.5999755859375,1386.9000244140625,315
2026-09-10 11:09:00+05:30,1386.300048828125,1386.9000244140625,1386.300048828125,1386.800048828125,374
2026-09-10 11:10:00+05:30,1386.5,1386.800048828125,1386.5,1386.699951171875,38
2026-09-10 11:11:00+05:30,1386.5,1386.5999755859375,1386.199951171875,1386.5999755859375,59
2026-09-10 11:12:00+05:30,1386.800048828125,1386.800048828125,1386.0,1386.199951171875,3325
2026-09-10 11:13:00+05:30,1387.0999755859375,1387.0999755859375,1386.4000244140625,1387.0,114
2026-09-10 11:14:00+05:30,1387.5999755859375,1387.5999755859375,1387.0999755859375,1387.0999755859375,1003
2026-09-10 11:15:00+05:30,1387.4000244140625,1387.699951171875,1387.0999755859375,1387.5999755859375,1556
2026-09-10 11:16:00+05:30,1387.4000244140625,1387.5999755859375,1387.4000244140625,1387.4000244140625,65
2026-09-10 11:17:00+05:30,1387.5,1387.5,1387.0999755859375,1387.5,450
2026-09-10 11:18:00+05:30,1387.199951171875,1387.5,1387.0999755859375,1387.5,232
2026-09-10 11:19:00+05:30,1387.5,1387.5999755859375,1387.0999755859375,1387.5999755859375,226
2026-09-10 11:20:00+05:30,1387.699951171875,1387.699951171875,1387.0,1387.0999755859375,1607
2026-09-10 11:21:00+05:30,1387.4000244140625,1387.5,1387.0999755859375,1387.5,145
2026-09-10 11:22:00+05:30,1387.4000244140625,1387.4000244140625,1387.0999755859375,1387.0999755859375,448
2026-09-10 11:23:00+05:30,1387.0999755859375,1387.5999755859375,1387.0999755859375,1387.5999755859375,153
2026-09-10 11:24:00+05:30,1387.0999755859375,1387.5999755859375,1387.0999755859375,1387.5999755859375,645
2026-09-10 11:25:00+05:30,1387.300048828125,1387.300048828125,1387.0,1387.0999755859375,109
2026-09-10 11:26:00+05:30,1387.199951171875,1387.300048828125,1387.0,1387.300048828125,255
2026-09-10 11:27:00+05:30,1386.199951171875,1387.199951171875,1386.199951171875,1387.199951171875,1933
2026-09-10 11:28:00+05:30,1386.4000244140625,1386.5999755859375,1386.300048828125,1386.5,344
2026-09-10 11:29:00+05:30,1386.5999755859375,1386.5999755859375,1386.199951171875,1386.199951171875,133
2026-09-10 11:30:00+05:30,1387.0,1387.0,1386.5,1386.5999755859375,365
2026-09-10 11:31:00+05:30,1386.9000244140625,1387.0,1386.5999755859375,1387.0,137
2026-09-10 11:32:00+05:30,1386.300048828125,1387.0,1386.0999755859375,1386.9000244140625,713
2026-09-10 11:33:00+05:30,1386.300048828125,1386.5,1386.0,1386.4000244140625,730
2026-09-10 11:34:00+05:30,1385.5999755859375,1386.300048828125,1385.5,1386.300048828125,889
2026-09-10 11:35:00+05:30,1385.4000244140625,1386.0999755859375,1385.4000244140625,1386.0999755859375,323
2026-09-10 11:36:00+05:30,1385.300048828125,1385.9000244140625,1385.300048828125,1385.9000244140625,353
2026-09-10 11:37:00+05:30,1385.800048828125,1385.9000244140625,1385.300048828125,1385.9000244140625,414
2026-09-10 11:38:00+05:30,1385.4000244140625,1386.0,1385.300048828125,1385.800048828125,554
2026-09-10 11:39:00+05:30,1385.800048828125,1385.800048828125,1385.4000244140625,1385.800048828125,66
2026-09-10 11:40:00+05:30,1385.800048828125,1385.800048828125,1385.300048828125,1385.300048828125,342
2026-09-10 11:41:00+05:30,1385.300048828125,1385.800048828125,1385.300048828125,1385.800048828125,362
2026-09-10 11:42:00+05:30,1385.800048828125,1385.800048828125,1385.300048828125,1385.800048828125,652
2026-09-10 11:43:00+05:30,1386.0,1386.0,1385.699951171875,1385.800048828125,863
2026-09-10 11:44:00+05:30,1385.5999755859375,1386.0,1385.5999755859375,1386.0,401
2026-09-10 11:45:00+05:30,1386.0,1386.0,1385.5,1385.5999755859375,754
2026-09-10 11:46:00+05:30,1386.199951171875,1386.199951171875,1385.800048828125,1386.0999755859375,164
2026-09-10 11:47:00+05:30,1386.199951171875,1386.199951171875,1385.800048828125,1386.199951171875,52
2026-09-10 11:48:00+05:30,1386.300048828125,1386.300048828125,1385.800048828125,1386.199951171875,480
2026-09-10 11:49:00+05:30,1386.300048828125,1386.699951171875,1386.300048828125,1386.4000244140625,270
2026-09-10 11:50:00+05:30,1386.699951171875,1386.800048828125,1386.300048828125,1386.300048828125,1532
2026-09-10 11:51:00+05:30,1386.4000244140625,1387.0,1386.300048828125,1386.300048828125,222
2026-09-10 11:52:00+05:30,1386.800048828125,1387.0,1386.5,1387.0,524
2026-09-10 11:53:00+05:30,1386.9000244140625,1387.0,1386.5,1386.5,51
2026-09-10 11:54:00+05:30,1387.0,1387.0,1386.4000244140625,1387.0,654
2026-09-10 11:55:00+05:30,1386.5999755859375,1387.0,1386.5999755859375,1387.0,398
2026-09-10 11:56:00+05:30,1386.5,1386.9000244140625,1386.5,1386.5,156
2026-09-10 11:57:00+05:30,1386.800048828125,1386.800048828125,1386.5,1386.800048828125,131
2026-09-10 11:58:00+05:30,1386.199951171875,1386.800048828125,1386.199951171875,1386.800048828125,481
2026-09-10 11:59:00+05:30,1386.5,1386.5999755859375,1386.0999755859375,1386.5999755859375,440
2026-09-10 12:00:00+05:30,1386.0999755859375,1386.5,1386.0999755859375,1386.5,266
2026-09-10 12:01:00+05:30,1386.0999755859375,1386.5,1386.0999755859375,1386.4000244140625,804
2026-09-10 12:02:00+05:30,1386.4000244140625,1386.4000244140625,1386.0999755859375,1386.0999755859375,360
2026-09-10 12:03:00+05:30,1386.4000244140625,1386.699951171875,1386.300048828125,1386.4000244140625,633
2026-09-10 12:04:00+05:30,1386.9000244140625,1386.9000244140625,1386.4000244140625,1386.699951171875,352
2026-09-10 12:05:00+05:30,1387.0999755859375,1387.300048828125,1386.5999755859375,1386.9000244140625,960
2026-09-10 12:06:00+05:30,1387.0,1387.300048828125,1386.5999755859375,1386.9000244140625,414
2026-09-10 12:07:00+05:30,1386.800048828125,1387.199951171875,1386.699951171875,1386.800048828125,436
2026-09-10 12:08:00+05:30,1386.800048828125,1387.0,1386.5,1386.5999755859375,333
2026-09-10 12:09:00+05:30,1386.699951171875,1387.0,1386.5,1386.9000244140625,168
2026-09-10 12:10:00+05:30,1386.9000244140625,1386.9000244140625,1386.5,1386.5,254
2026-09-10 12:11:00+05:30,1387.0999755859375,1387.0999755859375,1387.0,1387.0999755859375,314
2026-09-10 12:12:00+05:30,1386.800048828125,1387.0999755859375,1386.699951171875,1387.0999755859375,390
2026-09-10 12:13:00+05:30,1387.0,1387.0999755859375,1386.9000244140625,1387.0,466
2026-09-10 12:14:00+05:30,1387.0,1387.0999755859375,1386.9000244140625,1387.0999755859375,459
2026-09-10 12:15:00+05:30,1387.199951171875,1387.300048828125,1386.699951171875,1387.300048828125,296
2026-09-10 12:16:00+05:30,1387.199951171875,1387.199951171875,1386.699951171875,1387.0,324
2026-09-10 12:17:00+05:30,1386.9000244140625,1387.199951171875,1386.9000244140625,1387.199951171875,276
2026-09-10 12:18:00+05:30,1386.800048828125,1387.199951171875,1386.800048828125,1387.199951171875,455
2026-09-10 12:19:00+05:30,1387.0,1387.199951171875,1386.800048828125,1387.199951171875,659
2026-09-10 12:20:00+05:30,1386.800048828125,1387.199951171875,1386.800048828125,1387.0999755859375,423
2026-09-10 12:21:00+05:30,1386.5999755859375,1387.300048828125,1386.5999755859375,1387.199951171875,460
2026-09-10 12:22:00+05:30,1386.5999755859375,1387.300048828125,1386.5999755859375,1386.9000244140625,824
2026-09-10 12:23:00+05:30,1386.9000244140625,1387.199951171875,1386.9000244140625,1387.0,364
2026-09-10 12:24:00+05:30,1387.0,1387.199951171875,1386.699951171875,1387.199951171875,557
2026-09-10 12:25:00+05:30,1387.4000244140625,1387.4000244140625,1387.199951171875,1387.199951171875,708
2026-09-10 12:26:00+05:30,1387.4000244140625,1387.4000244140625,1387.300048828125,1387.300048828125,575
2026-09-10 12:27:00+05:30,1387.4000244140625,1387.4000244140625,1387.300048828125,1387.4000244140625,320
2026-09-10 12:28:00+05:30,1387.4000244140625,1387.4000244140625,1387.300048828125,1387.4000244140625,256
2026-09-10 12:29:00+05:30,1387.300048828125,1387.4000244140625,1387.199951171875,1387.4000244140625,238
2026-09-10 12:30:00+05:30,1387.5,1387.5,1387.199951171875,1387.300048828125,270
2026-09-10 12:31:00+05:30,1387.199951171875,1387.5,1387.199951171875,1387.5,367
2026-09-10 12:32:00+05:30,1387.5,1387.5,1387.199951171875,1387.5,49
2026-09-10 12:33:00+05:30,1387.4000244140625,1387.5,1387.300048828125,1387.5,92
2026-09-10 12:34:00+05:30,1387.0999755859375,1387.5999755859375,1387.0999755859375,1387.300048828125,427
2026-09-10 12:35:00+05:30,1387.0999755859375,1387.0999755859375,1387.0999755859375,1387.0999755859375,272
2026-09-10 12:36:00+05:30,1387.0999755859375,1387.0999755859375,1387.0,1387.0999755859375,269
2026-09-10 12:37:00+05:30,1384.5,1387.300048828125,1384.4000244140625,1387.300048828125,21126
2026-09-10 12:38:00+05:30,1384.5,1385.0,1384.5,1384.699951171875,1920
2026-09-10 12:39:00+05:30,1385.0,1385.0,1384.5,1384.699951171875,1053
2026-09-10 12:40:00+05:30,1384.4000244140625,1385.199951171875,1384.4000244140625,1385.0,2729
2026-09-10 12:41:00+05:30,1384.0,1384.699951171875,1384.0,1384.699951171875,413
2026-09-10 12:42:00+05:30,1383.5,1384.5,1383.5,1384.5,1340
2026-09-10 12:43:00+05:30,1384.5,1384.5999755859375,1384.0,1384.5,722
2026-09-10 12:44:00+05:30,1384.199951171875,1384.5,1384.199951171875,1384.199951171875,281
2026-09-10 12:45:00+05:30,1384.5999755859375,1384.5999755859375,1384.300048828125,1384.5,613
2026-09-10 12:46:00+05:30,1382.699951171875,1384.699951171875,1382.199951171875,1384.5999755859375,6796
2026-09-10 12:47:00+05:30,1382.9000244140625,1382.9000244140625,1382.699951171875,1382.699951171875,1323
2026-09-10 12:48:00+05:30,1383.199951171875,1383.199951171875,1382.800048828125,1382.9000244140625,401
2026-09-10 12:49:00+05:30,1382.9000244140625,1383.5,1382.9000244140625,1383.4000244140625,2979
2026-09-10 12:50:00+05:30,1383.9000244140625,1383.9000244140625,1383.300048828125,1383.4000244140625,595
2026-09-10 12:51:00+05:30,1383.9000244140625,1384.0999755859375,1383.5,1383.9000244140625,681
2026-09-10 12:52:00+05:30,1383.5999755859375,1384.0999755859375,1383.0,1384.0999755859375,1962
2026-09-10 12:53:00+05:30,1383.0999755859375,1383.5,1383.0999755859375,1383.5,285
2026-09-10 12:54:00+05:30,1383.4000244140625,1383.5,1383.0999755859375,1383.5,523
2026-09-10 12:55:00+05:30,1383.199951171875,1383.5,1383.199951171875,1383.4000244140625,1043
2026-09-10 12:56:00+05:30,1383.199951171875,1383.5,1383.199951171875,1383.4000244140625,602
2026-09-10 12:57:00+05:30,1383.5999755859375,1383.800048828125,1383.199951171875,1383.699951171875,1667
2026-09-10 12:58:00+05:30,1383.4000244140625,1383.699951171875,1383.199951171875,1383.199951171875,194
2026-09-10 12:59:00+05:30,1383.199951171875,1383.5999755859375,1383.199951171875,1383.5999755859375,3329
2026-09-10 13:00:00+05:30,1383.199951171875,1383.5999755859375,1383.199951171875,1383.5999755859375,611
2026-09-10 13:01:00+05:30,1383.199951171875,1383.5,1383.199951171875,1383.5,187
2026-09-10 13:02:00+05:30,1384.4000244140625,1384.5,1383.199951171875,1383.5,2744
2026-09-10 13:03:00+05:30,1384.4000244140625,1384.5,1384.0,1384.300048828125,724
2026-09-10 13:04:00+05:30,1384.5,1384.5,1384.0,1384.5,514
2026-09-10 13:05:00+05:30,1383.699951171875,1384.4000244140625,1383.699951171875,1384.4000244140625,4146
2026-09-10 13:06:00+05:30,1383.9000244140625,1383.9000244140625,1383.199951171875,1383.9000244140625,648
2026-09-10 13:07:00+05:30,1383.9000244140625,1383.9000244140625,1383.5999755859375,1383.9000244140625,73
2026-09-10 13:08:00+05:30,1384.0,1384.0,1383.9000244140625,1383.9000244140625,757
2026-09-10 13:09:00+05:30,1384.0999755859375,1384.300048828125,1383.9000244140625,1383.9000244140625,1096
2026-09-10 13:10:00+05:30,1384.300048828125,1384.300048828125,1384.0999755859375,1384.300048828125,206
2026-09-10 13:11:00+05:30,1384.699951171875,1385.199951171875,1384.5999755859375,1384.5999755859375,1565
2026-09-10 13:12:00+05:30,1385.0999755859375,1385.4000244140625,1384.699951171875,1385.0999755859375,391
2026-09-10 13:13:00+05:30,1384.699951171875,1385.199951171875,1384.699951171875,1385.0999755859375,1606
2026-09-10 13:14:00+05:30,1385.0,1385.0999755859375,1384.699951171875,1385.0999755859375,409
2026-09-10 13:15:00+05:30,1383.699951171875,1386.300048828125,1383.5,1385.0,6734
2026-09-10 13:16:00+05:30,1383.9000244140625,1384.199951171875,1383.9000244140625,1384.199951171875,96
2026-09-10 13:17:00+05:30,1384.5999755859375,1384.699951171875,1384.0999755859375,1384.199951171875,334
2026-09-10 13:18:00+05:30,1384.800048828125,1384.800048828125,1384.4000244140625,1384.800048828125,128
2026-09-10 13:19:00+05:30,1384.199951171875,1384.9000244140625,1384.199951171875,1384.800048828125,3438
2026-09-10 13:20:00+05:30,1384.300048828125,1384.300048828125,1384.199951171875,1384.199951171875,234
2026-09-10 13:21:00+05:30,1384.300048828125,1384.300048828125,1384.0,1384.300048828125,180
2026-09-10 13:22:00+05:30,1384.300048828125,1384.4000244140625,1384.0,1384.4000244140625,354
2026-09-10 13:23:00+05:30,1384.0999755859375,1384.5,1384.0999755859375,1384.300048828125,565
2026-09-10 13:24:00+05:30,1384.5,1384.5,1384.5,1384.5,256
2026-09-10 13:25:00+05:30,1384.4000244140625,1384.5,1384.4000244140625,1384.5,408
2026-09-10 13:26:00+05:30,1384.5999755859375,1384.800048828125,1384.5999755859375,1384.5999755859375,444
2026-09-10 13:27:00+05:30,1384.9000244140625,1385.0,1384.699951171875,1384.699951171875,2965
2026-09-10 13:28:00+05:30,1384.5,1384.699951171875,1384.300048828125,1384.699951171875,673
2026-09-10 13:29:00+05:30,1384.300048828125,1384.5,1384.300048828125,1384.5,246
2026-09-10 13:30:00+05:30,1384.5,1384.5,1384.300048828125,1384.4000244140625,587
2026-09-10 13:31:00+05:30,1384.5,1384.5,1384.300048828125,1384.5,157
2026-09-10 13:32:00+05:30,1384.0,1384.5,1384.0,1384.5,1212
2026-09-10 13:33:00+05:30,1383.0999755859375,1384.199951171875,1383.0999755859375,1384.199951171875,1421
2026-09-10 13:34:00+05:30,1383.0,1383.5,1382.4000244140625,1383.0999755859375,1702
2026-09-10 13:35:00+05:30,1383.699951171875,1383.699951171875,1382.699951171875,1382.699951171875,2430
2026-09-10 13:36:00+05:30,1383.699951171875,1384.0999755859375,1383.5,1384.0999755859375,308
2026-09-10 13:37:00+05:30,1384.0,1384.0999755859375,1383.699951171875,1384.0999755859375,77
2026-09-10 13:38:00+05:30,1384.5,1384.5,1384.0,1384.0,253
2026-09-10 13:39:00+05:30,1384.5,1384.5,1384.0999755859375,1384.0999755859375,1006
2026-09-10 13:40:00+05:30,1384.5,1384.5,1383.699951171875,1384.199951171875,3588
2026-09-10 13:41:00+05:30,1384.4000244140625,1384.699951171875,1384.0999755859375,1384.5,1038
2026-09-10 13:42:00+05:30,1384.4000244140625,1384.699951171875,1384.0999755859375,1384.699951171875,1006
2026-09-10 13:43:00+05:30,1384.4000244140625,1384.4000244140625,1384.0999755859375,1384.4000244140625,140
2026-09-10 13:44:00+05:30,1384.4000244140625,1384.4000244140625,1384.0999755859375,1384.4000244140625,806
2026-09-10 13:45:00+05:30,1384.0,1384.4000244140625,1384.0,1384.4000244140625,1062
2026-09-10 13:46:00+05:30,1383.800048828125,1384.0,1383.300048828125,1384.0,896
2026-09-10 13:47:00+05:30,1383.800048828125,1383.9000244140625,1383.800048828125,1383.800048828125,391
2026-09-10 13:48:00+05:30,1383.800048828125,1383.9000244140625,1383.5,1383.9000244140625,568
2026-09-10 13:49:00+05:30,1383.5,1383.800048828125,1383.5,1383.800048828125,454
2026-09-10 13:50:00+05:30,1383.699951171875,1383.800048828125,1383.5,1383.800048828125,882
2026-09-10 13:51:00+05:30,1383.5,1383.699951171875,1383.5,1383.699951171875,587
2026-09-10 13:52:00+05:30,1383.699951171875,1383.699951171875,1383.5,1383.699951171875,509
2026-09-10 13:53:00+05:30,1383.0999755859375,1383.5999755859375,1383.0,1383.5999755859375,1610
2026-09-10 13:54:00+05:30,1383.0999755859375,1383.5,1383.0999755859375,1383.5,275
2026-09-10 13:55:00+05:30,1383.5,1383.5999755859375,1383.199951171875,1383.5999755859375,268
2026-09-10 13:56:00+05:30,1383.199951171875,1383.5,1383.199951171875,1383.199951171875,770
2026-09-10 13:57:00+05:30,1383.300048828125,1383.4000244140625,1383.199951171875,1383.4000244140625,441
2026-09-10 13:58:00+05:30,1383.0,1383.300048828125,1383.0,1383.300048828125,1845
2026-09-10 13:59:00+05:30,1382.699951171875,1383.0,1382.5,1382.800048828125,187
2026-09-10 14:00:00+05:30,1382.5999755859375,1383.0,1382.5999755859375,1383.0,1223
2026-09-10 14:01:00+05:30,1382.9000244140625,1382.9000244140625,1382.800048828125,1382.9000244140625,164
2026-09-10 14:02:00+05:30,1384.0999755859375,1384.0999755859375,1383.0,1383.0999755859375,2315
2026-09-10 14:03:00+05:30,1383.4000244140625,1383.800048828125,1383.4000244140625,1383.800048828125,555
2026-09-10 14:04:00+05:30,1383.0999755859375,1383.4000244140625,1383.0999755859375,1383.4000244140625,403
2026-09-10 14:05:00+05:30,1382.9000244140625,1383.300048828125,1382.800048828125,1383.0999755859375,785
2026-09-10 14:06:00+05:30,1382.5999755859375,1382.9000244140625,1382.5999755859375,1382.9000244140625,495
2026-09-10 14:07:00+05:30,1382.800048828125,1382.800048828125,1382.5999755859375,1382.800048828125,388
2026-09-10 14:08:00+05:30,1383.0999755859375,1383.0999755859375,1382.5999755859375,1382.800048828125,2475
2026-09-10 14:09:00+05:30,1383.300048828125,1383.300048828125,1382.800048828125,1382.800048828125,599
2026-09-10 14:10:00+05:30,1383.300048828125,1383.5999755859375,1383.300048828125,1383.4000244140625,593
2026-09-10 14:11:00+05:30,1382.9000244140625,1383.5999755859375,1382.9000244140625,1383.5999755859375,1214
2026-09-10 14:12:00+05:30,1382.0999755859375,1383.300048828125,1382.0999755859375,1382.9000244140625,1167
2026-09-10 14:13:00+05:30,1382.0,1382.699951171875,1381.5999755859375,1382.5999755859375,1548
2026-09-10 14:14:00+05:30,1381.800048828125,1382.0,1381.5999755859375,1381.5999755859375,139
2026-09-10 14:15:00+05:30,1381.699951171875,1382.0,1381.699951171875,1381.699951171875,1053
2026-09-10 14:16:00+05:30,1382.300048828125,1382.300048828125,1381.699951171875,1381.699951171875,778
2026-09-10 14:17:00+05:30,1382.300048828125,1382.300048828125,1382.0,1382.0,922
2026-09-10 14:18:00+05:30,1382.0999755859375,1382.300048828125,1382.0999755859375,1382.0999755859375,823
2026-09-10 14:19:00+05:30,1382.300048828125,1382.300048828125,1382.0999755859375,1382.0999755859375,88
2026-09-10 14:20:00+05:30,1383.5999755859375,1383.5999755859375,1382.699951171875,1382.699951171875,1123
2026-09-10 14:21:00+05:30,1383.800048828125,1383.9000244140625,1383.300048828125,1383.5999755859375,2064
2026-09-10 14:22:00+05:30,1383.4000244140625,1384.0,1383.4000244140625,1383.800048828125,3269
2026-09-10 14:23:00+05:30,1383.4000244140625,1383.5,1383.0,1383.0,576
2026-09-10 14:24:00+05:30,1383.5,1383.5999755859375,1383.5,1383.5999755859375,702
2026-09-10 14:25:00+05:30,1383.5,1383.5999755859375,1383.4000244140625,1383.5999755859375,723
2026-09-10 14:26:00+05:30,1382.9000244140625,1383.699951171875,1382.9000244140625,1383.5,1519
2026-09-10 14:27:00+05:30,1383.199951171875,1383.300048828125,1383.0,1383.300048828125,43
2026-09-10 14:28:00+05:30,1382.9000244140625,1383.300048828125,1382.5999755859375,1383.199951171875,903
2026-09-10 14:29:00+05:30,1382.199951171875,1382.800048828125,1382.199951171875,1382.5999755859375,1214
2026-09-10 14:30:00+05:30,1382.4000244140625,1382.4000244140625,1382.0999755859375,1382.4000244140625,366
2026-09-10 14:31:00+05:30,1381.9000244140625,1382.4000244140625,1381.699951171875,1382.4000244140625,1361
2026-09-10 14:32:00+05:30,1381.9000244140625,1381.9000244140625,1381.5999755859375,1381.5999755859375,364
2026-09-10 14:33:00+05:30,1381.9000244140625,1381.9000244140625,1381.699951171875,1381.800048828125,688
2026-09-10 14:34:00+05:30,1381.9000244140625,1381.9000244140625,1381.5,1381.9000244140625,800
2026-09-10 14:35:00+05:30,1381.9000244140625,1381.9000244140625,1381.699951171875,1381.699951171875,498
2026-09-10 14:36:00+05:30,1381.699951171875,1381.9000244140625,1381.699951171875,1381.699951171875,288
2026-09-10 14:37:00+05:30,1381.5,1381.800048828125,1381.5,1381.699951171875,2299
2026-09-10 14:38:00+05:30,1381.5,1381.5999755859375,1381.5,1381.5,1092
2026-09-10 14:39:00+05:30,1381.300048828125,1381.5,1381.300048828125,1381.4000244140625,917
2026-09-10 14:40:00+05:30,1381.4000244140625,1381.4000244140625,1381.300048828125,1381.300048828125,814
2026-09-10 14:41:00+05:30,1381.4000244140625,1381.4000244140625,1381.300048828125,1381.4000244140625,345
2026-09-10 14:42:00+05:30,1381.5,1381.5,1381.300048828125,1381.300048828125,821
2026-09-10 14:43:00+05:30,1381.4000244140625,1381.5,1381.300048828125,1381.300048828125,1039
2026-09-10 14:44:00+05:30,1381.699951171875,1381.800048828125,1381.4000244140625,1381.5,999
2026-09-10 14:45:00+05:30,1381.800048828125,1381.800048828125,1381.699951171875,1381.800048828125,1871
2026-09-10 14:46:00+05:30,1381.9000244140625,1381.9000244140625,1381.9000244140625,1381.9000244140625,84
2026-09-10 14:47:00+05:30,1381.800048828125,1381.800048828125,1381.699951171875,1381.699951171875,565
2026-09-10 14:48:00+05:30,1381.699951171875,1381.800048828125,1381.699951171875,1381.800048828125,1451
2026-09-10 14:49:00+05:30,1381.800048828125,1381.800048828125,1381.699951171875,1381.699951171875,1163
2026-09-10 14:50:00+05:30,1381.9000244140625,1382.0,1381.5999755859375,1381.800048828125,3493
2026-09-10 14:51:00+05:30,1381.9000244140625,1381.9000244140625,1381.5999755859375,1381.5999755859375,381
2026-09-10 14:52:00+05:30,1382.0,1382.0,1381.699951171875,1381.9000244140625,742
2026-09-10 14:53:00+05:30,1382.199951171875,1382.199951171875,1382.0,1382.199951171875,1127
2026-09-10 14:54:00+05:30,1382.0,1382.300048828125,1382.0,1382.300048828125,1681
2026-09-10 14:55:00+05:30,1381.4000244140625,1382.300048828125,1381.4000244140625,1382.300048828125,2803
2026-09-10 14:56:00+05:30,1381.5,1381.800048828125,1381.199951171875,1381.5,2371
2026-09-10 14:57:00+05:30,1381.5,1381.800048828125,1381.5,1381.800048828125,3771
2026-09-10 14:58:00+05:30,1381.199951171875,1381.800048828125,1381.199951171875,1381.4000244140625,343
2026-09-10 14:59:00+05:30,1381.0,1381.4000244140625,1380.800048828125,1381.4000244140625,1822
2026-09-10 15:00:00+05:30,1380.0999755859375,1381.4000244140625,1380.0999755859375,1380.9000244140625,8621
2026-09-10 15:01:00+05:30,1380.0999755859375,1380.0999755859375,1379.800048828125,1379.9000244140625,4777
2026-09-10 15:02:00+05:30,1380.0,1380.300048828125,1380.0,1380.0,4337
2026-09-10 15:03:00+05:30,1382.199951171875,1382.199951171875,1379.0,1379.5,7197
2026-09-10 15:04:00+05:30,1382.0999755859375,1383.699951171875,1381.5,1383.699951171875,5937
2026-09-10 15:05:00+05:30,1382.5999755859375,1382.699951171875,1382.0,1382.0999755859375,6397
2026-09-10 15:06:00+05:30,1382.9000244140625,1383.0,1382.300048828125,1382.300048828125,2289
2026-09-10 15:07:00+05:30,1383.699951171875,1384.0999755859375,1383.4000244140625,1383.5,10078
2026-09-10 15:08:00+05:30,1382.800048828125,1383.5999755859375,1382.800048828125,1383.5999755859375,2595
2026-09-10 15:09:00+05:30,1382.9000244140625,1382.9000244140625,1382.4000244140625,1382.699951171875,6069
2026-09-10 15:10:00+05:30,1382.9000244140625,1382.9000244140625,1382.800048828125,1382.9000244140625,6977
2026-09-10 15:11:00+05:30,1383.4000244140625,1383.5,1382.9000244140625,1382.9000244140625,10668
2026-09-10 15:12:00+05:30,1379.4000244140625,1383.199951171875,1379.4000244140625,1383.199951171875,15946
2026-09-10 15:13:00+05:30,1380.199951171875,1380.300048828125,1378.199951171875,1379.300048828125,8012
2026-09-10 15:14:00+05:30,1377.699951171875,1380.5,1377.699951171875,1380.0,6993
2026-09-10 15:15:00+05:30,1386.199951171875,1386.199951171875,1380.5,1380.5,64476
2026-09-11 09:15:00+05:30,1374.5,1378.300048828125,1373.5999755859375,1375.4000244140625,0
2026-09-11 09:16:00+05:30,1379.0999755859375,1380.0999755859375,1374.800048828125,1374.800048828125,11786
2026-09-11 09:17:00+05:30,1383.9000244140625,1384.5,1379.9000244140625,1379.9000244140625,12853
2026-09-11 09:18:00+05:30,1383.5,1384.699951171875,1383.5,1384.699951171875,2492
2026-09-11 09:19:00+05:30,1382.300048828125,1383.699951171875,1382.199951171875,1383.5,6094
2026-09-11 09:20:00+05:30,1382.199951171875,1382.199951171875,1381.5999755859375,1381.800048828125,1104
2026-09-11 09:21:00+05:30,1379.5999755859375,1381.300048828125,1379.5,1381.300048828125,5025
2026-09-11 09:22:00+05:30,1380.0999755859375,1380.0999755859375,1379.5,1379.5999755859375,2452
2026-09-11 09:23:00+05:30,1378.0,1380.199951171875,1377.4000244140625,1380.199951171875,6246
2026-09-11 09:24:00+05:30,1379.0999755859375,1379.0999755859375,1378.0,1378.5,1563
2026-09-11 09:25:00+05:30,1379.0,1379.699951171875,1379.0,1379.4000244140625,1740
2026-09-11 09:26:00+05:30,1378.0,1378.699951171875,1378.0,1378.699951171875,1721
2026-09-11 09:27:00+05:30,1377.699951171875,1378.0999755859375,1377.5,1377.5999755859375,5121
2026-09-11 09:28:00+05:30,1376.9000244140625,1377.800048828125,1376.5999755859375,1377.699951171875,3400
2026-09-11 09:29:00+05:30,1377.300048828125,1378.0,1376.5,1376.800048828125,1694
2026-09-11 09:30:00+05:30,1377.4000244140625,1378.199951171875,1377.0999755859375,1377.300048828125,1194
2026-09-11 09:31:00+05:30,1380.4000244140625,1380.4000244140625,1377.4000244140625,1377.4000244140625,3018
2026-09-11 09:32:00+05:30,1378.699951171875,1379.699951171875,1378.699951171875,1379.0999755859375,3980
2026-09-11 09:33:00+05:30,1380.4000244140625,1380.5999755859375,1378.699951171875,1378.699951171875,3099
2026-09-11 09:34:00+05:30,1380.0999755859375,1380.5999755859375,1380.0999755859375,1380.4000244140625,374
2026-09-11 09:35:00+05:30,1381.300048828125,1381.300048828125,1380.5,1380.5,542
2026-09-11 09:36:00+05:30,1381.5,1381.5,1381.0,1381.300048828125,168
2026-09-11 09:37:00+05:30,1381.5999755859375,1381.800048828125,1381.0,1381.5,2066
2026-09-11 09:38:00+05:30,1381.5999755859375,1382.0,1381.0,1381.5,866
2026-09-11 09:39:00+05:30,1380.699951171875,1381.5999755859375,1380.0,1381.5999755859375,1233
2026-09-11 09:40:00+05:30,1380.5999755859375,1380.699951171875,1380.0999755859375,1380.699951171875,164
2026-09-11 09:41:00+05:30,1380.5,1380.5999755859375,1380.199951171875,1380.5999755859375,563
2026-09-11 09:42:00+05:30,1380.0999755859375,1380.5,1380.0,1380.5,1151
2026-09-11 09:43:00+05:30,1382.800048828125,1382.800048828125,1380.5,1380.5,3329
2026-09-11 09:44:00+05:30,1384.199951171875,1384.199951171875,1382.199951171875,1383.5999755859375,8805
2026-09-11 09:45:00+05:30,1384.5,1384.699951171875,1384.0,1384.0999755859375,1261
2026-09-11 09:46:00+05:30,1383.5999755859375,1384.800048828125,1383.0,1384.300048828125,4141
2026-09-11 09:47:00+05:30,1383.300048828125,1383.5999755859375,1383.300048828125,1383.5999755859375,550
2026-09-11 09:48:00+05:30,1383.5,1383.800048828125,1383.300048828125,1383.800048828125,2338
2026-09-11 09:49:00+05:30,1382.699951171875,1383.800048828125,1382.699951171875,1383.800048828125,2156
2026-09-11 09:50:00+05:30,1384.0,1384.699951171875,1382.699951171875,1382.699951171875,2766
2026-09-11 09:51:00+05:30,1384.199951171875,1384.199951171875,1384.0,1384.0,594
2026-09-11 09:52:00+05:30,1384.300048828125,1384.4000244140625,1384.0,1384.199951171875,1935
2026-09-11 09:53:00+05:30,1383.9000244140625,1384.4000244140625,1383.9000244140625,1384.300048828125,1522
2026-09-11 09:54:00+05:30,1383.800048828125,1384.0999755859375,1383.4000244140625,1384.0999755859375,1083
2026-09-11 09:55:00+05:30,1384.9000244140625,1385.0,1383.800048828125,1383.800048828125,4001
2026-09-11 09:56:00+05:30,1385.5,1385.5,1384.9000244140625,1385.0,2401
2026-09-11 09:57:00+05:30,1385.199951171875,1385.699951171875,1385.199951171875,1385.5,1530
2026-09-11 09:58:00+05:30,1386.4000244140625,1386.699951171875,1385.800048828125,1385.800048828125,1981
2026-09-11 09:59:00+05:30,1386.699951171875,1386.699951171875,1385.199951171875,1386.5999755859375,4087
2026-09-11 10:00:00+05:30,1387.300048828125,1387.300048828125,1386.699951171875,1386.800048828125,1389
2026-09-11 10:01:00+05:30,1387.300048828125,1387.300048828125,1386.699951171875,1387.300048828125,2986
2026-09-11 10:02:00+05:30,1387.699951171875,1388.300048828125,1387.300048828125,1387.300048828125,4795
2026-09-11 10:03:00+05:30,1388.300048828125,1388.300048828125,1387.699951171875,1388.0,2426
2026-09-11 10:04:00+05:30,1387.699951171875,1388.0,1387.300048828125,1387.9000244140625,3004
2026-09-11 10:05:00+05:30,1388.5999755859375,1388.5999755859375,1388.0,1388.300048828125,4998
2026-09-11 10:06:00+05:30,1389.4000244140625,1389.5999755859375,1388.699951171875,1388.699951171875,1283
2026-09-11 10:07:00+05:30,1389.4000244140625,1390.0,1389.4000244140625,1389.5999755859375,2341
2026-09-11 10:08:00+05:30,1389.5,1389.5999755859375,1389.300048828125,1389.5999755859375,675
2026-09-11 10:09:00+05:30,1391.699951171875,1391.699951171875,1389.5,1389.5,2179
2026-09-11 10:10:00+05:30,1390.699951171875,1391.699951171875,1390.4000244140625,1391.699951171875,4040
2026-09-11 10:11:00+05:30,1390.699951171875,1390.699951171875,1390.5999755859375,1390.699951171875,1049
2026-09-11 10:12:00+05:30,1390.9000244140625,1390.9000244140625,1390.5999755859375,1390.699951171875,2401
2026-09-11 10:13:00+05:30,1391.0999755859375,1391.0999755859375,1390.9000244140625,1391.0,1839
2026-09-11 10:14:00+05:30,1392.4000244140625,1392.5,1390.5999755859375,1391.0,3916
2026-09-11 10:15:00+05:30,1392.5999755859375,1392.5999755859375,1392.199951171875,1392.300048828125,3869
2026-09-11 10:16:00+05:30,1393.699951171875,1393.699951171875,1392.300048828125,1392.300048828125,6432
2026-09-11 10:17:00+05:30,1395.699951171875,1395.699951171875,1393.699951171875,1393.699951171875,3085
2026-09-11 10:18:00+05:30,1396.0999755859375,1396.800048828125,1395.5999755859375,1396.0999755859375,5432
2026-09-11 10:19:00+05:30,1396.5999755859375,1396.699951171875,1396.5,1396.699951171875,639
2026-09-11 10:20:00+05:30,1394.5,1397.699951171875,1394.5,1397.0,4829
2026-09-11 10:21:00+05:30,1396.5999755859375,1397.0,1394.0,1394.800048828125,2106
2026-09-11 10:22:00+05:30,1395.199951171875,1395.199951171875,1394.199951171875,1395.0,2278
2026-09-11 10:23:00+05:30,1394.4000244140625,1395.199951171875,1394.199951171875,1394.699951171875,2792
2026-09-11 10:24:00+05:30,1395.5,1395.5,1394.4000244140625,1394.4000244140625,1043
2026-09-11 10:25:00+05:30,1394.5,1396.199951171875,1394.5,1396.0,2789
2026-09-11 10:26:00+05:30,1393.5999755859375,1395.0999755859375,1393.5999755859375,1395.0,2691
2026-09-11 10:27:00+05:30,1393.5,1394.9000244140625,1393.5,1394.5999755859375,843
2026-09-11 10:28:00+05:30,1392.9000244140625,1393.5,1392.5,1393.5,1063
2026-09-11 10:29:00+05:30,1392.5999755859375,1393.0,1392.0,1393.0,584
2026-09-11 10:30:00+05:30,1391.5,1392.699951171875,1391.5,1392.5999755859375,1418
2026-09-11 10:31:00+05:30,1392.0,1392.0999755859375,1391.300048828125,1392.0,1724
2026-09-11 10:32:00+05:30,1392.5,1392.9000244140625,1391.9000244140625,1392.0,5531
2026-09-11 10:33:00+05:30,1393.4000244140625,1393.4000244140625,1392.5999755859375,1392.5999755859375,972
2026-09-11 10:34:00+05:30,1393.4000244140625,1393.5999755859375,1392.800048828125,1393.4000244140625,933
2026-09-11 10:35:00+05:30,1393.4000244140625,1393.800048828125,1393.0,1393.300048828125,1030
2026-09-11 10:36:00+05:30,1393.699951171875,1394.0,1393.199951171875,1393.9000244140625,1890
2026-09-11 10:37:00+05:30,1393.4000244140625,1393.9000244140625,1393.4000244140625,1393.9000244140625,847
2026-09-11 10:38:00+05:30,1393.300048828125,1393.800048828125,1392.699951171875,1393.699951171875,3002
2026-09-11 10:39:00+05:30,1395.0,1395.0,1393.5999755859375,1393.5999755859375,1569
2026-09-11 10:40:00+05:30,1395.800048828125,1395.9000244140625,1394.5999755859375,1395.5,1170
2026-09-11 10:41:00+05:30,1396.0,1396.0,1395.800048828125,1395.800048828125,1821
2026-09-11 10:42:00+05:30,1397.4000244140625,1397.4000244140625,1396.5,1396.5,2062
2026-09-11 10:43:00+05:30,1398.4000244140625,1398.4000244140625,1397.5,1397.5,4663
2026-09-11 10:44:00+05:30,1395.0,1398.0999755859375,1394.5999755859375,1398.0999755859375,16967
2026-09-11 10:45:00+05:30,1395.4000244140625,1395.5999755859375,1394.699951171875,1395.0,11156
2026-09-11 10:46:00+05:30,1396.9000244140625,1396.9000244140625,1394.800048828125,1395.4000244140625,14528
2026-09-11 10:47:00+05:30,1397.0,1397.0999755859375,1396.4000244140625,1396.9000244140625,3057
2026-09-11 10:48:00+05:30,1397.0,1397.300048828125,1396.800048828125,1397.0,1284
2026-09-11 10:49:00+05:30,1395.699951171875,1396.199951171875,1395.0999755859375,1395.800048828125,2958
2026-09-11 10:50:00+05:30,1396.0,1396.0,1395.300048828125,1395.9000244140625,2104
2026-09-11 10:51:00+05:30,1394.4000244140625,1396.0,1393.9000244140625,1396.0,1795
2026-09-11 10:52:00+05:30,1393.9000244140625,1394.9000244140625,1393.9000244140625,1394.4000244140625,2510
2026-09-11 10:53:00+05:30,1394.0,1394.0,1393.4000244140625,1393.4000244140625,5307
2026-09-11 10:54:00+05:30,1394.4000244140625,1394.4000244140625,1393.699951171875,1394.0,1085
2026-09-11 10:55:00+05:30,1394.0,1394.5,1394.0,1394.0,1700
2026-09-11 10:56:00+05:30,1393.0,1394.199951171875,1392.300048828125,1394.199951171875,1123
2026-09-11 10:57:00+05:30,1392.4000244140625,1393.0,1392.199951171875,1393.0,1545
2026-09-11 10:58:00+05:30,1396.0,1396.0,1393.5999755859375,1393.5999755859375,6178
2026-09-11 10:59:00+05:30,1397.9000244140625,1397.9000244140625,1395.0,1395.5,3062
2026-09-11 11:00:00+05:30,1398.5999755859375,1399.0,1397.9000244140625,1397.9000244140625,4135
2026-09-11 11:01:00+05:30,1400.0999755859375,1400.9000244140625,1398.5999755859375,1398.5999755859375,19300
2026-09-11 11:02:00+05:30,1399.0,1400.5999755859375,1399.0,1399.699951171875,2727
2026-09-11 11:03:00+05:30,1397.9000244140625,1399.699951171875,1397.699951171875,1399.5,2863
2026-09-11 11:04:00+05:30,1397.5,1397.800048828125,1397.0,1397.5999755859375,1103
2026-09-11 11:05:00+05:30,1397.5,1397.9000244140625,1397.0,1397.5,1619
2026-09-11 11:06:00+05:30,1397.800048828125,1398.0,1397.199951171875,1397.9000244140625,1941
2026-09-11 11:07:00+05:30,1397.0,1397.9000244140625,1397.0,1397.9000244140625,2523
2026-09-11 11:08:00+05:30,1396.800048828125,1397.5,1395.699951171875,1397.0999755859375,1443
2026-09-11 11:09:00+05:30,1396.4000244140625,1396.9000244140625,1396.4000244140625,1396.9000244140625,1128
2026-09-11 11:10:00+05:30,1396.9000244140625,1397.300048828125,1396.4000244140625,1396.699951171875,1792
2026-09-11 11:11:00+05:30,1394.699951171875,1397.0,1394.699951171875,1397.0,3157
2026-09-11 11:12:00+05:30,1395.5999755859375,1395.9000244140625,1394.699951171875,1394.800048828125,2210
2026-09-11 11:13:00+05:30,1396.199951171875,1396.199951171875,1395.300048828125,1395.5999755859375,845
2026-09-11 11:14:00+05:30,1395.9000244140625,1397.0999755859375,1395.300048828125,1396.4000244140625,3264
2026-09-11 11:15:00+05:30,1395.199951171875,1396.4000244140625,1395.0999755859375,1395.4000244140625,1570
2026-09-11 11:16:00+05:30,1395.5,1395.5,1394.800048828125,1394.800048828125,1272
2026-09-11 11:17:00+05:30,1395.0,1396.0,1395.0,1395.5,1334
2026-09-11 11:18:00+05:30,1394.800048828125,1395.0,1394.800048828125,1395.0,547
2026-09-11 11:19:00+05:30,1394.5999755859375,1395.0,1394.300048828125,1395.0,483
2026-09-11 11:20:00+05:30,1395.0,1395.0,1394.5999755859375,1394.5999755859375,1806
2026-09-11 11:21:00+05:30,1394.9000244140625,1395.0,1394.800048828125,1395.0,471
2026-09-11 11:22:00+05:30,1394.5999755859375,1395.0,1394.5999755859375,1395.0,4336
2026-09-11 11:23:00+05:30,1395.0,1395.0,1394.800048828125,1395.0,10145
2026-09-11 11:24:00+05:30,1395.0,1395.0,1394.9000244140625,1394.9000244140625,2011
2026-09-11 11:25:00+05:30,1395.0,1395.0,1394.9000244140625,1395.0,22677
2026-09-11 11:26:00+05:30,1394.9000244140625,1395.0,1394.9000244140625,1395.0,1310
2026-09-11 11:27:00+05:30,1395.0,1395.0,1394.300048828125,1395.0,3153
2026-09-11 11:28:00+05:30,1395.0,1395.0,1394.800048828125,1394.800048828125,793
2026-09-11 11:29:00+05:30,1394.5999755859375,1396.0999755859375,1394.5999755859375,1396.0999755859375,8709
2026-09-11 11:30:00+05:30,1394.9000244140625,1394.9000244140625,1394.0,1394.5999755859375,866
2026-09-11 11:31:00+05:30,1393.9000244140625,1394.9000244140625,1393.800048828125,1394.9000244140625,2308
2026-09-11 11:32:00+05:30,1393.9000244140625,1394.0,1393.9000244140625,1394.0,2213
2026-09-11 11:33:00+05:30,1395.699951171875,1395.699951171875,1394.0,1394.0,18043
2026-09-11 11:34:00+05:30,1395.4000244140625,1395.800048828125,1395.0,1395.699951171875,2531
2026-09-11 11:35:00+05:30,1395.9000244140625,1395.9000244140625,1395.4000244140625,1395.800048828125,1926
2026-09-11 11:36:00+05:30,1394.9000244140625,1395.9000244140625,1394.5999755859375,1395.9000244140625,2541
2026-09-11 11:37:00+05:30,1395.0,1395.0,1394.699951171875,1394.9000244140625,859
2026-09-11 11:38:00+05:30,1394.0999755859375,1395.0,1394.0999755859375,1395.0,2165
2026-09-11 11:39:00+05:30,1394.0999755859375,1394.4000244140625,1394.0999755859375,1394.0999755859375,1525
2026-09-11 11:40:00+05:30,1394.199951171875,1394.199951171875,1394.0999755859375,1394.199951171875,197
2026-09-11 11:41:00+05:30,1394.300048828125,1394.800048828125,1393.9000244140625,1394.5,2791
2026-09-11 11:42:00+05:30,1394.9000244140625,1395.0,1393.800048828125,1394.300048828125,1357
2026-09-11 11:43:00+05:30,1394.9000244140625,1395.0,1394.800048828125,1395.0,754
2026-09-11 11:44:00+05:30,1394.9000244140625,1395.0,1394.9000244140625,1395.0,1177
2026-09-11 11:45:00+05:30,1395.0,1395.0,1395.0,1395.0,537
2026-09-11 11:46:00+05:30,1395.0,1395.0,1394.9000244140625,1395.0,532
2026-09-11 11:47:00+05:30,1395.0,1395.0,1394.9000244140625,1394.9000244140625,595
2026-09-11 11:48:00+05:30,1394.699951171875,1395.0,1394.5,1395.0,2137
2026-09-11 11:49:00+05:30,1394.0999755859375,1394.699951171875,1394.0,1394.699951171875,474
2026-09-11 11:50:00+05:30,1394.5999755859375,1394.5999755859375,1394.0999755859375,1394.5,627
2026-09-11 11:51:00+05:30,1393.9000244140625,1394.5999755859375,1393.9000244140625,1394.0999755859375,1723
2026-09-11 11:52:00+05:30,1393.5999755859375,1394.199951171875,1393.5999755859375,1394.0,1052
2026-09-11 11:53:00+05:30,1393.5999755859375,1393.699951171875,1393.300048828125,1393.5,255
2026-09-11 11:54:00+05:30,1393.9000244140625,1393.9000244140625,1393.5,1393.5,353
2026-09-11 11:55:00+05:30,1394.199951171875,1394.300048828125,1393.9000244140625,1393.9000244140625,738
2026-09-11 11:56:00+05:30,1394.300048828125,1394.4000244140625,1394.199951171875,1394.300048828125,875
2026-09-11 11:57:00+05:30,1394.199951171875,1394.5,1394.199951171875,1394.5,1453
2026-09-11 11:58:00+05:30,1393.199951171875,1394.199951171875,1393.199951171875,1394.199951171875,842
2026-09-11 11:59:00+05:30,1394.0,1394.0999755859375,1393.5,1393.9000244140625,1066
2026-09-11 12:00:00+05:30,1393.5999755859375,1394.0,1393.300048828125,1393.9000244140625,848
2026-09-11 12:01:00+05:30,1394.0,1394.199951171875,1394.0,1394.0,603
2026-09-11 12:02:00+05:30,1394.300048828125,1394.4000244140625,1394.0,1394.0,862
2026-09-11 12:03:00+05:30,1395.0,1395.0,1394.300048828125,1394.300048828125,2221
2026-09-11 12:04:00+05:30,1395.0,1395.0,1395.0,1395.0,1013
2026-09-11 12:05:00+05:30,1395.0,1395.0,1394.9000244140625,1395.0,433
2026-09-11 12:06:00+05:30,1394.9000244140625,1395.0,1394.9000244140625,1394.9000244140625,803
2026-09-11 12:07:00+05:30,1395.0,1395.0,1394.9000244140625,1395.0,509
2026-09-11 12:08:00+05:30,1394.5,1395.0,1394.199951171875,1395.0,4267
2026-09-11 12:09:00+05:30,1395.0,1395.0,1394.699951171875,1394.699951171875,807
2026-09-11 12:10:00+05:30,1395.0,1395.0,1394.9000244140625,1395.0,1672
2026-09-11 12:11:00+05:30,1395.0,1395.0,1394.699951171875,1395.0,1474
2026-09-11 12:12:00+05:30,1391.5999755859375,1395.0,1391.199951171875,1395.0,37765
2026-09-11 12:13:00+05:30,1393.0,1393.0,1391.5,1391.5999755859375,912
2026-09-11 12:14:00+05:30,1391.300048828125,1393.0999755859375,1390.9000244140625,1393.0999755859375,8568
2026-09-11 12:15:00+05:30,1392.0,1392.300048828125,1391.0999755859375,1391.5,1569
2026-09-11 12:16:00+05:30,1392.5999755859375,1393.0999755859375,1392.0999755859375,1392.0999755859375,1720
2026-09-11 12:17:00+05:30,1393.5999755859375,1393.5999755859375,1392.5,1392.5999755859375,677
2026-09-11 12:18:00+05:30,1392.699951171875,1393.5999755859375,1391.9000244140625,1393.5999755859375,8692
2026-09-11 12:19:00+05:30,1392.5999755859375,1392.800048828125,1392.4000244140625,1392.4000244140625,1849
2026-09-11 12:20:00+05:30,1392.5999755859375,1392.699951171875,1392.0999755859375,1392.5999755859375,1224
2026-09-11 12:21:00+05:30,1391.5,1392.800048828125,1391.5,1392.800048828125,2456
2026-09-11 12:22:00+05:30,1392.0,1392.0999755859375,1391.4000244140625,1391.800048828125,1683
2026-09-11 12:23:00+05:30,1391.9000244140625,1392.0,1391.699951171875,1392.0,1522
2026-09-11 12:24:00+05:30,1391.9000244140625,1392.0,1391.699951171875,1391.9000244140625,1797
2026-09-11 12:25:00+05:30,1392.300048828125,1392.300048828125,1391.800048828125,1391.800048828125,1313
2026-09-11 12:26:00+05:30,1392.0,1392.4000244140625,1391.699951171875,1392.300048828125,2127
2026-09-11 12:27:00+05:30,1388.800048828125,1390.300048828125,1388.699951171875,1390.300048828125,17480
2026-09-11 12:28:00+05:30,1388.800048828125,1390.0,1388.800048828125,1389.199951171875,1493
2026-09-11 12:29:00+05:30,1389.699951171875,1389.699951171875,1388.800048828125,1389.0999755859375,1583
2026-09-11 12:30:00+05:30,1389.800048828125,1389.9000244140625,1389.300048828125,1389.699951171875,2174
2026-09-11 12:31:00+05:30,1389.300048828125,1389.800048828125,1388.9000244140625,1389.800048828125,2921
2026-09-11 12:32:00+05:30,1389.800048828125,1390.0,1389.300048828125,1389.699951171875,1477
2026-09-11 12:33:00+05:30,1389.5999755859375,1389.5999755859375,1389.0999755859375,1389.5999755859375,1269
2026-09-11 12:34:00+05:30,1390.0,1390.0,1389.800048828125,1389.9000244140625,1213
2026-09-11 12:35:00+05:30,1390.0,1390.0,1389.9000244140625,1389.9000244140625,2644
2026-09-11 12:36:00+05:30,1389.9000244140625,1390.0,1389.9000244140625,1390.0,1696
2026-09-11 12:37:00+05:30,1390.0,1390.0,1389.9000244140625,1390.0,2149
2026-09-11 12:38:00+05:30,1390.0,1390.0,1389.5999755859375,1389.9000244140625,3898
2026-09-11 12:39:00+05:30,1390.0,1390.0,1389.9000244140625,1390.0,908
2026-09-11 12:40:00+05:30,1389.4000244140625,1390.0,1389.199951171875,1390.0,1965
2026-09-11 12:41:00+05:30,1389.300048828125,1389.5999755859375,1389.0999755859375,1389.5999755859375,1559
2026-09-11 12:42:00+05:30,1390.0,1390.0,1389.4000244140625,1389.4000244140625,1507
2026-09-11 12:43:00+05:30,1390.0,1390.0,1389.9000244140625,1389.9000244140625,1240
2026-09-11 12:44:00+05:30,1390.0,1390.0,1389.9000244140625,1390.0,1250
2026-09-11 12:45:00+05:30,1390.0,1390.0,1389.9000244140625,1390.0,620
2026-09-11 12:46:00+05:30,1389.9000244140625,1390.0,1389.9000244140625,1390.0,946
2026-09-11 12:47:00+05:30,1390.0,1390.0,1389.9000244140625,1390.0,845
2026-09-11 12:48:00+05:30,1389.800048828125,1390.0,1389.4000244140625,1390.0,1819
2026-09-11 12:49:00+05:30,1389.300048828125,1389.699951171875,1389.0999755859375,1389.699951171875,958
2026-09-11 12:50:00+05:30,1388.800048828125,1389.5,1388.5999755859375,1389.300048828125,1328
2026-09-11 12:51:00+05:30,1389.300048828125,1389.9000244140625,1388.5999755859375,1389.0999755859375,1482
2026-09-11 12:52:00+05:30,1389.9000244140625,1389.9000244140625,1389.4000244140625,1389.5,1055
2026-09-11 12:53:00+05:30,1389.9000244140625,1390.0,1389.800048828125,1389.9000244140625,659
2026-09-11 12:54:00+05:30,1390.0,1390.0,1389.9000244140625,1389.9000244140625,652
2026-09-11 12:55:00+05:30,1390.0,1390.0,1390.0,1390.0,1378
2026-09-11 12:56:00+05:30,1389.9000244140625,1390.0,1389.9000244140625,1390.0,1319
2026-09-11 12:57:00+05:30,1390.0,1390.0,1389.800048828125,1390.0,1519
2026-09-11 12:58:00+05:30,1390.0,1390.0,1389.9000244140625,1390.0,1363
2026-09-11 12:59:00+05:30,1390.0,1390.0,1389.9000244140625,1390.0,1082
2026-09-11 13:00:00+05:30,1390.0,1390.0,1389.9000244140625,1390.0,869
2026-09-11 13:01:00+05:30,1390.0,1390.0,1389.800048828125,1390.0,1226
2026-09-11 13:02:00+05:30,1390.0,1390.0,1389.9000244140625,1390.0,564
2026-09-11 13:03:00+05:30,1389.300048828125,1390.0,1389.0,1390.0,2882
2026-09-11 13:04:00+05:30,1389.4000244140625,1389.699951171875,1388.699951171875,1388.9000244140625,2393
2026-09-11 13:05:00+05:30,1389.199951171875,1389.5999755859375,1388.800048828125,1389.300048828125,2305
2026-09-11 13:06:00+05:30,1389.199951171875,1389.300048828125,1388.699951171875,1389.300048828125,627
2026-09-11 13:07:00+05:30,1389.300048828125,1389.699951171875,1389.199951171875,1389.199951171875,677
2026-09-11 13:08:00+05:30,1388.699951171875,1389.300048828125,1388.5999755859375,1389.300048828125,2154
2026-09-11 13:09:00+05:30,1388.699951171875,1388.800048828125,1388.199951171875,1388.800048828125,1590
2026-09-11 13:10:00+05:30,1388.699951171875,1389.0,1388.199951171875,1388.800048828125,1036
2026-09-11 13:11:00+05:30,1389.300048828125,1389.4000244140625,1388.9000244140625,1389.0,779
2026-09-11 13:12:00+05:30,1388.800048828125,1389.699951171875,1388.800048828125,1389.699951171875,1296
2026-09-11 13:13:00+05:30,1389.300048828125,1389.5,1388.9000244140625,1389.300048828125,1290
2026-09-11 13:14:00+05:30,1389.199951171875,1389.4000244140625,1388.9000244140625,1389.300048828125,895
2026-09-11 13:15:00+05:30,1389.300048828125,1389.4000244140625,1389.199951171875,1389.300048828125,681
2026-09-11 13:16:00+05:30,1389.199951171875,1389.4000244140625,1389.0999755859375,1389.4000244140625,1296
2026-09-11 13:17:00+05:30,1389.300048828125,1389.300048828125,1389.199951171875,1389.199951171875,687
2026-09-11 13:18:00+05:30,1389.300048828125,1389.5999755859375,1389.300048828125,1389.300048828125,1555
2026-09-11 13:19:00+05:30,1389.199951171875,1389.699951171875,1389.199951171875,1389.300048828125,1129
2026-09-11 13:20:00+05:30,1389.800048828125,1389.800048828125,1389.199951171875,1389.300048828125,1561
2026-09-11 13:21:00+05:30,1389.4000244140625,1389.800048828125,1389.0,1389.0,924
2026-09-11 13:22:00+05:30,1389.5,1389.5999755859375,1389.0999755859375,1389.199951171875,656
2026-09-11 13:23:00+05:30,1389.5,1389.800048828125,1389.0,1389.5999755859375,1910
2026-09-11 13:24:00+05:30,1389.0999755859375,1389.800048828125,1388.5999755859375,1389.5,1395
2026-09-11 13:25:00+05:30,1389.4000244140625,1389.5,1388.9000244140625,1389.5,1047
2026-09-11 13:26:00+05:30,1389.0999755859375,1389.4000244140625,1388.800048828125,1389.4000244140625,799
2026-09-11 13:27:00+05:30,1388.300048828125,1389.5,1388.300048828125,1389.0999755859375,1955
2026-09-11 13:28:00+05:30,1388.0,1388.699951171875,1387.800048828125,1388.5,2355
2026-09-11 13:29:00+05:30,1388.5,1388.5999755859375,1388.199951171875,1388.300048828125,2988
2026-09-11 13:30:00+05:30,1388.4000244140625,1389.0,1387.699951171875,1388.800048828125,2392
2026-09-11 13:31:00+05:30,1388.0999755859375,1388.5,1388.0,1388.5,783
2026-09-11 13:32:00+05:30,1387.9000244140625,1388.4000244140625,1387.800048828125,1388.0999755859375,1824
2026-09-11 13:33:00+05:30,1387.800048828125,1388.4000244140625,1387.800048828125,1388.0,1438
2026-09-11 13:34:00+05:30,1387.800048828125,1387.800048828125,1387.4000244140625,1387.800048828125,1381
2026-09-11 13:35:00+05:30,1387.199951171875,1387.699951171875,1387.0999755859375,1387.699951171875,1134
2026-09-11 13:36:00+05:30,1387.199951171875,1387.699951171875,1387.199951171875,1387.5999755859375,839
2026-09-11 13:37:00+05:30,1387.300048828125,1387.300048828125,1386.699951171875,1387.199951171875,3270
2026-09-11 13:38:00+05:30,1386.9000244140625,1387.300048828125,1386.5,1387.300048828125,2899
2026-09-11 13:39:00+05:30,1386.800048828125,1387.0,1386.5999755859375,1387.0,1565
2026-09-11 13:40:00+05:30,1385.800048828125,1386.800048828125,1385.800048828125,1386.5999755859375,2045
2026-09-11 13:41:00+05:30,1384.5,1386.0,1383.0999755859375,1385.699951171875,7468
2026-09-11 13:42:00+05:30,1385.0,1385.0,1384.0999755859375,1384.199951171875,759
2026-09-11 13:43:00+05:30,1385.199951171875,1385.4000244140625,1383.9000244140625,1385.0,14419
2026-09-11 13:44:00+05:30,1385.4000244140625,1385.800048828125,1385.0999755859375,1385.0999755859375,1027
2026-09-11 13:45:00+05:30,1385.0,1385.699951171875,1384.4000244140625,1385.5999755859375,1729
2026-09-11 13:46:00+05:30,1384.5999755859375,1385.199951171875,1384.300048828125,1385.0,1595
2026-09-11 13:47:00+05:30,1385.0999755859375,1385.199951171875,1384.9000244140625,1385.0,1564
2026-09-11 13:48:00+05:30,1384.5,1385.300048828125,1384.300048828125,1385.300048828125,3131
2026-09-11 13:49:00+05:30,1384.5,1384.699951171875,1384.0,1384.699951171875,1438
2026-09-11 13:50:00+05:30,1384.699951171875,1385.300048828125,1384.699951171875,1384.9000244140625,2051
2026-09-11 13:51:00+05:30,1384.5,1385.0999755859375,1384.0,1384.699951171875,863
2026-09-11 13:52:00+05:30,1384.9000244140625,1385.0,1384.5,1384.699951171875,2777
2026-09-11 13:53:00+05:30,1386.0,1386.0999755859375,1384.5999755859375,1384.800048828125,5080
2026-09-11 13:54:00+05:30,1386.800048828125,1387.199951171875,1385.699951171875,1385.800048828125,4363
2026-09-11 13:55:00+05:30,1387.5999755859375,1388.0999755859375,1386.9000244140625,1387.0,1321
2026-09-11 13:56:00+05:30,1387.800048828125,1387.9000244140625,1387.5999755859375,1387.5999755859375,743
2026-09-11 13:57:00+05:30,1386.800048828125,1387.800048828125,1386.5,1387.800048828125,3840
2026-09-11 13:58:00+05:30,1386.699951171875,1387.4000244140625,1386.5,1387.300048828125,1637
2026-09-11 13:59:00+05:30,1386.699951171875,1387.199951171875,1386.5999755859375,1387.0999755859375,764
2026-09-11 14:00:00+05:30,1387.300048828125,1387.300048828125,1386.699951171875,1387.0999755859375,881
2026-09-11 14:01:00+05:30,1386.5,1387.300048828125,1386.5,1387.300048828125,1206
2026-09-11 14:02:00+05:30,1387.300048828125,1387.5,1386.5,1386.5,5772
2026-09-11 14:03:00+05:30,1387.199951171875,1388.199951171875,1387.199951171875,1387.199951171875,1991
2026-09-11 14:04:00+05:30,1386.800048828125,1387.5999755859375,1386.4000244140625,1387.199951171875,2019
2026-09-11 14:05:00+05:30,1387.199951171875,1387.199951171875,1386.5,1386.800048828125,1335
2026-09-11 14:06:00+05:30,1387.0999755859375,1387.300048828125,1386.300048828125,1387.300048828125,1817
2026-09-11 14:07:00+05:30,1386.4000244140625,1387.300048828125,1386.199951171875,1387.300048828125,1388
2026-09-11 14:08:00+05:30,1386.199951171875,1386.800048828125,1386.0999755859375,1386.699951171875,969
2026-09-11 14:09:00+05:30,1386.5999755859375,1386.5999755859375,1385.800048828125,1386.199951171875,2635
2026-09-11 14:10:00+05:30,1386.5,1386.699951171875,1385.9000244140625,1386.5,1061
2026-09-11 14:11:00+05:30,1386.5999755859375,1387.0999755859375,1386.4000244140625,1386.800048828125,1061
2026-09-11 14:12:00+05:30,1386.4000244140625,1387.0,1385.800048828125,1386.4000244140625,2483
2026-09-11 14:13:00+05:30,1385.5,1386.5,1385.4000244140625,1386.0999755859375,2219
2026-09-11 14:14:00+05:30,1385.0999755859375,1385.699951171875,1385.0,1385.300048828125,1507
2026-09-11 14:15:00+05:30,1385.0,1385.5999755859375,1385.0,1385.5999755859375,1186
2026-09-11 14:16:00+05:30,1385.699951171875,1385.699951171875,1384.699951171875,1385.300048828125,1423
2026-09-11 14:17:00+05:30,1385.5999755859375,1385.699951171875,1385.4000244140625,1385.699951171875,529
2026-09-11 14:18:00+05:30,1384.199951171875,1385.699951171875,1384.199951171875,1385.699951171875,7447
2026-09-11 14:19:00+05:30,1384.5999755859375,1385.199951171875,1384.300048828125,1384.300048828125,1979
2026-09-11 14:20:00+05:30,1384.5999755859375,1384.5999755859375,1384.300048828125,1384.5,825
2026-09-11 14:21:00+05:30,1383.5,1385.199951171875,1383.5,1385.199951171875,2523
2026-09-11 14:22:00+05:30,1384.0999755859375,1384.300048828125,1383.5,1383.5,745
2026-09-11 14:23:00+05:30,1381.300048828125,1384.5,1381.300048828125,1383.9000244140625,9248
2026-09-11 14:24:00+05:30,1382.9000244140625,1382.9000244140625,1381.9000244140625,1382.300048828125,1525
2026-09-11 14:25:00+05:30,1383.0,1383.0,1382.5,1382.9000244140625,908
2026-09-11 14:26:00+05:30,1383.0,1383.0,1382.9000244140625,1383.0,1222
2026-09-11 14:27:00+05:30,1383.0,1383.0,1382.9000244140625,1382.9000244140625,1861
2026-09-11 14:28:00+05:30,1383.699951171875,1383.699951171875,1383.0,1383.0,64102
2026-09-11 14:29:00+05:30,1384.0999755859375,1384.0999755859375,1383.5999755859375,1384.0,3251
2026-09-11 14:30:00+05:30,1384.199951171875,1384.5,1383.9000244140625,1384.0999755859375,1193
2026-09-11 14:31:00+05:30,1382.800048828125,1384.4000244140625,1382.5999755859375,1384.4000244140625,9055
2026-09-11 14:32:00+05:30,1382.5,1383.199951171875,1382.0,1382.800048828125,2125
2026-09-11 14:33:00+05:30,1382.0999755859375,1382.800048828125,1381.9000244140625,1382.5,2303
2026-09-11 14:34:00+05:30,1381.9000244140625,1382.4000244140625,1381.699951171875,1382.4000244140625,1904
2026-09-11 14:35:00+05:30,1381.4000244140625,1381.9000244140625,1380.800048828125,1381.9000244140625,2281
2026-09-11 14:36:00+05:30,1381.0,1381.0,1380.9000244140625,1380.9000244140625,1557
2026-09-11 14:37:00+05:30,1380.9000244140625,1381.4000244140625,1380.9000244140625,1381.0,3643
2026-09-11 14:38:00+05:30,1381.699951171875,1381.9000244140625,1381.4000244140625,1381.5,1316
2026-09-11 14:39:00+05:30,1382.300048828125,1382.300048828125,1381.0,1381.5999755859375,10931
2026-09-11 14:40:00+05:30,1382.4000244140625,1383.0,1382.300048828125,1382.800048828125,4257
2026-09-11 14:41:00+05:30,1382.199951171875,1382.699951171875,1382.0,1382.4000244140625,2053
2026-09-11 14:42:00+05:30,1382.4000244140625,1382.5999755859375,1382.0999755859375,1382.0999755859375,2032
2026-09-11 14:43:00+05:30,1382.0999755859375,1382.9000244140625,1382.0,1382.5,3777
2026-09-11 14:44:00+05:30,1383.0,1383.199951171875,1382.0999755859375,1382.199951171875,12143
2026-09-11 14:45:00+05:30,1383.300048828125,1383.5,1383.0,1383.0,2486
2026-09-11 14:46:00+05:30,1382.699951171875,1383.5999755859375,1382.0,1383.5999755859375,4253
2026-09-11 14:47:00+05:30,1381.0,1382.699951171875,1380.800048828125,1382.5999755859375,8802
2026-09-11 14:48:00+05:30,1381.199951171875,1381.699951171875,1381.199951171875,1381.199951171875,1110
2026-09-11 14:49:00+05:30,1380.5,1381.0999755859375,1380.4000244140625,1381.0,5573
2026-09-11 14:50:00+05:30,1381.9000244140625,1382.0,1380.5,1380.5,7633
2026-09-11 14:51:00+05:30,1380.199951171875,1381.9000244140625,1380.0999755859375,1381.9000244140625,5045
2026-09-11 14:52:00+05:30,1381.0,1381.0,1380.0999755859375,1380.199951171875,4247
2026-09-11 14:53:00+05:30,1380.5999755859375,1381.300048828125,1380.5999755859375,1381.0,3216
2026-09-11 14:54:00+05:30,1380.9000244140625,1380.9000244140625,1380.5,1380.5999755859375,2716
2026-09-11 14:55:00+05:30,1380.4000244140625,1380.9000244140625,1380.4000244140625,1380.9000244140625,4998
2026-09-11 14:56:00+05:30,1380.699951171875,1380.800048828125,1380.300048828125,1380.4000244140625,6344
2026-09-11 14:57:00+05:30,1380.5999755859375,1381.0999755859375,1380.5999755859375,1380.699951171875,2746
2026-09-11 14:58:00+05:30,1380.199951171875,1380.699951171875,1380.199951171875,1380.5999755859375,4323
2026-09-11 14:59:00+05:30,1380.4000244140625,1380.9000244140625,1380.4000244140625,1380.5,4388
2026-09-11 15:00:00+05:30,1381.0,1381.5999755859375,1380.4000244140625,1380.4000244140625,10368
2026-09-11 15:01:00+05:30,1380.0,1381.699951171875,1380.0,1381.5,9718
2026-09-11 15:02:00+05:30,1380.0,1380.0,1380.0,1380.0,776
2026-09-11 15:03:00+05:30,1380.199951171875,1380.5,1380.0,1380.0,7524
2026-09-11 15:04:00+05:30,1380.0,1380.4000244140625,1380.0,1380.4000244140625,5973
2026-09-11 15:05:00+05:30,1379.0999755859375,1380.199951171875,1379.0999755859375,1380.0,9722
2026-09-11 15:06:00+05:30,1379.0999755859375,1379.199951171875,1379.0999755859375,1379.199951171875,2316
2026-09-11 15:07:00+05:30,1379.199951171875,1379.199951171875,1379.0999755859375,1379.199951171875,3120
2026-09-11 15:08:00+05:30,1379.300048828125,1379.4000244140625,1379.199951171875,1379.199951171875,3573
2026-09-11 15:09:00+05:30,1379.4000244140625,1379.5,1379.300048828125,1379.4000244140625,7498
2026-09-11 15:10:00+05:30,1378.300048828125,1379.300048828125,1378.300048828125,1379.300048828125,13856
2026-09-11 15:11:00+05:30,1379.300048828125,1379.9000244140625,1378.300048828125,1378.300048828125,9093
2026-09-11 15:12:00+05:30,1379.5999755859375,1379.9000244140625,1379.0999755859375,1379.199951171875,10696
2026-09-11 15:13:00+05:30,1379.0,1379.4000244140625,1378.0,1379.4000244140625,10868
2026-09-11 15:14:00+05:30,1381.5,1381.5,1377.300048828125,1379.0999755859375,9619
2026-09-11 15:15:00+05:30,1383.300048828125,1383.300048828125,1380.699951171875,1380.699951171875,91997
2026-09-15 09:15:00+05:30,1384.0,1389.9000244140625,1384.0,1389.9000244140625,0
2026-09-15 09:16:00+05:30,1387.300048828125,1387.300048828125,1383.9000244140625,1384.699951171875,14243
2026-09-15 09:17:00+05:30,1388.0999755859375,1389.0999755859375,1387.5999755859375,1389.0999755859375,13002
2026-09-15 09:18:00+05:30,1387.9000244140625,1389.5999755859375,1387.5,1388.800048828125,8915
2026-09-15 09:19:00+05:30,1392.5,1392.5,1389.0999755859375,1389.0999755859375,12160
2026-09-15 09:20:00+05:30,1389.4000244140625,1394.0,1389.4000244140625,1391.0,63281
2026-09-15 09:21:00+05:30,1388.4000244140625,1390.699951171875,1387.0999755859375,1390.699951171875,5337
2026-09-15 09:22:00+05:30,1390.300048828125,1390.300048828125,1388.0,1388.4000244140625,11358
2026-09-15 09:23:00+05:30,1392.0999755859375,1392.0999755859375,1389.5,1389.5,17935
2026-09-15 09:24:00+05:30,1392.800048828125,1394.4000244140625,1392.699951171875,1392.699951171875,20732
2026-09-15 09:25:00+05:30,1389.0,1392.699951171875,1388.5999755859375,1392.699951171875,3012
2026-09-15 09:26:00+05:30,1388.699951171875,1389.199951171875,1387.4000244140625,1389.199951171875,8791
2026-09-15 09:27:00+05:30,1388.699951171875,1390.5999755859375,1387.4000244140625,1387.4000244140625,38316
2026-09-15 09:28:00+05:30,1387.9000244140625,1388.300048828125,1387.9000244140625,1388.0,3055
2026-09-15 09:29:00+05:30,1389.5,1389.5999755859375,1387.9000244140625,1387.9000244140625,1622
2026-09-15 09:30:00+05:30,1388.9000244140625,1390.4000244140625,1388.5,1390.0999755859375,19949
2026-09-15 09:31:00+05:30,1388.5999755859375,1388.9000244140625,1388.5,1388.5,678
2026-09-15 09:32:00+05:30,1388.5,1389.300048828125,1388.199951171875,1388.5999755859375,8622
2026-09-15 09:33:00+05:30,1389.0,1389.0,1388.0999755859375,1388.9000244140625,7846
2026-09-15 09:34:00+05:30,1389.0,1390.0,1388.5,1389.9000244140625,4804
2026-09-15 09:35:00+05:30,1385.9000244140625,1389.0999755859375,1385.9000244140625,1388.5,3566
2026-09-15 09:36:00+05:30,1385.800048828125,1386.699951171875,1385.199951171875,1385.699951171875,4987
2026-09-15 09:37:00+05:30,1385.300048828125,1385.800048828125,1385.300048828125,1385.800048828125,3690
2026-09-15 09:38:00+05:30,1384.0,1385.5999755859375,1384.0,1385.5999755859375,4337
2026-09-15 09:39:00+05:30,1384.0999755859375,1384.0999755859375,1383.5999755859375,1384.0999755859375,3065
2026-09-15 09:40:00+05:30,1384.199951171875,1384.800048828125,1384.0999755859375,1384.199951171875,5951
2026-09-15 09:41:00+05:30,1384.0999755859375,1384.4000244140625,1384.0999755859375,1384.199951171875,2837
2026-09-15 09:42:00+05:30,1384.4000244140625,1384.800048828125,1384.0,1384.0999755859375,2172
2026-09-15 09:43:00+05:30,1384.699951171875,1384.800048828125,1384.5,1384.800048828125,1203
2026-09-15 09:44:00+05:30,1383.5,1384.699951171875,1383.5,1384.699951171875,2790
2026-09-15 09:45:00+05:30,1384.0999755859375,1384.5,1383.300048828125,1383.5,3423
2026-09-15 09:46:00+05:30,1384.0999755859375,1384.4000244140625,1384.0999755859375,1384.0999755859375,1303
2026-09-15 09:47:00+05:30,1384.0,1386.5999755859375,1384.0,1384.4000244140625,5511
2026-09-15 09:48:00+05:30,1383.5,1384.199951171875,1383.5,1384.199951171875,2999
2026-09-15 09:49:00+05:30,1382.199951171875,1383.5,1382.0999755859375,1383.5,1862
2026-09-15 09:50:00+05:30,1382.5,1383.0,1382.0999755859375,1382.0999755859375,2135
2026-09-15 09:51:00+05:30,1382.5999755859375,1382.9000244140625,1382.199951171875,1382.199951171875,583
2026-09-15 09:52:00+05:30,1382.800048828125,1383.4000244140625,1382.5999755859375,1382.9000244140625,1800
2026-09-15 09:53:00+05:30,1382.5999755859375,1383.199951171875,1382.5999755859375,1383.199951171875,2658
2026-09-15 09:54:00+05:30,1382.199951171875,1382.5999755859375,1382.0999755859375,1382.5999755859375,491
2026-09-15 09:55:00+05:30,1380.5999755859375,1382.300048828125,1380.5,1382.300048828125,1942
2026-09-15 09:56:00+05:30,1380.5999755859375,1381.5,1380.5999755859375,1381.300048828125,4912
2026-09-15 09:57:00+05:30,1381.0,1381.0,1380.300048828125,1380.5999755859375,1867
2026-09-15 09:58:00+05:30,1380.5,1381.0,1380.5,1381.0,2864
2026-09-15 09:59:00+05:30,1381.5999755859375,1381.9000244140625,1381.300048828125,1381.300048828125,1900
2026-09-15 10:00:00+05:30,1380.5999755859375,1381.9000244140625,1380.5999755859375,1381.9000244140625,2955
2026-09-15 10:01:00+05:30,1380.699951171875,1381.0,1380.199951171875,1380.5,1675
2026-09-15 10:02:00+05:30,1381.5,1381.800048828125,1380.800048828125,1380.800048828125,1443
2026-09-15 10:03:00+05:30,1380.5999755859375,1381.699951171875,1380.5,1381.5,4174
2026-09-15 10:04:00+05:30,1380.9000244140625,1380.9000244140625,1380.0,1380.0,1941
2026-09-15 10:05:00+05:30,1380.5,1380.9000244140625,1380.5,1380.5,305
2026-09-15 10:06:00+05:30,1379.5,1380.9000244140625,1379.5,1380.9000244140625,2883
2026-09-15 10:07:00+05:30,1380.699951171875,1380.699951171875,1379.5999755859375,1379.5999755859375,2095
2026-09-15 10:08:00+05:30,1379.800048828125,1380.4000244140625,1379.5,1380.0999755859375,1434
2026-09-15 10:09:00+05:30,1379.699951171875,1380.800048828125,1379.699951171875,1379.9000244140625,16126
2026-09-15 10:10:00+05:30,1379.5,1379.699951171875,1379.5,1379.699951171875,674
2026-09-15 10:11:00+05:30,1380.800048828125,1381.199951171875,1379.5999755859375,1379.5999755859375,10100
2026-09-15 10:12:00+05:30,1381.199951171875,1381.4000244140625,1381.199951171875,1381.199951171875,608
2026-09-15 10:13:00+05:30,1381.5999755859375,1381.9000244140625,1381.199951171875,1381.4000244140625,1322
2026-09-15 10:14:00+05:30,1381.5999755859375,1381.699951171875,1381.5999755859375,1381.5999755859375,714
2026-09-15 10:15:00+05:30,1381.0,1381.300048828125,1380.699951171875,1381.199951171875,1985
2026-09-15 10:16:00+05:30,1381.300048828125,1381.9000244140625,1381.0,1381.0,4927
2026-09-15 10:17:00+05:30,1380.699951171875,1381.199951171875,1380.5999755859375,1380.5999755859375,2594
2026-09-15 10:18:00+05:30,1381.300048828125,1381.5,1380.699951171875,1380.699951171875,1419
2026-09-15 10:19:00+05:30,1380.699951171875,1381.5,1380.5,1381.5,12994
2026-09-15 10:20:00+05:30,1380.199951171875,1381.5999755859375,1380.199951171875,1380.699951171875,2256
2026-09-15 10:21:00+05:30,1380.800048828125,1380.800048828125,1380.199951171875,1380.800048828125,944
2026-09-15 10:22:00+05:30,1380.199951171875,1380.800048828125,1380.199951171875,1380.5,1406
2026-09-15 10:23:00+05:30,1378.800048828125,1380.4000244140625,1378.800048828125,1380.4000244140625,3602
2026-09-15 10:24:00+05:30,1379.0,1379.300048828125,1378.9000244140625,1379.300048828125,618
2026-09-15 10:25:00+05:30,1378.199951171875,1379.300048828125,1378.199951171875,1379.300048828125,3874
2026-09-15 10:26:00+05:30,1377.5,1378.699951171875,1377.0,1378.199951171875,2272
2026-09-15 10:27:00+05:30,1375.9000244140625,1377.5,1375.800048828125,1377.5,2784
2026-09-15 10:28:00+05:30,1375.300048828125,1376.300048828125,1375.300048828125,1376.199951171875,3732
2026-09-15 10:29:00+05:30,1375.800048828125,1375.800048828125,1374.5999755859375,1375.300048828125,1188
2026-09-15 10:30:00+05:30,1375.5,1375.9000244140625,1375.199951171875,1375.5,2043
2026-09-15 10:31:00+05:30,1374.0999755859375,1375.9000244140625,1374.0999755859375,1375.5,9740
2026-09-15 10:32:00+05:30,1372.699951171875,1374.300048828125,1372.4000244140625,1374.300048828125,16161
2026-09-15 10:33:00+05:30,1372.0999755859375,1373.0999755859375,1372.0999755859375,1372.800048828125,2437
2026-09-15 10:34:00+05:30,1372.699951171875,1372.699951171875,1372.0999755859375,1372.5,1642
2026-09-15 10:35:00+05:30,1372.199951171875,1372.5999755859375,1372.199951171875,1372.199951171875,1697
2026-09-15 10:36:00+05:30,1371.199951171875,1372.5,1371.0999755859375,1372.5,2491
2026-09-15 10:37:00+05:30,1371.199951171875,1371.5999755859375,1371.199951171875,1371.5999755859375,1305
2026-09-15 10:38:00+05:30,1371.9000244140625,1371.9000244140625,1371.0999755859375,1371.0999755859375,2094
2026-09-15 10:39:00+05:30,1371.199951171875,1371.9000244140625,1370.699951171875,1371.9000244140625,4450
2026-09-15 10:40:00+05:30,1370.0,1371.199951171875,1369.5,1371.199951171875,5035
2026-09-15 10:41:00+05:30,1370.199951171875,1370.5,1369.5999755859375,1369.5999755859375,1548
2026-09-15 10:42:00+05:30,1369.5,1370.800048828125,1369.5,1370.199951171875,5340
2026-09-15 10:43:00+05:30,1369.199951171875,1369.199951171875,1368.4000244140625,1368.4000244140625,1968
2026-09-15 10:44:00+05:30,1368.300048828125,1369.199951171875,1368.300048828125,1369.0,2874
2026-09-15 10:45:00+05:30,1368.9000244140625,1369.0,1368.4000244140625,1368.4000244140625,1589
2026-09-15 10:46:00+05:30,1368.4000244140625,1369.0,1368.0999755859375,1369.0,2332
2026-09-15 10:47:00+05:30,1368.800048828125,1368.800048828125,1368.4000244140625,1368.4000244140625,1785
2026-09-15 10:48:00+05:30,1368.9000244140625,1369.5,1368.0999755859375,1368.800048828125,2950
2026-09-15 10:49:00+05:30,1368.4000244140625,1368.9000244140625,1368.0999755859375,1368.9000244140625,1078
2026-09-15 10:50:00+05:30,1368.199951171875,1368.699951171875,1368.0999755859375,1368.699951171875,1638
2026-09-15 10:51:00+05:30,1368.199951171875,1368.5999755859375,1368.0,1368.4000244140625,1066
2026-09-15 10:52:00+05:30,1368.5,1368.5,1368.0,1368.0999755859375,1770
2026-09-15 10:53:00+05:30,1368.300048828125,1368.5,1368.199951171875,1368.199951171875,1194
2026-09-15 10:54:00+05:30,1368.800048828125,1369.0,1368.5999755859375,1368.699951171875,2904
2026-09-15 10:55:00+05:30,1368.0999755859375,1368.800048828125,1368.0999755859375,1368.800048828125,1900
2026-09-15 10:56:00+05:30,1368.9000244140625,1369.199951171875,1367.199951171875,1367.800048828125,13759
2026-09-15 10:57:00+05:30,1369.0,1369.199951171875,1368.5999755859375,1368.9000244140625,1123
2026-09-15 10:58:00+05:30,1368.4000244140625,1369.0,1368.4000244140625,1369.0,893
2026-09-15 10:59:00+05:30,1368.300048828125,1368.800048828125,1368.0999755859375,1368.5,1037
2026-09-15 11:00:00+05:30,1368.800048828125,1369.0999755859375,1368.300048828125,1368.300048828125,1470
2026-09-15 11:01:00+05:30,1368.699951171875,1369.0,1368.5,1369.0,1668
2026-09-15 11:02:00+05:30,1369.0,1369.0999755859375,1368.699951171875,1369.0999755859375,1595
2026-09-15 11:03:00+05:30,1368.9000244140625,1369.0999755859375,1368.9000244140625,1369.0,1044
2026-09-15 11:04:00+05:30,1369.4000244140625,1369.4000244140625,1368.300048828125,1368.9000244140625,2074
2026-09-15 11:05:00+05:30,1368.300048828125,1369.800048828125,1368.300048828125,1369.800048828125,3433
2026-09-15 11:06:00+05:30,1368.9000244140625,1368.9000244140625,1368.199951171875,1368.5,1642
2026-09-15 11:07:00+05:30,1369.199951171875,1369.5,1368.5,1369.0,2095
2026-09-15 11:08:00+05:30,1368.5,1369.0999755859375,1368.4000244140625,1369.0999755859375,1774
2026-09-15 11:09:00+05:30,1368.800048828125,1369.0999755859375,1368.5,1368.5999755859375,1488
2026-09-15 11:10:00+05:30,1368.5,1368.9000244140625,1368.4000244140625,1368.9000244140625,1339
2026-09-15 11:11:00+05:30,1368.9000244140625,1369.0,1368.699951171875,1368.699951171875,1425
2026-09-15 11:12:00+05:30,1368.800048828125,1368.9000244140625,1368.4000244140625,1368.9000244140625,2140
2026-09-15 11:13:00+05:30,1368.4000244140625,1369.0999755859375,1368.4000244140625,1368.9000244140625,4093
2026-09-15 11:14:00+05:30,1369.5,1370.0999755859375,1368.5999755859375,1368.5999755859375,3389
2026-09-15 11:15:00+05:30,1371.0999755859375,1371.5999755859375,1369.5,1369.800048828125,5569
2026-09-15 11:16:00+05:30,1369.300048828125,1371.5,1369.300048828125,1371.5,5374
2026-09-15 11:17:00+05:30,1369.300048828125,1369.800048828125,1369.0999755859375,1369.800048828125,2546
2026-09-15 11:18:00+05:30,1369.0,1369.5999755859375,1369.0,1369.300048828125,816
2026-09-15 11:19:00+05:30,1367.5999755859375,1368.800048828125,1367.5999755859375,1368.4000244140625,2354
2026-09-15 11:20:00+05:30,1367.5,1368.0,1367.5,1367.5999755859375,1486
2026-09-15 11:21:00+05:30,1368.300048828125,1368.300048828125,1367.5999755859375,1367.5999755859375,2471
2026-09-15 11:22:00+05:30,1368.9000244140625,1369.0999755859375,1368.0999755859375,1368.300048828125,3299
2026-09-15 11:23:00+05:30,1369.0999755859375,1369.4000244140625,1368.9000244140625,1369.0999755859375,2411
2026-09-15 11:24:00+05:30,1369.5999755859375,1369.699951171875,1369.199951171875,1369.4000244140625,1943
2026-09-15 11:25:00+05:30,1369.0,1369.5999755859375,1369.0,1369.5999755859375,1748
2026-09-15 11:26:00+05:30,1369.199951171875,1369.300048828125,1369.0999755859375,1369.0999755859375,784
2026-09-15 11:27:00+05:30,1368.5,1369.800048828125,1368.5,1369.300048828125,6753
2026-09-15 11:28:00+05:30,1368.5999755859375,1368.699951171875,1368.300048828125,1368.5,1751
2026-09-15 11:29:00+05:30,1368.699951171875,1369.199951171875,1368.5999755859375,1368.699951171875,1587
2026-09-15 11:30:00+05:30,1368.699951171875,1369.0,1368.699951171875,1369.0,569
2026-09-15 11:31:00+05:30,1368.699951171875,1369.0,1368.699951171875,1368.699951171875,605
2026-09-15 11:32:00+05:30,1368.5999755859375,1369.0,1368.4000244140625,1369.0,5034
2026-09-15 11:33:00+05:30,1368.9000244140625,1368.9000244140625,1368.4000244140625,1368.4000244140625,1342
2026-09-15 11:34:00+05:30,1368.5,1368.9000244140625,1368.199951171875,1368.9000244140625,2184
2026-09-15 11:35:00+05:30,1368.800048828125,1368.800048828125,1368.5,1368.5999755859375,1754
2026-09-15 11:36:00+05:30,1369.5,1369.5,1368.800048828125,1368.800048828125,913
2026-09-15 11:37:00+05:30,1369.5999755859375,1369.9000244140625,1369.199951171875,1369.199951171875,2480
2026-09-15 11:38:00+05:30,1368.5999755859375,1369.699951171875,1367.9000244140625,1369.5999755859375,4366
2026-09-15 11:39:00+05:30,1368.199951171875,1368.800048828125,1367.9000244140625,1368.800048828125,1111
2026-09-15 11:40:00+05:30,1368.199951171875,1368.5999755859375,1368.199951171875,1368.5999755859375,875
2026-09-15 11:41:00+05:30,1367.5999755859375,1368.5,1367.5999755859375,1368.4000244140625,2545
2026-09-15 11:42:00+05:30,1369.0,1369.0,1367.5999755859375,1367.5999755859375,13364
2026-09-15 11:43:00+05:30,1368.0,1368.300048828125,1367.699951171875,1368.300048828125,2016
2026-09-15 11:44:00+05:30,1368.0,1368.300048828125,1368.0,1368.300048828125,805
2026-09-15 11:45:00+05:30,1368.0,1368.300048828125,1368.0,1368.300048828125,1011
2026-09-15 11:46:00+05:30,1368.9000244140625,1369.0,1368.300048828125,1368.300048828125,1795
2026-09-15 11:47:00+05:30,1369.0,1369.0,1368.9000244140625,1369.0,661
2026-09-15 11:48:00+05:30,1368.9000244140625,1369.0999755859375,1368.9000244140625,1369.0,855
2026-09-15 11:49:00+05:30,1368.9000244140625,1369.0999755859375,1368.9000244140625,1369.0999755859375,1519
2026-09-15 11:50:00+05:30,1367.5999755859375,1369.0,1367.5999755859375,1369.0,4802
2026-09-15 11:51:00+05:30,1367.9000244140625,1368.199951171875,1367.5999755859375,1367.5999755859375,1390
2026-09-15 11:52:00+05:30,1368.0,1368.5999755859375,1367.9000244140625,1367.9000244140625,3271
2026-09-15 11:53:00+05:30,1368.0999755859375,1368.4000244140625,1368.0,1368.0,562
2026-09-15 11:54:00+05:30,1365.5999755859375,1368.4000244140625,1365.5999755859375,1368.4000244140625,8215
2026-09-15 11:55:00+05:30,1366.5999755859375,1367.0,1365.800048828125,1365.800048828125,3250
2026-09-15 11:56:00+05:30,1366.0,1366.9000244140625,1366.0,1366.699951171875,1215
2026-09-15 11:57:00+05:30,1367.5999755859375,1367.5999755859375,1366.0,1366.0,5283
2026-09-15 11:58:00+05:30,1369.5,1369.5,1367.4000244140625,1367.5999755859375,13265
2026-09-15 11:59:00+05:30,1368.800048828125,1369.5,1368.5999755859375,1369.5,1215
2026-09-15 12:00:00+05:30,1369.5,1370.0,1368.800048828125,1369.0,13445
2026-09-15 12:01:00+05:30,1369.9000244140625,1370.300048828125,1369.9000244140625,1369.9000244140625,7768
2026-09-15 12:02:00+05:30,1370.699951171875,1370.800048828125,1369.9000244140625,1369.9000244140625,3454
2026-09-15 12:03:00+05:30,1369.9000244140625,1371.0,1369.9000244140625,1370.699951171875,7411
2026-09-15 12:04:00+05:30,1371.0999755859375,1371.0999755859375,1369.9000244140625,1370.0,4709
2026-09-15 12:05:00+05:30,1371.300048828125,1371.5,1371.0,1371.0,1680
2026-09-15 12:06:00+05:30,1371.0,1371.300048828125,1371.0,1371.300048828125,1218
2026-09-15 12:07:00+05:30,1370.699951171875,1371.199951171875,1370.300048828125,1371.199951171875,3099
2026-09-15 12:08:00+05:30,1371.699951171875,1372.300048828125,1370.5999755859375,1370.5999755859375,2757
2026-09-15 12:09:00+05:30,1371.300048828125,1371.699951171875,1371.300048828125,1371.300048828125,2295
2026-09-15 12:10:00+05:30,1370.5,1371.699951171875,1370.4000244140625,1371.699951171875,2172
2026-09-15 12:11:00+05:30,1371.5,1372.0,1371.199951171875,1371.699951171875,2991
2026-09-15 12:12:00+05:30,1370.800048828125,1371.699951171875,1370.699951171875,1371.699951171875,1295
2026-09-15 12:13:00+05:30,1371.300048828125,1371.5,1371.300048828125,1371.300048828125,1940
2026-09-15 12:14:00+05:30,1371.5,1371.699951171875,1371.300048828125,1371.300048828125,1335
2026-09-15 12:15:00+05:30,1371.800048828125,1372.0,1371.5,1371.699951171875,1973
2026-09-15 12:16:00+05:30,1371.800048828125,1371.800048828125,1371.5,1371.5999755859375,1352
2026-09-15 12:17:00+05:30,1372.5,1372.5999755859375,1372.0999755859375,1372.0999755859375,3152
2026-09-15 12:18:00+05:30,1371.5,1372.0999755859375,1371.5,1372.0999755859375,3158
2026-09-15 12:19:00+05:30,1371.5,1373.199951171875,1370.800048828125,1371.5999755859375,8281
2026-09-15 12:20:00+05:30,1371.4000244140625,1371.9000244140625,1370.9000244140625,1371.9000244140625,2247
2026-09-15 12:21:00+05:30,1371.0,1371.4000244140625,1371.0,1371.0,748
2026-09-15 12:22:00+05:30,1371.300048828125,1371.4000244140625,1371.0,1371.199951171875,1551
2026-09-15 12:23:00+05:30,1371.4000244140625,1371.5,1371.300048828125,1371.300048828125,1138
2026-09-15 12:24:00+05:30,1371.5999755859375,1371.9000244140625,1371.4000244140625,1371.4000244140625,1491
2026-09-15 12:25:00+05:30,1371.5999755859375,1371.800048828125,1371.5999755859375,1371.5999755859375,2081
2026-09-15 12:26:00+05:30,1372.699951171875,1372.800048828125,1371.800048828125,1371.9000244140625,3030
2026-09-15 12:27:00+05:30,1372.300048828125,1372.4000244140625,1372.0999755859375,1372.0999755859375,2286
2026-09-15 12:28:00+05:30,1372.5999755859375,1373.0999755859375,1372.300048828125,1372.5999755859375,3275
2026-09-15 12:29:00+05:30,1373.4000244140625,1373.4000244140625,1372.5999755859375,1372.5999755859375,1901
2026-09-15 12:30:00+05:30,1373.300048828125,1373.4000244140625,1372.9000244140625,1373.4000244140625,23426
2026-09-15 12:31:00+05:30,1372.5,1373.300048828125,1372.5,1373.300048828125,1181
2026-09-15 12:32:00+05:30,1372.5999755859375,1373.0999755859375,1372.5999755859375,1373.0,1975
2026-09-15 12:33:00+05:30,1374.800048828125,1374.800048828125,1373.0999755859375,1373.0999755859375,8671
2026-09-15 12:34:00+05:30,1375.0,1375.199951171875,1373.9000244140625,1374.4000244140625,3196
2026-09-15 12:35:00+05:30,1375.5,1375.9000244140625,1375.0,1375.0,4925
2026-09-15 12:36:00+05:30,1376.0,1376.4000244140625,1375.4000244140625,1375.5,1816
2026-09-15 12:37:00+05:30,1375.5999755859375,1376.0999755859375,1375.5,1376.0,2519
2026-09-15 12:38:00+05:30,1375.5,1376.0999755859375,1375.5,1375.5,3878
2026-09-15 12:39:00+05:30,1375.5,1376.0999755859375,1375.4000244140625,1375.5999755859375,1612
2026-09-15 12:40:00+05:30,1375.800048828125,1376.0999755859375,1375.5999755859375,1376.0,1062
2026-09-15 12:41:00+05:30,1375.699951171875,1376.0999755859375,1375.699951171875,1376.0999755859375,1080
2026-09-15 12:42:00+05:30,1376.0999755859375,1376.0999755859375,1375.699951171875,1376.0,1470
2026-09-15 12:43:00+05:30,1375.699951171875,1376.0999755859375,1375.699951171875,1376.0999755859375,1859
2026-09-15 12:44:00+05:30,1371.699951171875,1376.0999755859375,1371.0,1376.0999755859375,17183
2026-09-15 12:45:00+05:30,1373.300048828125,1374.199951171875,1371.699951171875,1371.699951171875,4699
2026-09-15 12:46:00+05:30,1373.300048828125,1373.699951171875,1373.0,1373.199951171875,1712
2026-09-15 12:47:00+05:30,1373.5999755859375,1373.5999755859375,1373.300048828125,1373.300048828125,872
2026-09-15 12:48:00+05:30,1374.5,1374.5,1373.300048828125,1373.300048828125,1737
2026-09-15 12:49:00+05:30,1373.699951171875,1374.5999755859375,1373.699951171875,1374.5,1503
2026-09-15 12:50:00+05:30,1374.199951171875,1374.4000244140625,1373.5,1373.5,1101
2026-09-15 12:51:00+05:30,1375.300048828125,1375.4000244140625,1374.199951171875,1374.4000244140625,6040
2026-09-15 12:52:00+05:30,1375.199951171875,1375.4000244140625,1375.0,1375.0,2270
2026-09-15 12:53:00+05:30,1375.300048828125,1375.800048828125,1375.300048828125,1375.800048828125,777
2026-09-15 12:54:00+05:30,1376.199951171875,1376.199951171875,1375.300048828125,1375.300048828125,7589
2026-09-15 12:55:00+05:30,1376.199951171875,1376.300048828125,1375.5999755859375,1375.5999755859375,3497
2026-09-15 12:56:00+05:30,1375.800048828125,1376.199951171875,1375.800048828125,1375.800048828125,1078
2026-09-15 12:57:00+05:30,1376.0,1376.199951171875,1375.800048828125,1375.800048828125,773
2026-09-15 12:58:00+05:30,1376.0999755859375,1376.199951171875,1375.699951171875,1376.199951171875,4717
2026-09-15 12:59:00+05:30,1376.0999755859375,1376.199951171875,1375.5999755859375,1375.699951171875,3290
2026-09-15 13:00:00+05:30,1376.199951171875,1376.199951171875,1375.5,1375.5999755859375,1183
2026-09-15 13:01:00+05:30,1375.699951171875,1376.199951171875,1375.4000244140625,1375.699951171875,5864
2026-09-15 13:02:00+05:30,1376.199951171875,1376.199951171875,1375.5999755859375,1375.5999755859375,2187
2026-09-15 13:03:00+05:30,1375.699951171875,1376.199951171875,1375.5,1376.199951171875,3643
2026-09-15 13:04:00+05:30,1375.800048828125,1376.199951171875,1375.699951171875,1376.199951171875,1347
2026-09-15 13:05:00+05:30,1375.699951171875,1376.199951171875,1375.699951171875,1376.199951171875,2178
2026-09-15 13:06:00+05:30,1375.5,1376.199951171875,1375.5,1375.699951171875,3600
2026-09-15 13:07:00+05:30,1375.699951171875,1376.199951171875,1375.5,1375.5,1422
2026-09-15 13:08:00+05:30,1376.0999755859375,1376.199951171875,1375.699951171875,1375.699951171875,2536
2026-09-15 13:09:00+05:30,1375.5999755859375,1376.199951171875,1375.5999755859375,1375.699951171875,3196
2026-09-15 13:10:00+05:30,1376.199951171875,1376.199951171875,1375.699951171875,1375.699951171875,8763
2026-09-15 13:11:00+05:30,1375.5999755859375,1376.199951171875,1374.5,1376.0999755859375,17781
2026-09-15 13:12:00+05:30,1375.5999755859375,1376.199951171875,1375.5999755859375,1376.199951171875,1548
2026-09-15 13:13:00+05:30,1375.699951171875,1376.199951171875,1375.5999755859375,1376.199951171875,1316
2026-09-15 13:14:00+05:30,1375.699951171875,1376.199951171875,1375.699951171875,1375.699951171875,3331
2026-09-15 13:15:00+05:30,1370.5999755859375,1375.699951171875,1370.5,1375.699951171875,9133
2026-09-15 13:16:00+05:30,1370.199951171875,1371.5,1370.199951171875,1370.5999755859375,2159
2026-09-15 13:17:00+05:30,1370.4000244140625,1371.0,1370.199951171875,1370.199951171875,3263
2026-09-15 13:18:00+05:30,1368.9000244140625,1369.199951171875,1367.800048828125,1367.800048828125,21232
2026-09-15 13:19:00+05:30,1369.199951171875,1369.5,1368.9000244140625,1368.9000244140625,1486
2026-09-15 13:20:00+05:30,1368.9000244140625,1369.5,1368.9000244140625,1369.199951171875,2170
2026-09-15 13:21:00+05:30,1368.800048828125,1368.9000244140625,1368.800048828125,1368.800048828125,563
2026-09-15 13:22:00+05:30,1368.5,1369.300048828125,1368.5,1368.9000244140625,2608
2026-09-15 13:23:00+05:30,1370.0,1370.0,1368.800048828125,1368.800048828125,3471
2026-09-15 13:24:00+05:30,1370.0999755859375,1370.300048828125,1369.800048828125,1370.300048828125,1659
2026-09-15 13:25:00+05:30,1369.800048828125,1370.0999755859375,1369.800048828125,1370.0,751
2026-09-15 13:26:00+05:30,1370.0,1370.199951171875,1369.800048828125,1369.800048828125,867
2026-09-15 13:27:00+05:30,1370.0,1370.5999755859375,1370.0,1370.199951171875,3027
2026-09-15 13:28:00+05:30,1370.199951171875,1370.300048828125,1370.0,1370.0,1086
2026-09-15 13:29:00+05:30,1370.4000244140625,1370.699951171875,1370.0,1370.4000244140625,1024
2026-09-15 13:30:00+05:30,1370.0,1370.0999755859375,1370.0,1370.0,741
2026-09-15 13:31:00+05:30,1370.0,1370.0999755859375,1369.9000244140625,1370.0,1577
2026-09-15 13:32:00+05:30,1370.0,1370.0,1369.9000244140625,1370.0,850
2026-09-15 13:33:00+05:30,1369.9000244140625,1370.0999755859375,1369.9000244140625,1370.0,1406
2026-09-15 13:34:00+05:30,1370.0,1370.199951171875,1369.9000244140625,1370.0,1176
2026-09-15 13:35:00+05:30,1370.0,1370.0999755859375,1369.800048828125,1370.0,815
2026-09-15 13:36:00+05:30,1370.4000244140625,1370.4000244140625,1370.0,1370.0,1816
2026-09-15 13:37:00+05:30,1370.300048828125,1370.4000244140625,1370.300048828125,1370.300048828125,800
2026-09-15 13:38:00+05:30,1370.0999755859375,1370.300048828125,1370.0999755859375,1370.300048828125,1723
2026-09-15 13:39:00+05:30,1370.0,1370.300048828125,1370.0,1370.199951171875,1150
2026-09-15 13:40:00+05:30,1370.0999755859375,1370.199951171875,1370.0,1370.0,1548
2026-09-15 13:41:00+05:30,1370.199951171875,1370.199951171875,1370.0,1370.199951171875,2678
2026-09-15 13:42:00+05:30,1370.0999755859375,1370.4000244140625,1370.0,1370.4000244140625,2729
2026-09-15 13:43:00+05:30,1370.0,1370.199951171875,1370.0,1370.0999755859375,714
2026-09-15 13:44:00+05:30,1370.0999755859375,1370.0999755859375,1370.0,1370.0,2352
2026-09-15 13:45:00+05:30,1370.300048828125,1370.300048828125,1370.0,1370.0,1680
2026-09-15 13:46:00+05:30,1370.0999755859375,1370.4000244140625,1370.0999755859375,1370.300048828125,915
2026-09-15 13:47:00+05:30,1370.0,1370.0999755859375,1370.0,1370.0,672
2026-09-15 13:48:00+05:30,1370.4000244140625,1370.4000244140625,1370.0999755859375,1370.0999755859375,1615
2026-09-15 13:49:00+05:30,1370.300048828125,1370.4000244140625,1370.300048828125,1370.300048828125,739
2026-09-15 13:50:00+05:30,1370.5999755859375,1370.800048828125,1370.300048828125,1370.4000244140625,2249
2026-09-15 13:51:00+05:30,1370.5,1370.800048828125,1370.5,1370.5999755859375,913
2026-09-15 13:52:00+05:30,1370.300048828125,1370.5,1370.0999755859375,1370.0999755859375,1138
2026-09-15 13:53:00+05:30,1370.199951171875,1370.4000244140625,1370.199951171875,1370.199951171875,1151
2026-09-15 13:54:00+05:30,1370.0999755859375,1370.4000244140625,1370.0999755859375,1370.199951171875,1443
2026-09-15 13:55:00+05:30,1370.0,1370.4000244140625,1370.0,1370.0999755859375,1314
2026-09-15 13:56:00+05:30,1370.300048828125,1370.4000244140625,1370.0,1370.4000244140625,1392
2026-09-15 13:57:00+05:30,1370.0,1370.300048828125,1370.0,1370.0999755859375,3871
2026-09-15 13:58:00+05:30,1370.0,1370.0,1370.0,1370.0,1368
2026-09-15 13:59:00+05:30,1370.0999755859375,1370.0999755859375,1370.0,1370.0,22789
2026-09-15 14:00:00+05:30,1370.0,1370.0999755859375,1369.4000244140625,1370.0999755859375,11534
2026-09-15 14:01:00+05:30,1370.5,1370.5,1370.0,1370.0,2405
2026-09-15 14:02:00+05:30,1370.5999755859375,1370.699951171875,1370.4000244140625,1370.4000244140625,759
2026-09-15 14:03:00+05:30,1370.5999755859375,1370.699951171875,1370.5999755859375,1370.5999755859375,812
2026-09-15 14:04:00+05:30,1370.5999755859375,1370.699951171875,1370.5999755859375,1370.5999755859375,881
2026-09-15 14:05:00+05:30,1370.199951171875,1370.699951171875,1370.199951171875,1370.5999755859375,1239
2026-09-15 14:06:00+05:30,1370.199951171875,1370.5,1370.0999755859375,1370.5,1153
2026-09-15 14:07:00+05:30,1370.199951171875,1370.4000244140625,1370.0999755859375,1370.300048828125,1352
2026-09-15 14:08:00+05:30,1370.5,1370.5,1370.0,1370.5,745
2026-09-15 14:09:00+05:30,1370.199951171875,1370.5999755859375,1370.0,1370.5,1436
2026-09-15 14:10:00+05:30,1370.0,1370.4000244140625,1370.0,1370.199951171875,1453
2026-09-15 14:11:00+05:30,1370.0,1370.0999755859375,1370.0,1370.0999755859375,967
2026-09-15 14:12:00+05:30,1370.0,1370.0999755859375,1370.0,1370.0999755859375,3307
2026-09-15 14:13:00+05:30,1370.0999755859375,1370.0999755859375,1370.0,1370.0999755859375,1295
2026-09-15 14:14:00+05:30,1370.0,1370.0999755859375,1370.0,1370.0,1035
2026-09-15 14:15:00+05:30,1370.0,1370.0999755859375,1369.5999755859375,1370.0,8779
2026-09-15 14:16:00+05:30,1370.0,1370.0999755859375,1370.0,1370.0999755859375,1667
2026-09-15 14:17:00+05:30,1370.0,1370.0999755859375,1370.0,1370.0,4552
2026-09-15 14:18:00+05:30,1370.0,1370.300048828125,1370.0,1370.0,2015
2026-09-15 14:19:00+05:30,1370.300048828125,1370.4000244140625,1370.199951171875,1370.300048828125,1177
2026-09-15 14:20:00+05:30,1370.199951171875,1370.300048828125,1370.199951171875,1370.199951171875,922
2026-09-15 14:21:00+05:30,1370.0,1370.300048828125,1370.0,1370.300048828125,1525
2026-09-15 14:22:00+05:30,1370.4000244140625,1370.5,1370.0,1370.0,2347
2026-09-15 14:23:00+05:30,1370.300048828125,1370.800048828125,1370.0,1370.800048828125,1611
2026-09-15 14:24:00+05:30,1370.199951171875,1370.300048828125,1370.0,1370.300048828125,1851
2026-09-15 14:25:00+05:30,1370.0,1370.199951171875,1370.0,1370.0999755859375,2660
2026-09-15 14:26:00+05:30,1371.0999755859375,1371.0999755859375,1370.0,1370.0,57271
2026-09-15 14:27:00+05:30,1371.0999755859375,1371.300048828125,1371.0,1371.199951171875,4391
2026-09-15 14:28:00+05:30,1371.4000244140625,1371.5,1371.0999755859375,1371.300048828125,1297
2026-09-15 14:29:00+05:30,1371.300048828125,1371.4000244140625,1371.0999755859375,1371.0999755859375,1268
2026-09-15 14:30:00+05:30,1371.199951171875,1371.300048828125,1371.199951171875,1371.300048828125,999
2026-09-15 14:31:00+05:30,1371.300048828125,1371.300048828125,1371.0999755859375,1371.0999755859375,1542
2026-09-15 14:32:00+05:30,1373.300048828125,1373.5999755859375,1371.199951171875,1371.300048828125,39165
2026-09-15 14:33:00+05:30,1373.0,1373.300048828125,1373.0,1373.199951171875,1046
2026-09-15 14:34:00+05:30,1373.5999755859375,1373.9000244140625,1373.0,1373.300048828125,30506
2026-09-15 14:35:00+05:30,1373.5999755859375,1373.5999755859375,1373.0,1373.5999755859375,1700
2026-09-15 14:36:00+05:30,1374.0999755859375,1374.0999755859375,1373.300048828125,1373.300048828125,1513
2026-09-15 14:37:00+05:30,1374.0,1374.4000244140625,1374.0,1374.4000244140625,2080
2026-09-15 14:38:00+05:30,1374.300048828125,1374.300048828125,1373.199951171875,1373.9000244140625,2669
2026-09-15 14:39:00+05:30,1374.4000244140625,1374.5999755859375,1374.199951171875,1374.300048828125,2344
2026-09-15 14:40:00+05:30,1373.5999755859375,1374.199951171875,1373.0999755859375,1374.199951171875,4121
2026-09-15 14:41:00+05:30,1373.5,1373.699951171875,1373.5,1373.699951171875,1513
2026-09-15 14:42:00+05:30,1373.5999755859375,1373.5999755859375,1373.199951171875,1373.5999755859375,2165
2026-09-15 14:43:00+05:30,1373.300048828125,1373.5999755859375,1373.0,1373.5999755859375,1502
2026-09-15 14:44:00+05:30,1373.300048828125,1374.199951171875,1373.0999755859375,1373.199951171875,3012
2026-09-15 14:45:00+05:30,1373.199951171875,1373.4000244140625,1373.0,1373.4000244140625,16007
2026-09-15 14:46:00+05:30,1373.0999755859375,1373.300048828125,1373.0,1373.300048828125,3285
2026-09-15 14:47:00+05:30,1373.0999755859375,1373.0999755859375,1373.0,1373.0,11660
2026-09-15 14:48:00+05:30,1370.699951171875,1373.0,1369.699951171875,1373.0,8987
2026-09-15 14:49:00+05:30,1370.5,1371.0,1370.0,1370.5,2115
2026-09-15 14:50:00+05:30,1370.300048828125,1370.699951171875,1370.300048828125,1370.5999755859375,3579
2026-09-15 14:51:00+05:30,1370.300048828125,1371.5,1370.300048828125,1370.5999755859375,6994
2026-09-15 14:52:00+05:30,1370.0999755859375,1370.9000244140625,1370.0999755859375,1370.300048828125,1466
2026-09-15 14:53:00+05:30,1369.9000244140625,1370.4000244140625,1369.5999755859375,1370.0999755859375,2763
2026-09-15 14:54:00+05:30,1368.699951171875,1369.800048828125,1368.699951171875,1369.800048828125,3162
2026-09-15 14:55:00+05:30,1368.5,1369.199951171875,1368.300048828125,1369.199951171875,3919
2026-09-15 14:56:00+05:30,1368.800048828125,1369.5999755859375,1368.699951171875,1368.699951171875,4765
2026-09-15 14:57:00+05:30,1369.300048828125,1369.300048828125,1368.5999755859375,1369.0,3162
2026-09-15 14:58:00+05:30,1369.300048828125,1369.4000244140625,1368.9000244140625,1369.4000244140625,2945
2026-09-15 14:59:00+05:30,1368.0,1369.199951171875,1367.800048828125,1368.699951171875,4261
2026-09-15 15:00:00+05:30,1366.0999755859375,1367.9000244140625,1365.300048828125,1367.9000244140625,7524
2026-09-15 15:01:00+05:30,1366.0999755859375,1366.0999755859375,1365.199951171875,1365.199951171875,7861
2026-09-15 15:02:00+05:30,1365.9000244140625,1366.0999755859375,1365.300048828125,1366.0999755859375,2592
2026-09-15 15:03:00+05:30,1366.4000244140625,1366.5,1365.5,1365.9000244140625,7316
2026-09-15 15:04:00+05:30,1367.0999755859375,1367.5999755859375,1366.0,1366.0,2008
2026-09-15 15:05:00+05:30,1366.4000244140625,1367.300048828125,1366.199951171875,1367.300048828125,5352
2026-09-15 15:06:00+05:30,1365.9000244140625,1366.4000244140625,1365.199951171875,1366.4000244140625,2568
2026-09-15 15:07:00+05:30,1366.0,1366.300048828125,1365.9000244140625,1365.9000244140625,5544
2026-09-15 15:08:00+05:30,1365.5999755859375,1366.0999755859375,1365.0999755859375,1366.0999755859375,4835
2026-09-15 15:09:00+05:30,1365.199951171875,1365.9000244140625,1365.199951171875,1365.800048828125,3120
2026-09-15 15:10:00+05:30,1366.5999755859375,1366.699951171875,1365.4000244140625,1365.4000244140625,13272
2026-09-15 15:11:00+05:30,1367.5999755859375,1367.5999755859375,1366.5999755859375,1366.5999755859375,8048
2026-09-15 15:12:00+05:30,1366.9000244140625,1368.0999755859375,1365.5999755859375,1368.0999755859375,9422
2026-09-15 15:13:00+05:30,1369.0,1369.0,1367.199951171875,1367.9000244140625,6295
2026-09-15 15:14:00+05:30,1362.0,1369.199951171875,1362.0,1369.199951171875,99758
2026-09-16 09:15:00+05:30,1385.800048828125,1385.800048828125,1370.199951171875,1370.199951171875,0
2026-09-16 09:16:00+05:30,1393.0999755859375,1393.800048828125,1384.9000244140625,1384.9000244140625,42085
2026-09-16 09:17:00+05:30,1391.4000244140625,1395.0,1385.9000244140625,1393.5999755859375,20621
2026-09-16 09:18:00+05:30,1395.199951171875,1395.199951171875,1390.800048828125,1391.5,16679
2026-09-16 09:19:00+05:30,1395.199951171875,1395.5,1393.5999755859375,1395.0999755859375,16460
2026-09-16 09:20:00+05:30,1392.800048828125,1395.5,1392.800048828125,1395.5,28263
2026-09-16 09:21:00+05:30,1389.699951171875,1393.5,1389.0,1393.199951171875,27843
2026-09-16 09:22:00+05:30,1390.199951171875,1390.699951171875,1386.800048828125,1389.800048828125,18586
2026-09-16 09:23:00+05:30,1392.5,1394.4000244140625,1389.699951171875,1390.199951171875,21530
2026-09-16 09:24:00+05:30,1393.300048828125,1393.300048828125,1392.0,1393.199951171875,16144
2026-09-16 09:25:00+05:30,1391.699951171875,1393.0,1391.699951171875,1393.0,8865
2026-09-16 09:26:00+05:30,1391.0999755859375,1393.0,1391.0999755859375,1392.0,8487
2026-09-16 09:27:00+05:30,1389.5,1391.300048828125,1389.5,1391.0999755859375,6220
2026-09-16 09:28:00+05:30,1386.0,1390.0,1386.0,1390.0,17836
2026-09-16 09:29:00+05:30,1384.0,1386.699951171875,1383.199951171875,1385.800048828125,25270
2026-09-16 09:30:00+05:30,1385.199951171875,1385.199951171875,1383.5,1383.5,9535
2026-09-16 09:31:00+05:30,1386.0999755859375,1387.699951171875,1384.9000244140625,1384.9000244140625,9105
2026-09-16 09:32:00+05:30,1385.800048828125,1386.0999755859375,1385.300048828125,1386.0999755859375,3835
2026-09-16 09:33:00+05:30,1389.4000244140625,1389.4000244140625,1386.300048828125,1386.5,9122
2026-09-16 09:34:00+05:30,1389.9000244140625,1389.9000244140625,1388.800048828125,1389.199951171875,9726
2026-09-16 09:35:00+05:30,1388.199951171875,1389.4000244140625,1387.5999755859375,1389.4000244140625,6501
2026-09-16 09:36:00+05:30,1387.4000244140625,1387.9000244140625,1387.199951171875,1387.699951171875,4827
2026-09-16 09:37:00+05:30,1388.199951171875,1389.300048828125,1388.0999755859375,1388.699951171875,8981
2026-09-16 09:38:00+05:30,1387.699951171875,1388.199951171875,1387.699951171875,1388.0999755859375,14523
2026-09-16 09:39:00+05:30,1385.0999755859375,1388.199951171875,1385.0999755859375,1387.800048828125,14266
2026-09-16 09:40:00+05:30,1385.0999755859375,1385.4000244140625,1384.199951171875,1384.199951171875,6895
2026-09-16 09:41:00+05:30,1383.0999755859375,1384.800048828125,1383.0999755859375,1384.5,5964
2026-09-16 09:42:00+05:30,1383.5999755859375,1384.0,1382.5999755859375,1383.199951171875,14043
2026-09-16 09:43:00+05:30,1378.5999755859375,1384.0,1378.5999755859375,1384.0,14812
2026-09-16 09:44:00+05:30,1379.300048828125,1380.0,1378.800048828125,1379.0,8964
2026-09-16 09:45:00+05:30,1380.0,1380.0,1378.5999755859375,1379.0999755859375,5457
2026-09-16 09:46:00+05:30,1382.5999755859375,1382.5999755859375,1379.4000244140625,1380.0,9334
2026-09-16 09:47:00+05:30,1381.0,1383.0999755859375,1380.5999755859375,1383.0999755859375,4239
2026-09-16 09:48:00+05:30,1382.4000244140625,1382.4000244140625,1380.5999755859375,1381.0,3454
2026-09-16 09:49:00+05:30,1382.800048828125,1382.9000244140625,1382.0999755859375,1382.9000244140625,7264
2026-09-16 09:50:00+05:30,1382.300048828125,1382.5,1381.800048828125,1382.199951171875,4448
2026-09-16 09:51:00+05:30,1382.699951171875,1382.699951171875,1381.699951171875,1381.699951171875,2088
2026-09-16 09:52:00+05:30,1383.9000244140625,1385.300048828125,1382.300048828125,1382.300048828125,7314
2026-09-16 09:53:00+05:30,1384.0,1384.0,1382.5999755859375,1382.699951171875,5067
2026-09-16 09:54:00+05:30,1384.5999755859375,1384.5999755859375,1384.0,1384.0,2571
2026-09-16 09:55:00+05:30,1384.699951171875,1385.0,1384.0,1384.9000244140625,7920
2026-09-16 09:56:00+05:30,1381.9000244140625,1386.9000244140625,1380.699951171875,1384.699951171875,17038
2026-09-16 09:57:00+05:30,1383.0,1384.800048828125,1382.300048828125,1382.300048828125,4062
2026-09-16 09:58:00+05:30,1383.0,1383.800048828125,1382.199951171875,1383.5,1639
2026-09-16 09:59:00+05:30,1379.0999755859375,1384.5,1379.0999755859375,1383.0,12084
2026-09-16 10:00:00+05:30,1381.9000244140625,1381.9000244140625,1379.4000244140625,1379.4000244140625,4472
2026-09-16 10:01:00+05:30,1382.9000244140625,1383.0,1382.0,1382.0,5058
2026-09-16 10:02:00+05:30,1381.800048828125,1383.199951171875,1381.800048828125,1382.5999755859375,5015
2026-09-16 10:03:00+05:30,1382.5,1382.5999755859375,1381.199951171875,1381.199951171875,1783
2026-09-16 10:04:00+05:30,1382.0,1382.800048828125,1381.699951171875,1382.800048828125,4446
2026-09-16 10:05:00+05:30,1381.800048828125,1382.0,1380.5,1382.0,3107
2026-09-16 10:06:00+05:30,1380.4000244140625,1381.300048828125,1380.4000244140625,1381.0,2269
2026-09-16 10:07:00+05:30,1381.0,1382.300048828125,1380.4000244140625,1380.4000244140625,6462
2026-09-16 10:08:00+05:30,1381.0,1382.199951171875,1381.0,1381.5999755859375,2750
2026-09-16 10:09:00+05:30,1381.199951171875,1381.5999755859375,1381.0,1381.4000244140625,2122
2026-09-16 10:10:00+05:30,1380.199951171875,1382.0,1380.199951171875,1381.5,3877
2026-09-16 10:11:00+05:30,1383.0,1383.0,1380.199951171875,1380.5,4370
2026-09-16 10:12:00+05:30,1382.5,1383.0,1382.5,1383.0,3588
2026-09-16 10:13:00+05:30,1381.699951171875,1382.199951171875,1381.699951171875,1382.199951171875,885
2026-09-16 10:14:00+05:30,1381.199951171875,1382.0,1381.0,1382.0,2105
2026-09-16 10:15:00+05:30,1382.199951171875,1382.199951171875,1381.199951171875,1381.199951171875,1676
2026-09-16 10:16:00+05:30,1382.699951171875,1382.699951171875,1381.800048828125,1381.800048828125,3522
2026-09-16 10:17:00+05:30,1382.699951171875,1382.9000244140625,1382.5,1382.5,3869
2026-09-16 10:18:00+05:30,1383.800048828125,1383.800048828125,1383.0999755859375,1383.5,2569
2026-09-16 10:19:00+05:30,1382.300048828125,1383.5999755859375,1381.9000244140625,1383.5999755859375,2667
2026-09-16 10:20:00+05:30,1383.300048828125,1383.9000244140625,1382.0,1382.0,1713
2026-09-16 10:21:00+05:30,1383.0,1383.300048828125,1382.5,1383.300048828125,2013
2026-09-16 10:22:00+05:30,1380.0999755859375,1383.699951171875,1380.0999755859375,1383.199951171875,3802
2026-09-16 10:23:00+05:30,1383.699951171875,1383.9000244140625,1381.199951171875,1381.300048828125,3757
2026-09-16 10:24:00+05:30,1383.4000244140625,1384.300048828125,1383.199951171875,1383.699951171875,4562
2026-09-16 10:25:00+05:30,1382.0,1383.4000244140625,1382.0,1383.4000244140625,2081
2026-09-16 10:26:00+05:30,1381.699951171875,1382.300048828125,1381.5,1382.0,1428
2026-09-16 10:27:00+05:30,1382.199951171875,1382.5,1382.0,1382.0999755859375,1336
2026-09-16 10:28:00+05:30,1382.4000244140625,1382.800048828125,1382.0999755859375,1382.199951171875,1484
2026-09-16 10:29:00+05:30,1381.800048828125,1383.0,1381.800048828125,1383.0,2780
2026-09-16 10:30:00+05:30,1381.9000244140625,1382.300048828125,1381.800048828125,1382.0,4224
2026-09-16 10:31:00+05:30,1382.4000244140625,1382.5,1381.800048828125,1382.199951171875,1139
2026-09-16 10:32:00+05:30,1384.300048828125,1384.300048828125,1382.9000244140625,1382.9000244140625,1749
2026-09-16 10:33:00+05:30,1384.0,1384.0,1383.800048828125,1383.800048828125,1315
2026-09-16 10:34:00+05:30,1383.0,1384.0,1382.9000244140625,1384.0,2855
2026-09-16 10:35:00+05:30,1382.5,1383.4000244140625,1382.199951171875,1383.4000244140625,1351
2026-09-16 10:36:00+05:30,1381.800048828125,1382.5,1381.800048828125,1382.0,1298
2026-09-16 10:37:00+05:30,1381.5999755859375,1381.9000244140625,1381.199951171875,1381.800048828125,2648
2026-09-16 10:38:00+05:30,1383.0,1383.0,1381.5999755859375,1381.5999755859375,1261
2026-09-16 10:39:00+05:30,1382.800048828125,1382.800048828125,1382.4000244140625,1382.4000244140625,1362
2026-09-16 10:40:00+05:30,1382.800048828125,1382.9000244140625,1382.800048828125,1382.800048828125,886
2026-09-16 10:41:00+05:30,1384.5999755859375,1384.5999755859375,1382.9000244140625,1382.9000244140625,4403
2026-09-16 10:42:00+05:30,1384.0,1385.199951171875,1383.800048828125,1385.199951171875,4986
2026-09-16 10:43:00+05:30,1384.0,1384.300048828125,1383.800048828125,1384.0,1074
2026-09-16 10:44:00+05:30,1383.0,1383.699951171875,1382.699951171875,1383.5999755859375,2091
2026-09-16 10:45:00+05:30,1382.5,1384.199951171875,1382.199951171875,1383.0,4229
2026-09-16 10:46:00+05:30,1383.199951171875,1383.300048828125,1382.4000244140625,1382.4000244140625,1464
2026-09-16 10:47:00+05:30,1383.0,1383.0,1382.5999755859375,1382.5999755859375,1352
2026-09-16 10:48:00+05:30,1382.5999755859375,1383.0999755859375,1382.5,1383.0,3296
2026-09-16 10:49:00+05:30,1383.4000244140625,1383.5,1382.5999755859375,1382.5999755859375,1112
2026-09-16 10:50:00+05:30,1383.199951171875,1383.5,1382.9000244140625,1383.5,1406
2026-09-16 10:51:00+05:30,1383.0999755859375,1384.0,1383.0999755859375,1383.199951171875,1556
2026-09-16 10:52:00+05:30,1383.0999755859375,1383.699951171875,1383.0,1383.300048828125,1707
2026-09-16 10:53:00+05:30,1382.5999755859375,1383.300048828125,1382.5,1383.300048828125,1112
2026-09-16 10:54:00+05:30,1381.199951171875,1382.800048828125,1381.199951171875,1382.300048828125,1457
2026-09-16 10:55:00+05:30,1382.0,1382.0,1380.699951171875,1381.0,2558
2026-09-16 10:56:00+05:30,1382.0,1382.0,1381.300048828125,1381.300048828125,1076
2026-09-16 10:57:00+05:30,1381.5999755859375,1382.0,1381.199951171875,1382.0,1660
2026-09-16 10:58:00+05:30,1381.0999755859375,1381.9000244140625,1380.5999755859375,1381.9000244140625,1798
2026-09-16 10:59:00+05:30,1381.699951171875,1381.699951171875,1380.5,1381.5999755859375,1137
2026-09-16 11:00:00+05:30,1383.0,1383.0,1381.699951171875,1381.699951171875,1444
2026-09-16 11:01:00+05:30,1384.0,1384.300048828125,1383.199951171875,1383.300048828125,1906
2026-09-16 11:02:00+05:30,1383.699951171875,1383.699951171875,1382.9000244140625,1383.699951171875,1979
2026-09-16 11:03:00+05:30,1383.800048828125,1384.0,1383.699951171875,1383.699951171875,1296
2026-09-16 11:04:00+05:30,1384.699951171875,1384.9000244140625,1383.4000244140625,1384.0,1285
2026-09-16 11:05:00+05:30,1384.199951171875,1384.5,1383.4000244140625,1384.5,2346
2026-09-16 11:06:00+05:30,1384.5999755859375,1384.5999755859375,1384.0,1384.199951171875,515
2026-09-16 11:07:00+05:30,1384.300048828125,1384.5999755859375,1384.199951171875,1384.5999755859375,376
2026-09-16 11:08:00+05:30,1384.4000244140625,1384.9000244140625,1383.4000244140625,1384.300048828125,2999
2026-09-16 11:09:00+05:30,1384.9000244140625,1384.9000244140625,1384.4000244140625,1384.5999755859375,752
2026-09-16 11:10:00+05:30,1385.300048828125,1385.300048828125,1384.5,1384.5,4860
2026-09-16 11:11:00+05:30,1385.0999755859375,1385.199951171875,1384.4000244140625,1385.0999755859375,1598
2026-09-16 11:12:00+05:30,1385.800048828125,1385.9000244140625,1384.9000244140625,1384.9000244140625,1083
2026-09-16 11:13:00+05:30,1386.0,1386.300048828125,1384.9000244140625,1385.800048828125,2855
2026-09-16 11:14:00+05:30,1385.9000244140625,1385.9000244140625,1385.699951171875,1385.699951171875,535
2026-09-16 11:15:00+05:30,1386.300048828125,1386.699951171875,1386.0,1386.300048828125,5526
2026-09-16 11:16:00+05:30,1386.300048828125,1386.800048828125,1386.0,1386.0,1068
2026-09-16 11:17:00+05:30,1388.199951171875,1388.5999755859375,1386.300048828125,1386.300048828125,12028
2026-09-16 11:18:00+05:30,1388.0999755859375,1388.5999755859375,1387.9000244140625,1387.9000244140625,1762
2026-09-16 11:19:00+05:30,1388.5999755859375,1388.9000244140625,1388.4000244140625,1388.5,2804
2026-09-16 11:20:00+05:30,1388.300048828125,1388.5999755859375,1388.0999755859375,1388.199951171875,988
2026-09-16 11:21:00+05:30,1387.9000244140625,1388.5999755859375,1387.9000244140625,1388.5999755859375,1199
2026-09-16 11:22:00+05:30,1388.5999755859375,1388.5999755859375,1388.199951171875,1388.5999755859375,2409
2026-09-16 11:23:00+05:30,1387.300048828125,1388.9000244140625,1387.300048828125,1388.4000244140625,3127
2026-09-16 11:24:00+05:30,1387.0999755859375,1387.9000244140625,1387.0999755859375,1387.4000244140625,511
2026-09-16 11:25:00+05:30,1386.5999755859375,1387.5,1386.5999755859375,1386.800048828125,3522
2026-09-16 11:26:00+05:30,1384.800048828125,1387.0,1384.800048828125,1386.699951171875,3247
2026-09-16 11:27:00+05:30,1385.300048828125,1385.4000244140625,1384.800048828125,1385.0,923
2026-09-16 11:28:00+05:30,1384.5999755859375,1385.800048828125,1384.5999755859375,1385.4000244140625,1672
2026-09-16 11:29:00+05:30,1384.800048828125,1385.0,1384.5999755859375,1384.5999755859375,1175
2026-09-16 11:30:00+05:30,1383.5999755859375,1384.4000244140625,1383.5999755859375,1383.699951171875,2768
2026-09-16 11:31:00+05:30,1383.699951171875,1384.300048828125,1383.5999755859375,1384.199951171875,1256
2026-09-16 11:32:00+05:30,1383.0,1384.0,1383.0,1383.800048828125,1137
2026-09-16 11:33:00+05:30,1383.4000244140625,1383.800048828125,1383.0,1383.0,1348
2026-09-16 11:34:00+05:30,1383.0,1383.800048828125,1382.5999755859375,1383.800048828125,2097
2026-09-16 11:35:00+05:30,1382.5999755859375,1383.5999755859375,1382.0999755859375,1383.0,2716
2026-09-16 11:36:00+05:30,1383.5,1383.800048828125,1381.9000244140625,1382.0,2482
2026-09-16 11:37:00+05:30,1383.5999755859375,1383.5999755859375,1382.699951171875,1383.0999755859375,3105
2026-09-16 11:38:00+05:30,1384.0,1384.0,1383.0,1383.0,1904
2026-09-16 11:39:00+05:30,1385.0,1385.0,1383.5999755859375,1384.0,1365
2026-09-16 11:40:00+05:30,1385.199951171875,1385.199951171875,1384.0999755859375,1384.5999755859375,1965
2026-09-16 11:41:00+05:30,1385.199951171875,1385.300048828125,1385.0999755859375,1385.0999755859375,1037
2026-09-16 11:42:00+05:30,1385.300048828125,1385.5999755859375,1385.199951171875,1385.300048828125,1385
2026-09-16 11:43:00+05:30,1385.699951171875,1385.699951171875,1384.0,1385.5,3009
2026-09-16 11:44:00+05:30,1386.0,1386.0999755859375,1385.300048828125,1385.300048828125,2677
2026-09-16 11:45:00+05:30,1383.699951171875,1386.300048828125,1383.199951171875,1386.300048828125,4748
2026-09-16 11:46:00+05:30,1384.9000244140625,1385.5,1383.5999755859375,1383.699951171875,5068
2026-09-16 11:47:00+05:30,1384.9000244140625,1385.5,1384.9000244140625,1385.5,1682
2026-09-16 11:48:00+05:30,1384.800048828125,1385.199951171875,1384.199951171875,1385.0,2721
2026-09-16 11:49:00+05:30,1387.5999755859375,1387.800048828125,1384.9000244140625,1384.9000244140625,13212
2026-09-16 11:50:00+05:30,1387.199951171875,1387.9000244140625,1386.699951171875,1387.0999755859375,4254
2026-09-16 11:51:00+05:30,1389.4000244140625,1389.4000244140625,1387.0999755859375,1387.699951171875,4912
2026-09-16 11:52:00+05:30,1389.0,1389.199951171875,1388.199951171875,1389.199951171875,1527
2026-09-16 11:53:00+05:30,1389.5999755859375,1389.5999755859375,1388.5,1388.5,1682
2026-09-16 11:54:00+05:30,1391.199951171875,1391.699951171875,1390.199951171875,1390.699951171875,18230
2026-09-16 11:55:00+05:30,1389.9000244140625,1391.199951171875,1389.5999755859375,1391.199951171875,4129
2026-09-16 11:56:00+05:30,1389.699951171875,1391.0,1388.9000244140625,1390.199951171875,11104
2026-09-16 11:57:00+05:30,1389.0999755859375,1390.300048828125,1389.0999755859375,1389.199951171875,3937
2026-09-16 11:58:00+05:30,1389.199951171875,1389.5,1388.800048828125,1389.0999755859375,1038
2026-09-16 11:59:00+05:30,1388.5,1389.4000244140625,1388.0999755859375,1389.4000244140625,2354
2026-09-16 12:00:00+05:30,1388.9000244140625,1389.5,1388.300048828125,1388.800048828125,3324
2026-09-16 12:01:00+05:30,1388.9000244140625,1389.0,1388.0999755859375,1388.800048828125,2063
2026-09-16 12:02:00+05:30,1389.0,1389.4000244140625,1388.199951171875,1388.800048828125,6823
2026-09-16 12:03:00+05:30,1389.699951171875,1390.0,1389.0999755859375,1389.4000244140625,1937
2026-09-16 12:04:00+05:30,1390.5,1390.5999755859375,1389.699951171875,1389.699951171875,3226
2026-09-16 12:05:00+05:30,1391.0,1391.0,1390.4000244140625,1390.5,2554
2026-09-16 12:06:00+05:30,1390.5999755859375,1391.0,1390.5999755859375,1391.0,2820
2026-09-16 12:07:00+05:30,1390.699951171875,1390.699951171875,1390.300048828125,1390.300048828125,2422
2026-09-16 12:08:00+05:30,1389.9000244140625,1390.699951171875,1389.9000244140625,1390.699951171875,1136
2026-09-16 12:09:00+05:30,1390.300048828125,1390.4000244140625,1389.9000244140625,1389.9000244140625,904
2026-09-16 12:10:00+05:30,1390.800048828125,1390.9000244140625,1390.199951171875,1390.199951171875,2026
2026-09-16 12:11:00+05:30,1390.4000244140625,1390.9000244140625,1390.0,1390.699951171875,2284
2026-09-16 12:12:00+05:30,1391.300048828125,1391.5,1390.300048828125,1390.300048828125,2793
2026-09-16 12:13:00+05:30,1391.5,1392.4000244140625,1391.4000244140625,1391.4000244140625,7307
2026-09-16 12:14:00+05:30,1390.300048828125,1391.5,1390.300048828125,1391.5,11605
2026-09-16 12:15:00+05:30,1389.0999755859375,1390.4000244140625,1389.0999755859375,1389.9000244140625,3067
2026-09-16 12:16:00+05:30,1389.800048828125,1390.300048828125,1389.0999755859375,1389.5,2133
2026-09-16 12:17:00+05:30,1390.0,1390.300048828125,1389.9000244140625,1390.0999755859375,2297
2026-09-16 12:18:00+05:30,1392.0,1393.0,1390.0,1390.0,5983
2026-09-16 12:19:00+05:30,1393.5,1393.9000244140625,1391.699951171875,1391.699951171875,5042
2026-09-16 12:20:00+05:30,1392.800048828125,1393.5999755859375,1392.800048828125,1393.5999755859375,1776
2026-09-16 12:21:00+05:30,1393.4000244140625,1393.5,1392.800048828125,1392.800048828125,1338
2026-09-16 12:22:00+05:30,1393.699951171875,1394.0999755859375,1393.199951171875,1393.4000244140625,3987
2026-09-16 12:23:00+05:30,1393.800048828125,1394.0999755859375,1393.699951171875,1393.699951171875,2432
2026-09-16 12:24:00+05:30,1392.699951171875,1394.0999755859375,1392.699951171875,1393.800048828125,2708
2026-09-16 12:25:00+05:30,1393.300048828125,1393.4000244140625,1392.800048828125,1393.4000244140625,1995
2026-09-16 12:26:00+05:30,1393.5999755859375,1394.0,1393.0999755859375,1393.300048828125,2204
2026-09-16 12:27:00+05:30,1393.5,1393.5,1393.199951171875,1393.199951171875,1189
2026-09-16 12:28:00+05:30,1392.5,1392.9000244140625,1392.0,1392.9000244140625,5219
2026-09-16 12:29:00+05:30,1392.0999755859375,1392.5,1392.0999755859375,1392.5,721
2026-09-16 12:30:00+05:30,1392.199951171875,1392.199951171875,1391.199951171875,1392.0999755859375,1922
2026-09-16 12:31:00+05:30,1391.9000244140625,1392.300048828125,1391.9000244140625,1392.300048828125,2741
2026-09-16 12:32:00+05:30,1392.5,1392.5,1391.699951171875,1391.9000244140625,1485
2026-09-16 12:33:00+05:30,1392.5999755859375,1392.9000244140625,1392.0999755859375,1392.5,1698
2026-09-16 12:34:00+05:30,1392.199951171875,1392.5999755859375,1392.199951171875,1392.5999755859375,2650
2026-09-16 12:35:00+05:30,1392.5999755859375,1392.699951171875,1392.199951171875,1392.4000244140625,1524
2026-09-16 12:36:00+05:30,1392.0,1392.5999755859375,1392.0,1392.5999755859375,1671
2026-09-16 12:37:00+05:30,1392.9000244140625,1393.5,1392.699951171875,1392.699951171875,4602
2026-09-16 12:38:00+05:30,1393.4000244140625,1393.5999755859375,1392.5,1392.9000244140625,4977
2026-09-16 12:39:00+05:30,1393.199951171875,1393.4000244140625,1391.800048828125,1393.4000244140625,3068
2026-09-16 12:40:00+05:30,1393.0999755859375,1393.199951171875,1393.0999755859375,1393.199951171875,1238
2026-09-16 12:41:00+05:30,1392.300048828125,1393.0,1392.300048828125,1393.0,1264
2026-09-16 12:42:00+05:30,1392.0,1392.9000244140625,1392.0,1392.9000244140625,3322
2026-09-16 12:43:00+05:30,1392.300048828125,1392.5,1392.0999755859375,1392.0999755859375,599
2026-09-16 12:44:00+05:30,1392.4000244140625,1392.800048828125,1391.5,1392.4000244140625,2238
2026-09-16 12:45:00+05:30,1391.9000244140625,1392.5,1391.9000244140625,1392.300048828125,3736
2026-09-16 12:46:00+05:30,1392.199951171875,1392.300048828125,1391.800048828125,1391.9000244140625,1122
2026-09-16 12:47:00+05:30,1391.0999755859375,1392.800048828125,1391.0999755859375,1392.300048828125,4944
2026-09-16 12:48:00+05:30,1391.0999755859375,1391.4000244140625,1391.0,1391.0,1778
2026-09-16 12:49:00+05:30,1391.5999755859375,1391.5999755859375,1391.0,1391.0,1211
2026-09-16 12:50:00+05:30,1391.0,1391.5999755859375,1391.0,1391.5999755859375,2629
2026-09-16 12:51:00+05:30,1390.0,1391.0999755859375,1389.300048828125,1391.0999755859375,8954
2026-09-16 12:52:00+05:30,1390.4000244140625,1390.800048828125,1390.0,1390.0,3650
2026-09-16 12:53:00+05:30,1390.300048828125,1390.5,1390.0999755859375,1390.4000244140625,2259
2026-09-16 12:54:00+05:30,1389.5,1390.5,1388.5999755859375,1390.4000244140625,2932
2026-09-16 12:55:00+05:30,1390.0,1390.199951171875,1389.699951171875,1390.0,1795
2026-09-16 12:56:00+05:30,1389.199951171875,1390.0,1389.0,1390.0,4586
2026-09-16 12:57:00+05:30,1389.5,1389.800048828125,1389.199951171875,1389.199951171875,2036
2026-09-16 12:58:00+05:30,1388.9000244140625,1389.800048828125,1388.9000244140625,1389.699951171875,1418
2026-09-16 12:59:00+05:30,1388.699951171875,1389.5,1388.4000244140625,1389.5,1986
2026-09-16 13:00:00+05:30,1388.9000244140625,1388.9000244140625,1388.699951171875,1388.699951171875,1328
2026-09-16 13:01:00+05:30,1388.5999755859375,1389.300048828125,1388.4000244140625,1388.9000244140625,6652
2026-09-16 13:02:00+05:30,1389.4000244140625,1389.5999755859375,1388.9000244140625,1388.9000244140625,2360
2026-09-16 13:03:00+05:30,1389.0999755859375,1389.4000244140625,1388.800048828125,1389.4000244140625,1631
2026-09-16 13:04:00+05:30,1389.199951171875,1389.199951171875,1389.0999755859375,1389.199951171875,975
2026-09-16 13:05:00+05:30,1389.199951171875,1389.300048828125,1389.199951171875,1389.199951171875,1267
2026-09-16 13:06:00+05:30,1389.5999755859375,1389.699951171875,1389.199951171875,1389.300048828125,1292
2026-09-16 13:07:00+05:30,1389.9000244140625,1390.0,1389.699951171875,1389.699951171875,1144
2026-09-16 13:08:00+05:30,1389.699951171875,1390.0,1389.699951171875,1390.0,3138
2026-09-16 13:09:00+05:30,1390.0999755859375,1390.5,1389.0,1389.0,2371
2026-09-16 13:10:00+05:30,1390.5,1390.5,1390.0999755859375,1390.0999755859375,1811
2026-09-16 13:11:00+05:30,1390.5,1390.5999755859375,1390.4000244140625,1390.5,1175
2026-09-16 13:12:00+05:30,1390.0,1390.0,1389.5,1389.5999755859375,4647
2026-09-16 13:13:00+05:30,1389.300048828125,1390.0,1389.0999755859375,1390.0,2401
2026-09-16 13:14:00+05:30,1389.0,1389.5,1388.800048828125,1389.300048828125,2688
2026-09-16 13:15:00+05:30,1389.0999755859375,1389.4000244140625,1388.5,1389.4000244140625,2103
2026-09-16 13:16:00+05:30,1389.0,1389.0999755859375,1388.5,1389.0999755859375,1925
2026-09-16 13:17:00+05:30,1389.4000244140625,1389.800048828125,1388.0999755859375,1388.0999755859375,6266
2026-09-16 13:18:00+05:30,1390.0999755859375,1390.0999755859375,1389.0999755859375,1389.4000244140625,2372
2026-09-16 13:19:00+05:30,1390.0999755859375,1390.0999755859375,1389.699951171875,1390.0999755859375,1248
2026-09-16 13:20:00+05:30,1389.800048828125,1390.0999755859375,1389.800048828125,1390.0999755859375,1453
2026-09-16 13:21:00+05:30,1389.800048828125,1389.9000244140625,1389.800048828125,1389.9000244140625,1799
2026-09-16 13:22:00+05:30,1389.5,1389.9000244140625,1389.5,1389.9000244140625,2833
2026-09-16 13:23:00+05:30,1389.5,1389.800048828125,1389.199951171875,1389.5,1358
2026-09-16 13:24:00+05:30,1389.699951171875,1389.800048828125,1388.699951171875,1389.800048828125,1569
2026-09-16 13:25:00+05:30,1388.699951171875,1389.699951171875,1388.5,1389.699951171875,1677
2026-09-16 13:26:00+05:30,1388.5,1389.0,1388.199951171875,1388.699951171875,1440
2026-09-16 13:27:00+05:30,1388.4000244140625,1389.0,1388.4000244140625,1388.699951171875,1884
2026-09-16 13:28:00+05:30,1388.9000244140625,1389.300048828125,1388.199951171875,1388.4000244140625,1561
2026-09-16 13:29:00+05:30,1388.0,1389.0999755859375,1388.0,1388.5999755859375,1580
2026-09-16 13:30:00+05:30,1388.5999755859375,1388.699951171875,1388.0999755859375,1388.0999755859375,2125
2026-09-16 13:31:00+05:30,1388.5,1389.0,1388.5,1388.5999755859375,2335
2026-09-16 13:32:00+05:30,1388.699951171875,1389.800048828125,1388.699951171875,1389.0,3884
2026-09-16 13:33:00+05:30,1388.5,1388.699951171875,1388.0999755859375,1388.699951171875,4146
2026-09-16 13:34:00+05:30,1388.800048828125,1389.0,1388.0999755859375,1388.5,1669
2026-09-16 13:35:00+05:30,1389.0,1389.300048828125,1388.9000244140625,1389.0,1139
2026-09-16 13:36:00+05:30,1388.9000244140625,1389.199951171875,1388.9000244140625,1389.0,1841
2026-09-16 13:37:00+05:30,1387.800048828125,1388.800048828125,1387.800048828125,1388.800048828125,8703
2026-09-16 13:38:00+05:30,1388.0,1388.9000244140625,1387.5,1387.800048828125,2688
2026-09-16 13:39:00+05:30,1388.300048828125,1388.300048828125,1387.5999755859375,1388.0,1542
2026-09-16 13:40:00+05:30,1387.199951171875,1388.300048828125,1387.199951171875,1388.300048828125,1586
2026-09-16 13:41:00+05:30,1387.0999755859375,1387.4000244140625,1386.5999755859375,1387.199951171875,1731
2026-09-16 13:42:00+05:30,1387.0999755859375,1387.199951171875,1387.0999755859375,1387.199951171875,748
2026-09-16 13:43:00+05:30,1387.199951171875,1387.5,1387.0,1387.199951171875,2031
2026-09-16 13:44:00+05:30,1387.5999755859375,1387.5999755859375,1386.5999755859375,1387.300048828125,3191
2026-09-16 13:45:00+05:30,1388.0999755859375,1388.5999755859375,1387.300048828125,1387.5,9248
2026-09-16 13:46:00+05:30,1388.300048828125,1388.300048828125,1387.5,1388.199951171875,1361
2026-09-16 13:47:00+05:30,1388.199951171875,1388.300048828125,1387.800048828125,1388.300048828125,1067
2026-09-16 13:48:00+05:30,1389.9000244140625,1389.9000244140625,1388.199951171875,1388.300048828125,3943
2026-09-16 13:49:00+05:30,1390.699951171875,1390.699951171875,1389.800048828125,1389.800048828125,2664
2026-09-16 13:50:00+05:30,1389.699951171875,1391.0,1389.699951171875,1390.699951171875,2372
2026-09-16 13:51:00+05:30,1391.0,1391.0999755859375,1389.699951171875,1389.699951171875,1668
2026-09-16 13:52:00+05:30,1390.4000244140625,1391.300048828125,1390.4000244140625,1391.0,1953
2026-09-16 13:53:00+05:30,1390.4000244140625,1391.300048828125,1390.4000244140625,1390.800048828125,2126
2026-09-16 13:54:00+05:30,1391.5999755859375,1391.5999755859375,1390.9000244140625,1391.300048828125,1233
2026-09-16 13:55:00+05:30,1391.0,1391.5999755859375,1391.0,1391.5999755859375,898
2026-09-16 13:56:00+05:30,1390.5999755859375,1391.0,1390.5,1390.9000244140625,2447
2026-09-16 13:57:00+05:30,1390.699951171875,1391.199951171875,1390.5999755859375,1390.800048828125,1261
2026-09-16 13:58:00+05:30,1391.199951171875,1391.300048828125,1390.199951171875,1390.699951171875,1509
2026-09-16 13:59:00+05:30,1391.0,1391.300048828125,1390.5999755859375,1391.300048828125,1204
2026-09-16 14:00:00+05:30,1390.800048828125,1391.300048828125,1390.300048828125,1390.699951171875,1785
2026-09-16 14:01:00+05:30,1391.4000244140625,1391.4000244140625,1390.800048828125,1390.800048828125,1986
2026-09-16 14:02:00+05:30,1391.4000244140625,1391.4000244140625,1390.9000244140625,1391.4000244140625,1374
2026-09-16 14:03:00+05:30,1391.0999755859375,1391.199951171875,1390.5,1391.199951171875,1298
2026-09-16 14:04:00+05:30,1390.5,1391.199951171875,1390.5,1391.199951171875,1375
2026-09-16 14:05:00+05:30,1390.9000244140625,1391.0,1390.5999755859375,1390.5999755859375,1284
2026-09-16 14:06:00+05:30,1390.5999755859375,1391.4000244140625,1390.5,1390.5,2238
2026-09-16 14:07:00+05:30,1391.0,1391.300048828125,1390.9000244140625,1391.0999755859375,2187
2026-09-16 14:08:00+05:30,1390.4000244140625,1391.199951171875,1390.0,1391.199951171875,1144
2026-09-16 14:09:00+05:30,1390.4000244140625,1390.800048828125,1390.0,1390.0,2137
2026-09-16 14:10:00+05:30,1390.699951171875,1390.800048828125,1389.9000244140625,1390.4000244140625,1628
2026-09-16 14:11:00+05:30,1391.0,1391.0,1390.5,1390.699951171875,1544
2026-09-16 14:12:00+05:30,1391.0,1391.199951171875,1390.9000244140625,1391.0,2270
2026-09-16 14:13:00+05:30,1390.0999755859375,1391.199951171875,1390.0,1391.199951171875,1874
2026-09-16 14:14:00+05:30,1390.300048828125,1390.5,1389.800048828125,1390.0,1506
2026-09-16 14:15:00+05:30,1390.5,1390.5,1390.300048828125,1390.5,1543
2026-09-16 14:16:00+05:30,1390.0999755859375,1390.5999755859375,1389.5999755859375,1390.5999755859375,1847
2026-09-16 14:17:00+05:30,1389.699951171875,1390.0999755859375,1389.5999755859375,1390.0999755859375,1677
2026-09-16 14:18:00+05:30,1389.9000244140625,1389.9000244140625,1389.300048828125,1389.699951171875,1312
2026-09-16 14:19:00+05:30,1389.699951171875,1389.9000244140625,1389.4000244140625,1389.9000244140625,2363
2026-09-16 14:20:00+05:30,1390.5,1390.5,1389.300048828125,1389.9000244140625,1881
2026-09-16 14:21:00+05:30,1389.4000244140625,1390.4000244140625,1389.4000244140625,1390.4000244140625,1863
2026-09-16 14:22:00+05:30,1389.4000244140625,1389.5,1389.199951171875,1389.199951171875,1743
2026-09-16 14:23:00+05:30,1389.199951171875,1389.4000244140625,1389.199951171875,1389.4000244140625,1568
2026-09-16 14:24:00+05:30,1389.199951171875,1389.300048828125,1388.5999755859375,1389.199951171875,2058
2026-09-16 14:25:00+05:30,1389.0,1389.4000244140625,1388.5999755859375,1389.199951171875,1741
2026-09-16 14:26:00+05:30,1389.0,1389.199951171875,1388.699951171875,1389.199951171875,2183
2026-09-16 14:27:00+05:30,1388.699951171875,1388.699951171875,1388.0999755859375,1388.5,1749
2026-09-16 14:28:00+05:30,1388.699951171875,1388.699951171875,1388.199951171875,1388.699951171875,2256
2026-09-16 14:29:00+05:30,1388.0,1389.0999755859375,1388.0,1388.699951171875,4020
2026-09-16 14:30:00+05:30,1388.4000244140625,1388.4000244140625,1388.0,1388.0,1895
2026-09-16 14:31:00+05:30,1388.0999755859375,1388.4000244140625,1387.5,1388.199951171875,2260
2026-09-16 14:32:00+05:30,1387.4000244140625,1388.0999755859375,1387.4000244140625,1388.0999755859375,9847
2026-09-16 14:33:00+05:30,1387.0,1387.9000244140625,1386.699951171875,1386.699951171875,3745
2026-09-16 14:34:00+05:30,1388.199951171875,1388.300048828125,1387.0,1387.0,8148
2026-09-16 14:35:00+05:30,1387.4000244140625,1388.199951171875,1387.4000244140625,1388.199951171875,5463
2026-09-16 14:36:00+05:30,1387.699951171875,1388.0999755859375,1387.4000244140625,1387.5999755859375,2351
2026-09-16 14:37:00+05:30,1387.4000244140625,1387.699951171875,1386.9000244140625,1387.5,2546
2026-09-16 14:38:00+05:30,1387.699951171875,1387.699951171875,1387.199951171875,1387.4000244140625,1983
2026-09-16 14:39:00+05:30,1387.699951171875,1387.699951171875,1387.199951171875,1387.300048828125,1982
2026-09-16 14:40:00+05:30,1387.699951171875,1387.699951171875,1387.199951171875,1387.699951171875,2014
2026-09-16 14:41:00+05:30,1387.5999755859375,1388.0,1387.199951171875,1388.0,3455
2026-09-16 14:42:00+05:30,1387.0,1387.5,1386.9000244140625,1387.5,1962
2026-09-16 14:43:00+05:30,1387.4000244140625,1387.4000244140625,1387.0,1387.0,1510
2026-09-16 14:44:00+05:30,1388.199951171875,1388.9000244140625,1387.5999755859375,1387.800048828125,5475
2026-09-16 14:45:00+05:30,1388.199951171875,1388.5999755859375,1388.0999755859375,1388.199951171875,2662
2026-09-16 14:46:00+05:30,1388.9000244140625,1389.0999755859375,1388.199951171875,1388.199951171875,6811
2026-09-16 14:47:00+05:30,1389.300048828125,1389.300048828125,1388.5,1388.5,3399
2026-09-16 14:48:00+05:30,1388.699951171875,1389.699951171875,1388.699951171875,1389.199951171875,3342
2026-09-16 14:49:00+05:30,1389.0,1389.0,1388.5,1388.5,2136
2026-09-16 14:50:00+05:30,1389.0,1389.0999755859375,1388.5999755859375,1389.0,3589
2026-09-16 14:51:00+05:30,1389.300048828125,1389.300048828125,1388.9000244140625,1389.0,8543
2026-09-16 14:52:00+05:30,1389.0999755859375,1389.5,1388.300048828125,1389.4000244140625,2309
2026-09-16 14:53:00+05:30,1389.0,1389.4000244140625,1388.5999755859375,1389.4000244140625,2065
2026-09-16 14:54:00+05:30,1388.0999755859375,1389.199951171875,1388.0,1389.0,1932
2026-09-16 14:55:00+05:30,1389.0,1389.0999755859375,1388.800048828125,1388.800048828125,5643
2026-09-16 14:56:00+05:30,1389.0999755859375,1389.300048828125,1388.699951171875,1389.0,2908
2026-09-16 14:57:00+05:30,1387.800048828125,1389.0999755859375,1387.800048828125,1389.0999755859375,4644
2026-09-16 14:58:00+05:30,1387.5,1388.300048828125,1387.300048828125,1388.300048828125,3117
2026-09-16 14:59:00+05:30,1387.699951171875,1388.4000244140625,1387.5999755859375,1388.4000244140625,5596
2026-09-16 15:00:00+05:30,1387.0,1387.699951171875,1387.0,1387.699951171875,7741
2026-09-16 15:01:00+05:30,1387.0999755859375,1387.5,1386.699951171875,1387.0,7280
2026-09-16 15:02:00+05:30,1387.4000244140625,1387.4000244140625,1387.199951171875,1387.300048828125,3702
2026-09-16 15:03:00+05:30,1387.300048828125,1387.5,1387.300048828125,1387.300048828125,4850
2026-09-16 15:04:00+05:30,1387.300048828125,1387.5,1387.199951171875,1387.199951171875,9387
2026-09-16 15:05:00+05:30,1387.199951171875,1387.300048828125,1386.5,1387.0999755859375,6628
2026-09-16 15:06:00+05:30,1387.0,1387.199951171875,1386.300048828125,1387.199951171875,19348
2026-09-16 15:07:00+05:30,1387.9000244140625,1388.300048828125,1386.9000244140625,1386.9000244140625,13255
2026-09-16 15:08:00+05:30,1387.800048828125,1387.800048828125,1387.5999755859375,1387.5999755859375,5688
2026-09-16 15:09:00+05:30,1388.699951171875,1388.699951171875,1387.699951171875,1387.800048828125,10941
2026-09-16 15:10:00+05:30,1389.0999755859375,1389.0999755859375,1386.9000244140625,1388.5999755859375,12118
2026-09-16 15:11:00+05:30,1389.300048828125,1389.300048828125,1388.5999755859375,1389.0,8998
2026-09-16 15:12:00+05:30,1387.5,1388.4000244140625,1386.800048828125,1387.699951171875,22090
2026-09-16 15:13:00+05:30,1388.5,1388.699951171875,1387.4000244140625,1387.4000244140625,4727
2026-09-16 15:14:00+05:30,1385.300048828125,1390.0,1385.300048828125,1388.5,4704
2026-09-16 15:15:00+05:30,1384.5,1384.5,1384.199951171875,1384.199951171875,139964
2026-09-17 09:15:00+05:30,1386.9000244140625,1390.800048828125,1385.5999755859375,1385.5999755859375,0
2026-09-17 09:16:00+05:30,1384.9000244140625,1386.5,1384.699951171875,1385.5999755859375,2101
2026-09-17 09:17:00+05:30,1388.199951171875,1388.699951171875,1384.0,1384.0,2641
2026-09-17 09:18:00+05:30,1388.4000244140625,1388.5999755859375,1388.199951171875,1388.5999755859375,1493
2026-09-17 09:19:00+05:30,1387.0999755859375,1388.5999755859375,1387.0999755859375,1388.0999755859375,1775
2026-09-17 09:20:00+05:30,1387.699951171875,1388.4000244140625,1387.699951171875,1388.4000244140625,794
2026-09-17 09:21:00+05:30,1385.300048828125,1387.699951171875,1384.199951171875,1387.699951171875,1723
2026-09-17 09:22:00+05:30,1386.199951171875,1386.199951171875,1385.199951171875,1385.300048828125,1224
2026-09-17 09:23:00+05:30,1385.5999755859375,1386.0999755859375,1385.300048828125,1386.0999755859375,1036
2026-09-17 09:24:00+05:30,1385.5,1385.5,1385.5,1385.5,204
2026-09-17 09:25:00+05:30,1385.300048828125,1385.300048828125,1385.0999755859375,1385.199951171875,221
2026-09-17 09:26:00+05:30,1385.4000244140625,1386.199951171875,1385.4000244140625,1385.800048828125,1378
2026-09-17 09:27:00+05:30,1386.5999755859375,1386.5999755859375,1385.5,1385.800048828125,656
2026-09-17 09:28:00+05:30,1386.5,1386.699951171875,1386.0,1386.0,776
2026-09-17 09:29:00+05:30,1385.5,1386.5,1385.5,1386.5,524
2026-09-17 09:30:00+05:30,1385.800048828125,1385.800048828125,1385.199951171875,1385.199951171875,1016
2026-09-17 09:31:00+05:30,1385.199951171875,1386.199951171875,1385.0999755859375,1386.199951171875,1602
2026-09-17 09:32:00+05:30,1385.199951171875,1385.300048828125,1385.0999755859375,1385.0999755859375,273
2026-09-17 09:33:00+05:30,1385.199951171875,1385.300048828125,1385.0999755859375,1385.199951171875,435
2026-09-17 09:34:00+05:30,1384.800048828125,1385.300048828125,1384.699951171875,1384.699951171875,1618
2026-09-17 09:35:00+05:30,1384.699951171875,1384.699951171875,1384.5,1384.699951171875,161
2026-09-17 09:36:00+05:30,1385.0999755859375,1385.5999755859375,1384.5999755859375,1384.5999755859375,1119
2026-09-17 09:37:00+05:30,1385.5,1385.5999755859375,1385.0,1385.5999755859375,431
2026-09-17 09:38:00+05:30,1385.0999755859375,1385.5,1385.0999755859375,1385.5,183
2026-09-17 09:39:00+05:30,1384.199951171875,1384.9000244140625,1384.0,1384.9000244140625,756
2026-09-17 09:40:00+05:30,1384.699951171875,1384.699951171875,1384.199951171875,1384.199951171875,1457
2026-09-17 09:41:00+05:30,1384.4000244140625,1384.9000244140625,1384.4000244140625,1384.9000244140625,872
2026-09-17 09:42:00+05:30,1383.5999755859375,1384.4000244140625,1383.5999755859375,1384.4000244140625,1017
2026-09-17 09:43:00+05:30,1382.9000244140625,1383.5999755859375,1382.199951171875,1383.199951171875,2163
2026-09-17 09:44:00+05:30,1383.300048828125,1383.300048828125,1382.5,1382.800048828125,1937
2026-09-17 09:45:00+05:30,1382.5,1383.9000244140625,1382.199951171875,1383.9000244140625,815
2026-09-17 09:46:00+05:30,1383.4000244140625,1383.4000244140625,1382.5999755859375,1383.0,731
2026-09-17 09:47:00+05:30,1383.199951171875,1383.4000244140625,1383.0999755859375,1383.199951171875,117
2026-09-17 09:48:00+05:30,1383.4000244140625,1383.4000244140625,1383.199951171875,1383.4000244140625,281
2026-09-17 09:49:00+05:30,1383.5,1383.699951171875,1383.300048828125,1383.5,615
2026-09-17 09:50:00+05:30,1382.9000244140625,1383.5999755859375,1382.9000244140625,1383.5999755859375,1006
2026-09-17 09:51:00+05:30,1383.0,1383.0999755859375,1382.300048828125,1382.9000244140625,1550
2026-09-17 09:52:00+05:30,1383.199951171875,1383.199951171875,1382.5999755859375,1383.0,1307
2026-09-17 09:53:00+05:30,1383.699951171875,1383.699951171875,1383.199951171875,1383.699951171875,112
2026-09-17 09:54:00+05:30,1383.5,1383.699951171875,1383.300048828125,1383.699951171875,171
2026-09-17 09:55:00+05:30,1383.4000244140625,1383.5,1383.300048828125,1383.5,907
2026-09-17 09:56:00+05:30,1383.5,1383.5,1383.300048828125,1383.5,167
2026-09-17 09:57:00+05:30,1383.199951171875,1383.5999755859375,1383.199951171875,1383.5,774
2026-09-17 09:58:00+05:30,1384.5,1384.5,1383.199951171875,1383.5999755859375,3581
2026-09-17 09:59:00+05:30,1384.5999755859375,1384.699951171875,1384.0,1384.699951171875,384
2026-09-17 10:00:00+05:30,1383.4000244140625,1384.5999755859375,1383.4000244140625,1384.5999755859375,487
2026-09-17 10:01:00+05:30,1383.300048828125,1383.699951171875,1383.300048828125,1383.699951171875,1519
2026-09-17 10:02:00+05:30,1383.300048828125,1383.699951171875,1383.300048828125,1383.699951171875,566
2026-09-17 10:03:00+05:30,1383.5,1383.5,1383.0,1383.5,587
2026-09-17 10:04:00+05:30,1383.300048828125,1383.5999755859375,1383.300048828125,1383.300048828125,760
2026-09-17 10:05:00+05:30,1383.5999755859375,1383.5999755859375,1383.300048828125,1383.5,859
2026-09-17 10:06:00+05:30,1383.0,1383.5,1382.800048828125,1382.800048828125,3961
2026-09-17 10:07:00+05:30,1382.5999755859375,1383.199951171875,1382.5,1382.5,1430
2026-09-17 10:08:00+05:30,1382.5,1382.5999755859375,1382.0999755859375,1382.5,206
2026-09-17 10:09:00+05:30,1385.0,1385.699951171875,1382.5,1382.5,3920
2026-09-17 10:10:00+05:30,1384.5,1385.5,1384.0999755859375,1385.0,1391
2026-09-17 10:11:00+05:30,1384.300048828125,1384.5,1384.199951171875,1384.5,654
2026-09-17 10:12:00+05:30,1383.5999755859375,1384.199951171875,1383.5999755859375,1384.199951171875,356
2026-09-17 10:13:00+05:30,1383.9000244140625,1383.9000244140625,1383.5999755859375,1383.800048828125,810
2026-09-17 10:14:00+05:30,1383.9000244140625,1384.0,1383.9000244140625,1383.9000244140625,567
2026-09-17 10:15:00+05:30,1384.199951171875,1384.199951171875,1384.0,1384.0,725
2026-09-17 10:16:00+05:30,1384.5,1384.5,1384.0999755859375,1384.199951171875,585
2026-09-17 10:17:00+05:30,1384.4000244140625,1384.4000244140625,1384.0999755859375,1384.4000244140625,746
2026-09-17 10:18:00+05:30,1384.199951171875,1384.4000244140625,1384.0999755859375,1384.4000244140625,494
2026-09-17 10:19:00+05:30,1383.800048828125,1384.300048828125,1383.5999755859375,1384.199951171875,1987
2026-09-17 10:20:00+05:30,1383.800048828125,1384.5,1383.5999755859375,1383.800048828125,1442
2026-09-17 10:21:00+05:30,1384.199951171875,1384.199951171875,1383.800048828125,1384.0999755859375,1142
2026-09-17 10:22:00+05:30,1384.199951171875,1384.300048828125,1383.800048828125,1384.0999755859375,728
2026-09-17 10:23:00+05:30,1383.5,1384.300048828125,1383.300048828125,1384.300048828125,933
2026-09-17 10:24:00+05:30,1383.300048828125,1383.5,1383.300048828125,1383.300048828125,508
2026-09-17 10:25:00+05:30,1383.199951171875,1383.4000244140625,1383.0,1383.4000244140625,219
2026-09-17 10:26:00+05:30,1382.9000244140625,1383.4000244140625,1382.9000244140625,1383.0,1324
2026-09-17 10:27:00+05:30,1382.9000244140625,1383.4000244140625,1382.9000244140625,1383.4000244140625,116
2026-09-17 10:28:00+05:30,1383.4000244140625,1383.4000244140625,1382.699951171875,1383.300048828125,788
2026-09-17 10:29:00+05:30,1383.5,1384.199951171875,1383.199951171875,1383.5,1301
2026-09-17 10:30:00+05:30,1383.300048828125,1383.5,1383.199951171875,1383.199951171875,311
2026-09-17 10:31:00+05:30,1382.699951171875,1383.5,1382.5999755859375,1383.5,1382
2026-09-17 10:32:00+05:30,1382.800048828125,1382.800048828125,1382.199951171875,1382.800048828125,512
2026-09-17 10:33:00+05:30,1382.5999755859375,1382.800048828125,1382.199951171875,1382.800048828125,399
2026-09-17 10:34:00+05:30,1382.4000244140625,1382.5999755859375,1382.199951171875,1382.5999755859375,500
2026-09-17 10:35:00+05:30,1383.5,1383.5999755859375,1382.4000244140625,1382.4000244140625,1690
2026-09-17 10:36:00+05:30,1384.5999755859375,1384.5999755859375,1382.9000244140625,1383.199951171875,1591
2026-09-17 10:37:00+05:30,1384.9000244140625,1385.0,1384.699951171875,1385.0,1928
2026-09-17 10:38:00+05:30,1384.5,1384.9000244140625,1384.300048828125,1384.9000244140625,252
2026-09-17 10:39:00+05:30,1384.4000244140625,1384.5,1384.300048828125,1384.300048828125,244
2026-09-17 10:40:00+05:30,1385.0,1385.0,1384.199951171875,1384.4000244140625,2644
2026-09-17 10:41:00+05:30,1384.800048828125,1384.9000244140625,1384.300048828125,1384.9000244140625,421
2026-09-17 10:42:00+05:30,1384.9000244140625,1385.0,1384.300048828125,1384.300048828125,615
2026-09-17 10:43:00+05:30,1384.5999755859375,1385.0999755859375,1384.5999755859375,1385.0,460
2026-09-17 10:44:00+05:30,1384.199951171875,1384.9000244140625,1384.0,1384.9000244140625,329
2026-09-17 10:45:00+05:30,1384.0,1384.5,1384.0,1384.5,295
2026-09-17 10:46:00+05:30,1384.0999755859375,1384.0999755859375,1383.800048828125,1384.0999755859375,444
2026-09-17 10:47:00+05:30,1384.5,1384.5,1383.800048828125,1383.9000244140625,1136
2026-09-17 10:48:00+05:30,1384.300048828125,1384.699951171875,1383.9000244140625,1384.0999755859375,569
2026-09-17 10:49:00+05:30,1383.800048828125,1384.300048828125,1383.5999755859375,1384.300048828125,192
2026-09-17 10:50:00+05:30,1383.5999755859375,1384.0,1383.300048828125,1384.0,5801
2026-09-17 10:51:00+05:30,1383.5,1383.5999755859375,1383.300048828125,1383.300048828125,378
2026-09-17 10:52:00+05:30,1383.5,1383.5999755859375,1383.5,1383.5999755859375,176
2026-09-17 10:53:00+05:30,1383.0,1383.5999755859375,1382.5999755859375,1383.5999755859375,791
2026-09-17 10:54:00+05:30,1382.9000244140625,1382.9000244140625,1382.199951171875,1382.5999755859375,2128
2026-09-17 10:55:00+05:30,1382.699951171875,1382.9000244140625,1382.699951171875,1382.699951171875,294
2026-09-17 10:56:00+05:30,1383.0999755859375,1383.0999755859375,1382.5999755859375,1382.9000244140625,954
2026-09-17 10:57:00+05:30,1382.9000244140625,1383.300048828125,1382.9000244140625,1383.300048828125,376
2026-09-17 10:58:00+05:30,1382.9000244140625,1383.0,1382.699951171875,1382.9000244140625,391
2026-09-17 10:59:00+05:30,1383.4000244140625,1383.4000244140625,1382.9000244140625,1382.9000244140625,1000
2026-09-17 11:00:00+05:30,1382.9000244140625,1383.300048828125,1382.5999755859375,1383.300048828125,189
2026-09-17 11:01:00+05:30,1381.9000244140625,1382.9000244140625,1381.9000244140625,1382.9000244140625,561
2026-09-17 11:02:00+05:30,1381.9000244140625,1382.0999755859375,1381.9000244140625,1382.0999755859375,162
2026-09-17 11:03:00+05:30,1381.9000244140625,1382.199951171875,1381.4000244140625,1382.0,8614
2026-09-17 11:04:00+05:30,1381.5,1381.800048828125,1381.0999755859375,1381.199951171875,1635
2026-09-17 11:05:00+05:30,1380.800048828125,1381.5,1380.5999755859375,1381.5,671
2026-09-17 11:06:00+05:30,1380.0999755859375,1380.800048828125,1380.0999755859375,1380.800048828125,539
2026-09-17 11:07:00+05:30,1379.5999755859375,1380.4000244140625,1379.5999755859375,1380.0999755859375,1785
2026-09-17 11:08:00+05:30,1379.5999755859375,1380.0,1379.4000244140625,1380.0,260
2026-09-17 11:09:00+05:30,1379.699951171875,1379.699951171875,1379.0999755859375,1379.5999755859375,755
2026-09-17 11:10:00+05:30,1379.199951171875,1379.699951171875,1379.0,1379.699951171875,988
2026-09-17 11:11:00+05:30,1378.800048828125,1379.199951171875,1378.800048828125,1379.199951171875,305
2026-09-17 11:12:00+05:30,1379.199951171875,1379.300048828125,1379.0,1379.0,1112
2026-09-17 11:13:00+05:30,1378.800048828125,1379.300048828125,1378.800048828125,1379.199951171875,276
2026-09-17 11:14:00+05:30,1379.0,1379.199951171875,1378.5999755859375,1379.199951171875,69
2026-09-17 11:15:00+05:30,1380.199951171875,1380.199951171875,1378.5999755859375,1378.5999755859375,4725
2026-09-17 11:16:00+05:30,1379.800048828125,1380.199951171875,1379.5999755859375,1380.199951171875,341
2026-09-17 11:17:00+05:30,1380.4000244140625,1380.5999755859375,1379.5999755859375,1379.5999755859375,1116
2026-09-17 11:18:00+05:30,1380.699951171875,1380.9000244140625,1380.300048828125,1380.5,306
2026-09-17 11:19:00+05:30,1379.0,1379.5999755859375,1378.9000244140625,1379.5999755859375,4569
2026-09-17 11:20:00+05:30,1378.699951171875,1379.0,1378.5,1378.9000244140625,1406
2026-09-17 11:21:00+05:30,1379.0999755859375,1379.9000244140625,1379.0,1379.0,2917
2026-09-17 11:22:00+05:30,1379.0,1379.4000244140625,1378.800048828125,1379.4000244140625,371
2026-09-17 11:23:00+05:30,1379.5999755859375,1379.5999755859375,1378.699951171875,1379.0,1577
2026-09-17 11:24:00+05:30,1378.199951171875,1379.199951171875,1378.0999755859375,1379.199951171875,1682
2026-09-17 11:25:00+05:30,1378.5,1378.5,1378.0999755859375,1378.199951171875,1984
2026-09-17 11:26:00+05:30,1378.0999755859375,1378.5,1378.0999755859375,1378.4000244140625,1262
2026-09-17 11:27:00+05:30,1377.699951171875,1378.0999755859375,1376.300048828125,1378.0999755859375,8290
2026-09-17 11:28:00+05:30,1378.0999755859375,1379.0,1376.800048828125,1377.699951171875,2462
2026-09-17 11:29:00+05:30,1378.800048828125,1379.199951171875,1378.0999755859375,1378.0999755859375,1921
2026-09-17 11:30:00+05:30,1378.199951171875,1379.0,1378.0999755859375,1379.0,4602
2026-09-17 11:31:00+05:30,1378.0999755859375,1378.300048828125,1377.800048828125,1378.300048828125,1117
2026-09-17 11:32:00+05:30,1378.5,1378.5999755859375,1378.0999755859375,1378.0999755859375,1174
2026-09-17 11:33:00+05:30,1378.300048828125,1378.5,1378.0999755859375,1378.5,100
2026-09-17 11:34:00+05:30,1377.4000244140625,1378.199951171875,1377.4000244140625,1378.199951171875,705
2026-09-17 11:35:00+05:30,1378.9000244140625,1378.9000244140625,1377.199951171875,1377.699951171875,2927
2026-09-17 11:36:00+05:30,1378.199951171875,1378.9000244140625,1378.199951171875,1378.9000244140625,220
2026-09-17 11:37:00+05:30,1378.300048828125,1378.300048828125,1378.199951171875,1378.300048828125,189
2026-09-17 11:38:00+05:30,1378.300048828125,1378.5,1377.5999755859375,1378.199951171875,6182
2026-09-17 11:39:00+05:30,1378.5,1378.5,1378.300048828125,1378.5,527
2026-09-17 11:40:00+05:30,1378.800048828125,1379.0,1378.4000244140625,1378.5,806
2026-09-17 11:41:00+05:30,1378.5999755859375,1378.800048828125,1378.5999755859375,1378.5999755859375,375
2026-09-17 11:42:00+05:30,1379.199951171875,1379.5,1378.5999755859375,1378.5999755859375,1126
2026-09-17 11:43:00+05:30,1378.4000244140625,1379.4000244140625,1378.0999755859375,1379.4000244140625,5621
2026-09-17 11:44:00+05:30,1377.9000244140625,1378.4000244140625,1377.9000244140625,1378.4000244140625,269
2026-09-17 11:45:00+05:30,1377.9000244140625,1378.0,1377.4000244140625,1377.5,2569
2026-09-17 11:46:00+05:30,1377.800048828125,1378.199951171875,1377.5999755859375,1378.199951171875,242
2026-09-17 11:47:00+05:30,1377.800048828125,1377.800048828125,1377.5999755859375,1377.5999755859375,833
2026-09-17 11:48:00+05:30,1377.699951171875,1377.800048828125,1377.5999755859375,1377.800048828125,155
2026-09-17 11:49:00+05:30,1378.300048828125,1378.300048828125,1377.300048828125,1377.699951171875,1611
2026-09-17 11:50:00+05:30,1377.699951171875,1378.300048828125,1377.5,1378.300048828125,171
2026-09-17 11:51:00+05:30,1378.300048828125,1378.300048828125,1377.4000244140625,1377.699951171875,11485
2026-09-17 11:52:00+05:30,1378.699951171875,1378.699951171875,1378.0,1378.0,1293
2026-09-17 11:53:00+05:30,1378.5999755859375,1378.800048828125,1378.300048828125,1378.4000244140625,691
2026-09-17 11:54:00+05:30,1378.0999755859375,1378.800048828125,1378.0999755859375,1378.5,3635
2026-09-17 11:55:00+05:30,1378.300048828125,1378.800048828125,1378.0,1378.4000244140625,2768
2026-09-17 11:56:00+05:30,1378.300048828125,1378.4000244140625,1378.199951171875,1378.199951171875,379
2026-09-17 11:57:00+05:30,1378.800048828125,1378.800048828125,1378.300048828125,1378.4000244140625,2022
2026-09-17 11:58:00+05:30,1378.4000244140625,1379.0,1378.4000244140625,1379.0,573
2026-09-17 11:59:00+05:30,1378.0,1378.5,1377.699951171875,1378.4000244140625,4081
2026-09-17 12:00:00+05:30,1378.4000244140625,1379.0,1378.300048828125,1378.4000244140625,1903
2026-09-17 12:01:00+05:30,1377.5,1378.4000244140625,1377.5,1378.300048828125,1030
2026-09-17 12:02:00+05:30,1377.0,1377.9000244140625,1377.0,1377.5999755859375,2067
2026-09-17 12:03:00+05:30,1377.800048828125,1377.800048828125,1377.0,1377.0,2629
2026-09-17 12:04:00+05:30,1377.4000244140625,1378.0999755859375,1377.4000244140625,1377.800048828125,1350
2026-09-17 12:05:00+05:30,1378.199951171875,1378.5,1377.800048828125,1377.800048828125,1461
2026-09-17 12:06:00+05:30,1378.0999755859375,1378.0999755859375,1378.0,1378.0,2030
2026-09-17 12:07:00+05:30,1379.0,1379.300048828125,1378.0999755859375,1378.0999755859375,2903
2026-09-17 12:08:00+05:30,1378.9000244140625,1379.0,1378.5,1378.800048828125,1375
2026-09-17 12:09:00+05:30,1379.199951171875,1379.800048828125,1378.5,1378.5,22006
2026-09-17 12:10:00+05:30,1378.699951171875,1379.4000244140625,1378.300048828125,1379.199951171875,2097
2026-09-17 12:11:00+05:30,1379.4000244140625,1379.4000244140625,1378.4000244140625,1378.699951171875,3585
2026-09-17 12:12:00+05:30,1379.0,1379.4000244140625,1379.0,1379.0,969
2026-09-17 12:13:00+05:30,1379.5999755859375,1380.0,1379.0,1379.0,1349
2026-09-17 12:14:00+05:30,1379.300048828125,1380.0999755859375,1379.199951171875,1379.699951171875,3491
2026-09-17 12:15:00+05:30,1379.4000244140625,1379.5999755859375,1379.199951171875,1379.5999755859375,280
2026-09-17 12:16:00+05:30,1382.300048828125,1382.699951171875,1379.300048828125,1379.4000244140625,12889
2026-09-17 12:17:00+05:30,1381.5999755859375,1382.699951171875,1381.5999755859375,1382.699951171875,3276
2026-09-17 12:18:00+05:30,1381.300048828125,1382.0999755859375,1381.0999755859375,1382.0999755859375,1440
2026-09-17 12:19:00+05:30,1381.199951171875,1381.699951171875,1381.199951171875,1381.699951171875,834
2026-09-17 12:20:00+05:30,1381.4000244140625,1381.9000244140625,1381.199951171875,1381.199951171875,3399
2026-09-17 12:21:00+05:30,1382.199951171875,1382.4000244140625,1381.4000244140625,1381.800048828125,2023
2026-09-17 12:22:00+05:30,1382.199951171875,1382.4000244140625,1381.9000244140625,1382.4000244140625,746
2026-09-17 12:23:00+05:30,1382.300048828125,1382.5,1382.300048828125,1382.5,1060
2026-09-17 12:24:00+05:30,1382.0,1382.4000244140625,1382.0,1382.300048828125,731
2026-09-17 12:25:00+05:30,1381.5,1382.0999755859375,1381.5,1382.0999755859375,1406
2026-09-17 12:26:00+05:30,1381.199951171875,1381.800048828125,1381.199951171875,1381.5,606
2026-09-17 12:27:00+05:30,1381.699951171875,1381.800048828125,1381.4000244140625,1381.800048828125,1115
2026-09-17 12:28:00+05:30,1382.0,1382.0,1381.199951171875,1381.4000244140625,1681
2026-09-17 12:29:00+05:30,1381.800048828125,1382.300048828125,1381.199951171875,1381.5,1203
2026-09-17 12:30:00+05:30,1381.0999755859375,1381.9000244140625,1381.0999755859375,1381.9000244140625,1149
2026-09-17 12:31:00+05:30,1381.4000244140625,1382.0999755859375,1380.800048828125,1381.0,3779
2026-09-17 12:32:00+05:30,1382.0,1382.0999755859375,1380.9000244140625,1381.4000244140625,1554
2026-09-17 12:33:00+05:30,1382.199951171875,1382.300048828125,1382.0,1382.0,2332
2026-09-17 12:34:00+05:30,1382.5999755859375,1382.5999755859375,1382.0,1382.199951171875,1530
2026-09-17 12:35:00+05:30,1382.699951171875,1383.0,1382.5,1382.699951171875,2090
2026-09-17 12:36:00+05:30,1382.5999755859375,1382.699951171875,1382.300048828125,1382.699951171875,774
2026-09-17 12:37:00+05:30,1382.300048828125,1382.9000244140625,1382.300048828125,1382.9000244140625,480
2026-09-17 12:38:00+05:30,1382.300048828125,1382.699951171875,1382.300048828125,1382.300048828125,1005
2026-09-17 12:39:00+05:30,1382.300048828125,1382.5999755859375,1382.300048828125,1382.5999755859375,907
2026-09-17 12:40:00+05:30,1381.699951171875,1382.300048828125,1381.699951171875,1382.300048828125,1272
2026-09-17 12:41:00+05:30,1381.199951171875,1381.9000244140625,1381.199951171875,1381.9000244140625,4497
2026-09-17 12:42:00+05:30,1381.199951171875,1381.5999755859375,1381.0999755859375,1381.5999755859375,501
2026-09-17 12:43:00+05:30,1381.199951171875,1381.9000244140625,1381.0999755859375,1381.199951171875,1940
2026-09-17 12:44:00+05:30,1381.300048828125,1381.800048828125,1381.0999755859375,1381.0999755859375,870
2026-09-17 12:45:00+05:30,1382.0999755859375,1382.0999755859375,1381.199951171875,1381.4000244140625,3047
2026-09-17 12:46:00+05:30,1380.9000244140625,1381.800048828125,1380.800048828125,1381.800048828125,2733
2026-09-17 12:47:00+05:30,1381.0,1381.0,1380.800048828125,1381.0,702
2026-09-17 12:48:00+05:30,1380.800048828125,1381.300048828125,1380.800048828125,1380.9000244140625,2787
2026-09-17 12:49:00+05:30,1379.0,1380.5,1379.0,1380.5,2715
2026-09-17 12:50:00+05:30,1379.0,1379.699951171875,1378.699951171875,1379.699951171875,15524
2026-09-17 12:51:00+05:30,1378.5,1379.5,1378.5,1379.4000244140625,2693
2026-09-17 12:52:00+05:30,1378.300048828125,1378.9000244140625,1378.300048828125,1378.9000244140625,730
2026-09-17 12:53:00+05:30,1378.300048828125,1378.5999755859375,1378.300048828125,1378.300048828125,720
2026-09-17 12:54:00+05:30,1378.5999755859375,1378.800048828125,1378.300048828125,1378.300048828125,2449
2026-09-17 12:55:00+05:30,1378.5,1378.699951171875,1378.5,1378.699951171875,589
2026-09-17 12:56:00+05:30,1378.0999755859375,1378.699951171875,1378.0999755859375,1378.699951171875,1328
2026-09-17 12:57:00+05:30,1378.199951171875,1378.300048828125,1378.0,1378.199951171875,1334
2026-09-17 12:58:00+05:30,1377.800048828125,1378.300048828125,1377.800048828125,1378.300048828125,398
2026-09-17 12:59:00+05:30,1377.9000244140625,1377.9000244140625,1377.5999755859375,1377.800048828125,2380
2026-09-17 13:00:00+05:30,1377.5,1378.0,1377.5,1378.0,1615
2026-09-17 13:01:00+05:30,1377.5999755859375,1378.0,1377.5,1377.5,1361
2026-09-17 13:02:00+05:30,1377.800048828125,1377.800048828125,1376.699951171875,1377.5999755859375,6519
2026-09-17 13:03:00+05:30,1378.199951171875,1378.5,1377.800048828125,1377.9000244140625,2740
2026-09-17 13:04:00+05:30,1377.699951171875,1378.199951171875,1377.300048828125,1378.199951171875,1691
2026-09-17 13:05:00+05:30,1377.5,1377.699951171875,1377.300048828125,1377.699951171875,1302
2026-09-17 13:06:00+05:30,1377.5,1377.5999755859375,1377.5,1377.5,314
2026-09-17 13:07:00+05:30,1377.5,1377.5999755859375,1377.0,1377.5,3145
2026-09-17 13:08:00+05:30,1377.0999755859375,1377.300048828125,1377.0,1377.199951171875,1154
2026-09-17 13:09:00+05:30,1377.0,1377.199951171875,1377.0,1377.0999755859375,1278
2026-09-17 13:10:00+05:30,1377.199951171875,1377.300048828125,1377.0,1377.0,1824
2026-09-17 13:11:00+05:30,1377.0999755859375,1377.300048828125,1377.0999755859375,1377.199951171875,1627
2026-09-17 13:12:00+05:30,1377.5999755859375,1377.5999755859375,1377.0999755859375,1377.300048828125,967
2026-09-17 13:13:00+05:30,1377.0999755859375,1377.5999755859375,1377.0,1377.5999755859375,1489
2026-09-17 13:14:00+05:30,1376.300048828125,1377.199951171875,1376.300048828125,1377.199951171875,1132
2026-09-17 13:15:00+05:30,1376.0999755859375,1376.5999755859375,1376.0999755859375,1376.300048828125,4280
2026-09-17 13:16:00+05:30,1376.199951171875,1376.300048828125,1376.0999755859375,1376.199951171875,742
2026-09-17 13:17:00+05:30,1376.199951171875,1376.699951171875,1376.199951171875,1376.699951171875,908
2026-09-17 13:18:00+05:30,1376.800048828125,1376.9000244140625,1376.199951171875,1376.199951171875,2438
2026-09-17 13:19:00+05:30,1376.0,1376.9000244140625,1375.800048828125,1376.9000244140625,8416
2026-09-17 13:20:00+05:30,1376.0,1376.199951171875,1376.0,1376.199951171875,490
2026-09-17 13:21:00+05:30,1376.0,1376.0999755859375,1375.9000244140625,1376.0,945
2026-09-17 13:22:00+05:30,1376.4000244140625,1376.4000244140625,1375.0999755859375,1376.0,19161
2026-09-17 13:23:00+05:30,1375.9000244140625,1376.0999755859375,1375.699951171875,1375.800048828125,973
2026-09-17 13:24:00+05:30,1375.5999755859375,1376.0,1375.5999755859375,1376.0,301
2026-09-17 13:25:00+05:30,1375.5999755859375,1375.699951171875,1375.5999755859375,1375.699951171875,976
2026-09-17 13:26:00+05:30,1375.0,1375.5999755859375,1375.0,1375.5999755859375,2672
2026-09-17 13:27:00+05:30,1374.0999755859375,1375.0,1373.5999755859375,1375.0,8555
2026-09-17 13:28:00+05:30,1373.5999755859375,1374.0999755859375,1373.0999755859375,1374.0999755859375,2053
2026-09-17 13:29:00+05:30,1372.0999755859375,1373.199951171875,1372.0999755859375,1373.199951171875,3253
2026-09-17 13:30:00+05:30,1371.699951171875,1372.4000244140625,1371.300048828125,1372.4000244140625,2809
2026-09-17 13:31:00+05:30,1372.300048828125,1372.9000244140625,1371.5,1371.699951171875,1757
2026-09-17 13:32:00+05:30,1372.5999755859375,1373.9000244140625,1372.0,1372.5999755859375,3861
2026-09-17 13:33:00+05:30,1372.9000244140625,1373.300048828125,1372.5999755859375,1372.699951171875,2429
2026-09-17 13:34:00+05:30,1374.0999755859375,1374.0999755859375,1372.0999755859375,1372.9000244140625,13767
2026-09-17 13:35:00+05:30,1373.0,1373.5,1372.300048828125,1373.5,2197
2026-09-17 13:36:00+05:30,1373.5,1374.0,1372.4000244140625,1372.800048828125,2313
2026-09-17 13:37:00+05:30,1374.5,1375.300048828125,1373.5,1373.9000244140625,4300
2026-09-17 13:38:00+05:30,1374.5,1375.199951171875,1374.0999755859375,1374.800048828125,5251
2026-09-17 13:39:00+05:30,1374.699951171875,1374.9000244140625,1374.199951171875,1374.5,1645
2026-09-17 13:40:00+05:30,1374.5,1375.0999755859375,1374.300048828125,1374.699951171875,1765
2026-09-17 13:41:00+05:30,1373.800048828125,1374.800048828125,1373.5999755859375,1374.800048828125,966
2026-09-17 13:42:00+05:30,1373.5999755859375,1374.699951171875,1373.300048828125,1373.800048828125,2430
2026-09-17 13:43:00+05:30,1373.300048828125,1373.5999755859375,1373.0,1373.5999755859375,963
2026-09-17 13:44:00+05:30,1371.5999755859375,1373.300048828125,1371.199951171875,1373.300048828125,9986
2026-09-17 13:45:00+05:30,1371.800048828125,1372.300048828125,1371.5,1371.9000244140625,900
2026-09-17 13:46:00+05:30,1372.0,1372.300048828125,1371.5999755859375,1372.0,621
2026-09-17 13:47:00+05:30,1372.300048828125,1372.300048828125,1371.800048828125,1372.0,1100
2026-09-17 13:48:00+05:30,1371.0999755859375,1372.0,1371.0,1372.0,592
2026-09-17 13:49:00+05:30,1371.300048828125,1371.4000244140625,1370.800048828125,1371.0999755859375,1970
2026-09-17 13:50:00+05:30,1371.5999755859375,1371.5999755859375,1370.800048828125,1371.300048828125,2727
2026-09-17 13:51:00+05:30,1371.800048828125,1371.9000244140625,1371.5,1371.5,3929
2026-09-17 13:52:00+05:30,1371.5999755859375,1371.800048828125,1371.5999755859375,1371.800048828125,274
2026-09-17 13:53:00+05:30,1370.4000244140625,1371.4000244140625,1370.4000244140625,1371.300048828125,2564
2026-09-17 13:54:00+05:30,1370.9000244140625,1371.0,1370.300048828125,1370.699951171875,2083
2026-09-17 13:55:00+05:30,1371.0999755859375,1371.199951171875,1370.5999755859375,1371.199951171875,2278
2026-09-17 13:56:00+05:30,1371.300048828125,1371.699951171875,1370.5,1371.199951171875,4291
2026-09-17 13:57:00+05:30,1371.300048828125,1372.0,1371.0,1371.300048828125,1876
2026-09-17 13:58:00+05:30,1370.800048828125,1371.5999755859375,1370.800048828125,1371.5999755859375,2225
2026-09-17 13:59:00+05:30,1370.199951171875,1371.5999755859375,1370.199951171875,1370.800048828125,2429
2026-09-17 14:00:00+05:30,1370.5,1371.300048828125,1370.199951171875,1370.800048828125,3094
2026-09-17 14:01:00+05:30,1371.4000244140625,1372.0,1370.4000244140625,1370.9000244140625,1430
2026-09-17 14:02:00+05:30,1372.0,1372.300048828125,1371.5999755859375,1371.699951171875,2451
2026-09-17 14:03:00+05:30,1371.699951171875,1372.0,1370.800048828125,1372.0,1916
2026-09-17 14:04:00+05:30,1371.800048828125,1371.9000244140625,1371.300048828125,1371.9000244140625,2378
2026-09-17 14:05:00+05:30,1371.699951171875,1372.0999755859375,1371.4000244140625,1371.800048828125,960
2026-09-17 14:06:00+05:30,1371.4000244140625,1372.199951171875,1371.4000244140625,1371.699951171875,1386
2026-09-17 14:07:00+05:30,1371.699951171875,1372.4000244140625,1371.4000244140625,1371.4000244140625,4156
2026-09-17 14:08:00+05:30,1372.300048828125,1372.300048828125,1371.5999755859375,1371.699951171875,2995
2026-09-17 14:09:00+05:30,1371.5,1372.199951171875,1371.5,1371.699951171875,1963
2026-09-17 14:10:00+05:30,1371.5999755859375,1372.0999755859375,1371.5,1371.5,7735
2026-09-17 14:11:00+05:30,1378.0,1378.199951171875,1372.0999755859375,1372.0999755859375,46214
2026-09-17 14:12:00+05:30,1379.0,1380.4000244140625,1377.300048828125,1378.199951171875,36500
2026-09-17 14:13:00+05:30,1378.4000244140625,1380.0,1378.0999755859375,1380.0,31248
2026-09-17 14:14:00+05:30,1377.800048828125,1378.9000244140625,1377.5,1378.9000244140625,3352
2026-09-17 14:15:00+05:30,1378.5,1378.5,1377.4000244140625,1378.0999755859375,970
2026-09-17 14:16:00+05:30,1376.699951171875,1378.699951171875,1376.4000244140625,1378.5,4254
2026-09-17 14:17:00+05:30,1377.199951171875,1377.300048828125,1376.4000244140625,1377.199951171875,1223
2026-09-17 14:18:00+05:30,1377.199951171875,1377.9000244140625,1376.800048828125,1377.199951171875,817
2026-09-17 14:19:00+05:30,1377.0,1377.5,1376.9000244140625,1377.5,1793
2026-09-17 14:20:00+05:30,1376.800048828125,1377.300048828125,1376.800048828125,1377.0,209
2026-09-17 14:21:00+05:30,1377.0,1377.5,1376.4000244140625,1376.800048828125,2140
2026-09-17 14:22:00+05:30,1376.800048828125,1377.5,1376.800048828125,1377.5,3250
2026-09-17 14:23:00+05:30,1376.5,1377.0999755859375,1376.5,1377.0,711
2026-09-17 14:24:00+05:30,1376.4000244140625,1376.9000244140625,1376.4000244140625,1376.800048828125,3077
2026-09-17 14:25:00+05:30,1376.4000244140625,1376.699951171875,1376.0999755859375,1376.699951171875,342
2026-09-17 14:26:00+05:30,1379.699951171875,1379.699951171875,1375.800048828125,1376.4000244140625,8156
2026-09-17 14:27:00+05:30,1380.0,1380.300048828125,1379.699951171875,1380.0,21066
2026-09-17 14:28:00+05:30,1380.0,1381.4000244140625,1380.0,1380.199951171875,3821
2026-09-17 14:29:00+05:30,1380.0,1380.5,1380.0,1380.199951171875,1702
2026-09-17 14:30:00+05:30,1380.300048828125,1380.5,1380.0,1380.5,1490
2026-09-17 14:31:00+05:30,1380.0,1380.5,1380.0,1380.5,1577
2026-09-17 14:32:00+05:30,1380.0,1380.4000244140625,1380.0,1380.4000244140625,385
2026-09-17 14:33:00+05:30,1380.0,1380.5,1380.0,1380.0,2616
2026-09-17 14:34:00+05:30,1380.0,1380.4000244140625,1380.0,1380.4000244140625,2553
2026-09-17 14:35:00+05:30,1380.0999755859375,1380.0999755859375,1380.0,1380.0,1627
2026-09-17 14:36:00+05:30,1380.4000244140625,1380.800048828125,1380.0,1380.0,2645
2026-09-17 14:37:00+05:30,1380.0,1380.800048828125,1380.0,1380.800048828125,9522
2026-09-17 14:38:00+05:30,1380.0,1380.0999755859375,1380.0,1380.0999755859375,945
2026-09-17 14:39:00+05:30,1380.0,1380.0,1380.0,1380.0,705
2026-09-17 14:40:00+05:30,1380.0,1380.0999755859375,1379.800048828125,1380.0,16924
2026-09-17 14:41:00+05:30,1380.0,1380.0,1380.0,1380.0,3249
2026-09-17 14:42:00+05:30,1378.5999755859375,1380.0999755859375,1378.5999755859375,1380.0999755859375,17040
2026-09-17 14:43:00+05:30,1380.199951171875,1380.199951171875,1380.0,1380.0999755859375,13509
2026-09-17 14:44:00+05:30,1378.699951171875,1379.699951171875,1378.699951171875,1379.699951171875,3081
2026-09-17 14:45:00+05:30,1378.5,1379.199951171875,1378.300048828125,1379.0,6122
2026-09-17 14:46:00+05:30,1378.5999755859375,1379.0,1378.5,1378.5999755859375,427
2026-09-17 14:47:00+05:30,1378.5,1379.0,1378.4000244140625,1379.0,1871
2026-09-17 14:48:00+05:30,1378.9000244140625,1378.9000244140625,1378.5,1378.5999755859375,3855
2026-09-17 14:49:00+05:30,1377.199951171875,1378.9000244140625,1377.199951171875,1378.9000244140625,1605
2026-09-17 14:50:00+05:30,1377.800048828125,1378.0999755859375,1377.199951171875,1377.199951171875,3396
2026-09-17 14:51:00+05:30,1378.5999755859375,1378.5999755859375,1377.5999755859375,1377.800048828125,23846
2026-09-17 14:52:00+05:30,1378.699951171875,1379.0,1378.5,1379.0,2773
2026-09-17 14:53:00+05:30,1378.0999755859375,1379.199951171875,1378.0999755859375,1378.5,4267
2026-09-17 14:54:00+05:30,1378.0,1378.5,1378.0,1378.5,2838
2026-09-17 14:55:00+05:30,1377.5,1378.0999755859375,1377.5,1378.0999755859375,1809
2026-09-17 14:56:00+05:30,1375.699951171875,1377.4000244140625,1375.699951171875,1377.4000244140625,2652
2026-09-17 14:57:00+05:30,1374.800048828125,1375.5999755859375,1374.4000244140625,1374.9000244140625,11120
2026-09-17 14:58:00+05:30,1375.4000244140625,1375.4000244140625,1374.300048828125,1374.4000244140625,5958
2026-09-17 14:59:00+05:30,1375.4000244140625,1375.5999755859375,1375.300048828125,1375.5999755859375,1382
2026-09-17 15:00:00+05:30,1374.800048828125,1374.9000244140625,1374.5,1374.5,3061
2026-09-17 15:01:00+05:30,1374.9000244140625,1374.9000244140625,1374.800048828125,1374.800048828125,1168
2026-09-17 15:02:00+05:30,1375.300048828125,1375.300048828125,1374.699951171875,1374.800048828125,6073
2026-09-17 15:03:00+05:30,1375.0,1375.300048828125,1374.199951171875,1375.199951171875,6520
2026-09-17 15:04:00+05:30,1374.5999755859375,1374.800048828125,1374.5999755859375,1374.800048828125,1720
2026-09-17 15:05:00+05:30,1374.0999755859375,1374.5,1374.0999755859375,1374.5,9981
2026-09-17 15:06:00+05:30,1374.699951171875,1374.800048828125,1373.699951171875,1374.0999755859375,4264
2026-09-17 15:07:00+05:30,1373.0,1374.4000244140625,1373.0,1374.4000244140625,8992
2026-09-17 15:08:00+05:30,1373.5999755859375,1373.699951171875,1373.300048828125,1373.4000244140625,11791
2026-09-17 15:09:00+05:30,1374.5,1374.5,1373.5999755859375,1373.699951171875,7026
2026-09-17 15:10:00+05:30,1373.4000244140625,1374.0999755859375,1373.4000244140625,1374.0999755859375,8690
2026-09-17 15:11:00+05:30,1374.199951171875,1374.699951171875,1373.9000244140625,1373.9000244140625,6509
2026-09-17 15:12:00+05:30,1374.199951171875,1374.4000244140625,1374.199951171875,1374.199951171875,8076
2026-09-17 15:13:00+05:30,1374.699951171875,1375.0,1374.0,1374.0,17561
2026-09-17 15:14:00+05:30,1370.5999755859375,1380.0,1370.5999755859375,1374.699951171875,86419
2026-09-18 09:15:00+05:30,1374.5,1375.699951171875,1372.699951171875,1372.699951171875,0
2026-09-18 09:16:00+05:30,1374.9000244140625,1375.9000244140625,1374.0999755859375,1374.0999755859375,3233
2026-09-18 09:17:00+05:30,1376.300048828125,1376.699951171875,1374.5999755859375,1375.699951171875,5701
2026-09-18 09:18:00+05:30,1376.0999755859375,1376.9000244140625,1375.5,1375.5,592
2026-09-18 09:19:00+05:30,1375.800048828125,1375.800048828125,1374.199951171875,1375.5999755859375,2701
2026-09-18 09:20:00+05:30,1377.199951171875,1377.199951171875,1375.699951171875,1375.9000244140625,1354
2026-09-18 09:21:00+05:30,1376.9000244140625,1377.300048828125,1376.699951171875,1377.300048828125,611
2026-09-18 09:22:00+05:30,1377.699951171875,1378.5,1376.9000244140625,1377.0,1956
2026-09-18 09:23:00+05:30,1378.0,1378.0,1377.0999755859375,1377.699951171875,858
2026-09-18 09:24:00+05:30,1378.0999755859375,1378.5999755859375,1377.199951171875,1377.199951171875,489
2026-09-18 09:25:00+05:30,1378.199951171875,1378.199951171875,1376.9000244140625,1378.0999755859375,1167
2026-09-18 09:26:00+05:30,1378.0,1378.0,1377.0999755859375,1377.0999755859375,1898
2026-09-18 09:27:00+05:30,1377.4000244140625,1378.0,1377.4000244140625,1377.5,669
2026-09-18 09:28:00+05:30,1376.699951171875,1377.4000244140625,1376.5999755859375,1377.4000244140625,1224
2026-09-18 09:29:00+05:30,1378.699951171875,1379.0,1377.0,1377.0,1099
2026-09-18 09:30:00+05:30,1378.199951171875,1379.300048828125,1377.699951171875,1378.699951171875,570
2026-09-18 09:31:00+05:30,1377.699951171875,1378.5,1377.5999755859375,1377.699951171875,492
2026-09-18 09:32:00+05:30,1377.0999755859375,1378.0999755859375,1376.4000244140625,1378.0999755859375,526
2026-09-18 09:33:00+05:30,1376.5,1377.0999755859375,1376.5,1376.5,691
2026-09-18 09:34:00+05:30,1375.0,1376.5,1375.0,1376.5,2063
2026-09-18 09:35:00+05:30,1372.0,1375.699951171875,1372.0,1375.699951171875,3150
2026-09-18 09:36:00+05:30,1374.0,1374.5,1372.5,1372.5,1522
2026-09-18 09:37:00+05:30,1373.4000244140625,1374.5,1373.300048828125,1374.5,761
2026-09-18 09:38:00+05:30,1373.800048828125,1373.800048828125,1373.4000244140625,1373.4000244140625,315
2026-09-18 09:39:00+05:30,1373.800048828125,1373.800048828125,1373.300048828125,1373.4000244140625,228
2026-09-18 09:40:00+05:30,1374.4000244140625,1374.4000244140625,1373.300048828125,1373.800048828125,771
2026-09-18 09:41:00+05:30,1374.199951171875,1375.0,1374.0999755859375,1374.5,871
2026-09-18 09:42:00+05:30,1374.5,1374.5,1373.800048828125,1374.0999755859375,331
2026-09-18 09:43:00+05:30,1374.199951171875,1374.5,1374.0,1374.0999755859375,524
2026-09-18 09:44:00+05:30,1374.5999755859375,1374.5999755859375,1373.4000244140625,1373.800048828125,2960
2026-09-18 09:45:00+05:30,1375.0999755859375,1375.199951171875,1374.800048828125,1374.9000244140625,1048
2026-09-18 09:46:00+05:30,1375.800048828125,1376.0999755859375,1375.0999755859375,1375.0999755859375,619
2026-09-18 09:47:00+05:30,1376.0,1376.5,1375.800048828125,1375.800048828125,318
2026-09-18 09:48:00+05:30,1379.300048828125,1379.800048828125,1376.300048828125,1376.300048828125,4762
2026-09-18 09:49:00+05:30,1381.0,1381.0,1379.300048828125,1379.300048828125,1149
2026-09-18 09:50:00+05:30,1380.800048828125,1381.5,1379.5999755859375,1380.5999755859375,5347
2026-09-18 09:51:00+05:30,1379.199951171875,1380.800048828125,1379.199951171875,1380.800048828125,2342
2026-09-18 09:52:00+05:30,1378.800048828125,1379.199951171875,1378.800048828125,1379.199951171875,1304
2026-09-18 09:53:00+05:30,1378.5,1379.0,1378.5,1378.800048828125,145
2026-09-18 09:54:00+05:30,1378.699951171875,1378.9000244140625,1378.199951171875,1378.9000244140625,113
2026-09-18 09:55:00+05:30,1379.5999755859375,1380.0,1378.699951171875,1378.699951171875,1079
2026-09-18 09:56:00+05:30,1380.0999755859375,1380.4000244140625,1379.5999755859375,1379.9000244140625,1103
2026-09-18 09:57:00+05:30,1378.9000244140625,1380.0999755859375,1378.800048828125,1380.0999755859375,1102
2026-09-18 09:58:00+05:30,1378.9000244140625,1379.0999755859375,1378.800048828125,1378.9000244140625,115
2026-09-18 09:59:00+05:30,1378.300048828125,1379.0,1378.300048828125,1378.9000244140625,1436
2026-09-18 10:00:00+05:30,1378.300048828125,1378.300048828125,1378.0,1378.300048828125,245
2026-09-18 10:01:00+05:30,1378.9000244140625,1378.9000244140625,1378.300048828125,1378.4000244140625,643
2026-09-18 10:02:00+05:30,1379.699951171875,1379.699951171875,1378.5,1379.0,468
2026-09-18 10:03:00+05:30,1380.0999755859375,1380.300048828125,1379.800048828125,1380.199951171875,322
2026-09-18 10:04:00+05:30,1380.800048828125,1380.800048828125,1380.199951171875,1380.199951171875,320
2026-09-18 10:05:00+05:30,1380.199951171875,1380.300048828125,1379.5999755859375,1380.300048828125,1288
2026-09-18 10:06:00+05:30,1379.800048828125,1380.199951171875,1379.5999755859375,1380.199951171875,225
2026-09-18 10:07:00+05:30,1378.699951171875,1379.5999755859375,1378.699951171875,1379.5,446
2026-09-18 10:08:00+05:30,1378.0999755859375,1378.800048828125,1378.0,1378.699951171875,798
2026-09-18 10:09:00+05:30,1377.9000244140625,1378.800048828125,1377.9000244140625,1378.800048828125,325
2026-09-18 10:10:00+05:30,1378.5,1378.5,1378.0,1378.5,303
2026-09-18 10:11:00+05:30,1378.5999755859375,1378.5999755859375,1378.0999755859375,1378.5,292
2026-09-18 10:12:00+05:30,1378.0,1378.5999755859375,1378.0,1378.5999755859375,136
2026-09-18 10:13:00+05:30,1378.5,1378.699951171875,1377.9000244140625,1378.5,613
2026-09-18 10:14:00+05:30,1379.0,1379.0999755859375,1378.199951171875,1378.199951171875,808
2026-09-18 10:15:00+05:30,1378.9000244140625,1379.0,1378.300048828125,1379.0,376
2026-09-18 10:16:00+05:30,1378.4000244140625,1378.9000244140625,1378.199951171875,1378.300048828125,146
2026-09-18 10:17:00+05:30,1378.4000244140625,1378.9000244140625,1378.4000244140625,1378.9000244140625,426
2026-09-18 10:18:00+05:30,1378.699951171875,1378.9000244140625,1378.199951171875,1378.4000244140625,305
2026-09-18 10:19:00+05:30,1378.5999755859375,1378.699951171875,1378.199951171875,1378.699951171875,293
2026-09-18 10:20:00+05:30,1378.0,1378.5999755859375,1378.0,1378.300048828125,250
2026-09-18 10:21:00+05:30,1378.0999755859375,1378.5,1378.0,1378.4000244140625,153
2026-09-18 10:22:00+05:30,1377.9000244140625,1378.4000244140625,1377.699951171875,1378.0999755859375,355
2026-09-18 10:23:00+05:30,1377.699951171875,1378.4000244140625,1377.699951171875,1378.4000244140625,229
2026-09-18 10:24:00+05:30,1377.5,1378.199951171875,1377.5,1378.199951171875,290
2026-09-18 10:25:00+05:30,1377.5,1378.0,1377.4000244140625,1377.5,219
2026-09-18 10:26:00+05:30,1378.0,1378.0,1377.5999755859375,1377.9000244140625,710
2026-09-18 10:27:00+05:30,1378.300048828125,1378.300048828125,1377.5,1378.0,1584
2026-09-18 10:28:00+05:30,1379.5999755859375,1380.0,1378.699951171875,1378.9000244140625,2102
2026-09-18 10:29:00+05:30,1379.5,1380.0,1379.5,1380.0,526
2026-09-18 10:30:00+05:30,1379.300048828125,1379.800048828125,1379.300048828125,1379.800048828125,251
2026-09-18 10:31:00+05:30,1380.0,1380.0,1379.4000244140625,1379.4000244140625,653
2026-09-18 10:32:00+05:30,1378.9000244140625,1379.9000244140625,1378.9000244140625,1379.9000244140625,561
2026-09-18 10:33:00+05:30,1379.0,1379.199951171875,1378.9000244140625,1379.199951171875,270
2026-09-18 10:34:00+05:30,1379.0,1379.0,1378.300048828125,1378.300048828125,1399
2026-09-18 10:35:00+05:30,1379.0,1379.5,1378.800048828125,1378.800048828125,518
2026-09-18 10:36:00+05:30,1379.0,1379.4000244140625,1378.699951171875,1379.0,137
2026-09-18 10:37:00+05:30,1379.199951171875,1379.300048828125,1378.5999755859375,1378.800048828125,963
2026-09-18 10:38:00+05:30,1378.9000244140625,1379.4000244140625,1378.9000244140625,1379.300048828125,504
2026-09-18 10:39:00+05:30,1379.300048828125,1379.5,1378.9000244140625,1379.4000244140625,210
2026-09-18 10:40:00+05:30,1378.5999755859375,1379.4000244140625,1378.300048828125,1379.4000244140625,430
2026-09-18 10:41:00+05:30,1378.199951171875,1378.699951171875,1378.199951171875,1378.5,870
2026-09-18 10:42:00+05:30,1379.4000244140625,1379.5999755859375,1378.5999755859375,1378.5999755859375,1386
2026-09-18 10:43:00+05:30,1378.800048828125,1379.4000244140625,1378.699951171875,1378.9000244140625,368
2026-09-18 10:44:00+05:30,1378.699951171875,1379.0,1378.5999755859375,1378.800048828125,272
2026-09-18 10:45:00+05:30,1378.800048828125,1379.0,1378.199951171875,1378.5999755859375,441
2026-09-18 10:46:00+05:30,1378.4000244140625,1379.0,1378.4000244140625,1378.9000244140625,255
2026-09-18 10:47:00+05:30,1378.699951171875,1378.9000244140625,1378.199951171875,1378.9000244140625,293
2026-09-18 10:48:00+05:30,1377.9000244140625,1378.800048828125,1377.9000244140625,1378.199951171875,598
2026-09-18 10:49:00+05:30,1377.800048828125,1378.0,1377.5999755859375,1378.0,208
2026-09-18 10:50:00+05:30,1377.9000244140625,1377.9000244140625,1377.699951171875,1377.699951171875,441
2026-09-18 10:51:00+05:30,1378.0,1378.0,1377.300048828125,1377.9000244140625,1780
2026-09-18 10:52:00+05:30,1378.699951171875,1379.0999755859375,1378.5,1378.5,945
2026-09-18 10:53:00+05:30,1378.5999755859375,1378.9000244140625,1378.199951171875,1378.9000244140625,635
2026-09-18 10:54:00+05:30,1378.800048828125,1379.0,1378.300048828125,1378.300048828125,302
2026-09-18 10:55:00+05:30,1378.4000244140625,1378.800048828125,1378.300048828125,1378.800048828125,206
2026-09-18 10:56:00+05:30,1378.699951171875,1378.699951171875,1378.300048828125,1378.699951171875,144
2026-09-18 10:57:00+05:30,1378.9000244140625,1379.0,1378.300048828125,1378.699951171875,448
2026-09-18 10:58:00+05:30,1378.5,1378.9000244140625,1378.4000244140625,1378.9000244140625,319
2026-09-18 10:59:00+05:30,1378.699951171875,1378.9000244140625,1378.4000244140625,1378.800048828125,304
2026-09-18 11:00:00+05:30,1378.5999755859375,1379.5999755859375,1378.5999755859375,1378.9000244140625,554
2026-09-18 11:01:00+05:30,1378.300048828125,1379.199951171875,1378.300048828125,1378.5999755859375,440
2026-09-18 11:02:00+05:30,1378.5,1378.9000244140625,1378.199951171875,1378.199951171875,360
2026-09-18 11:03:00+05:30,1378.5999755859375,1378.9000244140625,1378.300048828125,1378.9000244140625,208
2026-09-18 11:04:00+05:30,1378.699951171875,1378.800048828125,1378.199951171875,1378.199951171875,298
2026-09-18 11:05:00+05:30,1378.4000244140625,1378.699951171875,1378.0999755859375,1378.4000244140625,358
2026-09-18 11:06:00+05:30,1381.0999755859375,1381.199951171875,1378.4000244140625,1378.4000244140625,2101
2026-09-18 11:07:00+05:30,1381.4000244140625,1381.4000244140625,1380.800048828125,1381.0999755859375,500
2026-09-18 11:08:00+05:30,1380.9000244140625,1381.4000244140625,1380.4000244140625,1381.4000244140625,328
2026-09-18 11:09:00+05:30,1380.0999755859375,1380.5999755859375,1380.0999755859375,1380.199951171875,567
2026-09-18 11:10:00+05:30,1380.0,1380.4000244140625,1380.0,1380.4000244140625,215
2026-09-18 11:11:00+05:30,1380.199951171875,1380.300048828125,1380.0,1380.300048828125,202
2026-09-18 11:12:00+05:30,1380.9000244140625,1380.9000244140625,1380.0,1380.199951171875,456
2026-09-18 11:13:00+05:30,1380.5999755859375,1380.800048828125,1380.0999755859375,1380.800048828125,368
2026-09-18 11:14:00+05:30,1380.5,1380.9000244140625,1380.199951171875,1380.699951171875,353
2026-09-18 11:15:00+05:30,1380.4000244140625,1381.0999755859375,1380.4000244140625,1380.9000244140625,565
2026-09-18 11:16:00+05:30,1380.0,1380.800048828125,1380.0,1380.800048828125,390
2026-09-18 11:17:00+05:30,1380.9000244140625,1380.9000244140625,1380.0,1380.199951171875,1772
2026-09-18 11:18:00+05:30,1380.5999755859375,1381.300048828125,1380.199951171875,1381.0,342
2026-09-18 11:19:00+05:30,1380.4000244140625,1380.5999755859375,1380.0999755859375,1380.5999755859375,210
2026-09-18 11:20:00+05:30,1380.300048828125,1380.800048828125,1380.300048828125,1380.300048828125,709
2026-09-18 11:21:00+05:30,1380.199951171875,1380.800048828125,1380.199951171875,1380.300048828125,278
2026-09-18 11:22:00+05:30,1382.0,1382.0,1380.300048828125,1380.699951171875,1536
2026-09-18 11:23:00+05:30,1382.4000244140625,1382.4000244140625,1381.5999755859375,1381.5999755859375,363
2026-09-18 11:24:00+05:30,1381.0999755859375,1382.199951171875,1381.0999755859375,1382.199951171875,471
2026-09-18 11:25:00+05:30,1380.800048828125,1381.5999755859375,1380.5999755859375,1381.5999755859375,340
2026-09-18 11:26:00+05:30,1381.4000244140625,1381.4000244140625,1380.5,1380.9000244140625,689
2026-09-18 11:27:00+05:30,1380.800048828125,1381.5,1380.800048828125,1380.800048828125,240
2026-09-18 11:28:00+05:30,1380.9000244140625,1381.4000244140625,1380.5,1381.300048828125,839
2026-09-18 11:29:00+05:30,1380.699951171875,1381.4000244140625,1380.699951171875,1381.4000244140625,156
2026-09-18 11:30:00+05:30,1380.699951171875,1381.0999755859375,1380.5999755859375,1381.0999755859375,429
2026-09-18 11:31:00+05:30,1380.199951171875,1380.5999755859375,1380.0999755859375,1380.5999755859375,626
2026-09-18 11:32:00+05:30,1380.300048828125,1380.699951171875,1380.0999755859375,1380.699951171875,797
2026-09-18 11:33:00+05:30,1380.0999755859375,1380.5999755859375,1380.0,1380.5,2815
2026-09-18 11:34:00+05:30,1380.5999755859375,1380.5999755859375,1380.0999755859375,1380.0999755859375,846
2026-09-18 11:35:00+05:30,1380.0999755859375,1380.699951171875,1380.0,1380.5999755859375,328
2026-09-18 11:36:00+05:30,1380.300048828125,1380.300048828125,1380.0,1380.300048828125,113
2026-09-18 11:37:00+05:30,1380.0999755859375,1380.300048828125,1380.0999755859375,1380.300048828125,290
2026-09-18 11:38:00+05:30,1380.5999755859375,1381.0,1380.0999755859375,1380.0999755859375,1150
2026-09-18 11:39:00+05:30,1380.5999755859375,1381.0,1380.5999755859375,1380.9000244140625,554
2026-09-18 11:40:00+05:30,1380.800048828125,1381.0,1380.5999755859375,1381.0,216
2026-09-18 11:41:00+05:30,1380.5,1380.699951171875,1380.199951171875,1380.300048828125,146
2026-09-18 11:42:00+05:30,1381.5,1381.5,1380.0999755859375,1380.5,810
2026-09-18 11:43:00+05:30,1381.300048828125,1381.800048828125,1381.199951171875,1381.4000244140625,629
2026-09-18 11:44:00+05:30,1381.199951171875,1381.5999755859375,1381.199951171875,1381.300048828125,1500
2026-09-18 11:45:00+05:30,1381.0999755859375,1381.300048828125,1381.0,1381.300048828125,141
2026-09-18 11:46:00+05:30,1381.0,1381.300048828125,1381.0,1381.300048828125,509
2026-09-18 11:47:00+05:30,1381.4000244140625,1381.5999755859375,1381.199951171875,1381.5,228
2026-09-18 11:48:00+05:30,1381.300048828125,1381.699951171875,1381.199951171875,1381.4000244140625,658
2026-09-18 11:49:00+05:30,1381.199951171875,1381.5999755859375,1381.199951171875,1381.199951171875,225
2026-09-18 11:50:00+05:30,1381.199951171875,1381.4000244140625,1381.199951171875,1381.199951171875,422
2026-09-18 11:51:00+05:30,1381.199951171875,1381.5,1381.199951171875,1381.300048828125,470
2026-09-18 11:52:00+05:30,1381.9000244140625,1381.9000244140625,1381.199951171875,1381.300048828125,663
2026-09-18 11:53:00+05:30,1381.800048828125,1381.800048828125,1381.0999755859375,1381.5,495
2026-09-18 11:54:00+05:30,1380.5,1381.5,1380.0,1381.4000244140625,6730
2026-09-18 11:55:00+05:30,1380.699951171875,1380.9000244140625,1380.4000244140625,1380.5999755859375,1475
2026-09-18 11:56:00+05:30,1380.5999755859375,1380.9000244140625,1380.5999755859375,1380.9000244140625,383
2026-09-18 11:57:00+05:30,1380.5999755859375,1380.9000244140625,1380.5999755859375,1380.9000244140625,206
2026-09-18 11:58:00+05:30,1380.800048828125,1381.0,1380.699951171875,1380.9000244140625,454
2026-09-18 11:59:00+05:30,1380.0,1380.800048828125,1380.0,1380.800048828125,711
2026-09-18 12:00:00+05:30,1380.0,1380.0999755859375,1380.0,1380.0,6507
2026-09-18 12:01:00+05:30,1380.0,1380.0999755859375,1380.0,1380.0999755859375,6374
2026-09-18 12:02:00+05:30,1380.0,1380.0999755859375,1380.0,1380.0,10611
2026-09-18 12:03:00+05:30,1380.0,1380.0999755859375,1380.0,1380.0,2743
2026-09-18 12:04:00+05:30,1380.0,1380.0999755859375,1380.0,1380.0,2358
2026-09-18 12:05:00+05:30,1380.0,1380.0999755859375,1380.0,1380.0999755859375,7061
2026-09-18 12:06:00+05:30,1381.4000244140625,1381.4000244140625,1380.0,1380.0,1961
2026-09-18 12:07:00+05:30,1382.199951171875,1382.199951171875,1381.4000244140625,1381.9000244140625,1842
2026-09-18 12:08:00+05:30,1383.300048828125,1383.5,1383.0,1383.0,3526
2026-09-18 12:09:00+05:30,1383.199951171875,1383.800048828125,1383.199951171875,1383.699951171875,1173
2026-09-18 12:10:00+05:30,1383.199951171875,1383.800048828125,1383.199951171875,1383.5999755859375,1602
2026-09-18 12:11:00+05:30,1383.199951171875,1383.5999755859375,1383.199951171875,1383.199951171875,1274
2026-09-18 12:12:00+05:30,1383.199951171875,1383.699951171875,1383.199951171875,1383.699951171875,346
2026-09-18 12:13:00+05:30,1383.5,1384.0,1383.199951171875,1383.199951171875,1472
2026-09-18 12:14:00+05:30,1385.800048828125,1386.4000244140625,1384.0,1384.0,6923
2026-09-18 12:15:00+05:30,1386.0999755859375,1386.4000244140625,1385.9000244140625,1386.300048828125,2019
2026-09-18 12:16:00+05:30,1386.800048828125,1386.800048828125,1386.300048828125,1386.5,1423
2026-09-18 12:17:00+05:30,1387.0999755859375,1387.199951171875,1386.699951171875,1387.199951171875,1916
2026-09-18 12:18:00+05:30,1386.9000244140625,1387.199951171875,1386.9000244140625,1387.0999755859375,1720
2026-09-18 12:19:00+05:30,1387.4000244140625,1387.4000244140625,1386.9000244140625,1387.199951171875,1558
2026-09-18 12:20:00+05:30,1388.5,1388.5999755859375,1387.4000244140625,1387.4000244140625,4842
2026-09-18 12:21:00+05:30,1388.699951171875,1389.0,1388.199951171875,1388.5,7225
2026-09-18 12:22:00+05:30,1387.800048828125,1388.5999755859375,1387.5,1388.5,2412
2026-09-18 12:23:00+05:30,1387.699951171875,1388.199951171875,1387.699951171875,1387.800048828125,1047
2026-09-18 12:24:00+05:30,1387.699951171875,1388.0999755859375,1387.699951171875,1387.699951171875,564
2026-09-18 12:25:00+05:30,1388.0,1388.0999755859375,1387.699951171875,1388.0999755859375,802
2026-09-18 12:26:00+05:30,1388.800048828125,1388.800048828125,1387.800048828125,1388.0,2868
2026-09-18 12:27:00+05:30,1388.0,1388.4000244140625,1387.9000244140625,1388.0999755859375,1879
2026-09-18 12:28:00+05:30,1388.0,1388.199951171875,1388.0,1388.199951171875,1336
2026-09-18 12:29:00+05:30,1388.4000244140625,1388.9000244140625,1388.0999755859375,1388.5,1658
2026-09-18 12:30:00+05:30,1388.9000244140625,1389.0,1388.5,1388.5999755859375,794
2026-09-18 12:31:00+05:30,1387.4000244140625,1388.9000244140625,1387.300048828125,1388.9000244140625,4550
2026-09-18 12:32:00+05:30,1387.5,1387.9000244140625,1387.4000244140625,1387.4000244140625,1078
2026-09-18 12:33:00+05:30,1387.800048828125,1387.9000244140625,1387.4000244140625,1387.5999755859375,1107
2026-09-18 12:34:00+05:30,1387.800048828125,1387.9000244140625,1387.4000244140625,1387.699951171875,1375
2026-09-18 12:35:00+05:30,1387.5,1387.800048828125,1387.0999755859375,1387.800048828125,1260
2026-09-18 12:36:00+05:30,1386.5999755859375,1387.4000244140625,1386.5999755859375,1387.4000244140625,916
2026-09-18 12:37:00+05:30,1386.5999755859375,1386.9000244140625,1385.9000244140625,1386.300048828125,1914
2026-09-18 12:38:00+05:30,1386.300048828125,1386.800048828125,1386.0,1386.0999755859375,1798
2026-09-18 12:39:00+05:30,1385.9000244140625,1386.800048828125,1385.9000244140625,1386.699951171875,1169
2026-09-18 12:40:00+05:30,1386.199951171875,1386.199951171875,1386.0,1386.0,348
2026-09-18 12:41:00+05:30,1386.0,1386.199951171875,1385.5999755859375,1386.199951171875,458
2026-09-18 12:42:00+05:30,1385.5999755859375,1386.0,1385.4000244140625,1386.0,717
2026-09-18 12:43:00+05:30,1385.5999755859375,1385.800048828125,1385.5999755859375,1385.5999755859375,2309
2026-09-18 12:44:00+05:30,1385.9000244140625,1386.0999755859375,1385.699951171875,1385.9000244140625,1488
2026-09-18 12:45:00+05:30,1385.5,1386.0999755859375,1385.5,1385.9000244140625,1802
2026-09-18 12:46:00+05:30,1385.300048828125,1385.9000244140625,1385.300048828125,1385.5999755859375,1271
2026-09-18 12:47:00+05:30,1385.699951171875,1385.699951171875,1385.300048828125,1385.4000244140625,553
2026-09-18 12:48:00+05:30,1385.199951171875,1385.699951171875,1385.0,1385.699951171875,755
2026-09-18 12:49:00+05:30,1385.0,1385.4000244140625,1385.0,1385.0999755859375,698
2026-09-18 12:50:00+05:30,1385.699951171875,1385.699951171875,1385.300048828125,1385.4000244140625,546
2026-09-18 12:51:00+05:30,1385.300048828125,1385.699951171875,1385.300048828125,1385.699951171875,527
2026-09-18 12:52:00+05:30,1381.699951171875,1385.4000244140625,1381.199951171875,1385.300048828125,3092
2026-09-18 12:53:00+05:30,1378.4000244140625,1383.5999755859375,1374.9000244140625,1382.5999755859375,188090
2026-09-18 12:54:00+05:30,1376.300048828125,1378.5,1373.5,1378.5,21525
2026-09-18 12:55:00+05:30,1374.5999755859375,1377.0,1371.4000244140625,1377.0,29812
2026-09-18 12:56:00+05:30,1372.0,1375.9000244140625,1370.5999755859375,1374.4000244140625,13684
2026-09-18 12:57:00+05:30,1370.0,1372.5,1367.199951171875,1372.0,20645
2026-09-18 12:58:00+05:30,1369.9000244140625,1371.300048828125,1369.5999755859375,1370.4000244140625,7406
2026-09-18 12:59:00+05:30,1369.300048828125,1371.199951171875,1369.0999755859375,1370.0,4094
2026-09-18 13:00:00+05:30,1368.9000244140625,1369.9000244140625,1368.300048828125,1369.5999755859375,4293
2026-09-18 13:01:00+05:30,1373.0999755859375,1373.5,1368.9000244140625,1369.4000244140625,6158
2026-09-18 13:02:00+05:30,1370.199951171875,1373.199951171875,1370.0999755859375,1373.0,5118
2026-09-18 13:03:00+05:30,1361.9000244140625,1370.0999755859375,1358.0,1370.0999755859375,51088
2026-09-18 13:04:00+05:30,1354.300048828125,1362.5,1352.0,1362.5,37278
2026-09-18 13:05:00+05:30,1354.5,1355.4000244140625,1351.5999755859375,1354.4000244140625,18663
2026-09-18 13:06:00+05:30,1354.4000244140625,1357.4000244140625,1353.5,1354.300048828125,10661
2026-09-18 13:07:00+05:30,1355.300048828125,1356.199951171875,1353.5999755859375,1354.4000244140625,11046
2026-09-18 13:08:00+05:30,1348.699951171875,1355.0,1345.5999755859375,1355.0,23942
2026-09-18 13:09:00+05:30,1346.9000244140625,1349.699951171875,1345.199951171875,1348.5999755859375,17745
2026-09-18 13:10:00+05:30,1345.300048828125,1347.0,1343.800048828125,1347.0,19443
2026-09-18 13:11:00+05:30,1346.300048828125,1348.5999755859375,1344.5,1345.4000244140625,16026
2026-09-18 13:12:00+05:30,1347.0999755859375,1347.0999755859375,1346.199951171875,1347.0,4961
2026-09-18 13:13:00+05:30,1340.4000244140625,1348.9000244140625,1338.9000244140625,1347.0,35664
2026-09-18 13:14:00+05:30,1342.0,1343.0,1338.5,1341.0999755859375,19455
2026-09-18 13:15:00+05:30,1345.5999755859375,1346.800048828125,1342.4000244140625,1342.4000244140625,11514
2026-09-18 13:16:00+05:30,1346.300048828125,1349.5,1345.5,1345.5999755859375,55808
2026-09-18 13:17:00+05:30,1347.0999755859375,1351.5999755859375,1347.0999755859375,1347.199951171875,28332
2026-09-18 13:18:00+05:30,1333.199951171875,1346.800048828125,1333.199951171875,1346.5999755859375,55751
2026-09-18 13:19:00+05:30,1341.9000244140625,1343.800048828125,1333.4000244140625,1333.4000244140625,19806
2026-09-18 13:20:00+05:30,1345.0999755859375,1345.199951171875,1340.0,1341.5999755859375,14818
2026-09-18 13:21:00+05:30,1345.300048828125,1346.4000244140625,1344.5,1346.0,6617
2026-09-18 13:22:00+05:30,1344.300048828125,1347.0999755859375,1344.199951171875,1345.0,12062
2026-09-18 13:23:00+05:30,1336.300048828125,1343.5999755859375,1334.0,1341.4000244140625,20017
2026-09-18 13:24:00+05:30,1335.4000244140625,1338.0999755859375,1333.5999755859375,1336.4000244140625,13158
2026-09-18 13:25:00+05:30,1335.699951171875,1336.800048828125,1335.0,1335.0,13976
2026-09-18 13:26:00+05:30,1343.0,1343.9000244140625,1335.199951171875,1335.699951171875,42628
2026-09-18 13:27:00+05:30,1340.699951171875,1348.9000244140625,1340.699951171875,1343.0,42547
2026-09-18 13:28:00+05:30,1336.5,1341.5,1335.0999755859375,1340.699951171875,29405
2026-09-18 13:29:00+05:30,1336.4000244140625,1336.800048828125,1334.0999755859375,1336.199951171875,14226
2026-09-18 13:30:00+05:30,1338.0,1338.699951171875,1336.5,1336.9000244140625,5788
2026-09-18 13:31:00+05:30,1338.5,1338.5999755859375,1336.9000244140625,1338.199951171875,4384
2026-09-18 13:32:00+05:30,1340.9000244140625,1340.9000244140625,1337.800048828125,1338.199951171875,4630
2026-09-18 13:33:00+05:30,1341.0,1341.5,1338.0,1340.0999755859375,5588
2026-09-18 13:34:00+05:30,1343.199951171875,1345.5,1341.0,1341.0,12179
2026-09-18 13:35:00+05:30,1344.5,1344.699951171875,1341.800048828125,1343.699951171875,4597
2026-09-18 13:36:00+05:30,1345.9000244140625,1347.699951171875,1345.300048828125,1345.300048828125,10575
2026-09-18 13:37:00+05:30,1348.4000244140625,1350.0,1345.800048828125,1345.9000244140625,14223
2026-09-18 13:38:00+05:30,1350.199951171875,1352.699951171875,1348.199951171875,1348.800048828125,9872
2026-09-18 13:39:00+05:30,1351.0999755859375,1351.0999755859375,1350.199951171875,1350.300048828125,1717
2026-09-18 13:40:00+05:30,1351.0,1351.5,1350.5,1351.5,3319
2026-09-18 13:41:00+05:30,1351.699951171875,1354.0,1351.5,1351.5,10701
2026-09-18 13:42:00+05:30,1351.699951171875,1352.199951171875,1351.5,1351.699951171875,1660
2026-09-18 13:43:00+05:30,1352.199951171875,1352.199951171875,1351.5999755859375,1351.699951171875,1773
2026-09-18 13:44:00+05:30,1352.5,1352.800048828125,1351.9000244140625,1352.5,7160
2026-09-18 13:45:00+05:30,1356.300048828125,1359.300048828125,1352.199951171875,1352.699951171875,27503
2026-09-18 13:46:00+05:30,1355.699951171875,1357.5999755859375,1355.5999755859375,1356.300048828125,3966
2026-09-18 13:47:00+05:30,1357.4000244140625,1358.4000244140625,1355.5999755859375,1355.5999755859375,14366
2026-09-18 13:48:00+05:30,1359.0999755859375,1359.699951171875,1357.300048828125,1357.5999755859375,3658
2026-09-18 13:49:00+05:30,1358.300048828125,1359.9000244140625,1357.300048828125,1359.0999755859375,7630
2026-09-18 13:50:00+05:30,1357.0,1358.5999755859375,1356.699951171875,1358.300048828125,2257
2026-09-18 13:51:00+05:30,1351.4000244140625,1356.5999755859375,1351.4000244140625,1356.5999755859375,13995
2026-09-18 13:52:00+05:30,1354.5999755859375,1355.0,1351.0999755859375,1351.4000244140625,4897
2026-09-18 13:53:00+05:30,1354.0,1356.300048828125,1353.199951171875,1354.699951171875,3781
2026-09-18 13:54:00+05:30,1354.0999755859375,1354.699951171875,1353.800048828125,1354.5,87
2026-09-18 13:55:00+05:30,1357.0,1357.0,1354.0999755859375,1354.0999755859375,9753
2026-09-18 13:56:00+05:30,1358.0,1358.0,1356.300048828125,1357.300048828125,6035
2026-09-18 13:57:00+05:30,1356.5999755859375,1358.0,1356.5,1357.5999755859375,6070
2026-09-18 13:58:00+05:30,1358.5,1359.0999755859375,1357.0999755859375,1357.0999755859375,4715
2026-09-18 13:59:00+05:30,1357.9000244140625,1359.199951171875,1357.699951171875,1358.5,3197
2026-09-18 14:00:00+05:30,1358.5999755859375,1358.5999755859375,1357.9000244140625,1358.4000244140625,1922
2026-09-18 14:01:00+05:30,1357.4000244140625,1359.0999755859375,1357.4000244140625,1359.0999755859375,5346
2026-09-18 14:02:00+05:30,1357.0999755859375,1358.4000244140625,1357.0999755859375,1357.5999755859375,2467
2026-09-18 14:03:00+05:30,1357.300048828125,1357.800048828125,1357.0999755859375,1357.300048828125,593
2026-09-18 14:04:00+05:30,1357.699951171875,1358.0,1357.0,1357.300048828125,4280
2026-09-18 14:05:00+05:30,1358.5999755859375,1358.800048828125,1357.199951171875,1357.199951171875,5393
2026-09-18 14:06:00+05:30,1358.5999755859375,1358.800048828125,1358.0999755859375,1358.199951171875,3817
2026-09-18 14:07:00+05:30,1358.5,1359.0999755859375,1358.5,1358.800048828125,3004
2026-09-18 14:08:00+05:30,1360.0999755859375,1360.4000244140625,1358.5,1358.5,13744
2026-09-18 14:09:00+05:30,1360.5,1361.4000244140625,1359.699951171875,1360.0,2270
2026-09-18 14:10:00+05:30,1359.800048828125,1360.9000244140625,1359.800048828125,1360.5,3105
2026-09-18 14:11:00+05:30,1360.699951171875,1360.699951171875,1359.5,1359.800048828125,2515
2026-09-18 14:12:00+05:30,1358.0,1360.9000244140625,1356.5999755859375,1360.0999755859375,31633
2026-09-18 14:13:00+05:30,1358.300048828125,1358.699951171875,1358.0,1358.5,586
2026-09-18 14:14:00+05:30,1358.0999755859375,1358.9000244140625,1358.0,1358.5,3730
2026-09-18 14:15:00+05:30,1357.5,1358.9000244140625,1357.300048828125,1358.9000244140625,3788
2026-09-18 14:16:00+05:30,1356.5999755859375,1358.0999755859375,1356.5999755859375,1357.5,5789
2026-09-18 14:17:00+05:30,1357.5999755859375,1358.0,1356.699951171875,1356.699951171875,2910
2026-09-18 14:18:00+05:30,1357.0,1358.199951171875,1357.0,1357.5999755859375,2528
2026-09-18 14:19:00+05:30,1355.0999755859375,1357.4000244140625,1354.0999755859375,1357.0,11674
2026-09-18 14:20:00+05:30,1355.0,1355.5,1354.800048828125,1355.5,2684
2026-09-18 14:21:00+05:30,1354.300048828125,1355.300048828125,1354.300048828125,1355.0,7657
2026-09-18 14:22:00+05:30,1355.0,1355.0,1353.5999755859375,1354.300048828125,5031
2026-09-18 14:23:00+05:30,1355.5,1355.9000244140625,1355.0,1355.0,1359
2026-09-18 14:24:00+05:30,1355.199951171875,1355.5999755859375,1355.199951171875,1355.5,3080
2026-09-18 14:25:00+05:30,1355.4000244140625,1355.699951171875,1355.199951171875,1355.5999755859375,3200
2026-09-18 14:26:00+05:30,1356.5999755859375,1357.199951171875,1355.300048828125,1355.300048828125,7555
2026-09-18 14:27:00+05:30,1358.0999755859375,1358.699951171875,1356.5999755859375,1356.5999755859375,3411
2026-09-18 14:28:00+05:30,1357.5,1358.9000244140625,1356.800048828125,1358.5999755859375,7344
2026-09-18 14:29:00+05:30,1357.5,1358.199951171875,1357.5,1358.0,2369
2026-09-18 14:30:00+05:30,1357.5,1358.0,1357.5,1357.5,3551
2026-09-18 14:31:00+05:30,1358.800048828125,1358.800048828125,1357.5,1358.0,1604
2026-09-18 14:32:00+05:30,1359.9000244140625,1360.699951171875,1358.300048828125,1358.300048828125,17032
2026-09-18 14:33:00+05:30,1360.0,1360.699951171875,1359.800048828125,1360.300048828125,6099
2026-09-18 14:34:00+05:30,1359.9000244140625,1360.0,1359.9000244140625,1359.9000244140625,1396
2026-09-18 14:35:00+05:30,1358.300048828125,1359.9000244140625,1358.300048828125,1359.5,4960
2026-09-18 14:36:00+05:30,1357.800048828125,1359.0999755859375,1357.800048828125,1358.300048828125,5074
2026-09-18 14:37:00+05:30,1357.9000244140625,1358.0,1357.800048828125,1357.800048828125,1768
2026-09-18 14:38:00+05:30,1358.4000244140625,1358.699951171875,1357.800048828125,1357.9000244140625,2134
2026-09-18 14:39:00+05:30,1360.800048828125,1360.800048828125,1358.5,1358.5,4129
2026-09-18 14:40:00+05:30,1361.5,1361.5999755859375,1360.800048828125,1360.800048828125,4550
2026-09-18 14:41:00+05:30,1360.800048828125,1361.5999755859375,1360.0999755859375,1361.5,6006
2026-09-18 14:42:00+05:30,1360.300048828125,1360.9000244140625,1359.4000244140625,1360.4000244140625,10756
2026-09-18 14:43:00+05:30,1360.300048828125,1360.800048828125,1360.199951171875,1360.300048828125,2109
2026-09-18 14:44:00+05:30,1362.0999755859375,1362.5999755859375,1360.300048828125,1360.300048828125,39383
2026-09-18 14:45:00+05:30,1362.0999755859375,1362.5,1362.0,1362.0999755859375,5520
2026-09-18 14:46:00+05:30,1362.0999755859375,1362.5,1362.0999755859375,1362.0999755859375,2950
2026-09-18 14:47:00+05:30,1362.0,1362.0999755859375,1362.0,1362.0999755859375,27452
2026-09-18 14:48:00+05:30,1362.300048828125,1362.4000244140625,1362.0,1362.0999755859375,1649
2026-09-18 14:49:00+05:30,1365.800048828125,1365.9000244140625,1362.300048828125,1362.300048828125,18309
2026-09-18 14:50:00+05:30,1367.800048828125,1368.5999755859375,1365.800048828125,1365.800048828125,19998
2026-09-18 14:51:00+05:30,1369.800048828125,1369.9000244140625,1367.800048828125,1367.9000244140625,14283
2026-09-18 14:52:00+05:30,1369.699951171875,1370.0,1368.9000244140625,1369.800048828125,9612
2026-09-18 14:53:00+05:30,1370.300048828125,1370.9000244140625,1369.9000244140625,1369.9000244140625,10438
2026-09-18 14:54:00+05:30,1370.5,1370.699951171875,1369.699951171875,1370.699951171875,4727
2026-09-18 14:55:00+05:30,1368.9000244140625,1371.5,1367.5999755859375,1370.0999755859375,21408
2026-09-18 14:56:00+05:30,1368.300048828125,1369.199951171875,1367.5999755859375,1369.0999755859375,19514
2026-09-18 14:57:00+05:30,1367.0,1368.4000244140625,1366.699951171875,1368.300048828125,13693
2026-09-18 14:58:00+05:30,1366.4000244140625,1366.699951171875,1366.300048828125,1366.699951171875,8365
2026-09-18 14:59:00+05:30,1366.4000244140625,1366.800048828125,1366.300048828125,1366.800048828125,5423
2026-09-18 15:00:00+05:30,1364.4000244140625,1366.0999755859375,1363.5,1365.5,20977
2026-09-18 15:01:00+05:30,1363.5,1364.0,1363.199951171875,1364.0,11909
2026-09-18 15:02:00+05:30,1364.5,1364.5,1363.800048828125,1363.9000244140625,8688
2026-09-18 15:03:00+05:30,1364.199951171875,1364.800048828125,1363.0999755859375,1364.800048828125,14596
2026-09-18 15:04:00+05:30,1364.0,1364.9000244140625,1363.800048828125,1363.800048828125,14500
2026-09-18 15:05:00+05:30,1365.699951171875,1365.699951171875,1364.300048828125,1364.300048828125,13671
2026-09-18 15:06:00+05:30,1365.300048828125,1366.4000244140625,1364.5,1366.300048828125,31045
2026-09-18 15:07:00+05:30,1364.0,1365.300048828125,1364.0,1365.300048828125,18751
2026-09-18 15:08:00+05:30,1364.4000244140625,1364.4000244140625,1363.699951171875,1364.199951171875,6492
2026-09-18 15:09:00+05:30,1365.800048828125,1365.800048828125,1365.0,1365.0,17007
2026-09-18 15:10:00+05:30,1365.0999755859375,1366.0,1363.9000244140625,1366.0,31255
2026-09-18 15:11:00+05:30,1365.300048828125,1365.800048828125,1365.0,1365.0999755859375,24506
2026-09-18 15:12:00+05:30,1365.0999755859375,1365.5,1363.800048828125,1365.199951171875,15521
2026-09-18 15:13:00+05:30,1365.0999755859375,1365.4000244140625,1364.800048828125,1365.300048828125,20953
2026-09-18 15:14:00+05:30,1364.9000244140625,1364.9000244140625,1357.300048828125,1364.9000244140625,13054
2026-09-18 15:15:00+05:30,1372.4000244140625,1372.4000244140625,1364.9000244140625,1364.9000244140625,1136109
2026-09-21 09:15:00+05:30,1368.800048828125,1368.800048828125,1361.4000244140625,1361.4000244140625,0
2026-09-21 09:16:00+05:30,1370.0,1371.9000244140625,1368.199951171875,1371.9000244140625,17826
2026-09-21 09:17:00+05:30,1371.9000244140625,1371.9000244140625,1369.800048828125,1369.9000244140625,7683
2026-09-21 09:18:00+05:30,1370.0,1372.800048828125,1370.0,1372.0,4199
2026-09-21 09:19:00+05:30,1367.800048828125,1369.800048828125,1367.4000244140625,1369.800048828125,2750
2026-09-21 09:20:00+05:30,1367.300048828125,1367.9000244140625,1366.0999755859375,1366.699951171875,2699
2026-09-21 09:21:00+05:30,1364.4000244140625,1367.9000244140625,1364.4000244140625,1367.4000244140625,3174
2026-09-21 09:22:00+05:30,1367.9000244140625,1368.0,1364.0999755859375,1364.0999755859375,4888
2026-09-21 09:23:00+05:30,1365.199951171875,1367.9000244140625,1365.199951171875,1367.9000244140625,1579
2026-09-21 09:24:00+05:30,1368.4000244140625,1368.5,1365.300048828125,1366.0,2148
2026-09-21 09:25:00+05:30,1370.699951171875,1370.699951171875,1367.800048828125,1368.199951171875,2647
2026-09-21 09:26:00+05:30,1374.5,1374.5,1371.0999755859375,1371.4000244140625,6210
2026-09-21 09:27:00+05:30,1372.0,1375.0,1372.0,1375.0,2835
2026-09-21 09:28:00+05:30,1373.5,1373.9000244140625,1371.4000244140625,1372.699951171875,4114
2026-09-21 09:29:00+05:30,1370.5999755859375,1373.5,1370.300048828125,1373.199951171875,6097
2026-09-21 09:30:00+05:30,1374.0,1374.5999755859375,1372.699951171875,1373.699951171875,5073
2026-09-21 09:31:00+05:30,1372.9000244140625,1374.300048828125,1372.9000244140625,1373.699951171875,1161
2026-09-21 09:32:00+05:30,1372.800048828125,1373.199951171875,1372.5,1372.5,929
2026-09-21 09:33:00+05:30,1373.0,1373.0,1372.4000244140625,1372.5999755859375,561
2026-09-21 09:34:00+05:30,1371.800048828125,1373.0,1371.800048828125,1373.0,600
2026-09-21 09:35:00+05:30,1373.800048828125,1374.199951171875,1373.0,1374.199951171875,3717
2026-09-21 09:36:00+05:30,1373.9000244140625,1374.5999755859375,1373.5999755859375,1374.0999755859375,617
2026-09-21 09:37:00+05:30,1374.4000244140625,1375.5999755859375,1374.4000244140625,1375.5999755859375,6532
2026-09-21 09:38:00+05:30,1373.5,1374.5,1373.5,1374.0999755859375,1587
2026-09-21 09:39:00+05:30,1373.800048828125,1374.4000244140625,1373.5,1374.0,2196
2026-09-21 09:40:00+05:30,1374.300048828125,1374.5,1374.0,1374.0999755859375,2424
2026-09-21 09:41:00+05:30,1373.4000244140625,1374.300048828125,1373.0,1373.5999755859375,1365
2026-09-21 09:42:00+05:30,1372.5,1373.199951171875,1372.0,1373.0,463
2026-09-21 09:43:00+05:30,1373.199951171875,1373.199951171875,1372.5999755859375,1372.699951171875,790
2026-09-21 09:44:00+05:30,1373.199951171875,1373.199951171875,1372.699951171875,1373.0999755859375,306
2026-09-21 09:45:00+05:30,1372.199951171875,1373.0,1371.699951171875,1373.0,2377
2026-09-21 09:46:00+05:30,1373.0999755859375,1373.0999755859375,1372.0,1372.199951171875,2003
2026-09-21 09:47:00+05:30,1372.4000244140625,1373.0,1372.4000244140625,1372.9000244140625,1025
2026-09-21 09:48:00+05:30,1373.199951171875,1373.199951171875,1372.300048828125,1372.300048828125,418
2026-09-21 09:49:00+05:30,1372.4000244140625,1373.0999755859375,1372.0999755859375,1373.0999755859375,642
2026-09-21 09:50:00+05:30,1372.0,1373.0,1372.0,1372.5999755859375,740
2026-09-21 09:51:00+05:30,1371.4000244140625,1372.0,1371.4000244140625,1372.0,619
2026-09-21 09:52:00+05:30,1372.0,1372.5999755859375,1370.9000244140625,1371.5999755859375,2262
2026-09-21 09:53:00+05:30,1372.0999755859375,1372.5999755859375,1372.0999755859375,1372.5,419
2026-09-21 09:54:00+05:30,1372.5,1372.699951171875,1372.300048828125,1372.300048828125,762
2026-09-21 09:55:00+05:30,1372.5,1372.9000244140625,1372.4000244140625,1372.5999755859375,571
2026-09-21 09:56:00+05:30,1373.5999755859375,1374.0999755859375,1372.699951171875,1372.699951171875,1486
2026-09-21 09:57:00+05:30,1373.0,1373.800048828125,1372.800048828125,1373.800048828125,1190
2026-09-21 09:58:00+05:30,1372.5999755859375,1373.4000244140625,1372.5999755859375,1373.4000244140625,621
2026-09-21 09:59:00+05:30,1372.5,1373.0999755859375,1372.300048828125,1373.0999755859375,426
2026-09-21 10:00:00+05:30,1374.9000244140625,1375.0,1372.5,1373.0,10338
2026-09-21 10:01:00+05:30,1374.0999755859375,1375.0,1373.5999755859375,1374.9000244140625,1005
2026-09-21 10:02:00+05:30,1373.4000244140625,1374.4000244140625,1373.4000244140625,1373.9000244140625,1268
2026-09-21 10:03:00+05:30,1372.800048828125,1373.4000244140625,1372.0999755859375,1373.300048828125,1094
2026-09-21 10:04:00+05:30,1373.300048828125,1373.300048828125,1372.4000244140625,1372.800048828125,485
2026-09-21 10:05:00+05:30,1373.0,1373.4000244140625,1373.0,1373.300048828125,624
2026-09-21 10:06:00+05:30,1372.800048828125,1372.9000244140625,1372.800048828125,1372.800048828125,170
2026-09-21 10:07:00+05:30,1372.699951171875,1372.800048828125,1372.0,1372.800048828125,720
2026-09-21 10:08:00+05:30,1375.4000244140625,1375.4000244140625,1373.5999755859375,1373.5999755859375,2365
2026-09-21 10:09:00+05:30,1375.0999755859375,1375.9000244140625,1374.5,1375.5999755859375,1199
2026-09-21 10:10:00+05:30,1374.9000244140625,1375.0,1374.0,1374.199951171875,587
2026-09-21 10:11:00+05:30,1375.0999755859375,1375.5,1375.0999755859375,1375.4000244140625,302
2026-09-21 10:12:00+05:30,1375.0999755859375,1375.0999755859375,1374.9000244140625,1375.0,679
2026-09-21 10:13:00+05:30,1373.699951171875,1374.5999755859375,1373.699951171875,1374.199951171875,854
2026-09-21 10:14:00+05:30,1373.4000244140625,1373.9000244140625,1373.0,1373.800048828125,1168
2026-09-21 10:15:00+05:30,1374.0999755859375,1374.199951171875,1373.4000244140625,1374.0,651
2026-09-21 10:16:00+05:30,1374.5999755859375,1374.699951171875,1373.9000244140625,1374.4000244140625,412
2026-09-21 10:17:00+05:30,1374.5,1374.800048828125,1374.0,1374.5999755859375,145
2026-09-21 10:18:00+05:30,1374.5,1374.5,1374.199951171875,1374.5,333
2026-09-21 10:19:00+05:30,1374.5,1374.5,1374.0,1374.5,186
2026-09-21 10:20:00+05:30,1373.5999755859375,1374.5,1373.5999755859375,1374.5,2613
2026-09-21 10:21:00+05:30,1373.5,1373.5,1372.9000244140625,1372.9000244140625,287
2026-09-21 10:22:00+05:30,1374.9000244140625,1374.9000244140625,1373.4000244140625,1373.5,1382
2026-09-21 10:23:00+05:30,1376.699951171875,1378.199951171875,1374.5,1375.0,6163
2026-09-21 10:24:00+05:30,1376.699951171875,1377.0,1376.300048828125,1377.0,242
2026-09-21 10:25:00+05:30,1376.199951171875,1376.800048828125,1376.199951171875,1376.699951171875,216
2026-09-21 10:26:00+05:30,1375.800048828125,1376.300048828125,1375.199951171875,1376.300048828125,130
2026-09-21 10:27:00+05:30,1375.199951171875,1376.4000244140625,1375.199951171875,1375.699951171875,1226
2026-09-21 10:28:00+05:30,1374.9000244140625,1375.699951171875,1374.300048828125,1375.699951171875,556
2026-09-21 10:29:00+05:30,1374.5999755859375,1374.800048828125,1374.300048828125,1374.800048828125,111
2026-09-21 10:30:00+05:30,1373.0,1374.5999755859375,1372.800048828125,1374.5999755859375,1938
2026-09-21 10:31:00+05:30,1375.0999755859375,1375.699951171875,1372.9000244140625,1372.9000244140625,1607
2026-09-21 10:32:00+05:30,1375.300048828125,1375.5,1375.0999755859375,1375.199951171875,545
2026-09-21 10:33:00+05:30,1375.4000244140625,1375.5999755859375,1374.9000244140625,1375.5999755859375,117
2026-09-21 10:34:00+05:30,1374.5999755859375,1375.4000244140625,1373.5999755859375,1375.4000244140625,3737
2026-09-21 10:35:00+05:30,1373.699951171875,1374.9000244140625,1373.5999755859375,1374.5999755859375,1259
2026-09-21 10:36:00+05:30,1373.5999755859375,1374.199951171875,1373.5,1374.199951171875,501
2026-09-21 10:37:00+05:30,1373.4000244140625,1373.9000244140625,1373.0999755859375,1373.9000244140625,606
2026-09-21 10:38:00+05:30,1373.0,1373.4000244140625,1372.5999755859375,1373.4000244140625,533
2026-09-21 10:39:00+05:30,1373.199951171875,1373.4000244140625,1372.5,1373.4000244140625,1063
2026-09-21 10:40:00+05:30,1372.9000244140625,1373.199951171875,1372.5,1373.199951171875,595
2026-09-21 10:41:00+05:30,1372.5999755859375,1373.0,1372.5,1373.0,296
2026-09-21 10:42:00+05:30,1372.5,1373.0,1372.4000244140625,1372.5999755859375,1635
2026-09-21 10:43:00+05:30,1373.0999755859375,1373.0999755859375,1372.699951171875,1372.9000244140625,276
2026-09-21 10:44:00+05:30,1372.800048828125,1373.0999755859375,1372.699951171875,1373.0999755859375,1454
2026-09-21 10:45:00+05:30,1372.800048828125,1373.300048828125,1372.300048828125,1372.800048828125,1030
2026-09-21 10:46:00+05:30,1373.300048828125,1373.5,1372.9000244140625,1373.199951171875,480
2026-09-21 10:47:00+05:30,1373.5,1373.5,1373.300048828125,1373.5,527
2026-09-21 10:48:00+05:30,1372.4000244140625,1372.800048828125,1372.0,1372.800048828125,2177
2026-09-21 10:49:00+05:30,1372.9000244140625,1373.5,1372.300048828125,1372.4000244140625,1828
2026-09-21 10:50:00+05:30,1372.4000244140625,1373.300048828125,1372.4000244140625,1373.0999755859375,854
2026-09-21 10:51:00+05:30,1373.9000244140625,1374.300048828125,1373.0999755859375,1373.199951171875,899
2026-09-21 10:52:00+05:30,1374.199951171875,1374.300048828125,1373.800048828125,1374.300048828125,526
2026-09-21 10:53:00+05:30,1373.9000244140625,1374.199951171875,1373.800048828125,1374.199951171875,473
2026-09-21 10:54:00+05:30,1374.5,1374.5,1373.5,1374.300048828125,625
2026-09-21 10:55:00+05:30,1374.5,1374.5,1374.0,1374.5,372
2026-09-21 10:56:00+05:30,1374.0,1374.5,1374.0,1374.5,404
2026-09-21 10:57:00+05:30,1373.800048828125,1374.300048828125,1373.300048828125,1374.199951171875,797
2026-09-21 10:58:00+05:30,1373.0999755859375,1373.800048828125,1373.0999755859375,1373.800048828125,278
2026-09-21 10:59:00+05:30,1372.800048828125,1373.4000244140625,1372.5,1373.0999755859375,520
2026-09-21 11:00:00+05:30,1373.199951171875,1373.300048828125,1373.0,1373.199951171875,349
2026-09-21 11:01:00+05:30,1373.199951171875,1373.800048828125,1373.199951171875,1373.800048828125,638
2026-09-21 11:02:00+05:30,1372.699951171875,1373.5999755859375,1372.699951171875,1373.5999755859375,891
2026-09-21 11:03:00+05:30,1372.199951171875,1372.9000244140625,1372.199951171875,1372.699951171875,828
2026-09-21 11:04:00+05:30,1372.9000244140625,1372.9000244140625,1372.199951171875,1372.699951171875,300
2026-09-21 11:05:00+05:30,1373.5999755859375,1373.5999755859375,1372.800048828125,1372.9000244140625,811
2026-09-21 11:06:00+05:30,1374.0,1374.0,1373.4000244140625,1373.800048828125,722
2026-09-21 11:07:00+05:30,1373.5999755859375,1373.9000244140625,1373.4000244140625,1373.9000244140625,206
2026-09-21 11:08:00+05:30,1373.199951171875,1373.5999755859375,1373.199951171875,1373.5999755859375,927
2026-09-21 11:09:00+05:30,1375.0,1375.0,1373.699951171875,1373.699951171875,1430
2026-09-21 11:10:00+05:30,1372.800048828125,1374.800048828125,1372.800048828125,1374.800048828125,1633
2026-09-21 11:11:00+05:30,1373.9000244140625,1373.9000244140625,1373.199951171875,1373.5,461
2026-09-21 11:12:00+05:30,1374.0,1374.4000244140625,1373.5,1374.0,807
2026-09-21 11:13:00+05:30,1374.4000244140625,1374.5,1374.0,1374.4000244140625,519
2026-09-21 11:14:00+05:30,1373.5,1374.300048828125,1373.300048828125,1374.0,626
2026-09-21 11:15:00+05:30,1373.9000244140625,1373.9000244140625,1373.0,1373.699951171875,968
2026-09-21 11:16:00+05:30,1373.0,1373.9000244140625,1372.5999755859375,1373.9000244140625,300
2026-09-21 11:17:00+05:30,1373.5999755859375,1373.800048828125,1373.0,1373.0999755859375,714
2026-09-21 11:18:00+05:30,1373.800048828125,1374.199951171875,1373.4000244140625,1373.5999755859375,667
2026-09-21 11:19:00+05:30,1372.5,1373.800048828125,1372.5,1373.800048828125,1513
2026-09-21 11:20:00+05:30,1373.0999755859375,1373.4000244140625,1373.0999755859375,1373.4000244140625,286
2026-09-21 11:21:00+05:30,1373.199951171875,1373.5999755859375,1373.0,1373.5999755859375,275
2026-09-21 11:22:00+05:30,1374.0999755859375,1374.199951171875,1373.0999755859375,1373.199951171875,639
2026-09-21 11:23:00+05:30,1374.4000244140625,1374.4000244140625,1373.5999755859375,1373.699951171875,684
2026-09-21 11:24:00+05:30,1374.4000244140625,1374.5999755859375,1374.199951171875,1374.5999755859375,420
2026-09-21 11:25:00+05:30,1373.5999755859375,1374.4000244140625,1373.5999755859375,1374.4000244140625,409
2026-09-21 11:26:00+05:30,1373.4000244140625,1374.0,1373.300048828125,1373.5999755859375,425
2026-09-21 11:27:00+05:30,1373.5,1373.800048828125,1373.199951171875,1373.699951171875,532
2026-09-21 11:28:00+05:30,1374.0999755859375,1374.0999755859375,1373.199951171875,1373.199951171875,1118
2026-09-21 11:29:00+05:30,1373.300048828125,1373.699951171875,1373.300048828125,1373.699951171875,341
2026-09-21 11:30:00+05:30,1373.699951171875,1373.699951171875,1373.300048828125,1373.4000244140625,276
2026-09-21 11:31:00+05:30,1373.699951171875,1374.0,1373.199951171875,1373.699951171875,658
2026-09-21 11:32:00+05:30,1373.800048828125,1373.9000244140625,1373.300048828125,1373.699951171875,1143
2026-09-21 11:33:00+05:30,1373.5,1374.0999755859375,1373.300048828125,1373.800048828125,925
2026-09-21 11:34:00+05:30,1373.5,1374.0,1373.300048828125,1374.0,305
2026-09-21 11:35:00+05:30,1373.0,1373.5,1372.9000244140625,1373.5,657
2026-09-21 11:36:00+05:30,1373.4000244140625,1374.0,1373.0,1373.0,960
2026-09-21 11:37:00+05:30,1373.5,1373.5,1372.800048828125,1372.800048828125,1350
2026-09-21 11:38:00+05:30,1373.4000244140625,1374.0,1373.199951171875,1373.5,669
2026-09-21 11:39:00+05:30,1373.5,1373.9000244140625,1373.5,1373.9000244140625,318
2026-09-21 11:40:00+05:30,1373.5,1373.9000244140625,1373.5,1373.800048828125,505
2026-09-21 11:41:00+05:30,1373.9000244140625,1374.699951171875,1373.5,1373.699951171875,3183
2026-09-21 11:42:00+05:30,1374.0999755859375,1374.4000244140625,1373.5999755859375,1374.0999755859375,822
2026-09-21 11:43:00+05:30,1374.199951171875,1374.300048828125,1373.800048828125,1374.0999755859375,418
2026-09-21 11:44:00+05:30,1375.0999755859375,1375.199951171875,1373.699951171875,1373.699951171875,1697
2026-09-21 11:45:00+05:30,1375.0,1375.0,1374.4000244140625,1374.5999755859375,944
2026-09-21 11:46:00+05:30,1374.800048828125,1375.0,1374.5,1375.0,378
2026-09-21 11:47:00+05:30,1374.5,1374.800048828125,1374.4000244140625,1374.800048828125,351
2026-09-21 11:48:00+05:30,1375.0999755859375,1375.0999755859375,1374.199951171875,1374.5,948
2026-09-21 11:49:00+05:30,1374.699951171875,1375.0999755859375,1374.5999755859375,1375.0999755859375,173
2026-09-21 11:50:00+05:30,1375.9000244140625,1376.0,1374.5999755859375,1374.800048828125,1508
2026-09-21 11:51:00+05:30,1376.0,1376.0,1375.199951171875,1375.699951171875,1414
2026-09-21 11:52:00+05:30,1375.800048828125,1376.300048828125,1375.5999755859375,1376.0,295
2026-09-21 11:53:00+05:30,1375.0,1375.9000244140625,1375.0,1375.800048828125,856
2026-09-21 11:54:00+05:30,1375.0999755859375,1375.800048828125,1375.0999755859375,1375.5,913
2026-09-21 11:55:00+05:30,1375.5999755859375,1376.0,1375.300048828125,1376.0,541
2026-09-21 11:56:00+05:30,1375.5999755859375,1375.5999755859375,1375.300048828125,1375.5999755859375,842
2026-09-21 11:57:00+05:30,1374.800048828125,1375.4000244140625,1374.800048828125,1375.300048828125,699
2026-09-21 11:58:00+05:30,1375.300048828125,1375.800048828125,1374.9000244140625,1375.0999755859375,1343
2026-09-21 11:59:00+05:30,1375.4000244140625,1375.5,1375.199951171875,1375.5,369
2026-09-21 12:00:00+05:30,1375.4000244140625,1375.5,1374.9000244140625,1375.4000244140625,1851
2026-09-21 12:01:00+05:30,1375.199951171875,1375.4000244140625,1374.9000244140625,1375.4000244140625,738
2026-09-21 12:02:00+05:30,1375.0,1375.4000244140625,1374.699951171875,1374.9000244140625,1190
2026-09-21 12:03:00+05:30,1374.800048828125,1375.199951171875,1374.4000244140625,1375.199951171875,622
2026-09-21 12:04:00+05:30,1374.699951171875,1375.0,1374.0999755859375,1374.800048828125,525
2026-09-21 12:05:00+05:30,1373.9000244140625,1374.800048828125,1373.9000244140625,1374.800048828125,397
2026-09-21 12:06:00+05:30,1374.5,1374.5999755859375,1374.0999755859375,1374.0999755859375,396
2026-09-21 12:07:00+05:30,1374.0,1374.699951171875,1374.0,1374.5,1103
2026-09-21 12:08:00+05:30,1374.199951171875,1375.0,1374.0,1374.199951171875,1238
2026-09-21 12:09:00+05:30,1374.699951171875,1374.800048828125,1373.9000244140625,1374.0,1278
2026-09-21 12:10:00+05:30,1374.5999755859375,1374.699951171875,1374.300048828125,1374.699951171875,247
2026-09-21 12:11:00+05:30,1374.0999755859375,1374.699951171875,1373.9000244140625,1374.699951171875,207
2026-09-21 12:12:00+05:30,1373.699951171875,1374.0999755859375,1373.699951171875,1374.0999755859375,287
2026-09-21 12:13:00+05:30,1374.199951171875,1374.699951171875,1373.4000244140625,1373.699951171875,2724
2026-09-21 12:14:00+05:30,1374.0999755859375,1374.4000244140625,1373.9000244140625,1374.4000244140625,444
2026-09-21 12:15:00+05:30,1374.4000244140625,1374.699951171875,1373.5999755859375,1374.699951171875,1749
2026-09-21 12:16:00+05:30,1376.9000244140625,1376.9000244140625,1375.699951171875,1376.0,4761
2026-09-21 12:17:00+05:30,1376.0,1376.9000244140625,1376.0,1376.9000244140625,789
2026-09-21 12:18:00+05:30,1375.5,1376.199951171875,1375.300048828125,1375.9000244140625,750
2026-09-21 12:19:00+05:30,1375.9000244140625,1376.0999755859375,1375.5,1376.0,561
2026-09-21 12:20:00+05:30,1376.300048828125,1376.300048828125,1375.800048828125,1376.0999755859375,388
2026-09-21 12:21:00+05:30,1377.4000244140625,1377.5999755859375,1376.300048828125,1376.300048828125,1407
2026-09-21 12:22:00+05:30,1376.800048828125,1377.5,1376.800048828125,1377.5,459
2026-09-21 12:23:00+05:30,1376.800048828125,1377.199951171875,1375.9000244140625,1377.199951171875,1512
2026-09-21 12:24:00+05:30,1378.0,1378.0,1376.699951171875,1376.9000244140625,604
2026-09-21 12:25:00+05:30,1378.300048828125,1378.5,1377.699951171875,1378.0,911
2026-09-21 12:26:00+05:30,1378.4000244140625,1378.5,1378.0,1378.5,984
2026-09-21 12:27:00+05:30,1378.0,1378.5,1378.0,1378.4000244140625,775
2026-09-21 12:28:00+05:30,1378.300048828125,1379.199951171875,1378.300048828125,1378.5999755859375,1359
2026-09-21 12:29:00+05:30,1378.800048828125,1379.0,1377.9000244140625,1378.4000244140625,1496
2026-09-21 12:30:00+05:30,1378.300048828125,1378.5,1378.0,1378.4000244140625,304
2026-09-21 12:31:00+05:30,1377.9000244140625,1378.5,1377.300048828125,1378.5,496
2026-09-21 12:32:00+05:30,1377.4000244140625,1378.199951171875,1377.0999755859375,1378.199951171875,429
2026-09-21 12:33:00+05:30,1377.800048828125,1378.300048828125,1377.300048828125,1377.300048828125,537
2026-09-21 12:34:00+05:30,1377.800048828125,1378.699951171875,1377.800048828125,1378.0,1484
2026-09-21 12:35:00+05:30,1377.9000244140625,1378.199951171875,1377.5,1378.199951171875,734
2026-09-21 12:36:00+05:30,1377.5999755859375,1378.4000244140625,1377.5999755859375,1378.0,725
2026-09-21 12:37:00+05:30,1378.199951171875,1378.5999755859375,1378.0,1378.0999755859375,639
2026-09-21 12:38:00+05:30,1378.199951171875,1378.5,1378.0,1378.300048828125,296
2026-09-21 12:39:00+05:30,1378.0999755859375,1378.5,1378.0,1378.5,690
2026-09-21 12:40:00+05:30,1377.300048828125,1378.0999755859375,1377.300048828125,1378.0999755859375,509
2026-09-21 12:41:00+05:30,1377.5,1377.800048828125,1377.0,1377.800048828125,988
2026-09-21 12:42:00+05:30,1377.5,1377.5,1377.0,1377.300048828125,1156
2026-09-21 12:43:00+05:30,1377.5,1377.5,1377.0,1377.199951171875,590
2026-09-21 12:44:00+05:30,1377.5,1377.5999755859375,1377.0,1377.4000244140625,1196
2026-09-21 12:45:00+05:30,1377.5,1377.5,1377.0999755859375,1377.4000244140625,600
2026-09-21 12:46:00+05:30,1377.300048828125,1377.5999755859375,1377.0,1377.5999755859375,386
2026-09-21 12:47:00+05:30,1377.0,1377.5,1377.0,1377.5,702
2026-09-21 12:48:00+05:30,1377.0999755859375,1377.199951171875,1376.5,1377.0,501
2026-09-21 12:49:00+05:30,1377.199951171875,1377.199951171875,1376.199951171875,1376.199951171875,747
2026-09-21 12:50:00+05:30,1378.4000244140625,1378.4000244140625,1377.5999755859375,1377.5999755859375,995
2026-09-21 12:51:00+05:30,1378.0999755859375,1378.5999755859375,1377.5999755859375,1378.300048828125,480
2026-09-21 12:52:00+05:30,1378.300048828125,1378.300048828125,1377.5999755859375,1378.0999755859375,461
2026-09-21 12:53:00+05:30,1377.699951171875,1378.0999755859375,1377.4000244140625,1378.0999755859375,509
2026-09-21 12:54:00+05:30,1378.0,1378.300048828125,1377.5999755859375,1377.9000244140625,872
2026-09-21 12:55:00+05:30,1378.199951171875,1378.199951171875,1377.300048828125,1378.0,708
2026-09-21 12:56:00+05:30,1378.0999755859375,1378.0999755859375,1377.5,1378.0999755859375,455
2026-09-21 12:57:00+05:30,1377.5,1378.0,1377.199951171875,1377.800048828125,1183
2026-09-21 12:58:00+05:30,1377.800048828125,1377.9000244140625,1377.5,1377.9000244140625,335
2026-09-21 12:59:00+05:30,1377.699951171875,1377.9000244140625,1377.5,1377.9000244140625,1078
2026-09-21 13:00:00+05:30,1377.0,1377.5999755859375,1377.0,1377.5,259
2026-09-21 13:01:00+05:30,1376.0999755859375,1377.0999755859375,1375.5999755859375,1377.0999755859375,2391
2026-09-21 13:02:00+05:30,1376.0999755859375,1376.4000244140625,1375.699951171875,1376.0999755859375,378
2026-09-21 13:03:00+05:30,1375.0999755859375,1376.4000244140625,1375.0999755859375,1376.4000244140625,464
2026-09-21 13:04:00+05:30,1374.699951171875,1375.5999755859375,1374.5999755859375,1375.5999755859375,1896
2026-09-21 13:05:00+05:30,1375.199951171875,1375.199951171875,1374.5,1374.5,1178
2026-09-21 13:06:00+05:30,1375.300048828125,1375.300048828125,1374.9000244140625,1375.199951171875,557
2026-09-21 13:07:00+05:30,1374.9000244140625,1375.4000244140625,1374.699951171875,1375.199951171875,1323
2026-09-21 13:08:00+05:30,1375.0999755859375,1375.300048828125,1374.9000244140625,1375.199951171875,260
2026-09-21 13:09:00+05:30,1374.5999755859375,1375.4000244140625,1374.5999755859375,1375.300048828125,837
2026-09-21 13:10:00+05:30,1374.5999755859375,1375.4000244140625,1374.5999755859375,1375.300048828125,471
2026-09-21 13:11:00+05:30,1375.0999755859375,1375.199951171875,1374.800048828125,1375.0999755859375,414
2026-09-21 13:12:00+05:30,1375.0999755859375,1375.699951171875,1375.0999755859375,1375.4000244140625,740
2026-09-21 13:13:00+05:30,1376.0999755859375,1376.0999755859375,1375.300048828125,1375.4000244140625,3306
2026-09-21 13:14:00+05:30,1376.0,1376.5999755859375,1375.800048828125,1376.199951171875,516
2026-09-21 13:15:00+05:30,1376.0,1376.4000244140625,1375.4000244140625,1376.4000244140625,715
2026-09-21 13:16:00+05:30,1376.300048828125,1376.5999755859375,1376.0,1376.0,693
2026-09-21 13:17:00+05:30,1376.300048828125,1376.5,1375.800048828125,1376.4000244140625,652
2026-09-21 13:18:00+05:30,1376.4000244140625,1376.4000244140625,1375.699951171875,1376.300048828125,493
2026-09-21 13:19:00+05:30,1376.199951171875,1376.300048828125,1375.5,1376.300048828125,662
2026-09-21 13:20:00+05:30,1375.9000244140625,1376.199951171875,1375.4000244140625,1376.0999755859375,481
2026-09-21 13:21:00+05:30,1376.199951171875,1376.199951171875,1375.199951171875,1376.199951171875,966
2026-09-21 13:22:00+05:30,1376.0999755859375,1376.4000244140625,1376.0,1376.199951171875,292
2026-09-21 13:23:00+05:30,1377.5999755859375,1377.5999755859375,1376.4000244140625,1376.5,2956
2026-09-21 13:24:00+05:30,1377.5999755859375,1378.0,1377.300048828125,1377.800048828125,763
2026-09-21 13:25:00+05:30,1377.0,1377.5999755859375,1377.0,1377.5999755859375,449
2026-09-21 13:26:00+05:30,1376.9000244140625,1377.0,1376.9000244140625,1377.0,686
2026-09-21 13:27:00+05:30,1377.5999755859375,1377.5999755859375,1376.9000244140625,1377.0,630
2026-09-21 13:28:00+05:30,1377.9000244140625,1377.9000244140625,1377.300048828125,1377.5999755859375,636
2026-09-21 13:29:00+05:30,1377.0999755859375,1377.800048828125,1377.0,1377.800048828125,207
2026-09-21 13:30:00+05:30,1377.199951171875,1377.9000244140625,1377.0,1377.0999755859375,555
2026-09-21 13:31:00+05:30,1377.5,1377.5999755859375,1377.300048828125,1377.300048828125,840
2026-09-21 13:32:00+05:30,1377.5,1377.5,1377.4000244140625,1377.5,358
2026-09-21 13:33:00+05:30,1377.199951171875,1377.5,1376.800048828125,1377.5,405
2026-09-21 13:34:00+05:30,1378.5,1378.5,1377.300048828125,1377.300048828125,1311
2026-09-21 13:35:00+05:30,1377.5999755859375,1378.699951171875,1377.5999755859375,1378.699951171875,791
2026-09-21 13:36:00+05:30,1378.699951171875,1378.9000244140625,1377.5999755859375,1377.9000244140625,1687
2026-09-21 13:37:00+05:30,1378.5,1378.699951171875,1378.199951171875,1378.699951171875,321
2026-09-21 13:38:00+05:30,1378.0999755859375,1378.5999755859375,1378.0,1378.5999755859375,265
2026-09-21 13:39:00+05:30,1378.199951171875,1378.5,1377.9000244140625,1378.0999755859375,387
2026-09-21 13:40:00+05:30,1378.0,1378.0999755859375,1377.800048828125,1377.9000244140625,420
2026-09-21 13:41:00+05:30,1377.5999755859375,1378.0999755859375,1377.5999755859375,1378.0999755859375,464
2026-09-21 13:42:00+05:30,1377.5999755859375,1378.300048828125,1377.5999755859375,1377.9000244140625,1420
2026-09-21 13:43:00+05:30,1378.0,1378.0,1377.699951171875,1377.800048828125,260
2026-09-21 13:44:00+05:30,1378.0,1378.0,1377.699951171875,1377.9000244140625,403
2026-09-21 13:45:00+05:30,1377.800048828125,1378.199951171875,1377.699951171875,1378.0,209
2026-09-21 13:46:00+05:30,1377.9000244140625,1377.9000244140625,1377.5999755859375,1377.800048828125,778
2026-09-21 13:47:00+05:30,1378.300048828125,1378.300048828125,1377.9000244140625,1378.0,422
2026-09-21 13:48:00+05:30,1378.199951171875,1378.4000244140625,1377.9000244140625,1378.4000244140625,350
2026-09-21 13:49:00+05:30,1378.0999755859375,1378.5,1378.0999755859375,1378.199951171875,377
2026-09-21 13:50:00+05:30,1378.9000244140625,1379.4000244140625,1378.199951171875,1378.300048828125,1380
2026-09-21 13:51:00+05:30,1379.300048828125,1379.5999755859375,1378.9000244140625,1379.199951171875,1202
2026-09-21 13:52:00+05:30,1379.300048828125,1379.800048828125,1379.0,1379.5999755859375,362
2026-09-21 13:53:00+05:30,1379.5999755859375,1379.699951171875,1379.0999755859375,1379.300048828125,452
2026-09-21 13:54:00+05:30,1379.5,1379.5999755859375,1379.0999755859375,1379.5999755859375,430
2026-09-21 13:55:00+05:30,1379.4000244140625,1379.5,1379.0,1379.5,1325
2026-09-21 13:56:00+05:30,1380.699951171875,1380.800048828125,1379.199951171875,1379.4000244140625,7539
2026-09-21 13:57:00+05:30,1380.0999755859375,1380.5999755859375,1379.9000244140625,1380.5,239
2026-09-21 13:58:00+05:30,1380.300048828125,1380.5,1380.0,1380.0999755859375,535
2026-09-21 13:59:00+05:30,1381.0,1381.0,1380.300048828125,1380.5,895
2026-09-21 14:00:00+05:30,1381.0999755859375,1381.300048828125,1380.4000244140625,1381.0,562
2026-09-21 14:01:00+05:30,1381.199951171875,1381.4000244140625,1380.9000244140625,1381.300048828125,417
2026-09-21 14:02:00+05:30,1380.800048828125,1381.300048828125,1380.5999755859375,1381.300048828125,919
2026-09-21 14:03:00+05:30,1381.199951171875,1381.199951171875,1380.5999755859375,1380.5999755859375,435
2026-09-21 14:04:00+05:30,1382.5,1382.800048828125,1381.800048828125,1381.9000244140625,2532
2026-09-21 14:05:00+05:30,1381.699951171875,1382.4000244140625,1381.300048828125,1382.4000244140625,419
2026-09-21 14:06:00+05:30,1381.0999755859375,1382.0,1381.0999755859375,1381.699951171875,489
2026-09-21 14:07:00+05:30,1381.5,1381.800048828125,1381.0999755859375,1381.800048828125,415
2026-09-21 14:08:00+05:30,1382.0,1382.0,1381.0999755859375,1381.5,602
2026-09-21 14:09:00+05:30,1381.699951171875,1382.0,1381.199951171875,1382.0,360
2026-09-21 14:10:00+05:30,1381.0999755859375,1381.800048828125,1381.0999755859375,1381.800048828125,546
2026-09-21 14:11:00+05:30,1381.0999755859375,1381.699951171875,1381.0999755859375,1381.5999755859375,867
2026-09-21 14:12:00+05:30,1382.699951171875,1382.699951171875,1381.300048828125,1381.4000244140625,2034
2026-09-21 14:13:00+05:30,1382.199951171875,1382.699951171875,1382.199951171875,1382.699951171875,343
2026-09-21 14:14:00+05:30,1382.5,1382.699951171875,1382.0999755859375,1382.199951171875,369
2026-09-21 14:15:00+05:30,1382.4000244140625,1382.5999755859375,1382.4000244140625,1382.5,292
2026-09-21 14:16:00+05:30,1382.199951171875,1382.5,1381.9000244140625,1382.5,3271
2026-09-21 14:17:00+05:30,1382.5999755859375,1382.5999755859375,1382.199951171875,1382.300048828125,659
2026-09-21 14:18:00+05:30,1382.4000244140625,1382.5999755859375,1382.199951171875,1382.5999755859375,310
2026-09-21 14:19:00+05:30,1382.9000244140625,1383.0,1382.4000244140625,1382.5,770
2026-09-21 14:20:00+05:30,1383.199951171875,1383.199951171875,1382.699951171875,1382.9000244140625,417
2026-09-21 14:21:00+05:30,1382.5999755859375,1383.199951171875,1382.5999755859375,1383.199951171875,425
2026-09-21 14:22:00+05:30,1383.0,1383.199951171875,1382.4000244140625,1382.800048828125,510
2026-09-21 14:23:00+05:30,1382.9000244140625,1383.0,1382.699951171875,1383.0,425
2026-09-21 14:24:00+05:30,1382.9000244140625,1382.9000244140625,1382.5,1382.9000244140625,848
2026-09-21 14:25:00+05:30,1380.9000244140625,1383.0999755859375,1380.5999755859375,1382.9000244140625,2964
2026-09-21 14:26:00+05:30,1381.5,1381.699951171875,1380.199951171875,1380.800048828125,1468
2026-09-21 14:27:00+05:30,1381.300048828125,1381.9000244140625,1381.0999755859375,1381.9000244140625,457
2026-09-21 14:28:00+05:30,1380.5,1381.300048828125,1380.4000244140625,1381.300048828125,605
2026-09-21 14:29:00+05:30,1380.5,1380.699951171875,1380.4000244140625,1380.5,401
2026-09-21 14:30:00+05:30,1380.5,1381.0,1380.5,1380.699951171875,669
2026-09-21 14:31:00+05:30,1380.0999755859375,1380.800048828125,1380.0999755859375,1380.800048828125,443
2026-09-21 14:32:00+05:30,1380.5999755859375,1380.5999755859375,1380.0,1380.0999755859375,2491
2026-09-21 14:33:00+05:30,1380.0999755859375,1380.9000244140625,1380.0,1380.9000244140625,228
2026-09-21 14:34:00+05:30,1382.4000244140625,1382.5,1380.0999755859375,1380.0999755859375,2546
2026-09-21 14:35:00+05:30,1383.0,1383.0,1381.9000244140625,1381.9000244140625,2387
2026-09-21 14:36:00+05:30,1382.5,1383.5999755859375,1382.5,1382.9000244140625,2176
2026-09-21 14:37:00+05:30,1382.300048828125,1383.199951171875,1382.300048828125,1382.699951171875,1587
2026-09-21 14:38:00+05:30,1383.300048828125,1383.300048828125,1382.5999755859375,1382.5999755859375,1637
2026-09-21 14:39:00+05:30,1382.300048828125,1383.199951171875,1382.0999755859375,1383.0,2352
2026-09-21 14:40:00+05:30,1381.699951171875,1382.4000244140625,1381.699951171875,1382.4000244140625,177
2026-09-21 14:41:00+05:30,1380.800048828125,1381.699951171875,1380.800048828125,1381.699951171875,740
2026-09-21 14:42:00+05:30,1381.4000244140625,1381.5,1381.0,1381.0,860
2026-09-21 14:43:00+05:30,1381.300048828125,1381.800048828125,1381.300048828125,1381.4000244140625,664
2026-09-21 14:44:00+05:30,1382.5,1382.699951171875,1382.0,1382.199951171875,1411
2026-09-21 14:45:00+05:30,1382.199951171875,1382.699951171875,1381.5999755859375,1382.699951171875,850
2026-09-21 14:46:00+05:30,1381.4000244140625,1382.199951171875,1381.4000244140625,1382.199951171875,439
2026-09-21 14:47:00+05:30,1381.5,1381.9000244140625,1381.0,1381.9000244140625,883
2026-09-21 14:48:00+05:30,1381.5999755859375,1381.699951171875,1381.4000244140625,1381.5999755859375,1957
2026-09-21 14:49:00+05:30,1382.0,1382.0,1381.5999755859375,1381.699951171875,703
2026-09-21 14:50:00+05:30,1383.0999755859375,1383.9000244140625,1382.0999755859375,1382.0999755859375,6361
2026-09-21 14:51:00+05:30,1383.9000244140625,1384.199951171875,1383.199951171875,1383.199951171875,2193
2026-09-21 14:52:00+05:30,1383.4000244140625,1384.199951171875,1383.0999755859375,1384.199951171875,1657
2026-09-21 14:53:00+05:30,1383.9000244140625,1383.9000244140625,1382.9000244140625,1383.300048828125,5283
2026-09-21 14:54:00+05:30,1383.5,1384.800048828125,1383.5,1384.0999755859375,5352
2026-09-21 14:55:00+05:30,1383.9000244140625,1384.0999755859375,1383.5,1384.0,4630
2026-09-21 14:56:00+05:30,1384.4000244140625,1384.5999755859375,1383.800048828125,1384.4000244140625,6659
2026-09-21 14:57:00+05:30,1383.300048828125,1384.199951171875,1383.300048828125,1383.9000244140625,2698
2026-09-21 14:58:00+05:30,1385.4000244140625,1386.0,1385.0,1385.0,8628
2026-09-21 14:59:00+05:30,1384.800048828125,1385.4000244140625,1384.0999755859375,1385.300048828125,3479
2026-09-21 15:00:00+05:30,1385.300048828125,1385.300048828125,1384.300048828125,1384.699951171875,5186
2026-09-21 15:01:00+05:30,1385.5,1385.5999755859375,1385.0999755859375,1385.300048828125,3305
2026-09-21 15:02:00+05:30,1385.300048828125,1385.5999755859375,1385.300048828125,1385.5999755859375,2187
2026-09-21 15:03:00+05:30,1385.5,1385.5,1385.0999755859375,1385.300048828125,1965
2026-09-21 15:04:00+05:30,1385.5999755859375,1385.9000244140625,1385.5999755859375,1385.5999755859375,2257
2026-09-21 15:05:00+05:30,1385.5999755859375,1385.9000244140625,1385.300048828125,1385.9000244140625,5265
2026-09-21 15:06:00+05:30,1385.9000244140625,1386.5,1385.800048828125,1386.0,4457
2026-09-21 15:07:00+05:30,1385.4000244140625,1386.0999755859375,1385.4000244140625,1385.9000244140625,4279
2026-09-21 15:08:00+05:30,1386.5,1386.5999755859375,1385.199951171875,1385.4000244140625,4778
2026-09-21 15:09:00+05:30,1386.0,1386.699951171875,1386.0,1386.5,4686
2026-09-21 15:10:00+05:30,1387.199951171875,1387.5,1386.4000244140625,1386.4000244140625,13817
2026-09-21 15:11:00+05:30,1387.0,1387.699951171875,1387.0,1387.199951171875,8118
2026-09-21 15:12:00+05:30,1388.300048828125,1388.300048828125,1386.800048828125,1387.300048828125,12167
2026-09-21 15:13:00+05:30,1389.0,1389.199951171875,1388.0999755859375,1389.0,5577
2026-09-21 15:14:00+05:30,1385.0,1389.800048828125,1385.0,1389.4000244140625,41735
2026-09-22 09:15:00+05:30,1388.0,1391.4000244140625,1382.4000244140625,1382.4000244140625,0
2026-09-22 09:16:00+05:30,1385.9000244140625,1388.0999755859375,1385.9000244140625,1387.9000244140625,4236
2026-09-22 09:17:00+05:30,1388.0999755859375,1388.300048828125,1385.5999755859375,1386.0,5938
2026-09-22 09:18:00+05:30,1390.0999755859375,1390.0999755859375,1388.300048828125,1388.300048828125,499
2026-09-22 09:19:00+05:30,1387.5,1390.4000244140625,1387.5,1390.4000244140625,4535
2026-09-22 09:20:00+05:30,1386.199951171875,1387.800048828125,1385.699951171875,1386.4000244140625,1793
2026-09-22 09:21:00+05:30,1382.5999755859375,1386.199951171875,1382.5999755859375,1386.199951171875,1872
2026-09-22 09:22:00+05:30,1382.699951171875,1383.800048828125,1382.699951171875,1383.800048828125,2907
2026-09-22 09:23:00+05:30,1381.9000244140625,1382.800048828125,1381.4000244140625,1382.800048828125,703
2026-09-22 09:24:00+05:30,1382.4000244140625,1383.0,1381.5999755859375,1381.5999755859375,3139
2026-09-22 09:25:00+05:30,1380.800048828125,1381.9000244140625,1380.800048828125,1381.9000244140625,1274
2026-09-22 09:26:00+05:30,1381.5,1381.800048828125,1381.0,1381.0,1381
2026-09-22 09:27:00+05:30,1381.5999755859375,1381.5999755859375,1381.0999755859375,1381.5,454
2026-09-22 09:28:00+05:30,1382.4000244140625,1382.4000244140625,1382.0,1382.0,1277
2026-09-22 09:29:00+05:30,1382.199951171875,1382.5999755859375,1382.199951171875,1382.5,600
2026-09-22 09:30:00+05:30,1381.0,1382.699951171875,1381.0,1382.4000244140625,1723
2026-09-22 09:31:00+05:30,1381.9000244140625,1381.9000244140625,1381.300048828125,1381.300048828125,1517
2026-09-22 09:32:00+05:30,1381.699951171875,1381.699951171875,1381.199951171875,1381.699951171875,2877
2026-09-22 09:33:00+05:30,1381.199951171875,1381.699951171875,1381.199951171875,1381.300048828125,1042
2026-09-22 09:34:00+05:30,1382.4000244140625,1382.800048828125,1381.0999755859375,1381.0999755859375,4566
2026-09-22 09:35:00+05:30,1381.0,1382.0999755859375,1381.0,1382.0999755859375,736
2026-09-22 09:36:00+05:30,1380.4000244140625,1381.300048828125,1380.0,1381.300048828125,3399
2026-09-22 09:37:00+05:30,1378.5,1380.5999755859375,1378.5,1380.0,5049
2026-09-22 09:38:00+05:30,1377.300048828125,1379.0,1377.0999755859375,1379.0,6429
2026-09-22 09:39:00+05:30,1378.5999755859375,1378.9000244140625,1377.5999755859375,1377.5999755859375,1517
2026-09-22 09:40:00+05:30,1377.5999755859375,1378.5999755859375,1377.5999755859375,1378.5999755859375,1415
2026-09-22 09:41:00+05:30,1378.9000244140625,1379.0,1377.5999755859375,1377.5999755859375,4460
2026-09-22 09:42:00+05:30,1379.800048828125,1379.800048828125,1379.199951171875,1379.199951171875,1679
2026-09-22 09:43:00+05:30,1379.199951171875,1379.699951171875,1379.199951171875,1379.699951171875,1626
2026-09-22 09:44:00+05:30,1379.0,1380.0,1378.9000244140625,1378.9000244140625,2122
2026-09-22 09:45:00+05:30,1379.300048828125,1379.9000244140625,1379.300048828125,1379.5999755859375,1358
2026-09-22 09:46:00+05:30,1379.0999755859375,1379.4000244140625,1379.0999755859375,1379.4000244140625,1352
2026-09-22 09:47:00+05:30,1378.199951171875,1378.9000244140625,1378.199951171875,1378.800048828125,1671
2026-09-22 09:48:00+05:30,1378.4000244140625,1379.4000244140625,1378.199951171875,1378.9000244140625,3598
2026-09-22 09:49:00+05:30,1378.5,1378.5999755859375,1378.0999755859375,1378.0999755859375,966
2026-09-22 09:50:00+05:30,1378.300048828125,1378.5999755859375,1378.300048828125,1378.5999755859375,754
2026-09-22 09:51:00+05:30,1379.0999755859375,1379.5,1378.0,1378.0,4718
2026-09-22 09:52:00+05:30,1379.5999755859375,1379.5999755859375,1379.0999755859375,1379.0999755859375,4530
2026-09-22 09:53:00+05:30,1380.199951171875,1380.5,1379.5999755859375,1379.699951171875,2955
2026-09-22 09:54:00+05:30,1380.199951171875,1380.5,1379.5,1379.800048828125,1824
2026-09-22 09:55:00+05:30,1379.699951171875,1380.199951171875,1379.0999755859375,1380.199951171875,2362
2026-09-22 09:56:00+05:30,1379.4000244140625,1379.800048828125,1379.300048828125,1379.699951171875,302
2026-09-22 09:57:00+05:30,1379.199951171875,1379.800048828125,1379.199951171875,1379.5,2402
2026-09-22 09:58:00+05:30,1379.199951171875,1379.199951171875,1378.800048828125,1379.199951171875,2869
2026-09-22 09:59:00+05:30,1378.5,1378.9000244140625,1378.0999755859375,1378.9000244140625,209
2026-09-22 10:00:00+05:30,1379.5,1379.5,1378.4000244140625,1378.5,6063
2026-09-22 10:01:00+05:30,1380.0999755859375,1380.0999755859375,1379.699951171875,1379.699951171875,3890
2026-09-22 10:02:00+05:30,1381.0,1381.9000244140625,1381.0,1381.9000244140625,5625
2026-09-22 10:03:00+05:30,1380.300048828125,1381.199951171875,1380.199951171875,1381.199951171875,4053
2026-09-22 10:04:00+05:30,1380.9000244140625,1380.9000244140625,1380.199951171875,1380.300048828125,1290
2026-09-22 10:05:00+05:30,1380.800048828125,1381.199951171875,1380.0,1380.699951171875,2557
2026-09-22 10:06:00+05:30,1380.800048828125,1381.199951171875,1380.5,1380.800048828125,837
2026-09-22 10:07:00+05:30,1382.5,1383.300048828125,1381.0999755859375,1381.0999755859375,3968
2026-09-22 10:08:00+05:30,1382.300048828125,1382.5,1381.9000244140625,1382.300048828125,949
2026-09-22 10:09:00+05:30,1381.9000244140625,1382.300048828125,1381.9000244140625,1382.0999755859375,2132
2026-09-22 10:10:00+05:30,1381.0999755859375,1382.0,1381.0999755859375,1382.0,1948
2026-09-22 10:11:00+05:30,1381.5999755859375,1382.199951171875,1381.0999755859375,1381.0999755859375,3765
2026-09-22 10:12:00+05:30,1381.9000244140625,1382.4000244140625,1381.5999755859375,1381.5999755859375,7119
2026-09-22 10:13:00+05:30,1381.199951171875,1381.699951171875,1381.0,1381.5,2969
2026-09-22 10:14:00+05:30,1382.0,1382.0999755859375,1380.9000244140625,1380.9000244140625,1299
2026-09-22 10:15:00+05:30,1381.0999755859375,1382.0,1381.0999755859375,1381.9000244140625,1343
2026-09-22 10:16:00+05:30,1380.699951171875,1381.0999755859375,1380.699951171875,1381.0,461
2026-09-22 10:17:00+05:30,1381.0,1381.300048828125,1380.699951171875,1380.699951171875,4519
2026-09-22 10:18:00+05:30,1380.5,1380.800048828125,1380.0,1380.800048828125,525
2026-09-22 10:19:00+05:30,1380.0999755859375,1380.4000244140625,1380.0,1380.0999755859375,1277
2026-09-22 10:20:00+05:30,1380.0999755859375,1380.199951171875,1380.0999755859375,1380.0999755859375,475
2026-09-22 10:21:00+05:30,1380.0,1380.199951171875,1380.0,1380.199951171875,738
2026-09-22 10:22:00+05:30,1379.800048828125,1380.0,1379.300048828125,1380.0,1646
2026-09-22 10:23:00+05:30,1379.5999755859375,1379.699951171875,1379.4000244140625,1379.699951171875,567
2026-09-22 10:24:00+05:30,1379.4000244140625,1379.5999755859375,1379.0,1379.5999755859375,462
2026-09-22 10:25:00+05:30,1378.9000244140625,1379.4000244140625,1378.5999755859375,1379.4000244140625,1619
2026-09-22 10:26:00+05:30,1379.5999755859375,1380.0999755859375,1379.0,1379.0,2413
2026-09-22 10:27:00+05:30,1378.699951171875,1379.5999755859375,1378.699951171875,1379.5999755859375,540
2026-09-22 10:28:00+05:30,1379.0,1379.0999755859375,1378.800048828125,1379.0999755859375,1567
2026-09-22 10:29:00+05:30,1379.5,1379.5,1379.0,1379.0,799
2026-09-22 10:30:00+05:30,1379.4000244140625,1380.5,1379.4000244140625,1379.4000244140625,6717
2026-09-22 10:31:00+05:30,1379.199951171875,1379.300048828125,1379.0,1379.300048828125,916
2026-09-22 10:32:00+05:30,1379.4000244140625,1379.9000244140625,1379.199951171875,1379.4000244140625,1555
2026-09-22 10:33:00+05:30,1379.300048828125,1379.5999755859375,1379.199951171875,1379.199951171875,1389
2026-09-22 10:34:00+05:30,1379.5,1379.5,1379.300048828125,1379.4000244140625,549
2026-09-22 10:35:00+05:30,1379.300048828125,1379.4000244140625,1379.300048828125,1379.300048828125,498
2026-09-22 10:36:00+05:30,1378.9000244140625,1379.199951171875,1378.699951171875,1379.199951171875,215
2026-09-22 10:37:00+05:30,1379.0999755859375,1379.5999755859375,1378.699951171875,1378.699951171875,2800
2026-09-22 10:38:00+05:30,1377.4000244140625,1379.4000244140625,1377.4000244140625,1379.4000244140625,1229
2026-09-22 10:39:00+05:30,1378.5999755859375,1378.5999755859375,1377.300048828125,1378.0999755859375,1162
2026-09-22 10:40:00+05:30,1378.0999755859375,1378.699951171875,1377.5999755859375,1378.4000244140625,1172
2026-09-22 10:41:00+05:30,1377.5999755859375,1378.0,1377.5999755859375,1378.0,1885
2026-09-22 10:42:00+05:30,1377.0,1377.0999755859375,1375.0999755859375,1377.0999755859375,5754
2026-09-22 10:43:00+05:30,1377.4000244140625,1377.5999755859375,1376.5999755859375,1376.5999755859375,855
2026-09-22 10:44:00+05:30,1375.199951171875,1377.0,1375.199951171875,1377.0,9245
2026-09-22 10:45:00+05:30,1375.0999755859375,1375.5,1375.0999755859375,1375.5,1500
2026-09-22 10:46:00+05:30,1376.300048828125,1376.300048828125,1375.0999755859375,1375.0999755859375,1107
2026-09-22 10:47:00+05:30,1376.300048828125,1376.5999755859375,1376.199951171875,1376.5999755859375,1737
2026-09-22 10:48:00+05:30,1376.5,1376.5,1376.300048828125,1376.5,267
2026-09-22 10:49:00+05:30,1376.4000244140625,1376.5,1376.300048828125,1376.4000244140625,996
2026-09-22 10:50:00+05:30,1376.5,1376.5,1376.0,1376.5,1102
2026-09-22 10:51:00+05:30,1376.9000244140625,1377.0,1376.5,1376.5,1296
2026-09-22 10:52:00+05:30,1376.9000244140625,1377.199951171875,1376.699951171875,1377.0,1719
2026-09-22 10:53:00+05:30,1376.0999755859375,1376.699951171875,1375.9000244140625,1376.699951171875,426
2026-09-22 10:54:00+05:30,1376.699951171875,1376.9000244140625,1376.0999755859375,1376.0999755859375,1400
2026-09-22 10:55:00+05:30,1376.800048828125,1377.0,1376.5,1377.0,1082
2026-09-22 10:56:00+05:30,1377.199951171875,1377.300048828125,1377.0,1377.0,1391
2026-09-22 10:57:00+05:30,1376.4000244140625,1377.199951171875,1376.300048828125,1377.0999755859375,630
2026-09-22 10:58:00+05:30,1376.5999755859375,1376.800048828125,1376.199951171875,1376.300048828125,1259
2026-09-22 10:59:00+05:30,1376.9000244140625,1377.0,1376.5999755859375,1376.5999755859375,1401
2026-09-22 11:00:00+05:30,1375.9000244140625,1377.5,1375.5,1377.5,3020
2026-09-22 11:01:00+05:30,1375.4000244140625,1375.9000244140625,1375.300048828125,1375.699951171875,1030
2026-09-22 11:02:00+05:30,1375.5,1375.5,1375.300048828125,1375.300048828125,633
2026-09-22 11:03:00+05:30,1376.300048828125,1376.300048828125,1375.4000244140625,1375.4000244140625,2756
2026-09-22 11:04:00+05:30,1375.5999755859375,1376.300048828125,1375.4000244140625,1376.300048828125,1363
2026-09-22 11:05:00+05:30,1375.5999755859375,1375.699951171875,1375.0999755859375,1375.5999755859375,638
2026-09-22 11:06:00+05:30,1375.5,1375.5999755859375,1375.199951171875,1375.5999755859375,689
2026-09-22 11:07:00+05:30,1375.5999755859375,1375.5999755859375,1375.0999755859375,1375.4000244140625,473
2026-09-22 11:08:00+05:30,1375.9000244140625,1375.9000244140625,1375.5,1375.5,850
2026-09-22 11:09:00+05:30,1375.699951171875,1376.4000244140625,1375.699951171875,1375.800048828125,3460
2026-09-22 11:10:00+05:30,1375.699951171875,1375.9000244140625,1375.699951171875,1375.9000244140625,443
2026-09-22 11:11:00+05:30,1375.5999755859375,1375.699951171875,1375.199951171875,1375.199951171875,975
2026-09-22 11:12:00+05:30,1375.300048828125,1375.5,1375.300048828125,1375.300048828125,245
2026-09-22 11:13:00+05:30,1376.0999755859375,1376.699951171875,1375.300048828125,1375.300048828125,6196
2026-09-22 11:14:00+05:30,1375.800048828125,1376.5999755859375,1375.800048828125,1376.0999755859375,1142
2026-09-22 11:15:00+05:30,1376.0999755859375,1376.300048828125,1375.699951171875,1376.300048828125,288
2026-09-22 11:16:00+05:30,1376.0999755859375,1376.0999755859375,1375.5,1376.0,1633
2026-09-22 11:17:00+05:30,1376.800048828125,1376.800048828125,1375.9000244140625,1375.9000244140625,1723
2026-09-22 11:18:00+05:30,1375.9000244140625,1376.5999755859375,1375.5,1376.300048828125,568
2026-09-22 11:19:00+05:30,1375.4000244140625,1375.9000244140625,1375.4000244140625,1375.9000244140625,903
2026-09-22 11:20:00+05:30,1375.0,1375.699951171875,1375.0,1375.300048828125,1865
2026-09-22 11:21:00+05:30,1374.4000244140625,1375.5,1374.0,1375.300048828125,4518
2026-09-22 11:22:00+05:30,1374.4000244140625,1374.5,1374.199951171875,1374.5,849
2026-09-22 11:23:00+05:30,1373.300048828125,1374.4000244140625,1373.0,1374.4000244140625,1692
2026-09-22 11:24:00+05:30,1373.4000244140625,1373.4000244140625,1372.9000244140625,1373.4000244140625,2072
2026-09-22 11:25:00+05:30,1373.4000244140625,1373.4000244140625,1373.199951171875,1373.4000244140625,133
2026-09-22 11:26:00+05:30,1374.0999755859375,1374.4000244140625,1373.4000244140625,1373.4000244140625,4821
2026-09-22 11:27:00+05:30,1373.5999755859375,1374.0,1373.300048828125,1374.0,1292
2026-09-22 11:28:00+05:30,1373.0,1373.5999755859375,1373.0,1373.5999755859375,479
2026-09-22 11:29:00+05:30,1372.9000244140625,1373.199951171875,1372.5,1373.199951171875,1513
2026-09-22 11:30:00+05:30,1372.800048828125,1373.0999755859375,1372.5,1372.5999755859375,3285
2026-09-22 11:31:00+05:30,1373.300048828125,1373.5999755859375,1372.5,1372.5,2892
2026-09-22 11:32:00+05:30,1373.0,1373.300048828125,1372.9000244140625,1373.300048828125,198
2026-09-22 11:33:00+05:30,1372.5,1373.0999755859375,1372.5,1373.0,461
2026-09-22 11:34:00+05:30,1372.699951171875,1372.800048828125,1372.5,1372.800048828125,128
2026-09-22 11:35:00+05:30,1372.699951171875,1372.800048828125,1372.300048828125,1372.699951171875,2784
2026-09-22 11:36:00+05:30,1373.5999755859375,1373.5999755859375,1372.800048828125,1372.800048828125,1798
2026-09-22 11:37:00+05:30,1373.300048828125,1373.5,1372.800048828125,1373.300048828125,1351
2026-09-22 11:38:00+05:30,1372.699951171875,1373.5999755859375,1372.0999755859375,1373.300048828125,298
2026-09-22 11:39:00+05:30,1372.699951171875,1372.699951171875,1372.699951171875,1372.699951171875,276
2026-09-22 11:40:00+05:30,1372.199951171875,1372.5,1371.800048828125,1372.5,1962
2026-09-22 11:41:00+05:30,1372.199951171875,1372.199951171875,1372.0999755859375,1372.199951171875,474
2026-09-22 11:42:00+05:30,1372.0999755859375,1372.199951171875,1371.800048828125,1372.199951171875,1280
2026-09-22 11:43:00+05:30,1372.199951171875,1372.199951171875,1371.9000244140625,1372.0,1954
2026-09-22 11:44:00+05:30,1372.199951171875,1372.199951171875,1372.0,1372.0999755859375,850
2026-09-22 11:45:00+05:30,1373.0999755859375,1373.9000244140625,1372.199951171875,1372.199951171875,3703
2026-09-22 11:46:00+05:30,1372.800048828125,1373.0,1372.5999755859375,1373.0,1276
2026-09-22 11:47:00+05:30,1372.699951171875,1372.800048828125,1372.5999755859375,1372.5999755859375,135
2026-09-22 11:48:00+05:30,1373.5999755859375,1373.9000244140625,1372.800048828125,1372.800048828125,3515
2026-09-22 11:49:00+05:30,1373.4000244140625,1373.800048828125,1372.9000244140625,1373.800048828125,125
2026-09-22 11:50:00+05:30,1371.5999755859375,1373.199951171875,1370.9000244140625,1373.199951171875,7860
2026-09-22 11:51:00+05:30,1371.0,1371.5,1371.0,1371.5,1209
2026-09-22 11:52:00+05:30,1371.5999755859375,1372.5,1370.699951171875,1371.0,7647
2026-09-22 11:53:00+05:30,1371.5999755859375,1372.0,1371.5,1372.0,209
2026-09-22 11:54:00+05:30,1372.4000244140625,1372.4000244140625,1371.5999755859375,1371.5999755859375,2547
2026-09-22 11:55:00+05:30,1371.5999755859375,1372.5,1371.5999755859375,1372.5,1337
2026-09-22 11:56:00+05:30,1371.0,1371.9000244140625,1369.699951171875,1371.9000244140625,40010
2026-09-22 11:57:00+05:30,1373.9000244140625,1373.9000244140625,1371.0999755859375,1371.0999755859375,7209
2026-09-22 11:58:00+05:30,1373.5,1373.800048828125,1373.0999755859375,1373.5999755859375,2161
2026-09-22 11:59:00+05:30,1374.0999755859375,1374.0999755859375,1373.199951171875,1373.199951171875,1120
2026-09-22 12:00:00+05:30,1373.5999755859375,1374.0999755859375,1373.5999755859375,1374.0999755859375,187
2026-09-22 12:01:00+05:30,1374.0,1374.300048828125,1373.5,1373.5999755859375,940
2026-09-22 12:02:00+05:30,1373.5999755859375,1374.300048828125,1373.5999755859375,1374.300048828125,1674
2026-09-22 12:03:00+05:30,1374.300048828125,1374.300048828125,1374.199951171875,1374.300048828125,688
2026-09-22 12:04:00+05:30,1374.300048828125,1374.5999755859375,1373.800048828125,1374.4000244140625,643
2026-09-22 12:05:00+05:30,1374.0,1374.4000244140625,1374.0,1374.4000244140625,59
2026-09-22 12:06:00+05:30,1374.5,1374.5,1373.9000244140625,1374.0999755859375,1237
2026-09-22 12:07:00+05:30,1375.0,1375.699951171875,1374.5,1374.5,3733
2026-09-22 12:08:00+05:30,1375.0,1375.4000244140625,1374.5999755859375,1375.0,821
2026-09-22 12:09:00+05:30,1374.300048828125,1375.0,1374.0999755859375,1375.0,438
2026-09-22 12:10:00+05:30,1374.300048828125,1377.5999755859375,1374.199951171875,1374.300048828125,5961
2026-09-22 12:11:00+05:30,1373.199951171875,1374.5999755859375,1372.5999755859375,1374.5999755859375,1130
2026-09-22 12:12:00+05:30,1372.5999755859375,1373.300048828125,1372.5999755859375,1373.300048828125,349
2026-09-22 12:13:00+05:30,1373.0999755859375,1373.199951171875,1373.0,1373.199951171875,1003
2026-09-22 12:14:00+05:30,1373.0999755859375,1373.0999755859375,1373.0,1373.0,739
2026-09-22 12:15:00+05:30,1371.9000244140625,1373.0999755859375,1371.5999755859375,1373.0999755859375,428
2026-09-22 12:16:00+05:30,1371.5999755859375,1371.9000244140625,1371.4000244140625,1371.9000244140625,650
2026-09-22 12:17:00+05:30,1372.300048828125,1372.5,1371.5,1371.699951171875,3649
2026-09-22 12:18:00+05:30,1372.4000244140625,1373.0999755859375,1371.9000244140625,1372.300048828125,1035
2026-09-22 12:19:00+05:30,1372.199951171875,1372.4000244140625,1371.800048828125,1372.4000244140625,240
2026-09-22 12:20:00+05:30,1371.800048828125,1372.0999755859375,1371.800048828125,1372.0999755859375,781
2026-09-22 12:21:00+05:30,1371.5,1371.9000244140625,1371.5,1371.9000244140625,495
2026-09-22 12:22:00+05:30,1371.5,1371.800048828125,1371.5,1371.800048828125,242
2026-09-22 12:23:00+05:30,1371.4000244140625,1371.5,1371.0999755859375,1371.4000244140625,2425
2026-09-22 12:24:00+05:30,1371.5,1371.5999755859375,1371.0999755859375,1371.5,304
2026-09-22 12:25:00+05:30,1371.800048828125,1371.9000244140625,1371.4000244140625,1371.9000244140625,521
2026-09-22 12:26:00+05:30,1370.9000244140625,1371.5,1370.9000244140625,1371.4000244140625,2261
2026-09-22 12:27:00+05:30,1370.0999755859375,1370.800048828125,1370.0999755859375,1370.5999755859375,700
2026-09-22 12:28:00+05:30,1370.199951171875,1370.300048828125,1370.0999755859375,1370.300048828125,412
2026-09-22 12:29:00+05:30,1370.0,1370.199951171875,1369.5,1370.199951171875,941
2026-09-22 12:30:00+05:30,1369.699951171875,1370.0,1369.699951171875,1370.0,636
2026-09-22 12:31:00+05:30,1369.9000244140625,1370.0,1369.9000244140625,1370.0,1071
2026-09-22 12:32:00+05:30,1370.0,1370.0,1369.699951171875,1369.9000244140625,406
2026-09-22 12:33:00+05:30,1369.699951171875,1369.800048828125,1369.5,1369.800048828125,759
2026-09-22 12:34:00+05:30,1369.699951171875,1369.699951171875,1369.300048828125,1369.5999755859375,1655
2026-09-22 12:35:00+05:30,1370.199951171875,1370.5,1369.699951171875,1369.699951171875,1854
2026-09-22 12:36:00+05:30,1369.4000244140625,1370.300048828125,1369.4000244140625,1370.300048828125,1390
2026-09-22 12:37:00+05:30,1369.4000244140625,1369.4000244140625,1369.300048828125,1369.4000244140625,616
2026-09-22 12:38:00+05:30,1369.5,1369.5,1369.199951171875,1369.199951171875,750
2026-09-22 12:39:00+05:30,1369.5,1369.5,1369.199951171875,1369.5,518
2026-09-22 12:40:00+05:30,1369.0999755859375,1369.5,1369.0999755859375,1369.4000244140625,7668
2026-09-22 12:41:00+05:30,1370.5,1370.5,1369.5,1369.5,5151
2026-09-22 12:42:00+05:30,1370.199951171875,1370.699951171875,1370.199951171875,1370.5999755859375,1917
2026-09-22 12:43:00+05:30,1370.5,1370.5,1369.300048828125,1370.0,1087
2026-09-22 12:44:00+05:30,1369.699951171875,1371.0999755859375,1369.699951171875,1370.199951171875,1232
2026-09-22 12:45:00+05:30,1369.699951171875,1370.4000244140625,1369.5999755859375,1370.0999755859375,744
2026-09-22 12:46:00+05:30,1369.5,1370.0999755859375,1369.5,1369.5999755859375,1195
2026-09-22 12:47:00+05:30,1369.5999755859375,1370.0,1369.300048828125,1369.5,818
2026-09-22 12:48:00+05:30,1369.199951171875,1369.800048828125,1369.199951171875,1369.199951171875,1970
2026-09-22 12:49:00+05:30,1369.5,1369.800048828125,1369.0,1369.300048828125,1617
2026-09-22 12:50:00+05:30,1369.300048828125,1369.800048828125,1369.0999755859375,1369.800048828125,624
2026-09-22 12:51:00+05:30,1369.4000244140625,1369.699951171875,1369.0,1369.199951171875,835
2026-09-22 12:52:00+05:30,1370.0,1370.0,1369.0999755859375,1369.0999755859375,1661
2026-09-22 12:53:00+05:30,1369.5,1370.0,1369.300048828125,1370.0,161
2026-09-22 12:54:00+05:30,1369.5999755859375,1369.800048828125,1369.0999755859375,1369.300048828125,1325
2026-09-22 12:55:00+05:30,1369.0999755859375,1370.199951171875,1369.0999755859375,1369.9000244140625,1692
2026-09-22 12:56:00+05:30,1370.4000244140625,1370.5999755859375,1369.0999755859375,1369.0999755859375,1750
2026-09-22 12:57:00+05:30,1370.4000244140625,1370.800048828125,1370.4000244140625,1370.4000244140625,590
2026-09-22 12:58:00+05:30,1371.0,1371.0,1369.699951171875,1369.699951171875,1537
2026-09-22 12:59:00+05:30,1370.5,1370.800048828125,1370.4000244140625,1370.4000244140625,142
2026-09-22 13:00:00+05:30,1369.9000244140625,1370.4000244140625,1369.9000244140625,1370.4000244140625,857
2026-09-22 13:01:00+05:30,1371.9000244140625,1371.9000244140625,1370.199951171875,1370.199951171875,3864
2026-09-22 13:02:00+05:30,1371.300048828125,1371.300048828125,1370.5999755859375,1370.9000244140625,2082
2026-09-22 13:03:00+05:30,1370.699951171875,1371.5999755859375,1370.5999755859375,1371.5999755859375,1243
2026-09-22 13:04:00+05:30,1370.699951171875,1371.5,1370.699951171875,1370.699951171875,943
2026-09-22 13:05:00+05:30,1371.0,1371.0999755859375,1370.699951171875,1370.699951171875,831
2026-09-22 13:06:00+05:30,1371.199951171875,1371.9000244140625,1371.0999755859375,1371.5,2090
2026-09-22 13:07:00+05:30,1371.5,1371.5999755859375,1371.199951171875,1371.199951171875,1309
2026-09-22 13:08:00+05:30,1371.5,1371.5,1371.300048828125,1371.4000244140625,884
2026-09-22 13:09:00+05:30,1372.0,1372.0999755859375,1371.5,1372.0999755859375,2958
2026-09-22 13:10:00+05:30,1371.9000244140625,1371.9000244140625,1371.0999755859375,1371.5999755859375,1109
2026-09-22 13:11:00+05:30,1371.300048828125,1371.5999755859375,1370.800048828125,1371.199951171875,351
2026-09-22 13:12:00+05:30,1372.0999755859375,1372.0999755859375,1371.0,1371.300048828125,1736
2026-09-22 13:13:00+05:30,1371.5999755859375,1372.0,1371.0,1371.4000244140625,434
2026-09-22 13:14:00+05:30,1370.4000244140625,1370.699951171875,1370.0999755859375,1370.4000244140625,2928
2026-09-22 13:15:00+05:30,1370.199951171875,1370.5999755859375,1369.800048828125,1370.5999755859375,784
2026-09-22 13:16:00+05:30,1370.0,1370.300048828125,1369.4000244140625,1369.699951171875,1846
2026-09-22 13:17:00+05:30,1369.300048828125,1369.800048828125,1369.300048828125,1369.5999755859375,677
2026-09-22 13:18:00+05:30,1369.300048828125,1369.800048828125,1369.199951171875,1369.699951171875,712
2026-09-22 13:19:00+05:30,1369.699951171875,1370.0,1369.5,1369.800048828125,1230
2026-09-22 13:20:00+05:30,1369.5,1369.9000244140625,1369.5,1369.699951171875,703
2026-09-22 13:21:00+05:30,1369.300048828125,1369.800048828125,1369.199951171875,1369.199951171875,773
2026-09-22 13:22:00+05:30,1369.800048828125,1370.0,1369.300048828125,1369.300048828125,519
2026-09-22 13:23:00+05:30,1369.4000244140625,1370.300048828125,1369.4000244140625,1370.0,2135
2026-09-22 13:24:00+05:30,1369.300048828125,1369.800048828125,1369.300048828125,1369.800048828125,429
2026-09-22 13:25:00+05:30,1369.300048828125,1369.699951171875,1369.0999755859375,1369.300048828125,286
2026-09-22 13:26:00+05:30,1369.300048828125,1369.9000244140625,1369.0,1369.0999755859375,1015
2026-09-22 13:27:00+05:30,1369.300048828125,1369.5,1369.0,1369.0,380
2026-09-22 13:28:00+05:30,1369.0,1369.5,1369.0,1369.300048828125,1114
2026-09-22 13:29:00+05:30,1369.0,1369.199951171875,1369.0,1369.0,716
2026-09-22 13:30:00+05:30,1369.0,1369.199951171875,1369.0,1369.0,214
2026-09-22 13:31:00+05:30,1369.0999755859375,1369.0999755859375,1368.699951171875,1369.0,1760
2026-09-22 13:32:00+05:30,1368.9000244140625,1369.199951171875,1368.800048828125,1368.9000244140625,218
2026-09-22 13:33:00+05:30,1368.9000244140625,1369.300048828125,1368.9000244140625,1369.199951171875,298
2026-09-22 13:34:00+05:30,1369.4000244140625,1369.4000244140625,1368.9000244140625,1369.199951171875,1224
2026-09-22 13:35:00+05:30,1369.0999755859375,1369.300048828125,1368.5999755859375,1369.0,585
2026-09-22 13:36:00+05:30,1368.9000244140625,1369.0999755859375,1368.300048828125,1369.0999755859375,161
2026-09-22 13:37:00+05:30,1368.5,1368.9000244140625,1368.5,1368.9000244140625,159
2026-09-22 13:38:00+05:30,1368.800048828125,1368.800048828125,1368.0,1368.4000244140625,789
2026-09-22 13:39:00+05:30,1369.5999755859375,1369.5999755859375,1368.800048828125,1369.0999755859375,6150
2026-09-22 13:40:00+05:30,1369.199951171875,1369.5,1368.9000244140625,1369.5,617
2026-09-22 13:41:00+05:30,1368.800048828125,1369.199951171875,1368.699951171875,1369.199951171875,224
2026-09-22 13:42:00+05:30,1369.699951171875,1370.300048828125,1368.4000244140625,1368.699951171875,2666
2026-09-22 13:43:00+05:30,1368.9000244140625,1369.5,1368.300048828125,1369.5,526
2026-09-22 13:44:00+05:30,1368.5999755859375,1368.699951171875,1368.0999755859375,1368.0999755859375,500
2026-09-22 13:45:00+05:30,1368.199951171875,1368.5,1368.0999755859375,1368.5,470
2026-09-22 13:46:00+05:30,1368.0999755859375,1368.300048828125,1368.0999755859375,1368.199951171875,959
2026-09-22 13:47:00+05:30,1368.0,1368.199951171875,1368.0,1368.0999755859375,269
2026-09-22 13:48:00+05:30,1368.699951171875,1368.800048828125,1367.800048828125,1368.0,2647
2026-09-22 13:49:00+05:30,1368.5,1368.5999755859375,1368.5,1368.5999755859375,132
2026-09-22 13:50:00+05:30,1368.0,1368.5999755859375,1368.0,1368.5999755859375,835
2026-09-22 13:51:00+05:30,1367.800048828125,1368.300048828125,1367.0,1368.300048828125,922
2026-09-22 13:52:00+05:30,1367.5999755859375,1367.800048828125,1367.5,1367.800048828125,796
2026-09-22 13:53:00+05:30,1368.199951171875,1368.9000244140625,1367.9000244140625,1367.9000244140625,2258
2026-09-22 13:54:00+05:30,1368.800048828125,1368.800048828125,1367.5,1367.5,585
2026-09-22 13:55:00+05:30,1368.5999755859375,1369.0,1368.199951171875,1368.9000244140625,244
2026-09-22 13:56:00+05:30,1369.300048828125,1369.300048828125,1368.5,1368.5,1439
2026-09-22 13:57:00+05:30,1368.300048828125,1368.800048828125,1368.0999755859375,1368.800048828125,255
2026-09-22 13:58:00+05:30,1368.300048828125,1368.300048828125,1367.699951171875,1367.800048828125,277
2026-09-22 13:59:00+05:30,1368.199951171875,1368.4000244140625,1367.5,1367.699951171875,1189
2026-09-22 14:00:00+05:30,1366.4000244140625,1367.9000244140625,1366.4000244140625,1367.800048828125,968
2026-09-22 14:01:00+05:30,1366.5999755859375,1367.4000244140625,1366.5,1366.5,1268
2026-09-22 14:02:00+05:30,1367.0,1367.0,1366.699951171875,1366.699951171875,465
2026-09-22 14:03:00+05:30,1366.800048828125,1367.5,1366.800048828125,1367.0999755859375,517
2026-09-22 14:04:00+05:30,1367.4000244140625,1367.4000244140625,1366.5999755859375,1366.5999755859375,328
2026-09-22 14:05:00+05:30,1366.9000244140625,1368.5,1366.699951171875,1367.4000244140625,886
2026-09-22 14:06:00+05:30,1367.699951171875,1367.800048828125,1366.9000244140625,1367.4000244140625,471
2026-09-22 14:07:00+05:30,1368.0,1368.0,1367.199951171875,1367.699951171875,674
2026-09-22 14:08:00+05:30,1367.5999755859375,1367.800048828125,1367.199951171875,1367.5,588
2026-09-22 14:09:00+05:30,1367.800048828125,1367.9000244140625,1367.300048828125,1367.4000244140625,1575
2026-09-22 14:10:00+05:30,1367.5,1367.9000244140625,1367.5,1367.5999755859375,637
2026-09-22 14:11:00+05:30,1367.5999755859375,1367.5999755859375,1367.199951171875,1367.199951171875,1741
2026-09-22 14:12:00+05:30,1368.5,1368.699951171875,1367.800048828125,1367.800048828125,2765
2026-09-22 14:13:00+05:30,1368.699951171875,1368.800048828125,1368.199951171875,1368.800048828125,1630
2026-09-22 14:14:00+05:30,1370.0,1370.0,1368.5,1368.699951171875,1479
2026-09-22 14:15:00+05:30,1369.0999755859375,1371.199951171875,1369.0999755859375,1370.699951171875,5003
2026-09-22 14:16:00+05:30,1370.0,1370.0,1368.699951171875,1369.0,3206
2026-09-22 14:17:00+05:30,1370.0,1370.199951171875,1369.300048828125,1370.0999755859375,1607
2026-09-22 14:18:00+05:30,1369.5,1370.5999755859375,1369.300048828125,1370.5,1969
2026-09-22 14:19:00+05:30,1370.300048828125,1370.300048828125,1369.4000244140625,1369.5999755859375,1281
2026-09-22 14:20:00+05:30,1370.699951171875,1371.0,1369.9000244140625,1369.9000244140625,1237
2026-09-22 14:21:00+05:30,1370.699951171875,1371.0999755859375,1370.4000244140625,1370.699951171875,1295
2026-09-22 14:22:00+05:30,1370.800048828125,1371.4000244140625,1370.4000244140625,1370.4000244140625,2921
2026-09-22 14:23:00+05:30,1371.5,1371.5,1370.800048828125,1370.9000244140625,2911
2026-09-22 14:24:00+05:30,1370.300048828125,1371.4000244140625,1369.9000244140625,1370.800048828125,2687
2026-09-22 14:25:00+05:30,1371.300048828125,1371.300048828125,1369.5,1369.5,4955
2026-09-22 14:26:00+05:30,1370.4000244140625,1371.300048828125,1370.0999755859375,1371.300048828125,1056
2026-09-22 14:27:00+05:30,1370.4000244140625,1371.0,1370.4000244140625,1370.4000244140625,1346
2026-09-22 14:28:00+05:30,1370.699951171875,1370.699951171875,1370.4000244140625,1370.4000244140625,615
2026-09-22 14:29:00+05:30,1370.5,1370.699951171875,1370.199951171875,1370.699951171875,2236
2026-09-22 14:30:00+05:30,1371.0999755859375,1371.800048828125,1371.0,1371.800048828125,3701
2026-09-22 14:31:00+05:30,1371.4000244140625,1371.5,1371.0999755859375,1371.300048828125,976
2026-09-22 14:32:00+05:30,1370.800048828125,1371.5,1370.800048828125,1371.4000244140625,1994
2026-09-22 14:33:00+05:30,1370.199951171875,1370.5999755859375,1370.0,1370.5999755859375,1683
2026-09-22 14:34:00+05:30,1368.800048828125,1369.5999755859375,1368.699951171875,1369.5,2194
2026-09-22 14:35:00+05:30,1369.300048828125,1369.4000244140625,1369.300048828125,1369.4000244140625,2185
2026-09-22 14:36:00+05:30,1369.300048828125,1369.300048828125,1368.800048828125,1369.199951171875,2381
2026-09-22 14:37:00+05:30,1368.300048828125,1369.0,1368.0,1368.9000244140625,277
2026-09-22 14:38:00+05:30,1368.0,1369.5,1368.0,1369.0,5154
2026-09-22 14:39:00+05:30,1367.199951171875,1368.4000244140625,1367.199951171875,1368.0,673
2026-09-22 14:40:00+05:30,1367.699951171875,1368.5999755859375,1367.0999755859375,1367.5,4452
2026-09-22 14:41:00+05:30,1367.0999755859375,1368.0999755859375,1367.0,1368.0999755859375,877
2026-09-22 14:42:00+05:30,1366.9000244140625,1367.0999755859375,1365.5,1367.0,4192
2026-09-22 14:43:00+05:30,1366.5,1366.800048828125,1366.300048828125,1366.5,1151
2026-09-22 14:44:00+05:30,1367.0999755859375,1367.0999755859375,1366.0999755859375,1366.4000244140625,6544
2026-09-22 14:45:00+05:30,1367.5999755859375,1367.699951171875,1366.5999755859375,1366.5999755859375,3072
2026-09-22 14:46:00+05:30,1366.800048828125,1367.4000244140625,1366.5999755859375,1367.4000244140625,671
2026-09-22 14:47:00+05:30,1366.5,1367.0,1366.0999755859375,1367.0,1233
2026-09-22 14:48:00+05:30,1366.300048828125,1366.5,1366.199951171875,1366.5,1890
2026-09-22 14:49:00+05:30,1366.0,1366.5,1366.0,1366.300048828125,2954
2026-09-22 14:50:00+05:30,1367.0,1367.0,1366.0,1366.0,3441
2026-09-22 14:51:00+05:30,1366.199951171875,1366.9000244140625,1366.0,1366.699951171875,1708
2026-09-22 14:52:00+05:30,1366.199951171875,1366.4000244140625,1365.5,1366.0999755859375,5094
2026-09-22 14:53:00+05:30,1365.800048828125,1366.4000244140625,1365.699951171875,1366.4000244140625,2165
2026-09-22 14:54:00+05:30,1366.0999755859375,1366.4000244140625,1365.5,1365.5999755859375,4929
2026-09-22 14:55:00+05:30,1366.4000244140625,1366.699951171875,1365.699951171875,1366.0,4835
2026-09-22 14:56:00+05:30,1365.9000244140625,1366.0999755859375,1365.699951171875,1365.9000244140625,2445
2026-09-22 14:57:00+05:30,1366.4000244140625,1366.4000244140625,1365.800048828125,1365.800048828125,5703
2026-09-22 14:58:00+05:30,1366.0,1366.199951171875,1365.9000244140625,1366.199951171875,961
2026-09-22 14:59:00+05:30,1366.699951171875,1366.699951171875,1365.800048828125,1365.800048828125,10481
2026-09-22 15:00:00+05:30,1366.699951171875,1366.699951171875,1366.5,1366.5,4070
2026-09-22 15:01:00+05:30,1367.4000244140625,1367.5999755859375,1366.5999755859375,1366.5999755859375,6649
2026-09-22 15:02:00+05:30,1366.699951171875,1367.0,1366.699951171875,1367.0,2963
2026-09-22 15:03:00+05:30,1366.699951171875,1366.800048828125,1366.4000244140625,1366.699951171875,3372
2026-09-22 15:04:00+05:30,1366.5999755859375,1366.800048828125,1366.5,1366.699951171875,4403
2026-09-22 15:05:00+05:30,1366.800048828125,1366.800048828125,1366.300048828125,1366.4000244140625,12260
2026-09-22 15:06:00+05:30,1366.699951171875,1366.800048828125,1366.4000244140625,1366.800048828125,6463
2026-09-22 15:07:00+05:30,1366.5999755859375,1367.0,1366.5,1367.0,5280
2026-09-22 15:08:00+05:30,1367.199951171875,1367.199951171875,1366.5,1366.5999755859375,4393
2026-09-22 15:09:00+05:30,1367.300048828125,1367.300048828125,1366.5999755859375,1367.0999755859375,8511
2026-09-22 15:10:00+05:30,1367.4000244140625,1367.5999755859375,1367.199951171875,1367.199951171875,15707
2026-09-22 15:11:00+05:30,1367.800048828125,1368.0,1367.5,1367.699951171875,3997
2026-09-22 15:12:00+05:30,1367.9000244140625,1367.9000244140625,1367.0999755859375,1367.300048828125,15660
2026-09-22 15:13:00+05:30,1367.4000244140625,1367.699951171875,1367.4000244140625,1367.699951171875,5230
2026-09-22 15:14:00+05:30,1366.699951171875,1367.4000244140625,1366.5999755859375,1367.4000244140625,6595
2026-09-22 15:15:00+05:30,1363.9000244140625,1366.199951171875,1363.9000244140625,1366.199951171875,85494
2026-09-23 09:15:00+05:30,1367.300048828125,1372.5999755859375,1366.5999755859375,1371.5999755859375,0
2026-09-23 09:16:00+05:30,1367.300048828125,1367.300048828125,1365.800048828125,1365.800048828125,3554
2026-09-23 09:17:00+05:30,1368.300048828125,1368.9000244140625,1367.9000244140625,1367.9000244140625,2549
2026-09-23 09:18:00+05:30,1368.9000244140625,1368.9000244140625,1368.0,1368.4000244140625,1911
2026-09-23 09:19:00+05:30,1370.0999755859375,1370.0999755859375,1368.9000244140625,1368.9000244140625,1188
2026-09-23 09:20:00+05:30,1370.5999755859375,1370.5999755859375,1370.0999755859375,1370.0999755859375,903
2026-09-23 09:21:00+05:30,1371.5999755859375,1371.699951171875,1370.5,1370.5,644
2026-09-23 09:22:00+05:30,1370.9000244140625,1371.699951171875,1370.9000244140625,1371.699951171875,1147
2026-09-23 09:23:00+05:30,1370.9000244140625,1371.5,1369.699951171875,1371.199951171875,3382
2026-09-23 09:24:00+05:30,1370.199951171875,1370.9000244140625,1370.0999755859375,1370.9000244140625,356
2026-09-23 09:25:00+05:30,1369.9000244140625,1370.5999755859375,1369.699951171875,1370.4000244140625,594
2026-09-23 09:26:00+05:30,1370.5,1370.800048828125,1369.4000244140625,1369.4000244140625,2563
2026-09-23 09:27:00+05:30,1367.9000244140625,1370.4000244140625,1367.9000244140625,1370.300048828125,1398
2026-09-23 09:28:00+05:30,1368.300048828125,1368.4000244140625,1367.9000244140625,1367.9000244140625,1462
2026-09-23 09:29:00+05:30,1368.0,1368.5999755859375,1367.9000244140625,1368.5,600
2026-09-23 09:30:00+05:30,1368.4000244140625,1368.5999755859375,1368.199951171875,1368.199951171875,306
2026-09-23 09:31:00+05:30,1366.4000244140625,1368.0,1365.699951171875,1368.0,1019
2026-09-23 09:32:00+05:30,1364.800048828125,1366.4000244140625,1364.5,1366.4000244140625,2956
2026-09-23 09:33:00+05:30,1364.4000244140625,1364.800048828125,1363.800048828125,1364.800048828125,1086
2026-09-23 09:34:00+05:30,1362.300048828125,1364.4000244140625,1362.300048828125,1364.4000244140625,2940
2026-09-23 09:35:00+05:30,1362.0,1362.5,1361.9000244140625,1362.5,1233
2026-09-23 09:36:00+05:30,1363.4000244140625,1363.4000244140625,1362.0,1362.0999755859375,2066
2026-09-23 09:37:00+05:30,1364.4000244140625,1364.4000244140625,1363.4000244140625,1363.9000244140625,1142
2026-09-23 09:38:00+05:30,1365.0,1365.4000244140625,1364.0,1364.4000244140625,560
2026-09-23 09:39:00+05:30,1365.0999755859375,1365.4000244140625,1364.4000244140625,1365.4000244140625,1509
2026-09-23 09:40:00+05:30,1365.699951171875,1365.9000244140625,1365.0999755859375,1365.699951171875,973
2026-09-23 09:41:00+05:30,1365.9000244140625,1365.9000244140625,1365.800048828125,1365.800048828125,831
2026-09-23 09:42:00+05:30,1365.9000244140625,1365.9000244140625,1365.800048828125,1365.9000244140625,457
2026-09-23 09:43:00+05:30,1366.699951171875,1366.9000244140625,1365.9000244140625,1365.9000244140625,1036
2026-09-23 09:44:00+05:30,1366.800048828125,1366.800048828125,1366.4000244140625,1366.699951171875,963
2026-09-23 09:45:00+05:30,1367.199951171875,1367.300048828125,1366.5,1366.800048828125,671
2026-09-23 09:46:00+05:30,1370.5999755859375,1370.5999755859375,1367.300048828125,1367.300048828125,4219
2026-09-23 09:47:00+05:30,1373.5,1374.0999755859375,1370.9000244140625,1371.699951171875,5981
2026-09-23 09:48:00+05:30,1373.4000244140625,1374.300048828125,1372.9000244140625,1373.5999755859375,2511
2026-09-23 09:49:00+05:30,1373.5,1373.800048828125,1372.800048828125,1373.4000244140625,1586
2026-09-23 09:50:00+05:30,1375.5,1375.5,1373.5,1373.5,7137
2026-09-23 09:51:00+05:30,1377.0999755859375,1378.300048828125,1375.800048828125,1375.800048828125,3183
2026-09-23 09:52:00+05:30,1377.800048828125,1378.0999755859375,1376.5999755859375,1377.0999755859375,1570
2026-09-23 09:53:00+05:30,1378.199951171875,1378.199951171875,1377.300048828125,1377.5999755859375,3626
2026-09-23 09:54:00+05:30,1378.699951171875,1378.699951171875,1378.0999755859375,1378.5,2755
2026-09-23 09:55:00+05:30,1380.4000244140625,1382.0,1379.199951171875,1379.199951171875,10071
2026-09-23 09:56:00+05:30,1376.5,1380.9000244140625,1376.300048828125,1380.0,4542
2026-09-23 09:57:00+05:30,1377.0,1377.0999755859375,1376.0,1376.5,1217
2026-09-23 09:58:00+05:30,1377.300048828125,1377.4000244140625,1376.800048828125,1377.0,648
2026-09-23 09:59:00+05:30,1378.5999755859375,1378.699951171875,1377.4000244140625,1377.4000244140625,1537
2026-09-23 10:00:00+05:30,1378.699951171875,1379.0,1378.0999755859375,1378.5999755859375,706
2026-09-23 10:01:00+05:30,1377.4000244140625,1378.5,1377.4000244140625,1378.0999755859375,1383
2026-09-23 10:02:00+05:30,1377.5,1377.5999755859375,1377.0,1377.4000244140625,853
2026-09-23 10:03:00+05:30,1377.4000244140625,1377.5,1377.300048828125,1377.5,629
2026-09-23 10:04:00+05:30,1377.0999755859375,1378.300048828125,1377.0999755859375,1377.4000244140625,1707
2026-09-23 10:05:00+05:30,1377.0,1377.0,1376.699951171875,1377.0,675
2026-09-23 10:06:00+05:30,1377.0999755859375,1377.0999755859375,1377.0,1377.0,922
2026-09-23 10:07:00+05:30,1377.0999755859375,1377.0999755859375,1376.699951171875,1377.0999755859375,684
2026-09-23 10:08:00+05:30,1377.0999755859375,1377.0999755859375,1377.0,1377.0,581
2026-09-23 10:09:00+05:30,1376.5999755859375,1377.0999755859375,1376.4000244140625,1377.0999755859375,945
2026-09-23 10:10:00+05:30,1376.0999755859375,1376.5999755859375,1376.0,1376.5,1046
2026-09-23 10:11:00+05:30,1375.9000244140625,1375.9000244140625,1375.199951171875,1375.9000244140625,1639
2026-09-23 10:12:00+05:30,1376.0,1376.0,1375.199951171875,1375.4000244140625,708
2026-09-23 10:13:00+05:30,1376.300048828125,1376.300048828125,1375.9000244140625,1376.0,405
2026-09-23 10:14:00+05:30,1376.5,1376.699951171875,1376.300048828125,1376.300048828125,1503
2026-09-23 10:15:00+05:30,1377.9000244140625,1377.9000244140625,1376.199951171875,1376.800048828125,1376
2026-09-23 10:16:00+05:30,1378.300048828125,1379.5,1377.699951171875,1377.9000244140625,2211
2026-09-23 10:17:00+05:30,1378.9000244140625,1379.0,1378.300048828125,1378.699951171875,410
2026-09-23 10:18:00+05:30,1378.699951171875,1379.4000244140625,1378.0999755859375,1379.0,1064
2026-09-23 10:19:00+05:30,1378.0999755859375,1378.699951171875,1378.0,1378.699951171875,312
2026-09-23 10:20:00+05:30,1379.0,1379.199951171875,1378.699951171875,1378.699951171875,1176
2026-09-23 10:21:00+05:30,1379.5,1379.5,1378.5999755859375,1379.0,575
2026-09-23 10:22:00+05:30,1379.9000244140625,1379.9000244140625,1379.4000244140625,1379.4000244140625,774
2026-09-23 10:23:00+05:30,1380.5,1380.5,1379.9000244140625,1379.9000244140625,1195
2026-09-23 10:24:00+05:30,1380.300048828125,1380.5999755859375,1379.800048828125,1380.5,738
2026-09-23 10:25:00+05:30,1379.0,1380.0999755859375,1378.699951171875,1379.800048828125,1283
2026-09-23 10:26:00+05:30,1379.0,1379.0,1378.699951171875,1379.0,303
2026-09-23 10:27:00+05:30,1378.800048828125,1379.0,1378.4000244140625,1379.0,592
2026-09-23 10:28:00+05:30,1378.5,1378.800048828125,1378.199951171875,1378.800048828125,643
2026-09-23 10:29:00+05:30,1378.4000244140625,1378.5,1378.0,1378.5,492
2026-09-23 10:30:00+05:30,1378.5,1378.5,1378.4000244140625,1378.4000244140625,876
2026-09-23 10:31:00+05:30,1379.0,1379.0,1378.5,1378.5,923
2026-09-23 10:32:00+05:30,1379.0,1379.0,1378.800048828125,1379.0,439
2026-09-23 10:33:00+05:30,1380.0999755859375,1380.0999755859375,1379.0,1379.0,1018
2026-09-23 10:34:00+05:30,1379.9000244140625,1380.300048828125,1379.4000244140625,1379.9000244140625,1123
2026-09-23 10:35:00+05:30,1380.5999755859375,1380.800048828125,1379.300048828125,1379.9000244140625,3110
2026-09-23 10:36:00+05:30,1380.5999755859375,1380.5999755859375,1380.0999755859375,1380.5999755859375,845
2026-09-23 10:37:00+05:30,1380.5999755859375,1380.5999755859375,1380.199951171875,1380.5999755859375,426
2026-09-23 10:38:00+05:30,1381.199951171875,1381.199951171875,1380.699951171875,1380.9000244140625,1374
2026-09-23 10:39:00+05:30,1381.0,1381.4000244140625,1380.5,1380.699951171875,573
2026-09-23 10:40:00+05:30,1380.699951171875,1381.0,1380.0,1381.0,2525
2026-09-23 10:41:00+05:30,1381.5999755859375,1381.5999755859375,1380.199951171875,1380.199951171875,2645
2026-09-23 10:42:00+05:30,1382.5999755859375,1383.0,1381.4000244140625,1381.4000244140625,2069
2026-09-23 10:43:00+05:30,1381.800048828125,1383.0,1381.699951171875,1382.9000244140625,1033
2026-09-23 10:44:00+05:30,1381.4000244140625,1381.800048828125,1380.300048828125,1381.800048828125,1007
2026-09-23 10:45:00+05:30,1382.0,1383.0,1381.4000244140625,1381.4000244140625,2077
2026-09-23 10:46:00+05:30,1382.4000244140625,1382.9000244140625,1382.0,1382.0,2223
2026-09-23 10:47:00+05:30,1382.9000244140625,1382.9000244140625,1381.9000244140625,1382.4000244140625,808
2026-09-23 10:48:00+05:30,1382.199951171875,1382.9000244140625,1382.199951171875,1382.9000244140625,691
2026-09-23 10:49:00+05:30,1381.5,1382.5999755859375,1381.5,1382.5999755859375,1258
2026-09-23 10:50:00+05:30,1380.699951171875,1381.5,1380.699951171875,1381.5,531
2026-09-23 10:51:00+05:30,1381.0999755859375,1381.0999755859375,1380.5999755859375,1381.0999755859375,663
2026-09-23 10:52:00+05:30,1381.199951171875,1381.199951171875,1380.4000244140625,1381.0999755859375,1668
2026-09-23 10:53:00+05:30,1381.5,1381.5,1381.0,1381.0,357
2026-09-23 10:54:00+05:30,1380.199951171875,1381.5,1380.199951171875,1381.5,2300
2026-09-23 10:55:00+05:30,1383.0,1383.0,1379.0999755859375,1380.5,6365
2026-09-23 10:56:00+05:30,1383.300048828125,1384.199951171875,1382.699951171875,1383.0,3576
2026-09-23 10:57:00+05:30,1382.800048828125,1383.199951171875,1382.300048828125,1383.0,1207
2026-09-23 10:58:00+05:30,1382.9000244140625,1382.9000244140625,1382.300048828125,1382.800048828125,633
2026-09-23 10:59:00+05:30,1382.0,1382.9000244140625,1381.199951171875,1382.9000244140625,1664
2026-09-23 11:00:00+05:30,1382.0,1382.5,1381.800048828125,1382.4000244140625,871
2026-09-23 11:01:00+05:30,1381.9000244140625,1382.9000244140625,1381.800048828125,1382.9000244140625,3289
2026-09-23 11:02:00+05:30,1382.5,1382.5,1381.9000244140625,1381.9000244140625,368
2026-09-23 11:03:00+05:30,1382.5,1382.5,1382.0,1382.5,1060
2026-09-23 11:04:00+05:30,1383.0,1383.0,1382.0999755859375,1382.0999755859375,1367
2026-09-23 11:05:00+05:30,1383.199951171875,1383.5,1382.5,1383.0,959
2026-09-23 11:06:00+05:30,1383.300048828125,1384.0999755859375,1383.199951171875,1383.199951171875,1643
2026-09-23 11:07:00+05:30,1382.9000244140625,1383.9000244140625,1382.5999755859375,1383.9000244140625,690
2026-09-23 11:08:00+05:30,1382.5,1382.5,1382.0999755859375,1382.4000244140625,349
2026-09-23 11:09:00+05:30,1382.0,1382.5,1381.9000244140625,1382.5,321
2026-09-23 11:10:00+05:30,1382.0,1382.5,1382.0,1382.5,363
2026-09-23 11:11:00+05:30,1382.9000244140625,1382.9000244140625,1382.0,1382.0,808
2026-09-23 11:12:00+05:30,1382.699951171875,1382.9000244140625,1382.5,1382.9000244140625,365
2026-09-23 11:13:00+05:30,1382.800048828125,1382.800048828125,1382.5,1382.699951171875,544
2026-09-23 11:14:00+05:30,1382.199951171875,1383.0999755859375,1382.199951171875,1382.699951171875,2855
2026-09-23 11:15:00+05:30,1381.9000244140625,1382.5,1381.9000244140625,1382.5,1714
2026-09-23 11:16:00+05:30,1382.0,1382.0999755859375,1381.5999755859375,1381.9000244140625,589
2026-09-23 11:17:00+05:30,1382.0,1382.5,1381.699951171875,1382.0,1588
2026-09-23 11:18:00+05:30,1382.0,1382.0,1381.699951171875,1382.0,456
2026-09-23 11:19:00+05:30,1381.699951171875,1382.0,1381.699951171875,1382.0,290
2026-09-23 11:20:00+05:30,1381.699951171875,1381.9000244140625,1381.699951171875,1381.9000244140625,550
2026-09-23 11:21:00+05:30,1381.4000244140625,1382.0,1381.0,1381.800048828125,3093
2026-09-23 11:22:00+05:30,1380.9000244140625,1381.300048828125,1380.9000244140625,1381.0999755859375,616
2026-09-23 11:23:00+05:30,1380.5999755859375,1381.0,1380.5999755859375,1381.0,284
2026-09-23 11:24:00+05:30,1380.699951171875,1380.9000244140625,1380.4000244140625,1380.5999755859375,791
2026-09-23 11:25:00+05:30,1380.4000244140625,1380.699951171875,1380.300048828125,1380.699951171875,442
2026-09-23 11:26:00+05:30,1380.4000244140625,1380.699951171875,1380.4000244140625,1380.699951171875,382
2026-09-23 11:27:00+05:30,1380.4000244140625,1380.699951171875,1380.4000244140625,1380.699951171875,521
2026-09-23 11:28:00+05:30,1380.5,1380.699951171875,1380.300048828125,1380.699951171875,609
2026-09-23 11:29:00+05:30,1380.800048828125,1380.800048828125,1380.5,1380.699951171875,898
2026-09-23 11:30:00+05:30,1380.9000244140625,1381.0999755859375,1380.5,1380.5,873
2026-09-23 11:31:00+05:30,1381.0999755859375,1381.300048828125,1380.9000244140625,1381.0,588
2026-09-23 11:32:00+05:30,1382.0,1382.300048828125,1381.0999755859375,1381.5,1090
2026-09-23 11:33:00+05:30,1381.5,1382.0,1381.5,1382.0,4047
2026-09-23 11:34:00+05:30,1381.300048828125,1381.699951171875,1381.300048828125,1381.699951171875,968
2026-09-23 11:35:00+05:30,1380.9000244140625,1381.4000244140625,1380.5999755859375,1381.4000244140625,852
2026-09-23 11:36:00+05:30,1380.5,1381.0999755859375,1380.5,1380.9000244140625,283
2026-09-23 11:37:00+05:30,1380.9000244140625,1381.199951171875,1380.5,1380.699951171875,1558
2026-09-23 11:38:00+05:30,1380.800048828125,1381.199951171875,1380.699951171875,1381.199951171875,233
2026-09-23 11:39:00+05:30,1381.0999755859375,1381.199951171875,1380.800048828125,1381.199951171875,369
2026-09-23 11:40:00+05:30,1377.9000244140625,1381.699951171875,1377.9000244140625,1381.699951171875,25286
2026-09-23 11:41:00+05:30,1379.5999755859375,1380.0999755859375,1377.199951171875,1377.199951171875,28837
2026-09-23 11:42:00+05:30,1376.800048828125,1379.5999755859375,1376.199951171875,1379.5999755859375,3193
2026-09-23 11:43:00+05:30,1378.300048828125,1379.0999755859375,1376.800048828125,1376.800048828125,1637
2026-09-23 11:44:00+05:30,1378.199951171875,1378.800048828125,1378.0,1378.300048828125,902
2026-09-23 11:45:00+05:30,1378.699951171875,1378.9000244140625,1378.300048828125,1378.699951171875,552
2026-09-23 11:46:00+05:30,1379.5,1379.699951171875,1378.300048828125,1378.699951171875,1610
2026-09-23 11:47:00+05:30,1379.699951171875,1379.9000244140625,1379.300048828125,1379.800048828125,740
2026-09-23 11:48:00+05:30,1379.4000244140625,1379.699951171875,1379.0,1379.199951171875,461
2026-09-23 11:49:00+05:30,1379.699951171875,1380.199951171875,1379.699951171875,1379.699951171875,781
2026-09-23 11:50:00+05:30,1379.300048828125,1380.0,1379.0,1380.0,1405
2026-09-23 11:51:00+05:30,1378.4000244140625,1379.4000244140625,1378.0999755859375,1378.0999755859375,1780
2026-09-23 11:52:00+05:30,1378.800048828125,1379.199951171875,1378.5,1378.9000244140625,1251
2026-09-23 11:53:00+05:30,1378.800048828125,1379.0999755859375,1378.800048828125,1378.800048828125,284
2026-09-23 11:54:00+05:30,1378.800048828125,1379.0,1378.5999755859375,1379.0,744
2026-09-23 11:55:00+05:30,1378.800048828125,1378.800048828125,1378.5,1378.800048828125,620
2026-09-23 11:56:00+05:30,1378.5,1378.800048828125,1378.5,1378.800048828125,692
2026-09-23 11:57:00+05:30,1378.300048828125,1378.9000244140625,1378.300048828125,1378.800048828125,850
2026-09-23 11:58:00+05:30,1377.4000244140625,1378.800048828125,1377.4000244140625,1378.699951171875,3368
2026-09-23 11:59:00+05:30,1378.5999755859375,1378.5999755859375,1377.9000244140625,1378.300048828125,554
2026-09-23 12:00:00+05:30,1378.5,1378.9000244140625,1378.5,1378.699951171875,792
2026-09-23 12:01:00+05:30,1379.0,1379.5,1378.5,1378.699951171875,1029
2026-09-23 12:02:00+05:30,1379.5999755859375,1379.5999755859375,1379.0,1379.0,2564
2026-09-23 12:03:00+05:30,1379.9000244140625,1380.199951171875,1379.800048828125,1380.0,1631
2026-09-23 12:04:00+05:30,1380.4000244140625,1380.5,1380.0,1380.5,497
2026-09-23 12:05:00+05:30,1380.0,1380.4000244140625,1380.0,1380.4000244140625,496
2026-09-23 12:06:00+05:30,1380.699951171875,1380.699951171875,1380.0999755859375,1380.199951171875,1148
2026-09-23 12:07:00+05:30,1381.5,1381.5,1381.199951171875,1381.199951171875,1761
2026-09-23 12:08:00+05:30,1381.4000244140625,1381.5,1381.199951171875,1381.5,349
2026-09-23 12:09:00+05:30,1381.300048828125,1381.5,1381.300048828125,1381.4000244140625,962
2026-09-23 12:10:00+05:30,1380.300048828125,1381.5,1380.199951171875,1381.4000244140625,7467
2026-09-23 12:11:00+05:30,1380.5,1381.199951171875,1380.5,1381.0,648
2026-09-23 12:12:00+05:30,1380.5,1381.0,1380.5,1381.0,504
2026-09-23 12:13:00+05:30,1380.800048828125,1381.0,1380.4000244140625,1381.0,191
2026-09-23 12:14:00+05:30,1380.4000244140625,1380.800048828125,1380.4000244140625,1380.800048828125,376
2026-09-23 12:15:00+05:30,1380.4000244140625,1380.800048828125,1380.4000244140625,1380.5,1134
2026-09-23 12:16:00+05:30,1380.4000244140625,1380.800048828125,1380.4000244140625,1380.800048828125,320
2026-09-23 12:17:00+05:30,1380.800048828125,1380.800048828125,1380.5,1380.699951171875,194
2026-09-23 12:18:00+05:30,1380.800048828125,1380.800048828125,1380.4000244140625,1380.800048828125,518
2026-09-23 12:19:00+05:30,1383.5999755859375,1383.5999755859375,1380.800048828125,1380.800048828125,8410
2026-09-23 12:20:00+05:30,1384.0999755859375,1384.9000244140625,1383.9000244140625,1383.9000244140625,3772
2026-09-23 12:21:00+05:30,1384.0999755859375,1384.5999755859375,1384.0999755859375,1384.199951171875,654
2026-09-23 12:22:00+05:30,1384.5999755859375,1384.699951171875,1384.0,1384.5,899
2026-09-23 12:23:00+05:30,1384.199951171875,1384.5999755859375,1384.0,1384.0999755859375,1238
2026-09-23 12:24:00+05:30,1384.199951171875,1384.800048828125,1384.199951171875,1384.699951171875,979
2026-09-23 12:25:00+05:30,1383.800048828125,1384.699951171875,1383.800048828125,1384.699951171875,4458
2026-09-23 12:26:00+05:30,1384.199951171875,1384.5,1384.0,1384.300048828125,1179
2026-09-23 12:27:00+05:30,1384.5,1384.699951171875,1384.0,1384.699951171875,673
2026-09-23 12:28:00+05:30,1384.0,1384.5999755859375,1384.0,1384.5,513
2026-09-23 12:29:00+05:30,1383.199951171875,1384.4000244140625,1383.199951171875,1384.4000244140625,1037
2026-09-23 12:30:00+05:30,1383.300048828125,1383.699951171875,1383.0999755859375,1383.699951171875,789
2026-09-23 12:31:00+05:30,1383.5999755859375,1384.0,1383.199951171875,1383.699951171875,748
2026-09-23 12:32:00+05:30,1383.4000244140625,1384.0,1383.300048828125,1383.699951171875,647
2026-09-23 12:33:00+05:30,1383.9000244140625,1384.0,1383.300048828125,1383.4000244140625,869
2026-09-23 12:34:00+05:30,1383.199951171875,1384.0,1383.199951171875,1383.9000244140625,659
2026-09-23 12:35:00+05:30,1383.9000244140625,1383.9000244140625,1383.199951171875,1383.5,668
2026-09-23 12:36:00+05:30,1383.800048828125,1384.199951171875,1383.699951171875,1384.0,621
2026-09-23 12:37:00+05:30,1384.800048828125,1384.800048828125,1383.9000244140625,1384.199951171875,846
2026-09-23 12:38:00+05:30,1385.0,1385.0,1384.5,1384.800048828125,1591
2026-09-23 12:39:00+05:30,1385.0999755859375,1385.0999755859375,1384.800048828125,1385.0,2930
2026-09-23 12:40:00+05:30,1385.0999755859375,1385.5999755859375,1385.0999755859375,1385.0999755859375,1522
2026-09-23 12:41:00+05:30,1385.5999755859375,1385.5999755859375,1385.0999755859375,1385.5999755859375,826
2026-09-23 12:42:00+05:30,1385.5999755859375,1385.5999755859375,1385.4000244140625,1385.5999755859375,661
2026-09-23 12:43:00+05:30,1384.4000244140625,1385.5999755859375,1384.300048828125,1385.5999755859375,1427
2026-09-23 12:44:00+05:30,1384.4000244140625,1384.800048828125,1384.4000244140625,1384.5,708
2026-09-23 12:45:00+05:30,1383.9000244140625,1384.699951171875,1383.9000244140625,1384.699951171875,770
2026-09-23 12:46:00+05:30,1384.0999755859375,1384.5,1384.0999755859375,1384.199951171875,651
2026-09-23 12:47:00+05:30,1384.5,1384.5,1384.0999755859375,1384.5,545
2026-09-23 12:48:00+05:30,1384.300048828125,1384.5999755859375,1384.199951171875,1384.5999755859375,810
2026-09-23 12:49:00+05:30,1384.300048828125,1384.5999755859375,1384.0999755859375,1384.5,1673
2026-09-23 12:50:00+05:30,1384.5999755859375,1384.5999755859375,1384.300048828125,1384.5999755859375,1042
2026-09-23 12:51:00+05:30,1385.0999755859375,1385.0999755859375,1384.5999755859375,1384.5999755859375,2886
2026-09-23 12:52:00+05:30,1385.800048828125,1385.800048828125,1384.9000244140625,1385.199951171875,2212
2026-09-23 12:53:00+05:30,1385.4000244140625,1385.9000244140625,1385.4000244140625,1385.800048828125,1150
2026-09-23 12:54:00+05:30,1385.4000244140625,1385.9000244140625,1385.4000244140625,1385.9000244140625,1073
2026-09-23 12:55:00+05:30,1385.5,1385.5999755859375,1385.0999755859375,1385.4000244140625,901
2026-09-23 12:56:00+05:30,1385.300048828125,1385.9000244140625,1385.0999755859375,1385.5,659
2026-09-23 12:57:00+05:30,1386.0,1386.0,1385.699951171875,1385.9000244140625,924
2026-09-23 12:58:00+05:30,1385.5,1386.0,1385.0,1386.0,1838
2026-09-23 12:59:00+05:30,1384.9000244140625,1385.5999755859375,1384.9000244140625,1385.5,1087
2026-09-23 13:00:00+05:30,1385.300048828125,1385.5,1384.699951171875,1385.4000244140625,611
2026-09-23 13:01:00+05:30,1384.9000244140625,1385.5999755859375,1384.9000244140625,1385.5999755859375,647
2026-09-23 13:02:00+05:30,1385.4000244140625,1385.5,1385.300048828125,1385.4000244140625,854
2026-09-23 13:03:00+05:30,1385.0,1385.5999755859375,1384.9000244140625,1385.5,1254
2026-09-23 13:04:00+05:30,1385.0,1385.5999755859375,1384.9000244140625,1385.4000244140625,842
2026-09-23 13:05:00+05:30,1383.4000244140625,1385.5999755859375,1383.4000244140625,1385.5,3206
2026-09-23 13:06:00+05:30,1383.800048828125,1383.800048828125,1382.5999755859375,1383.699951171875,1619
2026-09-23 13:07:00+05:30,1382.9000244140625,1384.4000244140625,1382.800048828125,1384.4000244140625,932
2026-09-23 13:08:00+05:30,1382.5999755859375,1382.9000244140625,1382.5999755859375,1382.9000244140625,1170
2026-09-23 13:09:00+05:30,1382.9000244140625,1383.0,1382.4000244140625,1382.9000244140625,588
2026-09-23 13:10:00+05:30,1383.0,1383.0999755859375,1382.4000244140625,1382.9000244140625,643
2026-09-23 13:11:00+05:30,1382.4000244140625,1383.0,1382.4000244140625,1383.0,708
2026-09-23 13:12:00+05:30,1383.199951171875,1383.199951171875,1382.5,1382.5,1321
2026-09-23 13:13:00+05:30,1382.5999755859375,1383.0999755859375,1382.5999755859375,1383.0999755859375,1584
2026-09-23 13:14:00+05:30,1382.9000244140625,1383.199951171875,1382.5,1382.5999755859375,827
2026-09-23 13:15:00+05:30,1382.699951171875,1383.300048828125,1382.5999755859375,1383.199951171875,1169
2026-09-23 13:16:00+05:30,1383.5,1383.5999755859375,1382.5999755859375,1383.300048828125,1690
2026-09-23 13:17:00+05:30,1383.4000244140625,1383.5999755859375,1383.0,1383.5999755859375,727
2026-09-23 13:18:00+05:30,1383.199951171875,1383.5,1382.699951171875,1383.4000244140625,1136
2026-09-23 13:19:00+05:30,1383.0999755859375,1383.0999755859375,1382.699951171875,1382.699951171875,597
2026-09-23 13:20:00+05:30,1382.9000244140625,1383.4000244140625,1382.699951171875,1383.0999755859375,582
2026-09-23 13:21:00+05:30,1383.300048828125,1383.300048828125,1382.699951171875,1382.9000244140625,838
2026-09-23 13:22:00+05:30,1383.5999755859375,1383.5999755859375,1382.800048828125,1383.300048828125,815
2026-09-23 13:23:00+05:30,1383.5999755859375,1383.5999755859375,1383.199951171875,1383.5999755859375,661
2026-09-23 13:24:00+05:30,1383.0,1383.5999755859375,1383.0,1383.5999755859375,779
2026-09-23 13:25:00+05:30,1383.5999755859375,1383.5999755859375,1383.199951171875,1383.5,633
2026-09-23 13:26:00+05:30,1383.4000244140625,1384.0,1383.4000244140625,1383.5999755859375,879
2026-09-23 13:27:00+05:30,1383.9000244140625,1384.0999755859375,1383.4000244140625,1383.4000244140625,739
2026-09-23 13:28:00+05:30,1384.0,1384.0,1383.300048828125,1383.9000244140625,1032
2026-09-23 13:29:00+05:30,1383.5999755859375,1384.4000244140625,1383.300048828125,1384.0999755859375,2346
2026-09-23 13:30:00+05:30,1383.699951171875,1383.699951171875,1383.0999755859375,1383.5999755859375,920
2026-09-23 13:31:00+05:30,1383.300048828125,1383.800048828125,1383.0,1383.699951171875,1710
2026-09-23 13:32:00+05:30,1382.9000244140625,1383.5999755859375,1382.9000244140625,1383.5999755859375,1274
2026-09-23 13:33:00+05:30,1383.0999755859375,1383.5,1382.800048828125,1383.300048828125,592
2026-09-23 13:34:00+05:30,1382.699951171875,1383.300048828125,1382.4000244140625,1382.800048828125,1274
2026-09-23 13:35:00+05:30,1382.800048828125,1383.0999755859375,1382.300048828125,1382.699951171875,626
2026-09-23 13:36:00+05:30,1382.300048828125,1382.9000244140625,1382.300048828125,1382.800048828125,722
2026-09-23 13:37:00+05:30,1383.0,1383.0,1382.4000244140625,1382.699951171875,550
2026-09-23 13:38:00+05:30,1383.0,1383.0999755859375,1382.4000244140625,1382.800048828125,1399
2026-09-23 13:39:00+05:30,1382.699951171875,1383.0999755859375,1382.5999755859375,1383.0,676
2026-09-23 13:40:00+05:30,1384.199951171875,1384.199951171875,1382.699951171875,1383.0999755859375,1331
2026-09-23 13:41:00+05:30,1383.5999755859375,1384.199951171875,1383.199951171875,1383.5999755859375,1770
2026-09-23 13:42:00+05:30,1383.5999755859375,1383.9000244140625,1383.199951171875,1383.5999755859375,680
2026-09-23 13:43:00+05:30,1383.300048828125,1383.800048828125,1383.300048828125,1383.5999755859375,617
2026-09-23 13:44:00+05:30,1383.800048828125,1383.9000244140625,1383.300048828125,1383.800048828125,638
2026-09-23 13:45:00+05:30,1383.800048828125,1383.800048828125,1383.199951171875,1383.800048828125,575
2026-09-23 13:46:00+05:30,1383.5,1384.0,1383.5,1383.9000244140625,1802
2026-09-23 13:47:00+05:30,1383.0,1383.800048828125,1382.699951171875,1383.800048828125,1019
2026-09-23 13:48:00+05:30,1383.5999755859375,1383.699951171875,1383.0,1383.699951171875,663
2026-09-23 13:49:00+05:30,1383.0999755859375,1383.5,1383.0,1383.0999755859375,540
2026-09-23 13:50:00+05:30,1383.0,1383.5999755859375,1383.0,1383.0999755859375,602
2026-09-23 13:51:00+05:30,1383.0999755859375,1383.0999755859375,1383.0,1383.0999755859375,606
2026-09-23 13:52:00+05:30,1383.5999755859375,1384.0999755859375,1383.0,1383.0999755859375,1031
2026-09-23 13:53:00+05:30,1384.0999755859375,1384.0999755859375,1383.5999755859375,1383.5999755859375,632
2026-09-23 13:54:00+05:30,1382.5,1384.0999755859375,1381.9000244140625,1384.0999755859375,4713
2026-09-23 13:55:00+05:30,1382.9000244140625,1383.0,1382.5,1382.5,1392
2026-09-23 13:56:00+05:30,1383.199951171875,1383.199951171875,1382.9000244140625,1383.0,767
2026-09-23 13:57:00+05:30,1383.5,1383.699951171875,1383.199951171875,1383.199951171875,662
2026-09-23 13:58:00+05:30,1382.4000244140625,1383.5,1382.4000244140625,1383.5,1111
2026-09-23 13:59:00+05:30,1381.9000244140625,1382.4000244140625,1381.800048828125,1382.4000244140625,1244
2026-09-23 14:00:00+05:30,1382.0,1382.800048828125,1381.9000244140625,1382.4000244140625,1006
2026-09-23 14:01:00+05:30,1382.5999755859375,1382.800048828125,1382.0,1382.0,963
2026-09-23 14:02:00+05:30,1382.800048828125,1383.0,1382.300048828125,1382.800048828125,675
2026-09-23 14:03:00+05:30,1382.5,1383.0,1382.300048828125,1383.0,620
2026-09-23 14:04:00+05:30,1382.0,1382.699951171875,1381.9000244140625,1382.5,1313
2026-09-23 14:05:00+05:30,1381.800048828125,1382.4000244140625,1381.800048828125,1382.0,680
2026-09-23 14:06:00+05:30,1382.0,1382.5,1381.800048828125,1382.199951171875,791
2026-09-23 14:07:00+05:30,1382.9000244140625,1382.9000244140625,1381.9000244140625,1382.0,853
2026-09-23 14:08:00+05:30,1382.800048828125,1383.199951171875,1382.4000244140625,1382.9000244140625,1234
2026-09-23 14:09:00+05:30,1382.0,1382.9000244140625,1382.0,1382.4000244140625,883
2026-09-23 14:10:00+05:30,1382.5999755859375,1382.5999755859375,1382.0999755859375,1382.199951171875,454
2026-09-23 14:11:00+05:30,1382.199951171875,1382.800048828125,1382.199951171875,1382.199951171875,562
2026-09-23 14:12:00+05:30,1382.5,1382.5999755859375,1382.199951171875,1382.5999755859375,991
2026-09-23 14:13:00+05:30,1382.4000244140625,1382.800048828125,1382.300048828125,1382.5,528
2026-09-23 14:14:00+05:30,1382.199951171875,1382.800048828125,1382.0999755859375,1382.4000244140625,1274
2026-09-23 14:15:00+05:30,1382.0,1382.699951171875,1382.0,1382.699951171875,545
2026-09-23 14:16:00+05:30,1382.0999755859375,1382.5999755859375,1382.0,1382.0,530
2026-09-23 14:17:00+05:30,1381.300048828125,1382.0,1381.300048828125,1382.0,1400
2026-09-23 14:18:00+05:30,1382.800048828125,1382.800048828125,1381.4000244140625,1381.5999755859375,2410
2026-09-23 14:19:00+05:30,1383.4000244140625,1383.4000244140625,1382.4000244140625,1382.4000244140625,1269
2026-09-23 14:20:00+05:30,1383.5999755859375,1383.699951171875,1383.0999755859375,1383.0999755859375,1048
2026-09-23 14:21:00+05:30,1383.300048828125,1384.0,1383.0,1383.5999755859375,1354
2026-09-23 14:22:00+05:30,1381.9000244140625,1383.9000244140625,1381.5999755859375,1383.4000244140625,6557
2026-09-23 14:23:00+05:30,1382.4000244140625,1382.5,1381.9000244140625,1381.9000244140625,700
2026-09-23 14:24:00+05:30,1382.199951171875,1382.5,1382.0,1382.4000244140625,677
2026-09-23 14:25:00+05:30,1382.0,1382.4000244140625,1381.5999755859375,1382.199951171875,944
2026-09-23 14:26:00+05:30,1381.800048828125,1382.0,1381.4000244140625,1382.0,785
2026-09-23 14:27:00+05:30,1382.0,1382.0,1381.699951171875,1382.0,686
2026-09-23 14:28:00+05:30,1381.5,1382.0,1381.4000244140625,1381.800048828125,1389
2026-09-23 14:29:00+05:30,1380.9000244140625,1382.0,1380.9000244140625,1381.800048828125,1855
2026-09-23 14:30:00+05:30,1381.199951171875,1381.300048828125,1380.699951171875,1380.9000244140625,2895
2026-09-23 14:31:00+05:30,1380.800048828125,1381.199951171875,1380.5999755859375,1381.199951171875,2022
2026-09-23 14:32:00+05:30,1380.699951171875,1380.9000244140625,1380.5999755859375,1380.800048828125,1101
2026-09-23 14:33:00+05:30,1380.9000244140625,1381.4000244140625,1380.5,1380.800048828125,3006
2026-09-23 14:34:00+05:30,1381.0,1381.5999755859375,1380.9000244140625,1381.199951171875,1415
2026-09-23 14:35:00+05:30,1380.699951171875,1381.199951171875,1380.5999755859375,1381.0,1268
2026-09-23 14:36:00+05:30,1380.9000244140625,1381.300048828125,1380.5,1380.699951171875,1020
2026-09-23 14:37:00+05:30,1379.9000244140625,1381.0,1379.5999755859375,1380.5,3034
2026-09-23 14:38:00+05:30,1380.300048828125,1380.300048828125,1379.5999755859375,1379.9000244140625,6075
2026-09-23 14:39:00+05:30,1380.0999755859375,1380.5999755859375,1380.0,1380.300048828125,600
2026-09-23 14:40:00+05:30,1380.0,1380.5,1380.0,1380.0999755859375,667
2026-09-23 14:41:00+05:30,1380.0,1380.4000244140625,1379.5999755859375,1380.4000244140625,1284
2026-09-23 14:42:00+05:30,1379.699951171875,1380.199951171875,1379.300048828125,1379.300048828125,4809
2026-09-23 14:43:00+05:30,1379.5999755859375,1380.300048828125,1379.5999755859375,1380.0999755859375,1660
2026-09-23 14:44:00+05:30,1379.9000244140625,1379.9000244140625,1379.4000244140625,1379.9000244140625,1168
2026-09-23 14:45:00+05:30,1379.699951171875,1380.0,1379.5,1379.5,1219
2026-09-23 14:46:00+05:30,1379.9000244140625,1380.0,1379.5999755859375,1379.5999755859375,843
2026-09-23 14:47:00+05:30,1379.5,1379.9000244140625,1379.300048828125,1379.9000244140625,1147
2026-09-23 14:48:00+05:30,1380.0999755859375,1380.0999755859375,1378.800048828125,1379.5,10958
2026-09-23 14:49:00+05:30,1380.699951171875,1380.800048828125,1380.199951171875,1380.800048828125,1698
2026-09-23 14:50:00+05:30,1379.699951171875,1380.4000244140625,1379.5,1380.4000244140625,1134
2026-09-23 14:51:00+05:30,1379.5999755859375,1379.699951171875,1379.5999755859375,1379.699951171875,944
2026-09-23 14:52:00+05:30,1379.5,1379.699951171875,1379.5,1379.5,789
2026-09-23 14:53:00+05:30,1378.9000244140625,1379.4000244140625,1378.9000244140625,1379.4000244140625,1914
2026-09-23 14:54:00+05:30,1379.0999755859375,1379.199951171875,1378.800048828125,1378.800048828125,1618
2026-09-23 14:55:00+05:30,1379.199951171875,1379.4000244140625,1379.0,1379.0999755859375,1437
2026-09-23 14:56:00+05:30,1379.0,1379.5,1379.0,1379.5,1519
2026-09-23 14:57:00+05:30,1378.199951171875,1379.0,1378.199951171875,1379.0,1878
2026-09-23 14:58:00+05:30,1379.699951171875,1380.0,1378.300048828125,1378.699951171875,7990
2026-09-23 14:59:00+05:30,1378.9000244140625,1379.0999755859375,1378.5999755859375,1378.5999755859375,2155
2026-09-23 15:00:00+05:30,1378.0,1378.699951171875,1378.0,1378.5,10407
2026-09-23 15:01:00+05:30,1379.300048828125,1379.4000244140625,1378.300048828125,1378.300048828125,7333
2026-09-23 15:02:00+05:30,1380.699951171875,1380.800048828125,1379.5,1379.5999755859375,7855
2026-09-23 15:03:00+05:30,1380.800048828125,1381.300048828125,1380.5999755859375,1380.9000244140625,2727
2026-09-23 15:04:00+05:30,1380.9000244140625,1380.9000244140625,1380.699951171875,1380.9000244140625,3186
2026-09-23 15:05:00+05:30,1380.5999755859375,1380.800048828125,1380.4000244140625,1380.800048828125,4251
2026-09-23 15:06:00+05:30,1380.800048828125,1380.800048828125,1380.5999755859375,1380.699951171875,4908
2026-09-23 15:07:00+05:30,1380.800048828125,1380.800048828125,1380.5999755859375,1380.699951171875,4710
2026-09-23 15:08:00+05:30,1380.9000244140625,1380.9000244140625,1380.800048828125,1380.9000244140625,3731
2026-09-23 15:09:00+05:30,1381.0,1381.0,1380.699951171875,1380.699951171875,4649
2026-09-23 15:10:00+05:30,1381.0999755859375,1381.0999755859375,1380.9000244140625,1381.0999755859375,9912
2026-09-23 15:11:00+05:30,1381.300048828125,1381.300048828125,1380.699951171875,1381.199951171875,6592
2026-09-23 15:12:00+05:30,1380.5,1381.199951171875,1379.800048828125,1380.800048828125,10476
2026-09-23 15:13:00+05:30,1381.0,1381.0,1379.9000244140625,1380.5999755859375,5498
2026-09-23 15:14:00+05:30,1377.5,1381.699951171875,1377.0999755859375,1381.699951171875,3693
2026-09-23 15:15:00+05:30,1387.199951171875,1387.199951171875,1387.199951171875,1387.199951171875,0
2026-09-24 09:15:00+05:30,1375.800048828125,1382.800048828125,1373.5,1382.800048828125,64531
2026-09-24 09:16:00+05:30,1377.699951171875,1378.0999755859375,1373.199951171875,1375.699951171875,7722
2026-09-24 09:17:00+05:30,1377.4000244140625,1378.0999755859375,1376.5,1376.5,2039
2026-09-24 09:18:00+05:30,1380.800048828125,1380.800048828125,1377.800048828125,1378.300048828125,5719
2026-09-24 09:19:00+05:30,1381.0999755859375,1381.300048828125,1380.5,1380.5,2173
2026-09-24 09:20:00+05:30,1382.0,1384.300048828125,1381.699951171875,1383.0999755859375,3628
2026-09-24 09:21:00+05:30,1381.9000244140625,1383.199951171875,1381.699951171875,1381.699951171875,1500
2026-09-24 09:22:00+05:30,1380.300048828125,1381.9000244140625,1380.300048828125,1381.9000244140625,1468
2026-09-24 09:23:00+05:30,1378.9000244140625,1380.4000244140625,1378.4000244140625,1380.4000244140625,2292
2026-09-24 09:24:00+05:30,1378.9000244140625,1379.300048828125,1378.800048828125,1378.9000244140625,1934
2026-09-24 09:25:00+05:30,1376.800048828125,1379.300048828125,1376.800048828125,1379.300048828125,770
2026-09-24 09:26:00+05:30,1377.5999755859375,1379.5,1377.5999755859375,1379.5,4546
2026-09-24 09:27:00+05:30,1379.199951171875,1379.199951171875,1378.0999755859375,1378.699951171875,1594
2026-09-24 09:28:00+05:30,1380.699951171875,1381.0999755859375,1379.5,1379.5,712
2026-09-24 09:29:00+05:30,1379.699951171875,1380.699951171875,1379.699951171875,1380.5999755859375,568
2026-09-24 09:30:00+05:30,1382.5,1382.5999755859375,1380.0999755859375,1380.699951171875,1641
2026-09-24 09:31:00+05:30,1381.9000244140625,1382.5,1381.300048828125,1382.5,506
2026-09-24 09:32:00+05:30,1381.5,1382.0999755859375,1381.5,1381.5999755859375,584
2026-09-24 09:33:00+05:30,1380.9000244140625,1381.699951171875,1380.199951171875,1381.4000244140625,1185
2026-09-24 09:34:00+05:30,1380.0999755859375,1380.9000244140625,1378.0,1380.9000244140625,2159
2026-09-24 09:35:00+05:30,1380.5999755859375,1380.9000244140625,1380.300048828125,1380.9000244140625,439
2026-09-24 09:36:00+05:30,1381.0999755859375,1381.800048828125,1381.0999755859375,1381.300048828125,1285
2026-09-24 09:37:00+05:30,1381.4000244140625,1381.5999755859375,1380.9000244140625,1381.0999755859375,419
2026-09-24 09:38:00+05:30,1378.199951171875,1380.699951171875,1378.0999755859375,1380.199951171875,355
2026-09-24 09:39:00+05:30,1378.0,1378.5,1377.9000244140625,1377.9000244140625,464
2026-09-24 09:40:00+05:30,1376.300048828125,1377.699951171875,1376.0999755859375,1377.699951171875,1349
2026-09-24 09:41:00+05:30,1375.699951171875,1376.199951171875,1375.699951171875,1376.199951171875,3084
2026-09-24 09:42:00+05:30,1374.5999755859375,1376.199951171875,1374.5999755859375,1376.199951171875,324
2026-09-24 09:43:00+05:30,1374.9000244140625,1376.0,1374.9000244140625,1375.0,720
2026-09-24 09:44:00+05:30,1375.0,1375.5,1374.9000244140625,1375.4000244140625,1100
2026-09-24 09:45:00+05:30,1375.4000244140625,1375.4000244140625,1374.199951171875,1374.699951171875,1078
2026-09-24 09:46:00+05:30,1372.699951171875,1375.4000244140625,1372.699951171875,1375.4000244140625,917
2026-09-24 09:47:00+05:30,1373.199951171875,1374.0,1372.800048828125,1374.0,992
2026-09-24 09:48:00+05:30,1373.9000244140625,1373.9000244140625,1372.699951171875,1373.0,849
2026-09-24 09:49:00+05:30,1374.5,1374.5,1373.5999755859375,1373.5999755859375,2370
2026-09-24 09:50:00+05:30,1373.5999755859375,1374.5,1373.5,1374.199951171875,641
2026-09-24 09:51:00+05:30,1373.0,1374.0,1373.0,1374.0,152
2026-09-24 09:52:00+05:30,1373.800048828125,1373.9000244140625,1373.199951171875,1373.199951171875,1618
2026-09-24 09:53:00+05:30,1372.9000244140625,1373.800048828125,1372.9000244140625,1373.800048828125,219
2026-09-24 09:54:00+05:30,1373.199951171875,1373.300048828125,1373.0,1373.199951171875,210
2026-09-24 09:55:00+05:30,1372.699951171875,1373.0,1372.5999755859375,1373.0,452
2026-09-24 09:56:00+05:30,1372.5999755859375,1372.699951171875,1372.5,1372.5,351
2026-09-24 09:57:00+05:30,1373.0999755859375,1373.0999755859375,1372.4000244140625,1372.5,1372
2026-09-24 09:58:00+05:30,1372.5999755859375,1373.0,1372.0999755859375,1372.699951171875,390
2026-09-24 09:59:00+05:30,1372.5,1372.5999755859375,1372.199951171875,1372.5999755859375,482
2026-09-24 10:00:00+05:30,1372.199951171875,1372.9000244140625,1372.199951171875,1372.9000244140625,386
2026-09-24 10:01:00+05:30,1372.5999755859375,1373.9000244140625,1372.4000244140625,1373.9000244140625,2787
2026-09-24 10:02:00+05:30,1373.4000244140625,1373.5,1372.0,1372.5,3253
2026-09-24 10:03:00+05:30,1372.800048828125,1373.4000244140625,1372.5,1373.4000244140625,102
2026-09-24 10:04:00+05:30,1373.300048828125,1373.300048828125,1372.5,1373.0,965
2026-09-24 10:05:00+05:30,1373.0,1373.4000244140625,1372.699951171875,1372.800048828125,1094
2026-09-24 10:06:00+05:30,1373.4000244140625,1373.5999755859375,1373.199951171875,1373.5999755859375,285
2026-09-24 10:07:00+05:30,1373.199951171875,1373.4000244140625,1373.199951171875,1373.199951171875,246
2026-09-24 10:08:00+05:30,1374.199951171875,1374.199951171875,1372.800048828125,1373.199951171875,1521
2026-09-24 10:09:00+05:30,1373.800048828125,1374.9000244140625,1373.800048828125,1374.9000244140625,1148
2026-09-24 10:10:00+05:30,1373.0,1373.5,1372.800048828125,1373.5,137
2026-09-24 10:11:00+05:30,1372.9000244140625,1373.0,1372.800048828125,1373.0,60
2026-09-24 10:12:00+05:30,1372.4000244140625,1372.9000244140625,1372.0999755859375,1372.9000244140625,642
2026-09-24 10:13:00+05:30,1373.4000244140625,1373.5,1372.0999755859375,1372.0999755859375,2052
2026-09-24 10:14:00+05:30,1371.699951171875,1373.0,1371.199951171875,1373.0,713
2026-09-24 10:15:00+05:30,1371.5999755859375,1371.699951171875,1371.199951171875,1371.699951171875,442
2026-09-24 10:16:00+05:30,1372.199951171875,1372.4000244140625,1371.199951171875,1371.5999755859375,772
2026-09-24 10:17:00+05:30,1371.800048828125,1372.4000244140625,1371.699951171875,1372.4000244140625,419
2026-09-24 10:18:00+05:30,1372.0,1372.0,1371.4000244140625,1372.0,341
2026-09-24 10:19:00+05:30,1371.9000244140625,1372.0,1371.4000244140625,1372.0,189
2026-09-24 10:20:00+05:30,1371.9000244140625,1371.9000244140625,1371.800048828125,1371.9000244140625,89
2026-09-24 10:21:00+05:30,1372.199951171875,1372.699951171875,1372.0,1372.0,957
2026-09-24 10:22:00+05:30,1371.800048828125,1372.300048828125,1371.800048828125,1372.0,492
2026-09-24 10:23:00+05:30,1371.699951171875,1371.800048828125,1371.5,1371.800048828125,103
2026-09-24 10:24:00+05:30,1373.0999755859375,1373.0999755859375,1371.699951171875,1371.699951171875,1185
2026-09-24 10:25:00+05:30,1372.800048828125,1373.0999755859375,1372.5,1373.0999755859375,270
2026-09-24 10:26:00+05:30,1373.0,1373.0,1372.0999755859375,1372.800048828125,500
2026-09-24 10:27:00+05:30,1373.699951171875,1373.9000244140625,1373.0,1373.0,729
2026-09-24 10:28:00+05:30,1373.4000244140625,1373.699951171875,1373.0,1373.300048828125,187
2026-09-24 10:29:00+05:30,1373.0,1373.5,1373.0,1373.4000244140625,237
2026-09-24 10:30:00+05:30,1373.0,1373.4000244140625,1372.699951171875,1373.4000244140625,200
2026-09-24 10:31:00+05:30,1372.300048828125,1373.0,1372.300048828125,1373.0,127
2026-09-24 10:32:00+05:30,1373.0,1373.4000244140625,1373.0,1373.4000244140625,785
2026-09-24 10:33:00+05:30,1373.699951171875,1373.699951171875,1373.300048828125,1373.4000244140625,271
2026-09-24 10:34:00+05:30,1374.0,1374.0,1373.4000244140625,1373.699951171875,503
2026-09-24 10:35:00+05:30,1372.800048828125,1374.0,1372.699951171875,1374.0,628
2026-09-24 10:36:00+05:30,1373.4000244140625,1373.5999755859375,1372.300048828125,1372.800048828125,829
2026-09-24 10:37:00+05:30,1373.300048828125,1373.4000244140625,1372.800048828125,1373.4000244140625,205
2026-09-24 10:38:00+05:30,1372.5999755859375,1373.4000244140625,1372.5,1372.5,257
2026-09-24 10:39:00+05:30,1372.5999755859375,1373.0,1372.5999755859375,1373.0,47
2026-09-24 10:40:00+05:30,1372.5,1372.5999755859375,1372.0999755859375,1372.0999755859375,210
2026-09-24 10:41:00+05:30,1372.0,1372.199951171875,1372.0,1372.199951171875,128
2026-09-24 10:42:00+05:30,1371.699951171875,1372.0,1371.699951171875,1371.699951171875,346
2026-09-24 10:43:00+05:30,1370.9000244140625,1371.699951171875,1370.199951171875,1371.699951171875,1001
2026-09-24 10:44:00+05:30,1370.9000244140625,1371.0,1370.5,1370.800048828125,1793
2026-09-24 10:45:00+05:30,1371.0,1371.0,1370.9000244140625,1371.0,167
2026-09-24 10:46:00+05:30,1371.0,1371.300048828125,1370.699951171875,1371.0,683
2026-09-24 10:47:00+05:30,1370.199951171875,1371.0999755859375,1370.199951171875,1371.0999755859375,380
2026-09-24 10:48:00+05:30,1370.5999755859375,1370.9000244140625,1370.5999755859375,1370.699951171875,283
2026-09-24 10:49:00+05:30,1370.0,1370.5999755859375,1370.0,1370.5999755859375,306
2026-09-24 10:50:00+05:30,1369.9000244140625,1370.0999755859375,1369.9000244140625,1370.0999755859375,1880
2026-09-24 10:51:00+05:30,1369.699951171875,1370.0,1369.300048828125,1369.300048828125,626
2026-09-24 10:52:00+05:30,1371.4000244140625,1371.5999755859375,1369.0,1369.0,5546
2026-09-24 10:53:00+05:30,1371.5999755859375,1371.5999755859375,1371.300048828125,1371.4000244140625,416
2026-09-24 10:54:00+05:30,1371.5,1371.5999755859375,1371.4000244140625,1371.5999755859375,312
2026-09-24 10:55:00+05:30,1372.0,1372.0,1371.4000244140625,1371.5999755859375,811
2026-09-24 10:56:00+05:30,1371.9000244140625,1372.0,1371.5999755859375,1372.0,196
2026-09-24 10:57:00+05:30,1371.300048828125,1371.9000244140625,1371.300048828125,1371.9000244140625,927
2026-09-24 10:58:00+05:30,1371.199951171875,1371.300048828125,1371.199951171875,1371.300048828125,173
2026-09-24 10:59:00+05:30,1372.4000244140625,1372.4000244140625,1371.0,1371.199951171875,972
2026-09-24 11:00:00+05:30,1371.800048828125,1372.800048828125,1371.800048828125,1372.4000244140625,877
2026-09-24 11:01:00+05:30,1371.5999755859375,1371.800048828125,1371.300048828125,1371.800048828125,550
2026-09-24 11:02:00+05:30,1371.5999755859375,1371.5999755859375,1371.0999755859375,1371.5999755859375,133
2026-09-24 11:03:00+05:30,1370.300048828125,1371.5,1370.199951171875,1371.5,227
2026-09-24 11:04:00+05:30,1370.5,1371.9000244140625,1370.0,1370.4000244140625,3480
2026-09-24 11:05:00+05:30,1369.300048828125,1370.5,1368.0999755859375,1370.5,5776
2026-09-24 11:06:00+05:30,1369.300048828125,1369.300048828125,1368.199951171875,1369.0,522
2026-09-24 11:07:00+05:30,1369.0,1369.300048828125,1368.800048828125,1369.300048828125,307
2026-09-24 11:08:00+05:30,1369.4000244140625,1369.5999755859375,1368.9000244140625,1369.0999755859375,635
2026-09-24 11:09:00+05:30,1369.0,1369.4000244140625,1369.0,1369.4000244140625,154
2026-09-24 11:10:00+05:30,1368.9000244140625,1368.9000244140625,1368.9000244140625,1368.9000244140625,341
2026-09-24 11:11:00+05:30,1368.699951171875,1368.9000244140625,1368.699951171875,1368.9000244140625,268
2026-09-24 11:12:00+05:30,1368.5999755859375,1368.699951171875,1368.5999755859375,1368.699951171875,365
2026-09-24 11:13:00+05:30,1367.9000244140625,1368.5999755859375,1367.9000244140625,1368.0,427
2026-09-24 11:14:00+05:30,1367.300048828125,1367.9000244140625,1367.300048828125,1367.9000244140625,3307
2026-09-24 11:15:00+05:30,1368.300048828125,1368.5,1367.4000244140625,1367.4000244140625,1969
2026-09-24 11:16:00+05:30,1368.300048828125,1368.300048828125,1367.9000244140625,1367.9000244140625,529
2026-09-24 11:17:00+05:30,1369.4000244140625,1369.4000244140625,1368.300048828125,1368.300048828125,1155
2026-09-24 11:18:00+05:30,1368.5999755859375,1369.5999755859375,1368.5999755859375,1369.0,1378
2026-09-24 11:19:00+05:30,1368.5999755859375,1368.5999755859375,1368.5999755859375,1368.5999755859375,140
2026-09-24 11:20:00+05:30,1367.300048828125,1368.5999755859375,1367.300048828125,1368.5999755859375,354
2026-09-24 11:21:00+05:30,1368.300048828125,1368.9000244140625,1367.300048828125,1367.5999755859375,1937
2026-09-24 11:22:00+05:30,1367.800048828125,1367.9000244140625,1367.0999755859375,1367.9000244140625,148
2026-09-24 11:23:00+05:30,1367.9000244140625,1368.300048828125,1367.800048828125,1367.800048828125,1125
2026-09-24 11:24:00+05:30,1367.5,1367.800048828125,1367.0,1367.800048828125,296
2026-09-24 11:25:00+05:30,1367.5999755859375,1367.699951171875,1366.300048828125,1367.0,4428
2026-09-24 11:26:00+05:30,1367.300048828125,1367.4000244140625,1367.0999755859375,1367.4000244140625,1001
2026-09-24 11:27:00+05:30,1367.300048828125,1367.300048828125,1367.0999755859375,1367.300048828125,561
2026-09-24 11:28:00+05:30,1367.0,1367.300048828125,1367.0,1367.300048828125,406
2026-09-24 11:29:00+05:30,1368.0,1368.5,1367.0,1367.0999755859375,6538
2026-09-24 11:30:00+05:30,1368.300048828125,1368.300048828125,1367.9000244140625,1367.9000244140625,283
2026-09-24 11:31:00+05:30,1368.5999755859375,1368.5999755859375,1367.5,1368.300048828125,916
2026-09-24 11:32:00+05:30,1369.4000244140625,1369.5,1369.199951171875,1369.4000244140625,427
2026-09-24 11:33:00+05:30,1369.699951171875,1369.699951171875,1369.4000244140625,1369.4000244140625,142
2026-09-24 11:34:00+05:30,1369.4000244140625,1370.0,1369.4000244140625,1369.699951171875,566
2026-09-24 11:35:00+05:30,1368.9000244140625,1369.300048828125,1368.9000244140625,1369.300048828125,256
2026-09-24 11:36:00+05:30,1368.0,1368.800048828125,1368.0,1368.699951171875,342
2026-09-24 11:37:00+05:30,1368.0999755859375,1368.4000244140625,1368.0999755859375,1368.4000244140625,218
2026-09-24 11:38:00+05:30,1368.4000244140625,1368.4000244140625,1368.0,1368.0999755859375,1097
2026-09-24 11:39:00+05:30,1368.199951171875,1369.699951171875,1368.199951171875,1368.4000244140625,2783
2026-09-24 11:40:00+05:30,1367.5,1368.199951171875,1366.0999755859375,1368.199951171875,2844
2026-09-24 11:41:00+05:30,1367.800048828125,1368.0,1367.300048828125,1367.5,521
2026-09-24 11:42:00+05:30,1367.199951171875,1367.800048828125,1367.199951171875,1367.800048828125,177
2026-09-24 11:43:00+05:30,1367.0999755859375,1367.5,1367.0999755859375,1367.5,524
2026-09-24 11:44:00+05:30,1367.0999755859375,1367.0999755859375,1367.0,1367.0999755859375,290
2026-09-24 11:45:00+05:30,1367.0999755859375,1367.0999755859375,1366.9000244140625,1367.0999755859375,332
2026-09-24 11:46:00+05:30,1366.800048828125,1367.0999755859375,1366.800048828125,1367.0999755859375,249
2026-09-24 11:47:00+05:30,1367.0,1367.0999755859375,1366.800048828125,1366.800048828125,1044
2026-09-24 11:48:00+05:30,1367.0,1367.0,1367.0,1367.0,335
2026-09-24 11:49:00+05:30,1366.699951171875,1366.9000244140625,1366.5,1366.9000244140625,152
2026-09-24 11:50:00+05:30,1366.699951171875,1366.699951171875,1366.5,1366.5,904
2026-09-24 11:51:00+05:30,1366.699951171875,1366.699951171875,1366.0,1366.699951171875,1851
2026-09-24 11:52:00+05:30,1366.5999755859375,1366.699951171875,1366.300048828125,1366.699951171875,820
2026-09-24 11:53:00+05:30,1366.800048828125,1366.800048828125,1365.9000244140625,1366.5999755859375,2011
2026-09-24 11:54:00+05:30,1366.699951171875,1366.800048828125,1366.699951171875,1366.800048828125,240
2026-09-24 11:55:00+05:30,1366.199951171875,1366.699951171875,1366.0999755859375,1366.699951171875,1048
2026-09-24 11:56:00+05:30,1367.0999755859375,1367.0999755859375,1366.300048828125,1366.300048828125,6380
2026-09-24 11:57:00+05:30,1367.0999755859375,1367.300048828125,1366.300048828125,1367.0999755859375,622
2026-09-24 11:58:00+05:30,1367.0999755859375,1367.0999755859375,1367.0,1367.0,996
2026-09-24 11:59:00+05:30,1367.0999755859375,1367.0999755859375,1366.800048828125,1367.0999755859375,703
2026-09-24 12:00:00+05:30,1367.0999755859375,1367.0999755859375,1367.0,1367.0999755859375,294
2026-09-24 12:01:00+05:30,1367.300048828125,1368.0,1366.699951171875,1367.0,2444
2026-09-24 12:02:00+05:30,1367.5999755859375,1367.699951171875,1366.800048828125,1366.800048828125,920
2026-09-24 12:03:00+05:30,1367.5999755859375,1367.5999755859375,1367.300048828125,1367.5999755859375,150
2026-09-24 12:04:00+05:30,1368.300048828125,1368.5999755859375,1367.300048828125,1367.5999755859375,2594
2026-09-24 12:05:00+05:30,1369.0,1369.0,1367.9000244140625,1368.300048828125,1688
2026-09-24 12:06:00+05:30,1368.9000244140625,1369.199951171875,1368.9000244140625,1369.0,2224
2026-09-24 12:07:00+05:30,1370.0,1370.199951171875,1368.9000244140625,1368.9000244140625,2409
2026-09-24 12:08:00+05:30,1370.0,1370.0999755859375,1369.5999755859375,1370.0,1286
2026-09-24 12:09:00+05:30,1369.5999755859375,1370.0,1369.5999755859375,1370.0,167
2026-09-24 12:10:00+05:30,1368.9000244140625,1369.5999755859375,1368.9000244140625,1369.5999755859375,283
2026-09-24 12:11:00+05:30,1368.699951171875,1369.0,1368.5,1369.0,1475
2026-09-24 12:12:00+05:30,1368.9000244140625,1368.9000244140625,1368.5999755859375,1368.699951171875,1084
2026-09-24 12:13:00+05:30,1368.800048828125,1369.0,1368.800048828125,1368.9000244140625,845
2026-09-24 12:14:00+05:30,1368.800048828125,1369.0,1368.300048828125,1369.0,975
2026-09-24 12:15:00+05:30,1368.5999755859375,1368.800048828125,1368.5999755859375,1368.800048828125,170
2026-09-24 12:16:00+05:30,1368.300048828125,1368.5999755859375,1368.199951171875,1368.5999755859375,213
2026-09-24 12:17:00+05:30,1368.4000244140625,1368.4000244140625,1368.199951171875,1368.300048828125,723
2026-09-24 12:18:00+05:30,1368.300048828125,1368.4000244140625,1368.300048828125,1368.4000244140625,88
2026-09-24 12:19:00+05:30,1368.300048828125,1368.300048828125,1368.0999755859375,1368.199951171875,145
2026-09-24 12:20:00+05:30,1368.5999755859375,1368.5999755859375,1368.0,1368.0,1569
2026-09-24 12:21:00+05:30,1369.300048828125,1369.300048828125,1368.5999755859375,1368.5999755859375,1877
2026-09-24 12:22:00+05:30,1369.0,1369.300048828125,1369.0,1369.300048828125,227
2026-09-24 12:23:00+05:30,1368.0999755859375,1369.300048828125,1368.0999755859375,1369.300048828125,1926
2026-09-24 12:24:00+05:30,1368.9000244140625,1369.699951171875,1368.0,1368.0,5162
2026-09-24 12:25:00+05:30,1368.5999755859375,1368.9000244140625,1368.4000244140625,1368.9000244140625,171
2026-09-24 12:26:00+05:30,1368.300048828125,1368.5999755859375,1368.0999755859375,1368.5999755859375,935
2026-09-24 12:27:00+05:30,1368.300048828125,1368.300048828125,1368.300048828125,1368.300048828125,395
2026-09-24 12:28:00+05:30,1368.300048828125,1368.300048828125,1368.199951171875,1368.300048828125,91
2026-09-24 12:29:00+05:30,1368.300048828125,1368.300048828125,1368.300048828125,1368.300048828125,199
2026-09-24 12:30:00+05:30,1368.4000244140625,1369.0,1368.300048828125,1368.300048828125,525
2026-09-24 12:31:00+05:30,1368.5999755859375,1368.5999755859375,1368.5,1368.5999755859375,94
2026-09-24 12:32:00+05:30,1368.5,1368.5999755859375,1368.300048828125,1368.5999755859375,498
2026-09-24 12:33:00+05:30,1368.0,1368.5,1367.5999755859375,1368.5,355
2026-09-24 12:34:00+05:30,1367.9000244140625,1368.0,1367.699951171875,1368.0,536
2026-09-24 12:35:00+05:30,1368.4000244140625,1368.4000244140625,1367.5,1367.9000244140625,1228
2026-09-24 12:36:00+05:30,1368.0,1368.0999755859375,1367.5999755859375,1367.5999755859375,175
2026-09-24 12:37:00+05:30,1367.9000244140625,1368.0,1367.4000244140625,1368.0,238
2026-09-24 12:38:00+05:30,1367.5999755859375,1367.9000244140625,1367.199951171875,1367.9000244140625,369
2026-09-24 12:39:00+05:30,1367.0999755859375,1367.5,1366.699951171875,1367.5,437
2026-09-24 12:40:00+05:30,1366.9000244140625,1367.0999755859375,1366.9000244140625,1367.0999755859375,675
2026-09-24 12:41:00+05:30,1366.9000244140625,1367.0,1366.5,1366.800048828125,654
2026-09-24 12:42:00+05:30,1368.0999755859375,1368.199951171875,1366.5,1366.9000244140625,2598
2026-09-24 12:43:00+05:30,1367.4000244140625,1368.0999755859375,1367.300048828125,1367.800048828125,3012
2026-09-24 12:44:00+05:30,1366.300048828125,1367.300048828125,1366.0999755859375,1367.0999755859375,6447
2026-09-24 12:45:00+05:30,1365.5,1366.300048828125,1365.5,1366.300048828125,1301
2026-09-24 12:46:00+05:30,1366.5999755859375,1366.699951171875,1365.300048828125,1365.5999755859375,5316
2026-09-24 12:47:00+05:30,1366.199951171875,1366.699951171875,1366.0999755859375,1366.5999755859375,18
2026-09-24 12:48:00+05:30,1366.300048828125,1366.5,1365.800048828125,1365.800048828125,1470
2026-09-24 12:49:00+05:30,1365.5999755859375,1366.300048828125,1365.5,1366.300048828125,175
2026-09-24 12:50:00+05:30,1365.300048828125,1365.699951171875,1365.300048828125,1365.5999755859375,848
2026-09-24 12:51:00+05:30,1365.5,1365.699951171875,1365.0999755859375,1365.300048828125,341
2026-09-24 12:52:00+05:30,1363.199951171875,1365.300048828125,1363.199951171875,1365.300048828125,5380
2026-09-24 12:53:00+05:30,1363.9000244140625,1364.699951171875,1363.5,1364.0999755859375,4758
2026-09-24 12:54:00+05:30,1363.4000244140625,1363.9000244140625,1363.0,1363.9000244140625,2211
2026-09-24 12:55:00+05:30,1363.9000244140625,1364.5,1363.800048828125,1363.9000244140625,3673
2026-09-24 12:56:00+05:30,1364.300048828125,1364.300048828125,1363.5,1363.9000244140625,966
2026-09-24 12:57:00+05:30,1364.199951171875,1364.5999755859375,1363.5999755859375,1363.9000244140625,638
2026-09-24 12:58:00+05:30,1363.699951171875,1364.199951171875,1363.5999755859375,1364.199951171875,793
2026-09-24 12:59:00+05:30,1363.5,1363.699951171875,1363.0999755859375,1363.5999755859375,664
2026-09-24 13:00:00+05:30,1364.199951171875,1364.199951171875,1363.300048828125,1363.300048828125,1212
2026-09-24 13:01:00+05:30,1364.800048828125,1364.800048828125,1363.9000244140625,1364.0,2328
2026-09-24 13:02:00+05:30,1364.5,1364.699951171875,1364.199951171875,1364.699951171875,1545
2026-09-24 13:03:00+05:30,1363.9000244140625,1364.5,1363.800048828125,1364.0,711
2026-09-24 13:04:00+05:30,1364.800048828125,1365.0,1363.800048828125,1363.9000244140625,7168
2026-09-24 13:05:00+05:30,1365.300048828125,1365.5,1364.5,1365.0,1622
2026-09-24 13:06:00+05:30,1365.0,1365.300048828125,1364.5,1365.300048828125,1008
2026-09-24 13:07:00+05:30,1365.0,1365.0,1364.800048828125,1364.800048828125,617
2026-09-24 13:08:00+05:30,1364.4000244140625,1365.0,1364.0,1365.0,2093
2026-09-24 13:09:00+05:30,1364.9000244140625,1365.300048828125,1364.0999755859375,1364.0999755859375,2913
2026-09-24 13:10:00+05:30,1364.0,1364.9000244140625,1363.800048828125,1364.9000244140625,403
2026-09-24 13:11:00+05:30,1363.9000244140625,1364.0,1363.800048828125,1364.0,562
2026-09-24 13:12:00+05:30,1363.699951171875,1363.9000244140625,1363.5999755859375,1363.9000244140625,504
2026-09-24 13:13:00+05:30,1364.5,1364.699951171875,1363.199951171875,1363.5999755859375,4061
2026-09-24 13:14:00+05:30,1364.800048828125,1365.0,1363.9000244140625,1364.5,1384
2026-09-24 13:15:00+05:30,1364.300048828125,1364.800048828125,1364.300048828125,1364.800048828125,1513
2026-09-24 13:16:00+05:30,1363.800048828125,1364.300048828125,1363.199951171875,1364.300048828125,1605
2026-09-24 13:17:00+05:30,1364.300048828125,1364.5,1363.699951171875,1364.0,1578
2026-09-24 13:18:00+05:30,1364.300048828125,1364.5999755859375,1363.800048828125,1364.0,1310
2026-09-24 13:19:00+05:30,1363.4000244140625,1364.300048828125,1363.0999755859375,1364.300048828125,550
2026-09-24 13:20:00+05:30,1364.0999755859375,1364.5999755859375,1363.5999755859375,1363.5999755859375,4116
2026-09-24 13:21:00+05:30,1364.0999755859375,1364.699951171875,1363.5999755859375,1363.9000244140625,1475
2026-09-24 13:22:00+05:30,1363.800048828125,1364.0999755859375,1363.199951171875,1363.5999755859375,473
2026-09-24 13:23:00+05:30,1364.9000244140625,1365.0,1363.199951171875,1363.800048828125,4495
2026-09-24 13:24:00+05:30,1364.5,1365.0999755859375,1364.0,1364.5,2794
2026-09-24 13:25:00+05:30,1364.199951171875,1364.5,1364.0,1364.5,1075
2026-09-24 13:26:00+05:30,1362.300048828125,1364.199951171875,1362.300048828125,1364.199951171875,756
2026-09-24 13:27:00+05:30,1362.4000244140625,1363.5,1362.0,1362.300048828125,1521
2026-09-24 13:28:00+05:30,1362.300048828125,1362.5,1362.199951171875,1362.4000244140625,972
2026-09-24 13:29:00+05:30,1363.0999755859375,1363.0999755859375,1362.0999755859375,1362.0999755859375,4324
2026-09-24 13:30:00+05:30,1362.800048828125,1363.0999755859375,1362.5,1363.0999755859375,307
2026-09-24 13:31:00+05:30,1363.0999755859375,1363.5,1362.4000244140625,1362.800048828125,1381
2026-09-24 13:32:00+05:30,1363.0,1363.4000244140625,1362.9000244140625,1363.0999755859375,564
2026-09-24 13:33:00+05:30,1363.300048828125,1363.300048828125,1362.5,1363.0999755859375,2447
2026-09-24 13:34:00+05:30,1363.300048828125,1363.699951171875,1362.800048828125,1363.5999755859375,991
2026-09-24 13:35:00+05:30,1363.199951171875,1364.0,1362.5999755859375,1363.300048828125,3482
2026-09-24 13:36:00+05:30,1362.800048828125,1363.4000244140625,1362.5,1363.199951171875,2538
2026-09-24 13:37:00+05:30,1362.699951171875,1362.800048828125,1362.300048828125,1362.5,559
2026-09-24 13:38:00+05:30,1362.5,1362.699951171875,1362.300048828125,1362.5999755859375,2173
2026-09-24 13:39:00+05:30,1363.199951171875,1363.199951171875,1361.800048828125,1362.5,6300
2026-09-24 13:40:00+05:30,1362.0,1363.0999755859375,1361.800048828125,1363.0999755859375,1415
2026-09-24 13:41:00+05:30,1361.699951171875,1362.199951171875,1361.5999755859375,1362.0,435
2026-09-24 13:42:00+05:30,1361.5999755859375,1362.5,1361.199951171875,1361.699951171875,1329
2026-09-24 13:43:00+05:30,1360.699951171875,1361.5999755859375,1360.199951171875,1361.5999755859375,1441
2026-09-24 13:44:00+05:30,1359.9000244140625,1360.5,1359.0999755859375,1360.0999755859375,4750
2026-09-24 13:45:00+05:30,1360.0,1361.0,1360.0,1360.300048828125,4318
2026-09-24 13:46:00+05:30,1360.0999755859375,1360.0999755859375,1359.5,1359.800048828125,2098
2026-09-24 13:47:00+05:30,1360.699951171875,1360.800048828125,1359.800048828125,1360.699951171875,2911
2026-09-24 13:48:00+05:30,1360.5999755859375,1361.199951171875,1360.199951171875,1360.199951171875,641
2026-09-24 13:49:00+05:30,1361.0999755859375,1361.5999755859375,1360.800048828125,1360.800048828125,480
2026-09-24 13:50:00+05:30,1360.5999755859375,1361.4000244140625,1360.5999755859375,1361.4000244140625,3312
2026-09-24 13:51:00+05:30,1359.199951171875,1360.199951171875,1359.199951171875,1360.0999755859375,417
2026-09-24 13:52:00+05:30,1359.9000244140625,1360.199951171875,1359.5,1359.5999755859375,5782
2026-09-24 13:53:00+05:30,1360.0999755859375,1360.800048828125,1359.300048828125,1359.300048828125,1837
2026-09-24 13:54:00+05:30,1360.0,1360.0999755859375,1359.4000244140625,1360.0999755859375,681
2026-09-24 13:55:00+05:30,1360.5,1360.5999755859375,1359.199951171875,1360.0,4469
2026-09-24 13:56:00+05:30,1360.0999755859375,1360.199951171875,1359.5999755859375,1359.9000244140625,1076
2026-09-24 13:57:00+05:30,1359.5,1360.0999755859375,1359.5,1359.5999755859375,652
2026-09-24 13:58:00+05:30,1358.4000244140625,1359.800048828125,1358.4000244140625,1359.300048828125,2415
2026-09-24 13:59:00+05:30,1358.699951171875,1359.4000244140625,1358.5,1359.0,2075
2026-09-24 14:00:00+05:30,1360.0999755859375,1360.0999755859375,1358.699951171875,1358.699951171875,996
2026-09-24 14:01:00+05:30,1360.300048828125,1360.300048828125,1359.5999755859375,1359.699951171875,715
2026-09-24 14:02:00+05:30,1360.0,1361.199951171875,1360.0,1360.300048828125,3216
2026-09-24 14:03:00+05:30,1359.199951171875,1360.199951171875,1359.199951171875,1360.199951171875,563
2026-09-24 14:04:00+05:30,1358.199951171875,1359.800048828125,1358.199951171875,1359.800048828125,487
2026-09-24 14:05:00+05:30,1358.0,1358.9000244140625,1358.0,1358.5,1126
2026-09-24 14:06:00+05:30,1357.9000244140625,1358.5999755859375,1357.9000244140625,1358.5999755859375,361
2026-09-24 14:07:00+05:30,1358.0,1358.800048828125,1357.9000244140625,1357.9000244140625,4913
2026-09-24 14:08:00+05:30,1358.5,1359.5,1357.699951171875,1357.699951171875,1341
2026-09-24 14:09:00+05:30,1358.5999755859375,1359.0,1358.0999755859375,1359.0,453
2026-09-24 14:10:00+05:30,1358.5,1358.9000244140625,1358.5,1358.5,1926
2026-09-24 14:11:00+05:30,1358.5999755859375,1358.9000244140625,1358.4000244140625,1358.5999755859375,1428
2026-09-24 14:12:00+05:30,1358.199951171875,1358.5999755859375,1358.199951171875,1358.5999755859375,794
2026-09-24 14:13:00+05:30,1358.300048828125,1358.9000244140625,1358.0,1358.5999755859375,3045
2026-09-24 14:14:00+05:30,1359.4000244140625,1360.0,1358.5,1358.9000244140625,3327
2026-09-24 14:15:00+05:30,1358.9000244140625,1359.4000244140625,1358.4000244140625,1359.4000244140625,4157
2026-09-24 14:16:00+05:30,1359.5,1360.0999755859375,1358.9000244140625,1358.9000244140625,5882
2026-09-24 14:17:00+05:30,1359.9000244140625,1360.300048828125,1359.5,1359.5,1357
2026-09-24 14:18:00+05:30,1359.5999755859375,1359.9000244140625,1359.4000244140625,1359.9000244140625,723
2026-09-24 14:19:00+05:30,1358.800048828125,1359.5,1358.5999755859375,1359.5,1009
2026-09-24 14:20:00+05:30,1358.699951171875,1358.800048828125,1358.199951171875,1358.5999755859375,1200
2026-09-24 14:21:00+05:30,1358.199951171875,1358.5999755859375,1358.0999755859375,1358.5,832
2026-09-24 14:22:00+05:30,1358.4000244140625,1358.800048828125,1358.0999755859375,1358.800048828125,2112
2026-09-24 14:23:00+05:30,1358.300048828125,1358.800048828125,1358.0999755859375,1358.4000244140625,1166
2026-09-24 14:24:00+05:30,1357.5,1358.199951171875,1357.5,1358.0999755859375,1423
2026-09-24 14:25:00+05:30,1357.800048828125,1357.800048828125,1357.199951171875,1357.800048828125,2439
2026-09-24 14:26:00+05:30,1357.699951171875,1357.9000244140625,1357.0999755859375,1357.800048828125,1435
2026-09-24 14:27:00+05:30,1358.199951171875,1358.199951171875,1357.0,1357.300048828125,2581
2026-09-24 14:28:00+05:30,1357.699951171875,1358.800048828125,1357.699951171875,1358.800048828125,2247
2026-09-24 14:29:00+05:30,1357.300048828125,1358.300048828125,1357.300048828125,1357.9000244140625,2519
2026-09-24 14:30:00+05:30,1357.4000244140625,1357.800048828125,1357.0999755859375,1357.300048828125,1205
2026-09-24 14:31:00+05:30,1357.5999755859375,1357.699951171875,1357.300048828125,1357.699951171875,670
2026-09-24 14:32:00+05:30,1357.199951171875,1357.5,1357.0999755859375,1357.0999755859375,1791
2026-09-24 14:33:00+05:30,1356.800048828125,1357.199951171875,1356.800048828125,1357.199951171875,1684
2026-09-24 14:34:00+05:30,1357.5999755859375,1357.800048828125,1356.800048828125,1356.800048828125,3378
2026-09-24 14:35:00+05:30,1357.9000244140625,1358.300048828125,1357.5999755859375,1357.5999755859375,1909
2026-09-24 14:36:00+05:30,1357.5,1358.0999755859375,1357.4000244140625,1358.0999755859375,1821
2026-09-24 14:37:00+05:30,1357.300048828125,1357.800048828125,1357.0,1357.800048828125,551
2026-09-24 14:38:00+05:30,1358.699951171875,1358.699951171875,1357.0999755859375,1357.0999755859375,4621
2026-09-24 14:39:00+05:30,1358.5999755859375,1358.800048828125,1358.0,1358.0,2149
2026-09-24 14:40:00+05:30,1358.199951171875,1358.5999755859375,1357.9000244140625,1358.5999755859375,1621
2026-09-24 14:41:00+05:30,1358.5999755859375,1358.800048828125,1358.0999755859375,1358.199951171875,4003
2026-09-24 14:42:00+05:30,1357.5999755859375,1358.9000244140625,1357.5999755859375,1358.9000244140625,1310
2026-09-24 14:43:00+05:30,1357.199951171875,1358.0,1357.0,1357.5999755859375,3607
2026-09-24 14:44:00+05:30,1357.300048828125,1357.5,1357.0,1357.300048828125,2053
2026-09-24 14:45:00+05:30,1357.0999755859375,1357.300048828125,1356.5999755859375,1357.0999755859375,2801
2026-09-24 14:46:00+05:30,1357.300048828125,1357.800048828125,1357.199951171875,1357.199951171875,2831
2026-09-24 14:47:00+05:30,1357.5999755859375,1357.699951171875,1357.199951171875,1357.699951171875,629
2026-09-24 14:48:00+05:30,1356.699951171875,1357.4000244140625,1356.699951171875,1357.4000244140625,1941
2026-09-24 14:49:00+05:30,1356.5,1357.0999755859375,1356.5,1357.0999755859375,7407
2026-09-24 14:50:00+05:30,1354.5999755859375,1356.0,1354.5999755859375,1355.9000244140625,27758
2026-09-24 14:51:00+05:30,1355.5,1355.5,1354.5,1354.5999755859375,8431
2026-09-24 14:52:00+05:30,1355.300048828125,1355.5999755859375,1354.9000244140625,1355.5999755859375,540
2026-09-24 14:53:00+05:30,1354.800048828125,1355.300048828125,1354.800048828125,1355.300048828125,3158
2026-09-24 14:54:00+05:30,1353.800048828125,1354.5999755859375,1353.5999755859375,1354.199951171875,4889
2026-09-24 14:55:00+05:30,1354.0,1354.199951171875,1353.800048828125,1354.0,3117
2026-09-24 14:56:00+05:30,1353.800048828125,1354.0999755859375,1353.5999755859375,1353.800048828125,868
2026-09-24 14:57:00+05:30,1352.800048828125,1353.199951171875,1352.699951171875,1353.199951171875,5915
2026-09-24 14:58:00+05:30,1352.5,1352.9000244140625,1352.0,1352.800048828125,5994
2026-09-24 14:59:00+05:30,1351.800048828125,1352.5,1351.5999755859375,1352.5,5113
2026-09-24 15:00:00+05:30,1352.0,1352.0,1351.300048828125,1351.699951171875,15561
2026-09-24 15:01:00+05:30,1351.199951171875,1351.5999755859375,1350.300048828125,1351.5999755859375,8525
2026-09-24 15:02:00+05:30,1351.5,1351.9000244140625,1351.199951171875,1351.4000244140625,7388
2026-09-24 15:03:00+05:30,1351.4000244140625,1352.300048828125,1351.4000244140625,1351.9000244140625,6764
2026-09-24 15:04:00+05:30,1351.5999755859375,1351.5999755859375,1351.0,1351.5999755859375,4111
2026-09-24 15:05:00+05:30,1351.5999755859375,1351.9000244140625,1351.4000244140625,1351.5,14345
2026-09-24 15:06:00+05:30,1351.300048828125,1351.800048828125,1351.0999755859375,1351.699951171875,6130
2026-09-24 15:07:00+05:30,1350.9000244140625,1351.199951171875,1350.9000244140625,1351.199951171875,6927
2026-09-24 15:08:00+05:30,1352.5,1352.699951171875,1350.800048828125,1350.9000244140625,12741
2026-09-24 15:09:00+05:30,1352.300048828125,1352.300048828125,1352.199951171875,1352.199951171875,5509
2026-09-24 15:10:00+05:30,1352.0,1352.4000244140625,1352.0,1352.4000244140625,4583
2026-09-24 15:11:00+05:30,1350.800048828125,1351.5999755859375,1350.800048828125,1351.5999755859375,19251
2026-09-24 15:12:00+05:30,1351.300048828125,1352.4000244140625,1350.699951171875,1351.199951171875,12035
2026-09-24 15:13:00+05:30,1351.5,1352.5,1351.199951171875,1351.199951171875,7823
2026-09-24 15:14:00+05:30,1351.0,1353.4000244140625,1351.0,1351.5999755859375,59460
2026-09-25 09:15:00+05:30,1355.800048828125,1356.5,1349.199951171875,1352.0,0
2026-09-25 09:16:00+05:30,1359.0,1359.800048828125,1355.9000244140625,1355.9000244140625,4006
2026-09-25 09:17:00+05:30,1355.5,1357.199951171875,1355.5,1356.800048828125,3859
2026-09-25 09:18:00+05:30,1358.300048828125,1359.4000244140625,1357.5999755859375,1358.199951171875,5115
2026-09-25 09:19:00+05:30,1357.0,1358.0,1356.4000244140625,1358.0,1682
2026-09-25 09:20:00+05:30,1357.5,1357.5,1355.699951171875,1356.0999755859375,2231
2026-09-25 09:21:00+05:30,1359.699951171875,1359.9000244140625,1357.800048828125,1358.0,1601
2026-09-25 09:22:00+05:30,1359.4000244140625,1359.9000244140625,1358.300048828125,1359.800048828125,2385
2026-09-25 09:23:00+05:30,1357.5,1359.300048828125,1357.5,1359.300048828125,611
2026-09-25 09:24:00+05:30,1357.0999755859375,1357.300048828125,1356.4000244140625,1357.300048828125,1281
2026-09-25 09:25:00+05:30,1356.0999755859375,1357.800048828125,1356.0999755859375,1357.800048828125,1243
2026-09-25 09:26:00+05:30,1357.699951171875,1357.800048828125,1356.0,1356.0999755859375,7639
2026-09-25 09:27:00+05:30,1359.4000244140625,1359.4000244140625,1357.5,1357.699951171875,2097
2026-09-25 09:28:00+05:30,1358.9000244140625,1359.4000244140625,1358.0999755859375,1359.4000244140625,1569
2026-09-25 09:29:00+05:30,1358.9000244140625,1358.9000244140625,1358.300048828125,1358.9000244140625,636
2026-09-25 09:30:00+05:30,1357.800048828125,1358.9000244140625,1356.699951171875,1358.9000244140625,1125
2026-09-25 09:31:00+05:30,1356.699951171875,1357.300048828125,1356.699951171875,1357.0,359
2026-09-25 09:32:00+05:30,1357.0,1357.199951171875,1357.0,1357.0,334
2026-09-25 09:33:00+05:30,1357.0,1357.300048828125,1356.4000244140625,1356.4000244140625,3752
2026-09-25 09:34:00+05:30,1356.699951171875,1357.199951171875,1356.4000244140625,1357.199951171875,226
2026-09-25 09:35:00+05:30,1355.699951171875,1356.699951171875,1355.199951171875,1356.699951171875,1523
2026-09-25 09:36:00+05:30,1354.5,1355.4000244140625,1354.5,1355.4000244140625,447
2026-09-25 09:37:00+05:30,1353.4000244140625,1354.5,1353.0,1354.5,2296
2026-09-25 09:38:00+05:30,1354.9000244140625,1355.0,1352.699951171875,1352.699951171875,1418
2026-09-25 09:39:00+05:30,1354.0,1354.9000244140625,1353.800048828125,1354.9000244140625,3144
2026-09-25 09:40:00+05:30,1353.9000244140625,1354.300048828125,1353.300048828125,1354.300048828125,1883
2026-09-25 09:41:00+05:30,1354.800048828125,1354.800048828125,1353.0,1353.9000244140625,1261
2026-09-25 09:42:00+05:30,1354.9000244140625,1354.9000244140625,1354.5999755859375,1354.800048828125,425
2026-09-25 09:43:00+05:30,1354.300048828125,1355.0,1353.9000244140625,1355.0,1013
2026-09-25 09:44:00+05:30,1354.300048828125,1354.300048828125,1354.300048828125,1354.300048828125,206
2026-09-25 09:45:00+05:30,1355.4000244140625,1355.800048828125,1354.300048828125,1354.300048828125,1972
2026-09-25 09:46:00+05:30,1355.5,1355.9000244140625,1355.5,1355.5,586
2026-09-25 09:47:00+05:30,1355.4000244140625,1355.5,1355.199951171875,1355.5,137
2026-09-25 09:48:00+05:30,1355.4000244140625,1355.4000244140625,1355.199951171875,1355.4000244140625,133
2026-09-25 09:49:00+05:30,1355.0999755859375,1355.199951171875,1355.0,1355.0,274
2026-09-25 09:50:00+05:30,1354.4000244140625,1355.0999755859375,1354.4000244140625,1355.0999755859375,307
2026-09-25 09:51:00+05:30,1353.0,1353.5999755859375,1353.0,1353.5999755859375,1328
2026-09-25 09:52:00+05:30,1352.0,1353.4000244140625,1352.0,1353.4000244140625,1192
2026-09-25 09:53:00+05:30,1352.0,1352.300048828125,1352.0,1352.300048828125,226
2026-09-25 09:54:00+05:30,1352.199951171875,1352.199951171875,1351.699951171875,1352.0,1110
2026-09-25 09:55:00+05:30,1352.4000244140625,1352.4000244140625,1352.0,1352.0,487
2026-09-25 09:56:00+05:30,1352.300048828125,1352.4000244140625,1351.800048828125,1352.4000244140625,1099
2026-09-25 09:57:00+05:30,1352.4000244140625,1352.4000244140625,1351.699951171875,1352.300048828125,412
2026-09-25 09:58:00+05:30,1352.0,1352.4000244140625,1352.0,1352.4000244140625,259
2026-09-25 09:59:00+05:30,1352.4000244140625,1353.0999755859375,1352.0,1352.199951171875,223
2026-09-25 10:00:00+05:30,1352.9000244140625,1352.9000244140625,1352.5,1352.9000244140625,311
2026-09-25 10:01:00+05:30,1353.9000244140625,1353.9000244140625,1353.5,1353.5,687
2026-09-25 10:02:00+05:30,1354.0,1354.5999755859375,1353.9000244140625,1353.9000244140625,716
2026-09-25 10:03:00+05:30,1354.5999755859375,1354.5999755859375,1354.0,1354.0,554
2026-09-25 10:04:00+05:30,1354.9000244140625,1355.300048828125,1354.199951171875,1354.199951171875,4251
2026-09-25 10:05:00+05:30,1354.0,1354.9000244140625,1354.0,1354.9000244140625,682
2026-09-25 10:06:00+05:30,1354.0,1354.4000244140625,1354.0,1354.4000244140625,264
2026-09-25 10:07:00+05:30,1354.300048828125,1354.300048828125,1354.0,1354.0,331
2026-09-25 10:08:00+05:30,1354.300048828125,1354.300048828125,1354.300048828125,1354.300048828125,127
2026-09-25 10:09:00+05:30,1354.4000244140625,1354.4000244140625,1354.0,1354.300048828125,523
2026-09-25 10:10:00+05:30,1354.699951171875,1355.0,1354.199951171875,1354.199951171875,613
2026-09-25 10:11:00+05:30,1354.300048828125,1354.9000244140625,1354.300048828125,1354.699951171875,1118
2026-09-25 10:12:00+05:30,1354.5999755859375,1354.5999755859375,1354.5999755859375,1354.5999755859375,191
2026-09-25 10:13:00+05:30,1354.4000244140625,1354.5999755859375,1353.699951171875,1354.5999755859375,598
2026-09-25 10:14:00+05:30,1354.4000244140625,1354.4000244140625,1354.4000244140625,1354.4000244140625,29
2026-09-25 10:15:00+05:30,1354.0999755859375,1354.4000244140625,1354.0999755859375,1354.4000244140625,143
2026-09-25 10:16:00+05:30,1354.0999755859375,1354.0999755859375,1354.0,1354.0999755859375,236
2026-09-25 10:17:00+05:30,1354.5999755859375,1354.5999755859375,1354.0,1354.0999755859375,4087
2026-09-25 10:18:00+05:30,1355.300048828125,1355.5999755859375,1354.5999755859375,1354.5999755859375,592
2026-09-25 10:19:00+05:30,1355.0,1356.0,1355.0,1355.5999755859375,645
2026-09-25 10:20:00+05:30,1355.0,1355.300048828125,1354.5,1355.300048828125,221
2026-09-25 10:21:00+05:30,1354.800048828125,1355.0,1354.5,1354.9000244140625,143
2026-09-25 10:22:00+05:30,1353.199951171875,1354.9000244140625,1352.699951171875,1354.9000244140625,1046
2026-09-25 10:23:00+05:30,1353.4000244140625,1353.4000244140625,1352.9000244140625,1353.300048828125,629
2026-09-25 10:24:00+05:30,1354.4000244140625,1354.699951171875,1354.199951171875,1354.4000244140625,297
2026-09-25 10:25:00+05:30,1355.0,1355.0,1354.0999755859375,1354.0999755859375,137
2026-09-25 10:26:00+05:30,1354.800048828125,1355.0,1354.800048828125,1355.0,154
2026-09-25 10:27:00+05:30,1355.0,1355.0,1354.800048828125,1354.800048828125,249
2026-09-25 10:28:00+05:30,1354.0,1354.9000244140625,1354.0,1354.9000244140625,430
2026-09-25 10:29:00+05:30,1353.199951171875,1354.0999755859375,1353.0,1354.0,782
2026-09-25 10:30:00+05:30,1353.0,1353.199951171875,1353.0,1353.199951171875,330
2026-09-25 10:31:00+05:30,1354.300048828125,1354.699951171875,1353.0,1353.0,1700
2026-09-25 10:32:00+05:30,1352.699951171875,1354.199951171875,1352.300048828125,1354.199951171875,591
2026-09-25 10:33:00+05:30,1353.0,1353.0,1352.5,1352.9000244140625,106
2026-09-25 10:34:00+05:30,1351.9000244140625,1353.199951171875,1351.9000244140625,1353.0,873
2026-09-25 10:35:00+05:30,1352.800048828125,1352.800048828125,1351.699951171875,1352.0,472
2026-09-25 10:36:00+05:30,1352.699951171875,1352.9000244140625,1352.699951171875,1352.800048828125,95
2026-09-25 10:37:00+05:30,1353.4000244140625,1353.4000244140625,1353.0999755859375,1353.0999755859375,150
2026-09-25 10:38:00+05:30,1352.800048828125,1353.199951171875,1352.699951171875,1353.0999755859375,146
2026-09-25 10:39:00+05:30,1352.699951171875,1352.800048828125,1352.300048828125,1352.4000244140625,81
2026-09-25 10:40:00+05:30,1352.5,1352.699951171875,1352.300048828125,1352.699951171875,196
2026-09-25 10:41:00+05:30,1352.5,1352.5,1352.5,1352.5,323
2026-09-25 10:42:00+05:30,1352.699951171875,1353.0999755859375,1352.5,1352.5,1571
2026-09-25 10:43:00+05:30,1352.699951171875,1352.9000244140625,1352.5999755859375,1352.9000244140625,169
2026-09-25 10:44:00+05:30,1352.199951171875,1353.199951171875,1352.199951171875,1352.699951171875,594
2026-09-25 10:45:00+05:30,1351.699951171875,1352.699951171875,1351.699951171875,1352.5999755859375,324
2026-09-25 10:46:00+05:30,1351.5,1352.300048828125,1351.5,1351.9000244140625,99
2026-09-25 10:47:00+05:30,1351.4000244140625,1351.800048828125,1351.300048828125,1351.4000244140625,272
2026-09-25 10:48:00+05:30,1351.0999755859375,1351.5,1351.0999755859375,1351.5,242
2026-09-25 10:49:00+05:30,1351.199951171875,1351.300048828125,1351.0999755859375,1351.300048828125,173
2026-09-25 10:50:00+05:30,1351.199951171875,1351.199951171875,1350.699951171875,1351.199951171875,1828
2026-09-25 10:51:00+05:30,1351.699951171875,1352.300048828125,1351.199951171875,1351.199951171875,625
2026-09-25 10:52:00+05:30,1351.800048828125,1352.4000244140625,1351.4000244140625,1352.300048828125,151
2026-09-25 10:53:00+05:30,1351.199951171875,1352.5,1351.199951171875,1351.800048828125,289
2026-09-25 10:54:00+05:30,1351.0999755859375,1351.4000244140625,1351.0999755859375,1351.0999755859375,293
2026-09-25 10:55:00+05:30,1351.0999755859375,1351.300048828125,1351.0999755859375,1351.199951171875,287
2026-09-25 10:56:00+05:30,1350.9000244140625,1351.0999755859375,1350.9000244140625,1351.0999755859375,72
2026-09-25 10:57:00+05:30,1351.300048828125,1351.300048828125,1350.9000244140625,1351.0,643
2026-09-25 10:58:00+05:30,1351.4000244140625,1351.9000244140625,1351.0,1351.4000244140625,767
2026-09-25 10:59:00+05:30,1351.5999755859375,1351.9000244140625,1351.199951171875,1351.4000244140625,126
2026-09-25 11:00:00+05:30,1351.4000244140625,1351.9000244140625,1351.300048828125,1351.5999755859375,182
2026-09-25 11:01:00+05:30,1351.199951171875,1351.4000244140625,1351.199951171875,1351.4000244140625,184
2026-09-25 11:02:00+05:30,1351.4000244140625,1351.4000244140625,1351.199951171875,1351.300048828125,176
2026-09-25 11:03:00+05:30,1352.199951171875,1352.4000244140625,1351.5,1351.5,266
2026-09-25 11:04:00+05:30,1352.5,1352.699951171875,1352.0999755859375,1352.4000244140625,336
2026-09-25 11:05:00+05:30,1352.699951171875,1352.699951171875,1352.0,1352.4000244140625,957
2026-09-25 11:06:00+05:30,1352.4000244140625,1352.699951171875,1352.4000244140625,1352.4000244140625,186
2026-09-25 11:07:00+05:30,1352.5,1352.699951171875,1352.4000244140625,1352.699951171875,227
2026-09-25 11:08:00+05:30,1352.699951171875,1352.699951171875,1352.4000244140625,1352.5999755859375,315
2026-09-25 11:09:00+05:30,1352.800048828125,1352.9000244140625,1352.5999755859375,1352.5999755859375,655
2026-09-25 11:10:00+05:30,1352.300048828125,1352.800048828125,1352.0,1352.800048828125,277
2026-09-25 11:11:00+05:30,1351.300048828125,1352.5,1351.0,1352.5,1767
2026-09-25 11:12:00+05:30,1351.0999755859375,1351.300048828125,1351.0999755859375,1351.300048828125,452
2026-09-25 11:13:00+05:30,1350.300048828125,1351.0999755859375,1350.0999755859375,1351.0999755859375,523
2026-09-25 11:14:00+05:30,1350.199951171875,1350.300048828125,1350.0,1350.300048828125,1003
2026-09-25 11:15:00+05:30,1350.5999755859375,1350.5999755859375,1350.300048828125,1350.300048828125,289
2026-09-25 11:16:00+05:30,1350.800048828125,1350.800048828125,1350.5,1350.5999755859375,352
2026-09-25 11:17:00+05:30,1351.4000244140625,1351.4000244140625,1350.800048828125,1350.800048828125,410
2026-09-25 11:18:00+05:30,1351.0999755859375,1351.300048828125,1350.699951171875,1351.0,196
2026-09-25 11:19:00+05:30,1350.5,1351.0999755859375,1350.5,1351.0999755859375,311
2026-09-25 11:20:00+05:30,1351.0999755859375,1351.300048828125,1350.699951171875,1350.9000244140625,558
2026-09-25 11:21:00+05:30,1350.5999755859375,1351.4000244140625,1350.5999755859375,1351.0999755859375,1789
2026-09-25 11:22:00+05:30,1350.5,1351.199951171875,1350.5,1351.199951171875,187
2026-09-25 11:23:00+05:30,1351.4000244140625,1351.4000244140625,1350.5999755859375,1350.800048828125,951
2026-09-25 11:24:00+05:30,1349.300048828125,1351.4000244140625,1349.300048828125,1351.4000244140625,1304
2026-09-25 11:25:00+05:30,1349.199951171875,1349.5999755859375,1348.800048828125,1349.300048828125,1210
2026-09-25 11:26:00+05:30,1348.5,1349.199951171875,1348.5,1349.199951171875,276
2026-09-25 11:27:00+05:30,1350.5999755859375,1350.5999755859375,1348.5999755859375,1348.800048828125,2867
2026-09-25 11:28:00+05:30,1350.699951171875,1351.199951171875,1350.699951171875,1351.199951171875,968
2026-09-25 11:29:00+05:30,1350.699951171875,1351.0,1350.699951171875,1351.0,671
2026-09-25 11:30:00+05:30,1351.5999755859375,1351.5999755859375,1350.9000244140625,1351.199951171875,1440
2026-09-25 11:31:00+05:30,1352.5999755859375,1352.5999755859375,1351.699951171875,1352.199951171875,351
2026-09-25 11:32:00+05:30,1352.4000244140625,1352.699951171875,1352.199951171875,1352.5999755859375,213
2026-09-25 11:33:00+05:30,1352.800048828125,1352.9000244140625,1352.4000244140625,1352.5999755859375,1634
2026-09-25 11:34:00+05:30,1352.800048828125,1352.800048828125,1351.9000244140625,1352.800048828125,499
2026-09-25 11:35:00+05:30,1352.0,1352.800048828125,1351.9000244140625,1352.800048828125,350
2026-09-25 11:36:00+05:30,1351.699951171875,1352.300048828125,1351.300048828125,1352.300048828125,848
2026-09-25 11:37:00+05:30,1351.5999755859375,1351.9000244140625,1351.300048828125,1351.300048828125,163
2026-09-25 11:38:00+05:30,1352.199951171875,1352.300048828125,1351.699951171875,1351.800048828125,606
2026-09-25 11:39:00+05:30,1351.9000244140625,1352.300048828125,1351.699951171875,1352.199951171875,177
2026-09-25 11:40:00+05:30,1351.800048828125,1352.199951171875,1350.9000244140625,1351.9000244140625,17400
2026-09-25 11:41:00+05:30,1352.300048828125,1352.4000244140625,1351.5,1351.800048828125,673
2026-09-25 11:42:00+05:30,1352.5,1352.9000244140625,1352.5,1352.5999755859375,200
2026-09-25 11:43:00+05:30,1352.300048828125,1352.9000244140625,1351.699951171875,1352.9000244140625,304
2026-09-25 11:44:00+05:30,1352.0999755859375,1352.5,1351.5999755859375,1352.300048828125,745
2026-09-25 11:45:00+05:30,1351.800048828125,1352.4000244140625,1351.800048828125,1352.0999755859375,220
2026-09-25 11:46:00+05:30,1351.5,1352.4000244140625,1351.5,1352.300048828125,54
2026-09-25 11:47:00+05:30,1352.699951171875,1352.699951171875,1351.800048828125,1352.300048828125,803
2026-09-25 11:48:00+05:30,1352.800048828125,1352.800048828125,1352.4000244140625,1352.699951171875,250
2026-09-25 11:49:00+05:30,1352.5999755859375,1352.800048828125,1352.4000244140625,1352.800048828125,199
2026-09-25 11:50:00+05:30,1354.0,1354.0,1352.5999755859375,1352.5999755859375,623
2026-09-25 11:51:00+05:30,1354.300048828125,1354.4000244140625,1353.4000244140625,1354.4000244140625,727
2026-09-25 11:52:00+05:30,1354.699951171875,1354.9000244140625,1354.199951171875,1354.800048828125,1632
2026-09-25 11:53:00+05:30,1354.4000244140625,1354.699951171875,1354.4000244140625,1354.699951171875,960
2026-09-25 11:54:00+05:30,1353.800048828125,1354.699951171875,1353.5,1354.699951171875,1517
2026-09-25 11:55:00+05:30,1353.0,1353.800048828125,1353.0,1353.5,232
2026-09-25 11:56:00+05:30,1353.199951171875,1353.699951171875,1353.0,1353.5,386
2026-09-25 11:57:00+05:30,1352.5999755859375,1353.4000244140625,1352.5999755859375,1353.4000244140625,407
2026-09-25 11:58:00+05:30,1353.0999755859375,1353.0999755859375,1352.5,1352.5999755859375,369
2026-09-25 11:59:00+05:30,1352.9000244140625,1353.0999755859375,1352.5999755859375,1353.0999755859375,222
2026-09-25 12:00:00+05:30,1354.0,1354.199951171875,1352.5,1352.5999755859375,1322
2026-09-25 12:01:00+05:30,1353.0,1353.699951171875,1353.0,1353.699951171875,446
2026-09-25 12:02:00+05:30,1353.699951171875,1353.800048828125,1353.0,1353.5,269
2026-09-25 12:03:00+05:30,1353.4000244140625,1353.5999755859375,1353.0999755859375,1353.5999755859375,1315
2026-09-25 12:04:00+05:30,1354.0999755859375,1354.300048828125,1353.5999755859375,1353.800048828125,272
2026-09-25 12:05:00+05:30,1355.0999755859375,1355.5999755859375,1354.0,1354.0999755859375,2178
2026-09-25 12:06:00+05:30,1354.0999755859375,1355.0,1354.0,1355.0,735
2026-09-25 12:07:00+05:30,1354.0999755859375,1354.199951171875,1354.0999755859375,1354.199951171875,252
2026-09-25 12:08:00+05:30,1354.0,1354.800048828125,1353.4000244140625,1354.0,1143
2026-09-25 12:09:00+05:30,1354.9000244140625,1354.9000244140625,1354.0999755859375,1354.0999755859375,253
2026-09-25 12:10:00+05:30,1354.800048828125,1354.9000244140625,1354.5999755859375,1354.5999755859375,454
2026-09-25 12:11:00+05:30,1355.0999755859375,1355.5,1354.699951171875,1354.699951171875,662
2026-09-25 12:12:00+05:30,1353.9000244140625,1355.5,1353.5999755859375,1355.5,1386
2026-09-25 12:13:00+05:30,1354.300048828125,1354.300048828125,1353.699951171875,1353.9000244140625,234
2026-09-25 12:14:00+05:30,1354.5,1354.5,1354.0,1354.5,445
2026-09-25 12:15:00+05:30,1355.0,1355.800048828125,1354.199951171875,1354.5,291
2026-09-25 12:16:00+05:30,1354.800048828125,1355.300048828125,1354.4000244140625,1355.0999755859375,164
2026-09-25 12:17:00+05:30,1355.0999755859375,1355.5,1354.800048828125,1354.800048828125,313
2026-09-25 12:18:00+05:30,1354.5,1355.199951171875,1354.5,1355.199951171875,780
2026-09-25 12:19:00+05:30,1354.300048828125,1355.0,1354.300048828125,1355.0,167
2026-09-25 12:20:00+05:30,1354.4000244140625,1354.800048828125,1354.199951171875,1354.5999755859375,603
2026-09-25 12:21:00+05:30,1353.800048828125,1354.4000244140625,1353.4000244140625,1354.4000244140625,184
2026-09-25 12:22:00+05:30,1353.4000244140625,1353.800048828125,1353.4000244140625,1353.800048828125,95
2026-09-25 12:23:00+05:30,1355.0999755859375,1355.0999755859375,1353.4000244140625,1353.5,930
2026-09-25 12:24:00+05:30,1354.0999755859375,1354.699951171875,1354.0,1354.199951171875,690
2026-09-25 12:25:00+05:30,1354.699951171875,1354.699951171875,1354.0,1354.5999755859375,345
2026-09-25 12:26:00+05:30,1354.800048828125,1355.0,1354.5,1354.5999755859375,193
2026-09-25 12:27:00+05:30,1354.800048828125,1355.199951171875,1354.5,1354.699951171875,369
2026-09-25 12:28:00+05:30,1355.4000244140625,1355.5,1354.300048828125,1354.800048828125,812
2026-09-25 12:29:00+05:30,1356.300048828125,1356.5,1355.5,1355.5,1300
2026-09-25 12:30:00+05:30,1356.4000244140625,1356.5,1356.0999755859375,1356.300048828125,249
2026-09-25 12:31:00+05:30,1356.300048828125,1356.5,1356.300048828125,1356.5,241
2026-09-25 12:32:00+05:30,1355.9000244140625,1356.4000244140625,1354.800048828125,1356.4000244140625,866
2026-09-25 12:33:00+05:30,1356.300048828125,1356.300048828125,1355.5,1355.9000244140625,141
2026-09-25 12:34:00+05:30,1355.300048828125,1356.199951171875,1355.300048828125,1356.199951171875,166
2026-09-25 12:35:00+05:30,1355.300048828125,1355.5,1355.199951171875,1355.300048828125,671
2026-09-25 12:36:00+05:30,1354.0,1355.4000244140625,1354.0,1355.4000244140625,935
2026-09-25 12:37:00+05:30,1354.5999755859375,1355.0999755859375,1353.5999755859375,1354.0,480
2026-09-25 12:38:00+05:30,1354.699951171875,1355.4000244140625,1354.4000244140625,1354.5999755859375,404
2026-09-25 12:39:00+05:30,1355.699951171875,1355.9000244140625,1354.800048828125,1354.800048828125,279
2026-09-25 12:40:00+05:30,1355.0999755859375,1355.9000244140625,1355.0999755859375,1355.800048828125,887
2026-09-25 12:41:00+05:30,1355.0999755859375,1355.4000244140625,1355.0,1355.4000244140625,368
2026-09-25 12:42:00+05:30,1355.0,1355.0999755859375,1355.0,1355.0,143
2026-09-25 12:43:00+05:30,1355.0,1355.0999755859375,1355.0,1355.0999755859375,289
2026-09-25 12:44:00+05:30,1355.4000244140625,1355.4000244140625,1355.0,1355.0,758
2026-09-25 12:45:00+05:30,1355.4000244140625,1355.4000244140625,1355.0999755859375,1355.4000244140625,176
2026-09-25 12:46:00+05:30,1354.199951171875,1355.5,1354.199951171875,1355.5,662
2026-09-25 12:47:00+05:30,1354.699951171875,1354.699951171875,1354.0,1354.5999755859375,265
2026-09-25 12:48:00+05:30,1354.800048828125,1355.300048828125,1354.800048828125,1355.199951171875,174
2026-09-25 12:49:00+05:30,1354.0999755859375,1354.699951171875,1353.9000244140625,1354.4000244140625,664
2026-09-25 12:50:00+05:30,1354.800048828125,1354.800048828125,1354.4000244140625,1354.5,410
2026-09-25 12:51:00+05:30,1355.199951171875,1355.300048828125,1354.5,1354.800048828125,177
2026-09-25 12:52:00+05:30,1354.300048828125,1355.4000244140625,1354.0,1355.4000244140625,862
2026-09-25 12:53:00+05:30,1354.0,1354.300048828125,1353.9000244140625,1354.300048828125,289
2026-09-25 12:54:00+05:30,1354.0,1354.0,1353.9000244140625,1354.0,134
2026-09-25 12:55:00+05:30,1354.0,1354.0,1353.9000244140625,1354.0,877
2026-09-25 12:56:00+05:30,1352.5,1354.0,1352.5,1354.0,626
2026-09-25 12:57:00+05:30,1352.5999755859375,1352.5999755859375,1351.5999755859375,1352.0999755859375,2338
2026-09-25 12:58:00+05:30,1353.0,1353.0,1352.5,1352.699951171875,172
2026-09-25 12:59:00+05:30,1353.0,1353.4000244140625,1352.800048828125,1353.0,619
2026-09-25 13:00:00+05:30,1355.5,1355.5,1353.199951171875,1353.300048828125,1242
2026-09-25 13:01:00+05:30,1354.5999755859375,1355.5,1354.4000244140625,1355.199951171875,939
2026-09-25 13:02:00+05:30,1354.0,1354.4000244140625,1353.9000244140625,1354.0999755859375,332
2026-09-25 13:03:00+05:30,1353.5,1354.0,1353.5,1354.0,121
2026-09-25 13:04:00+05:30,1353.5,1353.9000244140625,1353.5,1353.9000244140625,191
2026-09-25 13:05:00+05:30,1353.5999755859375,1353.699951171875,1353.5,1353.5999755859375,53
2026-09-25 13:06:00+05:30,1353.199951171875,1353.5999755859375,1353.199951171875,1353.5999755859375,712
2026-09-25 13:07:00+05:30,1353.4000244140625,1353.4000244140625,1353.199951171875,1353.300048828125,403
2026-09-25 13:08:00+05:30,1353.4000244140625,1353.5,1353.199951171875,1353.4000244140625,279
2026-09-25 13:09:00+05:30,1353.699951171875,1353.699951171875,1353.199951171875,1353.4000244140625,507
2026-09-25 13:10:00+05:30,1353.699951171875,1353.699951171875,1353.4000244140625,1353.699951171875,90
2026-09-25 13:11:00+05:30,1354.5,1354.9000244140625,1354.300048828125,1354.4000244140625,794
2026-09-25 13:12:00+05:30,1354.9000244140625,1355.0,1354.4000244140625,1355.0,96
2026-09-25 13:13:00+05:30,1354.5999755859375,1355.0,1354.4000244140625,1354.9000244140625,799
2026-09-25 13:14:00+05:30,1353.5999755859375,1354.699951171875,1353.5999755859375,1354.699951171875,206
2026-09-25 13:15:00+05:30,1353.5,1353.9000244140625,1353.5,1353.9000244140625,219
2026-09-25 13:16:00+05:30,1353.4000244140625,1353.699951171875,1352.800048828125,1353.699951171875,2349
2026-09-25 13:17:00+05:30,1354.0999755859375,1354.4000244140625,1353.5999755859375,1353.5999755859375,861
2026-09-25 13:18:00+05:30,1352.800048828125,1354.300048828125,1352.800048828125,1354.199951171875,289
2026-09-25 13:19:00+05:30,1353.0999755859375,1353.4000244140625,1352.800048828125,1353.300048828125,249
2026-09-25 13:20:00+05:30,1354.5,1354.5,1354.0999755859375,1354.0999755859375,1312
2026-09-25 13:21:00+05:30,1354.199951171875,1355.0,1354.0,1354.5,431
2026-09-25 13:22:00+05:30,1354.0999755859375,1355.0,1354.0,1354.199951171875,1809
2026-09-25 13:23:00+05:30,1353.5,1354.199951171875,1353.300048828125,1354.0999755859375,302
2026-09-25 13:24:00+05:30,1353.5,1353.699951171875,1353.199951171875,1353.5999755859375,150
2026-09-25 13:25:00+05:30,1353.9000244140625,1353.9000244140625,1353.0,1353.800048828125,477
2026-09-25 13:26:00+05:30,1353.0999755859375,1353.9000244140625,1353.0999755859375,1353.9000244140625,74
2026-09-25 13:27:00+05:30,1353.0999755859375,1353.300048828125,1353.0999755859375,1353.199951171875,252
2026-09-25 13:28:00+05:30,1353.0999755859375,1353.300048828125,1353.0999755859375,1353.300048828125,74
2026-09-25 13:29:00+05:30,1352.0999755859375,1353.300048828125,1351.0,1353.0999755859375,3087
2026-09-25 13:30:00+05:30,1350.699951171875,1351.9000244140625,1350.5,1351.9000244140625,255
2026-09-25 13:31:00+05:30,1350.800048828125,1352.0999755859375,1350.800048828125,1350.9000244140625,193
2026-09-25 13:32:00+05:30,1351.199951171875,1351.800048828125,1351.199951171875,1351.5,235
2026-09-25 13:33:00+05:30,1351.199951171875,1351.300048828125,1351.199951171875,1351.300048828125,114
2026-09-25 13:34:00+05:30,1351.800048828125,1351.800048828125,1351.199951171875,1351.300048828125,380
2026-09-25 13:35:00+05:30,1352.0,1352.300048828125,1351.5999755859375,1351.800048828125,312
2026-09-25 13:36:00+05:30,1352.5999755859375,1352.699951171875,1352.0,1352.699951171875,184
2026-09-25 13:37:00+05:30,1352.199951171875,1352.5999755859375,1351.300048828125,1352.5999755859375,533
2026-09-25 13:38:00+05:30,1352.800048828125,1352.800048828125,1352.5,1352.699951171875,365
2026-09-25 13:39:00+05:30,1352.300048828125,1352.800048828125,1352.300048828125,1352.800048828125,258
2026-09-25 13:40:00+05:30,1352.0999755859375,1352.4000244140625,1352.0999755859375,1352.300048828125,730
2026-09-25 13:41:00+05:30,1352.199951171875,1352.300048828125,1352.0999755859375,1352.199951171875,308
2026-09-25 13:42:00+05:30,1352.199951171875,1352.300048828125,1352.0999755859375,1352.300048828125,503
2026-09-25 13:43:00+05:30,1352.0,1352.5999755859375,1352.0,1352.199951171875,659
2026-09-25 13:44:00+05:30,1352.0999755859375,1352.699951171875,1351.9000244140625,1352.300048828125,135
2026-09-25 13:45:00+05:30,1352.4000244140625,1352.5,1352.0999755859375,1352.300048828125,190
2026-09-25 13:46:00+05:30,1352.0999755859375,1352.5,1352.0,1352.5,115
2026-09-25 13:47:00+05:30,1353.300048828125,1353.4000244140625,1352.5,1352.5,1691
2026-09-25 13:48:00+05:30,1352.800048828125,1353.300048828125,1352.800048828125,1353.300048828125,131
2026-09-25 13:49:00+05:30,1353.4000244140625,1353.4000244140625,1352.5,1353.199951171875,1055
2026-09-25 13:50:00+05:30,1351.5,1353.4000244140625,1351.5,1353.4000244140625,2219
2026-09-25 13:51:00+05:30,1352.0,1352.699951171875,1351.5999755859375,1351.5999755859375,1132
2026-09-25 13:52:00+05:30,1352.5999755859375,1352.5999755859375,1351.800048828125,1352.199951171875,217
2026-09-25 13:53:00+05:30,1352.300048828125,1352.5999755859375,1352.0,1352.5,170
2026-09-25 13:54:00+05:30,1352.0,1353.4000244140625,1352.0,1352.300048828125,2092
2026-09-25 13:55:00+05:30,1352.0999755859375,1352.5,1352.0,1352.5,141
2026-09-25 13:56:00+05:30,1353.0,1353.5,1352.0999755859375,1352.0999755859375,185
2026-09-25 13:57:00+05:30,1352.5,1353.199951171875,1352.5,1353.0,117
2026-09-25 13:58:00+05:30,1352.5999755859375,1352.699951171875,1352.5999755859375,1352.699951171875,105
2026-09-25 13:59:00+05:30,1353.5,1353.5,1352.699951171875,1352.699951171875,721
2026-09-25 14:00:00+05:30,1355.300048828125,1355.300048828125,1353.199951171875,1353.5,1530
2026-09-25 14:01:00+05:30,1356.699951171875,1356.699951171875,1355.4000244140625,1355.9000244140625,1142
2026-09-25 14:02:00+05:30,1355.0,1356.699951171875,1355.0,1356.699951171875,954
2026-09-25 14:03:00+05:30,1359.5999755859375,1359.5999755859375,1355.199951171875,1355.199951171875,4847
2026-09-25 14:04:00+05:30,1359.4000244140625,1361.0999755859375,1359.4000244140625,1360.0,3319
2026-09-25 14:05:00+05:30,1359.699951171875,1359.699951171875,1359.0,1359.699951171875,2159
2026-09-25 14:06:00+05:30,1359.5,1359.699951171875,1359.300048828125,1359.300048828125,634
2026-09-25 14:07:00+05:30,1359.300048828125,1359.5,1359.0999755859375,1359.5,604
2026-09-25 14:08:00+05:30,1358.0,1359.699951171875,1358.0,1359.699951171875,2512
2026-09-25 14:09:00+05:30,1357.300048828125,1358.0,1357.199951171875,1358.0,719
2026-09-25 14:10:00+05:30,1357.699951171875,1358.300048828125,1357.199951171875,1357.5,2789
2026-09-25 14:11:00+05:30,1358.300048828125,1359.0999755859375,1358.300048828125,1358.5,1033
2026-09-25 14:12:00+05:30,1357.800048828125,1358.300048828125,1357.800048828125,1358.0,429
2026-09-25 14:13:00+05:30,1358.0,1358.4000244140625,1357.800048828125,1358.0999755859375,520
2026-09-25 14:14:00+05:30,1357.9000244140625,1358.5,1357.800048828125,1358.5,109
2026-09-25 14:15:00+05:30,1358.5,1359.0,1358.300048828125,1358.300048828125,931
2026-09-25 14:16:00+05:30,1358.5999755859375,1358.699951171875,1358.5,1358.699951171875,360
2026-09-25 14:17:00+05:30,1358.5,1358.5999755859375,1358.5,1358.5999755859375,295
2026-09-25 14:18:00+05:30,1358.9000244140625,1359.5999755859375,1358.5999755859375,1358.5999755859375,4589
2026-09-25 14:19:00+05:30,1358.4000244140625,1359.4000244140625,1358.300048828125,1359.4000244140625,502
2026-09-25 14:20:00+05:30,1357.800048828125,1359.0,1357.800048828125,1358.5,270
2026-09-25 14:21:00+05:30,1357.800048828125,1358.0999755859375,1357.4000244140625,1357.9000244140625,122
2026-09-25 14:22:00+05:30,1356.5999755859375,1357.9000244140625,1356.5999755859375,1357.9000244140625,229
2026-09-25 14:23:00+05:30,1356.300048828125,1356.5999755859375,1356.0999755859375,1356.5999755859375,210
2026-09-25 14:24:00+05:30,1357.199951171875,1357.4000244140625,1356.5,1356.5,375
2026-09-25 14:25:00+05:30,1357.300048828125,1358.0,1357.300048828125,1357.699951171875,113
2026-09-25 14:26:00+05:30,1356.699951171875,1357.699951171875,1356.699951171875,1357.4000244140625,375
2026-09-25 14:27:00+05:30,1357.4000244140625,1358.0,1357.0,1357.199951171875,386
2026-09-25 14:28:00+05:30,1356.800048828125,1357.5999755859375,1356.800048828125,1357.4000244140625,780
2026-09-25 14:29:00+05:30,1357.0999755859375,1357.5,1357.0,1357.300048828125,118
2026-09-25 14:30:00+05:30,1356.9000244140625,1357.5999755859375,1356.699951171875,1357.5999755859375,424
2026-09-25 14:31:00+05:30,1357.199951171875,1357.9000244140625,1357.0999755859375,1357.0999755859375,462
2026-09-25 14:32:00+05:30,1357.699951171875,1357.699951171875,1357.0,1357.199951171875,89
2026-09-25 14:33:00+05:30,1357.0999755859375,1357.699951171875,1357.0,1357.0999755859375,216
2026-09-25 14:34:00+05:30,1356.9000244140625,1357.300048828125,1356.9000244140625,1357.300048828125,84
2026-09-25 14:35:00+05:30,1358.4000244140625,1358.4000244140625,1356.9000244140625,1356.9000244140625,10275
2026-09-25 14:36:00+05:30,1358.4000244140625,1358.699951171875,1357.800048828125,1358.300048828125,476
2026-09-25 14:37:00+05:30,1357.800048828125,1358.4000244140625,1357.5999755859375,1358.4000244140625,282
2026-09-25 14:38:00+05:30,1358.4000244140625,1359.0999755859375,1357.9000244140625,1358.0999755859375,978
2026-09-25 14:39:00+05:30,1359.0,1359.0,1358.4000244140625,1359.0,1271
2026-09-25 14:40:00+05:30,1358.199951171875,1359.0,1358.0,1359.0,341
2026-09-25 14:41:00+05:30,1356.4000244140625,1357.5999755859375,1356.4000244140625,1357.5999755859375,1043
2026-09-25 14:42:00+05:30,1357.4000244140625,1357.9000244140625,1356.5999755859375,1356.9000244140625,2699
2026-09-25 14:43:00+05:30,1357.4000244140625,1357.800048828125,1357.0,1357.0999755859375,1479
2026-09-25 14:44:00+05:30,1357.4000244140625,1357.800048828125,1357.0999755859375,1357.800048828125,139
2026-09-25 14:45:00+05:30,1357.800048828125,1358.199951171875,1357.5999755859375,1357.5999755859375,704
2026-09-25 14:46:00+05:30,1359.0,1359.0,1357.800048828125,1357.800048828125,539
2026-09-25 14:47:00+05:30,1359.5999755859375,1359.5999755859375,1358.9000244140625,1359.5999755859375,736
2026-09-25 14:48:00+05:30,1358.199951171875,1359.800048828125,1357.9000244140625,1359.800048828125,639
2026-09-25 14:49:00+05:30,1357.699951171875,1358.9000244140625,1357.699951171875,1358.699951171875,724
2026-09-25 14:50:00+05:30,1358.0,1358.199951171875,1357.199951171875,1358.0999755859375,1119
2026-09-25 14:51:00+05:30,1357.4000244140625,1358.0999755859375,1357.300048828125,1358.0999755859375,836
2026-09-25 14:52:00+05:30,1357.4000244140625,1357.5,1357.199951171875,1357.4000244140625,1241
2026-09-25 14:53:00+05:30,1357.699951171875,1358.300048828125,1357.5999755859375,1357.699951171875,460
2026-09-25 14:54:00+05:30,1358.0,1358.4000244140625,1358.0,1358.0,945
2026-09-25 14:55:00+05:30,1357.699951171875,1358.0,1357.5,1358.0,425
2026-09-25 14:56:00+05:30,1358.199951171875,1358.199951171875,1357.5,1358.0,2225
2026-09-25 14:57:00+05:30,1358.0,1358.5999755859375,1357.800048828125,1358.5999755859375,1932
2026-09-25 14:58:00+05:30,1358.4000244140625,1359.0,1358.0999755859375,1358.4000244140625,817
2026-09-25 14:59:00+05:30,1359.300048828125,1359.5999755859375,1358.5,1359.0,1039
2026-09-25 15:00:00+05:30,1358.9000244140625,1359.199951171875,1358.800048828125,1358.800048828125,2614
2026-09-25 15:01:00+05:30,1358.9000244140625,1358.9000244140625,1358.800048828125,1358.9000244140625,811
2026-09-25 15:02:00+05:30,1359.199951171875,1359.300048828125,1358.800048828125,1358.9000244140625,1810
2026-09-25 15:03:00+05:30,1359.0,1359.300048828125,1358.9000244140625,1359.300048828125,2042
2026-09-25 15:04:00+05:30,1359.0,1359.4000244140625,1358.9000244140625,1359.0,1251
2026-09-25 15:05:00+05:30,1359.0,1359.0,1358.800048828125,1359.0,1434
2026-09-25 15:06:00+05:30,1359.5999755859375,1359.5999755859375,1359.0,1359.0999755859375,3063
2026-09-25 15:07:00+05:30,1359.4000244140625,1359.5,1359.300048828125,1359.5,1904
2026-09-25 15:08:00+05:30,1359.4000244140625,1359.4000244140625,1359.300048828125,1359.300048828125,1182
2026-09-25 15:09:00+05:30,1359.800048828125,1359.9000244140625,1359.300048828125,1359.4000244140625,2960
2026-09-25 15:10:00+05:30,1360.5,1361.300048828125,1359.9000244140625,1359.9000244140625,5724
2026-09-25 15:11:00+05:30,1360.199951171875,1362.0,1360.199951171875,1360.9000244140625,4168
2026-09-25 15:12:00+05:30,1360.800048828125,1361.699951171875,1359.9000244140625,1360.5999755859375,9093
2026-09-25 15:13:00+05:30,1361.300048828125,1361.300048828125,1359.800048828125,1361.0,8149
2026-09-25 15:14:00+05:30,1360.4000244140625,1360.800048828125,1360.0,1360.5999755859375,1740
2026-09-25 15:15:00+05:30,1362.5999755859375,1362.5999755859375,1356.9000244140625,1356.9000244140625,33399
