Datetime,Close,High,Low,Open,Volume
2026-08-28 09:15:00+05:30,2281.550048828125,2292.050048828125,2267.39990234375,2267.39990234375,9423
2026-08-28 09:16:00+05:30,2289.199951171875,2289.949951171875,2281.0,2281.0,5677
2026-08-28 09:17:00+05:30,2298.699951171875,2300.0,2288.550048828125,2289.0,7218
2026-08-28 09:18:00+05:30,2291.39990234375,2298.85009765625,2290.0,2296.550048828125,2818
2026-08-28 09:19:00+05:30,2293.949951171875,2294.0,2289.14990234375,2290.550048828125,1917
2026-08-28 09:20:00+05:30,2300.10009765625,2301.199951171875,2294.14990234375,2295.0,4478
2026-08-28 09:21:00+05:30,2306.10009765625,2306.5,2300.0,2300.550048828125,3993
2026-08-28 09:22:00+05:30,2309.949951171875,2311.949951171875,2306.5,2308.0,5425
2026-08-28 09:23:00+05:30,2314.0,2315.0,2310.0,2310.0,3555
2026-08-28 09:24:00+05:30,2310.5,2314.050048828125,2309.0,2314.050048828125,1827
2026-08-28 09:25:00+05:30,2311.800048828125,2315.0,2307.199951171875,2310.050048828125,2430
2026-08-28 09:26:00+05:30,2307.64990234375,2311.050048828125,2307.0,2310.050048828125,1392
2026-08-28 09:27:00+05:30,2312.10009765625,2314.0,2308.0,2308.0,2894
2026-08-28 09:28:00+05:30,2316.0,2317.89990234375,2311.35009765625,2312.39990234375,7308
2026-08-28 09:29:00+05:30,2318.64990234375,2320.10009765625,2315.800048828125,2317.550048828125,7099
2026-08-28 09:30:00+05:30,2319.75,2322.0,2318.39990234375,2319.199951171875,3757
2026-08-28 09:31:00+05:30,2320.199951171875,2322.85009765625,2318.89990234375,2320.0,4557
2026-08-28 09:32:00+05:30,2322.449951171875,2324.64990234375,2319.25,2319.25,6434
2026-08-28 09:33:00+05:30,2323.199951171875,2325.949951171875,2322.39990234375,2324.64990234375,5095
2026-08-28 09:34:00+05:30,2328.5,2328.89990234375,2323.199951171875,2323.199951171875,5482
2026-08-28 09:35:00+05:30,2326.0,2328.699951171875,2324.85009765625,2328.699951171875,2679
2026-08-28 09:36:00+05:30,2328.64990234375,2330.0,2325.0,2325.0,3903
2026-08-28 09:37:00+05:30,2326.60009765625,2328.449951171875,2323.39990234375,2328.449951171875,2345
2026-08-28 09:38:00+05:30,2333.60009765625,2333.89990234375,2326.0,2326.0,8222
2026-08-28 09:39:00+05:30,2331.64990234375,2335.0,2331.300048828125,2334.800048828125,6204
2026-08-28 09:40:00+05:30,2328.5,2331.60009765625,2328.35009765625,2331.449951171875,2505
2026-08-28 09:41:00+05:30,2326.0,2329.800048828125,2324.0,2329.800048828125,1849
2026-08-28 09:42:00+05:30,2326.800048828125,2327.550048828125,2325.14990234375,2326.949951171875,757
2026-08-28 09:43:00+05:30,2332.0,2332.0,2326.800048828125,2326.800048828125,2901
2026-08-28 09:44:00+05:30,2330.85009765625,2332.0,2330.0,2331.800048828125,689
2026-08-28 09:45:00+05:30,2328.0,2332.050048828125,2328.0,2330.85009765625,1767
2026-08-28 09:46:00+05:30,2327.35009765625,2329.75,2323.300048828125,2329.75,1539
2026-08-28 09:47:00+05:30,2326.0,2328.0,2325.449951171875,2327.60009765625,889
2026-08-28 09:48:00+05:30,2329.449951171875,2330.0,2325.75,2326.800048828125,1706
2026-08-28 09:49:00+05:30,2328.0,2330.0,2327.199951171875,2330.0,670
2026-08-28 09:50:00+05:30,2327.199951171875,2329.0,2326.39990234375,2328.0,1202
2026-08-28 09:51:00+05:30,2325.0,2327.14990234375,2325.0,2327.14990234375,663
2026-08-28 09:52:00+05:30,2326.0,2327.60009765625,2324.550048828125,2324.550048828125,1691
2026-08-28 09:53:00+05:30,2326.199951171875,2327.5,2325.300048828125,2326.050048828125,934
2026-08-28 09:54:00+05:30,2326.64990234375,2327.60009765625,2326.5,2327.0,576
2026-08-28 09:55:00+05:30,2325.050048828125,2326.64990234375,2325.050048828125,2326.64990234375,977
2026-08-28 09:56:00+05:30,2327.0,2327.0,2324.5,2325.050048828125,1000
2026-08-28 09:57:00+05:30,2328.5,2330.0,2327.89990234375,2328.0,1815
2026-08-28 09:58:00+05:30,2328.64990234375,2329.85009765625,2328.0,2329.60009765625,1572
2026-08-28 09:59:00+05:30,2328.0,2329.0,2328.0,2329.0,332
2026-08-28 10:00:00+05:30,2331.0,2331.0,2328.949951171875,2328.949951171875,1988
2026-08-28 10:01:00+05:30,2326.199951171875,2331.050048828125,2326.199951171875,2331.050048828125,2006
2026-08-28 10:02:00+05:30,2325.89990234375,2328.0,2325.199951171875,2328.0,322
2026-08-28 10:03:00+05:30,2326.0,2327.0,2325.5,2326.75,681
2026-08-28 10:04:00+05:30,2324.699951171875,2326.0,2324.5,2325.39990234375,409
2026-08-28 10:05:00+05:30,2327.60009765625,2327.89990234375,2325.0,2325.0,1239
2026-08-28 10:06:00+05:30,2327.949951171875,2328.5,2326.10009765625,2327.550048828125,732
2026-08-28 10:07:00+05:30,2327.5,2328.0,2326.85009765625,2327.25,409
2026-08-28 10:08:00+05:30,2327.25,2328.0,2326.699951171875,2328.0,590
2026-08-28 10:09:00+05:30,2327.449951171875,2328.5,2327.050048828125,2327.25,799
2026-08-28 10:10:00+05:30,2328.5,2328.5,2327.39990234375,2328.449951171875,112
2026-08-28 10:11:00+05:30,2325.39990234375,2328.5,2325.39990234375,2328.5,565
2026-08-28 10:12:00+05:30,2328.0,2328.0,2325.39990234375,2325.39990234375,680
2026-08-28 10:13:00+05:30,2327.60009765625,2329.800048828125,2327.050048828125,2327.5,846
2026-08-28 10:14:00+05:30,2325.550048828125,2327.5,2325.550048828125,2326.449951171875,1177
2026-08-28 10:15:00+05:30,2327.0,2328.0,2325.449951171875,2325.449951171875,390
2026-08-28 10:16:00+05:30,2327.75,2328.199951171875,2326.5,2327.0,822
2026-08-28 10:17:00+05:30,2328.0,2328.699951171875,2327.10009765625,2328.199951171875,304
2026-08-28 10:18:00+05:30,2327.050048828125,2329.0,2327.050048828125,2328.0,638
2026-08-28 10:19:00+05:30,2325.050048828125,2326.699951171875,2324.0,2326.64990234375,1133
2026-08-28 10:20:00+05:30,2326.550048828125,2327.10009765625,2325.5,2325.5,252
2026-08-28 10:21:00+05:30,2326.550048828125,2328.0,2326.550048828125,2327.0,636
2026-08-28 10:22:00+05:30,2327.85009765625,2328.0,2327.39990234375,2327.89990234375,671
2026-08-28 10:23:00+05:30,2333.0,2333.0,2328.5,2328.5,2314
2026-08-28 10:24:00+05:30,2332.300048828125,2333.0,2331.0,2333.0,1226
2026-08-28 10:25:00+05:30,2332.10009765625,2333.5,2330.39990234375,2332.800048828125,1342
2026-08-28 10:26:00+05:30,2331.60009765625,2333.199951171875,2331.0,2333.0,454
2026-08-28 10:27:00+05:30,2330.800048828125,2331.60009765625,2330.10009765625,2331.35009765625,149
2026-08-28 10:28:00+05:30,2330.800048828125,2331.0,2330.0,2330.699951171875,467
2026-08-28 10:29:00+05:30,2330.35009765625,2331.39990234375,2330.0,2330.0,554
2026-08-28 10:30:00+05:30,2330.0,2332.35009765625,2330.0,2330.449951171875,718
2026-08-28 10:31:00+05:30,2332.10009765625,2332.10009765625,2330.050048828125,2331.0,208
2026-08-28 10:32:00+05:30,2333.0,2333.5,2332.5,2332.5,938
2026-08-28 10:33:00+05:30,2333.199951171875,2334.0,2332.35009765625,2333.0,926
2026-08-28 10:34:00+05:30,2333.199951171875,2333.199951171875,2333.0,2333.199951171875,393
2026-08-28 10:35:00+05:30,2332.0,2333.10009765625,2332.0,2333.0,350
2026-08-28 10:36:00+05:30,2332.300048828125,2333.5,2332.0,2333.10009765625,709
2026-08-28 10:37:00+05:30,2331.449951171875,2333.0,2330.60009765625,2333.0,849
2026-08-28 10:38:00+05:30,2330.699951171875,2331.35009765625,2330.0,2330.050048828125,205
2026-08-28 10:39:00+05:30,2327.60009765625,2331.0,2327.60009765625,2330.89990234375,978
2026-08-28 10:40:00+05:30,2328.14990234375,2329.050048828125,2327.60009765625,2328.0,1452
2026-08-28 10:41:00+05:30,2329.199951171875,2329.199951171875,2326.300048828125,2327.0,5835
2026-08-28 10:42:00+05:30,2329.800048828125,2330.0,2329.0,2329.0,560
2026-08-28 10:43:00+05:30,2329.300048828125,2329.800048828125,2329.300048828125,2329.800048828125,17
2026-08-28 10:44:00+05:30,2329.449951171875,2330.5,2329.449951171875,2330.0,291
2026-08-28 10:45:00+05:30,2329.0,2329.949951171875,2328.39990234375,2329.60009765625,1206
2026-08-28 10:46:00+05:30,2328.10009765625,2329.949951171875,2327.699951171875,2328.60009765625,631
2026-08-28 10:47:00+05:30,2326.550048828125,2328.0,2326.550048828125,2328.0,333
2026-08-28 10:48:00+05:30,2327.35009765625,2327.75,2327.14990234375,2327.550048828125,213
2026-08-28 10:49:00+05:30,2327.0,2327.39990234375,2325.050048828125,2327.39990234375,1570
2026-08-28 10:50:00+05:30,2325.199951171875,2326.35009765625,2325.199951171875,2326.050048828125,1108
2026-08-28 10:51:00+05:30,2325.25,2326.0,2325.199951171875,2326.0,587
2026-08-28 10:52:00+05:30,2325.64990234375,2327.0,2325.199951171875,2325.25,1214
2026-08-28 10:53:00+05:30,2325.800048828125,2326.64990234375,2325.199951171875,2326.64990234375,1741
2026-08-28 10:54:00+05:30,2326.449951171875,2326.449951171875,2325.5,2326.300048828125,517
2026-08-28 10:55:00+05:30,2326.0,2326.75,2325.300048828125,2326.550048828125,457
2026-08-28 10:56:00+05:30,2325.39990234375,2325.949951171875,2325.25,2325.25,163
2026-08-28 10:57:00+05:30,2326.0,2326.0,2325.39990234375,2325.699951171875,156
2026-08-28 10:58:00+05:30,2325.5,2326.64990234375,2325.39990234375,2326.64990234375,240
2026-08-28 10:59:00+05:30,2325.699951171875,2326.199951171875,2325.5,2326.199951171875,170
2026-08-28 11:00:00+05:30,2327.050048828125,2327.35009765625,2325.5,2325.699951171875,773
2026-08-28 11:01:00+05:30,2329.949951171875,2329.949951171875,2326.550048828125,2326.550048828125,1035
2026-08-28 11:02:00+05:30,2329.10009765625,2329.949951171875,2329.0,2329.89990234375,302
2026-08-28 11:03:00+05:30,2330.0,2330.699951171875,2330.0,2330.0,912
2026-08-28 11:04:00+05:30,2333.050048828125,2334.0,2329.800048828125,2330.0,1084
2026-08-28 11:05:00+05:30,2332.60009765625,2333.949951171875,2331.10009765625,2333.949951171875,373
2026-08-28 11:06:00+05:30,2332.10009765625,2332.449951171875,2330.199951171875,2331.10009765625,643
2026-08-28 11:07:00+05:30,2331.64990234375,2332.050048828125,2331.050048828125,2332.050048828125,159
2026-08-28 11:08:00+05:30,2329.39990234375,2331.050048828125,2329.35009765625,2331.050048828125,523
2026-08-28 11:09:00+05:30,2327.699951171875,2330.0,2327.699951171875,2329.39990234375,281
2026-08-28 11:10:00+05:30,2329.449951171875,2329.449951171875,2328.0,2329.0,98
2026-08-28 11:11:00+05:30,2328.25,2329.449951171875,2326.89990234375,2329.449951171875,4230
2026-08-28 11:12:00+05:30,2332.800048828125,2333.0,2329.5,2330.699951171875,2651
2026-08-28 11:13:00+05:30,2332.199951171875,2333.0,2332.0,2333.0,482
2026-08-28 11:14:00+05:30,2330.10009765625,2332.60009765625,2330.10009765625,2332.199951171875,379
2026-08-28 11:15:00+05:30,2331.0,2331.0,2329.449951171875,2330.14990234375,222
2026-08-28 11:16:00+05:30,2330.5,2330.5,2329.39990234375,2330.35009765625,327
2026-08-28 11:17:00+05:30,2330.0,2331.0,2329.39990234375,2331.0,131
2026-08-28 11:18:00+05:30,2331.0,2331.0,2329.5,2330.0,175
2026-08-28 11:19:00+05:30,2331.0,2331.0,2329.85009765625,2331.0,1607
2026-08-28 11:20:00+05:30,2332.0,2332.0,2330.14990234375,2331.0,447
2026-08-28 11:21:00+05:30,2331.0,2332.0,2329.89990234375,2332.0,444
2026-08-28 11:22:00+05:30,2330.39990234375,2331.0,2329.89990234375,2330.050048828125,598
2026-08-28 11:23:00+05:30,2330.39990234375,2330.39990234375,2329.89990234375,2329.89990234375,40
2026-08-28 11:24:00+05:30,2330.300048828125,2331.0,2329.449951171875,2331.0,257
2026-08-28 11:25:00+05:30,2329.75,2330.300048828125,2329.10009765625,2330.300048828125,85
2026-08-28 11:26:00+05:30,2329.64990234375,2329.699951171875,2328.449951171875,2328.449951171875,357
2026-08-28 11:27:00+05:30,2328.10009765625,2329.39990234375,2328.050048828125,2328.14990234375,29
2026-08-28 11:28:00+05:30,2328.550048828125,2329.199951171875,2327.0,2329.199951171875,1917
2026-08-28 11:29:00+05:30,2327.0,2327.14990234375,2326.050048828125,2327.10009765625,158
2026-08-28 11:30:00+05:30,2327.0,2327.89990234375,2326.5,2327.0,331
2026-08-28 11:31:00+05:30,2326.5,2327.89990234375,2326.5,2327.39990234375,92
2026-08-28 11:32:00+05:30,2327.0,2327.0,2325.550048828125,2326.199951171875,133
2026-08-28 11:33:00+05:30,2326.14990234375,2327.0,2325.39990234375,2327.0,152
2026-08-28 11:34:00+05:30,2324.75,2325.39990234375,2322.39990234375,2325.39990234375,4303
2026-08-28 11:35:00+05:30,2323.89990234375,2324.949951171875,2322.0,2324.949951171875,2527
2026-08-28 11:36:00+05:30,2322.89990234375,2323.699951171875,2321.199951171875,2323.14990234375,128
2026-08-28 11:37:00+05:30,2323.199951171875,2324.550048828125,2322.5,2323.89990234375,1164
2026-08-28 11:38:00+05:30,2322.800048828125,2324.0,2322.800048828125,2323.199951171875,294
2026-08-28 11:39:00+05:30,2321.14990234375,2322.449951171875,2321.0,2322.0,391
2026-08-28 11:40:00+05:30,2321.699951171875,2322.39990234375,2321.0,2322.0,291
2026-08-28 11:41:00+05:30,2322.85009765625,2323.0,2321.699951171875,2322.39990234375,248
2026-08-28 11:42:00+05:30,2323.050048828125,2323.60009765625,2322.050048828125,2323.35009765625,310
2026-08-28 11:43:00+05:30,2323.5,2324.300048828125,2322.199951171875,2322.199951171875,91
2026-08-28 11:44:00+05:30,2327.5,2327.550048828125,2324.0,2324.85009765625,1891
2026-08-28 11:45:00+05:30,2327.5,2327.89990234375,2326.75,2327.5,448
2026-08-28 11:46:00+05:30,2327.75,2329.14990234375,2327.64990234375,2329.14990234375,792
2026-08-28 11:47:00+05:30,2327.550048828125,2328.699951171875,2327.0,2328.699951171875,35
2026-08-28 11:48:00+05:30,2327.5,2328.449951171875,2327.5,2327.5,449
2026-08-28 11:49:00+05:30,2331.39990234375,2332.0,2327.050048828125,2327.10009765625,3043
2026-08-28 11:50:00+05:30,2332.75,2333.0,2332.0,2332.89990234375,1194
2026-08-28 11:51:00+05:30,2331.800048828125,2332.75,2330.35009765625,2332.0,225
2026-08-28 11:52:00+05:30,2331.449951171875,2331.75,2329.699951171875,2331.0,479
2026-08-28 11:53:00+05:30,2329.85009765625,2331.39990234375,2329.699951171875,2331.39990234375,330
2026-08-28 11:54:00+05:30,2329.300048828125,2329.89990234375,2328.199951171875,2329.0,35
2026-08-28 11:55:00+05:30,2329.5,2330.0,2329.199951171875,2329.300048828125,350
2026-08-28 11:56:00+05:30,2330.050048828125,2330.5,2329.10009765625,2330.39990234375,295
2026-08-28 11:57:00+05:30,2328.949951171875,2329.449951171875,2328.0,2329.0,322
2026-08-28 11:58:00+05:30,2331.0,2331.0,2328.0,2328.050048828125,377
2026-08-28 11:59:00+05:30,2331.0,2331.0,2330.0,2331.0,71
2026-08-28 12:00:00+05:30,2331.0,2331.0,2330.0,2330.0,82
2026-08-28 12:01:00+05:30,2330.0,2330.0,2329.14990234375,2330.0,387
2026-08-28 12:02:00+05:30,2329.10009765625,2330.0,2329.0,2330.0,248
2026-08-28 12:03:00+05:30,2331.0,2331.0,2329.0,2329.10009765625,506
2026-08-28 12:04:00+05:30,2330.699951171875,2331.0,2330.300048828125,2331.0,239
2026-08-28 12:05:00+05:30,2330.64990234375,2330.64990234375,2330.0,2330.449951171875,166
2026-08-28 12:06:00+05:30,2330.89990234375,2331.0,2329.800048828125,2330.85009765625,667
2026-08-28 12:07:00+05:30,2330.14990234375,2330.89990234375,2330.14990234375,2330.89990234375,98
2026-08-28 12:08:00+05:30,2334.0,2334.0,2330.14990234375,2330.14990234375,2920
2026-08-28 12:09:00+05:30,2339.5,2339.5,2333.60009765625,2333.60009765625,14561
2026-08-28 12:10:00+05:30,2337.5,2340.0,2336.14990234375,2339.5,3201
2026-08-28 12:11:00+05:30,2335.85009765625,2337.39990234375,2335.5,2336.300048828125,482
2026-08-28 12:12:00+05:30,2336.449951171875,2337.0,2335.5,2336.0,384
2026-08-28 12:13:00+05:30,2336.35009765625,2337.0,2335.85009765625,2335.89990234375,242
2026-08-28 12:14:00+05:30,2335.5,2339.0,2335.5,2336.39990234375,2143
2026-08-28 12:15:00+05:30,2333.949951171875,2335.449951171875,2333.25,2334.0,1820
2026-08-28 12:16:00+05:30,2334.5,2334.800048828125,2333.699951171875,2334.14990234375,417
2026-08-28 12:17:00+05:30,2335.199951171875,2336.39990234375,2334.5,2334.5,134
2026-08-28 12:18:00+05:30,2336.0,2336.050048828125,2335.0,2335.199951171875,502
2026-08-28 12:19:00+05:30,2334.35009765625,2335.449951171875,2333.800048828125,2334.449951171875,157
2026-08-28 12:20:00+05:30,2335.89990234375,2336.10009765625,2334.35009765625,2334.35009765625,551
2026-08-28 12:21:00+05:30,2334.14990234375,2336.050048828125,2333.75,2335.89990234375,450
2026-08-28 12:22:00+05:30,2335.0,2335.0,2334.14990234375,2334.14990234375,22
2026-08-28 12:23:00+05:30,2334.0,2335.0,2333.199951171875,2335.0,142
2026-08-28 12:24:00+05:30,2333.0,2334.699951171875,2331.85009765625,2333.199951171875,1254
2026-08-28 12:25:00+05:30,2334.0,2334.0,2333.0,2333.0,66
2026-08-28 12:26:00+05:30,2334.0,2334.39990234375,2333.14990234375,2334.0,122
2026-08-28 12:27:00+05:30,2334.0,2334.0,2333.10009765625,2334.0,530
2026-08-28 12:28:00+05:30,2334.5,2334.5,2332.949951171875,2334.0,465
2026-08-28 12:29:00+05:30,2334.0,2334.5,2333.0,2334.5,185
2026-08-28 12:30:00+05:30,2333.449951171875,2334.5,2333.449951171875,2334.5,366
2026-08-28 12:31:00+05:30,2334.39990234375,2335.0,2333.14990234375,2334.5,952
2026-08-28 12:32:00+05:30,2333.60009765625,2334.300048828125,2332.89990234375,2333.550048828125,110
2026-08-28 12:33:00+05:30,2333.5,2333.550048828125,2333.0,2333.550048828125,17
2026-08-28 12:34:00+05:30,2333.550048828125,2333.60009765625,2333.0,2333.0,440
2026-08-28 12:35:00+05:30,2333.60009765625,2333.60009765625,2333.199951171875,2333.550048828125,119
2026-08-28 12:36:00+05:30,2333.199951171875,2333.89990234375,2333.199951171875,2333.64990234375,65
2026-08-28 12:37:00+05:30,2333.89990234375,2333.89990234375,2333.199951171875,2333.300048828125,58
2026-08-28 12:38:00+05:30,2331.949951171875,2333.699951171875,2331.300048828125,2333.199951171875,1838
2026-08-28 12:39:00+05:30,2333.0,2333.39990234375,2332.550048828125,2333.050048828125,120
2026-08-28 12:40:00+05:30,2333.0,2333.0,2331.199951171875,2332.550048828125,89
2026-08-28 12:41:00+05:30,2333.85009765625,2333.85009765625,2332.39990234375,2333.0,188
2026-08-28 12:42:00+05:30,2333.0,2333.85009765625,2333.0,2333.85009765625,556
2026-08-28 12:43:00+05:30,2333.0,2334.0,2333.0,2333.800048828125,508
2026-08-28 12:44:00+05:30,2333.949951171875,2333.949951171875,2333.0,2333.25,5
2026-08-28 12:45:00+05:30,2333.949951171875,2333.949951171875,2332.949951171875,2332.949951171875,52
2026-08-28 12:46:00+05:30,2333.25,2333.949951171875,2333.25,2333.949951171875,48
2026-08-28 12:47:00+05:30,2334.550048828125,2335.0,2333.699951171875,2333.949951171875,803
2026-08-28 12:48:00+05:30,2335.89990234375,2337.10009765625,2334.60009765625,2335.0,2475
2026-08-28 12:49:00+05:30,2335.89990234375,2337.0,2335.25,2335.89990234375,137
2026-08-28 12:50:00+05:30,2337.0,2337.0,2336.14990234375,2336.949951171875,52
2026-08-28 12:51:00+05:30,2337.5,2337.5,2336.199951171875,2336.199951171875,673
2026-08-28 12:52:00+05:30,2338.5,2338.5,2337.449951171875,2337.5,670
2026-08-28 12:53:00+05:30,2338.5,2338.5,2338.0,2338.5,517
2026-08-28 12:54:00+05:30,2337.199951171875,2339.0,2337.199951171875,2338.5,1771
2026-08-28 12:55:00+05:30,2337.300048828125,2337.64990234375,2336.5,2337.5,627
2026-08-28 12:56:00+05:30,2337.5,2337.5,2336.199951171875,2336.199951171875,297
2026-08-28 12:57:00+05:30,2336.050048828125,2338.0,2336.050048828125,2337.64990234375,383
2026-08-28 12:58:00+05:30,2336.949951171875,2336.949951171875,2335.89990234375,2336.949951171875,210
2026-08-28 12:59:00+05:30,2338.60009765625,2339.0,2337.449951171875,2337.89990234375,332
2026-08-28 13:00:00+05:30,2339.0,2339.0,2337.39990234375,2339.0,988
2026-08-28 13:01:00+05:30,2339.0,2339.39990234375,2337.89990234375,2337.89990234375,555
2026-08-28 13:02:00+05:30,2337.699951171875,2339.199951171875,2337.550048828125,2339.0,265
2026-08-28 13:03:00+05:30,2337.5,2338.949951171875,2337.5,2338.949951171875,262
2026-08-28 13:04:00+05:30,2338.0,2338.0,2337.199951171875,2337.39990234375,162
2026-08-28 13:05:00+05:30,2337.550048828125,2338.800048828125,2337.10009765625,2337.64990234375,979
2026-08-28 13:06:00+05:30,2337.64990234375,2338.0,2337.550048828125,2337.64990234375,106
2026-08-28 13:07:00+05:30,2337.35009765625,2338.60009765625,2337.35009765625,2337.60009765625,148
2026-08-28 13:08:00+05:30,2337.14990234375,2338.0,2336.5,2338.0,1058
2026-08-28 13:09:00+05:30,2342.0,2343.0,2337.199951171875,2338.0,5089
2026-08-28 13:10:00+05:30,2346.0,2346.0,2342.0,2342.0,3745
2026-08-28 13:11:00+05:30,2347.949951171875,2348.0,2345.300048828125,2345.5,1098
2026-08-28 13:12:00+05:30,2345.10009765625,2348.0,2345.10009765625,2347.10009765625,3109
2026-08-28 13:13:00+05:30,2346.0,2348.199951171875,2345.0,2345.0,464
2026-08-28 13:14:00+05:30,2342.5,2345.699951171875,2342.199951171875,2344.89990234375,736
2026-08-28 13:15:00+05:30,2342.949951171875,2343.85009765625,2341.699951171875,2343.85009765625,378
2026-08-28 13:16:00+05:30,2342.5,2343.39990234375,2342.5,2343.0,217
2026-08-28 13:17:00+05:30,2342.050048828125,2342.25,2341.0,2341.050048828125,134
2026-08-28 13:18:00+05:30,2342.25,2342.25,2341.300048828125,2341.300048828125,148
2026-08-28 13:19:00+05:30,2341.60009765625,2342.5,2341.199951171875,2342.25,134
2026-08-28 13:20:00+05:30,2341.60009765625,2341.60009765625,2340.5,2341.5,657
2026-08-28 13:21:00+05:30,2341.949951171875,2341.949951171875,2341.0,2341.60009765625,284
2026-08-28 13:22:00+05:30,2339.300048828125,2341.949951171875,2338.35009765625,2341.949951171875,390
2026-08-28 13:23:00+05:30,2338.449951171875,2340.35009765625,2338.449951171875,2340.0,546
2026-08-28 13:24:00+05:30,2339.0,2339.89990234375,2338.85009765625,2338.85009765625,838
2026-08-28 13:25:00+05:30,2339.5,2339.5,2339.0,2339.050048828125,39
2026-08-28 13:26:00+05:30,2339.0,2339.5,2339.0,2339.0,181
2026-08-28 13:27:00+05:30,2339.0,2339.89990234375,2339.0,2339.5,276
2026-08-28 13:28:00+05:30,2339.0,2339.800048828125,2339.0,2339.800048828125,141
2026-08-28 13:29:00+05:30,2339.14990234375,2339.14990234375,2339.0,2339.14990234375,162
2026-08-28 13:30:00+05:30,2340.0,2340.0,2339.0,2339.14990234375,734
2026-08-28 13:31:00+05:30,2339.800048828125,2340.0,2339.14990234375,2339.949951171875,78
2026-08-28 13:32:00+05:30,2339.0,2339.14990234375,2339.0,2339.14990234375,34
2026-08-28 13:33:00+05:30,2339.050048828125,2339.89990234375,2338.64990234375,2338.800048828125,257
2026-08-28 13:34:00+05:30,2339.949951171875,2339.949951171875,2338.64990234375,2339.39990234375,198
2026-08-28 13:35:00+05:30,2339.5,2339.89990234375,2338.64990234375,2338.800048828125,77
2026-08-28 13:36:00+05:30,2341.89990234375,2341.89990234375,2338.89990234375,2339.5,2778
2026-08-28 13:37:00+05:30,2342.199951171875,2345.0,2341.0,2341.0,22531
2026-08-28 13:38:00+05:30,2341.0,2342.0,2340.85009765625,2342.0,332
2026-08-28 13:39:00+05:30,2340.10009765625,2341.300048828125,2340.10009765625,2341.0,506
2026-08-28 13:40:00+05:30,2340.0,2341.800048828125,2340.0,2340.199951171875,283
2026-08-28 13:41:00+05:30,2340.39990234375,2341.0,2339.10009765625,2341.0,747
2026-08-28 13:42:00+05:30,2338.0,2339.14990234375,2336.10009765625,2339.14990234375,569
2026-08-28 13:43:00+05:30,2336.14990234375,2337.949951171875,2336.050048828125,2337.949951171875,335
2026-08-28 13:44:00+05:30,2336.949951171875,2337.449951171875,2335.25,2337.449951171875,2167
2026-08-28 13:45:00+05:30,2336.0,2336.89990234375,2335.199951171875,2336.89990234375,71
2026-08-28 13:46:00+05:30,2335.949951171875,2336.0,2335.300048828125,2335.300048828125,272
2026-08-28 13:47:00+05:30,2336.0,2336.0,2335.0,2335.10009765625,515
2026-08-28 13:48:00+05:30,2334.0,2336.0,2334.0,2336.0,391
2026-08-28 13:49:00+05:30,2335.0,2335.0,2334.14990234375,2334.14990234375,52
2026-08-28 13:50:00+05:30,2335.0,2335.199951171875,2335.0,2335.199951171875,4
2026-08-28 13:51:00+05:30,2335.10009765625,2336.0,2334.0,2335.0,327
2026-08-28 13:52:00+05:30,2335.0,2336.0,2334.75,2335.60009765625,140
2026-08-28 13:53:00+05:30,2336.35009765625,2336.35009765625,2335.199951171875,2335.949951171875,170
2026-08-28 13:54:00+05:30,2335.699951171875,2336.89990234375,2335.199951171875,2335.300048828125,196
2026-08-28 13:55:00+05:30,2335.89990234375,2337.0,2335.89990234375,2337.0,374
2026-08-28 13:56:00+05:30,2335.199951171875,2336.25,2335.0,2335.10009765625,125
2026-08-28 13:57:00+05:30,2336.050048828125,2336.050048828125,2335.0,2335.199951171875,167
2026-08-28 13:58:00+05:30,2337.699951171875,2337.699951171875,2337.0,2337.0,265
2026-08-28 13:59:00+05:30,2334.25,2335.25,2334.0,2334.89990234375,1202
2026-08-28 14:00:00+05:30,2333.75,2335.800048828125,2333.699951171875,2334.25,427
2026-08-28 14:01:00+05:30,2334.300048828125,2334.300048828125,2333.5,2333.699951171875,327
2026-08-28 14:02:00+05:30,2333.699951171875,2334.85009765625,2333.5,2333.64990234375,158
2026-08-28 14:03:00+05:30,2333.75,2334.800048828125,2333.550048828125,2333.699951171875,184
2026-08-28 14:04:00+05:30,2334.550048828125,2335.0,2333.699951171875,2334.800048828125,321
2026-08-28 14:05:00+05:30,2334.949951171875,2334.949951171875,2334.10009765625,2334.10009765625,114
2026-08-28 14:06:00+05:30,2335.0,2335.800048828125,2334.699951171875,2334.699951171875,102
2026-08-28 14:07:00+05:30,2334.300048828125,2334.89990234375,2334.300048828125,2334.60009765625,88
2026-08-28 14:08:00+05:30,2333.550048828125,2334.300048828125,2333.10009765625,2334.300048828125,354
2026-08-28 14:09:00+05:30,2332.699951171875,2333.949951171875,2332.5,2333.949951171875,632
2026-08-28 14:10:00+05:30,2333.5,2333.5,2332.050048828125,2332.39990234375,943
2026-08-28 14:11:00+05:30,2331.550048828125,2332.75,2331.550048828125,2332.449951171875,200
2026-08-28 14:12:00+05:30,2331.699951171875,2332.39990234375,2331.699951171875,2332.39990234375,52
2026-08-28 14:13:00+05:30,2332.39990234375,2332.39990234375,2331.699951171875,2332.35009765625,279
2026-08-28 14:14:00+05:30,2332.0,2332.39990234375,2332.0,2332.39990234375,133
2026-08-28 14:15:00+05:30,2332.0,2332.550048828125,2332.0,2332.39990234375,225
2026-08-28 14:16:00+05:30,2332.89990234375,2333.0,2332.0,2332.0,125
2026-08-28 14:17:00+05:30,2333.449951171875,2333.5,2332.89990234375,2333.39990234375,319
2026-08-28 14:18:00+05:30,2333.050048828125,2333.449951171875,2333.0,2333.449951171875,184
2026-08-28 14:19:00+05:30,2333.0,2333.5,2333.0,2333.449951171875,2020
2026-08-28 14:20:00+05:30,2332.0,2332.64990234375,2332.0,2332.0,703
2026-08-28 14:21:00+05:30,2331.10009765625,2332.0,2331.10009765625,2331.5,75
2026-08-28 14:22:00+05:30,2330.449951171875,2331.60009765625,2330.199951171875,2330.85009765625,524
2026-08-28 14:23:00+05:30,2332.449951171875,2332.449951171875,2330.35009765625,2330.35009765625,124
2026-08-28 14:24:00+05:30,2334.0,2334.0,2331.25,2331.25,242
2026-08-28 14:25:00+05:30,2334.0,2335.0,2334.0,2334.0,881
2026-08-28 14:26:00+05:30,2334.0,2334.800048828125,2334.0,2334.0,394
2026-08-28 14:27:00+05:30,2333.0,2334.75,2333.0,2334.60009765625,421
2026-08-28 14:28:00+05:30,2334.0,2334.75,2333.0,2333.0,170
2026-08-28 14:29:00+05:30,2333.550048828125,2334.050048828125,2333.0,2333.0,20
2026-08-28 14:30:00+05:30,2333.0,2334.0,2333.0,2333.0,81
2026-08-28 14:31:00+05:30,2333.800048828125,2333.800048828125,2333.0,2333.0,51
2026-08-28 14:32:00+05:30,2333.0,2333.75,2333.0,2333.0,131
2026-08-28 14:33:00+05:30,2332.60009765625,2333.75,2332.60009765625,2333.60009765625,132
2026-08-28 14:34:00+05:30,2333.0,2333.0,2332.10009765625,2332.25,26
2026-08-28 14:35:00+05:30,2332.0,2333.14990234375,2332.0,2332.199951171875,132
2026-08-28 14:36:00+05:30,2333.0,2333.199951171875,2332.14990234375,2332.14990234375,41
2026-08-28 14:37:00+05:30,2333.199951171875,2333.199951171875,2332.199951171875,2332.300048828125,109
2026-08-28 14:38:00+05:30,2332.35009765625,2333.199951171875,2332.0,2333.199951171875,1139
2026-08-28 14:39:00+05:30,2333.199951171875,2333.199951171875,2332.39990234375,2332.39990234375,338
2026-08-28 14:40:00+05:30,2332.14990234375,2333.199951171875,2332.10009765625,2333.199951171875,41
2026-08-28 14:41:00+05:30,2332.0,2332.60009765625,2332.0,2332.10009765625,389
2026-08-28 14:42:00+05:30,2332.949951171875,2333.0,2332.0,2332.0,479
2026-08-28 14:43:00+05:30,2332.949951171875,2332.949951171875,2331.5,2332.949951171875,1175
2026-08-28 14:44:00+05:30,2333.0,2333.0,2332.199951171875,2332.199951171875,327
2026-08-28 14:45:00+05:30,2334.0,2334.0,2333.0,2333.0,44
2026-08-28 14:46:00+05:30,2332.85009765625,2334.60009765625,2332.85009765625,2333.85009765625,405
2026-08-28 14:47:00+05:30,2334.800048828125,2334.800048828125,2332.75,2332.75,244
2026-08-28 14:48:00+05:30,2334.0,2334.800048828125,2334.0,2334.800048828125,195
2026-08-28 14:49:00+05:30,2334.800048828125,2334.800048828125,2334.0,2334.10009765625,263
2026-08-28 14:50:00+05:30,2333.60009765625,2334.449951171875,2333.0,2334.10009765625,831
2026-08-28 14:51:00+05:30,2335.0,2335.0,2334.10009765625,2334.949951171875,173
2026-08-28 14:52:00+05:30,2334.75,2335.800048828125,2334.199951171875,2335.0,156
2026-08-28 14:53:00+05:30,2335.449951171875,2335.89990234375,2334.60009765625,2335.5,35
2026-08-28 14:54:00+05:30,2335.60009765625,2335.60009765625,2334.35009765625,2334.75,303
2026-08-28 14:55:00+05:30,2335.60009765625,2335.949951171875,2335.0,2335.60009765625,161
2026-08-28 14:56:00+05:30,2334.699951171875,2335.60009765625,2334.10009765625,2335.0,379
2026-08-28 14:57:00+05:30,2335.949951171875,2335.949951171875,2334.699951171875,2334.699951171875,321
2026-08-28 14:58:00+05:30,2336.0,2336.0,2335.0,2335.89990234375,372
2026-08-28 14:59:00+05:30,2337.5,2343.5,2336.0,2336.0,17484
2026-08-28 15:00:00+05:30,2337.699951171875,2338.64990234375,2337.0,2337.300048828125,391
2026-08-28 15:01:00+05:30,2337.199951171875,2338.300048828125,2336.949951171875,2338.0,466
2026-08-28 15:02:00+05:30,2336.0,2337.25,2336.0,2337.199951171875,2457
2026-08-28 15:03:00+05:30,2337.699951171875,2338.0,2336.0,2337.25,2528
2026-08-28 15:04:00+05:30,2338.85009765625,2339.5,2338.0,2338.0,521
2026-08-28 15:05:00+05:30,2340.199951171875,2341.89990234375,2338.64990234375,2339.5,778
2026-08-28 15:06:00+05:30,2339.949951171875,2341.60009765625,2339.0,2341.10009765625,1083
2026-08-28 15:07:00+05:30,2339.949951171875,2340.60009765625,2338.10009765625,2340.050048828125,890
2026-08-28 15:08:00+05:30,2338.64990234375,2340.0,2338.050048828125,2338.050048828125,453
2026-08-28 15:09:00+05:30,2338.050048828125,2340.0,2338.050048828125,2338.64990234375,942
2026-08-28 15:10:00+05:30,2339.949951171875,2341.0,2338.89990234375,2338.89990234375,1336
2026-08-28 15:11:00+05:30,2342.699951171875,2342.699951171875,2339.449951171875,2340.0,972
2026-08-28 15:12:00+05:30,2344.050048828125,2347.0,2341.199951171875,2343.0,3598
2026-08-28 15:13:00+05:30,2340.64990234375,2345.0,2340.14990234375,2345.0,226
2026-08-28 15:14:00+05:30,2341.050048828125,2344.39990234375,2340.60009765625,2340.89990234375,571
2026-08-28 15:28:00+05:30,2344.0,2344.0,2344.0,2344.0,1387
2026-08-31 09:15:00+05:30,2324.0,2343.550048828125,2323.39990234375,2342.0,4540
2026-08-31 09:16:00+05:30,2323.89990234375,2330.0,2323.85009765625,2325.0,5048
2026-08-31 09:17:00+05:30,2321.14990234375,2326.10009765625,2320.39990234375,2323.89990234375,4145
2026-08-31 09:18:00+05:30,2320.0,2322.050048828125,2317.699951171875,2321.85009765625,3632
2026-08-31 09:19:00+05:30,2319.949951171875,2321.89990234375,2317.199951171875,2318.0,2474
2026-08-31 09:20:00+05:30,2325.10009765625,2325.10009765625,2316.199951171875,2317.699951171875,2882
2026-08-31 09:21:00+05:30,2324.25,2328.699951171875,2323.60009765625,2327.300048828125,746
2026-08-31 09:22:00+05:30,2326.050048828125,2326.35009765625,2322.25,2323.85009765625,1375
2026-08-31 09:23:00+05:30,2323.39990234375,2326.5,2322.300048828125,2326.5,379
2026-08-31 09:24:00+05:30,2324.85009765625,2325.35009765625,2322.300048828125,2323.550048828125,405
2026-08-31 09:25:00+05:30,2323.75,2325.949951171875,2322.64990234375,2324.10009765625,576
2026-08-31 09:26:00+05:30,2322.699951171875,2324.050048828125,2321.85009765625,2324.050048828125,737
2026-08-31 09:27:00+05:30,2321.550048828125,2324.10009765625,2321.550048828125,2323.0,618
2026-08-31 09:28:00+05:30,2319.050048828125,2322.5,2319.0,2321.550048828125,372
2026-08-31 09:29:00+05:30,2317.800048828125,2319.949951171875,2317.800048828125,2319.0,718
2026-08-31 09:30:00+05:30,2315.050048828125,2318.5,2315.0,2317.0,2771
2026-08-31 09:31:00+05:30,2315.0,2316.0,2314.0,2315.199951171875,1860
2026-08-31 09:32:00+05:30,2315.64990234375,2315.64990234375,2313.199951171875,2314.14990234375,106
2026-08-31 09:33:00+05:30,2315.699951171875,2317.300048828125,2314.14990234375,2315.699951171875,460
2026-08-31 09:34:00+05:30,2313.89990234375,2316.0,2313.0,2315.5,751
2026-08-31 09:35:00+05:30,2311.050048828125,2313.0,2309.449951171875,2313.0,3092
2026-08-31 09:36:00+05:30,2310.0,2311.64990234375,2309.64990234375,2311.0,292
2026-08-31 09:37:00+05:30,2312.10009765625,2312.75,2310.25,2311.300048828125,452
2026-08-31 09:38:00+05:30,2311.0,2314.300048828125,2311.0,2313.0,1150
2026-08-31 09:39:00+05:30,2309.89990234375,2311.75,2309.35009765625,2311.0,995
2026-08-31 09:40:00+05:30,2311.199951171875,2311.449951171875,2310.0,2311.0,75
2026-08-31 09:41:00+05:30,2310.85009765625,2311.35009765625,2310.35009765625,2311.199951171875,1484
2026-08-31 09:42:00+05:30,2310.0,2310.85009765625,2308.0,2310.85009765625,723
2026-08-31 09:43:00+05:30,2310.0,2310.0,2308.14990234375,2309.949951171875,2377
2026-08-31 09:44:00+05:30,2307.64990234375,2310.0,2307.64990234375,2310.0,601
2026-08-31 09:45:00+05:30,2308.800048828125,2310.0,2307.449951171875,2309.5,614
2026-08-31 09:46:00+05:30,2309.199951171875,2309.949951171875,2308.60009765625,2309.0,489
2026-08-31 09:47:00+05:30,2309.39990234375,2311.0,2309.0,2309.199951171875,617
2026-08-31 09:48:00+05:30,2307.35009765625,2309.300048828125,2306.64990234375,2309.300048828125,660
2026-08-31 09:49:00+05:30,2308.949951171875,2309.0,2306.699951171875,2307.300048828125,149
2026-08-31 09:50:00+05:30,2310.10009765625,2311.199951171875,2307.550048828125,2308.949951171875,231
2026-08-31 09:51:00+05:30,2311.050048828125,2311.050048828125,2309.050048828125,2309.050048828125,181
2026-08-31 09:52:00+05:30,2310.5,2310.5,2308.10009765625,2309.300048828125,386
2026-08-31 09:53:00+05:30,2311.0,2311.949951171875,2309.89990234375,2310.5,382
2026-08-31 09:54:00+05:30,2309.5,2310.949951171875,2308.10009765625,2310.949951171875,719
2026-08-31 09:55:00+05:30,2310.550048828125,2311.10009765625,2309.199951171875,2309.300048828125,492
2026-08-31 09:56:00+05:30,2308.449951171875,2310.60009765625,2308.449951171875,2310.60009765625,184
2026-08-31 09:57:00+05:30,2310.5,2310.60009765625,2308.85009765625,2308.85009765625,30
2026-08-31 09:58:00+05:30,2312.0,2312.0,2309.800048828125,2310.5,2142
2026-08-31 09:59:00+05:30,2313.35009765625,2313.5,2311.449951171875,2312.050048828125,362
2026-08-31 10:00:00+05:30,2313.25,2313.39990234375,2312.300048828125,2313.39990234375,120
2026-08-31 10:01:00+05:30,2312.300048828125,2313.85009765625,2311.85009765625,2313.5,121
2026-08-31 10:02:00+05:30,2311.949951171875,2312.300048828125,2311.10009765625,2312.300048828125,225
2026-08-31 10:03:00+05:30,2311.050048828125,2312.0,2310.0,2311.10009765625,110
2026-08-31 10:04:00+05:30,2311.050048828125,2312.0,2311.050048828125,2312.0,191
2026-08-31 10:05:00+05:30,2311.800048828125,2311.89990234375,2311.050048828125,2311.89990234375,79
2026-08-31 10:06:00+05:30,2312.0,2312.85009765625,2310.0,2310.0,507
2026-08-31 10:07:00+05:30,2311.14990234375,2312.0,2310.0,2312.0,454
2026-08-31 10:08:00+05:30,2311.39990234375,2311.5,2310.0,2311.050048828125,270
2026-08-31 10:09:00+05:30,2311.300048828125,2311.35009765625,2310.199951171875,2311.199951171875,48
2026-08-31 10:10:00+05:30,2311.0,2311.5,2311.0,2311.0,261
2026-08-31 10:11:00+05:30,2310.85009765625,2311.050048828125,2310.0,2311.0,97
2026-08-31 10:12:00+05:30,2310.0,2311.5,2310.0,2310.85009765625,132
2026-08-31 10:13:00+05:30,2314.25,2315.0,2310.050048828125,2310.050048828125,1670
2026-08-31 10:14:00+05:30,2314.199951171875,2314.800048828125,2312.550048828125,2314.25,526
2026-08-31 10:15:00+05:30,2314.14990234375,2314.14990234375,2312.050048828125,2312.050048828125,65
2026-08-31 10:16:00+05:30,2314.10009765625,2314.14990234375,2313.14990234375,2314.0,32
2026-08-31 10:17:00+05:30,2313.800048828125,2314.10009765625,2312.550048828125,2314.10009765625,132
2026-08-31 10:18:00+05:30,2313.800048828125,2314.10009765625,2312.449951171875,2312.449951171875,253
2026-08-31 10:19:00+05:30,2313.0,2313.800048828125,2313.0,2313.800048828125,80
2026-08-31 10:20:00+05:30,2313.0,2313.800048828125,2312.0,2313.800048828125,229
2026-08-31 10:21:00+05:30,2314.449951171875,2316.10009765625,2313.75,2313.75,379
2026-08-31 10:22:00+05:30,2315.050048828125,2316.0,2314.449951171875,2314.449951171875,122
2026-08-31 10:23:00+05:30,2314.75,2315.89990234375,2313.85009765625,2315.800048828125,79
2026-08-31 10:24:00+05:30,2314.14990234375,2315.39990234375,2314.050048828125,2314.699951171875,32
2026-08-31 10:25:00+05:30,2328.800048828125,2328.800048828125,2314.85009765625,2314.85009765625,4494
2026-08-31 10:26:00+05:30,2324.64990234375,2327.64990234375,2324.64990234375,2326.949951171875,574
2026-08-31 10:27:00+05:30,2322.85009765625,2324.300048828125,2322.199951171875,2324.050048828125,101
2026-08-31 10:28:00+05:30,2324.85009765625,2327.699951171875,2323.64990234375,2323.64990234375,2544
2026-08-31 10:29:00+05:30,2324.0,2326.5,2324.0,2326.5,70
2026-08-31 10:30:00+05:30,2323.89990234375,2325.949951171875,2323.89990234375,2324.0,228
2026-08-31 10:31:00+05:30,2323.89990234375,2325.10009765625,2323.89990234375,2325.10009765625,129
2026-08-31 10:32:00+05:30,2320.550048828125,2323.89990234375,2320.5,2323.89990234375,202
2026-08-31 10:33:00+05:30,2321.800048828125,2321.800048828125,2320.550048828125,2321.800048828125,800
2026-08-31 10:34:00+05:30,2321.800048828125,2322.35009765625,2321.800048828125,2321.800048828125,114
2026-08-31 10:35:00+05:30,2320.89990234375,2322.699951171875,2320.89990234375,2322.699951171875,256
2026-08-31 10:36:00+05:30,2322.0,2322.0,2320.64990234375,2321.949951171875,79
2026-08-31 10:37:00+05:30,2320.85009765625,2321.300048828125,2319.89990234375,2321.300048828125,145
2026-08-31 10:38:00+05:30,2320.0,2320.75,2319.0,2320.75,21
2026-08-31 10:39:00+05:30,2320.0,2320.0,2319.14990234375,2320.0,47
2026-08-31 10:40:00+05:30,2319.25,2320.0,2319.199951171875,2319.199951171875,159
2026-08-31 10:41:00+05:30,2320.0,2320.0,2319.199951171875,2320.0,100
2026-08-31 10:42:00+05:30,2320.0,2320.0,2319.050048828125,2320.0,64
2026-08-31 10:43:00+05:30,2320.85009765625,2320.85009765625,2319.550048828125,2320.0,34
2026-08-31 10:44:00+05:30,2320.35009765625,2321.0,2319.550048828125,2320.85009765625,104
2026-08-31 10:45:00+05:30,2320.85009765625,2320.85009765625,2319.0,2319.949951171875,83
2026-08-31 10:46:00+05:30,2320.199951171875,2321.0,2319.5,2320.0,99
2026-08-31 10:47:00+05:30,2319.35009765625,2320.949951171875,2319.199951171875,2320.300048828125,331
2026-08-31 10:48:00+05:30,2319.949951171875,2321.0,2319.89990234375,2320.949951171875,109
2026-08-31 10:49:00+05:30,2320.14990234375,2321.300048828125,2320.14990234375,2321.300048828125,106
2026-08-31 10:50:00+05:30,2319.60009765625,2321.300048828125,2319.60009765625,2321.300048828125,203
2026-08-31 10:51:00+05:30,2319.60009765625,2320.699951171875,2319.60009765625,2320.64990234375,123
2026-08-31 10:52:00+05:30,2321.0,2321.0,2320.60009765625,2320.60009765625,14
2026-08-31 10:53:00+05:30,2320.35009765625,2321.300048828125,2319.699951171875,2320.949951171875,276
2026-08-31 10:54:00+05:30,2320.5,2321.300048828125,2320.5,2321.300048828125,72
2026-08-31 10:55:00+05:30,2321.300048828125,2321.300048828125,2320.699951171875,2321.300048828125,36
2026-08-31 10:56:00+05:30,2318.35009765625,2321.10009765625,2318.35009765625,2321.10009765625,153
2026-08-31 10:57:00+05:30,2320.0,2320.949951171875,2319.0,2319.800048828125,126
2026-08-31 10:58:00+05:30,2320.0,2320.14990234375,2319.0,2319.0,101
2026-08-31 10:59:00+05:30,2319.800048828125,2319.949951171875,2319.0,2319.0,56
2026-08-31 11:00:00+05:30,2317.699951171875,2319.800048828125,2316.300048828125,2319.0,116
2026-08-31 11:01:00+05:30,2316.050048828125,2317.949951171875,2316.050048828125,2317.949951171875,45
2026-08-31 11:02:00+05:30,2316.550048828125,2317.39990234375,2315.10009765625,2317.39990234375,82
2026-08-31 11:03:00+05:30,2317.39990234375,2317.39990234375,2313.89990234375,2313.89990234375,172
2026-08-31 11:04:00+05:30,2319.25,2319.699951171875,2317.39990234375,2317.39990234375,140
2026-08-31 11:05:00+05:30,2319.14990234375,2319.14990234375,2317.800048828125,2319.14990234375,15
2026-08-31 11:06:00+05:30,2319.050048828125,2319.050048828125,2318.0,2318.0,44
2026-08-31 11:07:00+05:30,2317.800048828125,2319.300048828125,2317.800048828125,2319.050048828125,62
2026-08-31 11:08:00+05:30,2318.550048828125,2319.0,2317.699951171875,2319.0,374
2026-08-31 11:09:00+05:30,2318.0,2318.60009765625,2317.0,2317.0,322
2026-08-31 11:10:00+05:30,2317.949951171875,2318.550048828125,2316.449951171875,2318.39990234375,111
2026-08-31 11:11:00+05:30,2318.0,2318.0,2316.800048828125,2317.89990234375,113
2026-08-31 11:12:00+05:30,2317.949951171875,2318.0,2317.050048828125,2318.0,145
2026-08-31 11:13:00+05:30,2317.300048828125,2318.0,2316.89990234375,2317.949951171875,253
2026-08-31 11:14:00+05:30,2318.60009765625,2318.800048828125,2317.5,2317.75,95
2026-08-31 11:15:00+05:30,2317.800048828125,2319.85009765625,2317.60009765625,2319.199951171875,79
2026-08-31 11:16:00+05:30,2319.89990234375,2319.89990234375,2318.5,2319.25,176
2026-08-31 11:17:00+05:30,2319.949951171875,2319.949951171875,2319.449951171875,2319.75,14
2026-08-31 11:18:00+05:30,2320.0,2320.0,2319.89990234375,2320.0,128
2026-08-31 11:19:00+05:30,2318.89990234375,2320.25,2318.800048828125,2320.0,52
2026-08-31 11:20:00+05:30,2320.25,2320.449951171875,2319.199951171875,2320.14990234375,21
2026-08-31 11:21:00+05:30,2320.25,2320.300048828125,2319.199951171875,2319.199951171875,24
2026-08-31 11:22:00+05:30,2320.35009765625,2320.5,2319.14990234375,2320.25,15
2026-08-31 11:23:00+05:30,2318.0,2320.300048828125,2318.0,2320.199951171875,80
2026-08-31 11:24:00+05:30,2318.85009765625,2320.25,2318.35009765625,2320.050048828125,95
2026-08-31 11:25:00+05:30,2317.699951171875,2318.85009765625,2317.699951171875,2318.85009765625,17
2026-08-31 11:26:00+05:30,2319.5,2319.64990234375,2318.300048828125,2319.5,30
2026-08-31 11:27:00+05:30,2319.35009765625,2319.35009765625,2317.699951171875,2319.0,90
2026-08-31 11:28:00+05:30,2319.199951171875,2319.35009765625,2318.050048828125,2319.35009765625,137
2026-08-31 11:29:00+05:30,2318.949951171875,2319.14990234375,2317.85009765625,2319.14990234375,59
2026-08-31 11:30:00+05:30,2319.25,2319.25,2317.699951171875,2317.699951171875,84
2026-08-31 11:31:00+05:30,2319.0,2319.35009765625,2318.0,2319.25,93
2026-08-31 11:32:00+05:30,2318.14990234375,2318.14990234375,2318.14990234375,2318.14990234375,9
2026-08-31 11:33:00+05:30,2319.0,2319.0,2317.39990234375,2318.89990234375,453
2026-08-31 11:34:00+05:30,2318.89990234375,2318.89990234375,2317.699951171875,2317.75,81
2026-08-31 11:35:00+05:30,2319.25,2319.35009765625,2317.89990234375,2318.75,39
2026-08-31 11:36:00+05:30,2320.0,2320.0,2320.0,2320.0,97
2026-08-31 11:37:00+05:30,2320.39990234375,2320.5,2319.5,2320.5,72
2026-08-31 11:38:00+05:30,2318.550048828125,2320.449951171875,2318.550048828125,2320.199951171875,166
2026-08-31 11:39:00+05:30,2320.5,2320.5,2319.35009765625,2319.60009765625,101
2026-08-31 11:40:00+05:30,2321.0,2321.0,2320.5,2320.5,8
2026-08-31 11:41:00+05:30,2320.0,2320.0,2319.050048828125,2320.0,41
2026-08-31 11:42:00+05:30,2320.449951171875,2320.449951171875,2319.10009765625,2319.949951171875,12
2026-08-31 11:43:00+05:30,2320.300048828125,2320.949951171875,2319.35009765625,2320.449951171875,45
2026-08-31 11:44:00+05:30,2319.0,2320.449951171875,2319.0,2320.449951171875,68
2026-08-31 11:45:00+05:30,2318.85009765625,2320.10009765625,2318.85009765625,2319.0,82
2026-08-31 11:46:00+05:30,2318.050048828125,2320.050048828125,2318.050048828125,2320.050048828125,87
2026-08-31 11:47:00+05:30,2318.949951171875,2318.949951171875,2318.050048828125,2318.050048828125,15
2026-08-31 11:48:00+05:30,2317.14990234375,2318.39990234375,2317.14990234375,2318.0,64
2026-08-31 11:49:00+05:30,2318.39990234375,2318.39990234375,2318.39990234375,2318.39990234375,2
2026-08-31 11:50:00+05:30,2318.39990234375,2318.39990234375,2317.35009765625,2318.0,43
2026-08-31 11:51:00+05:30,2318.39990234375,2318.39990234375,2317.699951171875,2318.39990234375,52
2026-08-31 11:52:00+05:30,2318.64990234375,2318.64990234375,2317.199951171875,2318.39990234375,210
2026-08-31 11:53:00+05:30,2322.0,2322.0,2318.14990234375,2318.64990234375,858
2026-08-31 11:54:00+05:30,2324.0,2324.0,2322.0,2322.0,231
2026-08-31 11:55:00+05:30,2326.0,2326.0,2323.050048828125,2324.800048828125,756
2026-08-31 11:56:00+05:30,2324.949951171875,2325.949951171875,2324.949951171875,2325.35009765625,631
2026-08-31 11:57:00+05:30,2324.800048828125,2325.0,2324.75,2325.0,137
2026-08-31 11:58:00+05:30,2324.35009765625,2325.0,2324.0,2325.0,328
2026-08-31 11:59:00+05:30,2324.199951171875,2324.25,2322.199951171875,2324.25,141
2026-08-31 12:00:00+05:30,2323.449951171875,2324.25,2322.800048828125,2324.199951171875,93
2026-08-31 12:01:00+05:30,2319.64990234375,2322.199951171875,2319.300048828125,2322.199951171875,187
2026-08-31 12:02:00+05:30,2320.89990234375,2320.89990234375,2318.10009765625,2319.64990234375,933
2026-08-31 12:03:00+05:30,2321.39990234375,2321.75,2320.25,2321.550048828125,161
2026-08-31 12:04:00+05:30,2323.5,2324.14990234375,2320.35009765625,2320.89990234375,86
2026-08-31 12:05:00+05:30,2322.64990234375,2323.550048828125,2322.64990234375,2323.550048828125,11
2026-08-31 12:06:00+05:30,2322.550048828125,2323.5,2322.550048828125,2322.64990234375,236
2026-08-31 12:07:00+05:30,2323.75,2323.75,2322.699951171875,2323.5,14
2026-08-31 12:08:00+05:30,2321.5,2322.800048828125,2321.14990234375,2322.5,77
2026-08-31 12:09:00+05:30,2321.199951171875,2323.14990234375,2321.0,2322.449951171875,30
2026-08-31 12:10:00+05:30,2320.5,2322.89990234375,2320.5,2322.89990234375,30
2026-08-31 12:11:00+05:30,2318.800048828125,2321.550048828125,2318.050048828125,2321.550048828125,585
2026-08-31 12:12:00+05:30,2319.25,2320.300048828125,2318.85009765625,2320.10009765625,315
2026-08-31 12:13:00+05:30,2323.949951171875,2324.0,2320.0,2320.10009765625,98
2026-08-31 12:14:00+05:30,2322.449951171875,2323.75,2321.949951171875,2323.75,178
2026-08-31 12:15:00+05:30,2320.25,2321.25,2319.199951171875,2320.449951171875,467
2026-08-31 12:16:00+05:30,2321.199951171875,2321.199951171875,2319.39990234375,2320.25,135
2026-08-31 12:17:00+05:30,2320.75,2320.75,2320.050048828125,2320.050048828125,6
2026-08-31 12:18:00+05:30,2319.64990234375,2320.800048828125,2319.64990234375,2319.89990234375,46
2026-08-31 12:19:00+05:30,2322.0,2322.050048828125,2319.60009765625,2320.75,5666
2026-08-31 12:20:00+05:30,2322.0,2322.0,2320.550048828125,2322.0,9789
2026-08-31 12:21:00+05:30,2322.0,2322.050048828125,2321.10009765625,2322.0,8971
2026-08-31 12:22:00+05:30,2323.25,2323.25,2322.0,2322.0,98
2026-08-31 12:23:00+05:30,2322.0,2322.699951171875,2322.0,2322.0,928
2026-08-31 12:24:00+05:30,2322.0,2323.5,2322.0,2322.0,161
2026-08-31 12:25:00+05:30,2322.0,2323.0,2322.0,2322.300048828125,187
2026-08-31 12:26:00+05:30,2322.0,2322.64990234375,2322.0,2322.0,728
2026-08-31 12:27:00+05:30,2322.699951171875,2322.699951171875,2322.0,2322.10009765625,515
2026-08-31 12:28:00+05:30,2322.0,2322.699951171875,2322.0,2322.0,543
2026-08-31 12:29:00+05:30,2322.0,2322.5,2322.0,2322.0,371
2026-08-31 12:30:00+05:30,2322.0,2322.5,2322.0,2322.0,7952
2026-08-31 12:31:00+05:30,2321.5,2323.0,2320.800048828125,2322.0,4204
2026-08-31 12:32:00+05:30,2321.449951171875,2321.800048828125,2320.5,2320.550048828125,467
2026-08-31 12:33:00+05:30,2321.0,2321.0,2320.14990234375,2320.39990234375,50
2026-08-31 12:34:00+05:30,2319.5,2320.89990234375,2319.5,2320.14990234375,76
2026-08-31 12:35:00+05:30,2320.85009765625,2320.85009765625,2319.35009765625,2319.39990234375,119
2026-08-31 12:36:00+05:30,2321.35009765625,2321.35009765625,2320.10009765625,2320.85009765625,10
2026-08-31 12:37:00+05:30,2321.10009765625,2321.10009765625,2320.199951171875,2321.0,56
2026-08-31 12:38:00+05:30,2326.050048828125,2326.550048828125,2322.0,2322.0,805
2026-08-31 12:39:00+05:30,2324.14990234375,2325.800048828125,2324.14990234375,2325.050048828125,326
2026-08-31 12:40:00+05:30,2324.550048828125,2325.60009765625,2324.14990234375,2324.300048828125,80
2026-08-31 12:41:00+05:30,2325.0,2325.550048828125,2324.14990234375,2325.550048828125,227
2026-08-31 12:42:00+05:30,2325.39990234375,2325.39990234375,2324.35009765625,2324.35009765625,60
2026-08-31 12:43:00+05:30,2323.800048828125,2324.35009765625,2323.10009765625,2324.14990234375,93
2026-08-31 12:44:00+05:30,2324.5,2324.60009765625,2323.75,2324.60009765625,37
2026-08-31 12:45:00+05:30,2323.800048828125,2324.85009765625,2323.5,2323.75,89
2026-08-31 12:46:00+05:30,2323.0,2323.800048828125,2323.0,2323.800048828125,52
2026-08-31 12:47:00+05:30,2322.0,2322.800048828125,2321.550048828125,2321.550048828125,398
2026-08-31 12:48:00+05:30,2321.550048828125,2322.0,2321.550048828125,2322.0,74
2026-08-31 12:49:00+05:30,2321.699951171875,2322.5,2321.699951171875,2322.5,192
2026-08-31 12:50:00+05:30,2322.699951171875,2322.75,2322.699951171875,2322.75,2
2026-08-31 12:51:00+05:30,2322.550048828125,2322.60009765625,2321.64990234375,2321.64990234375,21
2026-08-31 12:52:00+05:30,2322.10009765625,2322.5,2321.10009765625,2322.5,36
2026-08-31 12:53:00+05:30,2322.10009765625,2322.10009765625,2322.10009765625,2322.10009765625,41
2026-08-31 12:54:00+05:30,2321.050048828125,2322.10009765625,2321.050048828125,2322.050048828125,52
2026-08-31 12:55:00+05:30,2322.10009765625,2322.10009765625,2320.0,2321.449951171875,253
2026-08-31 12:56:00+05:30,2324.300048828125,2324.300048828125,2320.75,2320.75,225
2026-08-31 12:57:00+05:30,2324.0,2324.64990234375,2323.14990234375,2323.25,158
2026-08-31 12:58:00+05:30,2324.0,2324.85009765625,2324.0,2324.0,58
2026-08-31 12:59:00+05:30,2324.800048828125,2324.800048828125,2324.0,2324.0,27
2026-08-31 13:00:00+05:30,2324.5,2324.5,2323.550048828125,2324.0,45
2026-08-31 13:01:00+05:30,2323.949951171875,2325.0,2323.800048828125,2324.0,92
2026-08-31 13:02:00+05:30,2324.10009765625,2325.0,2324.10009765625,2324.949951171875,24
2026-08-31 13:03:00+05:30,2325.39990234375,2325.39990234375,2324.14990234375,2324.14990234375,156
2026-08-31 13:04:00+05:30,2325.89990234375,2327.0,2324.300048828125,2324.300048828125,609
2026-08-31 13:05:00+05:30,2324.199951171875,2325.89990234375,2323.0,2325.89990234375,326
2026-08-31 13:06:00+05:30,2323.35009765625,2324.300048828125,2323.199951171875,2324.14990234375,36
2026-08-31 13:07:00+05:30,2324.0,2324.0,2323.199951171875,2323.199951171875,12
2026-08-31 13:08:00+05:30,2323.25,2324.300048828125,2323.25,2324.0,28
2026-08-31 13:09:00+05:30,2324.300048828125,2324.300048828125,2324.300048828125,2324.300048828125,10
2026-08-31 13:10:00+05:30,2324.14990234375,2324.199951171875,2323.199951171875,2323.25,16
2026-08-31 13:11:00+05:30,2323.0,2323.800048828125,2322.949951171875,2323.800048828125,44
2026-08-31 13:12:00+05:30,2322.85009765625,2322.89990234375,2322.0,2322.75,49
2026-08-31 13:13:00+05:30,2323.300048828125,2323.89990234375,2322.85009765625,2322.85009765625,658
2026-08-31 13:14:00+05:30,2324.199951171875,2324.300048828125,2322.64990234375,2323.300048828125,26
2026-08-31 13:15:00+05:30,2323.800048828125,2324.199951171875,2323.35009765625,2323.35009765625,166
2026-08-31 13:16:00+05:30,2323.699951171875,2323.75,2323.35009765625,2323.35009765625,269
2026-08-31 13:17:00+05:30,2324.85009765625,2324.85009765625,2323.5,2323.699951171875,467
2026-08-31 13:18:00+05:30,2323.550048828125,2323.550048828125,2323.550048828125,2323.550048828125,2
2026-08-31 13:19:00+05:30,2324.300048828125,2324.300048828125,2323.60009765625,2323.60009765625,73
2026-08-31 13:20:00+05:30,2324.050048828125,2324.300048828125,2323.60009765625,2323.800048828125,98
2026-08-31 13:21:00+05:30,2324.10009765625,2324.89990234375,2324.10009765625,2324.10009765625,28
2026-08-31 13:22:00+05:30,2323.75,2324.300048828125,2323.75,2324.199951171875,713
2026-08-31 13:23:00+05:30,2324.0,2324.0,2323.550048828125,2323.550048828125,607
2026-08-31 13:24:00+05:30,2324.0,2324.0,2323.60009765625,2323.60009765625,100
2026-08-31 13:25:00+05:30,2323.199951171875,2324.0,2323.199951171875,2323.25,18
2026-08-31 13:26:00+05:30,2323.199951171875,2324.0,2323.199951171875,2324.0,14
2026-08-31 13:27:00+05:30,2324.050048828125,2324.050048828125,2323.199951171875,2323.199951171875,24
2026-08-31 13:28:00+05:30,2324.0,2324.050048828125,2324.0,2324.050048828125,14
2026-08-31 13:29:00+05:30,2323.75,2324.300048828125,2322.800048828125,2323.800048828125,655
2026-08-31 13:30:00+05:30,2322.85009765625,2324.199951171875,2322.85009765625,2323.800048828125,19
2026-08-31 13:31:00+05:30,2324.0,2324.0,2322.949951171875,2324.0,28
2026-08-31 13:32:00+05:30,2324.85009765625,2324.85009765625,2323.050048828125,2323.050048828125,30
2026-08-31 13:33:00+05:30,2325.5,2325.5,2324.449951171875,2324.85009765625,253
2026-08-31 13:34:00+05:30,2324.5,2326.0,2324.5,2325.5,146
2026-08-31 13:35:00+05:30,2324.5,2324.5,2324.5,2324.5,13
2026-08-31 13:36:00+05:30,2324.0,2325.300048828125,2324.0,2325.300048828125,33
2026-08-31 13:37:00+05:30,2324.0,2324.699951171875,2324.0,2324.60009765625,92
2026-08-31 13:38:00+05:30,2324.699951171875,2324.699951171875,2324.699951171875,2324.699951171875,3
2026-08-31 13:39:00+05:30,2324.0,2324.699951171875,2324.0,2324.699951171875,34
2026-08-31 13:40:00+05:30,2324.699951171875,2324.699951171875,2324.0,2324.0,52
2026-08-31 13:41:00+05:30,2325.199951171875,2325.199951171875,2324.10009765625,2324.10009765625,248
2026-08-31 13:42:00+05:30,2324.0,2325.199951171875,2324.0,2325.0,229
2026-08-31 13:43:00+05:30,2323.199951171875,2324.449951171875,2322.64990234375,2324.0,1906
2026-08-31 13:44:00+05:30,2324.0,2324.0,2322.949951171875,2324.0,55
2026-08-31 13:45:00+05:30,2323.14990234375,2324.699951171875,2322.800048828125,2322.800048828125,300
2026-08-31 13:46:00+05:30,2323.699951171875,2324.14990234375,2323.0,2323.949951171875,177
2026-08-31 13:47:00+05:30,2322.949951171875,2324.25,2322.949951171875,2324.25,9
2026-08-31 13:48:00+05:30,2325.0,2325.0,2323.199951171875,2324.25,126
2026-08-31 13:49:00+05:30,2324.0,2325.199951171875,2324.0,2325.199951171875,36
2026-08-31 13:50:00+05:30,2324.949951171875,2324.949951171875,2323.39990234375,2323.800048828125,733
2026-08-31 13:51:00+05:30,2323.449951171875,2324.89990234375,2323.449951171875,2324.89990234375,50
2026-08-31 13:52:00+05:30,2324.699951171875,2325.0,2324.300048828125,2324.85009765625,86
2026-08-31 13:53:00+05:30,2324.0,2324.5,2323.25,2324.300048828125,42
2026-08-31 13:54:00+05:30,2323.35009765625,2324.300048828125,2323.35009765625,2324.300048828125,24
2026-08-31 13:55:00+05:30,2323.10009765625,2324.300048828125,2323.10009765625,2323.35009765625,47
2026-08-31 13:56:00+05:30,2323.10009765625,2323.89990234375,2323.10009765625,2323.89990234375,28
2026-08-31 13:57:00+05:30,2322.699951171875,2323.949951171875,2322.10009765625,2323.0,137
2026-08-31 13:58:00+05:30,2323.75,2323.75,2322.10009765625,2322.10009765625,110
2026-08-31 13:59:00+05:30,2322.300048828125,2324.199951171875,2322.300048828125,2322.39990234375,46
2026-08-31 14:00:00+05:30,2322.550048828125,2324.0,2322.550048828125,2324.0,16
2026-08-31 14:01:00+05:30,2322.75,2322.800048828125,2322.75,2322.800048828125,52
2026-08-31 14:02:00+05:30,2323.89990234375,2323.89990234375,2323.89990234375,2323.89990234375,2
2026-08-31 14:03:00+05:30,2324.5,2324.5,2323.14990234375,2323.35009765625,334
2026-08-31 14:04:00+05:30,2325.199951171875,2325.199951171875,2323.0,2323.050048828125,795
2026-08-31 14:05:00+05:30,2323.35009765625,2325.300048828125,2323.35009765625,2325.199951171875,112
2026-08-31 14:06:00+05:30,2325.199951171875,2325.199951171875,2323.75,2324.85009765625,21
2026-08-31 14:07:00+05:30,2325.0,2325.75,2324.300048828125,2324.75,449
2026-08-31 14:08:00+05:30,2324.60009765625,2325.60009765625,2324.60009765625,2325.0,218
2026-08-31 14:09:00+05:30,2322.0,2324.60009765625,2322.0,2324.60009765625,182
2026-08-31 14:10:00+05:30,2321.0,2321.5,2320.199951171875,2321.5,56
2026-08-31 14:11:00+05:30,2320.10009765625,2321.449951171875,2320.050048828125,2320.25,24
2026-08-31 14:12:00+05:30,2321.050048828125,2321.39990234375,2320.0,2321.199951171875,69
2026-08-31 14:13:00+05:30,2321.14990234375,2322.0,2321.14990234375,2321.449951171875,398
2026-08-31 14:14:00+05:30,2322.0,2322.0,2321.0,2321.14990234375,34
2026-08-31 14:15:00+05:30,2322.050048828125,2322.64990234375,2321.0,2322.0,228
2026-08-31 14:16:00+05:30,2321.199951171875,2322.949951171875,2321.199951171875,2322.949951171875,60
2026-08-31 14:17:00+05:30,2322.699951171875,2322.699951171875,2322.699951171875,2322.699951171875,11
2026-08-31 14:18:00+05:30,2322.699951171875,2322.699951171875,2321.35009765625,2322.64990234375,36
2026-08-31 14:19:00+05:30,2324.300048828125,2324.300048828125,2321.75,2321.75,579
2026-08-31 14:20:00+05:30,2323.10009765625,2324.300048828125,2322.75,2323.0,130
2026-08-31 14:21:00+05:30,2324.0,2324.0,2323.0,2323.199951171875,28
2026-08-31 14:22:00+05:30,2323.949951171875,2324.0,2323.10009765625,2323.10009765625,154
2026-08-31 14:23:00+05:30,2323.85009765625,2324.0,2322.300048828125,2322.75,270
2026-08-31 14:24:00+05:30,2323.5,2323.85009765625,2321.75,2323.85009765625,290
2026-08-31 14:25:00+05:30,2322.0,2323.5,2322.0,2323.5,57
2026-08-31 14:26:00+05:30,2322.050048828125,2323.0,2322.0,2322.0,8
2026-08-31 14:27:00+05:30,2322.0,2323.5,2322.0,2323.0,267
2026-08-31 14:28:00+05:30,2324.300048828125,2324.300048828125,2322.60009765625,2323.199951171875,141
2026-08-31 14:29:00+05:30,2325.25,2325.449951171875,2322.75,2322.75,255
2026-08-31 14:30:00+05:30,2325.0,2325.0,2323.35009765625,2323.800048828125,142
2026-08-31 14:31:00+05:30,2325.39990234375,2325.39990234375,2323.14990234375,2323.14990234375,61
2026-08-31 14:32:00+05:30,2324.14990234375,2325.699951171875,2324.14990234375,2324.699951171875,27
2026-08-31 14:33:00+05:30,2325.300048828125,2326.0,2324.89990234375,2324.89990234375,662
2026-08-31 14:34:00+05:30,2324.14990234375,2326.35009765625,2323.10009765625,2324.949951171875,112
2026-08-31 14:35:00+05:30,2324.0,2325.25,2324.0,2324.10009765625,82
2026-08-31 14:36:00+05:30,2325.0,2325.64990234375,2324.14990234375,2325.64990234375,68
2026-08-31 14:37:00+05:30,2323.75,2325.39990234375,2323.25,2325.0,162
2026-08-31 14:38:00+05:30,2323.60009765625,2325.199951171875,2322.64990234375,2325.199951171875,75
2026-08-31 14:39:00+05:30,2323.89990234375,2324.300048828125,2322.89990234375,2323.60009765625,134
2026-08-31 14:40:00+05:30,2324.39990234375,2325.199951171875,2323.199951171875,2323.89990234375,81
2026-08-31 14:41:00+05:30,2323.35009765625,2323.35009765625,2323.300048828125,2323.300048828125,34
2026-08-31 14:42:00+05:30,2325.0,2325.550048828125,2324.300048828125,2324.300048828125,259
2026-08-31 14:43:00+05:30,2325.300048828125,2325.800048828125,2324.300048828125,2325.699951171875,16
2026-08-31 14:44:00+05:30,2325.39990234375,2325.39990234375,2324.300048828125,2325.199951171875,161
2026-08-31 14:45:00+05:30,2326.0,2326.0,2324.85009765625,2325.89990234375,647
2026-08-31 14:46:00+05:30,2330.5,2331.0,2326.89990234375,2326.89990234375,1135
2026-08-31 14:47:00+05:30,2328.800048828125,2330.5,2327.5,2330.5,157
2026-08-31 14:48:00+05:30,2328.35009765625,2329.14990234375,2327.949951171875,2327.949951171875,214
2026-08-31 14:49:00+05:30,2328.199951171875,2329.10009765625,2328.050048828125,2329.050048828125,63
2026-08-31 14:50:00+05:30,2329.14990234375,2330.300048828125,2328.10009765625,2329.199951171875,138
2026-08-31 14:51:00+05:30,2331.0,2331.0,2330.0,2330.0,113
2026-08-31 14:52:00+05:30,2331.89990234375,2332.0,2330.35009765625,2331.0,241
2026-08-31 14:53:00+05:30,2332.0,2332.0,2331.050048828125,2331.85009765625,82
2026-08-31 14:54:00+05:30,2333.800048828125,2335.75,2332.0,2332.0,308
2026-08-31 14:55:00+05:30,2331.449951171875,2333.800048828125,2331.050048828125,2333.800048828125,123
2026-08-31 14:56:00+05:30,2332.0,2332.0,2330.14990234375,2331.0,123
2026-08-31 14:57:00+05:30,2333.0,2333.800048828125,2330.800048828125,2331.050048828125,482
2026-08-31 14:58:00+05:30,2330.0,2333.0,2330.0,2333.0,208
2026-08-31 14:59:00+05:30,2330.550048828125,2332.35009765625,2330.0,2330.0,53
2026-08-31 15:00:00+05:30,2332.0,2332.0,2330.199951171875,2331.64990234375,523
2026-08-31 15:01:00+05:30,2334.10009765625,2334.800048828125,2332.0,2332.0,831
2026-08-31 15:02:00+05:30,2332.60009765625,2334.10009765625,2332.050048828125,2333.85009765625,163
2026-08-31 15:03:00+05:30,2332.39990234375,2333.300048828125,2330.60009765625,2333.300048828125,207
2026-08-31 15:04:00+05:30,2330.10009765625,2331.949951171875,2329.25,2331.75,83
2026-08-31 15:05:00+05:30,2328.0,2331.699951171875,2327.5,2330.39990234375,534
2026-08-31 15:06:00+05:30,2327.050048828125,2329.10009765625,2327.050048828125,2327.10009765625,343
2026-08-31 15:07:00+05:30,2328.60009765625,2329.0,2327.60009765625,2329.0,418
2026-08-31 15:08:00+05:30,2327.64990234375,2328.60009765625,2327.0,2328.39990234375,79
2026-08-31 15:09:00+05:30,2328.89990234375,2329.0,2327.0,2329.0,259
2026-08-31 15:10:00+05:30,2328.60009765625,2328.89990234375,2327.0,2328.14990234375,130
2026-08-31 15:11:00+05:30,2326.449951171875,2330.0,2326.300048828125,2327.0,821
2026-08-31 15:12:00+05:30,2324.300048828125,2330.0,2324.300048828125,2326.60009765625,717
2026-08-31 15:13:00+05:30,2325.60009765625,2326.5,2324.949951171875,2325.0,84
2026-08-31 15:14:00+05:30,2325.0,2325.39990234375,2324.0,2324.699951171875,109
2026-08-31 15:28:00+05:30,2364.0,2364.0,2364.0,2364.0,12537
2026-09-01 09:15:00+05:30,2328.0,2352.64990234375,2327.300048828125,2352.64990234375,5962
2026-09-01 09:16:00+05:30,2329.699951171875,2335.64990234375,2325.5,2329.85009765625,2485
2026-09-01 09:17:00+05:30,2337.10009765625,2337.25,2329.14990234375,2330.64990234375,1959
2026-09-01 09:18:00+05:30,2334.0,2336.39990234375,2330.10009765625,2335.0,1339
2026-09-01 09:19:00+05:30,2329.800048828125,2331.800048828125,2328.0,2331.800048828125,506
2026-09-01 09:20:00+05:30,2334.0,2335.0,2330.25,2330.89990234375,57
2026-09-01 09:21:00+05:30,2342.0,2343.050048828125,2333.300048828125,2334.550048828125,1448
2026-09-01 09:22:00+05:30,2344.64990234375,2344.64990234375,2339.0,2341.35009765625,939
2026-09-01 09:23:00+05:30,2341.35009765625,2345.35009765625,2341.35009765625,2345.35009765625,117
2026-09-01 09:24:00+05:30,2347.550048828125,2348.39990234375,2341.949951171875,2341.949951171875,964
2026-09-01 09:25:00+05:30,2354.949951171875,2355.449951171875,2348.0,2348.64990234375,887
2026-09-01 09:26:00+05:30,2358.300048828125,2359.75,2354.0,2355.0,2086
2026-09-01 09:27:00+05:30,2356.0,2360.0,2356.0,2358.75,284
2026-09-01 09:28:00+05:30,2351.64990234375,2357.5,2351.64990234375,2356.39990234375,1989
2026-09-01 09:29:00+05:30,2353.550048828125,2355.60009765625,2353.10009765625,2353.10009765625,76
2026-09-01 09:30:00+05:30,2357.89990234375,2358.949951171875,2353.949951171875,2353.949951171875,377
2026-09-01 09:31:00+05:30,2359.0,2360.0,2357.89990234375,2357.89990234375,1131
2026-09-01 09:32:00+05:30,2359.75,2361.199951171875,2358.75,2360.0,55
2026-09-01 09:33:00+05:30,2360.0,2363.89990234375,2357.5,2359.300048828125,504
2026-09-01 09:34:00+05:30,2356.39990234375,2359.449951171875,2355.10009765625,2358.89990234375,282
2026-09-01 09:35:00+05:30,2351.449951171875,2354.85009765625,2350.25,2352.89990234375,1370
2026-09-01 09:36:00+05:30,2349.949951171875,2352.0,2348.60009765625,2351.5,394
2026-09-01 09:37:00+05:30,2348.39990234375,2349.85009765625,2347.300048828125,2349.85009765625,655
2026-09-01 09:38:00+05:30,2347.050048828125,2348.85009765625,2344.64990234375,2348.85009765625,526
2026-09-01 09:39:00+05:30,2345.199951171875,2345.699951171875,2343.0,2344.64990234375,583
2026-09-01 09:40:00+05:30,2343.85009765625,2346.699951171875,2342.60009765625,2346.699951171875,138
2026-09-01 09:41:00+05:30,2346.10009765625,2347.0,2342.35009765625,2342.449951171875,147
2026-09-01 09:42:00+05:30,2347.0,2347.85009765625,2346.10009765625,2346.10009765625,14
2026-09-01 09:43:00+05:30,2346.10009765625,2347.300048828125,2346.10009765625,2347.300048828125,305
2026-09-01 09:44:00+05:30,2344.0,2345.39990234375,2344.0,2344.699951171875,90
2026-09-01 09:45:00+05:30,2345.0,2345.75,2345.0,2345.75,112
2026-09-01 09:46:00+05:30,2344.64990234375,2344.949951171875,2343.550048828125,2344.949951171875,56
2026-09-01 09:47:00+05:30,2345.10009765625,2346.5,2343.60009765625,2344.0,1422
2026-09-01 09:48:00+05:30,2344.25,2346.14990234375,2344.25,2346.14990234375,57
2026-09-01 09:49:00+05:30,2345.550048828125,2345.550048828125,2345.0,2345.0,14
2026-09-01 09:50:00+05:30,2344.35009765625,2346.300048828125,2344.35009765625,2346.300048828125,85
2026-09-01 09:51:00+05:30,2345.0,2345.0,2345.0,2345.0,31
2026-09-01 09:52:00+05:30,2346.60009765625,2346.60009765625,2345.199951171875,2346.0,30
2026-09-01 09:53:00+05:30,2345.300048828125,2346.10009765625,2345.199951171875,2346.10009765625,231
2026-09-01 09:54:00+05:30,2345.0,2346.199951171875,2345.0,2345.25,89
2026-09-01 09:55:00+05:30,2344.10009765625,2345.75,2344.10009765625,2345.75,31
2026-09-01 09:56:00+05:30,2342.25,2344.89990234375,2342.25,2344.0,67
2026-09-01 09:57:00+05:30,2343.60009765625,2343.60009765625,2342.25,2343.0,55
2026-09-01 09:58:00+05:30,2343.10009765625,2344.75,2341.050048828125,2344.75,190
2026-09-01 09:59:00+05:30,2338.35009765625,2341.050048828125,2338.35009765625,2341.0,1384
2026-09-01 10:00:00+05:30,2339.0,2340.39990234375,2339.0,2340.0,112
2026-09-01 10:01:00+05:30,2338.800048828125,2339.75,2338.800048828125,2339.75,36
2026-09-01 10:02:00+05:30,2338.0,2339.0,2338.0,2339.0,252
2026-09-01 10:03:00+05:30,2340.39990234375,2340.39990234375,2338.0,2338.0,784
2026-09-01 10:04:00+05:30,2342.550048828125,2342.550048828125,2341.300048828125,2342.10009765625,314
2026-09-01 10:05:00+05:30,2342.449951171875,2342.5,2340.35009765625,2342.5,133
2026-09-01 10:06:00+05:30,2341.25,2341.25,2341.0,2341.14990234375,5
2026-09-01 10:07:00+05:30,2344.25,2344.25,2341.25,2341.300048828125,138
2026-09-01 10:08:00+05:30,2345.0,2345.0,2343.199951171875,2344.25,240
2026-09-01 10:09:00+05:30,2349.0,2349.0,2344.64990234375,2345.60009765625,69
2026-09-01 10:10:00+05:30,2352.10009765625,2352.10009765625,2348.199951171875,2348.199951171875,1747
2026-09-01 10:11:00+05:30,2348.800048828125,2352.550048828125,2348.550048828125,2352.550048828125,58
2026-09-01 10:12:00+05:30,2348.800048828125,2349.60009765625,2348.800048828125,2349.60009765625,7
2026-09-01 10:13:00+05:30,2350.300048828125,2350.300048828125,2348.0,2348.699951171875,232
2026-09-01 10:14:00+05:30,2348.10009765625,2348.800048828125,2348.0,2348.0,170
2026-09-01 10:15:00+05:30,2348.89990234375,2350.14990234375,2348.10009765625,2348.10009765625,61
2026-09-01 10:16:00+05:30,2350.0,2350.699951171875,2349.25,2349.25,10
2026-09-01 10:17:00+05:30,2352.0,2352.0,2350.0,2350.0,112
2026-09-01 10:18:00+05:30,2352.0,2352.0,2351.699951171875,2351.699951171875,25
2026-09-01 10:19:00+05:30,2348.0,2351.300048828125,2348.0,2351.300048828125,131
2026-09-01 10:20:00+05:30,2345.550048828125,2347.0,2345.199951171875,2347.0,102
2026-09-01 10:21:00+05:30,2345.60009765625,2346.35009765625,2344.85009765625,2346.35009765625,72
2026-09-01 10:22:00+05:30,2345.5,2345.60009765625,2344.800048828125,2345.60009765625,62
2026-09-01 10:23:00+05:30,2343.550048828125,2345.449951171875,2343.550048828125,2344.10009765625,246
2026-09-01 10:24:00+05:30,2345.5,2345.5,2344.0,2344.800048828125,89
2026-09-01 10:25:00+05:30,2343.699951171875,2346.14990234375,2343.699951171875,2345.050048828125,2553
2026-09-01 10:26:00+05:30,2343.050048828125,2345.699951171875,2343.050048828125,2344.0,85
2026-09-01 10:27:00+05:30,2344.35009765625,2344.35009765625,2343.050048828125,2343.050048828125,46
2026-09-01 10:28:00+05:30,2347.449951171875,2348.449951171875,2346.550048828125,2347.39990234375,114
2026-09-01 10:29:00+05:30,2345.550048828125,2347.5,2345.550048828125,2346.75,56
2026-09-01 10:30:00+05:30,2346.60009765625,2346.60009765625,2345.75,2346.60009765625,14
2026-09-01 10:31:00+05:30,2348.050048828125,2348.050048828125,2346.60009765625,2346.60009765625,40
2026-09-01 10:32:00+05:30,2347.949951171875,2348.0,2346.64990234375,2347.5,213
2026-09-01 10:33:00+05:30,2348.0,2348.0,2347.89990234375,2348.0,7
2026-09-01 10:34:00+05:30,2348.699951171875,2348.699951171875,2347.5,2348.0,9
2026-09-01 10:35:00+05:30,2347.60009765625,2347.800048828125,2347.35009765625,2347.800048828125,88
2026-09-01 10:36:00+05:30,2348.0,2348.0,2347.25,2347.25,56
2026-09-01 10:37:00+05:30,2348.0,2348.0,2347.300048828125,2348.0,40
2026-09-01 10:38:00+05:30,2347.60009765625,2348.39990234375,2346.85009765625,2348.0,136
2026-09-01 10:39:00+05:30,2347.199951171875,2347.5,2347.199951171875,2347.39990234375,16
2026-09-01 10:41:00+05:30,2349.050048828125,2349.050048828125,2346.75,2346.85009765625,127
2026-09-01 10:42:00+05:30,2347.5,2348.699951171875,2347.5,2348.699951171875,11
2026-09-01 10:43:00+05:30,2347.699951171875,2348.89990234375,2346.050048828125,2348.75,1525
2026-09-01 10:44:00+05:30,2348.64990234375,2348.949951171875,2347.550048828125,2347.550048828125,91
2026-09-01 10:45:00+05:30,2350.050048828125,2350.949951171875,2349.0,2349.89990234375,115
2026-09-01 10:46:00+05:30,2350.0,2350.0,2349.0,2349.0,44
2026-09-01 10:47:00+05:30,2348.800048828125,2350.0,2348.0,2350.0,202
2026-09-01 10:48:00+05:30,2349.89990234375,2350.0,2349.89990234375,2350.0,4
2026-09-01 10:49:00+05:30,2350.949951171875,2350.949951171875,2349.75,2350.0,70
2026-09-01 10:50:00+05:30,2350.14990234375,2351.199951171875,2350.14990234375,2351.199951171875,19
2026-09-01 10:51:00+05:30,2354.0,2354.0,2350.35009765625,2350.35009765625,384
2026-09-01 10:52:00+05:30,2349.89990234375,2355.800048828125,2349.89990234375,2354.5,113
2026-09-01 10:53:00+05:30,2349.60009765625,2350.64990234375,2349.60009765625,2350.64990234375,24
2026-09-01 10:54:00+05:30,2352.0,2352.0,2349.0,2349.0,709
2026-09-01 10:55:00+05:30,2349.0,2353.0,2348.0,2352.10009765625,781
2026-09-01 10:56:00+05:30,2347.89990234375,2350.0,2346.0,2350.0,127
2026-09-01 10:57:00+05:30,2346.300048828125,2347.5,2346.300048828125,2346.5,14
2026-09-01 10:58:00+05:30,2346.14990234375,2347.949951171875,2346.14990234375,2346.699951171875,497
2026-09-01 10:59:00+05:30,2346.60009765625,2346.60009765625,2345.199951171875,2346.14990234375,54
2026-09-01 11:00:00+05:30,2346.75,2346.75,2345.89990234375,2345.89990234375,59
2026-09-01 11:01:00+05:30,2349.050048828125,2349.85009765625,2346.64990234375,2347.699951171875,442
2026-09-01 11:02:00+05:30,2348.0,2348.0,2347.949951171875,2347.949951171875,15
2026-09-01 11:03:00+05:30,2350.0,2350.85009765625,2350.0,2350.85009765625,144
2026-09-01 11:04:00+05:30,2351.949951171875,2351.949951171875,2350.550048828125,2350.550048828125,2
2026-09-01 11:05:00+05:30,2352.39990234375,2352.39990234375,2350.35009765625,2350.35009765625,4
2026-09-01 11:06:00+05:30,2352.800048828125,2352.800048828125,2352.800048828125,2352.800048828125,50
2026-09-01 11:07:00+05:30,2351.300048828125,2352.14990234375,2351.300048828125,2352.14990234375,15
2026-09-01 11:08:00+05:30,2351.5,2351.550048828125,2350.64990234375,2350.64990234375,16
2026-09-01 11:09:00+05:30,2350.64990234375,2351.5,2350.64990234375,2351.5,40
2026-09-01 11:10:00+05:30,2350.64990234375,2350.64990234375,2350.64990234375,2350.64990234375,1
2026-09-01 11:11:00+05:30,2349.0,2350.199951171875,2349.0,2350.199951171875,76
2026-09-01 11:12:00+05:30,2349.39990234375,2350.300048828125,2349.10009765625,2349.39990234375,43
2026-09-01 11:13:00+05:30,2350.0,2350.0,2350.0,2350.0,6
2026-09-01 11:14:00+05:30,2349.800048828125,2349.89990234375,2349.800048828125,2349.89990234375,58
2026-09-01 11:15:00+05:30,2348.39990234375,2348.449951171875,2348.39990234375,2348.449951171875,21
2026-09-01 11:16:00+05:30,2348.0,2348.64990234375,2348.0,2348.449951171875,58
2026-09-01 11:17:00+05:30,2347.699951171875,2347.800048828125,2347.699951171875,2347.800048828125,5
2026-09-01 11:18:00+05:30,2348.449951171875,2348.449951171875,2347.0,2347.0,14
2026-09-01 11:19:00+05:30,2347.10009765625,2348.449951171875,2347.10009765625,2348.449951171875,16
2026-09-01 11:20:00+05:30,2348.699951171875,2348.949951171875,2346.89990234375,2346.89990234375,19
2026-09-01 11:21:00+05:30,2348.39990234375,2348.39990234375,2347.449951171875,2347.800048828125,7
2026-09-01 11:22:00+05:30,2347.14990234375,2347.449951171875,2347.14990234375,2347.449951171875,35
2026-09-01 11:23:00+05:30,2348.35009765625,2348.35009765625,2348.35009765625,2348.35009765625,1
2026-09-01 11:24:00+05:30,2348.949951171875,2348.949951171875,2348.949951171875,2348.949951171875,5
2026-09-01 11:25:00+05:30,2347.5,2348.5,2347.39990234375,2347.39990234375,41
2026-09-01 11:26:00+05:30,2348.449951171875,2349.199951171875,2347.5,2349.199951171875,208
2026-09-01 11:27:00+05:30,2347.5,2348.39990234375,2347.5,2348.39990234375,15
2026-09-01 11:28:00+05:30,2348.5,2348.5,2348.35009765625,2348.35009765625,136
2026-09-01 11:29:00+05:30,2347.5,2348.5,2347.5,2348.5,18
2026-09-01 11:30:00+05:30,2347.5,2348.449951171875,2347.5,2348.449951171875,5
2026-09-01 11:31:00+05:30,2349.050048828125,2349.050048828125,2348.949951171875,2349.050048828125,7
2026-09-01 11:32:00+05:30,2348.800048828125,2349.050048828125,2348.64990234375,2348.64990234375,33
2026-09-01 11:33:00+05:30,2349.0,2349.0,2348.39990234375,2348.800048828125,36
2026-09-01 11:34:00+05:30,2349.0,2349.0,2349.0,2349.0,8
2026-09-01 11:35:00+05:30,2347.5,2348.39990234375,2347.5,2348.39990234375,7
2026-09-01 11:36:00+05:30,2347.89990234375,2348.39990234375,2346.699951171875,2347.550048828125,143
2026-09-01 11:37:00+05:30,2347.5,2348.35009765625,2346.5,2348.35009765625,18
2026-09-01 11:38:00+05:30,2347.0,2347.699951171875,2347.0,2347.699951171875,3
2026-09-01 11:39:00+05:30,2347.89990234375,2347.89990234375,2347.0,2347.0,84
2026-09-01 11:40:00+05:30,2345.800048828125,2347.800048828125,2345.800048828125,2347.800048828125,13
2026-09-01 11:41:00+05:30,2348.35009765625,2348.35009765625,2347.14990234375,2347.550048828125,77
2026-09-01 11:42:00+05:30,2348.35009765625,2348.35009765625,2348.35009765625,2348.35009765625,1
2026-09-01 11:43:00+05:30,2347.949951171875,2348.35009765625,2347.800048828125,2348.35009765625,7
2026-09-01 11:44:00+05:30,2347.5,2348.35009765625,2347.5,2347.5,72
2026-09-01 11:45:00+05:30,2349.0,2349.0,2346.85009765625,2346.85009765625,27
2026-09-01 11:46:00+05:30,2349.5,2349.5,2348.89990234375,2349.0,100
2026-09-01 11:47:00+05:30,2350.64990234375,2350.64990234375,2349.14990234375,2349.5,168
2026-09-01 11:49:00+05:30,2351.0,2352.0,2350.699951171875,2350.699951171875,41
2026-09-01 11:50:00+05:30,2351.199951171875,2351.199951171875,2351.050048828125,2351.050048828125,21
2026-09-01 11:51:00+05:30,2354.0,2354.0,2353.199951171875,2354.0,7
2026-09-01 11:52:00+05:30,2353.0,2355.050048828125,2352.800048828125,2355.050048828125,124
2026-09-01 11:53:00+05:30,2353.5,2353.89990234375,2353.0,2353.0,116
2026-09-01 11:54:00+05:30,2355.0,2355.0,2353.5,2354.0,294
2026-09-01 11:55:00+05:30,2366.14990234375,2367.39990234375,2355.64990234375,2355.64990234375,12630
2026-09-01 11:56:00+05:30,2364.300048828125,2365.35009765625,2362.39990234375,2365.35009765625,467
2026-09-01 11:57:00+05:30,2366.0,2367.699951171875,2364.300048828125,2365.949951171875,121
2026-09-01 11:58:00+05:30,2361.14990234375,2366.0,2361.14990234375,2366.0,3617
2026-09-01 11:59:00+05:30,2360.39990234375,2361.85009765625,2360.0,2361.85009765625,230
2026-09-01 12:00:00+05:30,2360.0,2362.0,2360.0,2361.0,94
2026-09-01 12:01:00+05:30,2364.60009765625,2364.60009765625,2360.0,2361.0,1070
2026-09-01 12:02:00+05:30,2364.449951171875,2364.60009765625,2363.050048828125,2363.89990234375,1862
2026-09-01 12:03:00+05:30,2364.449951171875,2364.449951171875,2364.449951171875,2364.449951171875,1
2026-09-01 12:04:00+05:30,2362.699951171875,2364.449951171875,2361.10009765625,2364.449951171875,131
2026-09-01 12:05:00+05:30,2362.699951171875,2362.699951171875,2361.5,2361.5,8
2026-09-01 12:06:00+05:30,2365.0,2365.0,2362.60009765625,2362.699951171875,247
2026-09-01 12:07:00+05:30,2362.550048828125,2364.75,2362.5,2364.75,120
2026-09-01 12:08:00+05:30,2362.10009765625,2362.10009765625,2362.050048828125,2362.050048828125,110
2026-09-01 12:09:00+05:30,2362.5,2362.550048828125,2361.5,2362.0,153
2026-09-01 12:10:00+05:30,2361.5,2361.5,2361.5,2361.5,37
2026-09-01 12:11:00+05:30,2362.5,2362.5,2361.699951171875,2362.5,58
2026-09-01 12:12:00+05:30,2362.25,2362.5,2361.89990234375,2361.89990234375,205
2026-09-01 12:13:00+05:30,2362.5,2362.60009765625,2362.5,2362.60009765625,57
2026-09-01 12:14:00+05:30,2361.550048828125,2362.35009765625,2361.300048828125,2362.35009765625,83
2026-09-01 12:15:00+05:30,2362.5,2362.5,2362.5,2362.5,39
2026-09-01 12:16:00+05:30,2362.800048828125,2362.800048828125,2361.75,2362.800048828125,75
2026-09-01 12:17:00+05:30,2362.0,2362.0,2362.0,2362.0,300
2026-09-01 12:18:00+05:30,2361.449951171875,2362.75,2361.449951171875,2362.75,53
2026-09-01 12:19:00+05:30,2361.0,2361.0,2361.0,2361.0,30
2026-09-01 12:20:00+05:30,2362.0,2362.0,2360.39990234375,2361.0,132
2026-09-01 12:21:00+05:30,2363.0,2363.0,2362.199951171875,2362.800048828125,153
2026-09-01 12:22:00+05:30,2365.60009765625,2366.89990234375,2363.75,2363.75,128
2026-09-01 12:23:00+05:30,2365.199951171875,2365.199951171875,2365.199951171875,2365.199951171875,53
2026-09-01 12:24:00+05:30,2365.0,2366.550048828125,2365.0,2366.550048828125,142
2026-09-01 12:25:00+05:30,2364.85009765625,2364.85009765625,2363.300048828125,2363.300048828125,24
2026-09-01 12:26:00+05:30,2364.35009765625,2365.800048828125,2364.35009765625,2365.0,70
2026-09-01 12:27:00+05:30,2365.0,2365.0,2365.0,2365.0,70
2026-09-01 12:28:00+05:30,2366.25,2367.699951171875,2365.0,2365.0,75
2026-09-01 12:29:00+05:30,2367.449951171875,2367.449951171875,2365.0,2367.0,16
2026-09-01 12:30:00+05:30,2367.699951171875,2368.0,2365.699951171875,2366.25,111
2026-09-01 12:31:00+05:30,2366.050048828125,2367.0,2366.0,2367.0,102
2026-09-01 12:32:00+05:30,2361.800048828125,2363.89990234375,2360.800048828125,2363.89990234375,92
2026-09-01 12:33:00+05:30,2360.85009765625,2361.35009765625,2360.0,2361.35009765625,4651
2026-09-01 12:34:00+05:30,2364.0,2364.0,2361.89990234375,2361.89990234375,143
2026-09-01 12:35:00+05:30,2364.10009765625,2365.199951171875,2364.0,2364.0,82
2026-09-01 12:36:00+05:30,2364.64990234375,2364.89990234375,2364.300048828125,2364.89990234375,91
2026-09-01 12:38:00+05:30,2363.5,2364.449951171875,2361.89990234375,2362.39990234375,1520
2026-09-01 12:39:00+05:30,2362.300048828125,2363.5,2362.300048828125,2363.199951171875,108
2026-09-01 12:40:00+05:30,2362.0,2363.25,2362.0,2363.25,1002
2026-09-01 12:41:00+05:30,2361.949951171875,2362.699951171875,2361.949951171875,2362.0,214
2026-09-01 12:42:00+05:30,2362.699951171875,2362.699951171875,2362.699951171875,2362.699951171875,3
2026-09-01 12:43:00+05:30,2363.0,2363.0,2362.699951171875,2362.699951171875,950
2026-09-01 12:44:00+05:30,2366.0,2366.0,2363.5,2363.5,60
2026-09-01 12:45:00+05:30,2365.050048828125,2366.0,2365.0,2365.0,111
2026-09-01 12:46:00+05:30,2366.0,2366.0,2366.0,2366.0,276
2026-09-01 12:47:00+05:30,2364.85009765625,2366.0,2364.85009765625,2366.0,262
2026-09-01 12:48:00+05:30,2363.89990234375,2364.85009765625,2363.449951171875,2364.85009765625,54
2026-09-01 12:49:00+05:30,2364.10009765625,2364.5,2364.10009765625,2364.5,8
2026-09-01 12:50:00+05:30,2363.699951171875,2363.699951171875,2363.699951171875,2363.699951171875,3
2026-09-01 12:51:00+05:30,2362.800048828125,2363.699951171875,2362.64990234375,2362.64990234375,70
2026-09-01 12:52:00+05:30,2363.60009765625,2363.699951171875,2363.550048828125,2363.550048828125,31
2026-09-01 12:53:00+05:30,2363.10009765625,2363.60009765625,2363.10009765625,2363.60009765625,11
2026-09-01 12:54:00+05:30,2362.14990234375,2362.89990234375,2362.10009765625,2362.10009765625,41
2026-09-01 12:55:00+05:30,2363.0,2363.0,2361.300048828125,2361.89990234375,225
2026-09-01 12:56:00+05:30,2364.449951171875,2364.5,2364.10009765625,2364.10009765625,72
2026-09-01 12:57:00+05:30,2365.050048828125,2365.050048828125,2363.0,2363.0,472
2026-09-01 12:58:00+05:30,2364.5,2365.0,2364.5,2365.0,5
2026-09-01 12:59:00+05:30,2364.64990234375,2365.0,2364.64990234375,2365.0,6
2026-09-01 13:00:00+05:30,2364.5,2365.5,2364.5,2364.5,99
2026-09-01 13:01:00+05:30,2364.949951171875,2364.949951171875,2364.0,2364.0,62
2026-09-01 13:02:00+05:30,2364.0,2364.949951171875,2364.0,2364.050048828125,50
2026-09-01 13:03:00+05:30,2364.050048828125,2364.050048828125,2364.050048828125,2364.050048828125,20
2026-09-01 13:04:00+05:30,2364.050048828125,2364.050048828125,2364.050048828125,2364.050048828125,60
2026-09-01 13:05:00+05:30,2364.050048828125,2364.89990234375,2364.0,2364.89990234375,74
2026-09-01 13:06:00+05:30,2363.89990234375,2364.89990234375,2363.89990234375,2364.10009765625,492
2026-09-01 13:07:00+05:30,2363.85009765625,2364.14990234375,2363.800048828125,2364.14990234375,108
2026-09-01 13:08:00+05:30,2364.800048828125,2364.800048828125,2364.60009765625,2364.60009765625,19
2026-09-01 13:09:00+05:30,2363.0,2363.39990234375,2363.0,2363.39990234375,6
2026-09-01 13:10:00+05:30,2363.0,2363.0,2363.0,2363.0,13
2026-09-01 13:11:00+05:30,2362.64990234375,2363.64990234375,2361.10009765625,2362.75,18
2026-09-01 13:12:00+05:30,2361.199951171875,2361.199951171875,2360.64990234375,2360.64990234375,13
2026-09-01 13:13:00+05:30,2361.0,2361.0,2360.050048828125,2361.0,57
2026-09-01 13:14:00+05:30,2360.85009765625,2360.85009765625,2360.85009765625,2360.85009765625,50
2026-09-01 13:15:00+05:30,2359.39990234375,2360.60009765625,2358.39990234375,2360.60009765625,22757
2026-09-01 13:16:00+05:30,2358.0,2358.0,2356.699951171875,2358.0,250
2026-09-01 13:17:00+05:30,2356.60009765625,2357.0,2356.60009765625,2357.0,73
2026-09-01 13:18:00+05:30,2359.39990234375,2359.39990234375,2357.5,2357.5,97
2026-09-01 13:19:00+05:30,2360.800048828125,2362.050048828125,2360.699951171875,2361.800048828125,230
2026-09-01 13:20:00+05:30,2362.0,2362.0,2361.050048828125,2361.550048828125,35
2026-09-01 13:21:00+05:30,2364.0,2364.85009765625,2362.0,2362.0,174
2026-09-01 13:22:00+05:30,2363.25,2364.85009765625,2363.25,2364.85009765625,21
2026-09-01 13:23:00+05:30,2363.199951171875,2363.199951171875,2363.199951171875,2363.199951171875,2
2026-09-01 13:24:00+05:30,2363.800048828125,2363.800048828125,2363.800048828125,2363.800048828125,10
2026-09-01 13:25:00+05:30,2363.800048828125,2364.85009765625,2363.800048828125,2364.85009765625,91
2026-09-01 13:26:00+05:30,2364.300048828125,2364.85009765625,2364.300048828125,2364.85009765625,7
2026-09-01 13:27:00+05:30,2366.050048828125,2366.050048828125,2364.300048828125,2364.300048828125,683
2026-09-01 13:28:00+05:30,2366.300048828125,2366.300048828125,2366.300048828125,2366.300048828125,10
2026-09-01 13:29:00+05:30,2364.10009765625,2365.0,2364.10009765625,2365.0,57
2026-09-01 13:30:00+05:30,2364.25,2365.25,2364.0,2365.25,14
2026-09-01 13:31:00+05:30,2367.64990234375,2368.89990234375,2366.0,2366.39990234375,298
2026-09-01 13:32:00+05:30,2366.699951171875,2367.699951171875,2366.10009765625,2367.699951171875,125
2026-09-01 13:33:00+05:30,2367.10009765625,2367.10009765625,2367.10009765625,2367.10009765625,79
2026-09-01 13:34:00+05:30,2367.0,2367.89990234375,2367.0,2367.89990234375,21
2026-09-01 13:35:00+05:30,2370.60009765625,2370.60009765625,2366.5,2366.5,1036
2026-09-01 13:36:00+05:30,2368.0,2370.25,2366.35009765625,2369.0,219
2026-09-01 13:37:00+05:30,2366.5,2368.0,2365.10009765625,2368.0,184
2026-09-01 13:38:00+05:30,2365.10009765625,2366.800048828125,2365.0,2366.800048828125,7
2026-09-01 13:39:00+05:30,2365.0,2366.5,2365.0,2366.5,7
2026-09-01 13:40:00+05:30,2363.64990234375,2365.14990234375,2363.25,2365.0,149
2026-09-01 13:41:00+05:30,2363.64990234375,2365.10009765625,2363.64990234375,2364.75,63
2026-09-01 13:42:00+05:30,2367.050048828125,2367.35009765625,2362.550048828125,2363.39990234375,1579
2026-09-01 13:43:00+05:30,2366.10009765625,2367.550048828125,2366.10009765625,2367.550048828125,9
2026-09-01 13:44:00+05:30,2367.050048828125,2367.050048828125,2366.10009765625,2367.050048828125,40
2026-09-01 13:45:00+05:30,2365.60009765625,2366.800048828125,2365.0,2366.10009765625,26
2026-09-01 13:46:00+05:30,2364.449951171875,2365.449951171875,2364.449951171875,2365.449951171875,6
2026-09-01 13:47:00+05:30,2364.550048828125,2365.14990234375,2364.300048828125,2364.5,45
2026-09-01 13:48:00+05:30,2364.89990234375,2365.10009765625,2363.949951171875,2364.550048828125,1037
2026-09-01 13:49:00+05:30,2365.35009765625,2365.449951171875,2364.35009765625,2365.449951171875,38
2026-09-01 13:50:00+05:30,2364.0,2364.800048828125,2364.0,2364.35009765625,69
2026-09-01 13:51:00+05:30,2363.0,2364.0,2361.949951171875,2364.0,209
2026-09-01 13:52:00+05:30,2360.949951171875,2361.949951171875,2360.64990234375,2361.949951171875,164
2026-09-01 13:53:00+05:30,2361.0,2362.800048828125,2360.0,2360.0,276
2026-09-01 13:54:00+05:30,2361.0,2361.949951171875,2361.0,2361.949951171875,56
2026-09-01 13:55:00+05:30,2361.699951171875,2361.699951171875,2361.0,2361.0,8
2026-09-01 13:56:00+05:30,2360.199951171875,2361.0,2360.0,2361.0,95
2026-09-01 13:57:00+05:30,2361.5,2361.5,2360.199951171875,2360.199951171875,255
2026-09-01 13:58:00+05:30,2361.60009765625,2361.800048828125,2361.60009765625,2361.800048828125,101
2026-09-01 13:59:00+05:30,2362.300048828125,2362.300048828125,2360.800048828125,2361.0,71
2026-09-01 14:00:00+05:30,2360.800048828125,2361.449951171875,2360.300048828125,2361.449951171875,37
2026-09-01 14:01:00+05:30,2359.85009765625,2360.800048828125,2359.85009765625,2360.800048828125,46
2026-09-01 14:02:00+05:30,2359.85009765625,2360.10009765625,2359.85009765625,2360.10009765625,13
2026-09-01 14:03:00+05:30,2360.0,2360.0,2357.199951171875,2358.5,945
2026-09-01 14:04:00+05:30,2357.699951171875,2357.699951171875,2357.699951171875,2357.699951171875,300
2026-09-01 14:05:00+05:30,2360.0,2360.0,2358.5,2359.449951171875,14
2026-09-01 14:06:00+05:30,2358.949951171875,2360.0,2358.949951171875,2359.300048828125,16
2026-09-01 14:07:00+05:30,2358.949951171875,2360.0,2358.550048828125,2359.949951171875,130
2026-09-01 14:08:00+05:30,2357.89990234375,2358.949951171875,2357.0,2358.89990234375,88
2026-09-01 14:09:00+05:30,2357.89990234375,2359.5,2357.89990234375,2358.60009765625,153
2026-09-01 14:10:00+05:30,2357.60009765625,2357.89990234375,2357.0,2357.85009765625,181
2026-09-01 14:11:00+05:30,2360.35009765625,2360.35009765625,2358.75,2359.050048828125,118
2026-09-01 14:12:00+05:30,2358.75,2360.35009765625,2358.75,2359.60009765625,13080
2026-09-01 14:13:00+05:30,2357.699951171875,2358.75,2357.60009765625,2358.75,261
2026-09-01 14:14:00+05:30,2360.0,2360.800048828125,2356.300048828125,2357.699951171875,666
2026-09-01 14:15:00+05:30,2361.10009765625,2361.5,2360.35009765625,2360.60009765625,138
2026-09-01 14:16:00+05:30,2362.0,2362.0,2361.14990234375,2362.0,94
2026-09-01 14:17:00+05:30,2362.75,2362.75,2362.75,2362.75,1
2026-09-01 14:18:00+05:30,2363.0,2363.0,2362.60009765625,2362.60009765625,27
2026-09-01 14:19:00+05:30,2363.050048828125,2363.949951171875,2363.0,2363.0,52
2026-09-01 14:20:00+05:30,2362.300048828125,2362.300048828125,2362.300048828125,2362.300048828125,100
2026-09-01 14:21:00+05:30,2362.550048828125,2362.550048828125,2361.699951171875,2361.699951171875,21
2026-09-01 14:22:00+05:30,2360.39990234375,2361.10009765625,2360.39990234375,2360.75,425
2026-09-01 14:23:00+05:30,2361.14990234375,2361.14990234375,2360.39990234375,2360.39990234375,73
2026-09-01 14:24:00+05:30,2361.75,2361.75,2360.0,2361.10009765625,16
2026-09-01 14:25:00+05:30,2361.5,2361.75,2360.25,2361.75,61
2026-09-01 14:26:00+05:30,2360.89990234375,2360.89990234375,2360.89990234375,2360.89990234375,2
2026-09-01 14:27:00+05:30,2360.5,2360.5,2360.0,2360.0,64
2026-09-01 14:28:00+05:30,2360.5,2360.5,2360.0,2360.5,22
2026-09-01 14:29:00+05:30,2363.89990234375,2363.89990234375,2360.25,2360.5,311
2026-09-01 14:30:00+05:30,2361.10009765625,2363.550048828125,2361.10009765625,2363.550048828125,7
2026-09-01 14:31:00+05:30,2362.39990234375,2363.5,2362.39990234375,2363.5,105
2026-09-01 14:32:00+05:30,2362.10009765625,2363.5,2362.10009765625,2363.5,8
2026-09-01 14:33:00+05:30,2361.0,2361.550048828125,2361.0,2361.550048828125,4
2026-09-01 14:34:00+05:30,2361.60009765625,2361.60009765625,2361.0,2361.0,23
2026-09-01 14:35:00+05:30,2360.60009765625,2361.64990234375,2360.050048828125,2360.050048828125,92
2026-09-01 14:36:00+05:30,2358.949951171875,2360.5,2358.949951171875,2360.0,30
2026-09-01 14:37:00+05:30,2358.75,2358.85009765625,2357.300048828125,2358.85009765625,198
2026-09-01 14:38:00+05:30,2358.60009765625,2358.64990234375,2357.0,2357.0,68
2026-09-01 14:39:00+05:30,2355.300048828125,2357.0,2355.300048828125,2357.0,28
2026-09-01 14:40:00+05:30,2354.0,2355.25,2354.0,2354.449951171875,153
2026-09-01 14:41:00+05:30,2353.0,2353.89990234375,2352.39990234375,2353.89990234375,20
2026-09-01 14:42:00+05:30,2352.39990234375,2354.050048828125,2352.39990234375,2353.0,55
2026-09-01 14:43:00+05:30,2351.800048828125,2352.5,2351.800048828125,2352.5,18
2026-09-01 14:44:00+05:30,2351.550048828125,2351.550048828125,2351.550048828125,2351.550048828125,12
2026-09-01 14:45:00+05:30,2353.199951171875,2353.199951171875,2351.199951171875,2351.550048828125,131
2026-09-01 14:46:00+05:30,2353.0,2353.199951171875,2352.64990234375,2353.199951171875,50
2026-09-01 14:47:00+05:30,2353.39990234375,2353.449951171875,2352.39990234375,2353.449951171875,16
2026-09-01 14:48:00+05:30,2354.0,2354.0,2351.949951171875,2351.949951171875,182
2026-09-01 14:49:00+05:30,2353.5,2353.550048828125,2352.14990234375,2353.550048828125,107
2026-09-01 14:50:00+05:30,2352.60009765625,2353.449951171875,2352.550048828125,2352.550048828125,22
2026-09-01 14:51:00+05:30,2353.60009765625,2353.60009765625,2352.60009765625,2352.60009765625,89
2026-09-01 14:52:00+05:30,2352.449951171875,2352.550048828125,2352.449951171875,2352.550048828125,114
2026-09-01 14:53:00+05:30,2354.949951171875,2354.949951171875,2353.89990234375,2353.89990234375,14
2026-09-01 14:54:00+05:30,2354.89990234375,2354.949951171875,2354.89990234375,2354.949951171875,4
2026-09-01 14:55:00+05:30,2354.89990234375,2354.89990234375,2353.949951171875,2354.89990234375,726
2026-09-01 14:56:00+05:30,2356.0,2356.050048828125,2356.0,2356.0,16
2026-09-01 14:58:00+05:30,2355.85009765625,2357.300048828125,2355.0,2355.0,148
2026-09-01 14:59:00+05:30,2354.89990234375,2354.89990234375,2354.89990234375,2354.89990234375,50
2026-09-01 15:00:00+05:30,2354.64990234375,2355.60009765625,2354.050048828125,2354.300048828125,105
2026-09-01 15:01:00+05:30,2354.64990234375,2354.64990234375,2353.39990234375,2353.39990234375,28
2026-09-01 15:02:00+05:30,2354.0,2354.0,2354.0,2354.0,18
2026-09-01 15:03:00+05:30,2353.64990234375,2354.14990234375,2352.14990234375,2353.199951171875,160
2026-09-01 15:04:00+05:30,2354.949951171875,2354.949951171875,2352.449951171875,2354.60009765625,297
2026-09-01 15:05:00+05:30,2355.0,2357.050048828125,2354.800048828125,2355.0,125
2026-09-01 15:06:00+05:30,2358.85009765625,2358.89990234375,2355.800048828125,2355.800048828125,161
2026-09-01 15:07:00+05:30,2359.949951171875,2359.949951171875,2358.89990234375,2358.89990234375,241
2026-09-01 15:08:00+05:30,2357.0,2357.75,2357.0,2357.75,52
2026-09-01 15:09:00+05:30,2356.85009765625,2357.0,2355.699951171875,2355.699951171875,98
2026-09-01 15:10:00+05:30,2356.949951171875,2357.0,2356.949951171875,2357.0,57
2026-09-01 15:11:00+05:30,2357.0,2357.0,2354.60009765625,2356.949951171875,271
2026-09-01 15:12:00+05:30,2354.0,2358.25,2354.0,2356.85009765625,183
2026-09-01 15:13:00+05:30,2354.199951171875,2354.199951171875,2352.0,2352.0,133
2026-09-01 15:14:00+05:30,2356.0,2356.0,2352.300048828125,2353.89990234375,17
2026-09-01 15:28:00+05:30,2366.0,2366.0,2366.0,2366.0,446
2026-09-02 09:15:00+05:30,2331.300048828125,2347.0,2327.85009765625,2347.0,2020
2026-09-02 09:16:00+05:30,2324.0,2333.85009765625,2320.0,2333.85009765625,2839
2026-09-02 09:17:00+05:30,2329.35009765625,2330.35009765625,2320.0,2320.699951171875,4919
2026-09-02 09:18:00+05:30,2322.39990234375,2328.050048828125,2320.0,2328.050048828125,837
2026-09-02 09:19:00+05:30,2314.0,2323.14990234375,2314.0,2321.699951171875,1593
2026-09-02 09:20:00+05:30,2316.550048828125,2316.550048828125,2312.0,2312.199951171875,292
2026-09-02 09:21:00+05:30,2311.050048828125,2317.25,2308.199951171875,2316.699951171875,2217
2026-09-02 09:22:00+05:30,2310.0,2312.0,2309.300048828125,2309.949951171875,792
2026-09-02 09:23:00+05:30,2305.60009765625,2310.5,2305.60009765625,2310.0,1804
2026-09-02 09:24:00+05:30,2307.10009765625,2307.10009765625,2302.699951171875,2306.449951171875,1320
2026-09-02 09:25:00+05:30,2309.050048828125,2310.199951171875,2306.89990234375,2307.14990234375,395
2026-09-02 09:26:00+05:30,2311.89990234375,2311.89990234375,2308.75,2308.85009765625,555
2026-09-02 09:27:00+05:30,2314.85009765625,2314.85009765625,2311.60009765625,2311.89990234375,440
2026-09-02 09:28:00+05:30,2315.5,2315.5,2313.0,2314.300048828125,469
2026-09-02 09:29:00+05:30,2320.0,2320.0,2315.10009765625,2315.10009765625,391
2026-09-02 09:30:00+05:30,2324.85009765625,2324.85009765625,2319.5,2320.0,489
2026-09-02 09:31:00+05:30,2327.800048828125,2328.800048828125,2323.60009765625,2324.949951171875,650
2026-09-02 09:32:00+05:30,2332.60009765625,2333.449951171875,2327.800048828125,2328.0,601
2026-09-02 09:33:00+05:30,2334.0,2334.0,2329.699951171875,2331.050048828125,1354
2026-09-02 09:34:00+05:30,2344.699951171875,2344.699951171875,2333.10009765625,2334.0,2687
2026-09-02 09:35:00+05:30,2341.699951171875,2346.199951171875,2339.050048828125,2343.699951171875,707
2026-09-02 09:36:00+05:30,2346.0,2346.10009765625,2342.050048828125,2343.39990234375,498
2026-09-02 09:37:00+05:30,2346.0,2347.800048828125,2345.199951171875,2345.199951171875,355
2026-09-02 09:38:00+05:30,2342.0,2346.0,2341.0,2346.0,121
2026-09-02 09:39:00+05:30,2340.0,2343.5,2340.0,2342.0,492
2026-09-02 09:40:00+05:30,2342.85009765625,2343.0,2340.0,2340.0,638
2026-09-02 09:41:00+05:30,2345.60009765625,2345.60009765625,2342.35009765625,2342.699951171875,188
2026-09-02 09:42:00+05:30,2344.64990234375,2344.949951171875,2344.10009765625,2344.14990234375,59
2026-09-02 09:43:00+05:30,2346.0,2346.0,2344.050048828125,2344.050048828125,97
2026-09-02 09:44:00+05:30,2343.0,2345.35009765625,2343.0,2345.35009765625,73
2026-09-02 09:45:00+05:30,2346.300048828125,2347.300048828125,2343.550048828125,2343.699951171875,425
2026-09-02 09:46:00+05:30,2346.60009765625,2347.0,2344.699951171875,2347.0,156
2026-09-02 09:47:00+05:30,2344.14990234375,2345.75,2344.14990234375,2345.75,105
2026-09-02 09:48:00+05:30,2344.550048828125,2345.0,2344.5,2344.699951171875,433
2026-09-02 09:49:00+05:30,2345.0,2345.0,2343.0,2345.0,177
2026-09-02 09:50:00+05:30,2344.89990234375,2345.60009765625,2344.25,2345.60009765625,256
2026-09-02 09:51:00+05:30,2343.0,2343.60009765625,2342.050048828125,2343.60009765625,76
2026-09-02 09:52:00+05:30,2345.0,2345.0,2342.0,2343.550048828125,178
2026-09-02 09:53:00+05:30,2345.14990234375,2346.0,2344.10009765625,2344.35009765625,229
2026-09-02 09:54:00+05:30,2344.10009765625,2345.300048828125,2344.10009765625,2344.85009765625,56
2026-09-02 09:55:00+05:30,2346.0,2346.0,2343.35009765625,2345.199951171875,326
2026-09-02 09:56:00+05:30,2346.14990234375,2346.35009765625,2344.800048828125,2346.35009765625,554
2026-09-02 09:57:00+05:30,2345.5,2346.14990234375,2344.550048828125,2344.550048828125,13
2026-09-02 09:58:00+05:30,2353.0,2353.0,2345.300048828125,2345.300048828125,760
2026-09-02 09:59:00+05:30,2357.10009765625,2358.5,2353.5,2353.5,283
2026-09-02 10:00:00+05:30,2362.699951171875,2362.89990234375,2357.199951171875,2357.199951171875,2053
2026-09-02 10:01:00+05:30,2359.75,2362.800048828125,2359.699951171875,2362.800048828125,266
2026-09-02 10:02:00+05:30,2352.800048828125,2360.35009765625,2352.800048828125,2358.050048828125,278
2026-09-02 10:03:00+05:30,2361.64990234375,2362.449951171875,2353.5,2354.39990234375,3190
2026-09-02 10:04:00+05:30,2355.5,2357.14990234375,2355.5,2356.199951171875,11
2026-09-02 10:05:00+05:30,2354.550048828125,2357.699951171875,2354.550048828125,2356.699951171875,1663
2026-09-02 10:06:00+05:30,2352.5,2354.550048828125,2352.5,2354.550048828125,242
2026-09-02 10:07:00+05:30,2352.39990234375,2354.25,2352.39990234375,2354.0,105
2026-09-02 10:08:00+05:30,2348.699951171875,2353.0,2345.75,2352.0,2084
2026-09-02 10:09:00+05:30,2348.64990234375,2349.550048828125,2347.550048828125,2348.800048828125,325
2026-09-02 10:10:00+05:30,2350.39990234375,2350.75,2349.39990234375,2349.39990234375,154
2026-09-02 10:11:00+05:30,2349.800048828125,2351.0,2349.800048828125,2350.39990234375,169
2026-09-02 10:12:00+05:30,2353.0,2353.0,2350.0,2350.85009765625,175
2026-09-02 10:13:00+05:30,2352.699951171875,2352.89990234375,2351.300048828125,2352.35009765625,11
2026-09-02 10:14:00+05:30,2351.5,2352.050048828125,2351.5,2352.0,71
2026-09-02 10:15:00+05:30,2350.39990234375,2351.5,2349.0,2351.5,68
2026-09-02 10:16:00+05:30,2349.75,2349.75,2349.0,2349.0,85
2026-09-02 10:17:00+05:30,2347.300048828125,2350.0,2347.0,2350.0,299
2026-09-02 10:18:00+05:30,2346.800048828125,2346.800048828125,2346.800048828125,2346.800048828125,6
2026-09-02 10:19:00+05:30,2346.0,2346.64990234375,2345.0,2346.300048828125,287
2026-09-02 10:20:00+05:30,2346.85009765625,2346.85009765625,2345.550048828125,2346.0,146
2026-09-02 10:21:00+05:30,2346.300048828125,2347.85009765625,2346.199951171875,2346.199951171875,168
2026-09-02 10:22:00+05:30,2345.300048828125,2347.75,2345.10009765625,2347.75,335
2026-09-02 10:23:00+05:30,2348.39990234375,2348.39990234375,2345.60009765625,2345.60009765625,426
2026-09-02 10:24:00+05:30,2347.89990234375,2348.699951171875,2347.050048828125,2348.699951171875,19
2026-09-02 10:25:00+05:30,2348.14990234375,2348.14990234375,2347.699951171875,2347.699951171875,22
2026-09-02 10:26:00+05:30,2348.0,2348.14990234375,2347.800048828125,2348.14990234375,495
2026-09-02 10:27:00+05:30,2347.5,2348.14990234375,2347.5,2348.14990234375,17
2026-09-02 10:28:00+05:30,2347.0,2347.5,2347.0,2347.5,152
2026-09-02 10:29:00+05:30,2347.5,2347.5,2346.300048828125,2346.89990234375,80
2026-09-02 10:30:00+05:30,2348.0,2348.10009765625,2345.699951171875,2348.10009765625,155
2026-09-02 10:31:00+05:30,2347.85009765625,2348.800048828125,2347.85009765625,2348.0,104
2026-09-02 10:32:00+05:30,2354.35009765625,2354.35009765625,2346.699951171875,2347.800048828125,4247
2026-09-02 10:33:00+05:30,2352.949951171875,2353.550048828125,2350.60009765625,2350.60009765625,600
2026-09-02 10:34:00+05:30,2351.10009765625,2351.75,2351.0,2351.75,143
2026-09-02 10:35:00+05:30,2347.0,2351.14990234375,2345.10009765625,2351.14990234375,181
2026-09-02 10:36:00+05:30,2345.800048828125,2346.5,2345.5,2346.5,303
2026-09-02 10:37:00+05:30,2343.0,2345.300048828125,2343.0,2345.0,169
2026-09-02 10:38:00+05:30,2342.64990234375,2342.64990234375,2341.199951171875,2341.199951171875,304
2026-09-02 10:39:00+05:30,2341.199951171875,2342.89990234375,2341.199951171875,2342.89990234375,128
2026-09-02 10:40:00+05:30,2340.39990234375,2341.199951171875,2339.699951171875,2341.199951171875,125
2026-09-02 10:41:00+05:30,2339.199951171875,2340.25,2338.39990234375,2339.75,109
2026-09-02 10:42:00+05:30,2340.39990234375,2340.89990234375,2339.60009765625,2339.89990234375,136
2026-09-02 10:43:00+05:30,2340.39990234375,2340.39990234375,2340.39990234375,2340.39990234375,3
2026-09-02 10:44:00+05:30,2340.699951171875,2340.699951171875,2340.199951171875,2340.199951171875,14
2026-09-02 10:45:00+05:30,2341.89990234375,2342.699951171875,2341.60009765625,2341.89990234375,59
2026-09-02 10:46:00+05:30,2341.89990234375,2342.60009765625,2341.39990234375,2341.89990234375,26
2026-09-02 10:47:00+05:30,2341.89990234375,2342.39990234375,2341.75,2342.199951171875,6
2026-09-02 10:48:00+05:30,2342.300048828125,2342.300048828125,2341.89990234375,2342.10009765625,15
2026-09-02 10:49:00+05:30,2343.89990234375,2344.0,2341.89990234375,2341.89990234375,85
2026-09-02 10:50:00+05:30,2344.199951171875,2344.199951171875,2343.0,2343.0,9
2026-09-02 10:51:00+05:30,2345.949951171875,2345.949951171875,2344.199951171875,2344.199951171875,85
2026-09-02 10:52:00+05:30,2343.0,2347.0,2343.0,2347.0,108
2026-09-02 10:53:00+05:30,2344.60009765625,2345.64990234375,2343.14990234375,2343.14990234375,87
2026-09-02 10:54:00+05:30,2345.5,2345.800048828125,2343.550048828125,2343.550048828125,68
2026-09-02 10:55:00+05:30,2348.0,2348.0,2345.5,2345.5,41
2026-09-02 10:56:00+05:30,2348.0,2348.550048828125,2348.0,2348.550048828125,80
2026-09-02 10:57:00+05:30,2349.449951171875,2349.449951171875,2347.449951171875,2348.0,96
2026-09-02 10:58:00+05:30,2347.0,2348.64990234375,2347.0,2348.64990234375,6
2026-09-02 10:59:00+05:30,2346.050048828125,2347.5,2346.050048828125,2347.5,513
2026-09-02 11:00:00+05:30,2346.0,2346.5,2344.64990234375,2344.64990234375,53
2026-09-02 11:01:00+05:30,2343.85009765625,2345.0,2343.85009765625,2345.0,97
2026-09-02 11:02:00+05:30,2345.60009765625,2345.60009765625,2343.85009765625,2344.300048828125,24
2026-09-02 11:03:00+05:30,2343.800048828125,2343.800048828125,2342.60009765625,2343.35009765625,102
2026-09-02 11:04:00+05:30,2342.85009765625,2343.60009765625,2342.300048828125,2343.60009765625,30
2026-09-02 11:05:00+05:30,2343.0,2343.39990234375,2342.300048828125,2343.39990234375,139
2026-09-02 11:06:00+05:30,2343.0,2343.0,2342.300048828125,2342.300048828125,402
2026-09-02 11:07:00+05:30,2342.0,2342.0,2341.800048828125,2342.0,21
2026-09-02 11:08:00+05:30,2342.949951171875,2342.949951171875,2341.949951171875,2341.949951171875,157
2026-09-02 11:09:00+05:30,2339.5,2340.60009765625,2339.5,2340.60009765625,296
2026-09-02 11:11:00+05:30,2337.89990234375,2338.89990234375,2337.89990234375,2338.5,145
2026-09-02 11:12:00+05:30,2338.89990234375,2339.699951171875,2338.89990234375,2339.699951171875,58
2026-09-02 11:14:00+05:30,2337.699951171875,2338.60009765625,2337.550048828125,2338.60009765625,31
2026-09-02 11:15:00+05:30,2337.85009765625,2338.25,2337.85009765625,2338.25,31
2026-09-02 11:16:00+05:30,2335.85009765625,2337.699951171875,2335.85009765625,2337.699951171875,71
2026-09-02 11:17:00+05:30,2336.0,2336.0,2336.0,2336.0,21
2026-09-02 11:18:00+05:30,2336.0,2336.10009765625,2336.0,2336.10009765625,90
2026-09-02 11:19:00+05:30,2336.949951171875,2336.949951171875,2336.300048828125,2336.300048828125,8
2026-09-02 11:20:00+05:30,2335.0,2336.89990234375,2335.0,2335.300048828125,483
2026-09-02 11:21:00+05:30,2335.300048828125,2336.39990234375,2335.300048828125,2336.39990234375,24
2026-09-02 11:22:00+05:30,2335.25,2336.10009765625,2335.25,2336.10009765625,16
2026-09-02 11:23:00+05:30,2335.550048828125,2336.39990234375,2335.550048828125,2335.60009765625,82
2026-09-02 11:24:00+05:30,2335.85009765625,2336.300048828125,2335.25,2335.60009765625,133
2026-09-02 11:25:00+05:30,2336.199951171875,2336.199951171875,2335.85009765625,2336.199951171875,12
2026-09-02 11:26:00+05:30,2336.39990234375,2336.39990234375,2336.39990234375,2336.39990234375,91
2026-09-02 11:27:00+05:30,2336.699951171875,2336.699951171875,2336.199951171875,2336.199951171875,91
2026-09-02 11:28:00+05:30,2339.10009765625,2339.75,2337.699951171875,2338.050048828125,256
2026-09-02 11:29:00+05:30,2338.199951171875,2338.39990234375,2336.85009765625,2336.85009765625,368
2026-09-02 11:30:00+05:30,2341.75,2341.949951171875,2337.89990234375,2337.89990234375,311
2026-09-02 11:31:00+05:30,2341.300048828125,2341.300048828125,2340.35009765625,2341.199951171875,41
2026-09-02 11:32:00+05:30,2341.39990234375,2342.5,2341.39990234375,2342.5,4
2026-09-02 11:33:00+05:30,2340.0,2341.050048828125,2340.0,2341.050048828125,7
2026-09-02 11:34:00+05:30,2340.60009765625,2340.60009765625,2339.60009765625,2339.60009765625,26
2026-09-02 11:35:00+05:30,2341.85009765625,2341.85009765625,2340.800048828125,2340.800048828125,11
2026-09-02 11:36:00+05:30,2340.0,2341.0,2340.0,2341.0,31
2026-09-02 11:37:00+05:30,2339.64990234375,2340.0,2339.64990234375,2340.0,217
2026-09-02 11:38:00+05:30,2338.75,2339.800048828125,2338.300048828125,2338.300048828125,33
2026-09-02 11:39:00+05:30,2341.199951171875,2341.199951171875,2340.0,2340.0,124
2026-09-02 11:40:00+05:30,2339.75,2341.89990234375,2339.75,2340.25,65
2026-09-02 11:41:00+05:30,2341.699951171875,2341.699951171875,2339.10009765625,2339.10009765625,5
2026-09-02 11:42:00+05:30,2341.10009765625,2341.10009765625,2341.10009765625,2341.10009765625,100
2026-09-02 11:43:00+05:30,2341.10009765625,2341.10009765625,2340.25,2341.10009765625,13
2026-09-02 11:44:00+05:30,2340.5,2340.89990234375,2340.5,2340.89990234375,2
2026-09-02 11:45:00+05:30,2339.699951171875,2339.949951171875,2339.699951171875,2339.949951171875,7
2026-09-02 11:48:00+05:30,2338.050048828125,2338.89990234375,2336.39990234375,2336.39990234375,80
2026-09-02 11:49:00+05:30,2338.949951171875,2338.949951171875,2338.949951171875,2338.949951171875,1
2026-09-02 11:50:00+05:30,2340.0,2340.0,2339.0,2339.0,42
2026-09-02 11:51:00+05:30,2341.89990234375,2343.550048828125,2341.35009765625,2341.35009765625,197
2026-09-02 11:52:00+05:30,2342.300048828125,2343.0,2342.199951171875,2342.199951171875,8
2026-09-02 11:53:00+05:30,2342.199951171875,2342.300048828125,2342.199951171875,2342.300048828125,4
2026-09-02 11:54:00+05:30,2342.300048828125,2342.300048828125,2341.199951171875,2341.800048828125,49
2026-09-02 11:55:00+05:30,2342.0,2342.0,2341.199951171875,2341.199951171875,3
2026-09-02 11:56:00+05:30,2341.89990234375,2341.89990234375,2340.89990234375,2340.89990234375,62
2026-09-02 11:57:00+05:30,2341.60009765625,2342.449951171875,2341.60009765625,2342.449951171875,89
2026-09-02 11:58:00+05:30,2340.800048828125,2341.0,2339.39990234375,2341.0,313
2026-09-02 12:00:00+05:30,2340.800048828125,2340.800048828125,2340.0,2340.0,287
2026-09-02 12:01:00+05:30,2339.39990234375,2340.75,2339.39990234375,2340.75,51
2026-09-02 12:02:00+05:30,2340.0,2340.5,2340.0,2340.5,27
2026-09-02 12:03:00+05:30,2339.39990234375,2340.0,2339.39990234375,2340.0,4
2026-09-02 12:04:00+05:30,2339.60009765625,2339.60009765625,2339.0,2339.0,79
2026-09-02 12:05:00+05:30,2338.199951171875,2339.800048828125,2338.199951171875,2339.800048828125,15
2026-09-02 12:06:00+05:30,2339.5,2340.0,2339.39990234375,2339.39990234375,83
2026-09-02 12:07:00+05:30,2339.0,2340.35009765625,2339.0,2340.35009765625,15
2026-09-02 12:08:00+05:30,2339.60009765625,2339.60009765625,2339.0,2339.0,3
2026-09-02 12:09:00+05:30,2338.60009765625,2339.949951171875,2338.60009765625,2339.199951171875,247
2026-09-02 12:10:00+05:30,2339.199951171875,2339.199951171875,2339.10009765625,2339.10009765625,18
2026-09-02 12:11:00+05:30,2338.5,2339.300048828125,2338.199951171875,2339.199951171875,68
2026-09-02 12:12:00+05:30,2339.10009765625,2339.10009765625,2337.60009765625,2337.60009765625,32
2026-09-02 12:13:00+05:30,2338.5,2338.60009765625,2338.5,2338.60009765625,19
2026-09-02 12:15:00+05:30,2339.39990234375,2339.39990234375,2338.699951171875,2338.699951171875,11
2026-09-02 12:17:00+05:30,2339.300048828125,2339.300048828125,2338.5,2338.5,6
2026-09-02 12:18:00+05:30,2339.5,2339.5,2339.5,2339.5,1
2026-09-02 12:19:00+05:30,2338.39990234375,2338.39990234375,2338.39990234375,2338.39990234375,10
2026-09-02 12:20:00+05:30,2338.0,2338.0,2337.199951171875,2337.39990234375,30
2026-09-02 12:22:00+05:30,2340.800048828125,2340.800048828125,2337.60009765625,2337.60009765625,148
2026-09-02 12:23:00+05:30,2339.10009765625,2339.10009765625,2339.10009765625,2339.10009765625,3
2026-09-02 12:25:00+05:30,2340.800048828125,2340.800048828125,2340.300048828125,2340.300048828125,103
2026-09-02 12:26:00+05:30,2341.89990234375,2341.89990234375,2341.5,2341.5,8
2026-09-02 12:27:00+05:30,2344.10009765625,2344.10009765625,2341.89990234375,2341.89990234375,38
2026-09-02 12:28:00+05:30,2342.25,2343.800048828125,2342.25,2343.800048828125,10
2026-09-02 12:29:00+05:30,2343.550048828125,2343.550048828125,2343.0,2343.050048828125,91
2026-09-02 12:30:00+05:30,2342.5,2342.5,2342.39990234375,2342.39990234375,2
2026-09-02 12:31:00+05:30,2343.25,2344.64990234375,2343.25,2344.64990234375,12
2026-09-02 12:32:00+05:30,2344.550048828125,2344.550048828125,2344.550048828125,2344.550048828125,33
2026-09-02 12:33:00+05:30,2344.5,2344.5,2344.5,2344.5,8
2026-09-02 12:34:00+05:30,2344.14990234375,2344.14990234375,2344.14990234375,2344.14990234375,2
2026-09-02 12:35:00+05:30,2342.5,2344.89990234375,2342.5,2344.25,1213
2026-09-02 12:36:00+05:30,2343.449951171875,2343.449951171875,2341.800048828125,2343.0,1120
2026-09-02 12:37:00+05:30,2343.64990234375,2343.64990234375,2343.64990234375,2343.64990234375,15
2026-09-02 12:38:00+05:30,2340.39990234375,2341.300048828125,2340.39990234375,2341.300048828125,149
2026-09-02 12:39:00+05:30,2339.699951171875,2340.39990234375,2339.699951171875,2339.800048828125,24
2026-09-02 12:40:00+05:30,2339.949951171875,2340.0,2339.949951171875,2340.0,76
2026-09-02 12:41:00+05:30,2339.5,2339.949951171875,2339.5,2339.949951171875,12
2026-09-02 12:42:00+05:30,2339.35009765625,2339.35009765625,2338.0,2339.10009765625,17
2026-09-02 12:43:00+05:30,2338.949951171875,2338.949951171875,2337.5,2337.5,50
2026-09-02 12:44:00+05:30,2338.800048828125,2338.800048828125,2338.800048828125,2338.800048828125,1
2026-09-02 12:45:00+05:30,2337.800048828125,2338.0,2337.800048828125,2338.0,37
2026-09-02 12:46:00+05:30,2336.550048828125,2337.0,2336.550048828125,2337.0,190
2026-09-02 12:47:00+05:30,2337.199951171875,2337.199951171875,2337.199951171875,2337.199951171875,1
2026-09-02 12:48:00+05:30,2336.550048828125,2336.550048828125,2336.550048828125,2336.550048828125,6
2026-09-02 12:49:00+05:30,2337.85009765625,2337.85009765625,2336.60009765625,2336.60009765625,37
2026-09-02 12:50:00+05:30,2337.60009765625,2337.60009765625,2337.60009765625,2337.60009765625,1
2026-09-02 12:51:00+05:30,2337.60009765625,2338.60009765625,2337.60009765625,2338.60009765625,7
2026-09-02 12:52:00+05:30,2338.300048828125,2338.300048828125,2338.300048828125,2338.300048828125,2
2026-09-02 12:53:00+05:30,2337.60009765625,2338.10009765625,2337.60009765625,2338.10009765625,22
2026-09-02 12:54:00+05:30,2337.0,2337.60009765625,2337.0,2337.60009765625,108
2026-09-02 12:55:00+05:30,2337.64990234375,2338.0,2337.64990234375,2338.0,11
2026-09-02 12:56:00+05:30,2337.64990234375,2338.0,2337.64990234375,2337.64990234375,332
2026-09-02 12:57:00+05:30,2338.10009765625,2338.10009765625,2337.699951171875,2337.699951171875,7
2026-09-02 12:58:00+05:30,2339.199951171875,2339.199951171875,2338.699951171875,2338.699951171875,12
2026-09-02 12:59:00+05:30,2339.0,2340.60009765625,2338.89990234375,2338.89990234375,386
2026-09-02 13:00:00+05:30,2341.0,2341.0,2338.949951171875,2340.800048828125,214
2026-09-02 13:01:00+05:30,2340.800048828125,2341.0,2340.800048828125,2341.0,11
2026-09-02 13:02:00+05:30,2340.800048828125,2340.800048828125,2340.800048828125,2340.800048828125,10
2026-09-02 13:03:00+05:30,2341.199951171875,2341.199951171875,2340.0,2340.800048828125,137
2026-09-02 13:04:00+05:30,2340.10009765625,2340.10009765625,2340.10009765625,2340.10009765625,2
2026-09-02 13:05:00+05:30,2341.199951171875,2341.199951171875,2341.199951171875,2341.199951171875,11
2026-09-02 13:06:00+05:30,2341.0,2342.550048828125,2341.0,2342.550048828125,252
2026-09-02 13:07:00+05:30,2343.0,2344.699951171875,2340.75,2340.75,53
2026-09-02 13:08:00+05:30,2343.39990234375,2343.39990234375,2341.39990234375,2341.39990234375,32
2026-09-02 13:09:00+05:30,2340.0,2341.35009765625,2340.0,2340.0,13
2026-09-02 13:10:00+05:30,2340.85009765625,2340.85009765625,2340.0,2340.0,76
2026-09-02 13:11:00+05:30,2341.64990234375,2341.64990234375,2341.64990234375,2341.64990234375,1
2026-09-02 13:12:00+05:30,2341.39990234375,2341.85009765625,2340.25,2340.89990234375,39
2026-09-02 13:14:00+05:30,2341.300048828125,2341.300048828125,2341.300048828125,2341.300048828125,2
2026-09-02 13:15:00+05:30,2340.800048828125,2340.800048828125,2340.050048828125,2340.050048828125,34
2026-09-02 13:16:00+05:30,2340.5,2340.800048828125,2338.699951171875,2340.0,172
2026-09-02 13:17:00+05:30,2340.699951171875,2341.14990234375,2340.699951171875,2340.699951171875,6
2026-09-02 13:18:00+05:30,2340.550048828125,2340.550048828125,2340.550048828125,2340.550048828125,6
2026-09-02 13:19:00+05:30,2341.10009765625,2341.10009765625,2340.10009765625,2340.10009765625,101
2026-09-02 13:20:00+05:30,2343.300048828125,2343.300048828125,2342.449951171875,2342.449951171875,62
2026-09-02 13:21:00+05:30,2343.5,2343.5,2343.5,2343.5,25
2026-09-02 13:22:00+05:30,2344.5,2344.5,2344.39990234375,2344.39990234375,5
2026-09-02 13:23:00+05:30,2344.5,2344.5,2344.5,2344.5,8
2026-09-02 13:24:00+05:30,2344.0,2344.39990234375,2342.0,2344.39990234375,252
2026-09-02 13:25:00+05:30,2344.0,2344.0,2343.0,2343.0,7
2026-09-02 13:26:00+05:30,2345.0,2345.0,2342.800048828125,2342.800048828125,665
2026-09-02 13:27:00+05:30,2345.85009765625,2345.85009765625,2345.85009765625,2345.85009765625,4
2026-09-02 13:28:00+05:30,2346.5,2346.5,2345.800048828125,2345.800048828125,179
2026-09-02 13:29:00+05:30,2346.800048828125,2346.800048828125,2346.550048828125,2346.60009765625,62
2026-09-02 13:30:00+05:30,2346.949951171875,2347.89990234375,2345.699951171875,2346.75,448
2026-09-02 13:31:00+05:30,2345.0,2345.949951171875,2345.0,2345.949951171875,7
2026-09-02 13:32:00+05:30,2346.35009765625,2346.5,2346.35009765625,2346.5,337
2026-09-02 13:33:00+05:30,2347.449951171875,2347.5,2347.0,2347.5,35
2026-09-02 13:35:00+05:30,2347.60009765625,2347.60009765625,2346.300048828125,2346.300048828125,49
2026-09-02 13:36:00+05:30,2346.0,2346.39990234375,2345.800048828125,2346.39990234375,1101
2026-09-02 13:37:00+05:30,2347.199951171875,2348.0,2346.39990234375,2347.449951171875,1259
2026-09-02 13:38:00+05:30,2346.050048828125,2347.050048828125,2346.050048828125,2347.050048828125,211
2026-09-02 13:39:00+05:30,2347.0,2347.39990234375,2347.0,2347.39990234375,106
2026-09-02 13:40:00+05:30,2336.949951171875,2343.199951171875,2336.949951171875,2342.10009765625,2072
2026-09-02 13:41:00+05:30,2340.699951171875,2340.699951171875,2338.75,2339.10009765625,24
2026-09-02 13:42:00+05:30,2340.199951171875,2340.199951171875,2339.89990234375,2339.89990234375,25
2026-09-02 13:43:00+05:30,2341.300048828125,2341.300048828125,2340.5,2340.5,2
2026-09-02 13:44:00+05:30,2340.300048828125,2341.050048828125,2340.300048828125,2341.050048828125,105
2026-09-02 13:45:00+05:30,2339.14990234375,2340.199951171875,2338.5,2340.199951171875,191
2026-09-02 13:46:00+05:30,2339.39990234375,2339.39990234375,2339.39990234375,2339.39990234375,2
2026-09-02 13:47:00+05:30,2339.699951171875,2339.699951171875,2339.0,2339.14990234375,7
2026-09-02 13:49:00+05:30,2339.85009765625,2339.85009765625,2339.85009765625,2339.85009765625,1
2026-09-02 13:50:00+05:30,2338.050048828125,2339.0,2338.050048828125,2339.0,4
2026-09-02 13:51:00+05:30,2336.949951171875,2338.300048828125,2336.949951171875,2337.14990234375,86
2026-09-02 13:52:00+05:30,2338.0,2338.0,2338.0,2338.0,1
2026-09-02 13:53:00+05:30,2337.800048828125,2338.0,2337.800048828125,2338.0,14
2026-09-02 13:54:00+05:30,2339.300048828125,2339.300048828125,2337.199951171875,2338.60009765625,55
2026-09-02 13:55:00+05:30,2339.14990234375,2339.14990234375,2339.14990234375,2339.14990234375,100
2026-09-02 13:56:00+05:30,2340.0,2340.0,2340.0,2340.0,1
2026-09-02 13:57:00+05:30,2339.89990234375,2340.0,2339.89990234375,2340.0,7
2026-09-02 13:58:00+05:30,2340.60009765625,2340.60009765625,2339.89990234375,2340.0,51
2026-09-02 13:59:00+05:30,2341.199951171875,2341.199951171875,2340.60009765625,2340.60009765625,21
2026-09-02 14:00:00+05:30,2342.39990234375,2343.0,2342.39990234375,2343.0,31
2026-09-02 14:01:00+05:30,2343.5,2343.550048828125,2342.35009765625,2342.39990234375,19
2026-09-02 14:02:00+05:30,2341.949951171875,2341.949951171875,2341.949951171875,2341.949951171875,25
2026-09-02 14:03:00+05:30,2342.60009765625,2342.60009765625,2341.60009765625,2341.60009765625,16
2026-09-02 14:04:00+05:30,2341.85009765625,2341.85009765625,2340.89990234375,2340.89990234375,7
2026-09-02 14:06:00+05:30,2339.10009765625,2339.10009765625,2339.10009765625,2339.10009765625,4
2026-09-02 14:07:00+05:30,2342.10009765625,2342.10009765625,2340.89990234375,2341.5,63
2026-09-02 14:09:00+05:30,2342.85009765625,2342.85009765625,2342.85009765625,2342.85009765625,21
2026-09-02 14:10:00+05:30,2341.89990234375,2342.449951171875,2341.89990234375,2342.449951171875,266
2026-09-02 14:11:00+05:30,2340.050048828125,2340.050048828125,2340.0,2340.050048828125,38
2026-09-02 14:12:00+05:30,2338.550048828125,2338.550048828125,2338.550048828125,2338.550048828125,2
2026-09-02 14:14:00+05:30,2337.0,2337.0,2337.0,2337.0,148
2026-09-02 14:15:00+05:30,2337.550048828125,2338.800048828125,2337.550048828125,2338.60009765625,186
2026-09-02 14:16:00+05:30,2338.60009765625,2338.60009765625,2338.60009765625,2338.60009765625,1
2026-09-02 14:17:00+05:30,2336.949951171875,2337.550048828125,2336.949951171875,2337.550048828125,271
2026-09-02 14:18:00+05:30,2336.10009765625,2337.0,2336.10009765625,2337.0,16
2026-09-02 14:19:00+05:30,2336.800048828125,2336.89990234375,2336.199951171875,2336.89990234375,34
2026-09-02 14:20:00+05:30,2336.60009765625,2336.800048828125,2336.60009765625,2336.800048828125,25
2026-09-02 14:21:00+05:30,2337.39990234375,2337.39990234375,2336.39990234375,2336.800048828125,83
2026-09-02 14:22:00+05:30,2335.64990234375,2335.89990234375,2335.64990234375,2335.89990234375,240
2026-09-02 14:23:00+05:30,2336.800048828125,2336.800048828125,2336.800048828125,2336.800048828125,8
2026-09-02 14:24:00+05:30,2335.0,2336.699951171875,2335.0,2335.5,425
2026-09-02 14:25:00+05:30,2335.89990234375,2336.25,2335.89990234375,2336.25,56
2026-09-02 14:26:00+05:30,2334.35009765625,2334.35009765625,2334.35009765625,2334.35009765625,26
2026-09-02 14:27:00+05:30,2335.050048828125,2335.89990234375,2335.050048828125,2335.89990234375,17
2026-09-02 14:28:00+05:30,2335.85009765625,2335.85009765625,2335.85009765625,2335.85009765625,1
2026-09-02 14:29:00+05:30,2336.64990234375,2336.64990234375,2336.64990234375,2336.64990234375,1
2026-09-02 14:30:00+05:30,2336.300048828125,2336.39990234375,2335.85009765625,2335.85009765625,61
2026-09-02 14:31:00+05:30,2336.85009765625,2337.10009765625,2336.300048828125,2336.300048828125,262
2026-09-02 14:33:00+05:30,2335.39990234375,2335.75,2335.300048828125,2335.699951171875,1111
2026-09-02 14:34:00+05:30,2335.0,2336.89990234375,2335.0,2336.89990234375,75
2026-09-02 14:35:00+05:30,2337.300048828125,2337.300048828125,2336.89990234375,2337.300048828125,900
2026-09-02 14:36:00+05:30,2337.300048828125,2337.300048828125,2337.300048828125,2337.300048828125,15
2026-09-02 14:37:00+05:30,2336.35009765625,2336.35009765625,2336.35009765625,2336.35009765625,25
2026-09-02 14:38:00+05:30,2335.89990234375,2337.0,2335.89990234375,2337.0,212
2026-09-02 14:39:00+05:30,2336.300048828125,2337.449951171875,2335.89990234375,2336.39990234375,89
2026-09-02 14:40:00+05:30,2335.89990234375,2336.699951171875,2335.89990234375,2336.699951171875,4
2026-09-02 14:41:00+05:30,2336.300048828125,2336.39990234375,2336.300048828125,2336.39990234375,15
2026-09-02 14:42:00+05:30,2336.10009765625,2336.25,2335.39990234375,2335.39990234375,91
2026-09-02 14:43:00+05:30,2335.699951171875,2336.10009765625,2335.699951171875,2336.10009765625,6
2026-09-02 14:44:00+05:30,2334.25,2335.300048828125,2334.0,2335.10009765625,254
2026-09-02 14:45:00+05:30,2334.800048828125,2335.550048828125,2334.800048828125,2335.550048828125,2
2026-09-02 14:46:00+05:30,2332.89990234375,2334.050048828125,2332.550048828125,2333.14990234375,106
2026-09-02 14:47:00+05:30,2334.39990234375,2334.5,2334.0,2334.0,19
2026-09-02 14:48:00+05:30,2333.85009765625,2333.89990234375,2332.85009765625,2332.85009765625,43
2026-09-02 14:49:00+05:30,2333.699951171875,2333.89990234375,2332.550048828125,2333.89990234375,73
2026-09-02 14:50:00+05:30,2332.25,2333.699951171875,2331.199951171875,2333.699951171875,18
2026-09-02 14:51:00+05:30,2329.89990234375,2331.10009765625,2329.0,2331.050048828125,491
2026-09-02 14:52:00+05:30,2330.0,2330.050048828125,2328.199951171875,2330.050048828125,69
2026-09-02 14:53:00+05:30,2331.800048828125,2331.800048828125,2329.35009765625,2329.35009765625,499
2026-09-02 14:54:00+05:30,2332.60009765625,2332.60009765625,2331.35009765625,2331.800048828125,114
2026-09-02 14:55:00+05:30,2333.800048828125,2334.199951171875,2332.449951171875,2333.199951171875,438
2026-09-02 14:56:00+05:30,2332.39990234375,2333.75,2332.39990234375,2333.75,27
2026-09-02 14:57:00+05:30,2332.550048828125,2332.550048828125,2331.300048828125,2331.300048828125,135
2026-09-02 14:58:00+05:30,2333.699951171875,2333.699951171875,2332.550048828125,2332.550048828125,479
2026-09-02 14:59:00+05:30,2334.75,2334.800048828125,2333.449951171875,2333.60009765625,292
2026-09-02 15:00:00+05:30,2333.300048828125,2333.5,2331.5,2332.300048828125,237
2026-09-02 15:01:00+05:30,2333.89990234375,2334.39990234375,2332.550048828125,2333.300048828125,39
2026-09-02 15:02:00+05:30,2333.0,2333.10009765625,2332.0,2332.300048828125,359
2026-09-02 15:03:00+05:30,2332.800048828125,2333.10009765625,2331.5,2333.10009765625,397
2026-09-02 15:04:00+05:30,2331.800048828125,2332.699951171875,2331.0,2332.699951171875,43
2026-09-02 15:05:00+05:30,2330.60009765625,2332.0,2329.0,2332.0,129
2026-09-02 15:06:00+05:30,2330.0,2330.0,2329.10009765625,2329.300048828125,42
2026-09-02 15:07:00+05:30,2330.0,2330.0,2328.050048828125,2329.800048828125,58
2026-09-02 15:08:00+05:30,2331.0,2331.0,2329.64990234375,2329.64990234375,28
2026-09-02 15:09:00+05:30,2331.0,2331.0,2328.550048828125,2330.800048828125,219
2026-09-02 15:10:00+05:30,2333.949951171875,2333.949951171875,2331.10009765625,2333.0,5
2026-09-02 15:11:00+05:30,2334.10009765625,2334.85009765625,2333.949951171875,2333.949951171875,77
2026-09-02 15:12:00+05:30,2335.60009765625,2335.60009765625,2331.85009765625,2331.85009765625,87
2026-09-02 15:13:00+05:30,2336.25,2336.25,2331.35009765625,2335.60009765625,223
2026-09-02 15:14:00+05:30,2337.0,2337.0,2330.0,2330.5,371
2026-09-02 15:28:00+05:30,2345.0,2345.0,2345.0,2345.0,373
2026-09-03 09:15:00+05:30,2339.550048828125,2352.39990234375,2335.0,2352.39990234375,4131
2026-09-03 09:16:00+05:30,2334.0,2339.949951171875,2334.0,2338.10009765625,1853
2026-09-03 09:17:00+05:30,2330.89990234375,2333.800048828125,2329.39990234375,2333.800048828125,1101
2026-09-03 09:18:00+05:30,2334.300048828125,2336.14990234375,2333.0,2333.0,304
2026-09-03 09:19:00+05:30,2330.89990234375,2335.300048828125,2330.89990234375,2334.10009765625,397
2026-09-03 09:20:00+05:30,2334.75,2334.75,2329.449951171875,2331.39990234375,2210
2026-09-03 09:21:00+05:30,2335.89990234375,2336.800048828125,2334.14990234375,2335.199951171875,317
2026-09-03 09:22:00+05:30,2333.949951171875,2336.39990234375,2333.949951171875,2335.39990234375,54
2026-09-03 09:23:00+05:30,2328.050048828125,2332.800048828125,2325.75,2332.800048828125,461
2026-09-03 09:24:00+05:30,2321.75,2326.699951171875,2320.0,2325.800048828125,491
2026-09-03 09:25:00+05:30,2319.0,2322.60009765625,2317.449951171875,2320.699951171875,1746
2026-09-03 09:26:00+05:30,2318.050048828125,2320.75,2316.89990234375,2319.5,702
2026-09-03 09:27:00+05:30,2323.199951171875,2323.199951171875,2319.60009765625,2319.60009765625,303
2026-09-03 09:28:00+05:30,2324.85009765625,2325.14990234375,2322.5,2323.64990234375,297
2026-09-03 09:29:00+05:30,2328.14990234375,2328.14990234375,2324.0,2324.0,321
2026-09-03 09:30:00+05:30,2327.35009765625,2328.89990234375,2326.0,2326.5,300
2026-09-03 09:31:00+05:30,2327.0,2330.0,2326.35009765625,2328.699951171875,43
2026-09-03 09:32:00+05:30,2327.949951171875,2329.699951171875,2326.949951171875,2327.5,196
2026-09-03 09:33:00+05:30,2328.89990234375,2329.25,2328.0,2329.25,38
2026-09-03 09:34:00+05:30,2326.050048828125,2328.85009765625,2326.050048828125,2328.0,244
2026-09-03 09:35:00+05:30,2329.0,2330.0,2327.10009765625,2327.300048828125,163
2026-09-03 09:36:00+05:30,2329.14990234375,2329.14990234375,2328.800048828125,2328.800048828125,9
2026-09-03 09:37:00+05:30,2328.39990234375,2329.10009765625,2328.0,2328.25,747
2026-09-03 09:38:00+05:30,2326.699951171875,2329.550048828125,2326.699951171875,2329.35009765625,129
2026-09-03 09:39:00+05:30,2329.0,2329.0,2327.14990234375,2328.0,148
2026-09-03 09:40:00+05:30,2330.64990234375,2330.89990234375,2328.64990234375,2330.0,213
2026-09-03 09:41:00+05:30,2330.0,2330.5,2329.25,2329.25,211
2026-09-03 09:42:00+05:30,2327.699951171875,2330.35009765625,2327.699951171875,2328.35009765625,686
2026-09-03 09:43:00+05:30,2329.800048828125,2330.5,2326.89990234375,2326.89990234375,300
2026-09-03 09:44:00+05:30,2329.050048828125,2330.75,2328.0,2330.75,183
2026-09-03 09:45:00+05:30,2329.0,2329.64990234375,2329.0,2329.60009765625,112
2026-09-03 09:46:00+05:30,2329.75,2329.75,2329.0,2329.0,12
2026-09-03 09:47:00+05:30,2327.0,2329.85009765625,2327.0,2329.85009765625,101
2026-09-03 09:48:00+05:30,2328.0,2329.0,2328.0,2328.0,28
2026-09-03 09:49:00+05:30,2327.949951171875,2328.0,2327.199951171875,2328.0,59
2026-09-03 09:50:00+05:30,2328.89990234375,2328.89990234375,2328.699951171875,2328.89990234375,81
2026-09-03 09:51:00+05:30,2329.0,2329.0,2329.0,2329.0,9
2026-09-03 09:52:00+05:30,2330.0,2330.0,2329.0,2329.0,1006
2026-09-03 09:53:00+05:30,2329.050048828125,2330.0,2329.050048828125,2330.0,11
2026-09-03 09:54:00+05:30,2327.949951171875,2329.89990234375,2327.10009765625,2329.89990234375,524
2026-09-03 09:55:00+05:30,2329.800048828125,2329.800048828125,2327.85009765625,2328.25,84
2026-09-03 09:56:00+05:30,2328.64990234375,2329.800048828125,2328.0,2329.800048828125,58
2026-09-03 09:57:00+05:30,2328.10009765625,2328.949951171875,2328.10009765625,2328.64990234375,91
2026-09-03 09:58:00+05:30,2329.0,2329.25,2328.699951171875,2328.699951171875,104
2026-09-03 09:59:00+05:30,2330.85009765625,2330.949951171875,2329.0,2329.0,605
2026-09-03 10:00:00+05:30,2328.699951171875,2330.699951171875,2326.0,2330.699951171875,215
2026-09-03 10:01:00+05:30,2327.25,2328.699951171875,2326.10009765625,2327.5,178
2026-09-03 10:02:00+05:30,2327.449951171875,2327.60009765625,2325.0,2326.300048828125,358
2026-09-03 10:03:00+05:30,2325.5,2327.449951171875,2325.050048828125,2327.449951171875,193
2026-09-03 10:04:00+05:30,2325.699951171875,2326.800048828125,2323.39990234375,2326.800048828125,209
2026-09-03 10:05:00+05:30,2326.60009765625,2327.75,2324.300048828125,2325.699951171875,150
2026-09-03 10:06:00+05:30,2323.5,2325.0,2323.5,2325.0,95
2026-09-03 10:07:00+05:30,2325.050048828125,2326.89990234375,2323.050048828125,2323.60009765625,58
2026-09-03 10:08:00+05:30,2326.5,2326.5,2324.60009765625,2325.10009765625,72
2026-09-03 10:09:00+05:30,2326.949951171875,2326.949951171875,2326.5,2326.5,40
2026-09-03 10:10:00+05:30,2326.699951171875,2327.35009765625,2325.0,2326.75,85
2026-09-03 10:11:00+05:30,2327.35009765625,2327.60009765625,2326.10009765625,2326.699951171875,254
2026-09-03 10:12:00+05:30,2326.300048828125,2327.35009765625,2326.300048828125,2327.35009765625,20
2026-09-03 10:13:00+05:30,2324.300048828125,2326.10009765625,2323.199951171875,2326.10009765625,116
2026-09-03 10:14:00+05:30,2326.0,2327.0,2324.10009765625,2324.35009765625,83
2026-09-03 10:15:00+05:30,2327.14990234375,2327.550048828125,2325.300048828125,2326.0,615
2026-09-03 10:16:00+05:30,2326.300048828125,2327.39990234375,2325.949951171875,2327.14990234375,44
2026-09-03 10:17:00+05:30,2326.0,2327.75,2326.0,2327.60009765625,76
2026-09-03 10:18:00+05:30,2327.60009765625,2327.60009765625,2326.0,2326.0,163
2026-09-03 10:19:00+05:30,2327.5,2328.35009765625,2327.050048828125,2328.0,20
2026-09-03 10:20:00+05:30,2327.0,2327.0,2327.0,2327.0,61
2026-09-03 10:21:00+05:30,2327.0,2328.25,2327.0,2327.0,303
2026-09-03 10:22:00+05:30,2327.0,2328.050048828125,2327.0,2327.0,25
2026-09-03 10:23:00+05:30,2327.550048828125,2327.64990234375,2326.14990234375,2327.0,258
2026-09-03 10:24:00+05:30,2327.550048828125,2327.800048828125,2326.5,2327.60009765625,37
2026-09-03 10:25:00+05:30,2325.949951171875,2327.550048828125,2325.39990234375,2327.550048828125,114
2026-09-03 10:26:00+05:30,2326.5,2327.75,2325.39990234375,2327.75,17
2026-09-03 10:27:00+05:30,2327.050048828125,2328.5,2326.5,2326.5,125
2026-09-03 10:28:00+05:30,2329.050048828125,2330.0,2327.050048828125,2327.050048828125,161
2026-09-03 10:29:00+05:30,2327.0,2329.050048828125,2326.0,2329.050048828125,74
2026-09-03 10:30:00+05:30,2327.050048828125,2328.300048828125,2327.050048828125,2328.0,74
2026-09-03 10:31:00+05:30,2327.050048828125,2327.60009765625,2326.0,2327.550048828125,48
2026-09-03 10:32:00+05:30,2326.699951171875,2327.050048828125,2325.39990234375,2327.050048828125,75
2026-09-03 10:33:00+05:30,2332.550048828125,2332.550048828125,2325.550048828125,2325.550048828125,828
2026-09-03 10:34:00+05:30,2335.0,2335.0,2332.5,2334.949951171875,279
2026-09-03 10:35:00+05:30,2334.300048828125,2334.35009765625,2333.10009765625,2333.949951171875,330
2026-09-03 10:36:00+05:30,2333.949951171875,2334.300048828125,2333.25,2334.0,71
2026-09-03 10:37:00+05:30,2331.25,2333.949951171875,2330.39990234375,2333.949951171875,100
2026-09-03 10:38:00+05:30,2333.64990234375,2333.64990234375,2333.64990234375,2333.64990234375,1
2026-09-03 10:39:00+05:30,2333.0,2333.0,2333.0,2333.0,32
2026-09-03 10:40:00+05:30,2332.0,2333.60009765625,2332.0,2333.60009765625,203
2026-09-03 10:41:00+05:30,2332.050048828125,2333.449951171875,2332.0,2332.0,23
2026-09-03 10:42:00+05:30,2333.0,2334.35009765625,2332.64990234375,2332.64990234375,125
2026-09-03 10:43:00+05:30,2332.5,2333.050048828125,2332.050048828125,2333.0,54
2026-09-03 10:44:00+05:30,2337.449951171875,2337.449951171875,2331.300048828125,2332.550048828125,926
2026-09-03 10:45:00+05:30,2334.300048828125,2337.699951171875,2334.300048828125,2337.699951171875,181
2026-09-03 10:46:00+05:30,2334.89990234375,2336.300048828125,2334.89990234375,2335.89990234375,70
2026-09-03 10:47:00+05:30,2335.5,2335.699951171875,2334.85009765625,2334.85009765625,80
2026-09-03 10:48:00+05:30,2338.0,2338.050048828125,2335.5,2335.5,94
2026-09-03 10:49:00+05:30,2338.75,2338.75,2336.14990234375,2338.050048828125,489
2026-09-03 10:50:00+05:30,2338.5,2338.5,2337.25,2337.25,50
2026-09-03 10:51:00+05:30,2336.050048828125,2336.050048828125,2335.60009765625,2335.60009765625,70
2026-09-03 10:52:00+05:30,2335.800048828125,2335.800048828125,2335.800048828125,2335.800048828125,12
2026-09-03 10:53:00+05:30,2334.199951171875,2335.0,2334.199951171875,2334.449951171875,367
2026-09-03 10:54:00+05:30,2334.199951171875,2334.199951171875,2333.89990234375,2333.89990234375,27
2026-09-03 10:55:00+05:30,2335.64990234375,2335.64990234375,2333.949951171875,2334.199951171875,165
2026-09-03 10:56:00+05:30,2337.300048828125,2338.14990234375,2335.550048828125,2335.550048828125,13
2026-09-03 10:57:00+05:30,2337.199951171875,2337.199951171875,2336.85009765625,2336.85009765625,260
2026-09-03 10:58:00+05:30,2338.35009765625,2338.5,2336.89990234375,2336.89990234375,52
2026-09-03 10:59:00+05:30,2337.550048828125,2338.0,2335.64990234375,2337.5,273
2026-09-03 11:00:00+05:30,2336.89990234375,2337.5,2335.550048828125,2337.5,115
2026-09-03 11:01:00+05:30,2340.0,2341.0,2338.64990234375,2340.0,26669
2026-09-03 11:02:00+05:30,2341.550048828125,2342.85009765625,2340.0,2340.0,2064
2026-09-03 11:03:00+05:30,2343.0,2343.0,2342.10009765625,2342.449951171875,141
2026-09-03 11:04:00+05:30,2341.0,2342.10009765625,2341.0,2342.10009765625,181
2026-09-03 11:05:00+05:30,2340.0,2340.0,2338.10009765625,2340.0,534
2026-09-03 11:06:00+05:30,2341.0,2341.10009765625,2339.199951171875,2340.0,1561
2026-09-03 11:07:00+05:30,2340.0,2341.449951171875,2340.0,2341.0,51
2026-09-03 11:08:00+05:30,2340.0,2341.199951171875,2340.0,2341.199951171875,2138
2026-09-03 11:09:00+05:30,2340.050048828125,2341.199951171875,2340.0,2340.0,540
2026-09-03 11:10:00+05:30,2340.0,2341.60009765625,2340.0,2340.39990234375,283
2026-09-03 11:11:00+05:30,2340.35009765625,2341.199951171875,2340.0,2341.199951171875,644
2026-09-03 11:12:00+05:30,2340.0,2340.39990234375,2340.0,2340.0,1423
2026-09-03 11:13:00+05:30,2340.0,2340.050048828125,2339.199951171875,2340.0,3900
2026-09-03 11:14:00+05:30,2337.14990234375,2340.0,2337.14990234375,2340.0,69
2026-09-03 11:15:00+05:30,2335.449951171875,2337.89990234375,2332.89990234375,2337.199951171875,1086
2026-09-03 11:16:00+05:30,2335.0,2336.949951171875,2334.0,2335.35009765625,152
2026-09-03 11:17:00+05:30,2336.699951171875,2337.0,2334.199951171875,2335.0,71
2026-09-03 11:18:00+05:30,2336.0,2337.0,2336.0,2336.699951171875,279
2026-09-03 11:19:00+05:30,2337.10009765625,2338.0,2336.0,2336.64990234375,198
2026-09-03 11:20:00+05:30,2334.0,2337.10009765625,2334.0,2337.10009765625,200
2026-09-03 11:21:00+05:30,2334.050048828125,2336.10009765625,2334.050048828125,2335.14990234375,435
2026-09-03 11:22:00+05:30,2337.199951171875,2337.199951171875,2335.0,2335.0,2032
2026-09-03 11:23:00+05:30,2335.25,2337.0,2334.64990234375,2334.64990234375,38
2026-09-03 11:24:00+05:30,2334.85009765625,2334.85009765625,2334.85009765625,2334.85009765625,25
2026-09-03 11:25:00+05:30,2336.5,2336.5,2336.5,2336.5,3
2026-09-03 11:26:00+05:30,2336.699951171875,2337.89990234375,2335.75,2335.75,92
2026-09-03 11:27:00+05:30,2337.949951171875,2337.949951171875,2337.10009765625,2337.800048828125,66
2026-09-03 11:28:00+05:30,2337.699951171875,2338.449951171875,2337.699951171875,2337.949951171875,1068
2026-09-03 11:29:00+05:30,2338.10009765625,2339.0,2338.10009765625,2339.0,72
2026-09-03 11:30:00+05:30,2338.60009765625,2338.75,2338.10009765625,2338.10009765625,34
2026-09-03 11:31:00+05:30,2336.85009765625,2338.550048828125,2336.85009765625,2338.550048828125,5
2026-09-03 11:32:00+05:30,2337.050048828125,2337.85009765625,2336.699951171875,2337.85009765625,5
2026-09-03 11:33:00+05:30,2337.0,2338.0,2336.85009765625,2337.35009765625,123
2026-09-03 11:34:00+05:30,2337.60009765625,2337.75,2337.60009765625,2337.75,51
2026-09-03 11:35:00+05:30,2337.0,2338.14990234375,2337.0,2337.60009765625,10
2026-09-03 11:36:00+05:30,2336.89990234375,2336.89990234375,2336.10009765625,2336.10009765625,3
2026-09-03 11:37:00+05:30,2337.449951171875,2337.64990234375,2336.449951171875,2336.449951171875,34
2026-09-03 11:38:00+05:30,2335.39990234375,2336.449951171875,2334.89990234375,2336.449951171875,107
2026-09-03 11:39:00+05:30,2335.699951171875,2335.699951171875,2335.0,2335.60009765625,18
2026-09-03 11:40:00+05:30,2335.699951171875,2335.699951171875,2333.300048828125,2335.5,223
2026-09-03 11:41:00+05:30,2335.75,2336.75,2335.75,2336.75,51
2026-09-03 11:42:00+05:30,2337.199951171875,2338.300048828125,2336.5,2336.75,113
2026-09-03 11:43:00+05:30,2340.0,2340.0,2337.60009765625,2337.699951171875,99
2026-09-03 11:44:00+05:30,2343.949951171875,2344.0,2342.300048828125,2344.0,231
2026-09-03 11:45:00+05:30,2343.89990234375,2345.0,2343.89990234375,2344.5,74
2026-09-03 11:46:00+05:30,2342.39990234375,2344.699951171875,2342.39990234375,2344.699951171875,340
2026-09-03 11:47:00+05:30,2342.0,2342.89990234375,2342.0,2342.800048828125,9
2026-09-03 11:48:00+05:30,2342.39990234375,2342.39990234375,2341.0,2342.199951171875,7
2026-09-03 11:49:00+05:30,2341.0,2342.35009765625,2341.0,2342.35009765625,2
2026-09-03 11:50:00+05:30,2341.199951171875,2341.5,2341.199951171875,2341.5,23
2026-09-03 11:51:00+05:30,2341.60009765625,2343.199951171875,2341.60009765625,2341.75,203
2026-09-03 11:52:00+05:30,2341.89990234375,2341.89990234375,2341.0,2341.60009765625,20
2026-09-03 11:53:00+05:30,2341.60009765625,2341.60009765625,2341.050048828125,2341.050048828125,9
2026-09-03 11:54:00+05:30,2340.949951171875,2341.10009765625,2340.0,2341.10009765625,19
2026-09-03 11:55:00+05:30,2341.050048828125,2341.050048828125,2341.0,2341.0,2
2026-09-03 11:56:00+05:30,2342.0,2342.0,2341.0,2342.0,26
2026-09-03 11:57:00+05:30,2341.39990234375,2342.85009765625,2340.35009765625,2341.25,74
2026-09-03 11:58:00+05:30,2342.300048828125,2343.39990234375,2342.300048828125,2343.39990234375,3
2026-09-03 11:59:00+05:30,2341.300048828125,2342.449951171875,2341.25,2342.449951171875,31
2026-09-03 12:00:00+05:30,2341.0,2342.050048828125,2340.14990234375,2342.050048828125,8
2026-09-03 12:01:00+05:30,2341.35009765625,2343.25,2341.0,2341.300048828125,7084
2026-09-03 12:02:00+05:30,2338.5,2342.0,2338.5,2342.0,2
2026-09-03 12:03:00+05:30,2338.0,2338.39990234375,2336.0,2336.39990234375,154
2026-09-03 12:04:00+05:30,2336.89990234375,2336.89990234375,2335.85009765625,2335.85009765625,6
2026-09-03 12:05:00+05:30,2336.699951171875,2338.5,2336.699951171875,2336.89990234375,14
2026-09-03 12:06:00+05:30,2337.949951171875,2338.10009765625,2336.0,2336.0,5
2026-09-03 12:07:00+05:30,2336.199951171875,2337.25,2335.949951171875,2335.949951171875,28
2026-09-03 12:08:00+05:30,2336.699951171875,2337.0,2336.0,2337.0,26
2026-09-03 12:09:00+05:30,2337.89990234375,2338.89990234375,2336.199951171875,2338.10009765625,44
2026-09-03 12:10:00+05:30,2337.10009765625,2337.300048828125,2336.699951171875,2337.10009765625,120
2026-09-03 12:11:00+05:30,2334.300048828125,2337.10009765625,2333.35009765625,2337.10009765625,93
2026-09-03 12:12:00+05:30,2333.85009765625,2334.949951171875,2333.75,2333.949951171875,111
2026-09-03 12:13:00+05:30,2331.699951171875,2332.89990234375,2330.550048828125,2332.89990234375,163
2026-09-03 12:14:00+05:30,2333.199951171875,2334.0,2332.699951171875,2332.699951171875,34
2026-09-03 12:15:00+05:30,2331.75,2334.10009765625,2330.89990234375,2333.199951171875,588
2026-09-03 12:16:00+05:30,2332.39990234375,2332.449951171875,2330.89990234375,2331.60009765625,31
2026-09-03 12:17:00+05:30,2329.300048828125,2332.699951171875,2329.300048828125,2332.39990234375,255
2026-09-03 12:18:00+05:30,2328.300048828125,2330.550048828125,2328.0,2329.300048828125,45
2026-09-03 12:19:00+05:30,2328.14990234375,2329.75,2328.050048828125,2329.60009765625,431
2026-09-03 12:20:00+05:30,2328.25,2330.0,2328.050048828125,2328.199951171875,96
2026-09-03 12:21:00+05:30,2328.5,2329.5,2328.300048828125,2329.5,43
2026-09-03 12:22:00+05:30,2328.050048828125,2328.699951171875,2328.050048828125,2328.14990234375,32
2026-09-03 12:23:00+05:30,2327.050048828125,2329.14990234375,2327.050048828125,2328.0,169
2026-09-03 12:24:00+05:30,2328.5,2328.5,2327.199951171875,2327.199951171875,12
2026-09-03 12:25:00+05:30,2327.800048828125,2328.949951171875,2327.800048828125,2328.5,9
2026-09-03 12:26:00+05:30,2329.5,2329.85009765625,2328.300048828125,2329.85009765625,31
2026-09-03 12:27:00+05:30,2329.949951171875,2329.949951171875,2328.550048828125,2329.0,12
2026-09-03 12:28:00+05:30,2328.449951171875,2330.89990234375,2328.300048828125,2328.60009765625,1976
2026-09-03 12:29:00+05:30,2327.800048828125,2329.75,2327.199951171875,2329.75,1994
2026-09-03 12:30:00+05:30,2327.949951171875,2328.699951171875,2327.949951171875,2328.699951171875,17
2026-09-03 12:31:00+05:30,2328.699951171875,2330.64990234375,2328.60009765625,2328.60009765625,193
2026-09-03 12:32:00+05:30,2328.85009765625,2330.300048828125,2328.85009765625,2330.300048828125,2108
2026-09-03 12:33:00+05:30,2328.949951171875,2328.949951171875,2328.85009765625,2328.85009765625,51
2026-09-03 12:34:00+05:30,2329.5,2329.5,2329.0,2329.14990234375,51
2026-09-03 12:35:00+05:30,2328.75,2329.39990234375,2328.699951171875,2329.39990234375,5
2026-09-03 12:36:00+05:30,2329.0,2329.0,2328.699951171875,2329.0,9
2026-09-03 12:37:00+05:30,2327.75,2329.0,2327.0,2329.0,1965
2026-09-03 12:38:00+05:30,2331.14990234375,2331.14990234375,2328.64990234375,2328.64990234375,1966
2026-09-03 12:39:00+05:30,2330.85009765625,2331.39990234375,2330.85009765625,2331.39990234375,254
2026-09-03 12:40:00+05:30,2331.0,2331.0,2329.699951171875,2329.699951171875,60
2026-09-03 12:41:00+05:30,2330.949951171875,2331.0,2330.14990234375,2331.0,148
2026-09-03 12:42:00+05:30,2330.550048828125,2330.85009765625,2328.699951171875,2330.85009765625,70
2026-09-03 12:43:00+05:30,2331.0,2331.449951171875,2330.0,2330.5,96
2026-09-03 12:44:00+05:30,2332.0,2332.0,2331.0,2331.0,56
2026-09-03 12:45:00+05:30,2331.89990234375,2333.800048828125,2331.14990234375,2331.14990234375,160
2026-09-03 12:46:00+05:30,2332.0,2332.300048828125,2331.89990234375,2331.89990234375,30
2026-09-03 12:47:00+05:30,2332.300048828125,2333.199951171875,2331.60009765625,2332.0,63
2026-09-03 12:48:00+05:30,2332.550048828125,2332.800048828125,2331.0,2332.64990234375,35
2026-09-03 12:49:00+05:30,2331.5,2332.89990234375,2331.5,2332.300048828125,38
2026-09-03 12:50:00+05:30,2332.550048828125,2332.60009765625,2331.10009765625,2331.5,80
2026-09-03 12:51:00+05:30,2331.300048828125,2333.10009765625,2331.10009765625,2332.550048828125,214
2026-09-03 12:52:00+05:30,2332.699951171875,2333.75,2331.64990234375,2333.75,864
2026-09-03 12:53:00+05:30,2331.85009765625,2332.800048828125,2331.75,2332.699951171875,29
2026-09-03 12:54:00+05:30,2331.0,2333.0,2331.0,2332.550048828125,44
2026-09-03 12:55:00+05:30,2329.5,2331.5,2329.5,2331.5,439
2026-09-03 12:56:00+05:30,2328.050048828125,2330.0,2327.60009765625,2329.5,60
2026-09-03 12:57:00+05:30,2329.39990234375,2331.10009765625,2328.89990234375,2328.89990234375,61
2026-09-03 12:58:00+05:30,2330.25,2331.10009765625,2328.14990234375,2329.199951171875,96
2026-09-03 12:59:00+05:30,2331.199951171875,2331.199951171875,2329.10009765625,2330.35009765625,10
2026-09-03 13:00:00+05:30,2330.300048828125,2330.300048828125,2328.449951171875,2329.550048828125,49
2026-09-03 13:01:00+05:30,2328.25,2330.300048828125,2327.449951171875,2330.300048828125,108
2026-09-03 13:02:00+05:30,2327.89990234375,2329.699951171875,2327.60009765625,2328.699951171875,34
2026-09-03 13:03:00+05:30,2328.60009765625,2328.64990234375,2328.199951171875,2328.60009765625,32
2026-09-03 13:04:00+05:30,2328.0,2328.60009765625,2328.0,2328.60009765625,916
2026-09-03 13:05:00+05:30,2328.0,2328.0,2327.89990234375,2328.0,1434
2026-09-03 13:06:00+05:30,2327.10009765625,2328.0,2327.050048828125,2328.0,468
2026-09-03 13:07:00+05:30,2327.300048828125,2329.25,2326.64990234375,2328.0,2682
2026-09-03 13:08:00+05:30,2328.25,2329.199951171875,2327.300048828125,2327.300048828125,36
2026-09-03 13:09:00+05:30,2329.60009765625,2329.800048828125,2328.14990234375,2328.14990234375,41
2026-09-03 13:10:00+05:30,2328.699951171875,2329.60009765625,2328.550048828125,2329.60009765625,105
2026-09-03 13:11:00+05:30,2330.64990234375,2330.64990234375,2329.0,2329.550048828125,101
2026-09-03 13:12:00+05:30,2330.699951171875,2331.5,2329.550048828125,2330.64990234375,69
2026-09-03 13:13:00+05:30,2329.75,2331.39990234375,2329.25,2330.699951171875,54
2026-09-03 13:14:00+05:30,2329.35009765625,2329.699951171875,2328.300048828125,2329.699951171875,45
2026-09-03 13:15:00+05:30,2328.25,2328.699951171875,2328.14990234375,2328.699951171875,18
2026-09-03 13:16:00+05:30,2327.75,2329.35009765625,2327.64990234375,2328.25,127
2026-09-03 13:17:00+05:30,2328.60009765625,2329.800048828125,2327.10009765625,2327.75,55
2026-09-03 13:18:00+05:30,2329.64990234375,2329.89990234375,2328.64990234375,2328.64990234375,54
2026-09-03 13:19:00+05:30,2328.0,2329.64990234375,2327.800048828125,2329.449951171875,63
2026-09-03 13:20:00+05:30,2327.800048828125,2328.89990234375,2327.800048828125,2328.0,35
2026-09-03 13:21:00+05:30,2328.25,2328.35009765625,2328.25,2328.35009765625,3
2026-09-03 13:22:00+05:30,2326.699951171875,2327.89990234375,2326.64990234375,2327.5,67
2026-09-03 13:23:00+05:30,2327.60009765625,2327.89990234375,2326.699951171875,2326.699951171875,34
2026-09-03 13:24:00+05:30,2325.449951171875,2326.89990234375,2325.0,2326.89990234375,167
2026-09-03 13:25:00+05:30,2324.85009765625,2326.89990234375,2324.85009765625,2325.449951171875,63
2026-09-03 13:26:00+05:30,2325.89990234375,2325.949951171875,2324.85009765625,2324.85009765625,7
2026-09-03 13:27:00+05:30,2325.89990234375,2325.89990234375,2325.89990234375,2325.89990234375,1
2026-09-03 13:28:00+05:30,2325.89990234375,2325.89990234375,2325.89990234375,2325.89990234375,2
2026-09-03 13:29:00+05:30,2325.0,2326.550048828125,2325.0,2326.550048828125,42
2026-09-03 13:30:00+05:30,2325.699951171875,2326.5,2325.0,2325.0,37
2026-09-03 13:31:00+05:30,2326.550048828125,2326.75,2325.64990234375,2326.5,181
2026-09-03 13:32:00+05:30,2325.300048828125,2326.39990234375,2324.75,2326.39990234375,72
2026-09-03 13:33:00+05:30,2326.10009765625,2326.300048828125,2325.300048828125,2325.300048828125,39
2026-09-03 13:34:00+05:30,2326.75,2327.0,2326.10009765625,2326.14990234375,28
2026-09-03 13:35:00+05:30,2327.550048828125,2327.550048828125,2327.5,2327.5,11
2026-09-03 13:36:00+05:30,2327.75,2328.14990234375,2327.199951171875,2327.199951171875,3
2026-09-03 13:37:00+05:30,2325.449951171875,2327.0,2325.449951171875,2325.60009765625,30
2026-09-03 13:38:00+05:30,2326.949951171875,2327.0,2325.300048828125,2325.449951171875,167
2026-09-03 13:39:00+05:30,2324.64990234375,2327.0,2324.60009765625,2326.949951171875,1366
2026-09-03 13:40:00+05:30,2325.5,2326.5,2324.0,2325.89990234375,3920
2026-09-03 13:41:00+05:30,2327.800048828125,2328.25,2326.550048828125,2326.85009765625,4539
2026-09-03 13:42:00+05:30,2327.60009765625,2327.85009765625,2326.800048828125,2327.60009765625,495
2026-09-03 13:43:00+05:30,2327.25,2327.60009765625,2327.25,2327.60009765625,56
2026-09-03 13:44:00+05:30,2325.550048828125,2326.800048828125,2325.550048828125,2326.800048828125,11
2026-09-03 13:45:00+05:30,2326.60009765625,2326.60009765625,2326.60009765625,2326.60009765625,1
2026-09-03 13:47:00+05:30,2326.60009765625,2326.60009765625,2326.050048828125,2326.050048828125,3
2026-09-03 13:48:00+05:30,2327.050048828125,2327.050048828125,2327.050048828125,2327.050048828125,7
2026-09-03 13:49:00+05:30,2327.60009765625,2327.60009765625,2327.60009765625,2327.60009765625,100
2026-09-03 13:50:00+05:30,2329.0,2329.0,2329.0,2329.0,50
2026-09-03 13:51:00+05:30,2329.0,2329.0,2328.14990234375,2328.14990234375,4
2026-09-03 13:52:00+05:30,2328.89990234375,2329.0,2328.89990234375,2329.0,985
2026-09-03 13:53:00+05:30,2328.550048828125,2328.550048828125,2328.050048828125,2328.050048828125,18
2026-09-03 13:54:00+05:30,2327.64990234375,2327.64990234375,2327.64990234375,2327.64990234375,13
2026-09-03 13:55:00+05:30,2328.949951171875,2328.949951171875,2327.050048828125,2327.60009765625,505
2026-09-03 13:56:00+05:30,2328.949951171875,2328.949951171875,2327.60009765625,2328.14990234375,103
2026-09-03 13:57:00+05:30,2328.0,2330.89990234375,2328.0,2329.0,614
2026-09-03 13:59:00+05:30,2329.35009765625,2329.75,2328.0,2329.25,76
2026-09-03 14:00:00+05:30,2328.449951171875,2329.39990234375,2328.449951171875,2328.949951171875,49
2026-09-03 14:01:00+05:30,2327.449951171875,2329.699951171875,2327.39990234375,2328.449951171875,178
2026-09-03 14:02:00+05:30,2329.60009765625,2329.60009765625,2327.199951171875,2327.449951171875,74
2026-09-03 14:03:00+05:30,2330.10009765625,2331.5,2329.64990234375,2329.64990234375,48
2026-09-03 14:04:00+05:30,2329.10009765625,2331.39990234375,2329.10009765625,2330.10009765625,37
2026-09-03 14:05:00+05:30,2330.85009765625,2331.10009765625,2329.199951171875,2329.199951171875,24
2026-09-03 14:06:00+05:30,2329.14990234375,2330.199951171875,2328.800048828125,2329.39990234375,58
2026-09-03 14:07:00+05:30,2327.75,2330.14990234375,2327.75,2329.14990234375,66
2026-09-03 14:08:00+05:30,2328.60009765625,2328.60009765625,2327.39990234375,2327.75,35
2026-09-03 14:09:00+05:30,2330.0,2330.0,2327.949951171875,2327.949951171875,238
2026-09-03 14:10:00+05:30,2330.550048828125,2330.550048828125,2330.0,2330.0,28
2026-09-03 14:11:00+05:30,2331.050048828125,2331.050048828125,2331.050048828125,2331.050048828125,1
2026-09-03 14:12:00+05:30,2331.89990234375,2331.89990234375,2330.199951171875,2331.050048828125,294
2026-09-03 14:13:00+05:30,2332.949951171875,2332.949951171875,2331.89990234375,2331.89990234375,62
2026-09-03 14:14:00+05:30,2333.0,2333.0,2332.550048828125,2332.550048828125,216
2026-09-03 14:15:00+05:30,2332.89990234375,2332.89990234375,2332.89990234375,2332.89990234375,10
2026-09-03 14:16:00+05:30,2332.550048828125,2332.550048828125,2330.89990234375,2330.89990234375,37
2026-09-03 14:17:00+05:30,2332.550048828125,2332.550048828125,2332.0,2332.0,23
2026-09-03 14:18:00+05:30,2332.699951171875,2332.75,2330.60009765625,2332.550048828125,31
2026-09-03 14:19:00+05:30,2332.39990234375,2332.64990234375,2331.60009765625,2332.64990234375,5
2026-09-03 14:20:00+05:30,2332.699951171875,2332.699951171875,2332.64990234375,2332.699951171875,38
2026-09-03 14:21:00+05:30,2332.699951171875,2332.699951171875,2331.800048828125,2332.699951171875,280
2026-09-03 14:22:00+05:30,2330.5,2332.699951171875,2330.300048828125,2332.699951171875,32
2026-09-03 14:23:00+05:30,2331.449951171875,2331.449951171875,2330.199951171875,2330.60009765625,84
2026-09-03 14:24:00+05:30,2332.5,2332.5,2331.14990234375,2331.449951171875,549
2026-09-03 14:25:00+05:30,2333.25,2333.25,2332.0,2332.0,332
2026-09-03 14:26:00+05:30,2333.25,2333.25,2331.199951171875,2332.85009765625,67
2026-09-03 14:27:00+05:30,2333.0,2333.800048828125,2331.39990234375,2333.25,164
2026-09-03 14:28:00+05:30,2333.60009765625,2333.699951171875,2332.10009765625,2333.0,71
2026-09-03 14:29:00+05:30,2332.800048828125,2333.800048828125,2332.10009765625,2333.5,80
2026-09-03 14:30:00+05:30,2332.35009765625,2332.949951171875,2331.449951171875,2332.75,68
2026-09-03 14:31:00+05:30,2332.550048828125,2332.89990234375,2330.300048828125,2332.050048828125,217
2026-09-03 14:32:00+05:30,2331.800048828125,2333.199951171875,2331.800048828125,2332.550048828125,109
2026-09-03 14:33:00+05:30,2333.75,2333.800048828125,2332.39990234375,2333.199951171875,40
2026-09-03 14:34:00+05:30,2334.89990234375,2334.89990234375,2332.60009765625,2332.60009765625,279
2026-09-03 14:35:00+05:30,2333.449951171875,2335.35009765625,2333.449951171875,2335.35009765625,244
2026-09-03 14:36:00+05:30,2333.699951171875,2335.0,2333.64990234375,2334.300048828125,71
2026-09-03 14:37:00+05:30,2334.199951171875,2335.85009765625,2334.199951171875,2334.89990234375,62
2026-09-03 14:38:00+05:30,2334.800048828125,2334.800048828125,2333.14990234375,2334.300048828125,5020
2026-09-03 14:39:00+05:30,2335.449951171875,2335.85009765625,2333.550048828125,2334.5,4365
2026-09-03 14:40:00+05:30,2333.64990234375,2335.39990234375,2333.64990234375,2335.39990234375,932
2026-09-03 14:41:00+05:30,2333.89990234375,2334.14990234375,2333.550048828125,2333.699951171875,24
2026-09-03 14:42:00+05:30,2333.25,2334.25,2333.14990234375,2333.449951171875,97
2026-09-03 14:43:00+05:30,2334.10009765625,2334.550048828125,2333.050048828125,2333.25,49
2026-09-03 14:44:00+05:30,2333.449951171875,2334.300048828125,2333.050048828125,2333.10009765625,25
2026-09-03 14:45:00+05:30,2334.10009765625,2334.300048828125,2334.10009765625,2334.300048828125,7
2026-09-03 14:46:00+05:30,2333.050048828125,2334.10009765625,2333.050048828125,2334.10009765625,37
2026-09-03 14:47:00+05:30,2333.39990234375,2333.85009765625,2333.050048828125,2333.050048828125,207
2026-09-03 14:48:00+05:30,2333.5,2334.300048828125,2333.5,2334.0,77
2026-09-03 14:49:00+05:30,2332.550048828125,2333.800048828125,2332.39990234375,2333.5,82
2026-09-03 14:50:00+05:30,2333.39990234375,2333.800048828125,2333.0,2333.25,9
2026-09-03 14:51:00+05:30,2333.699951171875,2333.699951171875,2333.0,2333.39990234375,30
2026-09-03 14:52:00+05:30,2333.0,2333.0,2333.0,2333.0,16
2026-09-03 14:53:00+05:30,2333.60009765625,2333.60009765625,2333.60009765625,2333.60009765625,296
2026-09-03 14:54:00+05:30,2333.0,2333.35009765625,2333.0,2333.35009765625,121
2026-09-03 14:55:00+05:30,2333.10009765625,2333.10009765625,2333.10009765625,2333.10009765625,1
2026-09-03 14:56:00+05:30,2331.550048828125,2333.0,2331.550048828125,2332.60009765625,702
2026-09-03 14:57:00+05:30,2333.300048828125,2333.300048828125,2331.0,2331.449951171875,5035
2026-09-03 14:58:00+05:30,2333.0,2334.35009765625,2332.199951171875,2333.35009765625,4600
2026-09-03 14:59:00+05:30,2334.199951171875,2334.199951171875,2333.199951171875,2334.0,13
2026-09-03 15:00:00+05:30,2333.699951171875,2334.25,2333.25,2333.25,145
2026-09-03 15:01:00+05:30,2333.35009765625,2334.199951171875,2333.199951171875,2333.60009765625,119
2026-09-03 15:02:00+05:30,2333.949951171875,2334.60009765625,2333.39990234375,2334.60009765625,48
2026-09-03 15:03:00+05:30,2333.5,2333.5,2333.39990234375,2333.39990234375,236
2026-09-03 15:04:00+05:30,2332.050048828125,2333.35009765625,2332.050048828125,2332.89990234375,173
2026-09-03 15:05:00+05:30,2333.800048828125,2333.89990234375,2332.75,2333.89990234375,446
2026-09-03 15:06:00+05:30,2333.89990234375,2333.89990234375,2333.85009765625,2333.89990234375,198
2026-09-03 15:07:00+05:30,2333.75,2333.89990234375,2332.60009765625,2332.800048828125,366
2026-09-03 15:08:00+05:30,2331.39990234375,2333.89990234375,2331.35009765625,2333.75,171
2026-09-03 15:09:00+05:30,2330.800048828125,2333.5,2330.75,2331.39990234375,295
2026-09-03 15:10:00+05:30,2332.300048828125,2334.199951171875,2332.0,2332.449951171875,110
2026-09-03 15:11:00+05:30,2332.0,2334.0,2332.0,2333.60009765625,80
2026-09-03 15:12:00+05:30,2332.0,2334.89990234375,2332.0,2333.0,379
2026-09-03 15:13:00+05:30,2334.0,2334.0,2332.0,2332.0,141
2026-09-03 15:14:00+05:30,2334.5,2334.5,2332.449951171875,2333.0,214
2026-09-03 15:28:00+05:30,2312.0,2312.0,2312.0,2312.0,9612
2026-09-04 09:15:00+05:30,2347.449951171875,2352.050048828125,2330.89990234375,2330.89990234375,1692
2026-09-04 09:16:00+05:30,2356.949951171875,2358.550048828125,2344.550048828125,2346.0,1581
2026-09-04 09:17:00+05:30,2358.199951171875,2363.699951171875,2358.199951171875,2359.050048828125,3388
2026-09-04 09:18:00+05:30,2352.5,2359.75,2351.39990234375,2357.050048828125,1082
2026-09-04 09:19:00+05:30,2349.550048828125,2354.75,2348.60009765625,2352.60009765625,1401
2026-09-04 09:20:00+05:30,2349.550048828125,2351.0,2348.5,2350.0,316
2026-09-04 09:21:00+05:30,2339.60009765625,2348.64990234375,2339.60009765625,2348.64990234375,212
2026-09-04 09:22:00+05:30,2337.89990234375,2339.60009765625,2335.75,2338.699951171875,688
2026-09-04 09:23:00+05:30,2338.0,2339.050048828125,2336.800048828125,2337.64990234375,1892
2026-09-04 09:24:00+05:30,2337.0,2339.300048828125,2337.0,2338.89990234375,449
2026-09-04 09:25:00+05:30,2335.0,2336.949951171875,2335.0,2335.699951171875,209
2026-09-04 09:26:00+05:30,2335.5,2335.699951171875,2335.5,2335.5,80
2026-09-04 09:27:00+05:30,2341.85009765625,2341.85009765625,2337.75,2338.0,256
2026-09-04 09:28:00+05:30,2342.60009765625,2343.199951171875,2339.800048828125,2341.14990234375,277
2026-09-04 09:29:00+05:30,2341.0,2343.5,2341.0,2342.0,562
2026-09-04 09:30:00+05:30,2338.39990234375,2340.949951171875,2338.25,2340.0,550
2026-09-04 09:31:00+05:30,2334.699951171875,2335.550048828125,2334.14990234375,2335.0,273
2026-09-04 09:32:00+05:30,2336.64990234375,2336.64990234375,2334.449951171875,2335.300048828125,445
2026-09-04 09:33:00+05:30,2335.300048828125,2336.85009765625,2335.300048828125,2336.0,35
2026-09-04 09:34:00+05:30,2332.39990234375,2334.5,2332.39990234375,2334.5,214
2026-09-04 09:35:00+05:30,2328.35009765625,2333.60009765625,2328.35009765625,2333.60009765625,500
2026-09-04 09:36:00+05:30,2327.300048828125,2328.949951171875,2327.050048828125,2328.050048828125,483
2026-09-04 09:37:00+05:30,2328.050048828125,2328.050048828125,2327.0,2327.60009765625,558
2026-09-04 09:38:00+05:30,2328.75,2329.5,2328.0,2329.5,334
2026-09-04 09:39:00+05:30,2328.550048828125,2328.699951171875,2327.39990234375,2328.699951171875,29
2026-09-04 09:40:00+05:30,2330.0,2330.0,2330.0,2330.0,26
2026-09-04 09:41:00+05:30,2328.60009765625,2331.5,2328.60009765625,2331.5,99
2026-09-04 09:42:00+05:30,2331.39990234375,2331.39990234375,2329.64990234375,2329.64990234375,4
2026-09-04 09:43:00+05:30,2331.35009765625,2331.35009765625,2331.35009765625,2331.35009765625,276
2026-09-04 09:44:00+05:30,2333.449951171875,2334.35009765625,2332.0,2332.0,99
2026-09-04 09:45:00+05:30,2333.050048828125,2333.39990234375,2333.050048828125,2333.39990234375,44
2026-09-04 09:46:00+05:30,2333.25,2333.25,2331.699951171875,2331.89990234375,5
2026-09-04 09:47:00+05:30,2331.949951171875,2333.10009765625,2331.199951171875,2331.35009765625,1207
2026-09-04 09:48:00+05:30,2328.300048828125,2331.800048828125,2328.300048828125,2331.800048828125,165
2026-09-04 09:49:00+05:30,2323.85009765625,2328.699951171875,2323.85009765625,2328.0,841
2026-09-04 09:50:00+05:30,2326.5,2326.550048828125,2326.5,2326.550048828125,102
2026-09-04 09:51:00+05:30,2326.60009765625,2326.60009765625,2325.949951171875,2326.550048828125,88
2026-09-04 09:52:00+05:30,2325.199951171875,2326.5,2325.199951171875,2326.5,173
2026-09-04 09:53:00+05:30,2325.5,2325.550048828125,2324.0,2325.0,299
2026-09-04 09:54:00+05:30,2326.39990234375,2326.39990234375,2325.35009765625,2325.35009765625,484
2026-09-04 09:55:00+05:30,2328.699951171875,2328.699951171875,2327.60009765625,2327.60009765625,200
2026-09-04 09:56:00+05:30,2328.300048828125,2329.25,2327.39990234375,2327.39990234375,302
2026-09-04 09:57:00+05:30,2327.75,2328.39990234375,2326.449951171875,2328.39990234375,59
2026-09-04 09:58:00+05:30,2327.300048828125,2327.300048828125,2326.35009765625,2326.35009765625,63
2026-09-04 09:59:00+05:30,2323.199951171875,2325.5,2323.199951171875,2325.5,74
2026-09-04 10:00:00+05:30,2324.449951171875,2324.449951171875,2324.0,2324.25,107
2026-09-04 10:01:00+05:30,2324.0,2325.14990234375,2324.0,2324.75,41
2026-09-04 10:02:00+05:30,2323.10009765625,2324.60009765625,2323.0,2323.25,607
2026-09-04 10:03:00+05:30,2323.699951171875,2324.85009765625,2322.64990234375,2322.64990234375,118
2026-09-04 10:04:00+05:30,2324.85009765625,2324.85009765625,2323.199951171875,2324.60009765625,324
2026-09-04 10:05:00+05:30,2322.64990234375,2324.800048828125,2322.64990234375,2324.800048828125,161
2026-09-04 10:06:00+05:30,2320.949951171875,2322.64990234375,2320.949951171875,2321.85009765625,319
2026-09-04 10:07:00+05:30,2323.199951171875,2323.199951171875,2321.85009765625,2321.85009765625,298
2026-09-04 10:08:00+05:30,2324.800048828125,2325.0,2324.800048828125,2324.800048828125,18
2026-09-04 10:09:00+05:30,2323.699951171875,2324.800048828125,2322.39990234375,2324.800048828125,154
2026-09-04 10:10:00+05:30,2323.60009765625,2323.949951171875,2322.10009765625,2323.949951171875,61
2026-09-04 10:11:00+05:30,2322.85009765625,2323.25,2322.39990234375,2323.25,64
2026-09-04 10:13:00+05:30,2322.85009765625,2322.85009765625,2322.85009765625,2322.85009765625,5
2026-09-04 10:14:00+05:30,2321.35009765625,2322.0,2320.050048828125,2322.0,901
2026-09-04 10:15:00+05:30,2323.5,2323.5,2320.199951171875,2321.0,84
2026-09-04 10:16:00+05:30,2322.699951171875,2323.0,2321.699951171875,2321.699951171875,509
2026-09-04 10:17:00+05:30,2321.75,2323.199951171875,2321.60009765625,2321.60009765625,135
2026-09-04 10:18:00+05:30,2323.0,2323.0,2323.0,2323.0,17
2026-09-04 10:19:00+05:30,2320.449951171875,2323.0,2320.449951171875,2323.0,116
2026-09-04 10:20:00+05:30,2323.699951171875,2323.699951171875,2320.300048828125,2321.199951171875,208
2026-09-04 10:21:00+05:30,2322.35009765625,2322.35009765625,2322.35009765625,2322.35009765625,4
2026-09-04 10:22:00+05:30,2323.89990234375,2324.199951171875,2323.89990234375,2324.199951171875,12
2026-09-04 10:23:00+05:30,2322.0,2323.25,2322.0,2323.25,14
2026-09-04 10:24:00+05:30,2320.949951171875,2322.0,2320.949951171875,2321.449951171875,40
2026-09-04 10:25:00+05:30,2322.0,2322.0,2320.800048828125,2320.800048828125,28
2026-09-04 10:26:00+05:30,2320.89990234375,2322.050048828125,2320.699951171875,2320.89990234375,101
2026-09-04 10:27:00+05:30,2322.550048828125,2322.550048828125,2321.050048828125,2321.14990234375,221
2026-09-04 10:28:00+05:30,2324.25,2325.35009765625,2324.25,2324.89990234375,61
2026-09-04 10:29:00+05:30,2325.0,2325.0,2323.550048828125,2323.550048828125,303
2026-09-04 10:30:00+05:30,2323.14990234375,2325.35009765625,2323.14990234375,2324.0,351
2026-09-04 10:31:00+05:30,2323.449951171875,2324.050048828125,2323.10009765625,2324.050048828125,34
2026-09-04 10:32:00+05:30,2321.85009765625,2323.39990234375,2321.85009765625,2323.39990234375,165
2026-09-04 10:33:00+05:30,2320.5,2323.14990234375,2320.5,2321.85009765625,310
2026-09-04 10:34:00+05:30,2322.14990234375,2322.14990234375,2321.10009765625,2321.10009765625,168
2026-09-04 10:35:00+05:30,2321.699951171875,2322.60009765625,2320.949951171875,2322.14990234375,117
2026-09-04 10:36:00+05:30,2318.39990234375,2321.10009765625,2318.39990234375,2321.10009765625,717
2026-09-04 10:37:00+05:30,2319.449951171875,2319.85009765625,2319.449951171875,2319.85009765625,111
2026-09-04 10:38:00+05:30,2318.89990234375,2319.949951171875,2318.300048828125,2318.300048828125,23
2026-09-04 10:39:00+05:30,2318.60009765625,2319.5,2318.60009765625,2319.5,67
2026-09-04 10:40:00+05:30,2318.10009765625,2318.949951171875,2316.699951171875,2318.949951171875,81
2026-09-04 10:41:00+05:30,2317.699951171875,2318.10009765625,2316.85009765625,2318.10009765625,46
2026-09-04 10:42:00+05:30,2316.0,2318.75,2316.0,2318.0,304
2026-09-04 10:43:00+05:30,2317.75,2319.0,2317.550048828125,2317.550048828125,111
2026-09-04 10:44:00+05:30,2321.10009765625,2321.60009765625,2319.199951171875,2319.199951171875,83
2026-09-04 10:45:00+05:30,2320.89990234375,2321.050048828125,2320.89990234375,2321.050048828125,11
2026-09-04 10:46:00+05:30,2320.25,2320.39990234375,2320.25,2320.25,528
2026-09-04 10:47:00+05:30,2321.0,2321.550048828125,2320.25,2321.10009765625,329
2026-09-04 10:48:00+05:30,2319.35009765625,2321.0,2319.35009765625,2320.39990234375,671
2026-09-04 10:49:00+05:30,2319.300048828125,2320.39990234375,2318.800048828125,2319.89990234375,19
2026-09-04 10:50:00+05:30,2320.199951171875,2320.35009765625,2320.199951171875,2320.35009765625,103
2026-09-04 10:51:00+05:30,2320.800048828125,2320.800048828125,2320.050048828125,2320.050048828125,8
2026-09-04 10:52:00+05:30,2320.85009765625,2320.89990234375,2319.449951171875,2320.5,319
2026-09-04 10:54:00+05:30,2321.60009765625,2321.60009765625,2321.60009765625,2321.60009765625,4
2026-09-04 10:55:00+05:30,2320.39990234375,2321.60009765625,2320.35009765625,2321.60009765625,90
2026-09-04 10:56:00+05:30,2320.39990234375,2320.39990234375,2320.0,2320.39990234375,102
2026-09-04 10:57:00+05:30,2321.60009765625,2321.60009765625,2320.300048828125,2321.550048828125,43
2026-09-04 10:58:00+05:30,2322.0,2322.0,2321.050048828125,2321.89990234375,56
2026-09-04 10:59:00+05:30,2322.64990234375,2322.64990234375,2320.85009765625,2322.0,394
2026-09-04 11:00:00+05:30,2321.35009765625,2321.449951171875,2321.35009765625,2321.449951171875,45
2026-09-04 11:01:00+05:30,2320.949951171875,2321.35009765625,2319.10009765625,2321.35009765625,311
2026-09-04 11:02:00+05:30,2319.39990234375,2319.5,2317.75,2319.5,381
2026-09-04 11:03:00+05:30,2320.10009765625,2320.39990234375,2320.10009765625,2320.39990234375,105
2026-09-04 11:04:00+05:30,2319.0,2320.35009765625,2319.0,2320.35009765625,25
2026-09-04 11:05:00+05:30,2320.25,2320.25,2319.0,2319.39990234375,307
2026-09-04 11:06:00+05:30,2320.25,2322.0,2320.25,2322.0,66
2026-09-04 11:07:00+05:30,2320.75,2321.300048828125,2320.75,2321.300048828125,4
2026-09-04 11:08:00+05:30,2320.60009765625,2320.60009765625,2320.60009765625,2320.60009765625,53
2026-09-04 11:09:00+05:30,2320.25,2320.75,2318.800048828125,2320.75,20
2026-09-04 11:10:00+05:30,2319.800048828125,2319.800048828125,2319.800048828125,2319.800048828125,1
2026-09-04 11:11:00+05:30,2319.300048828125,2319.39990234375,2318.10009765625,2318.10009765625,15
2026-09-04 11:12:00+05:30,2319.449951171875,2319.449951171875,2318.14990234375,2318.14990234375,14
2026-09-04 11:13:00+05:30,2319.5,2319.5,2319.5,2319.5,5
2026-09-04 11:14:00+05:30,2318.449951171875,2318.449951171875,2318.449951171875,2318.449951171875,17
2026-09-04 11:15:00+05:30,2318.39990234375,2320.39990234375,2318.39990234375,2320.39990234375,156
2026-09-04 11:16:00+05:30,2320.050048828125,2320.5,2318.64990234375,2319.89990234375,304
2026-09-04 11:17:00+05:30,2319.35009765625,2320.550048828125,2319.35009765625,2320.550048828125,77
2026-09-04 11:18:00+05:30,2320.449951171875,2320.5,2320.449951171875,2320.5,3
2026-09-04 11:19:00+05:30,2320.0,2320.449951171875,2320.0,2320.449951171875,16
2026-09-04 11:20:00+05:30,2320.0,2320.449951171875,2320.0,2320.449951171875,212
2026-09-04 11:21:00+05:30,2318.550048828125,2320.35009765625,2318.550048828125,2320.35009765625,9
2026-09-04 11:22:00+05:30,2319.85009765625,2319.89990234375,2319.85009765625,2319.85009765625,50
2026-09-04 11:23:00+05:30,2319.0,2319.5,2319.0,2319.5,3
2026-09-04 11:24:00+05:30,2319.0,2319.25,2317.75,2318.39990234375,144
2026-09-04 11:25:00+05:30,2320.35009765625,2320.5,2317.14990234375,2318.949951171875,286
2026-09-04 11:26:00+05:30,2321.0,2321.75,2320.60009765625,2321.75,351
2026-09-04 11:27:00+05:30,2321.89990234375,2321.89990234375,2321.0,2321.0,63
2026-09-04 11:28:00+05:30,2321.60009765625,2321.60009765625,2321.60009765625,2321.60009765625,10
2026-09-04 11:29:00+05:30,2321.5,2321.5,2321.0,2321.300048828125,21
2026-09-04 11:30:00+05:30,2321.199951171875,2321.75,2321.0,2321.75,335
2026-09-04 11:31:00+05:30,2322.800048828125,2323.0,2322.10009765625,2322.10009765625,8
2026-09-04 11:32:00+05:30,2321.949951171875,2321.949951171875,2321.949951171875,2321.949951171875,4
2026-09-04 11:33:00+05:30,2321.75,2321.75,2321.75,2321.75,2
2026-09-04 11:34:00+05:30,2321.699951171875,2321.699951171875,2321.5,2321.5,9
2026-09-04 11:35:00+05:30,2321.75,2321.75,2321.699951171875,2321.699951171875,78
2026-09-04 11:36:00+05:30,2320.699951171875,2322.25,2320.699951171875,2322.25,120
2026-09-04 11:37:00+05:30,2320.699951171875,2321.75,2320.699951171875,2321.75,2
2026-09-04 11:38:00+05:30,2320.199951171875,2321.800048828125,2320.199951171875,2321.800048828125,64
2026-09-04 11:39:00+05:30,2318.5,2321.0,2318.5,2320.949951171875,238
2026-09-04 11:40:00+05:30,2318.0,2318.5,2317.199951171875,2318.5,197
2026-09-04 11:41:00+05:30,2318.050048828125,2318.050048828125,2317.89990234375,2317.89990234375,12
2026-09-04 11:42:00+05:30,2318.25,2319.199951171875,2317.949951171875,2319.199951171875,49
2026-09-04 11:43:00+05:30,2318.89990234375,2318.89990234375,2318.800048828125,2318.800048828125,202
2026-09-04 11:44:00+05:30,2318.85009765625,2318.85009765625,2318.10009765625,2318.10009765625,5
2026-09-04 11:45:00+05:30,2321.300048828125,2321.300048828125,2318.89990234375,2318.89990234375,98
2026-09-04 11:46:00+05:30,2320.050048828125,2320.050048828125,2320.050048828125,2320.050048828125,20
2026-09-04 11:47:00+05:30,2320.699951171875,2320.699951171875,2318.699951171875,2318.699951171875,396
2026-09-04 11:48:00+05:30,2319.449951171875,2320.35009765625,2319.199951171875,2320.35009765625,16
2026-09-04 11:50:00+05:30,2321.10009765625,2321.10009765625,2319.449951171875,2319.449951171875,423
2026-09-04 11:51:00+05:30,2322.050048828125,2322.10009765625,2322.050048828125,2322.10009765625,109
2026-09-04 11:52:00+05:30,2321.800048828125,2321.800048828125,2321.0,2321.0,2
2026-09-04 11:53:00+05:30,2321.64990234375,2321.64990234375,2321.64990234375,2321.64990234375,25
2026-09-04 11:54:00+05:30,2320.5,2320.5,2320.5,2320.5,1
2026-09-04 11:55:00+05:30,2320.550048828125,2320.550048828125,2320.550048828125,2320.550048828125,4
2026-09-04 11:56:00+05:30,2319.89990234375,2319.89990234375,2319.89990234375,2319.89990234375,27
2026-09-04 11:57:00+05:30,2320.10009765625,2321.449951171875,2320.10009765625,2321.449951171875,13
2026-09-04 11:58:00+05:30,2321.35009765625,2321.35009765625,2321.35009765625,2321.35009765625,1
2026-09-04 11:59:00+05:30,2320.75,2320.75,2319.89990234375,2320.39990234375,151
2026-09-04 12:00:00+05:30,2319.25,2319.25,2319.25,2319.25,5
2026-09-04 12:02:00+05:30,2320.199951171875,2320.199951171875,2320.199951171875,2320.199951171875,9
2026-09-04 12:03:00+05:30,2319.25,2320.050048828125,2319.25,2320.050048828125,24
2026-09-04 12:04:00+05:30,2317.14990234375,2318.199951171875,2317.14990234375,2318.199951171875,354
2026-09-04 12:05:00+05:30,2317.75,2318.949951171875,2317.75,2318.949951171875,8
2026-09-04 12:06:00+05:30,2318.800048828125,2318.89990234375,2318.0,2318.89990234375,7
2026-09-04 12:07:00+05:30,2318.0,2318.800048828125,2318.0,2318.800048828125,6
2026-09-04 12:08:00+05:30,2317.35009765625,2318.0,2317.199951171875,2318.0,83
2026-09-04 12:09:00+05:30,2318.550048828125,2318.550048828125,2318.10009765625,2318.25,21
2026-09-04 12:10:00+05:30,2317.050048828125,2318.39990234375,2317.0,2317.0,38
2026-09-04 12:12:00+05:30,2317.949951171875,2317.949951171875,2317.949951171875,2317.949951171875,100
2026-09-04 12:13:00+05:30,2319.10009765625,2319.199951171875,2319.10009765625,2319.199951171875,113
2026-09-04 12:14:00+05:30,2317.0,2317.949951171875,2317.0,2317.949951171875,293
2026-09-04 12:15:00+05:30,2317.85009765625,2317.85009765625,2317.85009765625,2317.85009765625,66
2026-09-04 12:16:00+05:30,2318.550048828125,2319.35009765625,2316.39990234375,2317.85009765625,860
2026-09-04 12:17:00+05:30,2319.89990234375,2320.949951171875,2319.050048828125,2319.89990234375,314
2026-09-04 12:18:00+05:30,2319.89990234375,2320.89990234375,2319.89990234375,2320.89990234375,104
2026-09-04 12:19:00+05:30,2318.5,2318.5,2318.5,2318.5,13
2026-09-04 12:20:00+05:30,2318.5,2318.5,2318.5,2318.5,50
2026-09-04 12:21:00+05:30,2319.5,2319.550048828125,2318.60009765625,2319.550048828125,3
2026-09-04 12:22:00+05:30,2318.60009765625,2318.60009765625,2318.60009765625,2318.60009765625,79
2026-09-04 12:23:00+05:30,2319.14990234375,2319.14990234375,2317.449951171875,2318.60009765625,391
2026-09-04 12:24:00+05:30,2318.5,2318.5,2318.5,2318.5,1
2026-09-04 12:25:00+05:30,2318.5,2318.5,2318.5,2318.5,25
2026-09-04 12:26:00+05:30,2318.949951171875,2318.949951171875,2317.699951171875,2317.699951171875,19
2026-09-04 12:27:00+05:30,2319.89990234375,2319.89990234375,2317.699951171875,2317.699951171875,72
2026-09-04 12:28:00+05:30,2318.14990234375,2319.60009765625,2318.14990234375,2319.60009765625,180
2026-09-04 12:29:00+05:30,2317.550048828125,2319.25,2317.0,2317.949951171875,218
2026-09-04 12:30:00+05:30,2316.5,2316.5,2316.0,2316.0,190
2026-09-04 12:31:00+05:30,2317.300048828125,2317.300048828125,2316.0,2316.75,213
2026-09-04 12:32:00+05:30,2319.199951171875,2320.0,2317.300048828125,2317.300048828125,14737
2026-09-04 12:33:00+05:30,2318.199951171875,2318.39990234375,2317.050048828125,2317.300048828125,160
2026-09-04 12:35:00+05:30,2317.75,2319.050048828125,2317.75,2319.050048828125,5
2026-09-04 12:36:00+05:30,2320.0,2320.0,2318.64990234375,2320.0,21935
2026-09-04 12:37:00+05:30,2320.0,2320.050048828125,2320.0,2320.0,916
2026-09-04 12:38:00+05:30,2320.199951171875,2320.199951171875,2320.199951171875,2320.199951171875,354
2026-09-04 12:39:00+05:30,2320.0,2321.449951171875,2320.0,2320.0,389
2026-09-04 12:40:00+05:30,2324.0,2325.0,2320.0,2320.0,532
2026-09-04 12:41:00+05:30,2324.800048828125,2325.0,2323.75,2324.0,756
2026-09-04 12:43:00+05:30,2322.199951171875,2322.199951171875,2322.199951171875,2322.199951171875,80
2026-09-04 12:44:00+05:30,2322.0,2323.10009765625,2322.0,2322.89990234375,105
2026-09-04 12:45:00+05:30,2321.64990234375,2321.64990234375,2320.199951171875,2320.199951171875,395
2026-09-04 12:46:00+05:30,2322.800048828125,2322.800048828125,2321.949951171875,2321.949951171875,53
2026-09-04 12:47:00+05:30,2322.800048828125,2322.800048828125,2322.800048828125,2322.800048828125,2
2026-09-04 12:48:00+05:30,2323.0,2323.0,2321.949951171875,2321.949951171875,505
2026-09-04 12:49:00+05:30,2320.85009765625,2321.949951171875,2320.85009765625,2321.949951171875,289
2026-09-04 12:50:00+05:30,2321.85009765625,2321.85009765625,2321.800048828125,2321.800048828125,151
2026-09-04 12:51:00+05:30,2322.949951171875,2322.949951171875,2322.0,2322.0,75
2026-09-04 12:52:00+05:30,2320.64990234375,2322.699951171875,2320.550048828125,2322.699951171875,368
2026-09-04 12:53:00+05:30,2320.0,2321.550048828125,2320.0,2320.60009765625,501
2026-09-04 12:54:00+05:30,2320.0,2320.0,2320.0,2320.0,76
2026-09-04 12:55:00+05:30,2320.050048828125,2320.949951171875,2320.0,2320.949951171875,369
2026-09-04 12:56:00+05:30,2321.85009765625,2321.85009765625,2321.85009765625,2321.85009765625,40
2026-09-04 12:57:00+05:30,2320.199951171875,2321.050048828125,2320.199951171875,2321.050048828125,9
2026-09-04 12:58:00+05:30,2320.0,2320.0,2320.0,2320.0,355
2026-09-04 12:59:00+05:30,2320.0,2321.0,2320.0,2320.0,467
2026-09-04 13:00:00+05:30,2320.0,2320.0,2320.0,2320.0,721
2026-09-04 13:01:00+05:30,2320.5,2320.5,2320.0,2320.0,290
2026-09-04 13:02:00+05:30,2320.050048828125,2320.10009765625,2320.0,2320.0,101
2026-09-04 13:03:00+05:30,2321.050048828125,2321.050048828125,2320.050048828125,2320.050048828125,299
2026-09-04 13:04:00+05:30,2320.0,2321.050048828125,2320.0,2321.050048828125,6
2026-09-04 13:05:00+05:30,2320.0,2320.050048828125,2320.0,2320.050048828125,355
2026-09-04 13:06:00+05:30,2320.0,2321.050048828125,2320.0,2320.0,143
2026-09-04 13:07:00+05:30,2320.0,2321.0,2320.0,2320.0,116
2026-09-04 13:08:00+05:30,2320.0,2320.0,2320.0,2320.0,376
2026-09-04 13:09:00+05:30,2320.10009765625,2320.10009765625,2320.0,2320.0,666
2026-09-04 13:10:00+05:30,2320.10009765625,2321.050048828125,2320.0,2320.0,121
2026-09-04 13:11:00+05:30,2320.0,2321.25,2320.0,2321.25,559
2026-09-04 13:12:00+05:30,2320.0,2320.050048828125,2320.0,2320.050048828125,585
2026-09-04 13:13:00+05:30,2320.0,2320.0,2320.0,2320.0,1100
2026-09-04 13:14:00+05:30,2321.050048828125,2321.050048828125,2320.050048828125,2320.050048828125,18
2026-09-04 13:15:00+05:30,2320.0,2320.85009765625,2320.0,2320.0,467
2026-09-04 13:16:00+05:30,2318.25,2320.800048828125,2318.25,2320.0,10436
2026-09-04 13:17:00+05:30,2318.0,2318.25,2318.0,2318.25,703
2026-09-04 13:18:00+05:30,2317.0,2317.0,2317.0,2317.0,77
2026-09-04 13:19:00+05:30,2316.699951171875,2317.14990234375,2316.699951171875,2317.14990234375,16
2026-09-04 13:21:00+05:30,2316.5,2316.550048828125,2316.5,2316.550048828125,34
2026-09-04 13:22:00+05:30,2316.050048828125,2316.050048828125,2316.0,2316.0,35
2026-09-04 13:23:00+05:30,2314.0,2316.0,2314.0,2316.0,262
2026-09-04 13:24:00+05:30,2316.050048828125,2316.050048828125,2313.10009765625,2313.300048828125,528
2026-09-04 13:25:00+05:30,2314.550048828125,2315.449951171875,2314.550048828125,2315.449951171875,4
2026-09-04 13:26:00+05:30,2314.199951171875,2314.199951171875,2314.199951171875,2314.199951171875,2
2026-09-04 13:27:00+05:30,2313.199951171875,2314.0,2313.199951171875,2314.0,123
2026-09-04 13:28:00+05:30,2313.300048828125,2314.14990234375,2313.300048828125,2314.0,181
2026-09-04 13:29:00+05:30,2313.0,2314.35009765625,2313.0,2314.35009765625,65
2026-09-04 13:30:00+05:30,2313.85009765625,2313.85009765625,2312.0,2312.300048828125,155
2026-09-04 13:32:00+05:30,2311.14990234375,2312.64990234375,2311.10009765625,2312.5,645
2026-09-04 13:33:00+05:30,2311.0,2312.0,2310.60009765625,2312.0,1068
2026-09-04 13:34:00+05:30,2312.050048828125,2312.050048828125,2311.14990234375,2311.14990234375,5
2026-09-04 13:35:00+05:30,2312.050048828125,2312.199951171875,2312.050048828125,2312.199951171875,102
2026-09-04 13:37:00+05:30,2311.14990234375,2312.0,2311.14990234375,2312.0,76
2026-09-04 13:38:00+05:30,2312.39990234375,2312.39990234375,2311.0,2312.39990234375,292
2026-09-04 13:41:00+05:30,2312.64990234375,2312.949951171875,2312.64990234375,2312.949951171875,151
2026-09-04 13:42:00+05:30,2313.10009765625,2314.199951171875,2312.39990234375,2314.199951171875,412
2026-09-04 13:43:00+05:30,2313.35009765625,2313.35009765625,2312.10009765625,2312.10009765625,5
2026-09-04 13:44:00+05:30,2312.89990234375,2313.35009765625,2312.89990234375,2313.35009765625,68
2026-09-04 13:45:00+05:30,2312.35009765625,2313.85009765625,2312.35009765625,2313.85009765625,200
2026-09-04 13:46:00+05:30,2312.64990234375,2314.14990234375,2312.449951171875,2313.949951171875,271
2026-09-04 13:47:00+05:30,2312.449951171875,2312.449951171875,2312.449951171875,2312.449951171875,66
2026-09-04 13:48:00+05:30,2314.25,2314.25,2314.25,2314.25,50
2026-09-04 13:49:00+05:30,2312.10009765625,2314.0,2312.10009765625,2313.0,16
2026-09-04 13:50:00+05:30,2311.64990234375,2312.10009765625,2311.64990234375,2312.10009765625,408
2026-09-04 13:51:00+05:30,2312.699951171875,2312.699951171875,2312.699951171875,2312.699951171875,10
2026-09-04 13:52:00+05:30,2312.39990234375,2312.39990234375,2312.39990234375,2312.39990234375,4
2026-09-04 13:53:00+05:30,2312.10009765625,2312.10009765625,2311.199951171875,2311.199951171875,9
2026-09-04 13:54:00+05:30,2311.050048828125,2311.85009765625,2311.050048828125,2311.050048828125,142
2026-09-04 13:55:00+05:30,2311.0,2311.0,2311.0,2311.0,72
2026-09-04 13:56:00+05:30,2311.0,2311.10009765625,2310.10009765625,2311.0,310
2026-09-04 13:57:00+05:30,2309.699951171875,2311.0,2309.699951171875,2311.0,334
2026-09-04 13:58:00+05:30,2310.050048828125,2310.050048828125,2310.050048828125,2310.050048828125,21
2026-09-04 13:59:00+05:30,2313.300048828125,2314.39990234375,2310.25,2310.25,660
2026-09-04 14:00:00+05:30,2314.89990234375,2314.89990234375,2314.89990234375,2314.89990234375,618
2026-09-04 14:01:00+05:30,2314.39990234375,2314.39990234375,2314.39990234375,2314.39990234375,10
2026-09-04 14:02:00+05:30,2312.75,2312.949951171875,2312.75,2312.949951171875,22
2026-09-04 14:03:00+05:30,2313.949951171875,2313.949951171875,2313.0,2313.85009765625,55
2026-09-04 14:04:00+05:30,2314.10009765625,2314.14990234375,2312.25,2313.10009765625,489
2026-09-04 14:05:00+05:30,2312.0,2314.0,2312.0,2314.0,113
2026-09-04 14:06:00+05:30,2313.0,2313.0,2313.0,2313.0,2
2026-09-04 14:07:00+05:30,2312.949951171875,2312.949951171875,2312.949951171875,2312.949951171875,3
2026-09-04 14:08:00+05:30,2310.64990234375,2310.64990234375,2310.64990234375,2310.64990234375,66
2026-09-04 14:09:00+05:30,2311.0,2312.35009765625,2311.0,2312.35009765625,59
2026-09-04 14:10:00+05:30,2310.550048828125,2312.199951171875,2310.550048828125,2310.800048828125,188
2026-09-04 14:11:00+05:30,2311.64990234375,2311.64990234375,2311.64990234375,2311.64990234375,20
2026-09-04 14:12:00+05:30,2310.699951171875,2310.699951171875,2310.699951171875,2310.699951171875,47
2026-09-04 14:13:00+05:30,2310.85009765625,2311.10009765625,2310.0,2310.699951171875,26
2026-09-04 14:14:00+05:30,2309.699951171875,2310.0,2309.699951171875,2310.0,97
2026-09-04 14:15:00+05:30,2310.14990234375,2310.14990234375,2308.89990234375,2309.5,716
2026-09-04 14:16:00+05:30,2308.89990234375,2308.89990234375,2308.89990234375,2308.89990234375,50
2026-09-04 14:17:00+05:30,2308.800048828125,2310.10009765625,2308.800048828125,2310.10009765625,85
2026-09-04 14:18:00+05:30,2310.0,2310.050048828125,2310.0,2310.050048828125,13
2026-09-04 14:19:00+05:30,2310.14990234375,2310.14990234375,2309.949951171875,2309.949951171875,105
2026-09-04 14:20:00+05:30,2309.25,2309.25,2308.35009765625,2308.89990234375,50
2026-09-04 14:21:00+05:30,2309.75,2309.75,2309.75,2309.75,10
2026-09-04 14:22:00+05:30,2309.699951171875,2309.949951171875,2308.699951171875,2309.949951171875,99
2026-09-04 14:23:00+05:30,2308.199951171875,2309.199951171875,2308.0,2309.199951171875,140
2026-09-04 14:24:00+05:30,2309.75,2309.75,2307.550048828125,2308.699951171875,293
2026-09-04 14:25:00+05:30,2309.35009765625,2309.35009765625,2308.449951171875,2308.449951171875,6
2026-09-04 14:26:00+05:30,2309.89990234375,2309.949951171875,2308.89990234375,2308.89990234375,87
2026-09-04 14:27:00+05:30,2310.60009765625,2310.60009765625,2308.89990234375,2309.449951171875,182
2026-09-04 14:28:00+05:30,2310.5,2310.5,2310.5,2310.5,11
2026-09-04 14:29:00+05:30,2310.60009765625,2310.60009765625,2310.5,2310.5,535
2026-09-04 14:30:00+05:30,2311.0,2311.0,2311.0,2311.0,47
2026-09-04 14:32:00+05:30,2311.85009765625,2311.85009765625,2311.0,2311.0,239
2026-09-04 14:33:00+05:30,2310.550048828125,2310.550048828125,2310.550048828125,2310.550048828125,200
2026-09-04 14:34:00+05:30,2310.60009765625,2310.60009765625,2310.60009765625,2310.60009765625,50
2026-09-04 14:35:00+05:30,2309.949951171875,2310.550048828125,2309.35009765625,2310.550048828125,397
2026-09-04 14:36:00+05:30,2310.0,2311.550048828125,2310.0,2311.0,424
2026-09-04 14:37:00+05:30,2310.0,2310.0,2310.0,2310.0,54
2026-09-04 14:38:00+05:30,2310.0,2310.300048828125,2309.14990234375,2309.14990234375,47
2026-09-04 14:39:00+05:30,2308.39990234375,2309.699951171875,2308.39990234375,2309.14990234375,354
2026-09-04 14:40:00+05:30,2310.25,2310.25,2310.25,2310.25,4
2026-09-04 14:41:00+05:30,2309.300048828125,2310.0,2309.300048828125,2310.0,101
2026-09-04 14:42:00+05:30,2307.60009765625,2309.300048828125,2307.60009765625,2309.300048828125,433
2026-09-04 14:44:00+05:30,2308.800048828125,2308.800048828125,2308.75,2308.75,8
2026-09-04 14:45:00+05:30,2307.60009765625,2307.60009765625,2307.60009765625,2307.60009765625,110
2026-09-04 14:46:00+05:30,2306.0,2308.35009765625,2306.0,2308.35009765625,308
2026-09-04 14:47:00+05:30,2309.050048828125,2309.050048828125,2307.85009765625,2307.85009765625,1040
2026-09-04 14:48:00+05:30,2308.0,2308.0,2308.0,2308.0,4
2026-09-04 14:49:00+05:30,2308.39990234375,2308.39990234375,2307.0,2307.0,80
2026-09-04 14:50:00+05:30,2307.10009765625,2308.39990234375,2307.10009765625,2307.449951171875,42
2026-09-04 14:51:00+05:30,2308.14990234375,2308.14990234375,2307.199951171875,2308.14990234375,48
2026-09-04 14:52:00+05:30,2306.14990234375,2306.14990234375,2306.14990234375,2306.14990234375,20
2026-09-04 14:53:00+05:30,2307.300048828125,2307.5,2306.199951171875,2307.14990234375,162
2026-09-04 14:54:00+05:30,2310.300048828125,2310.300048828125,2306.699951171875,2306.699951171875,2433
2026-09-04 14:55:00+05:30,2309.25,2309.300048828125,2307.949951171875,2307.949951171875,183
2026-09-04 14:56:00+05:30,2310.39990234375,2310.39990234375,2308.5,2309.300048828125,872
2026-09-04 14:57:00+05:30,2308.39990234375,2308.39990234375,2308.39990234375,2308.39990234375,100
2026-09-04 14:58:00+05:30,2309.699951171875,2309.75,2309.699951171875,2309.75,27
2026-09-04 14:59:00+05:30,2309.10009765625,2309.449951171875,2309.10009765625,2309.449951171875,41
2026-09-04 15:00:00+05:30,2307.0,2309.0,2306.64990234375,2309.0,113
2026-09-04 15:01:00+05:30,2306.300048828125,2307.800048828125,2306.0,2307.800048828125,224
2026-09-04 15:02:00+05:30,2305.699951171875,2306.0,2305.050048828125,2306.0,587
2026-09-04 15:03:00+05:30,2305.25,2305.949951171875,2305.0,2305.64990234375,590
2026-09-04 15:04:00+05:30,2303.300048828125,2305.25,2303.25,2305.25,574
2026-09-04 15:05:00+05:30,2304.050048828125,2305.0,2302.0,2305.0,502
2026-09-04 15:06:00+05:30,2304.050048828125,2304.14990234375,2302.10009765625,2302.300048828125,137
2026-09-04 15:07:00+05:30,2301.300048828125,2304.050048828125,2301.300048828125,2304.0,390
2026-09-04 15:08:00+05:30,2303.39990234375,2305.25,2303.39990234375,2305.25,208
2026-09-04 15:09:00+05:30,2306.949951171875,2306.949951171875,2305.35009765625,2305.35009765625,93
2026-09-04 15:10:00+05:30,2307.699951171875,2307.699951171875,2306.39990234375,2306.39990234375,376
2026-09-04 15:11:00+05:30,2305.39990234375,2308.85009765625,2305.39990234375,2308.85009765625,54
2026-09-04 15:12:00+05:30,2307.050048828125,2308.699951171875,2306.0,2307.60009765625,693
2026-09-04 15:13:00+05:30,2310.85009765625,2310.85009765625,2307.10009765625,2309.300048828125,465
2026-09-04 15:14:00+05:30,2310.64990234375,2310.89990234375,2309.10009765625,2310.89990234375,101
2026-09-04 15:29:00+05:30,2300.89990234375,2300.89990234375,2300.89990234375,2300.89990234375,632
2026-09-07 09:15:00+05:30,2275.050048828125,2288.550048828125,2272.25,2282.949951171875,6060
2026-09-07 09:16:00+05:30,2286.64990234375,2286.64990234375,2273.0,2276.449951171875,1889
2026-09-07 09:17:00+05:30,2284.550048828125,2286.35009765625,2280.25,2280.25,1914
2026-09-07 09:18:00+05:30,2290.64990234375,2290.800048828125,2284.550048828125,2286.0,4496
2026-09-07 09:19:00+05:30,2295.699951171875,2296.35009765625,2289.5,2289.550048828125,751
2026-09-07 09:20:00+05:30,2298.64990234375,2298.64990234375,2293.10009765625,2295.699951171875,346
2026-09-07 09:21:00+05:30,2298.0,2299.949951171875,2296.0,2297.89990234375,731
2026-09-07 09:22:00+05:30,2298.60009765625,2300.35009765625,2297.35009765625,2299.0,620
2026-09-07 09:23:00+05:30,2295.0,2299.0,2295.0,2298.60009765625,803
2026-09-07 09:24:00+05:30,2285.0,2293.0,2284.10009765625,2293.0,1000
2026-09-07 09:25:00+05:30,2282.050048828125,2286.300048828125,2281.10009765625,2286.300048828125,1384
2026-09-07 09:26:00+05:30,2284.0,2284.0,2282.10009765625,2283.0,140
2026-09-07 09:27:00+05:30,2283.0,2285.199951171875,2283.0,2285.199951171875,406
2026-09-07 09:28:00+05:30,2283.39990234375,2283.39990234375,2281.0,2283.0,395
2026-09-07 09:29:00+05:30,2283.449951171875,2283.449951171875,2281.64990234375,2282.300048828125,416
2026-09-07 09:30:00+05:30,2282.5,2283.449951171875,2282.0,2283.449951171875,1250
2026-09-07 09:31:00+05:30,2279.85009765625,2282.85009765625,2279.85009765625,2282.85009765625,387
2026-09-07 09:32:00+05:30,2280.39990234375,2280.85009765625,2279.050048828125,2279.050048828125,394
2026-09-07 09:33:00+05:30,2279.050048828125,2281.050048828125,2279.0,2280.85009765625,533
2026-09-07 09:34:00+05:30,2281.5,2283.0,2278.800048828125,2279.050048828125,1202
2026-09-07 09:35:00+05:30,2284.0,2284.0,2282.199951171875,2283.39990234375,105
2026-09-07 09:36:00+05:30,2284.699951171875,2285.949951171875,2283.800048828125,2283.800048828125,587
2026-09-07 09:37:00+05:30,2280.0,2284.0,2280.0,2284.0,472
2026-09-07 09:38:00+05:30,2281.10009765625,2282.25,2280.85009765625,2281.5,202
2026-09-07 09:39:00+05:30,2281.050048828125,2282.0,2281.0,2281.39990234375,205
2026-09-07 09:40:00+05:30,2282.199951171875,2283.300048828125,2280.85009765625,2281.89990234375,227
2026-09-07 09:41:00+05:30,2282.5,2283.300048828125,2281.199951171875,2283.300048828125,149
2026-09-07 09:42:00+05:30,2282.699951171875,2282.699951171875,2282.699951171875,2282.699951171875,15
2026-09-07 09:43:00+05:30,2283.050048828125,2283.10009765625,2281.300048828125,2281.300048828125,335
2026-09-07 09:44:00+05:30,2281.5,2282.800048828125,2281.0,2282.60009765625,15
2026-09-07 09:45:00+05:30,2281.5,2281.949951171875,2281.0,2281.5,88
2026-09-07 09:46:00+05:30,2281.0,2281.5,2279.89990234375,2281.5,228
2026-09-07 09:47:00+05:30,2282.5,2282.5,2281.39990234375,2281.5,224
2026-09-07 09:48:00+05:30,2281.89990234375,2283.60009765625,2281.39990234375,2283.60009765625,57
2026-09-07 09:49:00+05:30,2281.89990234375,2281.949951171875,2280.39990234375,2281.89990234375,81
2026-09-07 09:50:00+05:30,2282.14990234375,2282.14990234375,2281.89990234375,2281.89990234375,102
2026-09-07 09:51:00+05:30,2283.5,2283.5,2281.39990234375,2283.39990234375,10
2026-09-07 09:52:00+05:30,2283.85009765625,2283.85009765625,2282.39990234375,2282.39990234375,7
2026-09-07 09:53:00+05:30,2282.0,2284.0,2282.0,2284.0,3
2026-09-07 09:54:00+05:30,2282.0,2282.14990234375,2281.39990234375,2282.0,23
2026-09-07 09:55:00+05:30,2284.14990234375,2288.300048828125,2282.89990234375,2282.89990234375,422
2026-09-07 09:56:00+05:30,2285.0,2286.0,2285.0,2286.0,15
2026-09-07 09:57:00+05:30,2287.699951171875,2287.699951171875,2287.14990234375,2287.300048828125,521
2026-09-07 09:58:00+05:30,2286.75,2287.64990234375,2286.75,2287.64990234375,343
2026-09-07 09:59:00+05:30,2286.64990234375,2286.64990234375,2285.14990234375,2285.14990234375,218
2026-09-07 10:00:00+05:30,2286.64990234375,2286.85009765625,2285.25,2286.64990234375,153
2026-09-07 10:01:00+05:30,2282.199951171875,2286.64990234375,2280.85009765625,2286.64990234375,999
2026-09-07 10:02:00+05:30,2284.25,2284.25,2282.0,2282.800048828125,32
2026-09-07 10:03:00+05:30,2283.39990234375,2284.300048828125,2282.949951171875,2284.0,23
2026-09-07 10:04:00+05:30,2284.800048828125,2284.89990234375,2284.800048828125,2284.89990234375,19
2026-09-07 10:05:00+05:30,2283.449951171875,2283.449951171875,2283.449951171875,2283.449951171875,2
2026-09-07 10:06:00+05:30,2283.800048828125,2283.800048828125,2282.550048828125,2283.449951171875,26
2026-09-07 10:07:00+05:30,2282.64990234375,2283.75,2282.64990234375,2283.75,31
2026-09-07 10:08:00+05:30,2284.35009765625,2285.800048828125,2284.35009765625,2285.800048828125,27
2026-09-07 10:09:00+05:30,2285.35009765625,2285.35009765625,2284.35009765625,2284.35009765625,34
2026-09-07 10:10:00+05:30,2285.35009765625,2285.35009765625,2284.050048828125,2284.050048828125,21
2026-09-07 10:11:00+05:30,2286.0,2286.0,2285.35009765625,2285.35009765625,90
2026-09-07 10:12:00+05:30,2285.60009765625,2286.0,2285.60009765625,2286.0,3
2026-09-07 10:13:00+05:30,2285.25,2285.25,2284.0,2284.0,29
2026-09-07 10:14:00+05:30,2284.0,2285.25,2282.550048828125,2285.25,33
2026-09-07 10:15:00+05:30,2282.550048828125,2283.5,2282.550048828125,2283.5,10
2026-09-07 10:16:00+05:30,2282.5,2285.10009765625,2282.5,2282.550048828125,770
2026-09-07 10:17:00+05:30,2280.85009765625,2283.0,2280.85009765625,2282.199951171875,835
2026-09-07 10:18:00+05:30,2280.0,2281.0,2279.89990234375,2281.0,107
2026-09-07 10:19:00+05:30,2278.949951171875,2280.0,2278.699951171875,2278.699951171875,152
2026-09-07 10:20:00+05:30,2279.89990234375,2280.0,2279.0,2280.0,10
2026-09-07 10:21:00+05:30,2280.39990234375,2280.39990234375,2279.89990234375,2279.89990234375,61
2026-09-07 10:22:00+05:30,2281.949951171875,2281.949951171875,2281.949951171875,2281.949951171875,4
2026-09-07 10:23:00+05:30,2280.89990234375,2282.75,2280.89990234375,2281.25,11
2026-09-07 10:24:00+05:30,2282.25,2282.39990234375,2280.89990234375,2282.39990234375,146
2026-09-07 10:25:00+05:30,2281.5,2281.550048828125,2280.699951171875,2281.550048828125,12
2026-09-07 10:26:00+05:30,2281.550048828125,2281.60009765625,2280.5,2281.5,17
2026-09-07 10:27:00+05:30,2281.550048828125,2281.550048828125,2281.550048828125,2281.550048828125,4
2026-09-07 10:28:00+05:30,2280.0,2280.300048828125,2280.0,2280.300048828125,144
2026-09-07 10:29:00+05:30,2280.0,2280.550048828125,2280.0,2280.550048828125,66
2026-09-07 10:30:00+05:30,2278.89990234375,2280.050048828125,2278.39990234375,2280.050048828125,16
2026-09-07 10:31:00+05:30,2278.300048828125,2279.89990234375,2278.10009765625,2279.89990234375,24
2026-09-07 10:32:00+05:30,2280.10009765625,2280.10009765625,2278.14990234375,2279.800048828125,169
2026-09-07 10:33:00+05:30,2279.199951171875,2280.550048828125,2278.949951171875,2279.0,657
2026-09-07 10:34:00+05:30,2279.0,2280.0,2279.0,2280.0,45
2026-09-07 10:35:00+05:30,2280.0,2280.0,2279.050048828125,2279.89990234375,45
2026-09-07 10:36:00+05:30,2279.64990234375,2279.949951171875,2279.0,2279.949951171875,202
2026-09-07 10:37:00+05:30,2279.64990234375,2279.64990234375,2279.60009765625,2279.64990234375,4
2026-09-07 10:38:00+05:30,2279.89990234375,2279.89990234375,2279.89990234375,2279.89990234375,1
2026-09-07 10:39:00+05:30,2279.60009765625,2279.60009765625,2279.550048828125,2279.550048828125,4
2026-09-07 10:40:00+05:30,2279.60009765625,2279.60009765625,2279.550048828125,2279.60009765625,34
2026-09-07 10:41:00+05:30,2279.5,2279.550048828125,2279.5,2279.550048828125,5
2026-09-07 10:42:00+05:30,2280.699951171875,2280.699951171875,2279.0,2279.0,89
2026-09-07 10:43:00+05:30,2280.0,2281.35009765625,2280.0,2280.699951171875,14
2026-09-07 10:44:00+05:30,2279.699951171875,2280.199951171875,2279.699951171875,2280.0,28
2026-09-07 10:45:00+05:30,2280.0,2280.0,2279.75,2279.75,11
2026-09-07 10:46:00+05:30,2280.85009765625,2280.85009765625,2279.050048828125,2280.0,10
2026-09-07 10:47:00+05:30,2279.85009765625,2281.14990234375,2279.64990234375,2280.89990234375,132
2026-09-07 10:48:00+05:30,2281.39990234375,2281.60009765625,2280.300048828125,2281.60009765625,159
2026-09-07 10:49:00+05:30,2280.300048828125,2280.300048828125,2280.10009765625,2280.10009765625,6
2026-09-07 10:50:00+05:30,2280.050048828125,2280.10009765625,2280.0,2280.10009765625,48
2026-09-07 10:51:00+05:30,2281.39990234375,2281.39990234375,2281.39990234375,2281.39990234375,32
2026-09-07 10:52:00+05:30,2281.10009765625,2281.60009765625,2280.75,2281.39990234375,163
2026-09-07 10:53:00+05:30,2279.0,2281.300048828125,2279.0,2281.300048828125,133
2026-09-07 10:54:00+05:30,2279.25,2279.85009765625,2278.5,2279.699951171875,79
2026-09-07 10:55:00+05:30,2278.10009765625,2279.25,2278.10009765625,2279.25,21
2026-09-07 10:56:00+05:30,2279.550048828125,2279.550048828125,2278.199951171875,2278.199951171875,13
2026-09-07 10:57:00+05:30,2278.300048828125,2278.300048828125,2278.300048828125,2278.300048828125,4
2026-09-07 10:58:00+05:30,2280.050048828125,2280.050048828125,2279.0,2279.0,201
2026-09-07 10:59:00+05:30,2281.60009765625,2281.60009765625,2280.10009765625,2281.35009765625,82
2026-09-07 11:00:00+05:30,2278.14990234375,2281.5,2278.10009765625,2281.5,164
2026-09-07 11:01:00+05:30,2279.60009765625,2279.60009765625,2278.300048828125,2278.300048828125,47
2026-09-07 11:02:00+05:30,2278.39990234375,2278.39990234375,2276.75,2276.75,471
2026-09-07 11:03:00+05:30,2276.0,2278.39990234375,2276.0,2278.39990234375,10
2026-09-07 11:04:00+05:30,2276.800048828125,2278.300048828125,2276.0,2277.35009765625,454
2026-09-07 11:05:00+05:30,2276.800048828125,2276.800048828125,2276.75,2276.75,4
2026-09-07 11:06:00+05:30,2274.949951171875,2276.0,2274.949951171875,2276.0,768
2026-09-07 11:07:00+05:30,2275.0,2275.0,2274.0,2274.0,17
2026-09-07 11:08:00+05:30,2274.949951171875,2274.949951171875,2274.0,2274.0,4
2026-09-07 11:09:00+05:30,2273.10009765625,2274.699951171875,2273.0,2274.0,249
2026-09-07 11:10:00+05:30,2275.0,2275.0,2273.14990234375,2274.60009765625,30
2026-09-07 11:11:00+05:30,2275.0,2275.0,2274.75,2274.75,76
2026-09-07 11:12:00+05:30,2273.300048828125,2275.0,2273.300048828125,2275.0,21
2026-09-07 11:13:00+05:30,2273.449951171875,2274.800048828125,2273.449951171875,2273.64990234375,67
2026-09-07 11:14:00+05:30,2274.64990234375,2274.800048828125,2274.64990234375,2274.75,110
2026-09-07 11:15:00+05:30,2274.949951171875,2275.0,2274.0,2275.0,54
2026-09-07 11:16:00+05:30,2273.0,2274.89990234375,2273.0,2274.300048828125,301
2026-09-07 11:17:00+05:30,2273.35009765625,2274.25,2273.0,2273.0,21
2026-09-07 11:18:00+05:30,2274.75,2274.75,2274.75,2274.75,62
2026-09-07 11:19:00+05:30,2275.0,2275.0,2274.25,2274.25,37
2026-09-07 11:20:00+05:30,2275.699951171875,2275.699951171875,2275.0,2275.0,14
2026-09-07 11:21:00+05:30,2277.10009765625,2277.10009765625,2277.10009765625,2277.10009765625,55
2026-09-07 11:22:00+05:30,2276.39990234375,2277.10009765625,2275.699951171875,2277.10009765625,150
2026-09-07 11:23:00+05:30,2275.0,2275.550048828125,2275.0,2275.199951171875,257
2026-09-07 11:24:00+05:30,2274.0,2274.0,2274.0,2274.0,11
2026-09-07 11:25:00+05:30,2272.75,2274.0,2272.0,2274.0,1507
2026-09-07 11:26:00+05:30,2273.949951171875,2274.0,2272.050048828125,2272.75,249
2026-09-07 11:27:00+05:30,2273.5,2273.5,2273.5,2273.5,10
2026-09-07 11:28:00+05:30,2271.5,2273.5,2271.5,2273.5,451
2026-09-07 11:29:00+05:30,2272.800048828125,2272.89990234375,2272.800048828125,2272.89990234375,13
2026-09-07 11:30:00+05:30,2271.0,2271.0,2270.800048828125,2270.800048828125,48
2026-09-07 11:31:00+05:30,2272.0,2272.0,2271.14990234375,2271.14990234375,24
2026-09-07 11:32:00+05:30,2273.0,2273.0,2272.0,2272.0,53
2026-09-07 11:33:00+05:30,2272.949951171875,2273.14990234375,2272.949951171875,2272.949951171875,13
2026-09-07 11:34:00+05:30,2271.39990234375,2273.10009765625,2271.39990234375,2273.10009765625,205
2026-09-07 11:35:00+05:30,2273.35009765625,2273.35009765625,2273.0,2273.0,81
2026-09-07 11:36:00+05:30,2273.35009765625,2273.35009765625,2273.35009765625,2273.35009765625,10
2026-09-07 11:37:00+05:30,2273.35009765625,2274.199951171875,2272.699951171875,2274.199951171875,182
2026-09-07 11:38:00+05:30,2275.0,2275.0,2272.949951171875,2273.35009765625,130
2026-09-07 11:39:00+05:30,2274.85009765625,2275.0,2274.199951171875,2274.199951171875,20
2026-09-07 11:40:00+05:30,2274.60009765625,2274.800048828125,2274.60009765625,2274.800048828125,13
2026-09-07 11:41:00+05:30,2274.5,2274.75,2273.050048828125,2274.75,171
2026-09-07 11:42:00+05:30,2275.0,2275.0,2273.800048828125,2273.800048828125,52
2026-09-07 11:43:00+05:30,2276.0,2276.25,2274.25,2275.0,966
2026-09-07 11:44:00+05:30,2275.85009765625,2276.050048828125,2275.85009765625,2276.050048828125,80
2026-09-07 11:45:00+05:30,2274.949951171875,2276.85009765625,2274.949951171875,2276.85009765625,137
2026-09-07 11:46:00+05:30,2276.0,2276.199951171875,2276.0,2276.199951171875,6
2026-09-07 11:47:00+05:30,2275.5,2276.0,2275.0,2276.0,31
2026-09-07 11:48:00+05:30,2275.949951171875,2275.949951171875,2273.0,2274.0,143
2026-09-07 11:49:00+05:30,2275.89990234375,2275.89990234375,2274.75,2274.800048828125,16
2026-09-07 11:50:00+05:30,2275.199951171875,2275.199951171875,2274.10009765625,2274.10009765625,45
2026-09-07 11:51:00+05:30,2275.85009765625,2275.85009765625,2274.14990234375,2274.14990234375,10
2026-09-07 11:52:00+05:30,2274.10009765625,2275.35009765625,2274.10009765625,2275.35009765625,26
2026-09-07 11:53:00+05:30,2274.0,2274.10009765625,2274.0,2274.10009765625,51
2026-09-07 11:54:00+05:30,2271.39990234375,2272.699951171875,2271.39990234375,2272.699951171875,181
2026-09-07 11:55:00+05:30,2267.449951171875,2272.199951171875,2267.449951171875,2272.199951171875,1349
2026-09-07 11:56:00+05:30,2265.0,2266.14990234375,2264.39990234375,2266.0,278
2026-09-07 11:57:00+05:30,2265.5,2265.5,2264.050048828125,2264.050048828125,421
2026-09-07 11:58:00+05:30,2264.35009765625,2265.699951171875,2264.35009765625,2265.5,296
2026-09-07 11:59:00+05:30,2265.5,2266.0,2265.199951171875,2265.199951171875,64
2026-09-07 12:00:00+05:30,2265.39990234375,2265.5,2264.550048828125,2265.5,78
2026-09-07 12:01:00+05:30,2265.10009765625,2265.10009765625,2265.10009765625,2265.10009765625,10
2026-09-07 12:02:00+05:30,2265.0,2265.10009765625,2265.0,2265.10009765625,191
2026-09-07 12:03:00+05:30,2264.5,2265.10009765625,2264.5,2265.0,130
2026-09-07 12:04:00+05:30,2265.10009765625,2265.10009765625,2264.64990234375,2264.64990234375,520
2026-09-07 12:05:00+05:30,2266.25,2266.25,2264.300048828125,2264.949951171875,15214
2026-09-07 12:06:00+05:30,2270.0,2270.0,2269.949951171875,2270.0,24500
2026-09-07 12:07:00+05:30,2269.300048828125,2270.75,2268.89990234375,2269.300048828125,1822
2026-09-07 12:08:00+05:30,2268.800048828125,2269.5,2268.800048828125,2268.800048828125,7
2026-09-07 12:09:00+05:30,2269.85009765625,2269.85009765625,2269.25,2269.85009765625,38
2026-09-07 12:10:00+05:30,2270.89990234375,2270.89990234375,2269.10009765625,2269.800048828125,17
2026-09-07 12:11:00+05:30,2270.39990234375,2270.89990234375,2269.949951171875,2269.949951171875,50
2026-09-07 12:12:00+05:30,2269.800048828125,2269.800048828125,2269.300048828125,2269.300048828125,4
2026-09-07 12:13:00+05:30,2270.39990234375,2270.39990234375,2269.35009765625,2269.35009765625,29
2026-09-07 12:14:00+05:30,2274.25,2274.800048828125,2270.39990234375,2270.39990234375,6131
2026-09-07 12:15:00+05:30,2274.25,2275.35009765625,2273.85009765625,2273.85009765625,4084
2026-09-07 12:16:00+05:30,2273.10009765625,2275.0,2272.949951171875,2275.0,203
2026-09-07 12:17:00+05:30,2272.949951171875,2273.550048828125,2272.949951171875,2273.25,46
2026-09-07 12:18:00+05:30,2274.199951171875,2274.199951171875,2272.85009765625,2273.0,390
2026-09-07 12:19:00+05:30,2276.39990234375,2276.5,2272.5,2273.5,26
2026-09-07 12:20:00+05:30,2276.10009765625,2277.0,2275.050048828125,2277.0,721
2026-09-07 12:21:00+05:30,2274.64990234375,2276.300048828125,2274.64990234375,2276.300048828125,27
2026-09-07 12:22:00+05:30,2274.300048828125,2275.89990234375,2274.300048828125,2275.89990234375,12
2026-09-07 12:23:00+05:30,2274.5,2274.5,2273.39990234375,2274.5,47
2026-09-07 12:24:00+05:30,2275.199951171875,2275.199951171875,2275.199951171875,2275.199951171875,2
2026-09-07 12:25:00+05:30,2275.60009765625,2275.60009765625,2275.60009765625,2275.60009765625,1
2026-09-07 12:26:00+05:30,2275.60009765625,2275.60009765625,2275.60009765625,2275.60009765625,2
2026-09-07 12:28:00+05:30,2274.800048828125,2275.0,2274.800048828125,2275.0,9
2026-09-07 12:29:00+05:30,2274.800048828125,2274.800048828125,2274.550048828125,2274.550048828125,21
2026-09-07 12:30:00+05:30,2276.0,2276.0,2274.800048828125,2274.800048828125,384
2026-09-07 12:31:00+05:30,2276.300048828125,2276.449951171875,2275.699951171875,2275.699951171875,31
2026-09-07 12:32:00+05:30,2276.449951171875,2276.449951171875,2275.300048828125,2276.10009765625,66
2026-09-07 12:33:00+05:30,2276.949951171875,2276.949951171875,2276.449951171875,2276.449951171875,22
2026-09-07 12:34:00+05:30,2277.0,2278.0,2277.0,2278.0,55
2026-09-07 12:35:00+05:30,2277.0,2277.0,2276.25,2276.25,41
2026-09-07 12:36:00+05:30,2277.050048828125,2278.0,2277.0,2277.0,313
2026-09-07 12:37:00+05:30,2278.0,2278.0,2278.0,2278.0,9
2026-09-07 12:38:00+05:30,2277.0,2278.5,2277.0,2278.0,358
2026-09-07 12:39:00+05:30,2276.64990234375,2276.64990234375,2276.64990234375,2276.64990234375,5
2026-09-07 12:40:00+05:30,2278.0,2278.0,2276.050048828125,2276.050048828125,55
2026-09-07 12:41:00+05:30,2279.300048828125,2279.300048828125,2278.0,2278.0,14
2026-09-07 12:42:00+05:30,2278.10009765625,2278.10009765625,2278.10009765625,2278.10009765625,10
2026-09-07 12:43:00+05:30,2276.39990234375,2277.300048828125,2276.14990234375,2277.300048828125,22
2026-09-07 12:44:00+05:30,2277.0,2277.0,2277.0,2277.0,2
2026-09-07 12:45:00+05:30,2277.300048828125,2277.300048828125,2277.300048828125,2277.300048828125,3
2026-09-07 12:46:00+05:30,2277.949951171875,2278.0,2277.949951171875,2278.0,20
2026-09-07 12:47:00+05:30,2276.699951171875,2276.699951171875,2276.199951171875,2276.199951171875,68
2026-09-07 12:48:00+05:30,2276.699951171875,2276.699951171875,2276.699951171875,2276.699951171875,1
2026-09-07 12:49:00+05:30,2276.699951171875,2276.699951171875,2276.699951171875,2276.699951171875,10
2026-09-07 12:50:00+05:30,2274.89990234375,2277.0,2274.89990234375,2277.0,185
2026-09-07 12:51:00+05:30,2274.5,2275.5,2273.75,2275.5,206
2026-09-07 12:52:00+05:30,2274.5,2274.5,2274.5,2274.5,2
2026-09-07 12:53:00+05:30,2272.60009765625,2273.550048828125,2272.0,2273.550048828125,223
2026-09-07 12:54:00+05:30,2271.699951171875,2273.0,2271.699951171875,2273.0,32
2026-09-07 12:57:00+05:30,2271.5,2272.550048828125,2271.5,2271.699951171875,41
2026-09-07 12:58:00+05:30,2271.050048828125,2271.5,2271.050048828125,2271.5,24
2026-09-07 12:59:00+05:30,2272.0,2272.0,2272.0,2272.0,2
2026-09-07 13:00:00+05:30,2272.949951171875,2272.949951171875,2271.10009765625,2272.0,219
2026-09-07 13:01:00+05:30,2272.0,2272.0,2272.0,2272.0,5
2026-09-07 13:02:00+05:30,2271.10009765625,2272.0,2270.800048828125,2272.0,114
2026-09-07 13:03:00+05:30,2270.0,2270.5,2270.0,2270.14990234375,110
2026-09-07 13:04:00+05:30,2270.300048828125,2270.300048828125,2269.39990234375,2270.0,22
2026-09-07 13:05:00+05:30,2270.300048828125,2270.300048828125,2269.39990234375,2270.300048828125,6
2026-09-07 13:06:00+05:30,2270.0,2270.0,2269.35009765625,2269.35009765625,15
2026-09-07 13:07:00+05:30,2269.949951171875,2269.949951171875,2269.949951171875,2269.949951171875,1
2026-09-07 13:08:00+05:30,2271.699951171875,2271.699951171875,2269.35009765625,2269.5,226
2026-09-07 13:09:00+05:30,2270.199951171875,2270.199951171875,2269.800048828125,2269.800048828125,2
2026-09-07 13:10:00+05:30,2269.699951171875,2269.699951171875,2269.25,2269.25,92
2026-09-07 13:11:00+05:30,2269.699951171875,2270.10009765625,2269.300048828125,2270.10009765625,24
2026-09-07 13:12:00+05:30,2269.39990234375,2269.800048828125,2269.0,2269.699951171875,23
2026-09-07 13:13:00+05:30,2269.300048828125,2269.949951171875,2268.85009765625,2269.949951171875,63
2026-09-07 13:14:00+05:30,2269.800048828125,2269.800048828125,2269.0,2269.0,2
2026-09-07 13:15:00+05:30,2269.25,2270.89990234375,2269.25,2270.89990234375,6
2026-09-07 13:16:00+05:30,2270.199951171875,2270.5,2269.300048828125,2269.5,27
2026-09-07 13:17:00+05:30,2269.300048828125,2269.449951171875,2269.0,2269.0,87
2026-09-07 13:18:00+05:30,2269.449951171875,2269.449951171875,2268.300048828125,2268.300048828125,77
2026-09-07 13:19:00+05:30,2269.0,2269.0,2268.14990234375,2268.14990234375,23
2026-09-07 13:20:00+05:30,2269.300048828125,2270.60009765625,2269.300048828125,2269.300048828125,106
2026-09-07 13:21:00+05:30,2270.35009765625,2270.35009765625,2270.0,2270.0,4
2026-09-07 13:22:00+05:30,2268.949951171875,2269.800048828125,2268.949951171875,2269.800048828125,337
2026-09-07 13:23:00+05:30,2269.0,2269.0,2269.0,2269.0,150
2026-09-07 13:24:00+05:30,2266.85009765625,2270.39990234375,2266.85009765625,2269.800048828125,894
2026-09-07 13:25:00+05:30,2266.300048828125,2266.75,2266.0,2266.75,242
2026-09-07 13:26:00+05:30,2266.0,2266.300048828125,2265.0,2266.25,34
2026-09-07 13:27:00+05:30,2265.10009765625,2266.10009765625,2265.10009765625,2265.14990234375,27
2026-09-07 13:28:00+05:30,2265.0,2265.60009765625,2265.0,2265.60009765625,197
2026-09-07 13:29:00+05:30,2263.75,2265.0,2262.89990234375,2264.949951171875,375
2026-09-07 13:30:00+05:30,2263.25,2263.25,2261.60009765625,2262.0,86
2026-09-07 13:31:00+05:30,2261.39990234375,2263.10009765625,2261.199951171875,2262.89990234375,140
2026-09-07 13:32:00+05:30,2261.5,2262.10009765625,2261.5,2262.10009765625,18
2026-09-07 13:33:00+05:30,2261.0,2262.60009765625,2261.0,2261.5,129
2026-09-07 13:34:00+05:30,2260.300048828125,2261.800048828125,2260.300048828125,2261.800048828125,97
2026-09-07 13:35:00+05:30,2261.800048828125,2261.800048828125,2260.35009765625,2261.75,226
2026-09-07 13:36:00+05:30,2261.800048828125,2261.800048828125,2261.050048828125,2261.800048828125,51
2026-09-07 13:37:00+05:30,2263.300048828125,2263.300048828125,2261.800048828125,2261.800048828125,65
2026-09-07 13:38:00+05:30,2261.300048828125,2261.949951171875,2261.300048828125,2261.949951171875,26
2026-09-07 13:39:00+05:30,2262.0,2262.0,2261.199951171875,2262.0,22
2026-09-07 13:40:00+05:30,2262.300048828125,2262.300048828125,2261.300048828125,2262.0,47
2026-09-07 13:41:00+05:30,2262.89990234375,2262.89990234375,2262.050048828125,2262.050048828125,144
2026-09-07 13:42:00+05:30,2263.5,2263.5,2262.0,2263.449951171875,150
2026-09-07 13:43:00+05:30,2263.25,2263.25,2263.25,2263.25,4
2026-09-07 13:44:00+05:30,2262.89990234375,2263.800048828125,2262.89990234375,2263.25,88
2026-09-07 13:45:00+05:30,2263.89990234375,2263.89990234375,2262.35009765625,2262.949951171875,122
2026-09-07 13:46:00+05:30,2264.60009765625,2264.60009765625,2264.60009765625,2264.60009765625,12
2026-09-07 13:47:00+05:30,2263.25,2265.0,2263.25,2264.60009765625,156
2026-09-07 13:48:00+05:30,2263.050048828125,2264.85009765625,2263.050048828125,2263.800048828125,251
2026-09-07 13:49:00+05:30,2263.0,2264.0,2263.0,2263.550048828125,61
2026-09-07 13:50:00+05:30,2263.35009765625,2263.35009765625,2263.35009765625,2263.35009765625,15
2026-09-07 13:51:00+05:30,2262.25,2263.050048828125,2262.25,2263.050048828125,129
2026-09-07 13:52:00+05:30,2263.35009765625,2263.5,2263.35009765625,2263.39990234375,13
2026-09-07 13:53:00+05:30,2265.60009765625,2265.60009765625,2263.300048828125,2263.300048828125,20
2026-09-07 13:54:00+05:30,2265.5,2265.5,2264.39990234375,2265.0,116
2026-09-07 13:55:00+05:30,2264.89990234375,2265.5,2264.64990234375,2265.5,115
2026-09-07 13:56:00+05:30,2265.39990234375,2265.39990234375,2265.39990234375,2265.39990234375,1
2026-09-07 13:57:00+05:30,2265.10009765625,2266.0,2264.25,2265.39990234375,93
2026-09-07 13:58:00+05:30,2265.449951171875,2265.75,2265.39990234375,2265.75,61
2026-09-07 13:59:00+05:30,2264.89990234375,2264.89990234375,2264.0,2264.0,6
2026-09-07 14:00:00+05:30,2264.14990234375,2265.449951171875,2264.14990234375,2265.449951171875,16
2026-09-07 14:01:00+05:30,2266.0,2266.0,2265.449951171875,2265.449951171875,183
2026-09-07 14:02:00+05:30,2265.60009765625,2265.60009765625,2264.39990234375,2264.39990234375,22
2026-09-07 14:03:00+05:30,2265.85009765625,2265.85009765625,2264.60009765625,2265.0,115
2026-09-07 14:04:00+05:30,2265.60009765625,2265.60009765625,2264.800048828125,2264.800048828125,122
2026-09-07 14:05:00+05:30,2265.60009765625,2265.60009765625,2264.75,2264.75,4
2026-09-07 14:06:00+05:30,2264.75,2264.75,2264.75,2264.75,1
2026-09-07 14:07:00+05:30,2264.39990234375,2265.10009765625,2264.39990234375,2264.75,199
2026-09-07 14:08:00+05:30,2265.25,2265.75,2262.85009765625,2264.39990234375,147
2026-09-07 14:09:00+05:30,2265.199951171875,2265.199951171875,2265.199951171875,2265.199951171875,1
2026-09-07 14:10:00+05:30,2264.35009765625,2265.25,2264.35009765625,2265.199951171875,123
2026-09-07 14:11:00+05:30,2264.550048828125,2265.5,2264.550048828125,2264.800048828125,19
2026-09-07 14:12:00+05:30,2265.5,2265.5,2265.5,2265.5,5
2026-09-07 14:13:00+05:30,2265.85009765625,2265.85009765625,2265.85009765625,2265.85009765625,40
2026-09-07 14:14:00+05:30,2264.75,2264.75,2264.75,2264.75,1
2026-09-07 14:15:00+05:30,2264.35009765625,2265.0,2264.35009765625,2265.0,114
2026-09-07 14:16:00+05:30,2265.64990234375,2265.64990234375,2264.5,2265.0,122
2026-09-07 14:17:00+05:30,2264.25,2265.300048828125,2263.5,2265.300048828125,109
2026-09-07 14:18:00+05:30,2264.199951171875,2264.199951171875,2263.0,2264.14990234375,61
2026-09-07 14:19:00+05:30,2263.60009765625,2263.60009765625,2263.60009765625,2263.60009765625,10
2026-09-07 14:20:00+05:30,2264.300048828125,2265.85009765625,2264.300048828125,2265.85009765625,40
2026-09-07 14:21:00+05:30,2265.39990234375,2265.39990234375,2264.35009765625,2265.39990234375,70
2026-09-07 14:22:00+05:30,2265.0,2265.64990234375,2265.0,2265.64990234375,18
2026-09-07 14:23:00+05:30,2265.449951171875,2265.449951171875,2265.0,2265.0,8
2026-09-07 14:24:00+05:30,2265.85009765625,2265.85009765625,2264.699951171875,2264.699951171875,14
2026-09-07 14:26:00+05:30,2265.85009765625,2265.89990234375,2264.89990234375,2264.89990234375,27
2026-09-07 14:27:00+05:30,2265.0,2265.5,2265.0,2265.5,1507
2026-09-07 14:28:00+05:30,2265.39990234375,2265.39990234375,2265.0,2265.0,17
2026-09-07 14:29:00+05:30,2265.5,2265.89990234375,2264.550048828125,2265.39990234375,147
2026-09-07 14:30:00+05:30,2265.5,2265.5,2264.5,2265.0,117
2026-09-07 14:31:00+05:30,2265.85009765625,2265.89990234375,2265.85009765625,2265.89990234375,40
2026-09-07 14:32:00+05:30,2264.75,2265.5,2264.75,2265.5,42
2026-09-07 14:33:00+05:30,2264.5,2265.85009765625,2264.5,2265.85009765625,158
2026-09-07 14:34:00+05:30,2264.89990234375,2264.89990234375,2263.699951171875,2264.5,275
2026-09-07 14:35:00+05:30,2265.35009765625,2265.35009765625,2265.0,2265.0,9
2026-09-07 14:36:00+05:30,2265.35009765625,2265.35009765625,2265.35009765625,2265.35009765625,100
2026-09-07 14:37:00+05:30,2265.449951171875,2265.449951171875,2264.199951171875,2265.0,132
2026-09-07 14:38:00+05:30,2265.300048828125,2265.449951171875,2264.800048828125,2265.0,27
2026-09-07 14:39:00+05:30,2264.550048828125,2265.449951171875,2264.550048828125,2264.550048828125,19
2026-09-07 14:40:00+05:30,2265.300048828125,2265.300048828125,2263.300048828125,2265.0,229
2026-09-07 14:41:00+05:30,2264.85009765625,2265.25,2264.85009765625,2265.25,26
2026-09-07 14:42:00+05:30,2264.64990234375,2264.64990234375,2264.64990234375,2264.64990234375,1
2026-09-07 14:43:00+05:30,2264.60009765625,2264.60009765625,2263.5,2264.60009765625,45
2026-09-07 14:44:00+05:30,2264.0,2264.14990234375,2263.25,2264.050048828125,16
2026-09-07 14:45:00+05:30,2263.25,2264.050048828125,2263.25,2263.39990234375,70
2026-09-07 14:46:00+05:30,2264.550048828125,2264.60009765625,2263.800048828125,2263.800048828125,58
2026-09-07 14:47:00+05:30,2264.699951171875,2265.0,2264.699951171875,2264.89990234375,26
2026-09-07 14:48:00+05:30,2265.449951171875,2265.449951171875,2263.85009765625,2263.85009765625,81
2026-09-07 14:49:00+05:30,2264.75,2265.449951171875,2264.64990234375,2265.0,133
2026-09-07 14:50:00+05:30,2265.699951171875,2265.699951171875,2264.699951171875,2264.85009765625,107
2026-09-07 14:51:00+05:30,2264.699951171875,2265.14990234375,2264.699951171875,2264.800048828125,149
2026-09-07 14:52:00+05:30,2264.89990234375,2264.89990234375,2264.35009765625,2264.89990234375,152
2026-09-07 14:53:00+05:30,2265.449951171875,2265.449951171875,2264.89990234375,2264.89990234375,40
2026-09-07 14:54:00+05:30,2265.5,2266.0,2264.64990234375,2265.0,285
2026-09-07 14:55:00+05:30,2265.25,2265.5,2264.64990234375,2264.75,47
2026-09-07 14:56:00+05:30,2264.64990234375,2264.75,2264.64990234375,2264.75,18
2026-09-07 14:57:00+05:30,2265.25,2265.25,2264.89990234375,2265.25,27
2026-09-07 14:58:00+05:30,2265.25,2265.25,2264.0,2264.0,157
2026-09-07 14:59:00+05:30,2265.550048828125,2265.89990234375,2264.39990234375,2265.25,465
2026-09-07 15:00:00+05:30,2264.800048828125,2265.0,2264.10009765625,2265.0,133
2026-09-07 15:01:00+05:30,2265.0,2265.699951171875,2265.0,2265.0,517
2026-09-07 15:02:00+05:30,2265.64990234375,2265.64990234375,2264.39990234375,2265.0,641
2026-09-07 15:03:00+05:30,2264.0,2265.39990234375,2263.60009765625,2265.39990234375,174
2026-09-07 15:04:00+05:30,2262.35009765625,2263.949951171875,2262.35009765625,2262.550048828125,209
2026-09-07 15:05:00+05:30,2262.800048828125,2262.800048828125,2262.25,2262.39990234375,239
2026-09-07 15:06:00+05:30,2262.0,2262.35009765625,2261.050048828125,2262.35009765625,606
2026-09-07 15:07:00+05:30,2262.800048828125,2263.949951171875,2262.449951171875,2263.75,11
2026-09-07 15:08:00+05:30,2262.550048828125,2264.0,2262.5,2262.75,104
2026-09-07 15:09:00+05:30,2263.800048828125,2264.0,2262.199951171875,2264.0,1330
2026-09-07 15:10:00+05:30,2264.10009765625,2264.10009765625,2261.550048828125,2263.550048828125,1126
2026-09-07 15:11:00+05:30,2271.949951171875,2271.949951171875,2261.75,2263.949951171875,929
2026-09-07 15:12:00+05:30,2272.800048828125,2272.800048828125,2270.0,2271.949951171875,1078
2026-09-07 15:13:00+05:30,2271.10009765625,2271.199951171875,2270.60009765625,2271.10009765625,139
2026-09-07 15:14:00+05:30,2274.0,2274.0,2271.800048828125,2271.89990234375,71
2026-09-07 15:28:00+05:30,2271.39990234375,2271.39990234375,2271.39990234375,2271.39990234375,436
2026-09-08 09:15:00+05:30,2263.5,2271.0,2260.800048828125,2271.0,2498
2026-09-08 09:16:00+05:30,2248.75,2263.39990234375,2245.0,2263.39990234375,4483
2026-09-08 09:17:00+05:30,2246.5,2249.5,2244.5,2248.0,3751
2026-09-08 09:18:00+05:30,2247.0,2250.0,2245.300048828125,2246.199951171875,695
2026-09-08 09:19:00+05:30,2250.0,2251.300048828125,2247.050048828125,2247.050048828125,646
2026-09-08 09:20:00+05:30,2252.0,2252.0,2249.89990234375,2249.89990234375,801
2026-09-08 09:21:00+05:30,2252.0,2253.550048828125,2251.0,2252.0,251
2026-09-08 09:22:00+05:30,2259.0,2259.0,2251.10009765625,2251.10009765625,911
2026-09-08 09:23:00+05:30,2252.25,2258.550048828125,2252.25,2257.300048828125,533
2026-09-08 09:24:00+05:30,2252.800048828125,2253.550048828125,2251.35009765625,2253.449951171875,395
2026-09-08 09:25:00+05:30,2257.14990234375,2257.14990234375,2251.14990234375,2252.39990234375,1476
2026-09-08 09:26:00+05:30,2256.25,2258.39990234375,2256.10009765625,2256.10009765625,580
2026-09-08 09:27:00+05:30,2253.0,2258.85009765625,2253.0,2256.199951171875,460
2026-09-08 09:28:00+05:30,2251.75,2254.199951171875,2250.949951171875,2253.25,1013
2026-09-08 09:29:00+05:30,2250.64990234375,2253.85009765625,2250.60009765625,2251.699951171875,657
2026-09-08 09:30:00+05:30,2252.0,2252.5,2250.60009765625,2252.199951171875,114
2026-09-08 09:31:00+05:30,2252.5,2253.300048828125,2250.800048828125,2251.699951171875,205
2026-09-08 09:32:00+05:30,2253.39990234375,2253.5,2252.0,2253.300048828125,595
2026-09-08 09:33:00+05:30,2253.0,2253.39990234375,2251.64990234375,2251.85009765625,359
2026-09-08 09:34:00+05:30,2255.800048828125,2255.800048828125,2252.199951171875,2253.0,638
2026-09-08 09:35:00+05:30,2257.199951171875,2257.199951171875,2253.60009765625,2253.60009765625,1023
2026-09-08 09:36:00+05:30,2258.14990234375,2260.0,2257.0,2257.14990234375,922
2026-09-08 09:37:00+05:30,2264.949951171875,2264.949951171875,2257.0,2257.0,538
2026-09-08 09:38:00+05:30,2262.5,2264.35009765625,2261.300048828125,2262.800048828125,804
2026-09-08 09:39:00+05:30,2262.64990234375,2263.25,2260.89990234375,2263.25,715
2026-09-08 09:40:00+05:30,2263.5,2263.5,2260.85009765625,2263.300048828125,500
2026-09-08 09:41:00+05:30,2264.699951171875,2266.0,2264.35009765625,2264.449951171875,595
2026-09-08 09:42:00+05:30,2261.449951171875,2266.0,2261.449951171875,2266.0,401
2026-09-08 09:43:00+05:30,2260.699951171875,2262.699951171875,2260.0,2262.699951171875,168
2026-09-08 09:44:00+05:30,2262.050048828125,2262.050048828125,2258.5,2260.699951171875,981
2026-09-08 09:45:00+05:30,2260.89990234375,2261.550048828125,2260.89990234375,2261.25,213
2026-09-08 09:46:00+05:30,2262.550048828125,2263.10009765625,2262.0,2262.0,227
2026-09-08 09:47:00+05:30,2264.0,2265.25,2262.199951171875,2262.199951171875,362
2026-09-08 09:48:00+05:30,2265.60009765625,2265.64990234375,2263.300048828125,2263.300048828125,167
2026-09-08 09:49:00+05:30,2267.0,2267.85009765625,2264.75,2264.75,946
2026-09-08 09:50:00+05:30,2266.10009765625,2267.0,2266.10009765625,2267.0,276
2026-09-08 09:51:00+05:30,2265.699951171875,2266.5,2264.300048828125,2266.5,386
2026-09-08 09:52:00+05:30,2263.35009765625,2265.699951171875,2263.35009765625,2265.0,180
2026-09-08 09:53:00+05:30,2264.449951171875,2264.550048828125,2262.75,2264.550048828125,121
2026-09-08 09:54:00+05:30,2261.699951171875,2264.5,2261.699951171875,2263.5,593
2026-09-08 09:55:00+05:30,2260.0,2263.0,2260.0,2263.0,116
2026-09-08 09:56:00+05:30,2259.699951171875,2260.5,2258.300048828125,2260.5,227
2026-09-08 09:57:00+05:30,2259.39990234375,2261.300048828125,2258.25,2258.85009765625,201693
2026-09-08 09:58:00+05:30,2257.39990234375,2260.89990234375,2255.5,2260.89990234375,925
2026-09-08 09:59:00+05:30,2259.39990234375,2259.39990234375,2257.0,2257.60009765625,392
2026-09-08 10:00:00+05:30,2259.89990234375,2261.0,2258.64990234375,2259.35009765625,598
2026-09-08 10:01:00+05:30,2259.64990234375,2259.64990234375,2258.550048828125,2259.64990234375,237
2026-09-08 10:02:00+05:30,2258.39990234375,2259.75,2258.39990234375,2259.64990234375,65
2026-09-08 10:03:00+05:30,2259.949951171875,2260.0,2258.0,2259.39990234375,112
2026-09-08 10:04:00+05:30,2260.800048828125,2261.050048828125,2258.85009765625,2258.85009765625,190
2026-09-08 10:05:00+05:30,2262.5,2262.75,2259.949951171875,2260.0,174
2026-09-08 10:06:00+05:30,2262.949951171875,2263.0,2261.550048828125,2261.64990234375,2576
2026-09-08 10:07:00+05:30,2268.0,2268.0,2262.14990234375,2263.0,758
2026-09-08 10:08:00+05:30,2270.050048828125,2270.89990234375,2267.39990234375,2269.0,529
2026-09-08 10:09:00+05:30,2269.199951171875,2270.0,2269.199951171875,2270.0,159
2026-09-08 10:10:00+05:30,2269.0,2271.0,2269.0,2270.0,536
2026-09-08 10:11:00+05:30,2267.39990234375,2269.39990234375,2267.0,2269.39990234375,83
2026-09-08 10:12:00+05:30,2267.5,2268.25,2266.550048828125,2267.949951171875,458
2026-09-08 10:13:00+05:30,2268.35009765625,2269.10009765625,2267.10009765625,2267.10009765625,93
2026-09-08 10:14:00+05:30,2267.89990234375,2268.699951171875,2266.199951171875,2268.300048828125,534
2026-09-08 10:15:00+05:30,2269.5,2269.5,2267.89990234375,2267.89990234375,695
2026-09-08 10:16:00+05:30,2271.0,2272.60009765625,2268.5,2268.5,1083
2026-09-08 10:17:00+05:30,2271.89990234375,2273.0,2270.949951171875,2272.050048828125,161
2026-09-08 10:18:00+05:30,2268.89990234375,2272.199951171875,2268.89990234375,2271.949951171875,154
2026-09-08 10:19:00+05:30,2270.050048828125,2271.75,2269.14990234375,2269.199951171875,1120
2026-09-08 10:20:00+05:30,2270.10009765625,2271.0,2270.10009765625,2271.0,21
2026-09-08 10:21:00+05:30,2270.0,2270.0,2270.0,2270.0,128
2026-09-08 10:22:00+05:30,2270.0,2270.75,2270.0,2270.050048828125,33
2026-09-08 10:23:00+05:30,2268.550048828125,2269.60009765625,2267.550048828125,2269.60009765625,287
2026-09-08 10:24:00+05:30,2268.39990234375,2268.39990234375,2267.39990234375,2268.39990234375,92
2026-09-08 10:25:00+05:30,2266.89990234375,2268.39990234375,2266.89990234375,2267.800048828125,128
2026-09-08 10:26:00+05:30,2267.699951171875,2267.800048828125,2265.800048828125,2266.89990234375,458
2026-09-08 10:27:00+05:30,2266.550048828125,2268.14990234375,2266.25,2267.0,46
2026-09-08 10:28:00+05:30,2267.25,2267.800048828125,2266.39990234375,2267.800048828125,225
2026-09-08 10:29:00+05:30,2266.75,2267.10009765625,2265.800048828125,2266.0,57
2026-09-08 10:30:00+05:30,2265.800048828125,2266.550048828125,2265.449951171875,2265.449951171875,154
2026-09-08 10:31:00+05:30,2264.0,2265.800048828125,2264.0,2265.800048828125,306
2026-09-08 10:32:00+05:30,2262.949951171875,2264.60009765625,2261.64990234375,2263.75,893
2026-09-08 10:33:00+05:30,2262.699951171875,2262.699951171875,2261.050048828125,2261.050048828125,199
2026-09-08 10:34:00+05:30,2262.89990234375,2262.89990234375,2261.5,2262.64990234375,59
2026-09-08 10:35:00+05:30,2261.75,2262.75,2261.0,2262.5,139
2026-09-08 10:36:00+05:30,2261.699951171875,2261.949951171875,2261.699951171875,2261.800048828125,32
2026-09-08 10:37:00+05:30,2260.0,2261.0,2260.0,2261.0,96
2026-09-08 10:38:00+05:30,2259.89990234375,2260.550048828125,2258.85009765625,2260.0,362
2026-09-08 10:39:00+05:30,2258.39990234375,2259.64990234375,2258.39990234375,2259.0,179
2026-09-08 10:40:00+05:30,2259.0,2259.39990234375,2258.5,2258.5,34
2026-09-08 10:41:00+05:30,2259.89990234375,2259.89990234375,2258.14990234375,2258.64990234375,218
2026-09-08 10:42:00+05:30,2260.14990234375,2260.85009765625,2259.050048828125,2260.14990234375,338
2026-09-08 10:43:00+05:30,2257.550048828125,2260.14990234375,2257.5,2259.35009765625,750
2026-09-08 10:44:00+05:30,2258.39990234375,2258.85009765625,2257.5,2258.85009765625,188
2026-09-08 10:45:00+05:30,2258.89990234375,2259.60009765625,2258.85009765625,2259.35009765625,159
2026-09-08 10:46:00+05:30,2260.5,2261.050048828125,2259.949951171875,2260.0,409
2026-09-08 10:47:00+05:30,2260.10009765625,2260.5,2259.25,2260.5,25
2026-09-08 10:48:00+05:30,2260.39990234375,2260.39990234375,2260.0,2260.0,221
2026-09-08 10:49:00+05:30,2261.699951171875,2261.699951171875,2260.0,2260.39990234375,506
2026-09-08 10:50:00+05:30,2261.699951171875,2261.699951171875,2260.449951171875,2261.64990234375,471
2026-09-08 10:51:00+05:30,2260.89990234375,2262.14990234375,2260.89990234375,2261.699951171875,118
2026-09-08 10:52:00+05:30,2259.050048828125,2261.60009765625,2259.050048828125,2261.550048828125,42
2026-09-08 10:53:00+05:30,2260.0,2260.25,2259.0,2259.0,225
2026-09-08 10:54:00+05:30,2260.60009765625,2261.949951171875,2260.050048828125,2260.050048828125,44
2026-09-08 10:55:00+05:30,2260.60009765625,2261.800048828125,2259.550048828125,2260.0,126
2026-09-08 10:56:00+05:30,2260.75,2261.300048828125,2260.0,2260.60009765625,150
2026-09-08 10:57:00+05:30,2259.85009765625,2260.5,2259.550048828125,2260.5,38
2026-09-08 10:58:00+05:30,2258.0,2259.800048828125,2258.0,2259.800048828125,70
2026-09-08 10:59:00+05:30,2259.199951171875,2259.199951171875,2257.39990234375,2257.39990234375,88
2026-09-08 11:00:00+05:30,2258.10009765625,2259.14990234375,2258.0,2259.14990234375,16
2026-09-08 11:01:00+05:30,2258.449951171875,2258.449951171875,2256.300048828125,2258.10009765625,159
2026-09-08 11:02:00+05:30,2258.550048828125,2258.64990234375,2257.14990234375,2258.64990234375,335
2026-09-08 11:03:00+05:30,2259.949951171875,2259.949951171875,2258.35009765625,2258.35009765625,13
2026-09-08 11:04:00+05:30,2259.949951171875,2259.949951171875,2258.5,2259.0,13
2026-09-08 11:05:00+05:30,2259.39990234375,2259.60009765625,2258.60009765625,2259.39990234375,6
2026-09-08 11:06:00+05:30,2259.949951171875,2259.949951171875,2259.39990234375,2259.39990234375,38
2026-09-08 11:07:00+05:30,2259.949951171875,2259.949951171875,2259.0,2259.0,87
2026-09-08 11:08:00+05:30,2261.949951171875,2261.949951171875,2259.949951171875,2259.949951171875,71
2026-09-08 11:09:00+05:30,2261.89990234375,2262.550048828125,2260.39990234375,2260.85009765625,226
2026-09-08 11:10:00+05:30,2261.39990234375,2262.0,2260.300048828125,2262.0,51
2026-09-08 11:11:00+05:30,2259.0,2261.35009765625,2259.0,2261.35009765625,116
2026-09-08 11:12:00+05:30,2258.0,2259.800048828125,2258.0,2259.800048828125,72
2026-09-08 11:13:00+05:30,2257.800048828125,2258.75,2257.39990234375,2258.75,65
2026-09-08 11:14:00+05:30,2259.800048828125,2260.050048828125,2258.85009765625,2260.050048828125,38
2026-09-08 11:15:00+05:30,2257.800048828125,2259.800048828125,2257.800048828125,2259.800048828125,46
2026-09-08 11:16:00+05:30,2258.199951171875,2258.5,2257.800048828125,2257.800048828125,133
2026-09-08 11:17:00+05:30,2257.800048828125,2258.5,2257.199951171875,2257.199951171875,92
2026-09-08 11:18:00+05:30,2257.050048828125,2257.199951171875,2257.050048828125,2257.199951171875,11
2026-09-08 11:19:00+05:30,2258.39990234375,2258.5,2257.25,2257.800048828125,60
2026-09-08 11:20:00+05:30,2257.39990234375,2258.39990234375,2257.0,2258.39990234375,138
2026-09-08 11:21:00+05:30,2257.10009765625,2258.0,2256.699951171875,2258.0,317
2026-09-08 11:22:00+05:30,2257.14990234375,2257.199951171875,2256.0,2256.0,104
2026-09-08 11:23:00+05:30,2260.0,2260.0,2256.300048828125,2256.300048828125,73
2026-09-08 11:24:00+05:30,2258.5,2259.300048828125,2258.25,2258.5,15
2026-09-08 11:25:00+05:30,2260.5,2260.5,2258.5,2259.300048828125,81
2026-09-08 11:26:00+05:30,2259.699951171875,2260.64990234375,2259.699951171875,2260.64990234375,9
2026-09-08 11:27:00+05:30,2259.35009765625,2259.39990234375,2258.300048828125,2259.39990234375,25
2026-09-08 11:28:00+05:30,2261.550048828125,2261.550048828125,2259.050048828125,2259.39990234375,129
2026-09-08 11:29:00+05:30,2261.10009765625,2262.14990234375,2260.300048828125,2260.300048828125,55
2026-09-08 11:30:00+05:30,2259.75,2260.800048828125,2259.199951171875,2260.800048828125,52
2026-09-08 11:31:00+05:30,2261.0,2261.25,2259.35009765625,2261.25,47
2026-09-08 11:32:00+05:30,2259.800048828125,2261.0,2259.800048828125,2261.0,66
2026-09-08 11:33:00+05:30,2260.25,2260.25,2258.0,2259.35009765625,46
2026-09-08 11:34:00+05:30,2261.5,2262.5,2260.0,2260.0,79
2026-09-08 11:35:00+05:30,2263.10009765625,2263.5,2261.949951171875,2262.199951171875,201
2026-09-08 11:36:00+05:30,2263.0,2263.0,2262.0,2262.0,88
2026-09-08 11:37:00+05:30,2265.0,2265.0,2263.0,2263.0,657
2026-09-08 11:38:00+05:30,2266.550048828125,2266.949951171875,2265.5,2266.0,207
2026-09-08 11:39:00+05:30,2265.050048828125,2266.89990234375,2265.050048828125,2266.0,216
2026-09-08 11:40:00+05:30,2269.0,2269.85009765625,2268.0,2268.0,265
2026-09-08 11:41:00+05:30,2270.0,2270.0,2268.050048828125,2268.050048828125,622
2026-09-08 11:42:00+05:30,2272.0,2272.0,2271.0,2271.0,278
2026-09-08 11:43:00+05:30,2271.050048828125,2272.699951171875,2270.0,2272.64990234375,218
2026-09-08 11:44:00+05:30,2270.0,2270.949951171875,2270.0,2270.39990234375,96
2026-09-08 11:45:00+05:30,2272.0,2272.0,2270.800048828125,2271.0,292
2026-09-08 11:46:00+05:30,2270.699951171875,2272.60009765625,2270.699951171875,2272.0,287
2026-09-08 11:47:00+05:30,2270.0,2271.949951171875,2270.0,2271.89990234375,267
2026-09-08 11:48:00+05:30,2270.0,2271.300048828125,2270.0,2271.300048828125,62
2026-09-08 11:49:00+05:30,2270.0,2270.949951171875,2270.0,2270.800048828125,81
2026-09-08 11:50:00+05:30,2270.0,2270.5,2270.0,2270.5,96
2026-09-08 11:51:00+05:30,2271.050048828125,2271.050048828125,2269.14990234375,2269.85009765625,200
2026-09-08 11:52:00+05:30,2269.89990234375,2271.5,2269.85009765625,2271.5,63
2026-09-08 11:53:00+05:30,2270.89990234375,2270.89990234375,2269.64990234375,2270.050048828125,117
2026-09-08 11:54:00+05:30,2270.0,2270.5,2269.89990234375,2269.89990234375,54
2026-09-08 11:55:00+05:30,2270.39990234375,2270.39990234375,2270.0,2270.0,10
2026-09-08 11:56:00+05:30,2270.10009765625,2270.300048828125,2270.10009765625,2270.300048828125,13
2026-09-08 11:57:00+05:30,2270.89990234375,2270.89990234375,2270.10009765625,2270.10009765625,69
2026-09-08 11:58:00+05:30,2271.89990234375,2271.89990234375,2270.89990234375,2270.89990234375,496
2026-09-08 11:59:00+05:30,2271.64990234375,2272.0,2270.89990234375,2271.89990234375,53
2026-09-08 12:00:00+05:30,2270.0,2271.5,2270.0,2271.5,59
2026-09-08 12:01:00+05:30,2268.800048828125,2270.300048828125,2268.800048828125,2270.300048828125,137
2026-09-08 12:02:00+05:30,2269.39990234375,2270.25,2269.39990234375,2270.0,102
2026-09-08 12:03:00+05:30,2270.25,2270.25,2268.85009765625,2269.39990234375,137
2026-09-08 12:04:00+05:30,2269.5,2270.14990234375,2268.85009765625,2269.5,53
2026-09-08 12:05:00+05:30,2265.75,2268.0,2265.5,2268.0,160
2026-09-08 12:06:00+05:30,2267.0,2267.10009765625,2265.85009765625,2267.10009765625,30
2026-09-08 12:07:00+05:30,2266.64990234375,2267.050048828125,2265.85009765625,2267.050048828125,18
2026-09-08 12:08:00+05:30,2266.800048828125,2266.800048828125,2265.449951171875,2265.85009765625,53
2026-09-08 12:09:00+05:30,2267.050048828125,2267.050048828125,2265.85009765625,2266.0,248
2026-09-08 12:10:00+05:30,2267.0,2267.0,2266.0,2267.0,7
2026-09-08 12:11:00+05:30,2266.0,2267.050048828125,2266.0,2267.050048828125,251
2026-09-08 12:12:00+05:30,2268.39990234375,2268.75,2266.0,2266.0,903
2026-09-08 12:13:00+05:30,2265.199951171875,2268.39990234375,2265.199951171875,2268.39990234375,82
2026-09-08 12:14:00+05:30,2265.699951171875,2266.5,2265.050048828125,2265.199951171875,114
2026-09-08 12:15:00+05:30,2265.050048828125,2265.5,2265.050048828125,2265.5,20
2026-09-08 12:16:00+05:30,2267.0,2267.0,2265.0,2265.449951171875,599
2026-09-08 12:17:00+05:30,2268.5,2269.050048828125,2267.699951171875,2268.449951171875,41
2026-09-08 12:18:00+05:30,2268.39990234375,2269.199951171875,2268.39990234375,2268.39990234375,39
2026-09-08 12:19:00+05:30,2268.10009765625,2269.25,2268.10009765625,2268.35009765625,87
2026-09-08 12:20:00+05:30,2269.0,2269.0,2269.0,2269.0,21
2026-09-08 12:21:00+05:30,2268.199951171875,2268.949951171875,2268.199951171875,2268.949951171875,48
2026-09-08 12:22:00+05:30,2269.85009765625,2270.0,2268.89990234375,2268.949951171875,84
2026-09-08 12:23:00+05:30,2270.25,2270.25,2268.300048828125,2269.64990234375,632
2026-09-08 12:24:00+05:30,2271.85009765625,2271.949951171875,2271.0,2271.0,7
2026-09-08 12:25:00+05:30,2271.949951171875,2271.949951171875,2271.10009765625,2271.10009765625,16
2026-09-08 12:26:00+05:30,2270.0,2271.85009765625,2270.0,2271.85009765625,102
2026-09-08 12:27:00+05:30,2270.25,2270.85009765625,2269.25,2269.35009765625,1051
2026-09-08 12:28:00+05:30,2270.85009765625,2270.85009765625,2269.64990234375,2270.10009765625,91
2026-09-08 12:29:00+05:30,2269.699951171875,2270.85009765625,2269.699951171875,2270.85009765625,10
2026-09-08 12:30:00+05:30,2270.5,2271.199951171875,2270.25,2271.14990234375,40
2026-09-08 12:31:00+05:30,2271.0,2271.0,2270.60009765625,2270.60009765625,89
2026-09-08 12:32:00+05:30,2271.89990234375,2272.0,2269.699951171875,2269.699951171875,86
2026-09-08 12:33:00+05:30,2270.85009765625,2271.60009765625,2270.699951171875,2270.699951171875,12
2026-09-08 12:34:00+05:30,2270.89990234375,2270.89990234375,2270.89990234375,2270.89990234375,11
2026-09-08 12:35:00+05:30,2271.199951171875,2271.35009765625,2271.199951171875,2271.35009765625,3
2026-09-08 12:36:00+05:30,2271.0,2271.449951171875,2271.0,2271.199951171875,54
2026-09-08 12:37:00+05:30,2271.0,2272.0,2271.0,2271.0,329
2026-09-08 12:38:00+05:30,2271.60009765625,2272.0,2270.449951171875,2272.0,242
2026-09-08 12:39:00+05:30,2271.300048828125,2271.550048828125,2270.39990234375,2271.550048828125,195
2026-09-08 12:40:00+05:30,2270.199951171875,2271.25,2269.85009765625,2271.25,104
2026-09-08 12:41:00+05:30,2270.25,2270.39990234375,2269.949951171875,2270.199951171875,34
2026-09-08 12:42:00+05:30,2269.0,2269.89990234375,2269.0,2269.050048828125,38
2026-09-08 12:43:00+05:30,2269.39990234375,2269.64990234375,2267.10009765625,2269.64990234375,84
2026-09-08 12:44:00+05:30,2268.89990234375,2269.75,2268.300048828125,2269.0,70
2026-09-08 12:45:00+05:30,2268.800048828125,2268.949951171875,2267.64990234375,2268.050048828125,50
2026-09-08 12:46:00+05:30,2268.199951171875,2268.800048828125,2268.199951171875,2268.800048828125,125
2026-09-08 12:47:00+05:30,2268.75,2268.800048828125,2267.699951171875,2268.199951171875,40
2026-09-08 12:48:00+05:30,2268.199951171875,2268.800048828125,2267.300048828125,2268.800048828125,17
2026-09-08 12:49:00+05:30,2269.5,2270.800048828125,2267.0,2267.0,1440
2026-09-08 12:50:00+05:30,2269.5,2270.39990234375,2269.0,2270.39990234375,23
2026-09-08 12:51:00+05:30,2268.5,2269.85009765625,2268.5,2269.0,41
2026-09-08 12:52:00+05:30,2267.85009765625,2268.75,2267.10009765625,2268.60009765625,107
2026-09-08 12:53:00+05:30,2268.64990234375,2269.449951171875,2267.550048828125,2267.550048828125,43
2026-09-08 12:54:00+05:30,2268.199951171875,2269.199951171875,2266.35009765625,2268.89990234375,950
2026-09-08 12:55:00+05:30,2268.5,2268.60009765625,2268.14990234375,2268.199951171875,44
2026-09-08 12:56:00+05:30,2268.5,2269.14990234375,2268.300048828125,2268.300048828125,212
2026-09-08 12:57:00+05:30,2268.0,2268.5,2268.0,2268.199951171875,28
2026-09-08 12:58:00+05:30,2267.25,2268.75,2267.25,2268.75,65
2026-09-08 12:59:00+05:30,2268.10009765625,2268.300048828125,2267.10009765625,2268.050048828125,11
2026-09-08 13:00:00+05:30,2268.300048828125,2269.300048828125,2268.10009765625,2268.10009765625,56
2026-09-08 13:01:00+05:30,2268.60009765625,2270.0,2268.300048828125,2270.0,887
2026-09-08 13:02:00+05:30,2268.5,2269.10009765625,2267.550048828125,2269.10009765625,38
2026-09-08 13:03:00+05:30,2267.550048828125,2269.050048828125,2267.550048828125,2269.050048828125,105
2026-09-08 13:04:00+05:30,2268.050048828125,2268.75,2266.75,2268.75,66
2026-09-08 13:05:00+05:30,2267.300048828125,2268.5,2267.300048828125,2268.5,509
2026-09-08 13:06:00+05:30,2268.0,2269.75,2268.0,2269.75,577
2026-09-08 13:07:00+05:30,2268.699951171875,2268.85009765625,2268.39990234375,2268.39990234375,63
2026-09-08 13:08:00+05:30,2268.60009765625,2268.85009765625,2267.949951171875,2267.949951171875,35
2026-09-08 13:09:00+05:30,2270.0,2270.0,2268.050048828125,2268.60009765625,187
2026-09-08 13:10:00+05:30,2270.949951171875,2270.949951171875,2270.0,2270.0,50
2026-09-08 13:11:00+05:30,2270.050048828125,2271.0,2270.050048828125,2271.0,71
2026-09-08 13:12:00+05:30,2270.699951171875,2270.949951171875,2269.85009765625,2269.85009765625,49
2026-09-08 13:13:00+05:30,2271.0,2271.0,2270.699951171875,2270.699951171875,55
2026-09-08 13:14:00+05:30,2271.0,2271.0,2270.39990234375,2271.0,13
2026-09-08 13:15:00+05:30,2271.5,2271.5,2270.89990234375,2271.0,248
2026-09-08 13:16:00+05:30,2271.39990234375,2271.39990234375,2271.0,2271.10009765625,72
2026-09-08 13:17:00+05:30,2271.300048828125,2271.5,2271.300048828125,2271.39990234375,30
2026-09-08 13:18:00+05:30,2271.39990234375,2272.0,2270.050048828125,2270.050048828125,289
2026-09-08 13:19:00+05:30,2273.800048828125,2275.0,2272.550048828125,2272.550048828125,760
2026-09-08 13:20:00+05:30,2273.39990234375,2274.800048828125,2272.60009765625,2274.699951171875,104
2026-09-08 13:21:00+05:30,2272.75,2273.14990234375,2271.5,2273.14990234375,232
2026-09-08 13:22:00+05:30,2272.60009765625,2272.699951171875,2271.25,2272.699951171875,122
2026-09-08 13:24:00+05:30,2273.0,2273.0,2270.949951171875,2271.0,151
2026-09-08 13:25:00+05:30,2270.89990234375,2272.89990234375,2270.89990234375,2271.949951171875,276
2026-09-08 13:26:00+05:30,2272.050048828125,2272.699951171875,2272.050048828125,2272.699951171875,46
2026-09-08 13:27:00+05:30,2270.449951171875,2271.39990234375,2270.449951171875,2271.199951171875,39
2026-09-08 13:28:00+05:30,2270.699951171875,2271.5,2270.699951171875,2271.5,18
2026-09-08 13:29:00+05:30,2271.0,2271.5,2271.0,2271.0,36
2026-09-08 13:30:00+05:30,2270.60009765625,2271.449951171875,2270.199951171875,2270.199951171875,63
2026-09-08 13:31:00+05:30,2271.300048828125,2271.64990234375,2271.300048828125,2271.449951171875,41
2026-09-08 13:32:00+05:30,2271.0,2271.5,2271.0,2271.5,3
2026-09-08 13:33:00+05:30,2271.60009765625,2271.60009765625,2270.35009765625,2271.199951171875,139
2026-09-08 13:34:00+05:30,2270.75,2271.60009765625,2270.75,2271.60009765625,23
2026-09-08 13:35:00+05:30,2271.800048828125,2271.800048828125,2270.14990234375,2270.14990234375,126
2026-09-08 13:36:00+05:30,2271.800048828125,2271.800048828125,2271.800048828125,2271.800048828125,5
2026-09-08 13:37:00+05:30,2271.60009765625,2271.60009765625,2270.39990234375,2270.75,20
2026-09-08 13:38:00+05:30,2270.0,2271.449951171875,2270.0,2271.449951171875,207
2026-09-08 13:39:00+05:30,2269.0,2270.85009765625,2268.0,2270.85009765625,495
2026-09-08 13:40:00+05:30,2270.39990234375,2270.89990234375,2269.0,2269.0,137
2026-09-08 13:41:00+05:30,2269.449951171875,2270.199951171875,2268.300048828125,2270.199951171875,44
2026-09-08 13:42:00+05:30,2269.5,2269.5,2269.5,2269.5,160
2026-09-08 13:43:00+05:30,2270.89990234375,2270.89990234375,2270.199951171875,2270.199951171875,62
2026-09-08 13:44:00+05:30,2269.5,2269.5,2269.5,2269.5,3
2026-09-08 13:45:00+05:30,2269.050048828125,2270.75,2269.0,2269.60009765625,217
2026-09-08 13:46:00+05:30,2271.699951171875,2271.699951171875,2269.550048828125,2269.550048828125,62
2026-09-08 13:47:00+05:30,2271.0,2271.0,2271.0,2271.0,2
2026-09-08 13:48:00+05:30,2271.0,2271.5,2271.0,2271.0,90
2026-09-08 13:49:00+05:30,2269.64990234375,2270.949951171875,2269.64990234375,2269.64990234375,134
2026-09-08 13:50:00+05:30,2269.5,2270.89990234375,2268.5,2269.699951171875,350
2026-09-08 13:51:00+05:30,2266.89990234375,2269.0,2266.89990234375,2269.0,65
2026-09-08 13:52:00+05:30,2269.0,2269.050048828125,2268.050048828125,2268.300048828125,165
2026-09-08 13:53:00+05:30,2268.75,2268.75,2268.75,2268.75,3
2026-09-08 13:54:00+05:30,2269.0,2269.050048828125,2267.60009765625,2267.60009765625,38
2026-09-08 13:55:00+05:30,2269.0,2269.0,2268.199951171875,2268.800048828125,8
2026-09-08 13:56:00+05:30,2268.949951171875,2268.949951171875,2268.0,2268.949951171875,21
2026-09-08 13:57:00+05:30,2270.60009765625,2270.60009765625,2268.85009765625,2268.85009765625,41
2026-09-08 13:58:00+05:30,2269.699951171875,2269.699951171875,2269.64990234375,2269.64990234375,8
2026-09-08 13:59:00+05:30,2269.699951171875,2269.699951171875,2268.449951171875,2269.699951171875,331
2026-09-08 14:00:00+05:30,2269.800048828125,2269.800048828125,2268.699951171875,2268.949951171875,371
2026-09-08 14:01:00+05:30,2269.699951171875,2269.949951171875,2269.699951171875,2269.949951171875,34
2026-09-08 14:02:00+05:30,2266.550048828125,2269.5,2266.550048828125,2269.5,282
2026-09-08 14:03:00+05:30,2268.64990234375,2269.60009765625,2267.5,2267.5,32
2026-09-08 14:04:00+05:30,2269.25,2269.699951171875,2268.0,2268.0,40
2026-09-08 14:05:00+05:30,2269.699951171875,2269.699951171875,2268.60009765625,2268.60009765625,57
2026-09-08 14:06:00+05:30,2270.60009765625,2270.60009765625,2269.699951171875,2269.699951171875,48
2026-09-08 14:07:00+05:30,2269.10009765625,2270.050048828125,2268.35009765625,2270.050048828125,604
2026-09-08 14:08:00+05:30,2268.199951171875,2268.39990234375,2268.0,2268.39990234375,60
2026-09-08 14:09:00+05:30,2267.199951171875,2268.199951171875,2266.949951171875,2268.199951171875,56
2026-09-08 14:10:00+05:30,2267.699951171875,2267.949951171875,2266.25,2267.199951171875,227
2026-09-08 14:11:00+05:30,2267.85009765625,2268.199951171875,2266.89990234375,2267.699951171875,59
2026-09-08 14:12:00+05:30,2268.75,2268.75,2268.699951171875,2268.699951171875,27
2026-09-08 14:13:00+05:30,2268.699951171875,2268.699951171875,2268.0,2268.0,22
2026-09-08 14:14:00+05:30,2268.5,2268.699951171875,2267.550048828125,2268.699951171875,77
2026-09-08 14:15:00+05:30,2268.5,2268.5,2267.449951171875,2268.35009765625,21
2026-09-08 14:16:00+05:30,2269.10009765625,2269.14990234375,2268.5,2268.5,28
2026-09-08 14:17:00+05:30,2268.89990234375,2269.050048828125,2268.10009765625,2268.199951171875,20
2026-09-08 14:18:00+05:30,2267.60009765625,2268.64990234375,2267.14990234375,2268.64990234375,75
2026-09-08 14:19:00+05:30,2266.800048828125,2267.85009765625,2266.550048828125,2267.85009765625,61
2026-09-08 14:20:00+05:30,2266.25,2267.5,2266.25,2267.0,274
2026-09-08 14:21:00+05:30,2266.60009765625,2266.60009765625,2266.60009765625,2266.60009765625,13
2026-09-08 14:22:00+05:30,2267.300048828125,2267.89990234375,2266.25,2266.25,834
2026-09-08 14:23:00+05:30,2267.300048828125,2267.39990234375,2266.5,2266.5,69
2026-09-08 14:24:00+05:30,2266.300048828125,2267.449951171875,2266.10009765625,2267.449951171875,61
2026-09-08 14:25:00+05:30,2266.5,2267.050048828125,2266.10009765625,2266.10009765625,187
2026-09-08 14:26:00+05:30,2265.199951171875,2266.550048828125,2265.0,2266.550048828125,593
2026-09-08 14:27:00+05:30,2264.14990234375,2266.050048828125,2264.14990234375,2265.0,282
2026-09-08 14:28:00+05:30,2265.050048828125,2267.0,2265.0,2265.0,1542
2026-09-08 14:29:00+05:30,2266.300048828125,2266.35009765625,2265.35009765625,2265.35009765625,34
2026-09-08 14:30:00+05:30,2266.10009765625,2267.050048828125,2265.550048828125,2267.050048828125,24
2026-09-08 14:31:00+05:30,2266.35009765625,2266.35009765625,2265.300048828125,2266.10009765625,22
2026-09-08 14:32:00+05:30,2265.0,2266.35009765625,2265.0,2266.35009765625,115
2026-09-08 14:33:00+05:30,2265.60009765625,2265.85009765625,2265.050048828125,2265.050048828125,15
2026-09-08 14:34:00+05:30,2265.89990234375,2265.89990234375,2264.550048828125,2265.60009765625,369
2026-09-08 14:35:00+05:30,2265.199951171875,2265.85009765625,2264.550048828125,2265.85009765625,104
2026-09-08 14:36:00+05:30,2264.60009765625,2264.699951171875,2263.449951171875,2263.449951171875,741
2026-09-08 14:37:00+05:30,2264.85009765625,2264.949951171875,2264.0,2264.449951171875,44
2026-09-08 14:38:00+05:30,2264.5,2265.300048828125,2264.0,2265.10009765625,205
2026-09-08 14:39:00+05:30,2264.0,2264.0,2263.0,2263.0,18
2026-09-08 14:40:00+05:30,2263.199951171875,2264.0,2263.199951171875,2264.0,17
2026-09-08 14:41:00+05:30,2263.89990234375,2263.89990234375,2263.89990234375,2263.89990234375,10
2026-09-08 14:42:00+05:30,2264.300048828125,2264.300048828125,2263.199951171875,2263.199951171875,45
2026-09-08 14:43:00+05:30,2264.25,2264.300048828125,2263.35009765625,2263.35009765625,73
2026-09-08 14:44:00+05:30,2264.0,2264.35009765625,2263.300048828125,2264.25,19
2026-09-08 14:45:00+05:30,2263.5,2264.35009765625,2263.5,2264.35009765625,49
2026-09-08 14:46:00+05:30,2263.050048828125,2264.0,2262.0,2263.89990234375,626
2026-09-08 14:47:00+05:30,2263.5,2263.800048828125,2262.39990234375,2263.5,445
2026-09-08 14:48:00+05:30,2263.699951171875,2263.800048828125,2262.800048828125,2263.5,72
2026-09-08 14:49:00+05:30,2263.10009765625,2263.699951171875,2262.050048828125,2263.699951171875,118
2026-09-08 14:50:00+05:30,2263.199951171875,2264.14990234375,2263.0,2263.35009765625,189
2026-09-08 14:51:00+05:30,2263.949951171875,2264.0,2263.050048828125,2263.050048828125,13
2026-09-08 14:52:00+05:30,2263.0,2263.0,2263.0,2263.0,24
2026-09-08 14:53:00+05:30,2264.449951171875,2264.449951171875,2263.0,2264.0,121
2026-09-08 14:54:00+05:30,2264.25,2264.35009765625,2263.300048828125,2264.35009765625,14
2026-09-08 14:55:00+05:30,2264.10009765625,2264.35009765625,2263.25,2263.949951171875,79
2026-09-08 14:56:00+05:30,2263.300048828125,2264.0,2263.25,2264.0,130
2026-09-08 14:57:00+05:30,2263.60009765625,2263.800048828125,2263.25,2263.800048828125,54
2026-09-08 14:58:00+05:30,2262.60009765625,2263.0,2262.0,2263.0,92
2026-09-08 14:59:00+05:30,2262.39990234375,2262.60009765625,2262.050048828125,2262.60009765625,18
2026-09-08 15:00:00+05:30,2262.25,2262.39990234375,2262.0,2262.39990234375,1835
2026-09-08 15:01:00+05:30,2262.5,2262.5,2262.0,2262.0,718
2026-09-08 15:02:00+05:30,2262.0,2263.0,2262.0,2262.5,378
2026-09-08 15:03:00+05:30,2260.699951171875,2262.300048828125,2260.449951171875,2262.199951171875,902
2026-09-08 15:04:00+05:30,2261.0,2261.60009765625,2260.0,2261.14990234375,2717
2026-09-08 15:05:00+05:30,2261.0,2262.800048828125,2260.0,2260.60009765625,417
2026-09-08 15:06:00+05:30,2261.199951171875,2262.0,2260.050048828125,2261.550048828125,260
2026-09-08 15:07:00+05:30,2260.0,2261.199951171875,2260.0,2261.199951171875,331
2026-09-08 15:08:00+05:30,2261.10009765625,2261.10009765625,2260.0,2260.199951171875,176
2026-09-08 15:09:00+05:30,2261.199951171875,2261.199951171875,2260.0,2260.0,286
2026-09-08 15:10:00+05:30,2262.449951171875,2263.0,2260.5,2260.5,256
2026-09-08 15:11:00+05:30,2261.0,2263.300048828125,2261.0,2263.0,143
2026-09-08 15:12:00+05:30,2263.0,2264.0,2261.0,2261.5,1058
2026-09-08 15:13:00+05:30,2260.85009765625,2264.5,2260.449951171875,2264.5,334
2026-09-08 15:14:00+05:30,2262.949951171875,2264.25,2260.0,2262.85009765625,187
2026-09-08 15:28:00+05:30,2260.0,2260.0,2260.0,2260.0,805
2026-09-09 09:15:00+05:30,2206.050048828125,2233.0,2206.050048828125,2233.0,8426
2026-09-09 09:16:00+05:30,2206.449951171875,2213.25,2199.60009765625,2210.39990234375,6637
2026-09-09 09:17:00+05:30,2214.449951171875,2216.699951171875,2208.5,2209.0,1927
2026-09-09 09:18:00+05:30,2216.449951171875,2221.5,2215.89990234375,2216.800048828125,1458
2026-09-09 09:19:00+05:30,2208.75,2218.449951171875,2208.699951171875,2218.449951171875,4960
2026-09-09 09:20:00+05:30,2207.449951171875,2209.89990234375,2203.0,2209.89990234375,2452
2026-09-09 09:21:00+05:30,2209.0,2211.550048828125,2206.0,2206.85009765625,1300
2026-09-09 09:22:00+05:30,2211.0,2213.050048828125,2208.5,2209.89990234375,1877
2026-09-09 09:23:00+05:30,2210.75,2211.25,2207.0,2210.050048828125,2389
2026-09-09 09:24:00+05:30,2208.199951171875,2210.449951171875,2206.10009765625,2210.449951171875,1754
2026-09-09 09:25:00+05:30,2202.800048828125,2208.89990234375,2202.0,2208.89990234375,2390
2026-09-09 09:26:00+05:30,2202.89990234375,2204.75,2201.0,2202.39990234375,3215
2026-09-09 09:27:00+05:30,2200.699951171875,2203.10009765625,2200.0,2202.5,4771
2026-09-09 09:28:00+05:30,2198.25,2201.64990234375,2198.0,2201.35009765625,3019
2026-09-09 09:29:00+05:30,2196.949951171875,2198.300048828125,2195.0,2198.25,3241
2026-09-09 09:30:00+05:30,2198.35009765625,2201.0,2196.0,2196.85009765625,1160
2026-09-09 09:31:00+05:30,2199.35009765625,2202.949951171875,2198.050048828125,2198.050048828125,1371
2026-09-09 09:32:00+05:30,2198.949951171875,2201.0,2197.300048828125,2198.199951171875,746
2026-09-09 09:33:00+05:30,2198.60009765625,2199.85009765625,2196.89990234375,2199.85009765625,759
2026-09-09 09:34:00+05:30,2201.25,2201.5,2197.050048828125,2197.949951171875,540
2026-09-09 09:35:00+05:30,2200.0,2200.39990234375,2198.0,2200.39990234375,1191
2026-09-09 09:36:00+05:30,2203.10009765625,2203.14990234375,2199.0,2199.949951171875,693
2026-09-09 09:37:00+05:30,2207.39990234375,2208.949951171875,2201.5,2201.5,1876
2026-09-09 09:38:00+05:30,2208.800048828125,2209.0,2204.89990234375,2208.39990234375,1183
2026-09-09 09:39:00+05:30,2207.0,2208.85009765625,2205.75,2208.800048828125,613
2026-09-09 09:40:00+05:30,2207.0,2207.64990234375,2205.050048828125,2206.39990234375,435
2026-09-09 09:41:00+05:30,2206.300048828125,2207.699951171875,2205.300048828125,2207.14990234375,525
2026-09-09 09:42:00+05:30,2207.0,2207.14990234375,2205.0,2205.0,263
2026-09-09 09:43:00+05:30,2209.949951171875,2211.699951171875,2206.0,2207.0,1254
2026-09-09 09:44:00+05:30,2209.39990234375,2210.0,2207.050048828125,2208.949951171875,572
2026-09-09 09:45:00+05:30,2203.800048828125,2209.300048828125,2201.85009765625,2208.199951171875,3681
2026-09-09 09:46:00+05:30,2199.449951171875,2203.800048828125,2198.0,2202.800048828125,2035
2026-09-09 09:47:00+05:30,2195.0,2200.10009765625,2194.0,2199.0,2913
2026-09-09 09:48:00+05:30,2198.60009765625,2199.300048828125,2194.0,2195.699951171875,695
2026-09-09 09:49:00+05:30,2198.64990234375,2199.800048828125,2197.800048828125,2199.14990234375,794
2026-09-09 09:50:00+05:30,2200.699951171875,2202.0,2198.050048828125,2198.800048828125,7068
2026-09-09 09:51:00+05:30,2199.449951171875,2200.85009765625,2199.449951171875,2200.0,515
2026-09-09 09:52:00+05:30,2202.60009765625,2203.800048828125,2199.25,2199.25,2241
2026-09-09 09:53:00+05:30,2204.800048828125,2205.949951171875,2202.39990234375,2202.800048828125,402
2026-09-09 09:54:00+05:30,2203.199951171875,2204.949951171875,2202.5,2204.949951171875,221
2026-09-09 09:55:00+05:30,2201.800048828125,2203.199951171875,2201.050048828125,2203.199951171875,430
2026-09-09 09:56:00+05:30,2202.199951171875,2202.300048828125,2200.89990234375,2202.300048828125,458
2026-09-09 09:57:00+05:30,2203.0,2203.550048828125,2200.60009765625,2200.60009765625,1499
2026-09-09 09:58:00+05:30,2205.60009765625,2205.60009765625,2203.10009765625,2203.64990234375,677
2026-09-09 09:59:00+05:30,2203.25,2205.300048828125,2202.300048828125,2205.300048828125,298
2026-09-09 10:00:00+05:30,2203.25,2203.35009765625,2202.300048828125,2203.25,181
2026-09-09 10:01:00+05:30,2202.89990234375,2204.25,2202.0,2202.0,1248
2026-09-09 10:02:00+05:30,2202.449951171875,2204.14990234375,2201.800048828125,2201.800048828125,662
2026-09-09 10:03:00+05:30,2203.0,2203.89990234375,2201.14990234375,2203.64990234375,517
2026-09-09 10:04:00+05:30,2204.0,2204.14990234375,2202.64990234375,2203.199951171875,792
2026-09-09 10:05:00+05:30,2203.949951171875,2204.0,2202.75,2203.949951171875,298
2026-09-09 10:06:00+05:30,2203.949951171875,2204.949951171875,2203.0,2204.0,313
2026-09-09 10:07:00+05:30,2203.0,2203.949951171875,2202.75,2203.89990234375,390
2026-09-09 10:08:00+05:30,2203.300048828125,2203.85009765625,2202.0,2203.85009765625,285
2026-09-09 10:09:00+05:30,2204.5,2206.0,2202.800048828125,2203.300048828125,3990
2026-09-09 10:10:00+05:30,2205.0,2205.89990234375,2203.5,2204.949951171875,172
2026-09-09 10:11:00+05:30,2205.39990234375,2205.949951171875,2204.39990234375,2204.89990234375,418
2026-09-09 10:12:00+05:30,2204.89990234375,2205.5,2204.0,2205.39990234375,379
2026-09-09 10:13:00+05:30,2207.550048828125,2207.699951171875,2204.050048828125,2204.75,409
2026-09-09 10:14:00+05:30,2206.050048828125,2207.0,2205.0,2207.0,289
2026-09-09 10:15:00+05:30,2206.35009765625,2207.14990234375,2205.10009765625,2205.10009765625,266
2026-09-09 10:16:00+05:30,2206.949951171875,2207.0,2205.0,2206.35009765625,171
2026-09-09 10:17:00+05:30,2208.0,2208.0,2205.60009765625,2206.85009765625,400
2026-09-09 10:18:00+05:30,2207.0,2209.300048828125,2205.5,2208.0,207
2026-09-09 10:19:00+05:30,2206.39990234375,2207.699951171875,2205.25,2206.89990234375,327
2026-09-09 10:20:00+05:30,2207.949951171875,2208.699951171875,2206.050048828125,2207.0,438
2026-09-09 10:21:00+05:30,2208.0,2208.25,2207.0,2207.800048828125,130
2026-09-09 10:22:00+05:30,2206.60009765625,2208.0,2206.0,2208.0,157
2026-09-09 10:23:00+05:30,2207.949951171875,2207.949951171875,2205.0,2206.5,151
2026-09-09 10:24:00+05:30,2209.14990234375,2209.89990234375,2206.64990234375,2208.25,791
2026-09-09 10:25:00+05:30,2208.39990234375,2209.14990234375,2207.300048828125,2208.89990234375,232
2026-09-09 10:26:00+05:30,2210.75,2211.0,2208.14990234375,2208.949951171875,408
2026-09-09 10:27:00+05:30,2209.25,2211.0,2209.25,2210.75,867
2026-09-09 10:28:00+05:30,2207.89990234375,2210.10009765625,2207.0,2210.050048828125,487
2026-09-09 10:29:00+05:30,2208.050048828125,2208.800048828125,2205.60009765625,2207.0,1399
2026-09-09 10:30:00+05:30,2207.14990234375,2208.10009765625,2206.10009765625,2208.10009765625,755
2026-09-09 10:31:00+05:30,2206.050048828125,2206.75,2205.0,2206.0,213
2026-09-09 10:32:00+05:30,2206.39990234375,2206.39990234375,2205.0,2206.25,218
2026-09-09 10:33:00+05:30,2206.10009765625,2206.39990234375,2205.5,2205.60009765625,172
2026-09-09 10:34:00+05:30,2206.14990234375,2206.39990234375,2205.0,2206.10009765625,132
2026-09-09 10:35:00+05:30,2204.5,2206.14990234375,2204.5,2206.14990234375,604
2026-09-09 10:36:00+05:30,2204.0,2205.75,2204.0,2205.550048828125,569
2026-09-09 10:37:00+05:30,2204.89990234375,2205.39990234375,2204.25,2205.35009765625,133
2026-09-09 10:38:00+05:30,2203.39990234375,2205.949951171875,2203.39990234375,2204.89990234375,777
2026-09-09 10:39:00+05:30,2203.25,2203.89990234375,2202.449951171875,2202.5,1292
2026-09-09 10:40:00+05:30,2201.800048828125,2203.39990234375,2201.0,2203.39990234375,915
2026-09-09 10:41:00+05:30,2197.800048828125,2202.699951171875,2194.5,2202.0,4731
2026-09-09 10:42:00+05:30,2198.5,2198.5,2195.050048828125,2197.800048828125,1171
2026-09-09 10:43:00+05:30,2200.0,2201.949951171875,2197.300048828125,2197.449951171875,336
2026-09-09 10:44:00+05:30,2201.800048828125,2202.0,2200.0,2201.050048828125,461
2026-09-09 10:45:00+05:30,2200.550048828125,2201.300048828125,2199.60009765625,2201.050048828125,875
2026-09-09 10:46:00+05:30,2200.949951171875,2201.89990234375,2200.050048828125,2200.5,420
2026-09-09 10:47:00+05:30,2200.75,2201.64990234375,2200.0,2200.0,730
2026-09-09 10:48:00+05:30,2201.39990234375,2201.89990234375,2200.0,2200.0,724
2026-09-09 10:49:00+05:30,2201.800048828125,2201.800048828125,2200.64990234375,2201.10009765625,251
2026-09-09 10:50:00+05:30,2199.14990234375,2201.800048828125,2198.199951171875,2201.800048828125,768
2026-09-09 10:51:00+05:30,2199.85009765625,2200.0,2198.199951171875,2199.14990234375,138
2026-09-09 10:52:00+05:30,2200.0,2200.300048828125,2199.10009765625,2200.0,178
2026-09-09 10:53:00+05:30,2199.300048828125,2201.0,2199.050048828125,2200.300048828125,729
2026-09-09 10:54:00+05:30,2198.60009765625,2201.0,2198.60009765625,2200.550048828125,583
2026-09-09 10:55:00+05:30,2199.64990234375,2199.89990234375,2198.35009765625,2199.5,237
2026-09-09 10:56:00+05:30,2200.14990234375,2200.75,2199.39990234375,2200.75,142
2026-09-09 10:57:00+05:30,2199.300048828125,2200.14990234375,2199.0,2200.0,355
2026-09-09 10:58:00+05:30,2200.699951171875,2200.699951171875,2199.949951171875,2200.10009765625,62
2026-09-09 10:59:00+05:30,2201.10009765625,2201.14990234375,2200.0,2200.699951171875,180
2026-09-09 11:00:00+05:30,2200.800048828125,2201.10009765625,2200.0,2201.10009765625,128
2026-09-09 11:01:00+05:30,2201.0,2201.949951171875,2200.0,2200.800048828125,584
2026-09-09 11:02:00+05:30,2201.64990234375,2201.64990234375,2201.050048828125,2201.050048828125,323
2026-09-09 11:03:00+05:30,2201.25,2201.949951171875,2200.89990234375,2201.25,271
2026-09-09 11:04:00+05:30,2200.85009765625,2201.25,2200.0,2201.14990234375,147
2026-09-09 11:05:00+05:30,2200.5,2201.199951171875,2200.0,2200.75,109
2026-09-09 11:06:00+05:30,2200.300048828125,2200.699951171875,2199.39990234375,2200.699951171875,328
2026-09-09 11:07:00+05:30,2201.39990234375,2201.949951171875,2200.0,2200.14990234375,216
2026-09-09 11:08:00+05:30,2200.300048828125,2201.39990234375,2199.5,2201.39990234375,257
2026-09-09 11:09:00+05:30,2201.0,2201.60009765625,2199.5,2199.5,64
2026-09-09 11:10:00+05:30,2198.60009765625,2201.0,2198.60009765625,2201.0,568
2026-09-09 11:11:00+05:30,2199.5,2199.85009765625,2198.25,2199.39990234375,149
2026-09-09 11:12:00+05:30,2201.0,2201.550048828125,2199.25,2199.5,89
2026-09-09 11:13:00+05:30,2199.0,2201.35009765625,2198.5,2201.35009765625,708
2026-09-09 11:14:00+05:30,2198.300048828125,2200.0,2198.300048828125,2199.75,269
2026-09-09 11:15:00+05:30,2199.85009765625,2199.89990234375,2198.449951171875,2199.25,141
2026-09-09 11:16:00+05:30,2199.89990234375,2199.949951171875,2199.300048828125,2199.85009765625,98
2026-09-09 11:17:00+05:30,2198.800048828125,2199.89990234375,2198.0,2199.89990234375,772
2026-09-09 11:18:00+05:30,2198.0,2199.35009765625,2198.0,2199.35009765625,185
2026-09-09 11:19:00+05:30,2199.300048828125,2199.300048828125,2197.25,2198.800048828125,418
2026-09-09 11:20:00+05:30,2198.0,2199.949951171875,2198.0,2199.39990234375,1620
2026-09-09 11:21:00+05:30,2197.60009765625,2198.0,2196.85009765625,2197.10009765625,156
2026-09-09 11:22:00+05:30,2197.25,2197.800048828125,2197.0,2197.60009765625,121
2026-09-09 11:23:00+05:30,2196.800048828125,2197.050048828125,2196.0,2196.0,236
2026-09-09 11:24:00+05:30,2197.0,2197.0,2196.10009765625,2196.10009765625,127
2026-09-09 11:25:00+05:30,2196.64990234375,2197.0,2195.0,2196.0,1804
2026-09-09 11:26:00+05:30,2196.35009765625,2196.85009765625,2195.25,2196.85009765625,177
2026-09-09 11:27:00+05:30,2196.60009765625,2196.949951171875,2195.300048828125,2195.300048828125,92
2026-09-09 11:28:00+05:30,2196.5,2196.89990234375,2195.60009765625,2196.60009765625,122
2026-09-09 11:29:00+05:30,2197.25,2197.25,2195.699951171875,2195.699951171875,270
2026-09-09 11:30:00+05:30,2196.449951171875,2197.5,2195.699951171875,2197.25,263
2026-09-09 11:31:00+05:30,2196.0,2197.199951171875,2195.050048828125,2195.050048828125,286
2026-09-09 11:32:00+05:30,2195.449951171875,2196.0,2194.0,2196.0,1427
2026-09-09 11:33:00+05:30,2194.64990234375,2195.60009765625,2194.0,2195.449951171875,933
2026-09-09 11:34:00+05:30,2194.0,2195.300048828125,2194.0,2195.300048828125,251
2026-09-09 11:35:00+05:30,2195.39990234375,2195.60009765625,2194.0,2194.0,185
2026-09-09 11:36:00+05:30,2195.5,2196.199951171875,2195.050048828125,2195.5,460
2026-09-09 11:37:00+05:30,2195.0,2195.800048828125,2194.800048828125,2195.699951171875,471
2026-09-09 11:38:00+05:30,2195.5,2196.14990234375,2195.0,2195.75,384
2026-09-09 11:39:00+05:30,2196.699951171875,2196.699951171875,2194.35009765625,2195.5,676
2026-09-09 11:40:00+05:30,2198.60009765625,2198.60009765625,2195.800048828125,2197.199951171875,1473
2026-09-09 11:41:00+05:30,2200.0,2200.0,2197.60009765625,2197.800048828125,203
2026-09-09 11:42:00+05:30,2200.39990234375,2200.39990234375,2199.10009765625,2199.89990234375,1388
2026-09-09 11:43:00+05:30,2201.699951171875,2203.0,2199.550048828125,2199.550048828125,721
2026-09-09 11:44:00+05:30,2203.0,2203.60009765625,2202.199951171875,2203.0,261
2026-09-09 11:45:00+05:30,2202.85009765625,2203.0,2202.0,2203.0,95
2026-09-09 11:46:00+05:30,2206.75,2206.75,2202.800048828125,2202.800048828125,859
2026-09-09 11:47:00+05:30,2208.25,2209.550048828125,2207.0,2207.0,325
2026-09-09 11:48:00+05:30,2206.10009765625,2208.0,2205.0,2208.0,320
2026-09-09 11:49:00+05:30,2205.0,2206.550048828125,2205.0,2206.050048828125,216
2026-09-09 11:50:00+05:30,2204.800048828125,2205.35009765625,2204.10009765625,2205.0,124
2026-09-09 11:51:00+05:30,2204.5,2204.800048828125,2204.10009765625,2204.800048828125,229
2026-09-09 11:52:00+05:30,2203.949951171875,2204.449951171875,2202.75,2204.449951171875,253
2026-09-09 11:53:00+05:30,2204.0,2204.0,2203.199951171875,2203.85009765625,88
2026-09-09 11:54:00+05:30,2203.85009765625,2204.0,2203.199951171875,2203.949951171875,95
2026-09-09 11:55:00+05:30,2202.0,2203.85009765625,2202.0,2203.85009765625,53
2026-09-09 11:56:00+05:30,2202.75,2202.800048828125,2202.0,2202.0,114
2026-09-09 11:57:00+05:30,2202.64990234375,2202.64990234375,2202.0,2202.0,103
2026-09-09 11:58:00+05:30,2202.0,2202.75,2202.0,2202.64990234375,207
2026-09-09 11:59:00+05:30,2201.75,2201.949951171875,2201.0,2201.699951171875,30
2026-09-09 12:00:00+05:30,2200.89990234375,2201.39990234375,2200.10009765625,2201.10009765625,416
2026-09-09 12:01:00+05:30,2201.10009765625,2201.10009765625,2200.0,2200.5,136
2026-09-09 12:02:00+05:30,2201.949951171875,2202.199951171875,2201.050048828125,2202.0,156
2026-09-09 12:03:00+05:30,2200.550048828125,2202.199951171875,2200.300048828125,2201.949951171875,154
2026-09-09 12:04:00+05:30,2200.550048828125,2201.64990234375,2200.550048828125,2201.60009765625,49
2026-09-09 12:05:00+05:30,2200.85009765625,2201.300048828125,2200.85009765625,2201.14990234375,22
2026-09-09 12:06:00+05:30,2201.10009765625,2201.25,2200.0,2201.10009765625,76
2026-09-09 12:07:00+05:30,2201.949951171875,2201.949951171875,2201.0,2201.10009765625,316
2026-09-09 12:08:00+05:30,2201.89990234375,2202.0,2201.0,2201.800048828125,82
2026-09-09 12:09:00+05:30,2200.85009765625,2202.199951171875,2200.85009765625,2201.89990234375,295
2026-09-09 12:10:00+05:30,2201.449951171875,2201.449951171875,2200.0,2201.10009765625,198
2026-09-09 12:11:00+05:30,2200.0,2201.449951171875,2200.0,2201.39990234375,367
2026-09-09 12:12:00+05:30,2201.64990234375,2201.64990234375,2200.5,2201.550048828125,303
2026-09-09 12:13:00+05:30,2202.0,2202.0,2201.0,2202.0,82
2026-09-09 12:14:00+05:30,2201.5,2202.699951171875,2200.5,2202.0,651
2026-09-09 12:15:00+05:30,2201.10009765625,2201.5,2200.0,2201.5,283
2026-09-09 12:16:00+05:30,2200.60009765625,2201.5,2200.60009765625,2201.10009765625,29
2026-09-09 12:17:00+05:30,2200.949951171875,2201.35009765625,2200.050048828125,2201.199951171875,54
2026-09-09 12:18:00+05:30,2200.89990234375,2201.0,2200.0,2200.0,134
2026-09-09 12:19:00+05:30,2200.949951171875,2201.35009765625,2200.0,2200.0,215
2026-09-09 12:20:00+05:30,2200.85009765625,2200.89990234375,2200.0,2200.89990234375,115
2026-09-09 12:21:00+05:30,2200.0,2200.949951171875,2200.0,2200.75,121
2026-09-09 12:22:00+05:30,2200.10009765625,2200.25,2199.050048828125,2200.25,600
2026-09-09 12:23:00+05:30,2200.0,2200.60009765625,2199.300048828125,2200.0,303
2026-09-09 12:24:00+05:30,2201.0,2201.0,2200.0,2200.5,90
2026-09-09 12:25:00+05:30,2201.300048828125,2201.64990234375,2200.14990234375,2200.300048828125,841
2026-09-09 12:26:00+05:30,2202.949951171875,2202.949951171875,2201.300048828125,2201.89990234375,302
2026-09-09 12:27:00+05:30,2202.0,2202.75,2201.0,2201.949951171875,511
2026-09-09 12:28:00+05:30,2202.0,2202.60009765625,2202.0,2202.60009765625,135
2026-09-09 12:29:00+05:30,2202.699951171875,2203.0,2202.300048828125,2202.300048828125,53
2026-09-09 12:30:00+05:30,2202.0,2202.949951171875,2202.0,2202.949951171875,42
2026-09-09 12:31:00+05:30,2204.75,2204.75,2202.64990234375,2202.699951171875,172
2026-09-09 12:32:00+05:30,2205.199951171875,2205.64990234375,2204.39990234375,2204.75,100
2026-09-09 12:33:00+05:30,2207.0,2207.0,2204.949951171875,2205.300048828125,433
2026-09-09 12:34:00+05:30,2205.85009765625,2207.0,2205.14990234375,2207.0,205
2026-09-09 12:35:00+05:30,2206.60009765625,2206.60009765625,2205.449951171875,2205.85009765625,59
2026-09-09 12:36:00+05:30,2207.0,2207.0,2206.0,2206.60009765625,232
2026-09-09 12:37:00+05:30,2204.35009765625,2207.699951171875,2204.35009765625,2207.0,972
2026-09-09 12:38:00+05:30,2205.5,2207.0,2205.25,2206.25,491
2026-09-09 12:39:00+05:30,2207.699951171875,2207.699951171875,2206.300048828125,2207.0,91
2026-09-09 12:40:00+05:30,2207.60009765625,2207.89990234375,2207.0,2207.0,164
2026-09-09 12:41:00+05:30,2207.39990234375,2208.5,2206.0,2208.0,434
2026-09-09 12:42:00+05:30,2207.699951171875,2207.699951171875,2206.699951171875,2206.699951171875,79
2026-09-09 12:43:00+05:30,2208.5,2208.75,2207.14990234375,2207.699951171875,122
2026-09-09 12:44:00+05:30,2210.5,2210.800048828125,2207.949951171875,2207.949951171875,932
2026-09-09 12:45:00+05:30,2209.050048828125,2210.35009765625,2207.10009765625,2210.35009765625,789
2026-09-09 12:46:00+05:30,2209.5,2209.550048828125,2208.800048828125,2208.800048828125,272
2026-09-09 12:47:00+05:30,2209.699951171875,2209.85009765625,2208.39990234375,2209.85009765625,364
2026-09-09 12:48:00+05:30,2210.300048828125,2210.300048828125,2209.0,2209.75,386
2026-09-09 12:49:00+05:30,2210.0,2211.0,2210.0,2210.5,113
2026-09-09 12:50:00+05:30,2211.0,2211.0,2210.10009765625,2210.550048828125,92
2026-09-09 12:51:00+05:30,2211.0,2211.0,2210.5,2210.5,373
2026-09-09 12:52:00+05:30,2211.0,2211.5,2210.5,2211.0,116
2026-09-09 12:53:00+05:30,2210.14990234375,2211.25,2210.14990234375,2211.0,95
2026-09-09 12:54:00+05:30,2210.75,2211.14990234375,2210.0,2210.199951171875,86
2026-09-09 12:55:00+05:30,2210.64990234375,2210.699951171875,2209.5,2210.0,35
2026-09-09 12:56:00+05:30,2210.39990234375,2210.89990234375,2209.5,2210.89990234375,30
2026-09-09 12:57:00+05:30,2210.89990234375,2211.25,2210.39990234375,2210.39990234375,476
2026-09-09 12:58:00+05:30,2211.39990234375,2212.0,2210.89990234375,2211.5,256
2026-09-09 12:59:00+05:30,2211.85009765625,2212.0,2211.0,2211.89990234375,93
2026-09-09 13:00:00+05:30,2211.949951171875,2212.0,2211.800048828125,2211.85009765625,142
2026-09-09 13:01:00+05:30,2210.800048828125,2211.949951171875,2210.75,2211.949951171875,19
2026-09-09 13:02:00+05:30,2210.60009765625,2210.75,2210.0,2210.75,52
2026-09-09 13:03:00+05:30,2210.89990234375,2211.39990234375,2210.0,2210.0,121
2026-09-09 13:04:00+05:30,2210.0,2210.949951171875,2210.0,2210.800048828125,125
2026-09-09 13:05:00+05:30,2211.14990234375,2211.14990234375,2210.60009765625,2210.60009765625,55
2026-09-09 13:06:00+05:30,2212.5,2212.5,2211.14990234375,2211.14990234375,65
2026-09-09 13:07:00+05:30,2214.85009765625,2214.89990234375,2211.550048828125,2213.0,412
2026-09-09 13:08:00+05:30,2214.550048828125,2214.89990234375,2213.199951171875,2214.89990234375,444
2026-09-09 13:09:00+05:30,2213.800048828125,2214.14990234375,2212.0,2213.199951171875,363
2026-09-09 13:10:00+05:30,2212.75,2213.25,2211.449951171875,2213.25,221
2026-09-09 13:11:00+05:30,2211.5,2212.64990234375,2211.5,2212.550048828125,81
2026-09-09 13:12:00+05:30,2211.10009765625,2211.89990234375,2211.10009765625,2211.39990234375,155
2026-09-09 13:13:00+05:30,2211.199951171875,2211.85009765625,2210.5,2211.85009765625,100
2026-09-09 13:14:00+05:30,2210.800048828125,2211.800048828125,2210.800048828125,2211.449951171875,58
2026-09-09 13:15:00+05:30,2211.199951171875,2211.550048828125,2210.800048828125,2211.449951171875,84
2026-09-09 13:16:00+05:30,2212.449951171875,2212.64990234375,2210.300048828125,2210.300048828125,202
2026-09-09 13:17:00+05:30,2212.75,2212.75,2211.800048828125,2212.10009765625,266
2026-09-09 13:18:00+05:30,2213.10009765625,2213.699951171875,2212.10009765625,2212.800048828125,243
2026-09-09 13:19:00+05:30,2212.10009765625,2212.89990234375,2212.0,2212.89990234375,30
2026-09-09 13:20:00+05:30,2211.300048828125,2212.300048828125,2210.449951171875,2210.449951171875,28
2026-09-09 13:21:00+05:30,2211.949951171875,2212.449951171875,2210.800048828125,2211.449951171875,671
2026-09-09 13:22:00+05:30,2211.60009765625,2212.550048828125,2211.0,2212.550048828125,91
2026-09-09 13:23:00+05:30,2212.199951171875,2212.199951171875,2210.10009765625,2210.10009765625,106
2026-09-09 13:24:00+05:30,2212.800048828125,2213.0,2212.0,2212.39990234375,38
2026-09-09 13:25:00+05:30,2213.449951171875,2213.449951171875,2211.25,2211.25,235
2026-09-09 13:26:00+05:30,2213.199951171875,2213.449951171875,2212.35009765625,2213.449951171875,124
2026-09-09 13:27:00+05:30,2213.5,2213.5,2213.0,2213.0,124
2026-09-09 13:28:00+05:30,2212.64990234375,2213.35009765625,2212.64990234375,2213.25,111
2026-09-09 13:29:00+05:30,2215.800048828125,2215.800048828125,2213.050048828125,2213.050048828125,348
2026-09-09 13:30:00+05:30,2215.449951171875,2215.85009765625,2214.0,2214.699951171875,173
2026-09-09 13:31:00+05:30,2215.75,2215.800048828125,2215.0,2215.39990234375,218
2026-09-09 13:32:00+05:30,2214.0,2215.0,2214.0,2215.0,81
2026-09-09 13:33:00+05:30,2213.0,2214.0,2212.800048828125,2214.0,122
2026-09-09 13:34:00+05:30,2215.5,2215.5,2214.0,2214.0,18
2026-09-09 13:35:00+05:30,2215.550048828125,2215.550048828125,2214.75,2215.550048828125,425
2026-09-09 13:36:00+05:30,2214.25,2215.550048828125,2213.050048828125,2215.550048828125,247
2026-09-09 13:37:00+05:30,2213.85009765625,2213.89990234375,2212.699951171875,2213.199951171875,85
2026-09-09 13:38:00+05:30,2213.800048828125,2213.89990234375,2213.050048828125,2213.050048828125,225
2026-09-09 13:39:00+05:30,2213.85009765625,2213.89990234375,2213.5,2213.699951171875,53
2026-09-09 13:40:00+05:30,2213.64990234375,2213.89990234375,2213.64990234375,2213.85009765625,52
2026-09-09 13:41:00+05:30,2212.800048828125,2213.64990234375,2212.5,2213.64990234375,136
2026-09-09 13:42:00+05:30,2211.25,2212.800048828125,2211.0,2212.800048828125,106
2026-09-09 13:43:00+05:30,2212.10009765625,2212.449951171875,2210.85009765625,2211.0,27
2026-09-09 13:44:00+05:30,2212.050048828125,2212.10009765625,2211.60009765625,2212.0,32
2026-09-09 13:45:00+05:30,2212.0,2212.699951171875,2210.89990234375,2212.050048828125,164
2026-09-09 13:46:00+05:30,2211.949951171875,2212.050048828125,2210.800048828125,2212.050048828125,53
2026-09-09 13:47:00+05:30,2212.0,2212.199951171875,2211.050048828125,2212.199951171875,44
2026-09-09 13:48:00+05:30,2211.89990234375,2212.5,2211.050048828125,2211.5,60
2026-09-09 13:49:00+05:30,2212.050048828125,2212.35009765625,2210.75,2211.89990234375,157
2026-09-09 13:50:00+05:30,2211.75,2212.14990234375,2211.75,2212.050048828125,52
2026-09-09 13:51:00+05:30,2210.39990234375,2211.85009765625,2210.39990234375,2211.0,125
2026-09-09 13:52:00+05:30,2210.89990234375,2211.60009765625,2210.89990234375,2211.5,34
2026-09-09 13:53:00+05:30,2211.5,2211.5,2210.5,2211.0,122
2026-09-09 13:54:00+05:30,2210.10009765625,2211.5,2210.10009765625,2211.5,69
2026-09-09 13:55:00+05:30,2210.699951171875,2210.89990234375,2210.0,2210.89990234375,235
2026-09-09 13:56:00+05:30,2211.5,2211.5,2209.75,2211.0,516
2026-09-09 13:57:00+05:30,2211.5,2211.699951171875,2209.300048828125,2211.0,448
2026-09-09 13:58:00+05:30,2211.199951171875,2211.89990234375,2211.199951171875,2211.800048828125,33
2026-09-09 13:59:00+05:30,2212.800048828125,2212.800048828125,2211.199951171875,2211.89990234375,60
2026-09-09 14:00:00+05:30,2212.449951171875,2213.199951171875,2212.10009765625,2212.10009765625,239
2026-09-09 14:01:00+05:30,2213.199951171875,2213.199951171875,2212.199951171875,2212.39990234375,67
2026-09-09 14:02:00+05:30,2212.949951171875,2213.199951171875,2212.949951171875,2213.199951171875,21
2026-09-09 14:03:00+05:30,2212.199951171875,2213.199951171875,2212.199951171875,2213.0,159
2026-09-09 14:04:00+05:30,2213.050048828125,2213.199951171875,2212.0,2213.14990234375,76
2026-09-09 14:05:00+05:30,2213.199951171875,2213.199951171875,2212.10009765625,2213.199951171875,163
2026-09-09 14:06:00+05:30,2213.35009765625,2213.75,2212.5,2213.199951171875,41
2026-09-09 14:07:00+05:30,2212.85009765625,2213.35009765625,2212.14990234375,2213.25,140
2026-09-09 14:08:00+05:30,2213.699951171875,2213.75,2212.14990234375,2212.800048828125,78
2026-09-09 14:09:00+05:30,2212.14990234375,2213.699951171875,2212.14990234375,2213.64990234375,153
2026-09-09 14:10:00+05:30,2213.5,2213.5,2211.5,2212.10009765625,604
2026-09-09 14:11:00+05:30,2213.0,2213.75,2212.699951171875,2212.699951171875,141
2026-09-09 14:12:00+05:30,2213.050048828125,2213.89990234375,2213.0,2213.5,93
2026-09-09 14:13:00+05:30,2212.199951171875,2213.89990234375,2211.699951171875,2213.89990234375,90
2026-09-09 14:14:00+05:30,2211.60009765625,2213.800048828125,2211.60009765625,2212.0,771
2026-09-09 14:15:00+05:30,2213.39990234375,2213.75,2212.449951171875,2213.75,82
2026-09-09 14:16:00+05:30,2212.300048828125,2213.85009765625,2212.300048828125,2213.25,405
2026-09-09 14:17:00+05:30,2213.75,2213.89990234375,2212.550048828125,2213.39990234375,16
2026-09-09 14:18:00+05:30,2213.199951171875,2213.75,2212.10009765625,2213.75,29
2026-09-09 14:19:00+05:30,2213.39990234375,2213.550048828125,2212.300048828125,2213.199951171875,35
2026-09-09 14:20:00+05:30,2214.39990234375,2214.800048828125,2212.64990234375,2213.89990234375,545
2026-09-09 14:21:00+05:30,2216.0,2216.0,2213.800048828125,2214.10009765625,637
2026-09-09 14:22:00+05:30,2216.199951171875,2216.5,2215.550048828125,2216.0,220
2026-09-09 14:23:00+05:30,2216.10009765625,2216.5,2215.14990234375,2216.5,56
2026-09-09 14:24:00+05:30,2215.35009765625,2216.5,2215.14990234375,2215.14990234375,454
2026-09-09 14:25:00+05:30,2216.5,2216.5,2215.0,2215.0,58
2026-09-09 14:26:00+05:30,2216.0,2216.5,2215.949951171875,2216.5,68
2026-09-09 14:27:00+05:30,2216.35009765625,2216.5,2215.0,2216.0,252
2026-09-09 14:28:00+05:30,2215.5,2216.5,2215.0,2216.14990234375,216
2026-09-09 14:29:00+05:30,2215.5,2215.89990234375,2214.39990234375,2215.89990234375,507
2026-09-09 14:30:00+05:30,2213.25,2215.449951171875,2213.25,2215.449951171875,154
2026-09-09 14:31:00+05:30,2213.550048828125,2214.199951171875,2212.5,2214.10009765625,1502
2026-09-09 14:32:00+05:30,2215.0,2215.699951171875,2213.85009765625,2215.35009765625,248
2026-09-09 14:33:00+05:30,2215.35009765625,2215.550048828125,2214.10009765625,2214.89990234375,230
2026-09-09 14:34:00+05:30,2214.800048828125,2215.5,2214.5,2215.5,370
2026-09-09 14:35:00+05:30,2215.0,2215.0,2215.0,2215.0,58
2026-09-09 14:36:00+05:30,2214.10009765625,2215.0,2214.10009765625,2215.0,406
2026-09-09 14:37:00+05:30,2213.800048828125,2214.64990234375,2213.0,2214.64990234375,65
2026-09-09 14:38:00+05:30,2213.0,2213.39990234375,2212.60009765625,2213.0,707
2026-09-09 14:39:00+05:30,2213.0,2213.0,2212.10009765625,2213.0,197
2026-09-09 14:40:00+05:30,2213.0,2213.0,2212.0,2213.0,153
2026-09-09 14:41:00+05:30,2213.449951171875,2213.449951171875,2212.5,2212.89990234375,208
2026-09-09 14:42:00+05:30,2212.85009765625,2214.0,2211.64990234375,2213.0,459
2026-09-09 14:43:00+05:30,2213.0,2213.199951171875,2212.050048828125,2213.0,128
2026-09-09 14:44:00+05:30,2213.0,2213.14990234375,2212.5,2213.14990234375,436
2026-09-09 14:45:00+05:30,2212.949951171875,2213.0,2212.10009765625,2212.10009765625,223
2026-09-09 14:46:00+05:30,2213.0,2213.0,2212.5,2213.0,71
2026-09-09 14:47:00+05:30,2213.10009765625,2213.199951171875,2212.5,2213.0,267
2026-09-09 14:48:00+05:30,2213.050048828125,2213.10009765625,2211.800048828125,2213.10009765625,515
2026-09-09 14:49:00+05:30,2213.10009765625,2213.10009765625,2212.949951171875,2212.949951171875,58
2026-09-09 14:50:00+05:30,2214.10009765625,2214.10009765625,2212.60009765625,2213.10009765625,238
2026-09-09 14:51:00+05:30,2213.699951171875,2213.89990234375,2213.199951171875,2213.89990234375,196
2026-09-09 14:52:00+05:30,2213.5,2214.0,2213.35009765625,2213.699951171875,374
2026-09-09 14:53:00+05:30,2214.10009765625,2215.0,2213.0,2213.0,841
2026-09-09 14:54:00+05:30,2213.75,2215.0,2213.75,2214.60009765625,207
2026-09-09 14:55:00+05:30,2213.14990234375,2215.0,2213.14990234375,2215.0,171
2026-09-09 14:56:00+05:30,2214.14990234375,2214.5,2213.0,2213.0,272
2026-09-09 14:57:00+05:30,2214.85009765625,2215.0,2213.39990234375,2214.949951171875,123
2026-09-09 14:58:00+05:30,2214.64990234375,2215.0,2213.25,2214.699951171875,574
2026-09-09 14:59:00+05:30,2214.14990234375,2215.5,2213.85009765625,2215.0,1358
2026-09-09 15:00:00+05:30,2214.550048828125,2214.800048828125,2213.199951171875,2214.800048828125,317
2026-09-09 15:01:00+05:30,2213.85009765625,2214.5,2213.85009765625,2214.5,432
2026-09-09 15:02:00+05:30,2213.050048828125,2213.85009765625,2213.050048828125,2213.85009765625,319
2026-09-09 15:03:00+05:30,2213.050048828125,2213.85009765625,2213.0,2213.75,195
2026-09-09 15:04:00+05:30,2211.5,2213.800048828125,2211.0,2213.75,535
2026-09-09 15:05:00+05:30,2209.0,2212.0,2208.0,2211.449951171875,862
2026-09-09 15:06:00+05:30,2211.0,2211.14990234375,2208.39990234375,2210.0,126
2026-09-09 15:07:00+05:30,2211.550048828125,2211.949951171875,2209.550048828125,2210.75,314
2026-09-09 15:08:00+05:30,2210.10009765625,2212.0,2210.10009765625,2211.550048828125,251
2026-09-09 15:09:00+05:30,2210.14990234375,2210.89990234375,2209.0,2210.85009765625,683
2026-09-09 15:10:00+05:30,2210.949951171875,2211.0,2209.050048828125,2209.800048828125,237
2026-09-09 15:11:00+05:30,2210.10009765625,2211.199951171875,2209.050048828125,2210.0,251
2026-09-09 15:12:00+05:30,2211.449951171875,2211.449951171875,2208.699951171875,2210.10009765625,319
2026-09-09 15:13:00+05:30,2210.0,2211.35009765625,2208.39990234375,2211.050048828125,215
2026-09-09 15:14:00+05:30,2210.89990234375,2210.89990234375,2209.0,2210.0,427
2026-09-09 15:28:00+05:30,2209.0,2209.0,2209.0,2209.0,740
2026-09-10 09:15:00+05:30,2205.60009765625,2205.949951171875,2194.0,2199.0,2828
2026-09-10 09:16:00+05:30,2202.800048828125,2205.60009765625,2201.0,2205.39990234375,1533
2026-09-10 09:17:00+05:30,2212.89990234375,2213.199951171875,2203.85009765625,2203.85009765625,4870
2026-09-10 09:18:00+05:30,2216.800048828125,2217.14990234375,2211.0,2213.0,1275
2026-09-10 09:19:00+05:30,2219.0,2220.800048828125,2216.25,2216.25,1311
2026-09-10 09:20:00+05:30,2211.60009765625,2219.550048828125,2209.550048828125,2219.550048828125,1382
2026-09-10 09:21:00+05:30,2213.89990234375,2216.5,2212.60009765625,2212.60009765625,1299
2026-09-10 09:22:00+05:30,2211.75,2214.10009765625,2208.39990234375,2213.10009765625,1320
2026-09-10 09:23:00+05:30,2214.85009765625,2214.85009765625,2207.89990234375,2209.199951171875,1748
2026-09-10 09:24:00+05:30,2215.0,2215.699951171875,2213.0,2215.0,662
2026-09-10 09:25:00+05:30,2212.0,2214.699951171875,2209.85009765625,2214.050048828125,1068
2026-09-10 09:26:00+05:30,2213.949951171875,2213.949951171875,2210.10009765625,2212.050048828125,1252
2026-09-10 09:27:00+05:30,2211.0,2213.949951171875,2209.85009765625,2212.85009765625,1510
2026-09-10 09:28:00+05:30,2214.050048828125,2214.050048828125,2210.0,2211.199951171875,220
2026-09-10 09:29:00+05:30,2211.89990234375,2214.449951171875,2211.0,2212.35009765625,483
2026-09-10 09:30:00+05:30,2212.14990234375,2213.35009765625,2210.39990234375,2212.0,1374
2026-09-10 09:31:00+05:30,2206.60009765625,2210.199951171875,2206.0,2210.199951171875,322
2026-09-10 09:32:00+05:30,2212.39990234375,2212.39990234375,2206.10009765625,2206.10009765625,302
2026-09-10 09:33:00+05:30,2220.199951171875,2220.199951171875,2211.949951171875,2211.949951171875,1399
2026-09-10 09:34:00+05:30,2222.75,2224.64990234375,2219.949951171875,2220.0,1309
2026-09-10 09:35:00+05:30,2225.85009765625,2227.5,2223.199951171875,2224.0,838
2026-09-10 09:36:00+05:30,2226.39990234375,2227.949951171875,2224.25,2224.25,1410
2026-09-10 09:37:00+05:30,2229.10009765625,2229.10009765625,2225.25,2226.449951171875,750
2026-09-10 09:38:00+05:30,2224.75,2231.699951171875,2224.75,2229.10009765625,4253
2026-09-10 09:39:00+05:30,2225.0,2226.550048828125,2224.0,2226.550048828125,497
2026-09-10 09:40:00+05:30,2229.800048828125,2229.800048828125,2225.199951171875,2225.199951171875,684
2026-09-10 09:41:00+05:30,2230.14990234375,2232.0,2229.0,2229.85009765625,1419
2026-09-10 09:42:00+05:30,2231.35009765625,2232.0,2230.449951171875,2230.449951171875,733
2026-09-10 09:56:00+05:30,2231.89990234375,2231.89990234375,2231.89990234375,2231.89990234375,155
2026-09-10 10:08:00+05:30,2211.35009765625,2218.35009765625,2209.0,2218.35009765625,198
2026-09-10 10:09:00+05:30,2213.60009765625,2213.64990234375,2212.0,2212.75,62
2026-09-10 10:10:00+05:30,2212.5,2212.699951171875,2211.10009765625,2212.10009765625,96
2026-09-10 10:11:00+05:30,2211.199951171875,2211.550048828125,2210.0,2211.0,115
2026-09-10 10:12:00+05:30,2208.89990234375,2211.199951171875,2208.14990234375,2211.199951171875,941
2026-09-10 10:13:00+05:30,2208.85009765625,2210.5,2208.85009765625,2209.699951171875,146
2026-09-10 10:14:00+05:30,2208.699951171875,2210.0,2208.699951171875,2210.0,101
2026-09-10 10:15:00+05:30,2209.0,2210.0,2208.699951171875,2209.449951171875,170
2026-09-10 10:16:00+05:30,2209.199951171875,2210.0,2209.0,2210.0,72
2026-09-10 10:17:00+05:30,2210.449951171875,2210.5,2210.0,2210.0,104
2026-09-10 10:18:00+05:30,2209.10009765625,2210.0,2209.0,2210.0,164
2026-09-10 10:19:00+05:30,2210.35009765625,2210.5,2209.199951171875,2210.0,195
2026-09-10 10:20:00+05:30,2208.0,2210.10009765625,2208.0,2210.10009765625,279
2026-09-10 10:21:00+05:30,2209.10009765625,2209.300048828125,2207.550048828125,2208.199951171875,103
2026-09-10 10:22:00+05:30,2209.10009765625,2209.35009765625,2207.050048828125,2208.5,140
2026-09-10 10:23:00+05:30,2208.5,2209.35009765625,2208.5,2209.35009765625,7
2026-09-10 10:24:00+05:30,2207.300048828125,2208.5,2207.0,2208.5,197
2026-09-10 10:25:00+05:30,2207.25,2207.25,2205.550048828125,2206.050048828125,58
2026-09-10 10:26:00+05:30,2209.300048828125,2209.300048828125,2208.5,2208.5,76
2026-09-10 10:27:00+05:30,2207.25,2209.14990234375,2207.25,2209.14990234375,34
2026-09-10 10:28:00+05:30,2206.0,2207.25,2205.550048828125,2207.25,90
2026-09-10 10:29:00+05:30,2205.39990234375,2206.39990234375,2205.39990234375,2206.0,61
2026-09-10 10:30:00+05:30,2207.75,2207.75,2205.0,2205.5,709
2026-09-10 10:31:00+05:30,2208.550048828125,2209.35009765625,2208.25,2208.300048828125,124
2026-09-10 10:32:00+05:30,2210.0,2210.0,2209.300048828125,2209.35009765625,166
2026-09-10 10:33:00+05:30,2209.0,2209.85009765625,2209.0,2209.64990234375,72
2026-09-10 10:34:00+05:30,2208.949951171875,2210.0,2208.800048828125,2209.0,229
2026-09-10 10:35:00+05:30,2209.0,2209.89990234375,2207.60009765625,2208.949951171875,74
2026-09-10 10:36:00+05:30,2208.5,2209.199951171875,2207.60009765625,2209.199951171875,31
2026-09-10 10:37:00+05:30,2210.0,2210.0,2207.0,2207.5,203
2026-09-10 10:38:00+05:30,2210.0,2210.0,2210.0,2210.0,307
2026-09-10 10:39:00+05:30,2209.300048828125,2210.0,2207.550048828125,2209.949951171875,75
2026-09-10 10:40:00+05:30,2209.35009765625,2209.64990234375,2208.199951171875,2209.64990234375,168
2026-09-10 10:41:00+05:30,2209.35009765625,2209.35009765625,2207.0,2208.14990234375,295
2026-09-10 10:42:00+05:30,2208.0,2209.35009765625,2207.0,2207.35009765625,141
2026-09-10 10:43:00+05:30,2208.39990234375,2208.89990234375,2206.35009765625,2208.85009765625,133
2026-09-10 10:44:00+05:30,2209.35009765625,2209.35009765625,2206.050048828125,2206.050048828125,35
2026-09-10 10:45:00+05:30,2208.949951171875,2209.35009765625,2207.10009765625,2209.35009765625,53
2026-09-10 10:46:00+05:30,2208.60009765625,2209.0,2208.60009765625,2208.949951171875,151
2026-09-10 10:47:00+05:30,2209.699951171875,2210.0,2207.550048828125,2209.39990234375,134
2026-09-10 10:48:00+05:30,2208.199951171875,2209.85009765625,2208.10009765625,2209.85009765625,20
2026-09-10 10:49:00+05:30,2208.949951171875,2209.85009765625,2208.0,2209.60009765625,85
2026-09-10 10:50:00+05:30,2207.050048828125,2208.550048828125,2207.050048828125,2208.550048828125,10
2026-09-10 10:51:00+05:30,2207.85009765625,2208.39990234375,2206.5,2208.39990234375,73
2026-09-10 10:52:00+05:30,2207.800048828125,2208.0,2206.10009765625,2208.0,154
2026-09-10 10:53:00+05:30,2207.0,2207.85009765625,2207.0,2207.199951171875,18
2026-09-10 10:54:00+05:30,2207.85009765625,2207.85009765625,2207.050048828125,2207.85009765625,56
2026-09-10 10:55:00+05:30,2207.0,2207.85009765625,2207.0,2207.050048828125,96
2026-09-10 10:56:00+05:30,2205.5,2207.550048828125,2205.39990234375,2206.89990234375,25
2026-09-10 10:57:00+05:30,2207.699951171875,2207.75,2205.300048828125,2205.5,167
2026-09-10 10:58:00+05:30,2206.10009765625,2207.64990234375,2206.10009765625,2207.64990234375,41
2026-09-10 10:59:00+05:30,2207.85009765625,2207.85009765625,2206.050048828125,2206.050048828125,382
2026-09-10 11:00:00+05:30,2208.050048828125,2209.0,2207.60009765625,2208.0,192
2026-09-10 11:01:00+05:30,2208.0,2210.050048828125,2207.85009765625,2207.85009765625,198
2026-09-10 11:02:00+05:30,2207.0,2209.699951171875,2207.0,2209.699951171875,105
2026-09-10 11:03:00+05:30,2209.800048828125,2209.800048828125,2206.10009765625,2207.75,26
2026-09-10 11:04:00+05:30,2205.0,2210.35009765625,2205.0,2209.699951171875,268
2026-09-10 11:05:00+05:30,2203.800048828125,2206.949951171875,2202.85009765625,2205.0,143
2026-09-10 11:06:00+05:30,2196.449951171875,2204.300048828125,2196.449951171875,2202.5,1048
2026-09-10 11:07:00+05:30,2198.0,2199.5,2196.25,2196.300048828125,375
2026-09-10 11:08:00+05:30,2199.35009765625,2199.35009765625,2196.300048828125,2196.300048828125,109
2026-09-10 11:09:00+05:30,2200.10009765625,2201.949951171875,2199.10009765625,2199.10009765625,115
2026-09-10 11:10:00+05:30,2200.89990234375,2201.449951171875,2200.0,2200.5,120
2026-09-10 11:11:00+05:30,2200.0,2202.050048828125,2199.550048828125,2200.949951171875,48
2026-09-10 11:12:00+05:30,2200.25,2201.89990234375,2199.64990234375,2199.64990234375,77
2026-09-10 11:13:00+05:30,2200.5,2202.0,2200.25,2201.39990234375,59
2026-09-10 11:14:00+05:30,2201.949951171875,2201.949951171875,2201.0,2201.89990234375,91
2026-09-10 11:15:00+05:30,2202.550048828125,2202.550048828125,2202.0,2202.0,19
2026-09-10 11:16:00+05:30,2201.949951171875,2202.449951171875,2200.25,2202.449951171875,130
2026-09-10 11:17:00+05:30,2201.699951171875,2201.699951171875,2200.5,2200.5,71
2026-09-10 11:18:00+05:30,2202.800048828125,2202.800048828125,2201.0,2201.699951171875,116
2026-09-10 11:19:00+05:30,2204.300048828125,2204.300048828125,2201.89990234375,2203.199951171875,30
2026-09-10 11:20:00+05:30,2203.39990234375,2203.949951171875,2202.5,2203.449951171875,44
2026-09-10 11:21:00+05:30,2202.550048828125,2202.550048828125,2201.199951171875,2201.39990234375,51
2026-09-10 11:22:00+05:30,2203.449951171875,2203.449951171875,2201.75,2201.75,50
2026-09-10 11:23:00+05:30,2205.0,2205.0,2202.5,2204.0,71
2026-09-10 11:24:00+05:30,2204.949951171875,2204.949951171875,2204.0,2204.89990234375,8
2026-09-10 11:25:00+05:30,2204.25,2204.25,2202.300048828125,2204.0,54
2026-09-10 11:26:00+05:30,2203.25,2204.60009765625,2203.25,2204.25,11
2026-09-10 11:27:00+05:30,2203.0,2204.300048828125,2203.0,2204.300048828125,44
2026-09-10 11:28:00+05:30,2203.60009765625,2203.949951171875,2203.60009765625,2203.949951171875,3
2026-09-10 11:29:00+05:30,2204.050048828125,2204.050048828125,2203.25,2204.050048828125,19
2026-09-10 11:30:00+05:30,2205.89990234375,2205.89990234375,2203.050048828125,2203.25,373
2026-09-10 11:31:00+05:30,2206.89990234375,2206.949951171875,2204.0,2204.449951171875,504
2026-09-10 11:32:00+05:30,2204.199951171875,2204.75,2203.0,2204.75,13
2026-09-10 11:33:00+05:30,2202.75,2203.0,2202.0,2203.0,88
2026-09-10 11:34:00+05:30,2202.949951171875,2202.949951171875,2202.0,2202.949951171875,17
2026-09-10 11:35:00+05:30,2201.0,2203.0,2201.0,2202.949951171875,431
2026-09-10 11:36:00+05:30,2203.699951171875,2204.449951171875,2201.050048828125,2203.60009765625,106
2026-09-10 11:37:00+05:30,2203.199951171875,2203.75,2201.25,2201.75,28
2026-09-10 11:38:00+05:30,2201.0,2203.10009765625,2201.0,2203.10009765625,64
2026-09-10 11:39:00+05:30,2199.25,2202.35009765625,2199.25,2202.35009765625,389
2026-09-10 11:40:00+05:30,2200.85009765625,2200.85009765625,2198.0,2198.10009765625,246
2026-09-10 11:41:00+05:30,2200.89990234375,2200.949951171875,2199.300048828125,2200.800048828125,196
2026-09-10 11:42:00+05:30,2199.14990234375,2200.89990234375,2199.0,2200.89990234375,24
2026-09-10 11:43:00+05:30,2200.0,2200.35009765625,2199.0,2200.0,65
2026-09-10 11:44:00+05:30,2200.75,2202.949951171875,2200.0,2200.0,147
2026-09-10 11:45:00+05:30,2202.699951171875,2203.35009765625,2201.050048828125,2202.699951171875,42
2026-09-10 11:46:00+05:30,2201.14990234375,2202.60009765625,2201.14990234375,2201.89990234375,20
2026-09-10 11:47:00+05:30,2202.85009765625,2202.85009765625,2201.10009765625,2202.0,186
2026-09-10 11:48:00+05:30,2203.60009765625,2203.60009765625,2202.550048828125,2202.550048828125,37
2026-09-10 11:49:00+05:30,2204.14990234375,2204.25,2203.0,2203.0,42
2026-09-10 11:50:00+05:30,2203.60009765625,2204.35009765625,2203.0,2203.0,70
2026-09-10 11:51:00+05:30,2202.60009765625,2204.050048828125,2202.60009765625,2204.050048828125,117
2026-09-10 11:52:00+05:30,2205.0,2205.0,2203.050048828125,2203.050048828125,29
2026-09-10 11:53:00+05:30,2203.75,2205.0,2203.75,2205.0,37
2026-09-10 11:54:00+05:30,2204.89990234375,2205.0,2203.949951171875,2204.949951171875,125
2026-09-10 11:55:00+05:30,2203.89990234375,2204.949951171875,2203.89990234375,2204.0,11
2026-09-10 11:56:00+05:30,2203.75,2203.89990234375,2203.0,2203.89990234375,9
2026-09-10 11:57:00+05:30,2201.5,2204.25,2201.5,2203.14990234375,151
2026-09-10 11:58:00+05:30,2202.75,2202.75,2201.300048828125,2202.449951171875,929
2026-09-10 11:59:00+05:30,2202.60009765625,2202.699951171875,2202.0,2202.699951171875,10
2026-09-10 12:00:00+05:30,2202.5,2202.550048828125,2200.64990234375,2200.64990234375,23
2026-09-10 12:01:00+05:30,2202.5,2202.550048828125,2201.60009765625,2202.449951171875,22
2026-09-10 12:02:00+05:30,2202.25,2202.550048828125,2201.699951171875,2202.550048828125,14
2026-09-10 12:03:00+05:30,2202.14990234375,2202.39990234375,2201.10009765625,2202.39990234375,58
2026-09-10 12:04:00+05:30,2200.800048828125,2201.35009765625,2200.5,2201.10009765625,90
2026-09-10 12:05:00+05:30,2198.0,2200.050048828125,2198.0,2200.0,336
2026-09-10 12:06:00+05:30,2198.5,2198.5,2198.0,2198.0,65
2026-09-10 12:07:00+05:30,2199.75,2199.75,2198.0,2198.75,208
2026-09-10 12:08:00+05:30,2198.25,2198.5,2197.5,2198.5,85
2026-09-10 12:09:00+05:30,2198.0,2198.699951171875,2197.050048828125,2197.25,50
2026-09-10 12:10:00+05:30,2198.0,2198.0,2197.949951171875,2197.949951171875,21
2026-09-10 12:11:00+05:30,2199.25,2199.25,2197.5,2198.0,130
2026-09-10 12:12:00+05:30,2198.75,2199.449951171875,2197.5,2199.449951171875,127
2026-09-10 12:13:00+05:30,2197.449951171875,2199.14990234375,2197.0,2199.14990234375,287
2026-09-10 12:14:00+05:30,2198.949951171875,2200.0,2197.199951171875,2197.199951171875,157
2026-09-10 12:15:00+05:30,2194.85009765625,2199.5,2193.75,2198.949951171875,770
2026-09-10 12:16:00+05:30,2194.75,2196.800048828125,2194.199951171875,2194.85009765625,303
2026-09-10 12:17:00+05:30,2196.64990234375,2197.050048828125,2196.64990234375,2197.050048828125,63
2026-09-10 12:18:00+05:30,2197.449951171875,2197.449951171875,2196.0,2196.800048828125,44
2026-09-10 12:19:00+05:30,2197.449951171875,2197.449951171875,2196.60009765625,2197.449951171875,33
2026-09-10 12:20:00+05:30,2199.300048828125,2199.300048828125,2197.300048828125,2197.300048828125,60
2026-09-10 12:21:00+05:30,2198.699951171875,2198.699951171875,2198.0,2198.35009765625,46
2026-09-10 12:22:00+05:30,2198.449951171875,2199.300048828125,2197.300048828125,2198.60009765625,175
2026-09-10 12:23:00+05:30,2197.550048828125,2198.85009765625,2197.0,2198.800048828125,153
2026-09-10 12:24:00+05:30,2192.199951171875,2196.199951171875,2190.10009765625,2194.199951171875,1006
2026-09-10 12:25:00+05:30,2192.64990234375,2193.0,2190.75,2193.0,160
2026-09-10 12:26:00+05:30,2193.800048828125,2193.949951171875,2192.60009765625,2192.60009765625,57
2026-09-10 12:27:00+05:30,2193.800048828125,2194.050048828125,2192.35009765625,2193.949951171875,479
2026-09-10 12:28:00+05:30,2192.14990234375,2194.35009765625,2191.5,2192.949951171875,3176
2026-09-10 12:29:00+05:30,2194.10009765625,2194.550048828125,2192.10009765625,2193.050048828125,37
2026-09-10 12:30:00+05:30,2192.199951171875,2193.75,2192.0,2193.550048828125,119
2026-09-10 12:31:00+05:30,2191.800048828125,2193.75,2191.800048828125,2193.699951171875,67
2026-09-10 12:32:00+05:30,2194.60009765625,2195.0,2192.25,2193.35009765625,176
2026-09-10 12:33:00+05:30,2192.85009765625,2195.75,2192.85009765625,2193.85009765625,100
2026-09-10 12:34:00+05:30,2193.25,2194.199951171875,2191.60009765625,2194.199951171875,207
2026-09-10 12:35:00+05:30,2191.25,2193.35009765625,2191.25,2193.35009765625,107
2026-09-10 12:36:00+05:30,2191.800048828125,2192.949951171875,2190.699951171875,2192.949951171875,84
2026-09-10 12:37:00+05:30,2191.800048828125,2191.800048828125,2190.800048828125,2190.800048828125,262
2026-09-10 12:38:00+05:30,2191.60009765625,2192.39990234375,2191.050048828125,2191.800048828125,1137
2026-09-10 12:39:00+05:30,2192.0,2192.39990234375,2191.0,2191.5,83
2026-09-10 12:40:00+05:30,2194.0,2194.25,2192.25,2192.800048828125,20
2026-09-10 12:41:00+05:30,2194.0,2194.949951171875,2194.0,2194.10009765625,38
2026-09-10 12:42:00+05:30,2195.10009765625,2195.10009765625,2193.64990234375,2194.89990234375,26
2026-09-10 12:43:00+05:30,2195.10009765625,2195.300048828125,2195.0,2195.10009765625,21
2026-09-10 12:44:00+05:30,2195.300048828125,2195.300048828125,2195.25,2195.25,17
2026-09-10 12:45:00+05:30,2195.300048828125,2195.300048828125,2194.0,2195.300048828125,33
2026-09-10 12:46:00+05:30,2195.5,2195.550048828125,2193.949951171875,2195.35009765625,92
2026-09-10 12:47:00+05:30,2195.0,2195.5,2193.14990234375,2193.14990234375,320
2026-09-10 12:48:00+05:30,2194.949951171875,2195.39990234375,2194.949951171875,2195.39990234375,13
2026-09-10 12:49:00+05:30,2195.0,2195.0,2193.550048828125,2193.550048828125,71
2026-09-10 12:50:00+05:30,2195.0,2195.0,2193.300048828125,2195.0,168
2026-09-10 12:51:00+05:30,2194.050048828125,2194.949951171875,2194.050048828125,2194.949951171875,14
2026-09-10 12:52:00+05:30,2195.0,2195.0,2194.949951171875,2194.949951171875,20
2026-09-10 12:53:00+05:30,2194.050048828125,2195.0,2194.0,2194.949951171875,54
2026-09-10 12:54:00+05:30,2195.85009765625,2195.949951171875,2194.050048828125,2194.050048828125,71
2026-09-10 12:55:00+05:30,2194.5,2195.89990234375,2193.10009765625,2195.0,647
2026-09-10 12:56:00+05:30,2194.800048828125,2195.0,2194.0,2195.0,4
2026-09-10 12:57:00+05:30,2195.0,2195.0,2192.550048828125,2194.10009765625,166
2026-09-10 12:58:00+05:30,2194.85009765625,2195.85009765625,2192.699951171875,2195.85009765625,210
2026-09-10 12:59:00+05:30,2198.0,2198.0,2193.39990234375,2195.050048828125,21227
2026-09-10 13:00:00+05:30,2197.0,2198.0,2197.0,2198.0,20002
2026-09-10 13:01:00+05:30,2194.85009765625,2196.64990234375,2193.949951171875,2195.800048828125,250
2026-09-10 13:02:00+05:30,2196.0,2196.0,2194.89990234375,2195.85009765625,273
2026-09-10 13:03:00+05:30,2195.14990234375,2197.0,2195.14990234375,2196.0,192
2026-09-10 13:04:00+05:30,2195.60009765625,2196.14990234375,2194.85009765625,2196.14990234375,51
2026-09-10 13:05:00+05:30,2194.449951171875,2195.60009765625,2194.449951171875,2194.5,19
2026-09-10 13:06:00+05:30,2192.85009765625,2195.050048828125,2192.5,2194.449951171875,156
2026-09-10 13:07:00+05:30,2194.050048828125,2194.050048828125,2193.0,2193.0,17
2026-09-10 13:08:00+05:30,2194.199951171875,2194.449951171875,2193.35009765625,2194.449951171875,20
2026-09-10 13:09:00+05:30,2194.75,2195.25,2193.300048828125,2194.0,136
2026-09-10 13:10:00+05:30,2195.35009765625,2195.39990234375,2193.449951171875,2194.75,299
2026-09-10 13:11:00+05:30,2194.199951171875,2195.449951171875,2193.25,2195.35009765625,172
2026-09-10 13:12:00+05:30,2195.25,2195.949951171875,2194.199951171875,2195.550048828125,64
2026-09-10 13:13:00+05:30,2195.39990234375,2195.449951171875,2194.199951171875,2195.199951171875,156
2026-09-10 13:14:00+05:30,2195.14990234375,2195.14990234375,2194.5,2194.5,44
2026-09-10 13:15:00+05:30,2196.0,2196.0,2194.5,2195.39990234375,64
2026-09-10 13:16:00+05:30,2197.64990234375,2197.64990234375,2196.0,2196.0,2357
2026-09-10 13:17:00+05:30,2199.0,2199.0,2198.050048828125,2198.699951171875,84
2026-09-10 13:18:00+05:30,2198.89990234375,2199.0,2198.0,2198.949951171875,460
2026-09-10 13:19:00+05:30,2198.89990234375,2198.89990234375,2198.0,2198.89990234375,26
2026-09-10 13:20:00+05:30,2198.89990234375,2198.89990234375,2198.0,2198.0,1488
2026-09-10 13:21:00+05:30,2199.39990234375,2200.0,2198.0,2198.85009765625,571
2026-09-10 13:22:00+05:30,2199.0,2199.0,2198.0,2198.25,9
2026-09-10 13:23:00+05:30,2198.10009765625,2199.0,2198.10009765625,2199.0,57
2026-09-10 13:24:00+05:30,2199.0,2199.0,2198.050048828125,2198.050048828125,67
2026-09-10 13:25:00+05:30,2198.050048828125,2199.0,2198.050048828125,2198.050048828125,44
2026-09-10 13:26:00+05:30,2198.0,2199.0,2198.0,2199.0,69
2026-09-10 13:27:00+05:30,2197.5,2198.0,2197.5,2198.0,4667
2026-09-10 13:28:00+05:30,2197.5,2197.75,2197.5,2197.75,917
2026-09-10 13:29:00+05:30,2197.5,2198.0,2197.5,2197.5,2483
2026-09-10 13:30:00+05:30,2198.050048828125,2198.75,2196.14990234375,2198.75,1536
2026-09-10 13:31:00+05:30,2199.0,2199.0,2198.0,2198.75,379
2026-09-10 13:32:00+05:30,2199.0,2199.0,2198.5,2199.0,11
2026-09-10 13:33:00+05:30,2198.85009765625,2199.0,2198.0,2198.949951171875,679
2026-09-10 13:34:00+05:30,2198.050048828125,2198.949951171875,2198.0,2198.949951171875,98
2026-09-10 13:35:00+05:30,2199.14990234375,2199.89990234375,2198.050048828125,2198.050048828125,90
2026-09-10 13:36:00+05:30,2199.949951171875,2200.0,2199.0,2200.0,39
2026-09-10 13:37:00+05:30,2199.0,2200.0,2199.0,2200.0,39
2026-09-10 13:38:00+05:30,2199.60009765625,2200.85009765625,2199.0,2199.0,483
2026-09-10 13:39:00+05:30,2200.10009765625,2200.89990234375,2199.550048828125,2200.5,18
2026-09-10 13:40:00+05:30,2201.449951171875,2202.550048828125,2200.10009765625,2200.10009765625,228
2026-09-10 13:41:00+05:30,2201.35009765625,2202.550048828125,2201.35009765625,2202.0,103
2026-09-10 13:42:00+05:30,2202.5,2202.550048828125,2202.5,2202.550048828125,25
2026-09-10 13:43:00+05:30,2200.0,2202.449951171875,2200.0,2202.449951171875,67
2026-09-10 13:44:00+05:30,2200.050048828125,2200.550048828125,2198.39990234375,2199.14990234375,22
2026-09-10 13:45:00+05:30,2198.5,2199.75,2198.5,2198.800048828125,93
2026-09-10 13:46:00+05:30,2198.949951171875,2199.25,2198.0,2198.0,1108
2026-09-10 13:47:00+05:30,2198.39990234375,2200.0,2198.39990234375,2199.449951171875,24
2026-09-10 13:48:00+05:30,2198.0,2198.949951171875,2198.0,2198.0,618
2026-09-10 13:49:00+05:30,2198.0,2198.85009765625,2198.0,2198.85009765625,20
2026-09-10 13:50:00+05:30,2198.0,2198.800048828125,2198.0,2198.0,43
2026-09-10 13:51:00+05:30,2198.800048828125,2199.85009765625,2198.0,2198.0,105
2026-09-10 13:52:00+05:30,2199.949951171875,2200.0,2198.60009765625,2200.0,630
2026-09-10 13:53:00+05:30,2199.800048828125,2199.89990234375,2198.60009765625,2199.89990234375,230
2026-09-10 13:54:00+05:30,2198.300048828125,2199.300048828125,2198.300048828125,2198.550048828125,142
2026-09-10 13:55:00+05:30,2198.949951171875,2199.25,2198.0,2198.300048828125,80
2026-09-10 13:56:00+05:30,2198.89990234375,2198.949951171875,2198.0,2198.0,64
2026-09-10 13:57:00+05:30,2199.449951171875,2199.449951171875,2198.0,2198.0,19
2026-09-10 13:58:00+05:30,2199.39990234375,2199.550048828125,2198.449951171875,2199.5,34
2026-09-10 13:59:00+05:30,2199.699951171875,2199.699951171875,2198.0,2199.0,780
2026-09-10 14:00:00+05:30,2198.39990234375,2199.449951171875,2198.25,2199.35009765625,234
2026-09-10 14:01:00+05:30,2198.550048828125,2199.550048828125,2198.5,2199.5,24
2026-09-10 14:02:00+05:30,2198.199951171875,2199.5,2198.10009765625,2198.60009765625,41
2026-09-10 14:03:00+05:30,2198.0,2199.39990234375,2198.0,2199.39990234375,42
2026-09-10 14:04:00+05:30,2198.0,2198.89990234375,2198.0,2198.0,648
2026-09-10 14:05:00+05:30,2198.10009765625,2198.89990234375,2198.0,2198.0,350
2026-09-10 14:06:00+05:30,2198.89990234375,2198.89990234375,2198.050048828125,2198.10009765625,19
2026-09-10 14:07:00+05:30,2199.10009765625,2199.25,2198.0,2198.050048828125,82
2026-09-10 14:08:00+05:30,2199.14990234375,2199.14990234375,2198.0,2198.050048828125,35
2026-09-10 14:09:00+05:30,2199.89990234375,2199.89990234375,2198.14990234375,2198.14990234375,35
2026-09-10 14:10:00+05:30,2198.60009765625,2199.89990234375,2198.39990234375,2199.64990234375,145
2026-09-10 14:11:00+05:30,2198.949951171875,2199.35009765625,2198.0,2198.35009765625,235
2026-09-10 14:12:00+05:30,2198.0,2198.0,2198.0,2198.0,17
2026-09-10 14:13:00+05:30,2198.050048828125,2198.85009765625,2198.0,2198.800048828125,524
2026-09-10 14:14:00+05:30,2198.0,2198.75,2198.0,2198.050048828125,276
2026-09-10 14:15:00+05:30,2198.75,2198.75,2198.0,2198.0,731
2026-09-10 14:16:00+05:30,2198.050048828125,2199.0,2198.050048828125,2198.949951171875,137
2026-09-10 14:17:00+05:30,2198.550048828125,2199.89990234375,2198.10009765625,2198.10009765625,809
2026-09-10 14:18:00+05:30,2198.25,2199.85009765625,2198.25,2199.85009765625,43
2026-09-10 14:19:00+05:30,2198.14990234375,2199.64990234375,2198.14990234375,2199.5,107
2026-09-10 14:20:00+05:30,2198.64990234375,2199.5,2198.14990234375,2198.14990234375,40
2026-09-10 14:21:00+05:30,2199.89990234375,2199.89990234375,2199.85009765625,2199.85009765625,9
2026-09-10 14:22:00+05:30,2199.35009765625,2199.89990234375,2198.64990234375,2199.89990234375,51
2026-09-10 14:23:00+05:30,2199.35009765625,2199.449951171875,2198.14990234375,2199.39990234375,38
2026-09-10 14:24:00+05:30,2200.0,2200.0,2198.800048828125,2199.64990234375,217
2026-09-10 14:25:00+05:30,2200.75,2200.89990234375,2199.449951171875,2200.0,714
2026-09-10 14:26:00+05:30,2200.550048828125,2200.949951171875,2199.0,2199.35009765625,74
2026-09-10 14:27:00+05:30,2199.39990234375,2200.5,2199.39990234375,2199.449951171875,66
2026-09-10 14:28:00+05:30,2199.39990234375,2200.199951171875,2199.39990234375,2200.199951171875,17
2026-09-10 14:29:00+05:30,2202.5,2202.5,2199.35009765625,2200.449951171875,473
2026-09-10 14:30:00+05:30,2202.449951171875,2202.5,2201.0,2201.0,490
2026-09-10 14:31:00+05:30,2202.5,2202.5,2202.0,2202.449951171875,302
2026-09-10 14:32:00+05:30,2202.5,2202.75,2202.0,2202.5,292
2026-09-10 14:33:00+05:30,2204.949951171875,2204.949951171875,2202.5,2202.5,72
2026-09-10 14:34:00+05:30,2205.800048828125,2205.800048828125,2203.89990234375,2204.89990234375,252
2026-09-10 14:35:00+05:30,2202.14990234375,2204.550048828125,2202.050048828125,2204.550048828125,106
2026-09-10 14:36:00+05:30,2203.0,2203.0,2202.14990234375,2203.0,32
2026-09-10 14:37:00+05:30,2202.699951171875,2203.0,2202.0,2202.75,171
2026-09-10 14:38:00+05:30,2203.449951171875,2203.449951171875,2201.89990234375,2201.89990234375,280
2026-09-10 14:39:00+05:30,2200.75,2203.0,2200.75,2203.0,99
2026-09-10 14:40:00+05:30,2201.10009765625,2201.89990234375,2200.75,2200.75,67
2026-09-10 14:41:00+05:30,2201.10009765625,2201.949951171875,2200.699951171875,2200.699951171875,118
2026-09-10 14:42:00+05:30,2201.35009765625,2203.25,2201.10009765625,2201.10009765625,155
2026-09-10 14:43:00+05:30,2201.75,2203.25,2201.300048828125,2202.949951171875,154
2026-09-10 14:44:00+05:30,2202.89990234375,2203.14990234375,2201.75,2201.89990234375,57
2026-09-10 14:45:00+05:30,2202.14990234375,2203.35009765625,2200.550048828125,2203.14990234375,199
2026-09-10 14:46:00+05:30,2200.800048828125,2202.199951171875,2200.75,2202.199951171875,110
2026-09-10 14:47:00+05:30,2200.75,2200.949951171875,2200.0,2200.949951171875,32
2026-09-10 14:48:00+05:30,2199.949951171875,2200.75,2199.25,2200.75,282
2026-09-10 14:49:00+05:30,2200.0,2200.35009765625,2199.949951171875,2199.949951171875,147
2026-09-10 14:50:00+05:30,2200.949951171875,2200.949951171875,2200.0,2200.550048828125,94
2026-09-10 14:51:00+05:30,2202.0,2202.0,2200.050048828125,2200.949951171875,296
2026-09-10 14:52:00+05:30,2202.800048828125,2203.0,2201.14990234375,2203.0,540
2026-09-10 14:53:00+05:30,2202.199951171875,2203.85009765625,2200.89990234375,2202.0,91
2026-09-10 14:54:00+05:30,2202.10009765625,2203.5,2202.050048828125,2202.199951171875,45
2026-09-10 14:55:00+05:30,2202.800048828125,2204.0,2202.800048828125,2203.0,172
2026-09-10 14:56:00+05:30,2204.5,2204.5,2204.35009765625,2204.5,112
2026-09-10 14:57:00+05:30,2202.64990234375,2204.5,2202.550048828125,2203.699951171875,799
2026-09-10 14:58:00+05:30,2203.5,2203.89990234375,2202.64990234375,2202.64990234375,203
2026-09-10 14:59:00+05:30,2203.0,2203.949951171875,2203.0,2203.800048828125,112
2026-09-10 15:00:00+05:30,2200.0,2203.800048828125,2200.0,2203.0,688
2026-09-10 15:01:00+05:30,2200.89990234375,2200.949951171875,2197.550048828125,2200.0,1208
2026-09-10 15:02:00+05:30,2198.449951171875,2200.89990234375,2197.449951171875,2200.89990234375,15
2026-09-10 15:03:00+05:30,2197.199951171875,2198.449951171875,2196.300048828125,2196.300048828125,190
2026-09-10 15:04:00+05:30,2197.050048828125,2198.0,2197.050048828125,2198.0,173
2026-09-10 15:05:00+05:30,2198.39990234375,2199.85009765625,2197.050048828125,2198.0,1575
2026-09-10 15:06:00+05:30,2198.39990234375,2198.800048828125,2196.300048828125,2198.199951171875,575
2026-09-10 15:07:00+05:30,2198.35009765625,2198.39990234375,2196.75,2198.39990234375,311
2026-09-10 15:08:00+05:30,2198.39990234375,2198.39990234375,2198.0,2198.0,62
2026-09-10 15:09:00+05:30,2197.0,2198.39990234375,2197.0,2198.39990234375,115
2026-09-10 15:10:00+05:30,2198.14990234375,2198.199951171875,2197.050048828125,2197.050048828125,44
2026-09-10 15:11:00+05:30,2198.050048828125,2198.14990234375,2196.0,2198.14990234375,209
2026-09-10 15:12:00+05:30,2193.85009765625,2198.39990234375,2192.0,2198.050048828125,712
2026-09-10 15:13:00+05:30,2193.0,2197.550048828125,2193.0,2194.800048828125,772
2026-09-10 15:14:00+05:30,2200.0,2200.0,2192.64990234375,2195.949951171875,466
2026-09-10 15:29:00+05:30,2216.5,2216.5,2216.5,2216.5,4487
2026-09-11 09:15:00+05:30,2221.0,2221.0,2187.60009765625,2191.300048828125,6445
2026-09-11 09:16:00+05:30,2221.699951171875,2230.949951171875,2218.89990234375,2222.0,8458
2026-09-11 09:17:00+05:30,2219.0,2226.300048828125,2211.550048828125,2225.300048828125,9852
2026-09-11 09:18:00+05:30,2219.0,2224.300048828125,2218.64990234375,2219.949951171875,5059
2026-09-11 09:19:00+05:30,2222.10009765625,2223.85009765625,2217.050048828125,2218.699951171875,3012
2026-09-11 09:20:00+05:30,2225.85009765625,2229.0,2221.39990234375,2222.050048828125,4339
2026-09-11 09:21:00+05:30,2229.800048828125,2232.0,2227.0,2228.0,5559
2026-09-11 09:22:00+05:30,2223.60009765625,2230.0,2222.0,2229.699951171875,3437
2026-09-11 09:23:00+05:30,2215.199951171875,2223.60009765625,2215.199951171875,2222.949951171875,1694
2026-09-11 09:24:00+05:30,2218.64990234375,2221.199951171875,2213.35009765625,2215.050048828125,925
2026-09-11 09:25:00+05:30,2211.800048828125,2220.0,2211.39990234375,2217.75,1619
2026-09-11 09:26:00+05:30,2205.0,2210.0,2205.0,2209.89990234375,2085
2026-09-11 09:27:00+05:30,2208.35009765625,2208.35009765625,2204.0,2205.10009765625,871
2026-09-11 09:28:00+05:30,2209.25,2210.800048828125,2207.75,2210.800048828125,1228
2026-09-11 09:29:00+05:30,2212.699951171875,2212.699951171875,2209.699951171875,2210.0,1722
2026-09-11 09:30:00+05:30,2213.5,2214.89990234375,2208.35009765625,2213.0,1144
2026-09-11 09:31:00+05:30,2212.64990234375,2216.39990234375,2212.64990234375,2214.0,665
2026-09-11 09:32:00+05:30,2208.39990234375,2212.64990234375,2208.39990234375,2211.199951171875,486
2026-09-11 09:33:00+05:30,2212.14990234375,2212.199951171875,2209.60009765625,2209.60009765625,445
2026-09-11 09:34:00+05:30,2211.85009765625,2214.0,2211.85009765625,2213.35009765625,211
2026-09-11 09:35:00+05:30,2214.39990234375,2215.0,2211.300048828125,2212.0,157
2026-09-11 09:36:00+05:30,2215.050048828125,2215.050048828125,2213.199951171875,2214.300048828125,317
2026-09-11 09:37:00+05:30,2213.85009765625,2215.800048828125,2212.5,2214.300048828125,568
2026-09-11 09:38:00+05:30,2214.199951171875,2214.89990234375,2212.39990234375,2212.89990234375,796
2026-09-11 09:39:00+05:30,2215.0,2215.64990234375,2214.14990234375,2214.199951171875,360
2026-09-11 09:40:00+05:30,2214.85009765625,2215.800048828125,2213.699951171875,2213.699951171875,441
2026-09-11 09:41:00+05:30,2215.050048828125,2215.050048828125,2214.0,2214.0,150
2026-09-11 09:42:00+05:30,2218.60009765625,2218.60009765625,2214.14990234375,2214.300048828125,454
2026-09-11 09:43:00+05:30,2215.85009765625,2218.199951171875,2215.75,2217.050048828125,393
2026-09-11 09:44:00+05:30,2217.0,2217.39990234375,2215.85009765625,2215.85009765625,145
2026-09-11 09:45:00+05:30,2214.85009765625,2220.0,2214.0,2216.199951171875,2621
2026-09-11 09:46:00+05:30,2215.449951171875,2217.64990234375,2214.050048828125,2217.64990234375,756
2026-09-11 09:47:00+05:30,2211.949951171875,2215.39990234375,2211.949951171875,2215.050048828125,708
2026-09-11 09:48:00+05:30,2213.0,2213.0,2210.550048828125,2211.0,309
2026-09-11 09:49:00+05:30,2213.75,2214.14990234375,2212.5,2212.5,276
2026-09-11 09:50:00+05:30,2212.800048828125,2213.60009765625,2212.0,2212.39990234375,322
2026-09-11 09:51:00+05:30,2211.14990234375,2212.75,2210.949951171875,2212.75,195
2026-09-11 09:52:00+05:30,2211.60009765625,2212.60009765625,2211.050048828125,2211.050048828125,143
2026-09-11 09:53:00+05:30,2210.0,2211.050048828125,2210.0,2210.949951171875,238
2026-09-11 09:54:00+05:30,2209.800048828125,2210.0,2209.0,2209.75,306
2026-09-11 09:55:00+05:30,2210.60009765625,2211.0,2209.25,2209.800048828125,234
2026-09-11 09:56:00+05:30,2209.800048828125,2210.60009765625,2209.60009765625,2210.60009765625,97
2026-09-11 09:57:00+05:30,2208.050048828125,2209.60009765625,2207.0,2209.60009765625,1234
2026-09-11 09:58:00+05:30,2212.10009765625,2212.10009765625,2209.75,2210.0,698
2026-09-11 09:59:00+05:30,2211.300048828125,2212.10009765625,2211.10009765625,2212.0,47
2026-09-11 10:00:00+05:30,2209.449951171875,2210.800048828125,2208.85009765625,2210.550048828125,30
2026-09-11 10:01:00+05:30,2211.199951171875,2212.199951171875,2209.85009765625,2210.64990234375,764
2026-09-11 10:02:00+05:30,2209.5,2211.449951171875,2209.5,2211.0,65
2026-09-11 10:03:00+05:30,2211.35009765625,2211.5,2209.800048828125,2210.85009765625,86
2026-09-11 10:04:00+05:30,2208.199951171875,2210.199951171875,2208.199951171875,2210.14990234375,368
2026-09-11 10:05:00+05:30,2208.199951171875,2209.89990234375,2208.199951171875,2209.449951171875,792
2026-09-11 10:06:00+05:30,2209.10009765625,2209.89990234375,2208.199951171875,2209.39990234375,405
2026-09-11 10:07:00+05:30,2208.449951171875,2209.35009765625,2208.0,2209.300048828125,374
2026-09-11 10:08:00+05:30,2208.14990234375,2208.14990234375,2207.10009765625,2208.0,100
2026-09-11 10:09:00+05:30,2208.89990234375,2209.10009765625,2207.699951171875,2208.199951171875,141
2026-09-11 10:10:00+05:30,2209.85009765625,2209.85009765625,2207.39990234375,2208.699951171875,60
2026-09-11 10:11:00+05:30,2209.14990234375,2210.300048828125,2208.35009765625,2209.85009765625,316
2026-09-11 10:12:00+05:30,2210.449951171875,2212.60009765625,2210.10009765625,2211.10009765625,305
2026-09-11 10:13:00+05:30,2212.050048828125,2212.050048828125,2210.75,2211.0,97
2026-09-11 10:14:00+05:30,2212.699951171875,2213.75,2211.550048828125,2212.050048828125,2471
2026-09-11 10:15:00+05:30,2210.949951171875,2212.0,2210.0,2212.0,200
2026-09-11 10:16:00+05:30,2210.050048828125,2210.949951171875,2209.050048828125,2210.949951171875,166
2026-09-11 10:17:00+05:30,2210.0,2210.0,2208.64990234375,2209.050048828125,199
2026-09-11 10:18:00+05:30,2209.89990234375,2210.449951171875,2209.0,2209.0,128
2026-09-11 10:19:00+05:30,2211.0,2211.0,2209.39990234375,2209.89990234375,88
2026-09-11 10:20:00+05:30,2212.0,2212.449951171875,2210.800048828125,2210.800048828125,117
2026-09-11 10:21:00+05:30,2210.699951171875,2211.949951171875,2210.699951171875,2210.89990234375,86
2026-09-11 10:22:00+05:30,2211.449951171875,2211.449951171875,2210.199951171875,2210.699951171875,34
2026-09-11 10:23:00+05:30,2210.0,2211.699951171875,2210.0,2210.699951171875,76
2026-09-11 10:24:00+05:30,2211.10009765625,2211.10009765625,2208.0,2210.0,130
2026-09-11 10:25:00+05:30,2210.449951171875,2211.5,2209.949951171875,2211.0,312
2026-09-11 10:26:00+05:30,2211.75,2211.75,2211.050048828125,2211.5,141
2026-09-11 10:27:00+05:30,2210.0,2212.60009765625,2210.0,2211.300048828125,636
2026-09-11 10:28:00+05:30,2203.800048828125,2210.300048828125,2203.800048828125,2210.300048828125,2417
2026-09-11 10:29:00+05:30,2202.800048828125,2204.199951171875,2201.64990234375,2204.0,519
2026-09-11 10:30:00+05:30,2206.35009765625,2206.449951171875,2203.14990234375,2203.14990234375,173
2026-09-11 10:31:00+05:30,2206.0,2207.14990234375,2205.949951171875,2206.300048828125,64
2026-09-11 10:32:00+05:30,2203.85009765625,2205.699951171875,2203.85009765625,2205.449951171875,127
2026-09-11 10:33:00+05:30,2204.0,2204.0,2202.800048828125,2203.85009765625,138
2026-09-11 10:34:00+05:30,2203.14990234375,2204.0,2203.050048828125,2204.0,222
2026-09-11 10:35:00+05:30,2203.5,2204.0,2203.5,2204.0,52
2026-09-11 10:36:00+05:30,2202.0,2204.0,2202.0,2203.949951171875,54
2026-09-11 10:37:00+05:30,2202.949951171875,2203.25,2202.0,2203.0,49
2026-09-11 10:38:00+05:30,2202.949951171875,2203.0,2202.10009765625,2202.949951171875,221
2026-09-11 10:39:00+05:30,2201.10009765625,2202.949951171875,2201.0,2202.949951171875,189
2026-09-11 10:40:00+05:30,2200.60009765625,2202.14990234375,2200.60009765625,2201.10009765625,142
2026-09-11 10:41:00+05:30,2200.35009765625,2201.64990234375,2200.300048828125,2201.0,80
2026-09-11 10:42:00+05:30,2203.800048828125,2203.800048828125,2200.14990234375,2200.35009765625,315
2026-09-11 10:43:00+05:30,2206.89990234375,2206.89990234375,2202.550048828125,2202.550048828125,1176
2026-09-11 10:44:00+05:30,2210.0,2210.0,2206.10009765625,2206.10009765625,41
2026-09-11 10:45:00+05:30,2208.35009765625,2210.550048828125,2207.050048828125,2210.0,303
2026-09-11 10:46:00+05:30,2208.64990234375,2208.64990234375,2206.5,2208.60009765625,153
2026-09-11 10:47:00+05:30,2207.60009765625,2207.75,2206.5,2207.699951171875,36
2026-09-11 10:48:00+05:30,2205.35009765625,2207.5,2204.449951171875,2207.449951171875,74
2026-09-11 10:49:00+05:30,2205.60009765625,2205.60009765625,2205.0,2205.14990234375,33
2026-09-11 10:50:00+05:30,2204.949951171875,2205.60009765625,2203.39990234375,2205.60009765625,726
2026-09-11 10:51:00+05:30,2204.0,2204.949951171875,2203.85009765625,2204.0,25
2026-09-11 10:52:00+05:30,2205.0,2205.050048828125,2204.5,2205.050048828125,59
2026-09-11 10:53:00+05:30,2206.699951171875,2206.800048828125,2204.64990234375,2204.64990234375,248
2026-09-11 10:54:00+05:30,2206.5,2207.39990234375,2205.699951171875,2205.699951171875,92
2026-09-11 10:55:00+05:30,2207.35009765625,2207.550048828125,2205.89990234375,2206.5,393
2026-09-11 10:56:00+05:30,2207.699951171875,2207.75,2206.10009765625,2206.10009765625,80
2026-09-11 10:57:00+05:30,2207.60009765625,2207.800048828125,2206.5,2207.699951171875,146
2026-09-11 10:58:00+05:30,2208.25,2208.25,2207.60009765625,2207.60009765625,60
2026-09-11 10:59:00+05:30,2206.60009765625,2209.300048828125,2206.60009765625,2208.25,163
2026-09-11 11:00:00+05:30,2208.10009765625,2208.14990234375,2207.14990234375,2207.14990234375,54
2026-09-11 11:01:00+05:30,2209.0,2209.300048828125,2207.39990234375,2208.14990234375,89
2026-09-11 11:02:00+05:30,2207.75,2208.800048828125,2207.35009765625,2207.75,225
2026-09-11 11:03:00+05:30,2208.35009765625,2209.25,2207.39990234375,2207.75,94
2026-09-11 11:04:00+05:30,2209.550048828125,2209.550048828125,2208.35009765625,2208.35009765625,114
2026-09-11 11:05:00+05:30,2209.550048828125,2210.0,2209.550048828125,2209.85009765625,77
2026-09-11 11:06:00+05:30,2208.75,2211.0,2208.0,2211.0,1043
2026-09-11 11:07:00+05:30,2208.0,2208.60009765625,2206.75,2207.60009765625,1037
2026-09-11 11:08:00+05:30,2207.0,2208.0,2207.0,2208.0,71
2026-09-11 11:09:00+05:30,2206.5,2207.10009765625,2205.949951171875,2207.0,168
2026-09-11 11:10:00+05:30,2206.0,2207.10009765625,2206.0,2206.39990234375,104
2026-09-11 11:11:00+05:30,2206.89990234375,2207.14990234375,2206.75,2207.050048828125,55
2026-09-11 11:12:00+05:30,2208.199951171875,2208.75,2207.050048828125,2207.75,115
2026-09-11 11:13:00+05:30,2208.0,2208.199951171875,2206.35009765625,2208.14990234375,122
2026-09-11 11:14:00+05:30,2208.64990234375,2208.800048828125,2207.85009765625,2207.89990234375,29
2026-09-11 11:15:00+05:30,2209.050048828125,2209.35009765625,2208.64990234375,2209.0,652
2026-09-11 11:16:00+05:30,2208.699951171875,2208.949951171875,2206.800048828125,2208.949951171875,134
2026-09-11 11:17:00+05:30,2210.0,2210.0,2208.800048828125,2208.800048828125,78
2026-09-11 11:18:00+05:30,2209.199951171875,2210.0,2208.199951171875,2209.300048828125,96
2026-09-11 11:19:00+05:30,2210.0,2210.0,2208.800048828125,2209.14990234375,70
2026-09-11 11:20:00+05:30,2209.89990234375,2211.0,2209.550048828125,2209.64990234375,115
2026-09-11 11:21:00+05:30,2208.0,2209.64990234375,2208.0,2209.39990234375,55
2026-09-11 11:22:00+05:30,2208.449951171875,2209.5,2208.050048828125,2208.89990234375,86
2026-09-11 11:23:00+05:30,2209.449951171875,2209.5,2209.449951171875,2209.5,99
2026-09-11 11:24:00+05:30,2210.89990234375,2210.89990234375,2209.449951171875,2209.449951171875,243
2026-09-11 11:25:00+05:30,2210.14990234375,2210.5,2209.10009765625,2209.10009765625,301
2026-09-11 11:26:00+05:30,2210.25,2210.25,2208.699951171875,2210.14990234375,157
2026-09-11 11:27:00+05:30,2213.5,2215.0,2210.449951171875,2215.0,1752
2026-09-11 11:28:00+05:30,2209.449951171875,2213.25,2209.449951171875,2213.25,210
2026-09-11 11:29:00+05:30,2210.0,2210.75,2209.449951171875,2209.449951171875,14
2026-09-11 11:30:00+05:30,2211.699951171875,2212.050048828125,2211.0,2211.0,309
2026-09-11 11:31:00+05:30,2211.0,2211.64990234375,2209.89990234375,2211.64990234375,56
2026-09-11 11:32:00+05:30,2217.89990234375,2217.89990234375,2210.0,2210.0,793
2026-09-11 11:33:00+05:30,2217.14990234375,2218.89990234375,2216.050048828125,2218.050048828125,252
2026-09-11 11:34:00+05:30,2216.050048828125,2217.14990234375,2216.0,2217.14990234375,95
2026-09-11 11:35:00+05:30,2212.699951171875,2217.199951171875,2212.699951171875,2216.199951171875,559
2026-09-11 11:36:00+05:30,2214.64990234375,2214.64990234375,2213.0,2213.75,42
2026-09-11 11:37:00+05:30,2213.60009765625,2215.050048828125,2213.60009765625,2214.85009765625,44
2026-09-11 11:38:00+05:30,2214.75,2215.0,2213.85009765625,2215.0,42
2026-09-11 11:39:00+05:30,2215.0,2215.0,2214.75,2214.75,57
2026-09-11 11:40:00+05:30,2221.0,2221.0,2215.0,2215.050048828125,1007
2026-09-11 11:41:00+05:30,2218.300048828125,2220.050048828125,2218.14990234375,2219.89990234375,41
2026-09-11 11:42:00+05:30,2217.0,2218.449951171875,2217.0,2217.25,105
2026-09-11 11:43:00+05:30,2215.14990234375,2217.5,2215.14990234375,2217.5,73
2026-09-11 11:44:00+05:30,2215.14990234375,2217.0,2215.14990234375,2215.89990234375,359
2026-09-11 11:45:00+05:30,2214.85009765625,2215.5,2214.85009765625,2215.39990234375,71
2026-09-11 11:46:00+05:30,2214.10009765625,2215.5,2214.10009765625,2214.550048828125,56
2026-09-11 11:47:00+05:30,2214.300048828125,2215.5,2213.199951171875,2213.199951171875,65
2026-09-11 11:48:00+05:30,2213.949951171875,2214.800048828125,2213.800048828125,2214.199951171875,11
2026-09-11 11:49:00+05:30,2213.949951171875,2215.0,2213.85009765625,2214.0,92
2026-09-11 11:50:00+05:30,2214.0,2214.949951171875,2212.949951171875,2213.800048828125,23
2026-09-11 11:51:00+05:30,2213.60009765625,2215.5,2213.60009765625,2215.25,166
2026-09-11 11:52:00+05:30,2212.949951171875,2215.0,2212.699951171875,2215.0,9
2026-09-11 11:53:00+05:30,2212.300048828125,2214.300048828125,2212.300048828125,2214.10009765625,187
2026-09-11 11:54:00+05:30,2214.050048828125,2214.10009765625,2212.5,2212.5,225
2026-09-11 11:55:00+05:30,2213.14990234375,2214.550048828125,2212.800048828125,2213.14990234375,187
2026-09-11 11:56:00+05:30,2215.39990234375,2215.949951171875,2214.300048828125,2215.0,111
2026-09-11 11:57:00+05:30,2215.550048828125,2216.699951171875,2214.300048828125,2214.64990234375,221
2026-09-11 11:58:00+05:30,2215.60009765625,2217.35009765625,2214.300048828125,2215.0,49
2026-09-11 11:59:00+05:30,2216.699951171875,2217.89990234375,2216.14990234375,2217.89990234375,5
2026-09-11 12:00:00+05:30,2214.60009765625,2218.0,2214.60009765625,2216.60009765625,321
2026-09-11 12:01:00+05:30,2211.0,2215.449951171875,2211.0,2215.449951171875,220
2026-09-11 12:02:00+05:30,2210.199951171875,2211.050048828125,2210.199951171875,2211.050048828125,93
2026-09-11 12:03:00+05:30,2208.60009765625,2210.0,2208.449951171875,2210.0,156
2026-09-11 12:04:00+05:30,2209.800048828125,2210.85009765625,2208.699951171875,2208.699951171875,253
2026-09-11 12:05:00+05:30,2211.5,2211.64990234375,2210.35009765625,2210.35009765625,48
2026-09-11 12:06:00+05:30,2209.75,2211.60009765625,2209.14990234375,2211.60009765625,49
2026-09-11 12:07:00+05:30,2209.60009765625,2210.300048828125,2208.89990234375,2208.89990234375,37
2026-09-11 12:08:00+05:30,2209.85009765625,2210.10009765625,2208.89990234375,2208.89990234375,43
2026-09-11 12:09:00+05:30,2209.35009765625,2210.85009765625,2209.0,2209.89990234375,84
2026-09-11 12:10:00+05:30,2209.35009765625,2210.449951171875,2208.89990234375,2210.449951171875,27
2026-09-11 12:11:00+05:30,2210.0,2211.550048828125,2209.050048828125,2209.050048828125,27
2026-09-11 12:12:00+05:30,2209.800048828125,2210.0,2208.89990234375,2210.0,161
2026-09-11 12:13:00+05:30,2209.10009765625,2210.050048828125,2208.14990234375,2209.699951171875,171
2026-09-11 12:14:00+05:30,2210.39990234375,2210.449951171875,2208.14990234375,2208.14990234375,20
2026-09-11 12:15:00+05:30,2209.14990234375,2211.449951171875,2209.14990234375,2210.39990234375,41
2026-09-11 12:16:00+05:30,2210.449951171875,2210.449951171875,2209.14990234375,2210.449951171875,130
2026-09-11 12:17:00+05:30,2209.300048828125,2210.75,2209.10009765625,2210.60009765625,449
2026-09-11 12:18:00+05:30,2210.89990234375,2210.89990234375,2209.0,2209.0,30
2026-09-11 12:19:00+05:30,2209.550048828125,2211.0,2209.300048828125,2210.89990234375,275
2026-09-11 12:20:00+05:30,2209.39990234375,2210.10009765625,2209.25,2209.550048828125,31
2026-09-11 12:21:00+05:30,2210.300048828125,2210.449951171875,2208.75,2208.75,193
2026-09-11 12:22:00+05:30,2210.35009765625,2210.35009765625,2209.050048828125,2209.050048828125,30
2026-09-11 12:23:00+05:30,2211.64990234375,2211.64990234375,2210.0,2210.35009765625,11
2026-09-11 12:24:00+05:30,2210.449951171875,2211.199951171875,2209.550048828125,2209.550048828125,117
2026-09-11 12:25:00+05:30,2210.449951171875,2210.5,2209.75,2210.449951171875,20
2026-09-11 12:26:00+05:30,2212.0,2212.0,2210.60009765625,2211.35009765625,165
2026-09-11 12:27:00+05:30,2210.75,2212.050048828125,2210.5,2212.050048828125,41
2026-09-11 12:28:00+05:30,2210.800048828125,2212.10009765625,2210.800048828125,2212.050048828125,8
2026-09-11 12:29:00+05:30,2210.199951171875,2210.75,2209.449951171875,2210.75,74
2026-09-11 12:30:00+05:30,2210.10009765625,2211.449951171875,2210.10009765625,2211.449951171875,39
2026-09-11 12:31:00+05:30,2210.85009765625,2212.10009765625,2210.85009765625,2211.199951171875,64
2026-09-11 12:32:00+05:30,2210.64990234375,2211.85009765625,2210.64990234375,2211.85009765625,6
2026-09-11 12:34:00+05:30,2211.300048828125,2211.300048828125,2210.64990234375,2211.14990234375,27
2026-09-11 12:35:00+05:30,2211.89990234375,2212.0,2210.699951171875,2210.699951171875,23
2026-09-11 12:36:00+05:30,2210.5,2211.89990234375,2210.5,2211.89990234375,41
2026-09-11 12:37:00+05:30,2211.75,2211.75,2210.0,2210.0,15
2026-09-11 12:38:00+05:30,2211.64990234375,2211.89990234375,2211.0,2211.89990234375,16
2026-09-11 12:39:00+05:30,2211.60009765625,2211.64990234375,2209.89990234375,2210.60009765625,86
2026-09-11 12:40:00+05:30,2210.35009765625,2211.550048828125,2210.10009765625,2211.300048828125,22
2026-09-11 12:41:00+05:30,2211.89990234375,2211.89990234375,2210.449951171875,2210.449951171875,32
2026-09-11 12:42:00+05:30,2209.800048828125,2211.75,2209.64990234375,2211.75,303
2026-09-11 12:43:00+05:30,2210.39990234375,2211.550048828125,2209.550048828125,2210.25,119
2026-09-11 12:44:00+05:30,2213.89990234375,2214.35009765625,2209.10009765625,2210.39990234375,2081
2026-09-11 12:45:00+05:30,2212.60009765625,2213.75,2212.60009765625,2213.75,74
2026-09-11 12:46:00+05:30,2212.800048828125,2212.89990234375,2210.10009765625,2212.550048828125,33
2026-09-11 12:47:00+05:30,2212.60009765625,2212.60009765625,2211.35009765625,2211.39990234375,575
2026-09-11 12:48:00+05:30,2210.300048828125,2212.64990234375,2210.300048828125,2212.64990234375,57
2026-09-11 12:49:00+05:30,2210.39990234375,2211.699951171875,2210.39990234375,2211.14990234375,29
2026-09-11 12:50:00+05:30,2210.14990234375,2211.64990234375,2210.10009765625,2211.64990234375,35
2026-09-11 12:51:00+05:30,2210.39990234375,2211.5,2210.39990234375,2210.449951171875,22
2026-09-11 12:52:00+05:30,2211.199951171875,2212.0,2211.0,2211.0,112
2026-09-11 12:53:00+05:30,2212.0,2212.0,2211.39990234375,2211.39990234375,66
2026-09-11 12:54:00+05:30,2213.199951171875,2213.199951171875,2211.75,2213.0,726
2026-09-11 12:55:00+05:30,2214.449951171875,2214.449951171875,2213.199951171875,2213.199951171875,43
2026-09-11 12:56:00+05:30,2214.449951171875,2214.5,2213.14990234375,2214.10009765625,74
2026-09-11 12:57:00+05:30,2213.550048828125,2214.0,2213.550048828125,2214.0,16
2026-09-11 12:58:00+05:30,2212.949951171875,2212.949951171875,2212.10009765625,2212.10009765625,34
2026-09-11 12:59:00+05:30,2214.300048828125,2214.300048828125,2212.0,2212.199951171875,87
2026-09-11 13:00:00+05:30,2214.0,2214.0,2213.10009765625,2213.10009765625,6
2026-09-11 13:01:00+05:30,2211.550048828125,2212.75,2211.550048828125,2212.0,38
2026-09-11 13:02:00+05:30,2212.64990234375,2212.64990234375,2211.550048828125,2212.35009765625,59
2026-09-11 13:03:00+05:30,2211.0,2212.300048828125,2211.0,2212.300048828125,36
2026-09-11 13:04:00+05:30,2210.5,2211.75,2210.5,2210.5,129
2026-09-11 13:05:00+05:30,2210.0,2211.25,2210.0,2211.25,63
2026-09-11 13:06:00+05:30,2211.39990234375,2211.39990234375,2210.0,2210.85009765625,31
2026-09-11 13:07:00+05:30,2210.699951171875,2211.449951171875,2209.89990234375,2211.449951171875,79
2026-09-11 13:08:00+05:30,2210.949951171875,2210.949951171875,2210.699951171875,2210.699951171875,263
2026-09-11 13:09:00+05:30,2209.800048828125,2210.75,2209.0,2209.5,545
2026-09-11 13:10:00+05:30,2209.0,2209.800048828125,2209.0,2209.0,62
2026-09-11 13:11:00+05:30,2211.5,2211.5,2208.25,2209.0,209
2026-09-11 13:12:00+05:30,2211.699951171875,2212.64990234375,2211.5,2211.5,249
2026-09-11 13:13:00+05:30,2213.0,2213.0,2212.0,2212.64990234375,8
2026-09-11 13:14:00+05:30,2211.199951171875,2212.0,2211.050048828125,2212.0,39
2026-09-11 13:15:00+05:30,2211.0,2211.5,2210.35009765625,2211.5,31
2026-09-11 13:16:00+05:30,2210.050048828125,2211.0,2210.050048828125,2211.0,50
2026-09-11 13:17:00+05:30,2210.199951171875,2211.0,2210.050048828125,2210.050048828125,97
2026-09-11 13:18:00+05:30,2210.0,2211.0,2210.0,2211.0,45
2026-09-11 13:19:00+05:30,2210.39990234375,2210.550048828125,2209.25,2209.89990234375,138
2026-09-11 13:20:00+05:30,2209.0,2210.800048828125,2208.89990234375,2208.89990234375,249
2026-09-11 13:21:00+05:30,2208.89990234375,2210.0,2208.5,2210.0,2180
2026-09-11 13:22:00+05:30,2209.35009765625,2209.699951171875,2209.0,2209.699951171875,151
2026-09-11 13:23:00+05:30,2208.300048828125,2209.550048828125,2208.300048828125,2209.14990234375,56
2026-09-11 13:24:00+05:30,2208.300048828125,2209.64990234375,2208.300048828125,2209.64990234375,25
2026-09-11 13:25:00+05:30,2208.0,2208.199951171875,2208.0,2208.199951171875,147
2026-09-11 13:26:00+05:30,2208.0,2208.0,2208.0,2208.0,132
2026-09-11 13:27:00+05:30,2208.0,2208.0,2207.699951171875,2207.699951171875,48
2026-09-11 13:28:00+05:30,2207.14990234375,2208.0,2206.800048828125,2208.0,542
2026-09-11 13:29:00+05:30,2206.0,2206.949951171875,2206.0,2206.0,331
2026-09-11 13:30:00+05:30,2207.0,2207.0,2206.050048828125,2206.10009765625,62
2026-09-11 13:31:00+05:30,2207.0,2207.949951171875,2207.0,2207.5,305
2026-09-11 13:32:00+05:30,2207.89990234375,2207.89990234375,2205.949951171875,2205.949951171875,1448
2026-09-11 13:33:00+05:30,2206.949951171875,2208.0,2206.10009765625,2207.0,283
2026-09-11 13:34:00+05:30,2206.0,2206.949951171875,2206.0,2206.949951171875,60
2026-09-11 13:35:00+05:30,2206.050048828125,2206.89990234375,2206.0,2206.5,49
2026-09-11 13:36:00+05:30,2207.0,2207.050048828125,2206.300048828125,2206.949951171875,96
2026-09-11 13:37:00+05:30,2207.0,2207.199951171875,2207.0,2207.10009765625,42
2026-09-11 13:38:00+05:30,2206.949951171875,2207.0,2205.85009765625,2206.300048828125,597
2026-09-11 13:39:00+05:30,2208.64990234375,2208.800048828125,2207.0,2207.0,1493
2026-09-11 13:40:00+05:30,2210.0,2210.39990234375,2209.550048828125,2210.0,65
2026-09-11 13:41:00+05:30,2208.64990234375,2209.85009765625,2206.550048828125,2208.800048828125,523
2026-09-11 13:42:00+05:30,2207.85009765625,2209.300048828125,2207.39990234375,2208.199951171875,212
2026-09-11 13:43:00+05:30,2207.800048828125,2209.050048828125,2207.75,2209.050048828125,216
2026-09-11 13:44:00+05:30,2208.64990234375,2208.89990234375,2207.25,2208.89990234375,115
2026-09-11 13:45:00+05:30,2207.89990234375,2208.64990234375,2207.0,2208.64990234375,45
2026-09-11 13:46:00+05:30,2208.25,2208.5,2207.800048828125,2208.5,26
2026-09-11 13:47:00+05:30,2208.449951171875,2208.449951171875,2208.050048828125,2208.300048828125,20
2026-09-11 13:48:00+05:30,2208.800048828125,2208.89990234375,2206.85009765625,2208.449951171875,150
2026-09-11 13:49:00+05:30,2208.64990234375,2208.800048828125,2208.64990234375,2208.699951171875,12
2026-09-11 13:50:00+05:30,2207.199951171875,2208.800048828125,2207.199951171875,2207.550048828125,32
2026-09-11 13:51:00+05:30,2207.39990234375,2208.64990234375,2205.5,2205.5,97
2026-09-11 13:52:00+05:30,2205.64990234375,2207.39990234375,2204.35009765625,2207.39990234375,684
2026-09-11 13:53:00+05:30,2205.60009765625,2205.60009765625,2204.60009765625,2205.550048828125,32
2026-09-11 13:54:00+05:30,2206.949951171875,2208.14990234375,2205.949951171875,2207.10009765625,128
2026-09-11 13:55:00+05:30,2209.25,2209.25,2206.35009765625,2206.35009765625,62
2026-09-11 13:56:00+05:30,2209.25,2209.25,2206.60009765625,2208.39990234375,97
2026-09-11 13:57:00+05:30,2208.0,2209.699951171875,2208.0,2209.699951171875,23
2026-09-11 13:58:00+05:30,2208.75,2209.0,2206.89990234375,2208.25,45
2026-09-11 13:59:00+05:30,2207.5,2208.35009765625,2207.14990234375,2208.35009765625,23
2026-09-11 14:00:00+05:30,2210.300048828125,2210.300048828125,2208.10009765625,2208.10009765625,303
2026-09-11 14:01:00+05:30,2210.35009765625,2210.35009765625,2208.800048828125,2209.550048828125,19
2026-09-11 14:02:00+05:30,2210.5,2211.0,2208.949951171875,2210.35009765625,408
2026-09-11 14:03:00+05:30,2212.949951171875,2213.0,2210.35009765625,2211.300048828125,97
2026-09-11 14:04:00+05:30,2212.35009765625,2213.800048828125,2211.64990234375,2213.800048828125,108
2026-09-11 14:05:00+05:30,2211.85009765625,2213.0,2211.85009765625,2212.550048828125,149
2026-09-11 14:06:00+05:30,2211.60009765625,2211.60009765625,2211.0,2211.60009765625,171
2026-09-11 14:07:00+05:30,2211.10009765625,2211.25,2210.35009765625,2210.35009765625,11
2026-09-11 14:08:00+05:30,2213.14990234375,2213.75,2211.699951171875,2211.699951171875,8626
2026-09-11 14:09:00+05:30,2211.550048828125,2213.550048828125,2210.0,2213.050048828125,549
2026-09-11 14:10:00+05:30,2211.14990234375,2211.39990234375,2209.89990234375,2210.199951171875,86
2026-09-11 14:11:00+05:30,2211.39990234375,2211.39990234375,2210.0,2211.14990234375,22
2026-09-11 14:12:00+05:30,2211.5,2211.5,2209.89990234375,2209.89990234375,24
2026-09-11 14:13:00+05:30,2212.64990234375,2212.64990234375,2210.35009765625,2211.5,82
2026-09-11 14:14:00+05:30,2211.75,2211.75,2211.75,2211.75,1
2026-09-11 14:15:00+05:30,2210.25,2211.89990234375,2210.25,2211.75,355
2026-09-11 14:16:00+05:30,2210.199951171875,2211.39990234375,2210.0,2210.199951171875,130
2026-09-11 14:17:00+05:30,2213.0,2213.699951171875,2210.60009765625,2210.699951171875,158
2026-09-11 14:18:00+05:30,2211.89990234375,2212.75,2211.550048828125,2212.75,10
2026-09-11 14:19:00+05:30,2211.75,2211.89990234375,2211.0,2211.89990234375,125
2026-09-11 14:20:00+05:30,2211.800048828125,2211.800048828125,2210.449951171875,2210.449951171875,47
2026-09-11 14:21:00+05:30,2210.39990234375,2211.800048828125,2210.39990234375,2210.449951171875,77
2026-09-11 14:22:00+05:30,2211.60009765625,2211.800048828125,2210.39990234375,2211.35009765625,19
2026-09-11 14:23:00+05:30,2210.75,2210.75,2210.75,2210.75,20
2026-09-11 14:24:00+05:30,2210.050048828125,2211.550048828125,2210.050048828125,2211.550048828125,153
2026-09-11 14:25:00+05:30,2209.85009765625,2211.449951171875,2209.300048828125,2210.050048828125,133
2026-09-11 14:26:00+05:30,2210.64990234375,2210.64990234375,2208.25,2209.800048828125,124
2026-09-11 14:27:00+05:30,2209.949951171875,2210.699951171875,2209.10009765625,2209.800048828125,106
2026-09-11 14:28:00+05:30,2209.0,2210.0,2208.64990234375,2208.75,76
2026-09-11 14:29:00+05:30,2210.0,2211.0,2209.199951171875,2210.0,236
2026-09-11 14:30:00+05:30,2212.35009765625,2212.64990234375,2210.25,2210.949951171875,157
2026-09-11 14:31:00+05:30,2210.449951171875,2212.050048828125,2210.449951171875,2211.64990234375,81
2026-09-11 14:32:00+05:30,2211.050048828125,2212.050048828125,2211.0,2211.050048828125,95
2026-09-11 14:33:00+05:30,2211.199951171875,2212.050048828125,2210.449951171875,2212.050048828125,208
2026-09-11 14:34:00+05:30,2211.0,2211.25,2209.89990234375,2211.199951171875,307
2026-09-11 14:35:00+05:30,2210.64990234375,2210.949951171875,2210.0,2210.0,604
2026-09-11 14:36:00+05:30,2210.89990234375,2211.0,2209.25,2210.60009765625,66
2026-09-11 14:37:00+05:30,2210.949951171875,2211.0,2209.5,2209.5,63
2026-09-11 14:38:00+05:30,2210.800048828125,2210.85009765625,2210.050048828125,2210.85009765625,63
2026-09-11 14:39:00+05:30,2210.85009765625,2210.85009765625,2210.0,2210.0,7
2026-09-11 14:40:00+05:30,2210.75,2210.85009765625,2210.0,2210.85009765625,42
2026-09-11 14:41:00+05:30,2210.800048828125,2210.800048828125,2209.25,2210.0,172
2026-09-11 14:42:00+05:30,2211.0,2211.0,2210.35009765625,2210.800048828125,140
2026-09-11 14:43:00+05:30,2211.75,2211.75,2210.199951171875,2210.5,243
2026-09-11 14:44:00+05:30,2211.10009765625,2211.85009765625,2209.89990234375,2211.85009765625,438
2026-09-11 14:45:00+05:30,2210.300048828125,2211.14990234375,2210.300048828125,2211.14990234375,208
2026-09-11 14:46:00+05:30,2208.60009765625,2209.5,2208.300048828125,2209.5,31
2026-09-11 14:48:00+05:30,2208.050048828125,2209.949951171875,2208.050048828125,2209.60009765625,117
2026-09-11 14:49:00+05:30,2208.0,2208.300048828125,2207.699951171875,2208.300048828125,204
2026-09-11 14:50:00+05:30,2209.39990234375,2209.85009765625,2207.949951171875,2209.10009765625,516
2026-09-11 14:51:00+05:30,2209.39990234375,2209.39990234375,2208.050048828125,2208.39990234375,74
2026-09-11 14:52:00+05:30,2208.800048828125,2209.75,2208.199951171875,2208.199951171875,260
2026-09-11 14:53:00+05:30,2210.35009765625,2210.35009765625,2208.800048828125,2208.800048828125,81
2026-09-11 14:54:00+05:30,2209.89990234375,2210.449951171875,2209.35009765625,2210.449951171875,18
2026-09-11 14:55:00+05:30,2207.25,2210.449951171875,2207.25,2210.25,1153
2026-09-11 14:56:00+05:30,2208.10009765625,2208.89990234375,2206.60009765625,2207.39990234375,580
2026-09-11 14:57:00+05:30,2208.199951171875,2208.199951171875,2207.0,2208.14990234375,96
2026-09-11 14:58:00+05:30,2207.25,2208.199951171875,2207.0,2207.050048828125,37
2026-09-11 14:59:00+05:30,2206.75,2207.60009765625,2205.75,2206.60009765625,160
2026-09-11 15:00:00+05:30,2204.85009765625,2206.0,2203.0,2206.0,1354
2026-09-11 15:01:00+05:30,2204.0,2205.449951171875,2203.550048828125,2204.75,792
2026-09-11 15:02:00+05:30,2205.60009765625,2206.14990234375,2205.0,2205.14990234375,85
2026-09-11 15:03:00+05:30,2204.0,2206.050048828125,2204.0,2205.0,71
2026-09-11 15:04:00+05:30,2203.050048828125,2205.14990234375,2203.050048828125,2205.14990234375,1033
2026-09-11 15:05:00+05:30,2204.199951171875,2204.75,2203.699951171875,2204.699951171875,66
2026-09-11 15:06:00+05:30,2204.0,2205.199951171875,2202.449951171875,2204.25,507
2026-09-11 15:07:00+05:30,2203.199951171875,2205.14990234375,2203.0,2204.0,567
2026-09-11 15:08:00+05:30,2204.85009765625,2204.949951171875,2202.25,2204.64990234375,325
2026-09-11 15:09:00+05:30,2204.199951171875,2204.89990234375,2204.0,2204.0,198
2026-09-11 15:10:00+05:30,2205.0,2205.14990234375,2203.0,2203.0,316
2026-09-11 15:11:00+05:30,2205.14990234375,2205.14990234375,2204.0,2204.5,180
2026-09-11 15:12:00+05:30,2204.85009765625,2208.0,2204.699951171875,2205.14990234375,601
2026-09-11 15:13:00+05:30,2208.949951171875,2208.949951171875,2204.64990234375,2205.5,779
2026-09-11 15:14:00+05:30,2208.85009765625,2210.0,2205.050048828125,2207.050048828125,133
2026-09-11 15:15:00+05:30,2208.0,2208.0,2208.0,2208.0,2
2026-09-11 15:28:00+05:30,2202.0,2202.0,2202.0,2202.0,1175
2026-09-15 09:15:00+05:30,2282.10009765625,2284.449951171875,2269.85009765625,2275.0,24546
2026-09-15 09:16:00+05:30,2304.5,2306.0,2281.14990234375,2283.050048828125,16130
2026-09-15 09:17:00+05:30,2304.199951171875,2309.0,2297.550048828125,2304.5,11373
2026-09-15 09:18:00+05:30,2305.0,2309.949951171875,2299.550048828125,2304.10009765625,13525
2026-09-15 09:19:00+05:30,2315.550048828125,2316.800048828125,2303.550048828125,2303.60009765625,8469
2026-09-15 09:20:00+05:30,2314.0,2319.050048828125,2311.39990234375,2315.550048828125,4780
2026-09-15 09:21:00+05:30,2309.35009765625,2314.0,2307.800048828125,2314.0,4241
2026-09-15 09:22:00+05:30,2309.699951171875,2313.050048828125,2308.35009765625,2309.64990234375,5909
2026-09-15 09:23:00+05:30,2313.5,2315.5,2310.0,2310.0,3358
2026-09-15 09:24:00+05:30,2311.64990234375,2317.0,2310.0,2314.0,5482
2026-09-15 09:25:00+05:30,2313.85009765625,2317.0,2310.550048828125,2310.550048828125,7563
2026-09-15 09:26:00+05:30,2312.75,2314.949951171875,2310.0,2313.949951171875,3373
2026-09-15 09:27:00+05:30,2318.550048828125,2318.60009765625,2311.89990234375,2313.89990234375,5679
2026-09-15 09:28:00+05:30,2317.5,2322.0,2316.199951171875,2316.199951171875,8239
2026-09-15 09:29:00+05:30,2314.5,2319.0,2314.300048828125,2317.5,3194
2026-09-15 09:30:00+05:30,2312.0,2317.35009765625,2312.0,2316.0,2817
2026-09-15 09:31:00+05:30,2313.800048828125,2313.800048828125,2310.0,2311.10009765625,2292
2026-09-15 09:32:00+05:30,2316.699951171875,2317.300048828125,2312.10009765625,2314.0,2435
2026-09-15 09:33:00+05:30,2316.0,2321.0,2316.0,2316.75,7482
2026-09-15 09:34:00+05:30,2316.0,2320.949951171875,2315.75,2316.75,2089
2026-09-15 09:35:00+05:30,2319.0,2320.0,2315.75,2317.0,2137
2026-09-15 09:36:00+05:30,2318.449951171875,2319.0,2314.85009765625,2319.0,3456
2026-09-15 09:37:00+05:30,2310.550048828125,2319.0,2310.10009765625,2319.0,4974
2026-09-15 09:38:00+05:30,2314.39990234375,2317.14990234375,2310.75,2310.75,2794
2026-09-15 09:39:00+05:30,2313.25,2316.800048828125,2310.25,2314.5,1218
2026-09-15 09:40:00+05:30,2312.14990234375,2316.0,2311.699951171875,2314.39990234375,1480
2026-09-15 09:41:00+05:30,2314.89990234375,2317.85009765625,2311.0,2312.5,1337
2026-09-15 09:42:00+05:30,2315.0,2317.550048828125,2314.0,2315.550048828125,1279
2026-09-15 09:43:00+05:30,2315.550048828125,2317.949951171875,2314.60009765625,2315.10009765625,1869
2026-09-15 09:44:00+05:30,2316.0,2318.0,2315.300048828125,2315.300048828125,2182
2026-09-15 09:45:00+05:30,2315.300048828125,2316.0,2313.0,2315.300048828125,577
2026-09-15 09:46:00+05:30,2314.0,2316.0,2313.0,2315.300048828125,1727
2026-09-15 09:47:00+05:30,2309.199951171875,2313.0,2308.050048828125,2313.0,4148
2026-09-15 09:48:00+05:30,2308.0,2309.949951171875,2306.449951171875,2308.14990234375,1212
2026-09-15 09:49:00+05:30,2305.0,2308.949951171875,2304.199951171875,2307.199951171875,1422
2026-09-15 09:50:00+05:30,2301.89990234375,2304.39990234375,2300.0,2304.39990234375,1755
2026-09-15 09:51:00+05:30,2297.64990234375,2301.85009765625,2297.0,2300.64990234375,2103
2026-09-15 09:52:00+05:30,2294.300048828125,2298.64990234375,2293.25,2298.64990234375,976
2026-09-15 09:53:00+05:30,2292.60009765625,2295.0,2292.60009765625,2293.75,1831
2026-09-15 09:54:00+05:30,2292.25,2295.0,2291.10009765625,2294.35009765625,1036
2026-09-15 09:55:00+05:30,2287.0,2292.75,2287.0,2292.0,1971
2026-09-15 09:56:00+05:30,2280.0,2287.64990234375,2279.0,2287.0,2444
2026-09-15 09:57:00+05:30,2284.449951171875,2285.0,2280.0,2280.0,769
2026-09-15 09:58:00+05:30,2287.449951171875,2288.25,2282.050048828125,2284.0,1726
2026-09-15 09:59:00+05:30,2286.0,2288.050048828125,2286.0,2286.949951171875,525
2026-09-15 10:00:00+05:30,2284.75,2286.35009765625,2283.89990234375,2286.0,470
2026-09-15 10:01:00+05:30,2285.64990234375,2285.64990234375,2284.10009765625,2284.75,3367
2026-09-15 10:02:00+05:30,2290.0,2290.75,2284.199951171875,2285.64990234375,6782
2026-09-15 10:03:00+05:30,2286.050048828125,2290.35009765625,2285.0,2290.050048828125,735
2026-09-15 10:04:00+05:30,2287.39990234375,2288.550048828125,2286.0,2287.0,2258
2026-09-15 10:05:00+05:30,2287.0,2289.89990234375,2286.89990234375,2287.199951171875,6584
2026-09-15 10:06:00+05:30,2292.64990234375,2292.64990234375,2287.0,2287.0,7105
2026-09-15 10:07:00+05:30,2293.199951171875,2293.199951171875,2288.89990234375,2292.35009765625,1417
2026-09-15 10:08:00+05:30,2292.050048828125,2294.64990234375,2291.0,2293.60009765625,2678
2026-09-15 10:09:00+05:30,2293.5,2295.35009765625,2292.60009765625,2292.949951171875,1921
2026-09-15 10:10:00+05:30,2294.050048828125,2296.550048828125,2293.199951171875,2293.60009765625,2371
2026-09-15 10:11:00+05:30,2294.89990234375,2294.89990234375,2292.5,2293.89990234375,808
2026-09-15 10:12:00+05:30,2293.300048828125,2295.5,2293.0,2294.89990234375,1601
2026-09-15 10:13:00+05:30,2294.5,2297.35009765625,2292.699951171875,2294.39990234375,6777
2026-09-15 10:14:00+05:30,2296.949951171875,2298.10009765625,2293.35009765625,2296.85009765625,8493
2026-09-15 10:15:00+05:30,2298.949951171875,2302.85009765625,2295.699951171875,2295.699951171875,4253
2026-09-15 10:16:00+05:30,2300.800048828125,2301.64990234375,2297.300048828125,2297.949951171875,1160
2026-09-15 10:17:00+05:30,2301.050048828125,2301.64990234375,2299.0,2301.0,3226
2026-09-15 10:18:00+05:30,2303.699951171875,2304.39990234375,2300.050048828125,2302.39990234375,3583
2026-09-15 10:19:00+05:30,2309.0,2309.0,2301.75,2303.85009765625,2158
2026-09-15 10:20:00+05:30,2300.64990234375,2310.0,2300.0,2309.0,5891
2026-09-15 10:21:00+05:30,2299.699951171875,2300.5,2298.449951171875,2300.0,610
2026-09-15 10:22:00+05:30,2301.64990234375,2301.75,2298.89990234375,2298.949951171875,358
2026-09-15 10:23:00+05:30,2302.60009765625,2302.85009765625,2300.10009765625,2301.85009765625,923
2026-09-15 10:24:00+05:30,2300.0,2303.25,2300.0,2303.0,1113
2026-09-15 10:25:00+05:30,2301.449951171875,2302.75,2300.050048828125,2300.050048828125,142
2026-09-15 10:26:00+05:30,2302.949951171875,2304.0,2301.449951171875,2301.449951171875,1221
2026-09-15 10:27:00+05:30,2300.39990234375,2304.800048828125,2300.14990234375,2302.949951171875,1603
2026-09-15 10:28:00+05:30,2298.85009765625,2300.300048828125,2298.85009765625,2299.699951171875,1035
2026-09-15 10:29:00+05:30,2297.550048828125,2298.64990234375,2296.64990234375,2298.0,284
2026-09-15 10:30:00+05:30,2299.199951171875,2300.0,2296.5,2298.300048828125,381
2026-09-15 10:31:00+05:30,2300.0,2302.0,2299.35009765625,2300.0,2034
2026-09-15 10:32:00+05:30,2300.64990234375,2300.64990234375,2298.300048828125,2300.25,352
2026-09-15 10:33:00+05:30,2302.0,2302.35009765625,2300.89990234375,2301.25,417
2026-09-15 10:34:00+05:30,2300.0,2302.0,2300.0,2301.5,238
2026-09-15 10:35:00+05:30,2301.0,2301.10009765625,2300.0,2300.0,220
2026-09-15 10:36:00+05:30,2302.300048828125,2302.300048828125,2300.0,2301.75,619
2026-09-15 10:37:00+05:30,2302.85009765625,2303.0,2301.699951171875,2302.85009765625,354
2026-09-15 10:38:00+05:30,2300.89990234375,2302.800048828125,2300.35009765625,2302.800048828125,990
2026-09-15 10:39:00+05:30,2299.449951171875,2301.199951171875,2299.14990234375,2301.0,504
2026-09-15 10:40:00+05:30,2298.800048828125,2299.449951171875,2297.10009765625,2298.699951171875,520
2026-09-15 10:41:00+05:30,2299.449951171875,2299.550048828125,2297.89990234375,2298.5,85
2026-09-15 10:42:00+05:30,2299.0,2299.85009765625,2298.199951171875,2298.199951171875,1124
2026-09-15 10:43:00+05:30,2300.0,2300.0,2298.800048828125,2299.5,1595
2026-09-15 10:44:00+05:30,2300.699951171875,2301.199951171875,2300.0,2300.0,260
2026-09-15 10:45:00+05:30,2301.949951171875,2301.949951171875,2299.699951171875,2300.699951171875,500
2026-09-15 10:46:00+05:30,2299.0,2302.0,2299.0,2301.89990234375,1998
2026-09-15 10:47:00+05:30,2300.0,2301.35009765625,2299.449951171875,2299.949951171875,398
2026-09-15 10:48:00+05:30,2301.800048828125,2302.199951171875,2300.0,2300.0,372
2026-09-15 10:49:00+05:30,2300.39990234375,2301.75,2300.0,2301.5,633
2026-09-15 10:50:00+05:30,2309.35009765625,2309.35009765625,2301.75,2301.800048828125,4080
2026-09-15 10:51:00+05:30,2304.0,2308.550048828125,2304.0,2308.550048828125,808
2026-09-15 10:52:00+05:30,2305.60009765625,2306.14990234375,2304.0,2304.0,434
2026-09-15 10:53:00+05:30,2304.5,2305.60009765625,2304.5,2305.0,1000
2026-09-15 10:54:00+05:30,2305.89990234375,2307.800048828125,2303.800048828125,2305.0,635
2026-09-15 10:55:00+05:30,2307.300048828125,2309.0,2305.35009765625,2305.89990234375,1383
2026-09-15 10:56:00+05:30,2313.699951171875,2315.39990234375,2307.800048828125,2308.949951171875,5390
2026-09-15 10:57:00+05:30,2315.64990234375,2317.0,2313.35009765625,2313.699951171875,1977
2026-09-15 10:58:00+05:30,2317.0,2317.89990234375,2312.75,2315.550048828125,1566
2026-09-15 10:59:00+05:30,2315.300048828125,2317.0,2314.64990234375,2316.10009765625,1689
2026-09-15 11:00:00+05:30,2318.5,2318.949951171875,2315.35009765625,2315.35009765625,2917
2026-09-15 11:01:00+05:30,2317.75,2319.550048828125,2315.25,2318.5,2442
2026-09-15 11:02:00+05:30,2315.5,2318.949951171875,2315.5,2317.800048828125,1544
2026-09-15 11:03:00+05:30,2317.0,2318.25,2315.5,2315.5,1346
2026-09-15 11:04:00+05:30,2319.550048828125,2320.0,2316.60009765625,2316.60009765625,5609
2026-09-15 11:05:00+05:30,2321.60009765625,2322.5,2320.5,2321.5,6632
2026-09-15 11:06:00+05:30,2316.14990234375,2321.60009765625,2316.0,2321.60009765625,1177
2026-09-15 11:07:00+05:30,2312.64990234375,2317.699951171875,2311.39990234375,2316.199951171875,2031
2026-09-15 11:08:00+05:30,2311.14990234375,2313.300048828125,2311.14990234375,2312.699951171875,627
2026-09-15 11:09:00+05:30,2315.699951171875,2316.75,2311.89990234375,2312.35009765625,534
2026-09-15 11:10:00+05:30,2315.800048828125,2318.949951171875,2315.800048828125,2316.35009765625,1923
2026-09-15 11:11:00+05:30,2311.39990234375,2318.0,2311.39990234375,2316.0,736
2026-09-15 11:12:00+05:30,2313.14990234375,2315.39990234375,2312.60009765625,2314.64990234375,1365
2026-09-15 11:13:00+05:30,2313.75,2314.85009765625,2312.550048828125,2314.199951171875,756
2026-09-15 11:14:00+05:30,2313.89990234375,2315.14990234375,2313.14990234375,2314.60009765625,374
2026-09-15 11:15:00+05:30,2313.800048828125,2314.85009765625,2312.10009765625,2314.64990234375,343
2026-09-15 11:16:00+05:30,2312.800048828125,2316.0,2312.14990234375,2312.64990234375,751
2026-09-15 11:17:00+05:30,2310.60009765625,2314.5,2310.60009765625,2313.5,729
2026-09-15 11:18:00+05:30,2311.64990234375,2313.699951171875,2311.64990234375,2311.699951171875,369
2026-09-15 11:19:00+05:30,2312.85009765625,2312.85009765625,2311.0,2311.89990234375,305
2026-09-15 11:20:00+05:30,2313.949951171875,2313.949951171875,2311.10009765625,2312.0,436
2026-09-15 11:21:00+05:30,2316.0,2316.0,2313.800048828125,2314.0,1065
2026-09-15 11:22:00+05:30,2316.0,2318.0,2315.050048828125,2316.0,659
2026-09-15 11:23:00+05:30,2315.14990234375,2317.199951171875,2315.0,2316.0,1918
2026-09-15 11:24:00+05:30,2315.800048828125,2316.85009765625,2315.0,2316.60009765625,1063
2026-09-15 11:25:00+05:30,2315.39990234375,2316.85009765625,2314.75,2315.10009765625,586
2026-09-15 11:26:00+05:30,2314.0,2315.89990234375,2314.0,2315.39990234375,221
2026-09-15 11:27:00+05:30,2314.949951171875,2315.0,2312.199951171875,2314.0,257
2026-09-15 11:28:00+05:30,2314.0,2315.64990234375,2313.199951171875,2315.0,1084
2026-09-15 11:29:00+05:30,2312.199951171875,2314.0,2312.199951171875,2313.199951171875,196
2026-09-15 11:30:00+05:30,2315.0,2316.0,2313.39990234375,2313.39990234375,2178
2026-09-15 11:31:00+05:30,2315.0,2316.0,2315.0,2316.0,330
2026-09-15 11:32:00+05:30,2318.0,2318.0,2313.800048828125,2314.199951171875,1172
2026-09-15 11:33:00+05:30,2316.35009765625,2317.5,2313.75,2317.5,963
2026-09-15 11:34:00+05:30,2315.699951171875,2316.0,2314.85009765625,2316.0,118
2026-09-15 11:35:00+05:30,2314.949951171875,2314.949951171875,2313.35009765625,2313.89990234375,118
2026-09-15 11:36:00+05:30,2318.5,2318.5,2314.5,2314.5,1279
2026-09-15 11:37:00+05:30,2317.449951171875,2319.699951171875,2317.449951171875,2318.0,1892
2026-09-15 11:38:00+05:30,2320.0,2320.0,2317.39990234375,2318.75,3398
2026-09-15 11:39:00+05:30,2319.10009765625,2320.0,2318.949951171875,2320.0,609
2026-09-15 11:40:00+05:30,2317.550048828125,2319.89990234375,2317.550048828125,2319.89990234375,717
2026-09-15 11:41:00+05:30,2316.949951171875,2317.64990234375,2316.949951171875,2317.35009765625,265
2026-09-15 11:42:00+05:30,2315.699951171875,2316.949951171875,2314.550048828125,2316.14990234375,427
2026-09-15 11:43:00+05:30,2315.0,2316.39990234375,2313.85009765625,2314.550048828125,1401
2026-09-15 11:44:00+05:30,2317.949951171875,2319.050048828125,2314.300048828125,2314.300048828125,1432
2026-09-15 11:45:00+05:30,2318.75,2319.0,2317.60009765625,2318.10009765625,290
2026-09-15 11:46:00+05:30,2316.14990234375,2318.699951171875,2316.0,2318.699951171875,246
2026-09-15 11:47:00+05:30,2316.449951171875,2317.14990234375,2315.5,2317.10009765625,215
2026-09-15 11:48:00+05:30,2316.25,2316.449951171875,2314.550048828125,2316.449951171875,128
2026-09-15 11:49:00+05:30,2315.0,2316.39990234375,2314.25,2315.35009765625,846
2026-09-15 11:50:00+05:30,2314.25,2315.800048828125,2314.25,2315.0,324
2026-09-15 11:51:00+05:30,2316.0,2316.0,2313.75,2313.75,330
2026-09-15 11:52:00+05:30,2314.85009765625,2315.800048828125,2314.0,2315.800048828125,330
2026-09-15 11:53:00+05:30,2312.25,2314.0,2312.0,2314.0,271
2026-09-15 11:54:00+05:30,2312.050048828125,2314.0,2312.0,2312.199951171875,8517
2026-09-15 11:55:00+05:30,2312.25,2312.449951171875,2310.550048828125,2312.050048828125,845
2026-09-15 11:56:00+05:30,2310.949951171875,2312.300048828125,2310.75,2311.75,170
2026-09-15 11:57:00+05:30,2311.10009765625,2311.75,2310.300048828125,2311.35009765625,487
2026-09-15 11:58:00+05:30,2311.0,2311.39990234375,2310.10009765625,2310.10009765625,271
2026-09-15 11:59:00+05:30,2311.300048828125,2311.699951171875,2310.60009765625,2311.10009765625,429
2026-09-15 12:00:00+05:30,2310.300048828125,2312.0,2310.300048828125,2311.199951171875,312
2026-09-15 12:01:00+05:30,2310.050048828125,2311.10009765625,2310.050048828125,2311.10009765625,538
2026-09-15 12:02:00+05:30,2309.0,2310.050048828125,2307.60009765625,2310.050048828125,5532
2026-09-15 12:03:00+05:30,2310.10009765625,2310.10009765625,2307.5,2308.10009765625,542
2026-09-15 12:04:00+05:30,2310.300048828125,2311.10009765625,2308.0,2309.300048828125,319
2026-09-15 12:05:00+05:30,2311.39990234375,2312.10009765625,2310.300048828125,2310.300048828125,271
2026-09-15 12:06:00+05:30,2310.10009765625,2311.10009765625,2308.89990234375,2311.10009765625,930
2026-09-15 12:07:00+05:30,2308.199951171875,2309.0,2308.0,2308.0,13
2026-09-15 12:08:00+05:30,2309.85009765625,2310.0,2309.0,2309.0,113
2026-09-15 12:09:00+05:30,2307.0,2309.89990234375,2307.0,2308.35009765625,140
2026-09-15 12:10:00+05:30,2307.199951171875,2307.25,2305.60009765625,2305.60009765625,103
2026-09-15 12:11:00+05:30,2308.60009765625,2309.85009765625,2307.0,2307.0,284
2026-09-15 12:12:00+05:30,2309.60009765625,2309.89990234375,2308.60009765625,2309.64990234375,140
2026-09-15 12:13:00+05:30,2309.60009765625,2309.949951171875,2308.64990234375,2309.60009765625,120
2026-09-15 12:14:00+05:30,2310.0,2310.0,2308.60009765625,2309.60009765625,209
2026-09-15 12:15:00+05:30,2309.89990234375,2310.0,2308.85009765625,2308.949951171875,91
2026-09-15 12:16:00+05:30,2310.35009765625,2310.550048828125,2309.199951171875,2310.0,270
2026-09-15 12:17:00+05:30,2311.10009765625,2311.89990234375,2310.39990234375,2310.550048828125,146
2026-09-15 12:18:00+05:30,2309.5,2311.10009765625,2308.60009765625,2311.10009765625,371
2026-09-15 12:19:00+05:30,2309.449951171875,2311.0,2308.85009765625,2310.0,171
2026-09-15 12:20:00+05:30,2309.5,2311.050048828125,2309.0,2309.300048828125,105
2026-09-15 12:21:00+05:30,2310.199951171875,2310.199951171875,2309.5,2309.699951171875,258
2026-09-15 12:22:00+05:30,2309.5,2310.5,2309.5,2310.0,223
2026-09-15 12:23:00+05:30,2309.5,2311.0,2309.449951171875,2309.5,285
2026-09-15 12:24:00+05:30,2308.550048828125,2310.64990234375,2308.550048828125,2309.35009765625,348
2026-09-15 12:25:00+05:30,2309.25,2309.800048828125,2308.050048828125,2309.0,145
2026-09-15 12:26:00+05:30,2307.75,2308.85009765625,2307.699951171875,2308.85009765625,70
2026-09-15 12:27:00+05:30,2308.25,2309.449951171875,2307.39990234375,2307.39990234375,52
2026-09-15 12:28:00+05:30,2308.25,2309.39990234375,2308.25,2308.25,70
2026-09-15 12:29:00+05:30,2307.64990234375,2308.60009765625,2307.64990234375,2308.60009765625,137
2026-09-15 12:30:00+05:30,2307.25,2308.85009765625,2306.050048828125,2308.85009765625,210
2026-09-15 12:31:00+05:30,2305.85009765625,2307.25,2305.0,2307.25,220
2026-09-15 12:32:00+05:30,2306.0,2306.0,2305.0,2305.0,33
2026-09-15 12:33:00+05:30,2307.0,2307.0,2306.0,2306.14990234375,22
2026-09-15 12:34:00+05:30,2306.0,2306.14990234375,2305.0,2306.14990234375,188
2026-09-15 12:35:00+05:30,2304.0,2304.0,2302.85009765625,2304.0,623
2026-09-15 12:36:00+05:30,2303.5,2303.949951171875,2302.64990234375,2303.14990234375,920
2026-09-15 12:37:00+05:30,2303.89990234375,2303.89990234375,2302.800048828125,2302.800048828125,84
2026-09-15 12:38:00+05:30,2303.0,2304.0,2302.449951171875,2302.449951171875,331
2026-09-15 12:39:00+05:30,2303.0,2303.550048828125,2302.0,2303.0,280
2026-09-15 12:40:00+05:30,2302.10009765625,2303.0,2302.10009765625,2302.5,139
2026-09-15 12:41:00+05:30,2302.949951171875,2303.550048828125,2302.10009765625,2302.10009765625,311
2026-09-15 12:42:00+05:30,2304.0,2304.0,2303.0,2303.949951171875,290
2026-09-15 12:43:00+05:30,2303.800048828125,2304.0,2303.050048828125,2303.050048828125,383
2026-09-15 12:44:00+05:30,2303.39990234375,2304.10009765625,2302.39990234375,2303.14990234375,93
2026-09-15 12:45:00+05:30,2303.550048828125,2303.550048828125,2303.300048828125,2303.39990234375,72
2026-09-15 12:46:00+05:30,2303.0,2304.199951171875,2302.35009765625,2303.050048828125,409
2026-09-15 12:47:00+05:30,2302.199951171875,2303.0,2302.0,2303.0,132
2026-09-15 12:48:00+05:30,2303.0,2303.0,2302.0,2302.199951171875,229
2026-09-15 12:49:00+05:30,2303.800048828125,2303.800048828125,2302.050048828125,2303.0,636
2026-09-15 12:50:00+05:30,2303.14990234375,2304.0,2302.449951171875,2302.449951171875,125
2026-09-15 12:51:00+05:30,2302.0,2304.0,2301.10009765625,2303.14990234375,785
2026-09-15 12:52:00+05:30,2300.89990234375,2301.14990234375,2300.0,2301.0,270
2026-09-15 12:53:00+05:30,2300.0,2301.0,2300.0,2300.0,134
2026-09-15 12:54:00+05:30,2300.0,2300.85009765625,2300.0,2300.85009765625,30
2026-09-15 12:55:00+05:30,2300.0,2301.0,2300.0,2300.800048828125,452
2026-09-15 12:56:00+05:30,2300.14990234375,2300.14990234375,2299.89990234375,2300.0,49
2026-09-15 12:57:00+05:30,2298.25,2300.64990234375,2298.25,2300.64990234375,90
2026-09-15 12:58:00+05:30,2296.0,2298.199951171875,2296.0,2298.10009765625,1005
2026-09-15 12:59:00+05:30,2296.050048828125,2297.35009765625,2296.0,2296.699951171875,109
2026-09-15 13:00:00+05:30,2297.35009765625,2297.35009765625,2296.199951171875,2296.199951171875,78
2026-09-15 13:01:00+05:30,2296.14990234375,2297.25,2295.10009765625,2297.25,225
2026-09-15 13:02:00+05:30,2297.0,2297.0,2296.39990234375,2296.39990234375,116
2026-09-15 13:03:00+05:30,2296.14990234375,2296.800048828125,2295.5,2296.10009765625,399
2026-09-15 13:04:00+05:30,2296.25,2297.199951171875,2296.0,2296.949951171875,54
2026-09-15 13:05:00+05:30,2297.25,2297.25,2296.0,2296.5,16
2026-09-15 13:06:00+05:30,2296.050048828125,2297.25,2296.0,2297.25,2040
2026-09-15 13:07:00+05:30,2295.89990234375,2296.25,2295.0,2295.699951171875,219
2026-09-15 13:08:00+05:30,2295.0,2295.75,2295.0,2295.75,492
2026-09-15 13:09:00+05:30,2294.64990234375,2295.35009765625,2294.10009765625,2295.35009765625,262
2026-09-15 13:10:00+05:30,2295.35009765625,2295.35009765625,2294.89990234375,2294.89990234375,49
2026-09-15 13:11:00+05:30,2292.949951171875,2295.10009765625,2292.699951171875,2295.10009765625,754
2026-09-15 13:12:00+05:30,2292.39990234375,2295.0,2292.39990234375,2295.0,168
2026-09-15 13:13:00+05:30,2293.5,2293.5,2292.050048828125,2292.050048828125,83
2026-09-15 13:14:00+05:30,2290.0,2290.0,2287.5,2289.0,1548
2026-09-15 13:15:00+05:30,2288.10009765625,2289.949951171875,2288.0,2289.199951171875,765
2026-09-15 13:16:00+05:30,2288.0,2289.89990234375,2288.0,2288.35009765625,849
2026-09-15 13:17:00+05:30,2283.800048828125,2288.550048828125,2282.199951171875,2288.0,2357
2026-09-15 13:18:00+05:30,2283.75,2283.75,2282.199951171875,2282.199951171875,172
2026-09-15 13:19:00+05:30,2287.699951171875,2287.699951171875,2283.550048828125,2283.64990234375,143
2026-09-15 13:20:00+05:30,2283.60009765625,2286.0,2283.60009765625,2286.0,41
2026-09-15 13:21:00+05:30,2271.85009765625,2283.60009765625,2271.0,2283.60009765625,4816
2026-09-15 13:22:00+05:30,2275.0,2275.0,2271.050048828125,2272.949951171875,1688
2026-09-15 13:23:00+05:30,2278.449951171875,2279.75,2275.60009765625,2276.25,136
2026-09-15 13:24:00+05:30,2281.0,2282.14990234375,2277.550048828125,2277.550048828125,759
2026-09-15 13:25:00+05:30,2280.14990234375,2283.199951171875,2280.14990234375,2282.25,716
2026-09-15 13:26:00+05:30,2277.5,2280.89990234375,2277.0,2280.14990234375,1400
2026-09-15 13:27:00+05:30,2278.35009765625,2278.699951171875,2277.050048828125,2278.050048828125,490
2026-09-15 13:28:00+05:30,2279.449951171875,2280.5,2278.0,2278.050048828125,685
2026-09-15 13:29:00+05:30,2280.0,2280.5,2280.0,2280.300048828125,124
2026-09-15 13:30:00+05:30,2279.050048828125,2280.35009765625,2279.0,2280.199951171875,526
2026-09-15 13:31:00+05:30,2278.050048828125,2279.699951171875,2278.0,2279.699951171875,493
2026-09-15 13:32:00+05:30,2278.60009765625,2279.699951171875,2278.5,2279.699951171875,81
2026-09-15 13:33:00+05:30,2278.0,2278.60009765625,2277.14990234375,2278.60009765625,179
2026-09-15 13:34:00+05:30,2279.0,2279.0,2277.5,2278.0,105
2026-09-15 13:35:00+05:30,2280.449951171875,2280.5,2279.0,2279.0,680
2026-09-15 13:36:00+05:30,2280.35009765625,2281.0,2279.300048828125,2280.449951171875,67
2026-09-15 13:37:00+05:30,2279.75,2279.949951171875,2279.0,2279.949951171875,86
2026-09-15 13:38:00+05:30,2279.0,2279.75,2279.0,2279.75,139
2026-09-15 13:39:00+05:30,2278.75,2279.85009765625,2278.199951171875,2279.699951171875,327
2026-09-15 13:40:00+05:30,2276.5,2280.5,2276.5,2278.75,423
2026-09-15 13:41:00+05:30,2278.300048828125,2278.300048828125,2276.39990234375,2277.89990234375,115
2026-09-15 13:42:00+05:30,2277.699951171875,2278.64990234375,2277.5,2278.300048828125,115
2026-09-15 13:43:00+05:30,2277.550048828125,2279.39990234375,2277.550048828125,2277.85009765625,141
2026-09-15 13:44:00+05:30,2273.85009765625,2278.14990234375,2272.89990234375,2278.14990234375,817
2026-09-15 13:45:00+05:30,2274.199951171875,2274.89990234375,2272.800048828125,2272.800048828125,398
2026-09-15 13:46:00+05:30,2274.0,2274.0,2273.199951171875,2273.949951171875,88
2026-09-15 13:47:00+05:30,2274.800048828125,2274.89990234375,2273.75,2274.89990234375,36
2026-09-15 13:48:00+05:30,2274.25,2275.0,2274.050048828125,2274.85009765625,113
2026-09-15 13:49:00+05:30,2274.39990234375,2276.35009765625,2274.39990234375,2275.10009765625,181
2026-09-15 13:50:00+05:30,2274.800048828125,2275.89990234375,2274.800048828125,2275.449951171875,66
2026-09-15 13:51:00+05:30,2274.949951171875,2275.35009765625,2273.699951171875,2275.0,247
2026-09-15 13:52:00+05:30,2275.800048828125,2276.449951171875,2274.60009765625,2274.949951171875,65
2026-09-15 13:53:00+05:30,2275.300048828125,2276.0,2274.85009765625,2274.85009765625,511
2026-09-15 13:54:00+05:30,2274.85009765625,2275.35009765625,2273.699951171875,2275.300048828125,313
2026-09-15 13:55:00+05:30,2275.10009765625,2275.5,2275.10009765625,2275.5,192
2026-09-15 13:56:00+05:30,2276.75,2276.75,2275.550048828125,2276.35009765625,75
2026-09-15 13:57:00+05:30,2275.35009765625,2275.35009765625,2274.550048828125,2275.0,105
2026-09-15 13:58:00+05:30,2274.5,2275.199951171875,2273.0,2275.199951171875,183
2026-09-15 13:59:00+05:30,2275.35009765625,2275.35009765625,2274.050048828125,2274.85009765625,92
2026-09-15 14:00:00+05:30,2274.75,2274.89990234375,2273.14990234375,2274.89990234375,212
2026-09-15 14:01:00+05:30,2274.0,2274.449951171875,2273.0,2273.5,203
2026-09-15 14:02:00+05:30,2273.39990234375,2273.949951171875,2272.60009765625,2272.64990234375,56
2026-09-15 14:03:00+05:30,2274.199951171875,2274.199951171875,2272.550048828125,2272.550048828125,338
2026-09-15 14:04:00+05:30,2272.800048828125,2274.10009765625,2272.0,2274.0,1812
2026-09-15 14:05:00+05:30,2273.5,2273.5,2272.050048828125,2273.449951171875,297
2026-09-15 14:06:00+05:30,2278.0,2278.0,2275.0,2275.0,880
2026-09-15 14:07:00+05:30,2276.800048828125,2279.0,2276.5,2278.300048828125,166
2026-09-15 14:08:00+05:30,2276.300048828125,2277.699951171875,2275.0,2277.699951171875,620
2026-09-15 14:09:00+05:30,2276.0,2277.0,2275.39990234375,2277.0,213
2026-09-15 14:10:00+05:30,2273.949951171875,2276.60009765625,2273.949951171875,2275.699951171875,134
2026-09-15 14:11:00+05:30,2274.39990234375,2275.14990234375,2273.949951171875,2274.050048828125,30
2026-09-15 14:12:00+05:30,2273.0,2274.0,2272.85009765625,2274.0,374
2026-09-15 14:13:00+05:30,2272.0,2272.25,2272.0,2272.050048828125,135
2026-09-15 14:14:00+05:30,2272.0,2272.199951171875,2272.0,2272.0,172
2026-09-15 14:15:00+05:30,2270.60009765625,2272.0,2270.60009765625,2272.0,545
2026-09-15 14:16:00+05:30,2268.25,2270.5,2268.14990234375,2270.5,1080
2026-09-15 14:17:00+05:30,2271.199951171875,2271.35009765625,2268.25,2268.35009765625,584
2026-09-15 14:18:00+05:30,2270.0,2271.0,2270.0,2270.949951171875,36
2026-09-15 14:19:00+05:30,2268.85009765625,2270.39990234375,2268.60009765625,2269.0,256
2026-09-15 14:20:00+05:30,2271.0,2271.0,2269.550048828125,2269.550048828125,59
2026-09-15 14:21:00+05:30,2273.64990234375,2273.85009765625,2269.800048828125,2270.5,663
2026-09-15 14:22:00+05:30,2271.949951171875,2274.0,2271.75,2272.800048828125,671
2026-09-15 14:23:00+05:30,2272.35009765625,2273.300048828125,2271.14990234375,2273.300048828125,39
2026-09-15 14:24:00+05:30,2267.64990234375,2271.89990234375,2267.64990234375,2271.89990234375,388
2026-09-15 14:25:00+05:30,2267.0,2268.800048828125,2267.0,2268.800048828125,148
2026-09-15 14:26:00+05:30,2270.699951171875,2272.050048828125,2266.75,2266.75,829
2026-09-15 14:27:00+05:30,2271.0,2272.35009765625,2271.0,2271.60009765625,305
2026-09-15 14:28:00+05:30,2269.300048828125,2272.25,2269.300048828125,2272.25,252
2026-09-15 14:29:00+05:30,2269.60009765625,2270.60009765625,2268.14990234375,2270.60009765625,239
2026-09-15 14:30:00+05:30,2268.10009765625,2269.60009765625,2268.0,2269.0,468
2026-09-15 14:31:00+05:30,2269.0,2270.10009765625,2268.050048828125,2269.25,245
2026-09-15 14:32:00+05:30,2269.10009765625,2269.449951171875,2267.64990234375,2269.449951171875,155
2026-09-15 14:33:00+05:30,2270.39990234375,2271.050048828125,2268.300048828125,2268.300048828125,235
2026-09-15 14:34:00+05:30,2269.35009765625,2271.85009765625,2269.35009765625,2270.699951171875,231
2026-09-15 14:35:00+05:30,2271.5,2271.5,2269.35009765625,2270.5,221
2026-09-15 14:36:00+05:30,2269.550048828125,2271.199951171875,2269.550048828125,2270.050048828125,123
2026-09-15 14:37:00+05:30,2269.85009765625,2270.75,2269.199951171875,2270.75,336
2026-09-15 14:38:00+05:30,2270.35009765625,2271.550048828125,2270.35009765625,2270.949951171875,127
2026-09-15 14:39:00+05:30,2272.10009765625,2273.64990234375,2270.550048828125,2270.550048828125,696
2026-09-15 14:40:00+05:30,2272.14990234375,2272.949951171875,2271.5,2272.0,126
2026-09-15 14:41:00+05:30,2271.60009765625,2272.89990234375,2270.89990234375,2272.14990234375,153
2026-09-15 14:42:00+05:30,2272.0,2272.5,2270.5,2270.5,50
2026-09-15 14:43:00+05:30,2271.300048828125,2271.550048828125,2270.0,2271.0,63
2026-09-15 14:44:00+05:30,2271.0,2271.89990234375,2270.300048828125,2271.0,142
2026-09-15 14:45:00+05:30,2269.14990234375,2271.0,2269.14990234375,2271.0,217
2026-09-15 14:46:00+05:30,2268.0,2269.25,2268.0,2269.0,317
2026-09-15 14:47:00+05:30,2268.0,2268.25,2267.0,2268.0,149
2026-09-15 14:48:00+05:30,2267.10009765625,2267.449951171875,2265.0,2267.199951171875,456
2026-09-15 14:49:00+05:30,2267.14990234375,2268.699951171875,2266.64990234375,2267.64990234375,145
2026-09-15 14:50:00+05:30,2271.0,2271.0,2266.800048828125,2267.949951171875,1313
2026-09-15 14:51:00+05:30,2270.0,2271.89990234375,2270.0,2271.89990234375,73
2026-09-15 14:52:00+05:30,2270.0,2271.5,2270.0,2271.5,105
2026-09-15 14:53:00+05:30,2269.0,2271.0,2268.699951171875,2270.39990234375,93
2026-09-15 14:54:00+05:30,2268.0,2269.0,2266.699951171875,2268.60009765625,297
2026-09-15 14:55:00+05:30,2268.39990234375,2270.0,2267.10009765625,2267.10009765625,206
2026-09-15 14:56:00+05:30,2269.5,2269.949951171875,2267.800048828125,2269.5,197
2026-09-15 14:57:00+05:30,2268.0,2268.25,2267.10009765625,2268.25,323
2026-09-15 14:58:00+05:30,2266.89990234375,2268.0,2265.949951171875,2268.0,194
2026-09-15 14:59:00+05:30,2266.75,2266.85009765625,2265.64990234375,2266.800048828125,431
2026-09-15 15:00:00+05:30,2265.0,2266.75,2265.0,2266.64990234375,408
2026-09-15 15:01:00+05:30,2267.0,2267.35009765625,2264.60009765625,2265.5,658
2026-09-15 15:02:00+05:30,2264.699951171875,2266.199951171875,2264.5,2265.699951171875,512
2026-09-15 15:03:00+05:30,2264.39990234375,2266.300048828125,2263.800048828125,2264.64990234375,408
2026-09-15 15:04:00+05:30,2265.85009765625,2266.949951171875,2264.35009765625,2265.0,519
2026-09-15 15:05:00+05:30,2264.5,2265.199951171875,2263.64990234375,2265.199951171875,1420
2026-09-15 15:06:00+05:30,2265.5,2266.39990234375,2262.5,2263.699951171875,1566
2026-09-15 15:07:00+05:30,2264.85009765625,2266.39990234375,2263.75,2265.10009765625,621
2026-09-15 15:08:00+05:30,2263.39990234375,2265.25,2263.39990234375,2264.800048828125,213
2026-09-15 15:09:00+05:30,2264.199951171875,2265.300048828125,2262.0,2264.0,658
2026-09-15 15:10:00+05:30,2265.0,2266.10009765625,2262.949951171875,2265.449951171875,171
2026-09-15 15:11:00+05:30,2264.800048828125,2267.0,2264.0,2264.800048828125,456
2026-09-15 15:12:00+05:30,2263.0,2266.949951171875,2262.0,2263.0,318
2026-09-15 15:13:00+05:30,2266.949951171875,2267.0,2263.60009765625,2265.699951171875,239
2026-09-15 15:14:00+05:30,2264.89990234375,2266.10009765625,2260.550048828125,2263.699951171875,405
2026-09-15 15:15:00+05:30,2261.199951171875,2261.199951171875,2261.199951171875,2261.199951171875,11
2026-09-15 15:29:00+05:30,2250.0,2250.0,2250.0,2250.0,1687
2026-09-16 09:15:00+05:30,2255.35009765625,2273.199951171875,2254.0,2272.0,4141
2026-09-16 09:16:00+05:30,2268.449951171875,2268.449951171875,2252.75,2254.0,2158
2026-09-16 09:17:00+05:30,2267.0,2270.0,2264.35009765625,2265.10009765625,2214
2026-09-16 09:18:00+05:30,2255.949951171875,2266.5,2254.85009765625,2263.699951171875,1609
2026-09-16 09:19:00+05:30,2254.14990234375,2254.14990234375,2250.0,2254.0,2034
2026-09-16 09:20:00+05:30,2255.0,2256.699951171875,2252.199951171875,2252.199951171875,669
2026-09-16 09:21:00+05:30,2250.35009765625,2255.60009765625,2249.800048828125,2255.0,778
2026-09-16 09:22:00+05:30,2252.25,2253.949951171875,2250.550048828125,2250.550048828125,403
2026-09-16 09:23:00+05:30,2255.050048828125,2255.800048828125,2252.0,2252.0,241
2026-09-16 09:24:00+05:30,2253.89990234375,2255.89990234375,2253.0,2255.89990234375,448
2026-09-16 09:25:00+05:30,2254.35009765625,2256.699951171875,2254.300048828125,2254.35009765625,285
2026-09-16 09:26:00+05:30,2243.75,2255.5,2243.75,2254.39990234375,1145
2026-09-16 09:27:00+05:30,2244.64990234375,2245.0,2241.5,2245.0,812
2026-09-16 09:28:00+05:30,2240.199951171875,2245.550048828125,2239.89990234375,2244.64990234375,1223
2026-09-16 09:29:00+05:30,2243.0,2243.35009765625,2236.300048828125,2238.300048828125,981
2026-09-16 09:30:00+05:30,2241.300048828125,2243.39990234375,2239.85009765625,2243.35009765625,1235
2026-09-16 09:31:00+05:30,2240.85009765625,2242.0,2239.050048828125,2239.699951171875,425
2026-09-16 09:32:00+05:30,2241.800048828125,2241.85009765625,2239.0,2239.0,480
2026-09-16 09:33:00+05:30,2243.10009765625,2246.550048828125,2242.85009765625,2242.85009765625,244
2026-09-16 09:34:00+05:30,2242.199951171875,2243.5,2240.699951171875,2243.10009765625,895
2026-09-16 09:35:00+05:30,2237.5,2240.0,2237.0,2240.0,338
2026-09-16 09:36:00+05:30,2236.949951171875,2237.199951171875,2234.449951171875,2235.89990234375,918
2026-09-16 09:37:00+05:30,2233.75,2236.949951171875,2233.0,2236.949951171875,310
2026-09-16 09:38:00+05:30,2228.89990234375,2233.800048828125,2226.14990234375,2233.10009765625,958
2026-09-16 09:39:00+05:30,2221.449951171875,2226.0,2220.39990234375,2226.0,1400
2026-09-16 09:40:00+05:30,2228.0,2230.25,2221.85009765625,2224.0,644
2026-09-16 09:41:00+05:30,2226.89990234375,2228.25,2224.25,2226.39990234375,248
2026-09-16 09:42:00+05:30,2227.800048828125,2228.60009765625,2227.0,2227.0,160
2026-09-16 09:43:00+05:30,2227.449951171875,2229.39990234375,2227.449951171875,2228.0,242
2026-09-16 09:44:00+05:30,2224.449951171875,2227.550048828125,2224.449951171875,2227.550048828125,232
2026-09-16 09:45:00+05:30,2229.0,2229.0,2224.449951171875,2224.449951171875,16
2026-09-16 09:46:00+05:30,2232.89990234375,2233.699951171875,2230.14990234375,2230.14990234375,330
2026-09-16 09:47:00+05:30,2231.10009765625,2233.0,2230.14990234375,2233.0,324
2026-09-16 09:48:00+05:30,2232.0,2232.60009765625,2231.800048828125,2231.800048828125,14
2026-09-16 09:49:00+05:30,2232.050048828125,2233.39990234375,2231.14990234375,2232.5,43
2026-09-16 09:50:00+05:30,2234.800048828125,2237.5,2231.10009765625,2232.0,476
2026-09-16 09:51:00+05:30,2237.39990234375,2238.0,2237.39990234375,2237.5,279
2026-09-16 09:52:00+05:30,2238.25,2241.800048828125,2237.0,2239.449951171875,363
2026-09-16 09:53:00+05:30,2237.699951171875,2238.699951171875,2235.050048828125,2238.699951171875,69
2026-09-16 09:54:00+05:30,2236.800048828125,2238.60009765625,2236.550048828125,2237.39990234375,40
2026-09-16 09:55:00+05:30,2238.60009765625,2239.199951171875,2237.39990234375,2238.0,17
2026-09-16 09:56:00+05:30,2237.0,2239.10009765625,2236.89990234375,2239.10009765625,290
2026-09-16 09:57:00+05:30,2238.14990234375,2238.25,2237.0,2238.25,24
2026-09-16 09:58:00+05:30,2236.75,2237.14990234375,2236.75,2236.85009765625,97
2026-09-16 09:59:00+05:30,2240.0,2240.0,2236.85009765625,2236.85009765625,135
2026-09-16 10:00:00+05:30,2238.5,2241.75,2237.0,2241.75,867
2026-09-16 10:01:00+05:30,2236.0,2239.60009765625,2236.0,2239.60009765625,41
2026-09-16 10:02:00+05:30,2234.800048828125,2234.800048828125,2232.75,2234.800048828125,261
2026-09-16 10:03:00+05:30,2236.10009765625,2236.800048828125,2234.550048828125,2236.199951171875,145
2026-09-16 10:04:00+05:30,2233.64990234375,2235.550048828125,2233.64990234375,2235.449951171875,37
2026-09-16 10:05:00+05:30,2233.699951171875,2233.699951171875,2232.39990234375,2233.449951171875,24
2026-09-16 10:06:00+05:30,2235.550048828125,2235.550048828125,2231.89990234375,2232.60009765625,514
2026-09-16 10:07:00+05:30,2230.85009765625,2236.10009765625,2228.0,2236.10009765625,1148
2026-09-16 10:08:00+05:30,2232.0,2234.64990234375,2232.0,2232.39990234375,20
2026-09-16 10:09:00+05:30,2233.5,2233.5,2231.699951171875,2233.14990234375,241
2026-09-16 10:10:00+05:30,2233.0,2234.10009765625,2233.0,2234.10009765625,91
2026-09-16 10:11:00+05:30,2235.5,2235.5,2231.60009765625,2231.60009765625,128
2026-09-16 10:12:00+05:30,2236.10009765625,2237.699951171875,2235.5,2235.5,308
2026-09-16 10:13:00+05:30,2235.25,2235.25,2233.64990234375,2234.0,246
2026-09-16 10:14:00+05:30,2234.5,2234.550048828125,2234.0,2234.0,75
2026-09-16 10:15:00+05:30,2232.050048828125,2233.60009765625,2230.800048828125,2233.60009765625,472
2026-09-16 10:16:00+05:30,2234.14990234375,2234.14990234375,2231.89990234375,2231.89990234375,310
2026-09-16 10:17:00+05:30,2231.89990234375,2234.5,2231.89990234375,2234.10009765625,83
2026-09-16 10:18:00+05:30,2232.64990234375,2233.449951171875,2232.64990234375,2233.449951171875,2
2026-09-16 10:19:00+05:30,2232.800048828125,2233.35009765625,2231.949951171875,2231.949951171875,181
2026-09-16 10:20:00+05:30,2232.39990234375,2232.550048828125,2231.14990234375,2231.14990234375,73
2026-09-16 10:21:00+05:30,2232.300048828125,2232.75,2231.449951171875,2232.10009765625,4
2026-09-16 10:22:00+05:30,2234.949951171875,2234.949951171875,2233.449951171875,2234.0,141
2026-09-16 10:23:00+05:30,2234.0,2235.0,2234.0,2235.0,4
2026-09-16 10:24:00+05:30,2235.39990234375,2236.10009765625,2234.10009765625,2235.199951171875,26
2026-09-16 10:26:00+05:30,2231.85009765625,2233.800048828125,2231.85009765625,2233.800048828125,36
2026-09-16 10:27:00+05:30,2231.75,2232.5,2231.75,2232.5,13
2026-09-16 10:28:00+05:30,2234.0,2234.0,2233.0,2233.300048828125,127
2026-09-16 10:29:00+05:30,2232.25,2233.949951171875,2232.25,2233.949951171875,14
2026-09-16 10:30:00+05:30,2231.449951171875,2232.0,2231.39990234375,2231.39990234375,4
2026-09-16 10:31:00+05:30,2228.449951171875,2231.699951171875,2228.449951171875,2231.699951171875,57
2026-09-16 10:32:00+05:30,2228.0,2229.5,2228.0,2229.25,41
2026-09-16 10:33:00+05:30,2227.89990234375,2228.050048828125,2226.949951171875,2228.0,43
2026-09-16 10:34:00+05:30,2230.0,2230.0,2226.800048828125,2226.800048828125,491
2026-09-16 10:35:00+05:30,2226.0,2228.5,2226.0,2228.5,233
2026-09-16 10:36:00+05:30,2227.5,2227.85009765625,2227.0,2227.85009765625,107
2026-09-16 10:37:00+05:30,2226.10009765625,2227.550048828125,2225.0,2227.550048828125,370
2026-09-16 10:38:00+05:30,2228.0,2228.0,2228.0,2228.0,25
2026-09-16 10:39:00+05:30,2229.199951171875,2229.199951171875,2227.550048828125,2227.550048828125,7
2026-09-16 10:40:00+05:30,2228.550048828125,2228.550048828125,2228.0,2228.39990234375,9
2026-09-16 10:41:00+05:30,2229.199951171875,2229.199951171875,2228.0,2228.0,103
2026-09-16 10:42:00+05:30,2225.0,2228.800048828125,2225.0,2228.800048828125,849
2026-09-16 10:43:00+05:30,2225.050048828125,2226.199951171875,2225.0,2225.0,351
2026-09-16 10:44:00+05:30,2224.199951171875,2225.050048828125,2223.25,2225.050048828125,1062
2026-09-16 10:45:00+05:30,2225.0,2225.0,2223.85009765625,2225.0,87
2026-09-16 10:46:00+05:30,2225.0,2225.14990234375,2224.0,2225.0,33
2026-09-16 10:47:00+05:30,2225.300048828125,2226.0,2224.300048828125,2225.0,10625
2026-09-16 10:48:00+05:30,2228.10009765625,2228.800048828125,2225.199951171875,2225.199951171875,5361
2026-09-16 10:49:00+05:30,2227.0,2229.199951171875,2225.300048828125,2228.89990234375,6133
2026-09-16 10:50:00+05:30,2226.5,2227.050048828125,2225.0,2227.050048828125,7552
2026-09-16 10:51:00+05:30,2227.300048828125,2229.14990234375,2226.5,2226.5,2091
2026-09-16 10:52:00+05:30,2227.0,2228.0,2227.0,2228.0,174
2026-09-16 10:53:00+05:30,2227.0,2227.75,2227.0,2227.0,1801
2026-09-16 10:54:00+05:30,2227.0,2228.35009765625,2227.0,2227.0,204
2026-09-16 10:55:00+05:30,2228.0,2229.199951171875,2227.0,2227.0,491
2026-09-16 10:56:00+05:30,2228.0,2228.050048828125,2228.0,2228.0,75
2026-09-16 10:57:00+05:30,2228.0,2229.35009765625,2228.0,2228.050048828125,100
2026-09-16 10:58:00+05:30,2226.75,2228.0,2226.75,2228.0,7970
2026-09-16 10:59:00+05:30,2224.699951171875,2227.0,2224.699951171875,2226.5,349
2026-09-16 11:00:00+05:30,2224.75,2226.14990234375,2224.0,2226.14990234375,32
2026-09-16 11:01:00+05:30,2226.550048828125,2227.449951171875,2226.550048828125,2226.699951171875,41
2026-09-16 11:02:00+05:30,2227.550048828125,2227.85009765625,2226.25,2227.85009765625,4
2026-09-16 11:03:00+05:30,2228.0,2228.0,2226.14990234375,2226.25,87
2026-09-16 11:04:00+05:30,2227.949951171875,2228.0,2227.39990234375,2228.0,68
2026-09-16 11:05:00+05:30,2228.0,2228.0,2227.10009765625,2227.5,91
2026-09-16 11:06:00+05:30,2228.60009765625,2229.300048828125,2228.0,2229.25,40
2026-09-16 11:07:00+05:30,2226.949951171875,2228.550048828125,2226.949951171875,2228.550048828125,34
2026-09-16 11:08:00+05:30,2224.5,2225.64990234375,2224.050048828125,2225.0,847
2026-09-16 11:09:00+05:30,2225.14990234375,2225.449951171875,2225.14990234375,2225.300048828125,42
2026-09-16 11:10:00+05:30,2225.0,2225.14990234375,2224.0,2225.0,66
2026-09-16 11:11:00+05:30,2226.35009765625,2226.35009765625,2224.949951171875,2225.0,33
2026-09-16 11:12:00+05:30,2226.550048828125,2226.550048828125,2225.5,2225.5,11
2026-09-16 11:13:00+05:30,2224.0,2226.550048828125,2224.0,2226.550048828125,73
2026-09-16 11:14:00+05:30,2223.949951171875,2224.0,2223.949951171875,2224.0,143
2026-09-16 11:15:00+05:30,2224.0,2224.0,2223.35009765625,2224.0,12
2026-09-16 11:16:00+05:30,2224.949951171875,2224.949951171875,2223.64990234375,2223.85009765625,62
2026-09-16 11:17:00+05:30,2224.5,2224.5,2223.699951171875,2223.75,6
2026-09-16 11:18:00+05:30,2223.300048828125,2224.25,2223.300048828125,2223.300048828125,29
2026-09-16 11:19:00+05:30,2221.10009765625,2223.0,2221.10009765625,2223.0,178
2026-09-16 11:20:00+05:30,2221.699951171875,2221.699951171875,2220.0,2221.449951171875,408
2026-09-16 11:21:00+05:30,2220.14990234375,2221.449951171875,2220.0,2220.300048828125,346
2026-09-16 11:22:00+05:30,2220.449951171875,2220.949951171875,2219.39990234375,2220.949951171875,57
2026-09-16 11:23:00+05:30,2221.449951171875,2221.699951171875,2220.449951171875,2221.699951171875,165
2026-09-16 11:24:00+05:30,2221.800048828125,2223.0,2221.699951171875,2221.699951171875,150
2026-09-16 11:25:00+05:30,2220.75,2220.75,2220.75,2220.75,30
2026-09-16 11:26:00+05:30,2219.39990234375,2221.050048828125,2219.39990234375,2220.75,153
2026-09-16 11:27:00+05:30,2220.050048828125,2221.800048828125,2220.050048828125,2221.800048828125,3
2026-09-16 11:28:00+05:30,2220.0,2221.10009765625,2220.0,2220.25,343
2026-09-16 11:29:00+05:30,2220.050048828125,2220.050048828125,2220.050048828125,2220.050048828125,4
2026-09-16 11:30:00+05:30,2221.199951171875,2221.199951171875,2221.199951171875,2221.199951171875,1
2026-09-16 11:31:00+05:30,2218.10009765625,2220.0,2218.0,2220.0,1165
2026-09-16 11:32:00+05:30,2218.5,2219.800048828125,2218.5,2219.0,260
2026-09-16 11:33:00+05:30,2218.64990234375,2218.800048828125,2216.85009765625,2218.5,654
2026-09-16 11:34:00+05:30,2217.050048828125,2218.0,2217.050048828125,2218.0,16
2026-09-16 11:35:00+05:30,2218.0,2218.0,2217.050048828125,2218.0,109
2026-09-16 11:36:00+05:30,2217.5,2217.949951171875,2217.0,2217.050048828125,109
2026-09-16 11:37:00+05:30,2213.39990234375,2216.0,2212.14990234375,2216.0,709
2026-09-16 11:38:00+05:30,2215.85009765625,2216.10009765625,2213.39990234375,2213.39990234375,252
2026-09-16 11:39:00+05:30,2213.60009765625,2215.0,2212.0,2215.0,209
2026-09-16 11:40:00+05:30,2212.25,2213.25,2212.0,2212.800048828125,9
2026-09-16 11:41:00+05:30,2211.25,2213.25,2210.10009765625,2213.25,537
2026-09-16 11:42:00+05:30,2209.89990234375,2211.800048828125,2209.75,2209.75,215
2026-09-16 11:43:00+05:30,2212.0,2212.0,2210.14990234375,2211.449951171875,102
2026-09-16 11:44:00+05:30,2210.550048828125,2212.0,2210.550048828125,2212.0,19
2026-09-16 11:45:00+05:30,2211.050048828125,2212.800048828125,2211.050048828125,2211.60009765625,3
2026-09-16 11:46:00+05:30,2211.0,2212.550048828125,2211.0,2212.25,13
2026-09-16 11:47:00+05:30,2211.949951171875,2211.949951171875,2211.0,2211.0,7
2026-09-16 11:48:00+05:30,2212.949951171875,2212.949951171875,2211.0,2211.0,210
2026-09-16 11:49:00+05:30,2214.199951171875,2215.5,2214.199951171875,2215.5,78
2026-09-16 11:50:00+05:30,2215.0,2217.0,2214.14990234375,2214.14990234375,14
2026-09-16 11:51:00+05:30,2215.5,2215.949951171875,2215.0,2215.0,163
2026-09-16 11:52:00+05:30,2213.85009765625,2215.60009765625,2213.85009765625,2215.60009765625,107
2026-09-16 11:53:00+05:30,2215.60009765625,2215.60009765625,2213.89990234375,2215.60009765625,118
2026-09-16 11:54:00+05:30,2216.0,2216.0,2216.0,2216.0,13
2026-09-16 11:55:00+05:30,2214.300048828125,2215.60009765625,2214.25,2214.35009765625,55
2026-09-16 11:56:00+05:30,2215.0,2215.39990234375,2215.0,2215.300048828125,215
2026-09-16 11:57:00+05:30,2215.0,2215.0,2213.89990234375,2215.0,3
2026-09-16 11:58:00+05:30,2214.0,2214.949951171875,2213.35009765625,2214.949951171875,56
2026-09-16 11:59:00+05:30,2214.0,2214.0,2213.35009765625,2214.0,3
2026-09-16 12:00:00+05:30,2214.0,2214.0,2212.949951171875,2212.949951171875,321
2026-09-16 12:01:00+05:30,2212.85009765625,2213.0,2212.85009765625,2213.0,36
2026-09-16 12:02:00+05:30,2213.800048828125,2213.89990234375,2213.800048828125,2213.89990234375,8
2026-09-16 12:03:00+05:30,2213.64990234375,2213.800048828125,2213.64990234375,2213.800048828125,2
2026-09-16 12:04:00+05:30,2213.75,2213.75,2212.10009765625,2213.35009765625,68
2026-09-16 12:05:00+05:30,2214.0,2214.0,2212.0,2212.14990234375,71
2026-09-16 12:06:00+05:30,2213.5,2215.39990234375,2213.5,2214.949951171875,75
2026-09-16 12:07:00+05:30,2215.050048828125,2215.050048828125,2213.800048828125,2213.800048828125,23
2026-09-16 12:08:00+05:30,2215.0,2215.0,2214.300048828125,2214.699951171875,30
2026-09-16 12:09:00+05:30,2213.75,2215.050048828125,2213.5,2215.0,32
2026-09-16 12:10:00+05:30,2214.10009765625,2214.10009765625,2214.10009765625,2214.10009765625,10
2026-09-16 12:11:00+05:30,2213.800048828125,2214.85009765625,2213.800048828125,2214.10009765625,15
2026-09-16 12:12:00+05:30,2213.75,2213.75,2213.75,2213.75,100
2026-09-16 12:13:00+05:30,2214.050048828125,2214.050048828125,2213.0,2213.0,13
2026-09-16 12:14:00+05:30,2212.0,2213.199951171875,2212.0,2213.199951171875,23
2026-09-16 12:15:00+05:30,2213.25,2213.25,2210.550048828125,2211.949951171875,208
2026-09-16 12:16:00+05:30,2213.14990234375,2213.14990234375,2213.14990234375,2213.14990234375,1
2026-09-16 12:17:00+05:30,2214.0,2214.0,2211.800048828125,2211.800048828125,479
2026-09-16 12:18:00+05:30,2214.64990234375,2214.64990234375,2214.0,2214.0,4980
2026-09-16 12:19:00+05:30,2214.14990234375,2214.75,2213.0,2214.75,544
2026-09-16 12:20:00+05:30,2213.0,2214.300048828125,2213.0,2214.14990234375,43
2026-09-16 12:21:00+05:30,2214.85009765625,2214.85009765625,2214.14990234375,2214.14990234375,40
2026-09-16 12:22:00+05:30,2214.10009765625,2214.75,2213.300048828125,2213.300048828125,20
2026-09-16 12:23:00+05:30,2215.39990234375,2216.0,2215.0,2215.35009765625,14
2026-09-16 12:24:00+05:30,2214.050048828125,2215.0,2214.050048828125,2215.0,4
2026-09-16 12:25:00+05:30,2214.199951171875,2215.050048828125,2214.050048828125,2215.050048828125,276
2026-09-16 12:26:00+05:30,2212.89990234375,2214.199951171875,2212.89990234375,2213.39990234375,58
2026-09-16 12:27:00+05:30,2212.5,2213.800048828125,2212.5,2213.800048828125,12
2026-09-16 12:28:00+05:30,2213.0,2213.25,2211.85009765625,2211.85009765625,136
2026-09-16 12:29:00+05:30,2214.0,2214.0,2212.949951171875,2213.0,224
2026-09-16 12:30:00+05:30,2216.5,2216.5,2214.0,2214.0,114
2026-09-16 12:31:00+05:30,2216.699951171875,2216.85009765625,2216.699951171875,2216.85009765625,29
2026-09-16 12:32:00+05:30,2216.550048828125,2216.550048828125,2216.550048828125,2216.550048828125,42
2026-09-16 12:33:00+05:30,2218.5,2218.5,2217.10009765625,2217.10009765625,120
2026-09-16 12:34:00+05:30,2216.550048828125,2217.5,2216.550048828125,2217.5,26
2026-09-16 12:36:00+05:30,2217.0,2218.300048828125,2217.0,2218.300048828125,265
2026-09-16 12:37:00+05:30,2217.0,2217.0,2216.300048828125,2216.300048828125,6
2026-09-16 12:38:00+05:30,2215.0,2217.0,2215.0,2215.050048828125,13
2026-09-16 12:39:00+05:30,2213.449951171875,2216.0,2213.449951171875,2216.0,77
2026-09-16 12:40:00+05:30,2215.35009765625,2215.35009765625,2213.60009765625,2213.60009765625,195
2026-09-16 12:41:00+05:30,2215.199951171875,2217.0,2215.199951171875,2216.10009765625,45
2026-09-16 12:42:00+05:30,2215.35009765625,2215.800048828125,2214.300048828125,2215.800048828125,45
2026-09-16 12:43:00+05:30,2217.0,2217.0,2217.0,2217.0,1
2026-09-16 12:44:00+05:30,2215.25,2215.25,2215.25,2215.25,1
2026-09-16 12:46:00+05:30,2213.10009765625,2215.25,2213.10009765625,2215.25,16
2026-09-16 12:47:00+05:30,2213.449951171875,2213.85009765625,2213.449951171875,2213.85009765625,35
2026-09-16 12:48:00+05:30,2215.199951171875,2215.199951171875,2214.5,2214.5,104
2026-09-16 12:49:00+05:30,2214.85009765625,2214.85009765625,2214.0,2214.85009765625,7
2026-09-16 12:50:00+05:30,2214.0,2214.0,2214.0,2214.0,149
2026-09-16 12:51:00+05:30,2213.949951171875,2213.949951171875,2213.0,2213.0,29
2026-09-16 12:52:00+05:30,2214.89990234375,2214.89990234375,2213.0,2213.5,211
2026-09-16 12:55:00+05:30,2213.0,2213.949951171875,2213.0,2213.949951171875,4
2026-09-16 12:56:00+05:30,2212.5,2213.0,2212.5,2213.0,14
2026-09-16 12:57:00+05:30,2211.0,2212.199951171875,2211.0,2212.199951171875,57
2026-09-16 12:58:00+05:30,2211.89990234375,2211.949951171875,2211.0,2211.0,12
2026-09-16 12:59:00+05:30,2210.800048828125,2211.89990234375,2209.25,2211.89990234375,974
2026-09-16 13:00:00+05:30,2208.64990234375,2208.75,2208.449951171875,2208.449951171875,340
2026-09-16 13:01:00+05:30,2206.5,2207.64990234375,2206.0,2207.64990234375,477
2026-09-16 13:02:00+05:30,2207.5,2207.5,2207.0,2207.0,155
2026-09-16 13:03:00+05:30,2208.14990234375,2208.35009765625,2207.0,2207.5,364
2026-09-16 13:04:00+05:30,2208.800048828125,2209.0,2208.800048828125,2208.800048828125,33
2026-09-16 13:05:00+05:30,2210.550048828125,2210.550048828125,2210.550048828125,2210.550048828125,15
2026-09-16 13:06:00+05:30,2210.85009765625,2211.0,2208.949951171875,2211.0,39
2026-09-16 13:07:00+05:30,2212.0,2212.0,2211.14990234375,2211.35009765625,10
2026-09-16 13:08:00+05:30,2210.10009765625,2212.0,2210.10009765625,2212.0,276
2026-09-16 13:09:00+05:30,2211.050048828125,2211.199951171875,2210.0,2211.199951171875,222
2026-09-16 13:10:00+05:30,2213.300048828125,2213.300048828125,2211.050048828125,2211.050048828125,238
2026-09-16 13:11:00+05:30,2211.0,2213.25,2211.0,2213.25,140
2026-09-16 13:12:00+05:30,2211.85009765625,2211.85009765625,2211.85009765625,2211.85009765625,5
2026-09-16 13:13:00+05:30,2210.14990234375,2211.35009765625,2210.14990234375,2211.35009765625,51
2026-09-16 13:14:00+05:30,2212.14990234375,2212.14990234375,2212.14990234375,2212.14990234375,211
2026-09-16 13:15:00+05:30,2211.39990234375,2211.39990234375,2211.39990234375,2211.39990234375,3
2026-09-16 13:16:00+05:30,2210.300048828125,2210.300048828125,2210.300048828125,2210.300048828125,3
2026-09-16 13:17:00+05:30,2209.0,2210.0,2209.0,2210.0,226
2026-09-16 13:18:00+05:30,2209.60009765625,2211.35009765625,2209.550048828125,2210.39990234375,41
2026-09-16 13:19:00+05:30,2211.050048828125,2211.300048828125,2211.050048828125,2211.300048828125,8
2026-09-16 13:20:00+05:30,2209.39990234375,2209.699951171875,2208.0,2209.0,993
2026-09-16 13:21:00+05:30,2207.85009765625,2209.449951171875,2207.85009765625,2209.449951171875,222
2026-09-16 13:22:00+05:30,2207.0,2208.75,2207.0,2208.75,156
2026-09-16 13:23:00+05:30,2206.050048828125,2208.25,2206.050048828125,2207.0,280
2026-09-16 13:24:00+05:30,2204.39990234375,2206.60009765625,2203.449951171875,2206.0,567
2026-09-16 13:25:00+05:30,2202.14990234375,2204.35009765625,2202.0,2204.35009765625,214
2026-09-16 13:26:00+05:30,2204.85009765625,2204.85009765625,2203.85009765625,2203.85009765625,541
2026-09-16 13:27:00+05:30,2204.449951171875,2204.449951171875,2204.449951171875,2204.449951171875,8
2026-09-16 13:28:00+05:30,2204.25,2204.25,2203.14990234375,2204.0,174
2026-09-16 13:29:00+05:30,2202.60009765625,2203.85009765625,2202.25,2202.25,44
2026-09-16 13:30:00+05:30,2204.60009765625,2204.60009765625,2202.39990234375,2203.35009765625,287
2026-09-16 13:31:00+05:30,2204.39990234375,2204.449951171875,2204.39990234375,2204.39990234375,116
2026-09-16 13:32:00+05:30,2203.300048828125,2203.300048828125,2203.300048828125,2203.300048828125,3
2026-09-16 13:33:00+05:30,2202.39990234375,2204.39990234375,2202.0,2203.39990234375,310
2026-09-16 13:34:00+05:30,2203.89990234375,2203.89990234375,2201.699951171875,2202.0,425
2026-09-16 13:35:00+05:30,2203.5,2203.89990234375,2203.5,2203.89990234375,40
2026-09-16 13:36:00+05:30,2201.0,2202.0,2201.0,2202.0,74
2026-09-16 13:37:00+05:30,2202.449951171875,2203.449951171875,2202.449951171875,2202.89990234375,12
2026-09-16 13:38:00+05:30,2202.89990234375,2203.699951171875,2202.89990234375,2203.699951171875,15
2026-09-16 13:39:00+05:30,2201.199951171875,2202.25,2201.199951171875,2201.85009765625,176
2026-09-16 13:40:00+05:30,2201.25,2202.0,2200.0,2202.0,467
2026-09-16 13:41:00+05:30,2203.0,2203.800048828125,2201.39990234375,2202.0,214
2026-09-16 13:42:00+05:30,2202.0,2203.89990234375,2202.0,2203.89990234375,292
2026-09-16 13:43:00+05:30,2202.300048828125,2203.14990234375,2201.10009765625,2201.10009765625,24
2026-09-16 13:44:00+05:30,2199.800048828125,2201.0,2199.800048828125,2201.0,1891
2026-09-16 13:45:00+05:30,2201.050048828125,2201.050048828125,2200.0,2200.0,33
2026-09-16 13:46:00+05:30,2199.5,2200.0,2199.5,2199.5,163
2026-09-16 13:47:00+05:30,2199.050048828125,2200.39990234375,2198.75,2198.75,151
2026-09-16 13:48:00+05:30,2199.0,2199.050048828125,2199.0,2199.050048828125,114
2026-09-16 13:49:00+05:30,2199.0,2199.85009765625,2198.10009765625,2199.0,7
2026-09-16 13:50:00+05:30,2198.0,2199.699951171875,2198.0,2199.699951171875,134
2026-09-16 13:51:00+05:30,2198.14990234375,2200.050048828125,2198.0,2198.64990234375,231
2026-09-16 13:52:00+05:30,2197.25,2198.14990234375,2197.25,2198.14990234375,151
2026-09-16 13:53:00+05:30,2198.050048828125,2198.89990234375,2197.449951171875,2198.89990234375,10
2026-09-16 13:54:00+05:30,2197.5,2199.5,2197.5,2199.5,6
2026-09-16 13:55:00+05:30,2196.0,2197.800048828125,2196.0,2196.14990234375,414
2026-09-16 13:56:00+05:30,2199.5,2199.5,2197.800048828125,2197.800048828125,61
2026-09-16 13:57:00+05:30,2199.0,2199.0,2198.050048828125,2199.0,18
2026-09-16 13:58:00+05:30,2199.050048828125,2199.050048828125,2198.10009765625,2199.0,154
2026-09-16 13:59:00+05:30,2198.0,2199.0,2198.0,2199.0,7
2026-09-16 14:00:00+05:30,2198.0,2198.10009765625,2198.0,2198.10009765625,107
2026-09-16 14:01:00+05:30,2198.85009765625,2198.85009765625,2197.25,2198.0,299
2026-09-16 14:02:00+05:30,2198.300048828125,2198.64990234375,2197.0,2197.0,34
2026-09-16 14:03:00+05:30,2198.0,2198.300048828125,2196.64990234375,2198.300048828125,128
2026-09-16 14:04:00+05:30,2198.0,2198.050048828125,2196.550048828125,2197.0,768
2026-09-16 14:05:00+05:30,2198.0,2198.0,2198.0,2198.0,1
2026-09-16 14:06:00+05:30,2197.800048828125,2197.800048828125,2196.300048828125,2196.550048828125,125
2026-09-16 14:07:00+05:30,2197.5,2197.89990234375,2196.199951171875,2196.199951171875,85
2026-09-16 14:08:00+05:30,2195.0,2197.5,2195.0,2197.5,411
2026-09-16 14:09:00+05:30,2195.25,2195.89990234375,2194.0,2194.10009765625,512
2026-09-16 14:10:00+05:30,2195.75,2195.75,2192.800048828125,2194.89990234375,1355
2026-09-16 14:11:00+05:30,2196.0,2196.0,2195.699951171875,2195.699951171875,25
2026-09-16 14:12:00+05:30,2196.949951171875,2196.949951171875,2195.85009765625,2196.800048828125,16
2026-09-16 14:13:00+05:30,2195.550048828125,2197.0,2193.949951171875,2197.0,236
2026-09-16 14:14:00+05:30,2194.5,2194.5,2194.5,2194.5,1
2026-09-16 14:15:00+05:30,2192.449951171875,2196.14990234375,2192.449951171875,2194.550048828125,374
2026-09-16 14:16:00+05:30,2193.5,2194.64990234375,2193.5,2194.64990234375,45
2026-09-16 14:17:00+05:30,2193.300048828125,2194.75,2192.449951171875,2194.0,286
2026-09-16 14:18:00+05:30,2194.449951171875,2194.550048828125,2192.0,2192.0,75
2026-09-16 14:19:00+05:30,2192.14990234375,2194.60009765625,2191.39990234375,2194.39990234375,254
2026-09-16 14:20:00+05:30,2192.85009765625,2192.89990234375,2192.14990234375,2192.14990234375,17
2026-09-16 14:21:00+05:30,2192.14990234375,2192.85009765625,2191.85009765625,2192.75,70
2026-09-16 14:22:00+05:30,2193.60009765625,2193.60009765625,2192.14990234375,2192.14990234375,11
2026-09-16 14:23:00+05:30,2193.0,2194.949951171875,2192.85009765625,2193.949951171875,27
2026-09-16 14:24:00+05:30,2193.75,2194.0,2191.949951171875,2193.39990234375,52
2026-09-16 14:25:00+05:30,2194.14990234375,2194.64990234375,2192.0,2192.0,122
2026-09-16 14:26:00+05:30,2193.60009765625,2193.60009765625,2191.75,2193.0,131
2026-09-16 14:27:00+05:30,2192.25,2193.14990234375,2191.0,2192.0,310
2026-09-16 14:28:00+05:30,2188.449951171875,2192.25,2188.449951171875,2192.25,886
2026-09-16 14:29:00+05:30,2187.699951171875,2189.550048828125,2187.699951171875,2189.35009765625,658
2026-09-16 14:30:00+05:30,2185.699951171875,2189.0,2184.60009765625,2188.0,1018
2026-09-16 14:31:00+05:30,2187.60009765625,2187.699951171875,2186.0,2187.449951171875,32
2026-09-16 14:32:00+05:30,2186.800048828125,2188.85009765625,2186.10009765625,2187.75,140
2026-09-16 14:33:00+05:30,2184.0,2188.39990234375,2182.949951171875,2188.39990234375,835
2026-09-16 14:34:00+05:30,2183.0,2184.75,2181.35009765625,2182.949951171875,577
2026-09-16 14:35:00+05:30,2184.699951171875,2184.699951171875,2183.0,2183.0,191
2026-09-16 14:36:00+05:30,2181.949951171875,2184.550048828125,2181.949951171875,2184.550048828125,644
2026-09-16 14:37:00+05:30,2181.800048828125,2182.60009765625,2180.300048828125,2181.5,415
2026-09-16 14:38:00+05:30,2180.949951171875,2182.199951171875,2180.050048828125,2181.0,1862
2026-09-16 14:39:00+05:30,2180.0,2181.0,2180.0,2180.199951171875,92
2026-09-16 14:40:00+05:30,2180.75,2181.050048828125,2180.0,2180.0,36
2026-09-16 14:41:00+05:30,2182.35009765625,2182.550048828125,2180.0,2180.25,363
2026-09-16 14:42:00+05:30,2181.0,2181.699951171875,2181.0,2181.0,347
2026-09-16 14:43:00+05:30,2184.199951171875,2184.199951171875,2181.699951171875,2181.699951171875,234
2026-09-16 14:44:00+05:30,2185.39990234375,2188.75,2184.0,2184.10009765625,1655
2026-09-16 14:45:00+05:30,2184.800048828125,2185.39990234375,2184.0,2185.39990234375,54
2026-09-16 14:46:00+05:30,2183.0,2185.35009765625,2183.0,2185.35009765625,224
2026-09-16 14:47:00+05:30,2184.39990234375,2185.10009765625,2184.0,2184.10009765625,975
2026-09-16 14:48:00+05:30,2183.5,2184.39990234375,2182.800048828125,2184.39990234375,68
2026-09-16 14:49:00+05:30,2183.64990234375,2183.64990234375,2183.449951171875,2183.550048828125,225
2026-09-16 14:50:00+05:30,2183.10009765625,2184.0,2183.0,2183.64990234375,201
2026-09-16 14:51:00+05:30,2185.39990234375,2185.39990234375,2182.300048828125,2182.300048828125,304
2026-09-16 14:52:00+05:30,2187.25,2187.25,2184.0,2185.449951171875,428
2026-09-16 14:53:00+05:30,2185.60009765625,2187.0,2185.0,2187.0,231
2026-09-16 14:54:00+05:30,2184.0,2185.5,2184.0,2185.5,52
2026-09-16 14:55:00+05:30,2186.85009765625,2186.85009765625,2184.0,2184.0,292
2026-09-16 14:56:00+05:30,2186.5,2187.449951171875,2186.0,2186.550048828125,74
2026-09-16 14:57:00+05:30,2186.39990234375,2186.5,2186.39990234375,2186.5,10
2026-09-16 14:58:00+05:30,2185.89990234375,2186.10009765625,2185.0,2186.0,384
2026-09-16 14:59:00+05:30,2186.25,2186.39990234375,2184.5,2186.10009765625,13
2026-09-16 15:00:00+05:30,2184.5,2186.25,2183.0,2185.25,813
2026-09-16 15:01:00+05:30,2184.300048828125,2184.300048828125,2184.300048828125,2184.300048828125,7
2026-09-16 15:02:00+05:30,2183.89990234375,2184.5,2183.800048828125,2184.5,406
2026-09-16 15:03:00+05:30,2183.800048828125,2184.449951171875,2182.0,2183.89990234375,602
2026-09-16 15:04:00+05:30,2184.10009765625,2184.10009765625,2182.60009765625,2183.60009765625,125
2026-09-16 15:05:00+05:30,2182.89990234375,2184.10009765625,2182.89990234375,2184.10009765625,720
2026-09-16 15:06:00+05:30,2181.14990234375,2182.75,2181.14990234375,2182.75,128
2026-09-16 15:07:00+05:30,2181.199951171875,2182.14990234375,2181.199951171875,2182.0,337
2026-09-16 15:08:00+05:30,2182.0,2182.89990234375,2181.35009765625,2182.0,81
2026-09-16 15:09:00+05:30,2182.699951171875,2183.699951171875,2181.39990234375,2182.0,803
2026-09-16 15:10:00+05:30,2183.10009765625,2184.449951171875,2182.0,2182.050048828125,268
2026-09-16 15:11:00+05:30,2180.0,2184.35009765625,2180.0,2183.0,1035
2026-09-16 15:12:00+05:30,2175.949951171875,2180.550048828125,2175.0,2180.0,2273
2026-09-16 15:13:00+05:30,2180.0,2180.0,2172.300048828125,2175.949951171875,1964
2026-09-16 15:14:00+05:30,2181.0,2183.300048828125,2180.0,2183.300048828125,152
2026-09-16 15:29:00+05:30,2191.5,2191.5,2191.5,2191.5,353
2026-09-17 09:15:00+05:30,2172.199951171875,2182.35009765625,2169.39990234375,2173.0,2504
2026-09-17 09:16:00+05:30,2173.39990234375,2177.0,2170.35009765625,2172.699951171875,2165
2026-09-17 09:17:00+05:30,2176.800048828125,2179.199951171875,2173.39990234375,2176.050048828125,420
2026-09-17 09:18:00+05:30,2182.5,2182.5,2175.35009765625,2176.949951171875,2791
2026-09-17 09:19:00+05:30,2178.25,2183.0,2176.5,2182.800048828125,2034
2026-09-17 09:20:00+05:30,2177.89990234375,2179.300048828125,2175.14990234375,2176.300048828125,855
2026-09-17 09:21:00+05:30,2175.75,2179.300048828125,2175.5,2178.050048828125,617
2026-09-17 09:22:00+05:30,2174.800048828125,2176.35009765625,2174.199951171875,2176.0,645
2026-09-17 09:23:00+05:30,2165.35009765625,2174.60009765625,2165.0,2174.39990234375,1350
2026-09-17 09:24:00+05:30,2163.0,2165.949951171875,2163.0,2165.0,2255
2026-09-17 09:25:00+05:30,2165.800048828125,2166.64990234375,2164.0,2164.14990234375,842
2026-09-17 09:26:00+05:30,2167.0,2167.0,2164.5,2166.0,410
2026-09-17 09:27:00+05:30,2173.39990234375,2173.39990234375,2166.800048828125,2167.0,356
2026-09-17 09:28:00+05:30,2174.5,2175.699951171875,2173.5,2174.199951171875,782
2026-09-17 09:29:00+05:30,2174.25,2175.449951171875,2173.10009765625,2174.5,137
2026-09-17 09:30:00+05:30,2174.35009765625,2175.14990234375,2173.0,2174.050048828125,121
2026-09-17 09:31:00+05:30,2177.949951171875,2177.949951171875,2173.39990234375,2173.39990234375,354
2026-09-17 09:32:00+05:30,2177.0,2177.949951171875,2176.0,2177.949951171875,297
2026-09-17 09:33:00+05:30,2175.0,2178.35009765625,2175.0,2177.0,756
2026-09-17 09:34:00+05:30,2172.550048828125,2175.449951171875,2172.050048828125,2175.0,806
2026-09-17 09:35:00+05:30,2171.300048828125,2173.0,2171.300048828125,2172.800048828125,1864
2026-09-17 09:36:00+05:30,2173.64990234375,2173.800048828125,2172.0,2172.39990234375,310
2026-09-17 09:37:00+05:30,2176.35009765625,2176.89990234375,2173.0,2173.0,387
2026-09-17 09:38:00+05:30,2176.89990234375,2177.10009765625,2175.5,2175.5,398
2026-09-17 09:39:00+05:30,2174.0,2175.5,2172.550048828125,2175.5,404
2026-09-17 09:40:00+05:30,2174.0,2174.0,2172.300048828125,2173.800048828125,624
2026-09-17 09:41:00+05:30,2171.300048828125,2174.0,2171.300048828125,2174.0,450
2026-09-17 09:42:00+05:30,2171.35009765625,2172.949951171875,2171.300048828125,2172.5,235
2026-09-17 09:43:00+05:30,2173.39990234375,2173.39990234375,2171.0,2171.300048828125,294
2026-09-17 09:44:00+05:30,2170.699951171875,2172.800048828125,2170.39990234375,2171.75,404
2026-09-17 09:45:00+05:30,2171.60009765625,2173.35009765625,2171.25,2171.60009765625,92
2026-09-17 09:46:00+05:30,2173.800048828125,2174.0,2171.0,2171.60009765625,5171
2026-09-17 09:47:00+05:30,2175.699951171875,2176.39990234375,2173.39990234375,2173.800048828125,257
2026-09-17 09:48:00+05:30,2176.5,2178.0,2175.75,2176.699951171875,206
2026-09-17 09:49:00+05:30,2172.0,2177.10009765625,2171.10009765625,2176.300048828125,1384
2026-09-17 09:50:00+05:30,2170.0,2171.39990234375,2169.0,2171.10009765625,888
2026-09-17 09:51:00+05:30,2173.14990234375,2173.35009765625,2170.0,2170.0,64
2026-09-17 09:52:00+05:30,2172.699951171875,2173.75,2171.60009765625,2173.75,144
2026-09-17 09:53:00+05:30,2172.550048828125,2173.0,2171.35009765625,2171.550048828125,324
2026-09-17 09:54:00+05:30,2171.10009765625,2173.800048828125,2171.10009765625,2172.300048828125,939
2026-09-17 09:55:00+05:30,2174.5,2175.60009765625,2172.89990234375,2172.89990234375,598
2026-09-17 09:56:00+05:30,2169.0,2174.25,2169.0,2173.25,2069
2026-09-17 09:57:00+05:30,2170.0,2170.14990234375,2168.0,2169.5,237
2026-09-17 09:58:00+05:30,2171.300048828125,2172.199951171875,2170.0,2170.0,121
2026-09-17 09:59:00+05:30,2170.0,2171.699951171875,2170.0,2171.300048828125,129
2026-09-17 10:00:00+05:30,2169.199951171875,2170.14990234375,2167.5,2170.14990234375,579
2026-09-17 10:01:00+05:30,2169.75,2170.5,2168.39990234375,2168.39990234375,377
2026-09-17 10:02:00+05:30,2171.39990234375,2171.5,2169.5,2169.5,760
2026-09-17 10:03:00+05:30,2171.5,2171.85009765625,2170.5,2171.39990234375,141
2026-09-17 10:04:00+05:30,2171.449951171875,2171.60009765625,2169.35009765625,2171.300048828125,141
2026-09-17 10:05:00+05:30,2173.64990234375,2173.800048828125,2172.60009765625,2172.60009765625,120
2026-09-17 10:06:00+05:30,2174.10009765625,2174.64990234375,2172.0,2172.050048828125,117
2026-09-17 10:07:00+05:30,2173.0,2174.10009765625,2172.050048828125,2174.10009765625,103
2026-09-17 10:08:00+05:30,2173.199951171875,2173.199951171875,2172.300048828125,2172.300048828125,133
2026-09-17 10:09:00+05:30,2174.0,2174.0,2173.0,2173.0,304
2026-09-17 10:10:00+05:30,2174.050048828125,2174.699951171875,2173.5,2174.10009765625,117
2026-09-17 10:11:00+05:30,2175.050048828125,2176.300048828125,2173.25,2173.25,112
2026-09-17 10:12:00+05:30,2174.0,2175.949951171875,2174.0,2175.050048828125,134
2026-09-17 10:13:00+05:30,2173.300048828125,2174.699951171875,2173.199951171875,2173.60009765625,417
2026-09-17 10:14:00+05:30,2173.449951171875,2173.89990234375,2170.949951171875,2173.25,739
2026-09-17 10:15:00+05:30,2174.300048828125,2175.85009765625,2173.5,2173.5,276
2026-09-17 10:16:00+05:30,2175.0,2175.35009765625,2173.949951171875,2175.35009765625,171
2026-09-17 10:17:00+05:30,2174.85009765625,2175.699951171875,2173.39990234375,2173.39990234375,1160
2026-09-17 10:18:00+05:30,2174.75,2175.5,2173.75,2175.5,48
2026-09-17 10:19:00+05:30,2174.89990234375,2174.89990234375,2174.75,2174.75,50
2026-09-17 10:20:00+05:30,2175.050048828125,2175.699951171875,2174.0,2174.89990234375,134
2026-09-17 10:21:00+05:30,2176.10009765625,2176.14990234375,2175.10009765625,2175.699951171875,403
2026-09-17 10:22:00+05:30,2174.5,2175.89990234375,2173.5,2175.0,547
2026-09-17 10:23:00+05:30,2174.0,2174.5,2173.5,2174.5,207
2026-09-17 10:24:00+05:30,2174.89990234375,2174.89990234375,2172.89990234375,2174.25,383
2026-09-17 10:25:00+05:30,2171.14990234375,2174.949951171875,2170.5,2174.949951171875,1639
2026-09-17 10:26:00+05:30,2170.5,2171.449951171875,2170.0,2171.199951171875,1045
2026-09-17 10:27:00+05:30,2171.0,2171.5,2170.5,2170.5,386
2026-09-17 10:28:00+05:30,2171.0,2171.5,2170.699951171875,2170.699951171875,40
2026-09-17 10:29:00+05:30,2171.0,2171.0,2168.550048828125,2170.800048828125,311
2026-09-17 10:30:00+05:30,2170.0,2171.199951171875,2170.0,2170.949951171875,46
2026-09-17 10:31:00+05:30,2170.0,2170.39990234375,2168.5,2170.0,267
2026-09-17 10:32:00+05:30,2172.800048828125,2172.800048828125,2171.39990234375,2171.39990234375,319
2026-09-17 10:33:00+05:30,2174.0,2174.35009765625,2172.39990234375,2172.800048828125,1708
2026-09-17 10:34:00+05:30,2175.0,2176.800048828125,2174.10009765625,2174.10009765625,958
2026-09-17 10:35:00+05:30,2175.60009765625,2176.75,2175.0,2175.0,581
2026-09-17 10:36:00+05:30,2177.85009765625,2178.89990234375,2175.89990234375,2176.5,864
2026-09-17 10:37:00+05:30,2176.10009765625,2177.949951171875,2176.10009765625,2177.89990234375,62
2026-09-17 10:38:00+05:30,2175.0,2177.0,2175.0,2176.949951171875,171
2026-09-17 10:39:00+05:30,2174.800048828125,2175.14990234375,2174.10009765625,2175.0,275
2026-09-17 10:40:00+05:30,2173.199951171875,2174.75,2173.199951171875,2174.75,49
2026-09-17 10:41:00+05:30,2173.199951171875,2173.449951171875,2171.300048828125,2173.199951171875,627
2026-09-17 10:42:00+05:30,2171.60009765625,2173.449951171875,2171.60009765625,2173.449951171875,3113
2026-09-17 10:43:00+05:30,2174.0,2175.0,2172.300048828125,2173.75,21
2026-09-17 10:44:00+05:30,2172.199951171875,2174.14990234375,2172.199951171875,2174.0,192
2026-09-17 10:45:00+05:30,2172.0,2172.75,2172.0,2172.10009765625,100
2026-09-17 10:46:00+05:30,2172.89990234375,2172.89990234375,2171.800048828125,2171.800048828125,246
2026-09-17 10:47:00+05:30,2173.60009765625,2173.800048828125,2172.85009765625,2173.0,18
2026-09-17 10:48:00+05:30,2171.0,2173.550048828125,2171.0,2172.89990234375,447
2026-09-17 10:49:00+05:30,2172.10009765625,2172.75,2171.60009765625,2172.10009765625,376
2026-09-17 10:50:00+05:30,2172.699951171875,2172.85009765625,2172.0,2172.60009765625,69
2026-09-17 10:51:00+05:30,2172.550048828125,2172.699951171875,2172.199951171875,2172.699951171875,77
2026-09-17 10:52:00+05:30,2172.60009765625,2172.699951171875,2172.449951171875,2172.550048828125,36
2026-09-17 10:53:00+05:30,2171.949951171875,2172.60009765625,2171.949951171875,2172.60009765625,547
2026-09-17 10:54:00+05:30,2171.5,2173.39990234375,2171.5,2171.800048828125,306
2026-09-17 10:55:00+05:30,2172.0,2172.64990234375,2172.0,2172.64990234375,99
2026-09-17 10:56:00+05:30,2172.449951171875,2172.449951171875,2172.0,2172.449951171875,48
2026-09-17 10:57:00+05:30,2172.75,2174.25,2172.0,2172.0,95
2026-09-17 10:58:00+05:30,2171.800048828125,2172.60009765625,2170.75,2172.60009765625,220
2026-09-17 10:59:00+05:30,2170.699951171875,2171.5,2170.0,2171.5,229
2026-09-17 11:00:00+05:30,2169.60009765625,2170.64990234375,2169.0,2170.0,133
2026-09-17 11:01:00+05:30,2171.449951171875,2171.449951171875,2169.60009765625,2169.60009765625,71
2026-09-17 11:02:00+05:30,2172.89990234375,2173.0,2171.5,2171.5,42
2026-09-17 11:03:00+05:30,2170.550048828125,2173.0,2170.550048828125,2172.800048828125,227
2026-09-17 11:04:00+05:30,2172.10009765625,2172.300048828125,2171.0,2172.199951171875,62
2026-09-17 11:05:00+05:30,2171.0,2171.550048828125,2171.0,2171.550048828125,34
2026-09-17 11:06:00+05:30,2170.39990234375,2171.800048828125,2169.5,2171.699951171875,242
2026-09-17 11:07:00+05:30,2169.0,2170.050048828125,2169.0,2170.0,235
2026-09-17 11:08:00+05:30,2172.050048828125,2172.050048828125,2170.050048828125,2170.050048828125,110
2026-09-17 11:09:00+05:30,2172.199951171875,2172.60009765625,2170.89990234375,2171.300048828125,594
2026-09-17 11:10:00+05:30,2171.35009765625,2172.10009765625,2170.85009765625,2171.050048828125,62
2026-09-17 11:11:00+05:30,2171.35009765625,2172.75,2170.60009765625,2170.85009765625,128
2026-09-17 11:12:00+05:30,2171.300048828125,2171.449951171875,2170.0,2171.449951171875,74
2026-09-17 11:13:00+05:30,2170.85009765625,2171.35009765625,2170.0,2170.39990234375,159
2026-09-17 11:14:00+05:30,2169.10009765625,2171.449951171875,2169.10009765625,2170.85009765625,384
2026-09-17 11:15:00+05:30,2169.0,2169.949951171875,2169.0,2169.0,179
2026-09-17 11:16:00+05:30,2172.85009765625,2172.949951171875,2169.050048828125,2169.050048828125,179
2026-09-17 11:17:00+05:30,2172.550048828125,2172.949951171875,2171.89990234375,2172.85009765625,104
2026-09-17 11:18:00+05:30,2173.10009765625,2173.10009765625,2172.550048828125,2172.550048828125,120
2026-09-17 11:19:00+05:30,2172.75,2173.89990234375,2172.550048828125,2173.60009765625,201
2026-09-17 11:20:00+05:30,2174.949951171875,2174.949951171875,2172.85009765625,2173.89990234375,42
2026-09-17 11:21:00+05:30,2174.60009765625,2174.949951171875,2173.39990234375,2173.39990234375,313
2026-09-17 11:22:00+05:30,2172.550048828125,2174.199951171875,2172.0,2174.199951171875,63
2026-09-17 11:23:00+05:30,2175.14990234375,2176.14990234375,2174.0,2174.5,1643
2026-09-17 11:24:00+05:30,2175.89990234375,2175.89990234375,2174.800048828125,2174.800048828125,202
2026-09-17 11:25:00+05:30,2175.800048828125,2175.89990234375,2175.0,2175.89990234375,319
2026-09-17 11:26:00+05:30,2175.5,2176.699951171875,2175.0,2175.699951171875,1002
2026-09-17 11:27:00+05:30,2176.35009765625,2176.699951171875,2175.199951171875,2176.699951171875,143
2026-09-17 11:28:00+05:30,2175.199951171875,2176.14990234375,2174.5,2175.85009765625,208
2026-09-17 11:29:00+05:30,2175.89990234375,2175.89990234375,2175.199951171875,2175.199951171875,34
2026-09-17 11:30:00+05:30,2177.5,2178.800048828125,2174.75,2176.0,1308
2026-09-17 11:31:00+05:30,2181.199951171875,2182.0,2176.25,2176.85009765625,2245
2026-09-17 11:32:00+05:30,2187.949951171875,2189.5,2181.050048828125,2181.050048828125,685
2026-09-17 11:33:00+05:30,2182.550048828125,2187.699951171875,2182.550048828125,2187.699951171875,407
2026-09-17 11:34:00+05:30,2191.449951171875,2192.0,2184.0,2184.0,1236
2026-09-17 11:35:00+05:30,2186.300048828125,2190.39990234375,2185.10009765625,2189.550048828125,150
2026-09-17 11:36:00+05:30,2185.39990234375,2186.5,2185.39990234375,2186.050048828125,70
2026-09-17 11:37:00+05:30,2184.0,2185.050048828125,2183.60009765625,2185.050048828125,157
2026-09-17 11:38:00+05:30,2182.0,2183.800048828125,2181.949951171875,2183.800048828125,98
2026-09-17 11:39:00+05:30,2181.64990234375,2181.949951171875,2181.0,2181.050048828125,62
2026-09-17 11:40:00+05:30,2182.449951171875,2182.449951171875,2181.25,2181.800048828125,114
2026-09-17 11:41:00+05:30,2180.050048828125,2181.39990234375,2180.0,2181.10009765625,367
2026-09-17 11:42:00+05:30,2181.5,2181.5,2181.300048828125,2181.300048828125,12
2026-09-17 11:43:00+05:30,2182.0,2182.0,2180.800048828125,2181.5,63
2026-09-17 11:44:00+05:30,2182.5,2182.5,2181.550048828125,2182.0,14
2026-09-17 11:45:00+05:30,2181.0,2182.0,2181.0,2181.89990234375,40
2026-09-17 11:46:00+05:30,2181.35009765625,2181.35009765625,2180.550048828125,2180.550048828125,38
2026-09-17 11:47:00+05:30,2182.550048828125,2183.199951171875,2181.14990234375,2181.14990234375,905
2026-09-17 11:48:00+05:30,2183.699951171875,2183.800048828125,2182.85009765625,2183.300048828125,51
2026-09-17 11:49:00+05:30,2184.300048828125,2184.699951171875,2183.5,2183.699951171875,285
2026-09-17 11:50:00+05:30,2184.0,2184.449951171875,2183.0,2184.449951171875,36
2026-09-17 11:51:00+05:30,2185.699951171875,2186.0,2183.64990234375,2183.64990234375,227
2026-09-17 11:52:00+05:30,2186.5,2186.64990234375,2184.35009765625,2185.14990234375,341
2026-09-17 11:53:00+05:30,2185.050048828125,2186.25,2184.89990234375,2186.25,269
2026-09-17 11:54:00+05:30,2185.199951171875,2186.14990234375,2184.199951171875,2184.89990234375,50
2026-09-17 11:55:00+05:30,2185.10009765625,2185.89990234375,2184.35009765625,2185.800048828125,92
2026-09-17 11:56:00+05:30,2186.0,2186.0,2184.800048828125,2184.800048828125,115
2026-09-17 11:57:00+05:30,2186.5,2186.64990234375,2185.25,2186.0,377
2026-09-17 11:58:00+05:30,2185.949951171875,2186.5,2185.0,2185.0,326
2026-09-17 11:59:00+05:30,2187.0,2187.0,2185.89990234375,2187.0,61
2026-09-17 12:00:00+05:30,2186.75,2187.60009765625,2186.25,2187.0,361
2026-09-17 12:01:00+05:30,2185.0,2186.300048828125,2185.0,2185.949951171875,35
2026-09-17 12:02:00+05:30,2186.5,2186.5,2185.0,2185.5,19
2026-09-17 12:03:00+05:30,2185.800048828125,2187.0,2185.800048828125,2185.89990234375,202
2026-09-17 12:04:00+05:30,2183.5,2185.25,2183.5,2185.0,98
2026-09-17 12:05:00+05:30,2184.0,2184.699951171875,2184.0,2184.050048828125,10
2026-09-17 12:06:00+05:30,2188.199951171875,2188.199951171875,2183.10009765625,2183.10009765625,1795
2026-09-17 12:07:00+05:30,2189.0,2190.300048828125,2189.0,2189.0,718
2026-09-17 12:08:00+05:30,2189.449951171875,2189.699951171875,2188.699951171875,2188.699951171875,153
2026-09-17 12:09:00+05:30,2188.10009765625,2189.699951171875,2188.050048828125,2189.699951171875,57
2026-09-17 12:10:00+05:30,2188.699951171875,2189.0,2188.10009765625,2188.89990234375,78
2026-09-17 12:11:00+05:30,2189.0,2189.0,2188.0,2188.85009765625,174
2026-09-17 12:12:00+05:30,2187.0,2188.89990234375,2187.0,2188.0,253
2026-09-17 12:13:00+05:30,2188.0,2188.0,2186.60009765625,2187.550048828125,91
2026-09-17 12:14:00+05:30,2188.35009765625,2189.0,2188.35009765625,2188.800048828125,138
2026-09-17 12:15:00+05:30,2188.35009765625,2189.35009765625,2188.35009765625,2189.0,315
2026-09-17 12:16:00+05:30,2189.64990234375,2189.64990234375,2188.14990234375,2188.949951171875,152
2026-09-17 12:17:00+05:30,2189.5,2189.5,2189.5,2189.5,132
2026-09-17 12:18:00+05:30,2191.5,2192.35009765625,2189.39990234375,2189.5,2029
2026-09-17 12:19:00+05:30,2191.35009765625,2191.89990234375,2191.0,2191.5,442
2026-09-17 12:20:00+05:30,2192.300048828125,2192.75,2191.39990234375,2191.89990234375,348
2026-09-17 12:21:00+05:30,2192.300048828125,2192.300048828125,2191.0,2192.050048828125,772
2026-09-17 12:22:00+05:30,2192.5,2192.800048828125,2191.0,2191.300048828125,619
2026-09-17 12:23:00+05:30,2193.300048828125,2193.300048828125,2192.699951171875,2193.0,83
2026-09-17 12:24:00+05:30,2192.0,2193.25,2191.0,2193.25,37
2026-09-17 12:25:00+05:30,2191.0,2191.89990234375,2191.0,2191.5,807
2026-09-17 12:26:00+05:30,2189.5,2190.699951171875,2189.5,2189.550048828125,188
2026-09-17 12:27:00+05:30,2190.300048828125,2190.449951171875,2189.25,2189.25,25
2026-09-17 12:28:00+05:30,2190.300048828125,2190.300048828125,2190.300048828125,2190.300048828125,193
2026-09-17 12:29:00+05:30,2191.199951171875,2191.800048828125,2190.300048828125,2190.300048828125,246
2026-09-17 12:30:00+05:30,2191.64990234375,2192.300048828125,2191.199951171875,2191.800048828125,176
2026-09-17 12:31:00+05:30,2190.10009765625,2191.199951171875,2189.199951171875,2191.14990234375,520
2026-09-17 12:32:00+05:30,2192.10009765625,2192.10009765625,2192.10009765625,2192.10009765625,1
2026-09-17 12:33:00+05:30,2191.0,2191.60009765625,2190.35009765625,2191.60009765625,247
2026-09-17 12:34:00+05:30,2192.39990234375,2192.39990234375,2190.0,2190.949951171875,2529
2026-09-17 12:35:00+05:30,2192.89990234375,2194.550048828125,2192.5,2193.050048828125,586
2026-09-17 12:36:00+05:30,2194.800048828125,2194.89990234375,2194.0,2194.0,27
2026-09-17 12:37:00+05:30,2194.0,2195.5,2194.0,2195.5,1881
2026-09-17 12:38:00+05:30,2194.5,2195.35009765625,2193.75,2193.75,146
2026-09-17 12:39:00+05:30,2193.949951171875,2194.199951171875,2193.39990234375,2194.0,241
2026-09-17 12:40:00+05:30,2193.699951171875,2194.0,2193.0,2194.0,42
2026-09-17 12:41:00+05:30,2192.25,2193.64990234375,2192.25,2193.0,781
2026-09-17 12:42:00+05:30,2192.199951171875,2192.800048828125,2192.199951171875,2192.699951171875,200
2026-09-17 12:43:00+05:30,2192.25,2192.60009765625,2192.0,2192.60009765625,173
2026-09-17 12:44:00+05:30,2192.0,2192.5,2191.0,2192.25,46
2026-09-17 12:45:00+05:30,2190.75,2192.199951171875,2190.75,2191.39990234375,13
2026-09-17 12:46:00+05:30,2192.949951171875,2192.949951171875,2192.0,2192.5,219
2026-09-17 12:47:00+05:30,2192.14990234375,2193.0,2191.75,2192.949951171875,169
2026-09-17 12:48:00+05:30,2192.699951171875,2193.0,2192.14990234375,2192.14990234375,14
2026-09-17 12:49:00+05:30,2192.14990234375,2192.89990234375,2192.14990234375,2192.699951171875,47
2026-09-17 12:50:00+05:30,2191.10009765625,2192.5,2191.10009765625,2192.5,535
2026-09-17 12:51:00+05:30,2192.449951171875,2193.5,2192.25,2192.25,514
2026-09-17 12:52:00+05:30,2192.449951171875,2192.449951171875,2191.550048828125,2191.550048828125,64
2026-09-17 12:53:00+05:30,2193.550048828125,2193.550048828125,2192.25,2192.449951171875,217
2026-09-17 12:54:00+05:30,2193.5,2193.550048828125,2192.25,2192.25,71
2026-09-17 12:55:00+05:30,2192.0,2193.0,2191.35009765625,2192.5,65
2026-09-17 12:56:00+05:30,2191.300048828125,2192.800048828125,2191.300048828125,2191.39990234375,40
2026-09-17 12:57:00+05:30,2191.89990234375,2192.449951171875,2191.300048828125,2192.449951171875,124
2026-09-17 12:58:00+05:30,2193.949951171875,2193.949951171875,2192.35009765625,2192.35009765625,101
2026-09-17 12:59:00+05:30,2193.75,2194.0,2193.0,2193.050048828125,102
2026-09-17 13:00:00+05:30,2192.050048828125,2193.449951171875,2192.050048828125,2193.449951171875,72
2026-09-17 13:01:00+05:30,2192.85009765625,2193.449951171875,2192.550048828125,2193.0,20
2026-09-17 13:02:00+05:30,2192.0,2192.800048828125,2192.0,2192.10009765625,147
2026-09-17 13:03:00+05:30,2192.25,2193.10009765625,2192.0,2192.0,172
2026-09-17 13:04:00+05:30,2191.5,2192.0,2191.5,2192.0,10
2026-09-17 13:05:00+05:30,2191.5,2191.5,2191.5,2191.5,4
2026-09-17 13:06:00+05:30,2190.800048828125,2191.35009765625,2190.050048828125,2191.10009765625,113
2026-09-17 13:07:00+05:30,2190.0,2190.800048828125,2190.0,2190.800048828125,167
2026-09-17 13:08:00+05:30,2190.5,2190.75,2189.39990234375,2190.0,317
2026-09-17 13:09:00+05:30,2190.199951171875,2190.199951171875,2190.0,2190.0,51
2026-09-17 13:10:00+05:30,2192.0,2192.0,2190.0,2190.300048828125,169
2026-09-17 13:11:00+05:30,2192.89990234375,2192.89990234375,2191.5,2192.0,871
2026-09-17 13:12:00+05:30,2192.0,2192.5,2192.0,2192.0,77
2026-09-17 13:13:00+05:30,2192.199951171875,2192.300048828125,2192.0,2192.300048828125,39
2026-09-17 13:14:00+05:30,2192.199951171875,2192.89990234375,2192.199951171875,2192.199951171875,60
2026-09-17 13:15:00+05:30,2192.300048828125,2192.5,2192.199951171875,2192.199951171875,52
2026-09-17 13:16:00+05:30,2193.0,2193.0,2192.050048828125,2192.300048828125,551
2026-09-17 13:17:00+05:30,2193.199951171875,2193.449951171875,2192.5,2193.0,87
2026-09-17 13:18:00+05:30,2194.0,2194.0,2193.0,2193.0,64
2026-09-17 13:19:00+05:30,2194.5,2194.5,2194.0,2194.0,23
2026-09-17 13:20:00+05:30,2194.0,2195.0,2194.0,2194.800048828125,106
2026-09-17 13:21:00+05:30,2194.800048828125,2195.35009765625,2194.050048828125,2195.050048828125,159
2026-09-17 13:22:00+05:30,2195.949951171875,2195.949951171875,2193.199951171875,2194.10009765625,2786
2026-09-17 13:23:00+05:30,2194.0,2194.39990234375,2194.0,2194.0,25
2026-09-17 13:24:00+05:30,2194.39990234375,2194.85009765625,2193.800048828125,2194.39990234375,116
2026-09-17 13:25:00+05:30,2193.0,2194.5,2193.0,2194.39990234375,114
2026-09-17 13:26:00+05:30,2191.60009765625,2193.0,2191.60009765625,2192.949951171875,166
2026-09-17 13:27:00+05:30,2190.199951171875,2191.5,2190.199951171875,2191.5,10
2026-09-17 13:28:00+05:30,2191.199951171875,2191.35009765625,2190.0,2191.0,34
2026-09-17 13:29:00+05:30,2190.5,2190.64990234375,2190.199951171875,2190.64990234375,6
2026-09-17 13:30:00+05:30,2192.199951171875,2192.5,2190.0,2190.0,228
2026-09-17 13:31:00+05:30,2192.39990234375,2193.800048828125,2191.699951171875,2192.10009765625,161
2026-09-17 13:32:00+05:30,2194.0,2194.0,2192.800048828125,2192.800048828125,22
2026-09-17 13:33:00+05:30,2192.35009765625,2194.0,2192.35009765625,2194.0,30
2026-09-17 13:34:00+05:30,2193.050048828125,2194.0,2192.800048828125,2192.800048828125,96
2026-09-17 13:35:00+05:30,2193.449951171875,2193.5,2192.35009765625,2193.0,20
2026-09-17 13:36:00+05:30,2191.550048828125,2193.5,2191.550048828125,2192.85009765625,443
2026-09-17 13:37:00+05:30,2191.5,2191.5,2191.0,2191.0,50
2026-09-17 13:38:00+05:30,2192.300048828125,2192.85009765625,2191.699951171875,2191.699951171875,30
2026-09-17 13:39:00+05:30,2193.25,2193.699951171875,2192.64990234375,2193.699951171875,133
2026-09-17 13:40:00+05:30,2193.85009765625,2194.0,2193.0,2193.550048828125,11
2026-09-17 13:41:00+05:30,2191.14990234375,2193.75,2191.14990234375,2193.75,324
2026-09-17 13:42:00+05:30,2191.199951171875,2192.39990234375,2191.199951171875,2192.0,40
2026-09-17 13:43:00+05:30,2190.550048828125,2192.0,2190.35009765625,2192.0,706
2026-09-17 13:44:00+05:30,2191.5,2191.85009765625,2191.35009765625,2191.85009765625,32
2026-09-17 13:45:00+05:30,2190.5,2191.5,2190.5,2190.550048828125,50
2026-09-17 13:46:00+05:30,2192.39990234375,2192.449951171875,2192.199951171875,2192.199951171875,21
2026-09-17 13:47:00+05:30,2193.85009765625,2193.85009765625,2191.800048828125,2191.800048828125,55
2026-09-17 13:48:00+05:30,2192.050048828125,2194.0,2192.050048828125,2193.699951171875,61
2026-09-17 13:49:00+05:30,2193.10009765625,2193.300048828125,2191.64990234375,2193.300048828125,204
2026-09-17 13:50:00+05:30,2192.85009765625,2192.89990234375,2192.0,2192.89990234375,126
2026-09-17 13:51:00+05:30,2192.60009765625,2192.60009765625,2191.85009765625,2191.85009765625,34
2026-09-17 13:52:00+05:30,2190.35009765625,2192.800048828125,2190.35009765625,2192.800048828125,91
2026-09-17 13:53:00+05:30,2191.800048828125,2191.800048828125,2191.10009765625,2191.60009765625,267
2026-09-17 13:54:00+05:30,2193.35009765625,2193.35009765625,2192.0,2192.0,39
2026-09-17 13:55:00+05:30,2191.550048828125,2192.64990234375,2191.550048828125,2192.64990234375,10
2026-09-17 13:56:00+05:30,2192.199951171875,2192.199951171875,2191.550048828125,2191.550048828125,9
2026-09-17 13:57:00+05:30,2192.800048828125,2192.800048828125,2191.550048828125,2191.550048828125,42
2026-09-17 13:58:00+05:30,2193.0,2193.0,2192.800048828125,2192.800048828125,42
2026-09-17 13:59:00+05:30,2192.5,2193.5,2192.050048828125,2193.39990234375,19
2026-09-17 14:00:00+05:30,2192.10009765625,2192.300048828125,2191.39990234375,2192.300048828125,5
2026-09-17 14:01:00+05:30,2192.199951171875,2192.39990234375,2191.39990234375,2191.39990234375,127
2026-09-17 14:02:00+05:30,2190.64990234375,2191.85009765625,2190.550048828125,2191.85009765625,82
2026-09-17 14:03:00+05:30,2191.449951171875,2192.0,2190.25,2190.800048828125,68
2026-09-17 14:04:00+05:30,2191.449951171875,2191.449951171875,2191.449951171875,2191.449951171875,1
2026-09-17 14:05:00+05:30,2190.75,2192.0,2190.75,2191.449951171875,8
2026-09-17 14:06:00+05:30,2190.25,2190.75,2190.25,2190.75,64
2026-09-17 14:07:00+05:30,2192.0,2192.0,2190.89990234375,2190.89990234375,25
2026-09-17 14:08:00+05:30,2191.550048828125,2192.949951171875,2191.550048828125,2192.0,27
2026-09-17 14:09:00+05:30,2192.5,2192.89990234375,2190.35009765625,2192.39990234375,2296
2026-09-17 14:10:00+05:30,2193.800048828125,2193.800048828125,2192.5,2192.5,1678
2026-09-17 14:11:00+05:30,2192.550048828125,2194.14990234375,2191.14990234375,2193.800048828125,650
2026-09-17 14:12:00+05:30,2192.0,2192.35009765625,2191.449951171875,2192.10009765625,60
2026-09-17 14:13:00+05:30,2192.14990234375,2192.60009765625,2191.699951171875,2191.699951171875,214
2026-09-17 14:14:00+05:30,2192.300048828125,2192.300048828125,2191.60009765625,2192.0,25
2026-09-17 14:15:00+05:30,2192.300048828125,2192.35009765625,2191.10009765625,2192.199951171875,90
2026-09-17 14:16:00+05:30,2191.0,2192.10009765625,2191.0,2192.10009765625,26
2026-09-17 14:17:00+05:30,2191.949951171875,2192.699951171875,2191.14990234375,2191.199951171875,231
2026-09-17 14:18:00+05:30,2192.800048828125,2193.0,2192.39990234375,2192.5,30
2026-09-17 14:19:00+05:30,2194.5,2195.0,2194.5,2194.5,311
2026-09-17 14:20:00+05:30,2193.5,2193.60009765625,2192.550048828125,2193.39990234375,9
2026-09-17 14:21:00+05:30,2193.35009765625,2193.35009765625,2192.14990234375,2192.60009765625,49
2026-09-17 14:22:00+05:30,2193.10009765625,2193.199951171875,2192.5,2192.5,33
2026-09-17 14:23:00+05:30,2192.89990234375,2193.0,2192.14990234375,2193.0,62
2026-09-17 14:24:00+05:30,2192.0,2192.89990234375,2192.0,2192.89990234375,65
2026-09-17 14:25:00+05:30,2193.0,2193.0,2192.0,2192.60009765625,116
2026-09-17 14:26:00+05:30,2192.800048828125,2193.0,2192.800048828125,2193.0,5
2026-09-17 14:27:00+05:30,2192.800048828125,2193.0,2192.699951171875,2192.699951171875,56
2026-09-17 14:28:00+05:30,2191.550048828125,2192.85009765625,2191.550048828125,2192.5,57
2026-09-17 14:29:00+05:30,2192.39990234375,2192.5,2192.39990234375,2192.5,17
2026-09-17 14:30:00+05:30,2191.75,2192.85009765625,2191.0,2192.5,85
2026-09-17 14:31:00+05:30,2191.949951171875,2192.85009765625,2191.300048828125,2192.300048828125,53
2026-09-17 14:32:00+05:30,2190.199951171875,2191.75,2190.199951171875,2191.300048828125,30
2026-09-17 14:33:00+05:30,2188.800048828125,2190.35009765625,2187.0,2190.199951171875,1435
2026-09-17 14:34:00+05:30,2193.050048828125,2195.949951171875,2192.0,2192.0,1444
2026-09-17 14:35:00+05:30,2220.0,2220.0,2194.25,2194.25,4707
2026-09-17 14:36:00+05:30,2206.25,2222.800048828125,2202.800048828125,2219.5,3834
2026-09-17 14:37:00+05:30,2214.0,2216.800048828125,2207.85009765625,2208.300048828125,3413
2026-09-17 14:38:00+05:30,2229.0,2229.0,2211.800048828125,2219.0,6770
2026-09-17 14:39:00+05:30,2227.199951171875,2234.0,2226.25,2229.0,4722
2026-09-17 14:40:00+05:30,2214.800048828125,2228.35009765625,2212.699951171875,2228.35009765625,1219
2026-09-17 14:41:00+05:30,2214.0,2218.199951171875,2211.199951171875,2213.75,1575
2026-09-17 14:42:00+05:30,2215.300048828125,2215.300048828125,2211.0,2213.25,1836
2026-09-17 14:43:00+05:30,2227.550048828125,2228.0,2217.800048828125,2217.800048828125,3977
2026-09-17 14:44:00+05:30,2218.699951171875,2228.0,2216.050048828125,2227.300048828125,1596
2026-09-17 14:45:00+05:30,2230.60009765625,2234.39990234375,2219.10009765625,2220.0,4199
2026-09-17 14:46:00+05:30,2238.75,2238.75,2230.14990234375,2233.0,4306
2026-09-17 14:47:00+05:30,2227.14990234375,2238.199951171875,2226.89990234375,2238.199951171875,588
2026-09-17 14:48:00+05:30,2245.199951171875,2246.64990234375,2227.14990234375,2227.85009765625,6684
2026-09-17 14:49:00+05:30,2249.5,2262.0,2243.14990234375,2244.85009765625,8101
2026-09-17 14:50:00+05:30,2246.39990234375,2249.550048828125,2241.0,2249.0,3252
2026-09-17 14:51:00+05:30,2244.5,2248.0,2240.5,2245.64990234375,2011
2026-09-17 14:52:00+05:30,2236.699951171875,2249.5,2236.199951171875,2244.949951171875,1924
2026-09-17 14:53:00+05:30,2234.449951171875,2237.0,2231.300048828125,2237.0,1189
2026-09-17 14:54:00+05:30,2225.550048828125,2233.800048828125,2223.60009765625,2233.800048828125,1113
2026-09-17 14:55:00+05:30,2233.10009765625,2233.10009765625,2224.85009765625,2225.5,2300
2026-09-17 14:56:00+05:30,2231.64990234375,2232.050048828125,2230.60009765625,2232.050048828125,239
2026-09-17 14:57:00+05:30,2219.050048828125,2232.050048828125,2217.64990234375,2232.050048828125,2312
2026-09-17 14:58:00+05:30,2220.0,2221.39990234375,2219.0,2220.89990234375,293
2026-09-17 14:59:00+05:30,2222.10009765625,2222.10009765625,2215.10009765625,2219.25,1450
2026-09-17 15:00:00+05:30,2215.300048828125,2221.85009765625,2211.85009765625,2221.39990234375,1295
2026-09-17 15:01:00+05:30,2213.85009765625,2216.0,2211.0,2215.0,768
2026-09-17 15:02:00+05:30,2211.699951171875,2213.5,2211.35009765625,2213.5,831
2026-09-17 15:03:00+05:30,2210.300048828125,2213.699951171875,2208.60009765625,2212.89990234375,500
2026-09-17 15:04:00+05:30,2206.85009765625,2211.0,2206.85009765625,2210.14990234375,216
2026-09-17 15:05:00+05:30,2205.0,2210.449951171875,2205.0,2207.85009765625,213
2026-09-17 15:06:00+05:30,2203.39990234375,2205.5,2200.10009765625,2205.5,1022
2026-09-17 15:07:00+05:30,2202.14990234375,2203.35009765625,2200.0,2203.25,190
2026-09-17 15:08:00+05:30,2193.0,2201.550048828125,2192.0,2201.550048828125,4831
2026-09-17 15:09:00+05:30,2191.39990234375,2194.699951171875,2190.85009765625,2193.0,1572
2026-09-17 15:10:00+05:30,2191.699951171875,2195.0,2191.0,2193.800048828125,360
2026-09-17 15:11:00+05:30,2191.050048828125,2193.64990234375,2191.0,2193.10009765625,732
2026-09-17 15:12:00+05:30,2191.800048828125,2193.64990234375,2189.050048828125,2191.050048828125,1160
2026-09-17 15:13:00+05:30,2194.449951171875,2194.5,2190.0,2191.0,433
2026-09-17 15:14:00+05:30,2195.0,2195.0,2192.35009765625,2194.550048828125,133
2026-09-17 15:28:00+05:30,2196.0,2196.0,2196.0,2196.0,5648
2026-09-18 09:15:00+05:30,2135.050048828125,2175.300048828125,2130.10009765625,2175.300048828125,13816
2026-09-18 09:16:00+05:30,2122.0,2137.699951171875,2120.0,2134.85009765625,8131
2026-09-18 09:17:00+05:30,2122.5,2125.0,2118.64990234375,2122.85009765625,6046
2026-09-18 09:18:00+05:30,2120.0,2126.10009765625,2119.39990234375,2123.0,8228
2026-09-18 09:19:00+05:30,2124.64990234375,2125.0,2116.300048828125,2120.5,5781
2026-09-18 09:20:00+05:30,2117.550048828125,2125.85009765625,2116.35009765625,2124.550048828125,5174
2026-09-18 09:21:00+05:30,2123.0,2123.300048828125,2119.449951171875,2119.699951171875,1866
2026-09-18 09:22:00+05:30,2122.449951171875,2125.0,2116.85009765625,2123.25,5309
2026-09-18 09:23:00+05:30,2124.60009765625,2125.14990234375,2121.199951171875,2123.550048828125,2632
2026-09-18 09:24:00+05:30,2129.0,2129.0,2123.35009765625,2124.0,1682
2026-09-18 09:25:00+05:30,2128.89990234375,2131.0,2127.0,2129.699951171875,2129
2026-09-18 09:26:00+05:30,2127.0,2129.5,2125.89990234375,2128.0,1464
2026-09-18 09:27:00+05:30,2125.199951171875,2128.199951171875,2124.199951171875,2127.300048828125,1578
2026-09-18 09:28:00+05:30,2123.699951171875,2125.25,2120.39990234375,2124.199951171875,2173
2026-09-18 09:29:00+05:30,2127.0,2128.14990234375,2122.449951171875,2122.449951171875,2788
2026-09-18 09:30:00+05:30,2129.89990234375,2129.89990234375,2127.0,2127.0,603
2026-09-18 09:31:00+05:30,2128.39990234375,2130.0,2127.0,2129.300048828125,1227
2026-09-18 09:32:00+05:30,2128.5,2130.0,2126.0,2128.25,717
2026-09-18 09:33:00+05:30,2130.0,2130.0,2128.25,2129.0,1825
2026-09-18 09:34:00+05:30,2135.0,2137.449951171875,2130.5,2130.5,3734
2026-09-18 09:35:00+05:30,2134.0,2135.0,2132.0,2134.14990234375,889
2026-09-18 09:36:00+05:30,2136.5,2137.949951171875,2133.300048828125,2133.85009765625,1147
2026-09-18 09:37:00+05:30,2135.949951171875,2139.0,2133.89990234375,2137.5,1080
2026-09-18 09:38:00+05:30,2132.5,2134.75,2132.0,2134.699951171875,1095
2026-09-18 09:39:00+05:30,2128.89990234375,2133.300048828125,2127.89990234375,2133.300048828125,2342
2026-09-18 09:40:00+05:30,2129.550048828125,2130.800048828125,2127.0,2128.0,904
2026-09-18 09:41:00+05:30,2129.699951171875,2130.0,2127.5,2130.0,808
2026-09-18 09:42:00+05:30,2136.64990234375,2140.0,2128.75,2128.85009765625,2351
2026-09-18 09:43:00+05:30,2133.25,2138.64990234375,2133.0,2138.64990234375,1336
2026-09-18 09:44:00+05:30,2130.35009765625,2133.25,2129.0,2133.0,399
2026-09-18 09:45:00+05:30,2130.050048828125,2132.5,2129.0,2130.35009765625,542
2026-09-18 09:46:00+05:30,2130.5,2132.0,2130.199951171875,2131.75,406
2026-09-18 09:47:00+05:30,2132.0,2132.0,2129.10009765625,2130.0,888
2026-09-18 09:48:00+05:30,2130.0,2133.800048828125,2128.85009765625,2132.0,662
2026-09-18 09:49:00+05:30,2128.39990234375,2130.449951171875,2127.0,2130.449951171875,1626
2026-09-18 09:50:00+05:30,2130.0,2130.0,2127.60009765625,2128.60009765625,826
2026-09-18 09:51:00+05:30,2132.449951171875,2132.5,2128.300048828125,2130.0,1254
2026-09-18 09:52:00+05:30,2133.949951171875,2134.0,2131.0,2131.300048828125,2441
2026-09-18 09:53:00+05:30,2133.35009765625,2134.10009765625,2132.10009765625,2133.949951171875,750
2026-09-18 09:54:00+05:30,2134.0,2134.0,2132.10009765625,2133.5,171
2026-09-18 09:55:00+05:30,2135.800048828125,2136.0,2134.0,2134.0,638
2026-09-18 09:56:00+05:30,2134.89990234375,2135.0,2133.0,2134.949951171875,798
2026-09-18 09:57:00+05:30,2134.949951171875,2136.39990234375,2134.050048828125,2134.949951171875,4420
2026-09-18 09:58:00+05:30,2134.89990234375,2135.0,2133.949951171875,2134.949951171875,1846
2026-09-18 09:59:00+05:30,2133.800048828125,2134.550048828125,2132.14990234375,2133.699951171875,1885
2026-09-18 10:00:00+05:30,2134.75,2135.0,2132.35009765625,2133.35009765625,849
2026-09-18 10:01:00+05:30,2136.0,2136.0,2134.10009765625,2134.75,183
2026-09-18 10:02:00+05:30,2135.39990234375,2136.0,2134.550048828125,2136.0,863
2026-09-18 10:03:00+05:30,2134.0,2135.449951171875,2134.0,2135.449951171875,383
2026-09-18 10:04:00+05:30,2133.35009765625,2134.800048828125,2133.0,2133.5,381
2026-09-18 10:05:00+05:30,2134.800048828125,2134.800048828125,2132.25,2134.10009765625,722
2026-09-18 10:06:00+05:30,2134.0,2135.0,2133.5,2134.800048828125,319
2026-09-18 10:07:00+05:30,2136.0,2137.0,2133.050048828125,2134.0,872
2026-09-18 10:08:00+05:30,2139.0,2139.5,2136.050048828125,2137.0,201
2026-09-18 10:09:00+05:30,2137.39990234375,2139.5,2137.10009765625,2139.0,420
2026-09-18 10:10:00+05:30,2137.300048828125,2138.550048828125,2136.0,2138.0,596
2026-09-18 10:11:00+05:30,2137.0,2137.85009765625,2136.5,2137.75,283
2026-09-18 10:12:00+05:30,2137.0,2138.0,2136.300048828125,2137.0,238
2026-09-18 10:13:00+05:30,2137.949951171875,2139.0,2136.25,2137.0,806
2026-09-18 10:14:00+05:30,2138.10009765625,2139.0,2138.050048828125,2139.0,636
2026-09-18 10:15:00+05:30,2137.89990234375,2139.0,2137.0,2139.0,444
2026-09-18 10:16:00+05:30,2138.949951171875,2139.0,2137.5,2138.550048828125,120
2026-09-18 10:17:00+05:30,2139.0,2139.5,2137.5,2139.0,2365
2026-09-18 10:18:00+05:30,2139.35009765625,2139.5,2137.699951171875,2137.699951171875,493
2026-09-18 10:19:00+05:30,2136.0,2139.35009765625,2135.199951171875,2139.35009765625,1679
2026-09-18 10:20:00+05:30,2136.0,2136.550048828125,2135.10009765625,2136.300048828125,360
2026-09-18 10:21:00+05:30,2135.550048828125,2137.050048828125,2135.0,2135.89990234375,177
2026-09-18 10:22:00+05:30,2135.0,2136.5,2133.75,2134.550048828125,188
2026-09-18 10:23:00+05:30,2135.300048828125,2136.60009765625,2134.14990234375,2135.5,472
2026-09-18 10:24:00+05:30,2133.050048828125,2136.050048828125,2133.050048828125,2135.5,595
2026-09-18 10:25:00+05:30,2131.89990234375,2133.89990234375,2130.949951171875,2133.89990234375,4736
2026-09-18 10:26:00+05:30,2136.5,2137.5,2130.5,2130.60009765625,1765
2026-09-18 10:27:00+05:30,2135.0,2136.5,2133.699951171875,2136.5,2197
2026-09-18 10:28:00+05:30,2136.5,2136.5,2135.0,2135.0,580
2026-09-18 10:29:00+05:30,2136.10009765625,2138.0,2134.39990234375,2138.0,496
2026-09-18 10:30:00+05:30,2136.75,2137.449951171875,2136.300048828125,2137.0,458
2026-09-18 10:31:00+05:30,2135.800048828125,2138.0,2135.0,2136.64990234375,165
2026-09-18 10:32:00+05:30,2135.5,2136.800048828125,2134.0,2135.300048828125,586
2026-09-18 10:33:00+05:30,2136.0,2136.800048828125,2135.0,2135.699951171875,169
2026-09-18 10:34:00+05:30,2136.949951171875,2137.39990234375,2136.0,2136.0,183
2026-09-18 10:35:00+05:30,2137.300048828125,2137.39990234375,2136.0,2137.39990234375,17699
2026-09-18 10:36:00+05:30,2136.949951171875,2137.300048828125,2136.050048828125,2136.10009765625,122
2026-09-18 10:37:00+05:30,2136.10009765625,2137.75,2136.050048828125,2136.25,130
2026-09-18 10:38:00+05:30,2137.0,2137.5,2136.050048828125,2136.800048828125,292
2026-09-18 10:39:00+05:30,2136.64990234375,2138.0,2136.0,2136.800048828125,1612
2026-09-18 10:40:00+05:30,2135.60009765625,2137.0,2135.5,2136.64990234375,254
2026-09-18 10:41:00+05:30,2136.0,2137.0,2135.75,2136.0,252
2026-09-18 10:42:00+05:30,2136.050048828125,2136.800048828125,2136.0,2136.800048828125,117
2026-09-18 10:43:00+05:30,2135.5,2136.199951171875,2135.39990234375,2136.199951171875,159
2026-09-18 10:44:00+05:30,2136.5,2136.5,2135.0,2135.60009765625,540
2026-09-18 10:45:00+05:30,2136.89990234375,2137.75,2135.64990234375,2136.5,406
2026-09-18 10:46:00+05:30,2137.0,2137.75,2136.39990234375,2137.0,144
2026-09-18 10:47:00+05:30,2136.85009765625,2137.0,2136.0,2137.0,283
2026-09-18 10:48:00+05:30,2135.800048828125,2137.0,2135.800048828125,2136.89990234375,246
2026-09-18 10:49:00+05:30,2135.800048828125,2135.800048828125,2135.10009765625,2135.800048828125,104
2026-09-18 10:50:00+05:30,2135.699951171875,2135.800048828125,2135.0,2135.14990234375,110
2026-09-18 10:51:00+05:30,2135.800048828125,2135.800048828125,2135.0,2135.0,217
2026-09-18 10:52:00+05:30,2131.60009765625,2135.800048828125,2130.39990234375,2135.800048828125,1896
2026-09-18 10:53:00+05:30,2131.300048828125,2131.60009765625,2130.75,2131.550048828125,549
2026-09-18 10:54:00+05:30,2132.0,2132.800048828125,2132.0,2132.449951171875,248
2026-09-18 10:55:00+05:30,2132.050048828125,2133.0,2132.0,2132.5,356
2026-09-18 10:56:00+05:30,2134.14990234375,2134.14990234375,2132.0,2133.0,83
2026-09-18 10:57:00+05:30,2134.5,2135.0,2133.0,2134.14990234375,204
2026-09-18 10:58:00+05:30,2134.0,2134.89990234375,2133.39990234375,2133.39990234375,117
2026-09-18 10:59:00+05:30,2134.0,2134.550048828125,2133.5,2133.5,83
2026-09-18 11:00:00+05:30,2132.35009765625,2133.800048828125,2132.0,2133.0,591
2026-09-18 11:01:00+05:30,2133.10009765625,2133.449951171875,2132.0,2133.449951171875,604
2026-09-18 11:02:00+05:30,2132.300048828125,2133.10009765625,2131.5,2133.10009765625,178
2026-09-18 11:03:00+05:30,2132.75,2132.75,2131.300048828125,2132.39990234375,145
2026-09-18 11:04:00+05:30,2132.10009765625,2132.75,2131.449951171875,2132.64990234375,142
2026-09-18 11:05:00+05:30,2128.699951171875,2131.949951171875,2127.449951171875,2131.449951171875,2776
2026-09-18 11:06:00+05:30,2129.5,2129.5,2127.5,2128.699951171875,782
2026-09-18 11:07:00+05:30,2131.300048828125,2131.300048828125,2129.5,2129.5,128
2026-09-18 11:08:00+05:30,2130.60009765625,2131.14990234375,2129.050048828125,2131.0,355
2026-09-18 11:09:00+05:30,2130.10009765625,2131.0,2130.10009765625,2130.5,104
2026-09-18 11:10:00+05:30,2128.89990234375,2131.10009765625,2128.89990234375,2130.14990234375,282
2026-09-18 11:11:00+05:30,2129.0,2129.14990234375,2127.699951171875,2129.14990234375,224
2026-09-18 11:12:00+05:30,2129.949951171875,2130.35009765625,2128.800048828125,2129.0,660
2026-09-18 11:13:00+05:30,2129.949951171875,2129.949951171875,2128.199951171875,2129.800048828125,506
2026-09-18 11:14:00+05:30,2130.0,2130.449951171875,2128.0,2129.5,494
2026-09-18 11:15:00+05:30,2128.699951171875,2129.699951171875,2127.60009765625,2129.449951171875,1051
2026-09-18 11:16:00+05:30,2129.0,2129.0,2127.60009765625,2127.699951171875,63
2026-09-18 11:17:00+05:30,2129.10009765625,2129.800048828125,2129.0,2129.0,137
2026-09-18 11:18:00+05:30,2129.300048828125,2129.75,2127.64990234375,2129.300048828125,339
2026-09-18 11:19:00+05:30,2129.949951171875,2130.0,2127.300048828125,2128.0,920
2026-09-18 11:20:00+05:30,2130.35009765625,2131.0,2129.64990234375,2129.949951171875,386
2026-09-18 11:21:00+05:30,2130.64990234375,2131.0,2130.0,2130.0,57
2026-09-18 11:22:00+05:30,2130.89990234375,2131.10009765625,2129.89990234375,2130.0,414
2026-09-18 11:23:00+05:30,2129.85009765625,2131.25,2129.0,2130.89990234375,673
2026-09-18 11:24:00+05:30,2130.10009765625,2130.10009765625,2128.550048828125,2129.85009765625,212
2026-09-18 11:25:00+05:30,2129.949951171875,2130.10009765625,2129.0,2129.10009765625,94
2026-09-18 11:26:00+05:30,2130.0,2130.0,2129.0,2129.39990234375,54
2026-09-18 11:27:00+05:30,2131.0,2131.0,2129.39990234375,2130.0,175
2026-09-18 11:28:00+05:30,2130.0,2131.0,2129.39990234375,2131.0,288
2026-09-18 11:29:00+05:30,2127.699951171875,2130.0,2127.699951171875,2130.0,516
2026-09-18 11:30:00+05:30,2129.949951171875,2130.0,2128.0,2128.0,191
2026-09-18 11:31:00+05:30,2130.0,2130.0,2128.199951171875,2129.14990234375,354
2026-09-18 11:32:00+05:30,2129.949951171875,2129.949951171875,2129.10009765625,2129.10009765625,149
2026-09-18 11:33:00+05:30,2128.800048828125,2129.949951171875,2128.800048828125,2129.949951171875,244
2026-09-18 11:34:00+05:30,2129.0,2129.949951171875,2129.0,2129.949951171875,291
2026-09-18 11:35:00+05:30,2129.0,2129.5,2129.0,2129.5,234
2026-09-18 11:36:00+05:30,2128.050048828125,2129.5,2127.199951171875,2129.5,3128
2026-09-18 11:37:00+05:30,2127.0,2128.39990234375,2127.0,2128.39990234375,144
2026-09-18 11:38:00+05:30,2127.050048828125,2128.0,2127.0,2127.050048828125,314
2026-09-18 11:39:00+05:30,2127.85009765625,2128.050048828125,2126.800048828125,2128.050048828125,756
2026-09-18 11:40:00+05:30,2127.64990234375,2127.64990234375,2126.0,2126.5,559
2026-09-18 11:41:00+05:30,2126.14990234375,2127.64990234375,2125.5,2126.60009765625,409
2026-09-18 11:42:00+05:30,2128.0,2128.0,2126.199951171875,2126.199951171875,158
2026-09-18 11:43:00+05:30,2126.0,2128.0,2125.89990234375,2127.0,229
2026-09-18 11:44:00+05:30,2127.0,2127.39990234375,2126.0,2126.0,145
2026-09-18 11:45:00+05:30,2127.89990234375,2128.39990234375,2127.39990234375,2127.75,90
2026-09-18 11:46:00+05:30,2128.699951171875,2129.35009765625,2126.699951171875,2127.10009765625,876
2026-09-18 11:47:00+05:30,2129.0,2129.5,2128.0,2128.050048828125,440
2026-09-18 11:48:00+05:30,2129.75,2129.75,2128.14990234375,2129.5,24
2026-09-18 11:49:00+05:30,2130.0,2130.0,2129.0,2129.949951171875,81
2026-09-18 11:50:00+05:30,2130.10009765625,2130.10009765625,2128.800048828125,2129.5,186
2026-09-18 11:51:00+05:30,2130.0,2130.699951171875,2129.5,2130.0,75
2026-09-18 11:52:00+05:30,2131.39990234375,2131.39990234375,2130.0,2130.0,771
2026-09-18 11:53:00+05:30,2132.60009765625,2133.0,2130.550048828125,2130.550048828125,355
2026-09-18 11:54:00+05:30,2131.89990234375,2132.39990234375,2130.5,2131.550048828125,442
2026-09-18 11:55:00+05:30,2131.0,2131.800048828125,2130.199951171875,2131.800048828125,105
2026-09-18 11:56:00+05:30,2130.0,2131.35009765625,2130.0,2130.89990234375,1146
2026-09-18 11:57:00+05:30,2131.199951171875,2131.449951171875,2129.949951171875,2130.0,165
2026-09-18 11:58:00+05:30,2130.050048828125,2132.199951171875,2130.0,2132.199951171875,904
2026-09-18 11:59:00+05:30,2128.449951171875,2130.0,2126.64990234375,2130.0,2414
2026-09-18 12:00:00+05:30,2127.39990234375,2128.60009765625,2127.39990234375,2128.449951171875,137
2026-09-18 12:01:00+05:30,2126.75,2128.800048828125,2126.0,2127.949951171875,779
2026-09-18 12:02:00+05:30,2127.699951171875,2127.75,2126.699951171875,2126.699951171875,49
2026-09-18 12:03:00+05:30,2127.39990234375,2128.800048828125,2126.85009765625,2127.60009765625,478
2026-09-18 12:04:00+05:30,2127.85009765625,2129.35009765625,2127.0,2128.75,81
2026-09-18 12:05:00+05:30,2127.75,2128.0,2126.800048828125,2127.85009765625,111
2026-09-18 12:06:00+05:30,2129.10009765625,2129.35009765625,2127.75,2127.75,152
2026-09-18 12:07:00+05:30,2128.449951171875,2129.10009765625,2127.5,2128.35009765625,1843
2026-09-18 12:08:00+05:30,2127.10009765625,2128.550048828125,2127.0,2128.550048828125,188
2026-09-18 12:09:00+05:30,2128.5,2128.5,2126.85009765625,2127.10009765625,170
2026-09-18 12:10:00+05:30,2127.10009765625,2128.5,2127.10009765625,2127.5,243
2026-09-18 12:11:00+05:30,2128.0,2128.5,2127.85009765625,2128.0,373
2026-09-18 12:12:00+05:30,2127.5,2129.300048828125,2127.5,2128.0,406
2026-09-18 12:13:00+05:30,2127.949951171875,2130.0,2127.0,2128.699951171875,224
2026-09-18 12:14:00+05:30,2127.25,2127.949951171875,2127.25,2127.89990234375,161
2026-09-18 12:15:00+05:30,2127.39990234375,2127.949951171875,2126.800048828125,2127.949951171875,337
2026-09-18 12:16:00+05:30,2127.0,2127.800048828125,2126.800048828125,2127.550048828125,130
2026-09-18 12:17:00+05:30,2126.64990234375,2127.949951171875,2126.0,2127.75,296
2026-09-18 12:18:00+05:30,2121.199951171875,2126.60009765625,2119.5,2126.60009765625,7757
2026-09-18 12:19:00+05:30,2118.199951171875,2121.199951171875,2117.75,2120.0,2041
2026-09-18 12:20:00+05:30,2118.800048828125,2119.0,2117.0,2119.0,439
2026-09-18 12:21:00+05:30,2119.550048828125,2120.550048828125,2118.800048828125,2119.0,722
2026-09-18 12:22:00+05:30,2121.199951171875,2121.5,2119.0,2120.10009765625,385
2026-09-18 12:23:00+05:30,2121.199951171875,2121.800048828125,2120.199951171875,2121.64990234375,230
2026-09-18 12:24:00+05:30,2120.949951171875,2121.35009765625,2120.050048828125,2121.0,392
2026-09-18 12:25:00+05:30,2119.050048828125,2121.10009765625,2119.050048828125,2120.949951171875,830
2026-09-18 12:26:00+05:30,2120.0,2120.449951171875,2119.0,2119.89990234375,269
2026-09-18 12:27:00+05:30,2123.050048828125,2123.050048828125,2119.0,2119.0,461
2026-09-18 12:28:00+05:30,2122.800048828125,2123.0,2122.0,2123.0,298
2026-09-18 12:29:00+05:30,2122.39990234375,2122.949951171875,2122.0,2122.949951171875,107
2026-09-18 12:30:00+05:30,2121.0,2121.89990234375,2120.5,2121.0,508
2026-09-18 12:31:00+05:30,2121.0,2122.0,2120.35009765625,2121.0,294
2026-09-18 12:32:00+05:30,2121.0,2121.25,2120.300048828125,2121.199951171875,160
2026-09-18 12:33:00+05:30,2121.25,2122.0,2120.35009765625,2121.0,405
2026-09-18 12:34:00+05:30,2121.0,2121.949951171875,2120.85009765625,2121.89990234375,191
2026-09-18 12:35:00+05:30,2121.300048828125,2121.39990234375,2120.300048828125,2121.0,176
2026-09-18 12:36:00+05:30,2122.0,2122.0,2120.0,2120.0,913
2026-09-18 12:37:00+05:30,2122.699951171875,2122.949951171875,2121.60009765625,2122.0,214
2026-09-18 12:38:00+05:30,2121.25,2122.60009765625,2121.25,2122.60009765625,92
2026-09-18 12:39:00+05:30,2122.0,2122.35009765625,2121.0,2122.050048828125,280
2026-09-18 12:40:00+05:30,2122.25,2122.35009765625,2121.0,2122.25,100
2026-09-18 12:41:00+05:30,2123.0,2123.0,2121.699951171875,2122.0,279
2026-09-18 12:42:00+05:30,2123.0,2123.0,2122.5,2123.0,580
2026-09-18 12:43:00+05:30,2123.800048828125,2124.0,2122.5,2123.0,205
2026-09-18 12:44:00+05:30,2123.949951171875,2124.5,2123.199951171875,2123.5,362
2026-09-18 12:45:00+05:30,2123.0,2123.85009765625,2122.5,2123.85009765625,315
2026-09-18 12:46:00+05:30,2123.449951171875,2123.75,2122.949951171875,2122.949951171875,88
2026-09-18 12:47:00+05:30,2122.85009765625,2123.949951171875,2122.699951171875,2123.75,45
2026-09-18 12:48:00+05:30,2123.800048828125,2123.949951171875,2123.0,2123.89990234375,12
2026-09-18 12:49:00+05:30,2123.050048828125,2123.949951171875,2123.050048828125,2123.949951171875,92
2026-09-18 12:50:00+05:30,2123.949951171875,2123.949951171875,2123.300048828125,2123.89990234375,173
2026-09-18 12:51:00+05:30,2122.35009765625,2123.949951171875,2122.35009765625,2123.949951171875,544
2026-09-18 12:52:00+05:30,2123.10009765625,2123.10009765625,2121.85009765625,2122.85009765625,542
2026-09-18 12:53:00+05:30,2122.10009765625,2123.10009765625,2122.10009765625,2122.14990234375,201
2026-09-18 12:54:00+05:30,2122.949951171875,2122.949951171875,2121.85009765625,2122.0,560
2026-09-18 12:55:00+05:30,2121.699951171875,2122.949951171875,2121.699951171875,2122.300048828125,246
2026-09-18 12:56:00+05:30,2122.85009765625,2122.89990234375,2121.35009765625,2122.14990234375,417
2026-09-18 12:57:00+05:30,2121.5,2122.949951171875,2121.35009765625,2122.85009765625,150
2026-09-18 12:58:00+05:30,2123.0,2123.0,2121.35009765625,2122.449951171875,194
2026-09-18 12:59:00+05:30,2122.5,2123.0,2122.0,2123.0,592
2026-09-18 13:00:00+05:30,2121.39990234375,2122.60009765625,2121.35009765625,2121.5,116
2026-09-18 13:01:00+05:30,2122.0,2122.60009765625,2121.300048828125,2121.60009765625,119
2026-09-18 13:02:00+05:30,2122.89990234375,2122.949951171875,2121.300048828125,2122.0,361
2026-09-18 13:03:00+05:30,2122.199951171875,2123.10009765625,2121.75,2121.949951171875,349
2026-09-18 13:04:00+05:30,2122.199951171875,2122.699951171875,2122.199951171875,2122.64990234375,47
2026-09-18 13:05:00+05:30,2122.199951171875,2122.199951171875,2121.5,2122.0,569
2026-09-18 13:06:00+05:30,2122.14990234375,2122.199951171875,2121.10009765625,2122.199951171875,110
2026-09-18 13:07:00+05:30,2121.0,2122.0,2121.0,2121.5,233
2026-09-18 13:08:00+05:30,2121.699951171875,2122.199951171875,2120.14990234375,2121.0,231
2026-09-18 13:09:00+05:30,2120.0,2120.5,2119.050048828125,2120.0,1685
2026-09-18 13:10:00+05:30,2118.550048828125,2120.0,2118.550048828125,2119.89990234375,748
2026-09-18 13:11:00+05:30,2116.10009765625,2119.699951171875,2116.0,2118.550048828125,2599
2026-09-18 13:12:00+05:30,2115.0,2117.449951171875,2113.5,2117.449951171875,4728
2026-09-18 13:13:00+05:30,2115.0,2116.199951171875,2114.0,2114.550048828125,483
2026-09-18 13:14:00+05:30,2115.0,2115.800048828125,2114.35009765625,2114.5,163
2026-09-18 13:15:00+05:30,2115.0,2115.0,2114.5,2115.0,129
2026-09-18 13:16:00+05:30,2112.949951171875,2115.0,2112.0,2115.0,737
2026-09-18 13:17:00+05:30,2114.0,2115.0,2112.949951171875,2114.0,773
2026-09-18 13:18:00+05:30,2113.0,2114.050048828125,2113.0,2114.050048828125,303
2026-09-18 13:19:00+05:30,2114.699951171875,2115.0,2113.050048828125,2113.10009765625,331
2026-09-18 13:20:00+05:30,2114.449951171875,2114.949951171875,2113.5,2114.949951171875,382
2026-09-18 13:21:00+05:30,2114.0,2114.699951171875,2113.550048828125,2113.550048828125,301
2026-09-18 13:22:00+05:30,2116.0,2116.0,2114.0,2114.0,637
2026-09-18 13:23:00+05:30,2115.699951171875,2117.60009765625,2114.050048828125,2116.0,357
2026-09-18 13:24:00+05:30,2114.5,2116.10009765625,2114.050048828125,2115.89990234375,692
2026-09-18 13:25:00+05:30,2114.300048828125,2115.0,2113.39990234375,2115.0,269
2026-09-18 13:26:00+05:30,2114.300048828125,2114.300048828125,2113.5,2114.300048828125,119
2026-09-18 13:27:00+05:30,2115.0,2115.0,2113.5,2114.300048828125,285
2026-09-18 13:28:00+05:30,2115.0,2115.0,2114.300048828125,2114.300048828125,362
2026-09-18 13:29:00+05:30,2115.199951171875,2115.5,2114.300048828125,2114.300048828125,1307
2026-09-18 13:30:00+05:30,2115.5,2115.75,2114.699951171875,2114.699951171875,126
2026-09-18 13:31:00+05:30,2112.64990234375,2115.14990234375,2112.64990234375,2115.14990234375,327
2026-09-18 13:32:00+05:30,2115.0,2115.0,2113.14990234375,2114.0,200
2026-09-18 13:33:00+05:30,2117.0,2117.0,2114.10009765625,2115.0,597
2026-09-18 13:34:00+05:30,2116.10009765625,2116.5,2115.10009765625,2115.75,157
2026-09-18 13:35:00+05:30,2114.0,2116.10009765625,2114.0,2115.0,256
2026-09-18 13:36:00+05:30,2115.300048828125,2115.300048828125,2114.10009765625,2114.60009765625,137
2026-09-18 13:37:00+05:30,2116.0,2116.300048828125,2115.0,2115.300048828125,354
2026-09-18 13:38:00+05:30,2116.800048828125,2116.949951171875,2116.0,2116.949951171875,191
2026-09-18 13:39:00+05:30,2116.0,2116.89990234375,2115.75,2116.800048828125,262
2026-09-18 13:40:00+05:30,2116.699951171875,2116.85009765625,2116.0,2116.85009765625,27
2026-09-18 13:41:00+05:30,2115.89990234375,2116.89990234375,2115.800048828125,2116.800048828125,147
2026-09-18 13:42:00+05:30,2116.89990234375,2117.0,2115.300048828125,2116.85009765625,609
2026-09-18 13:43:00+05:30,2116.0,2117.75,2115.14990234375,2116.199951171875,267
2026-09-18 13:44:00+05:30,2116.5,2117.39990234375,2116.5,2117.39990234375,210
2026-09-18 13:45:00+05:30,2116.39990234375,2116.949951171875,2115.550048828125,2116.949951171875,517
2026-09-18 13:46:00+05:30,2116.14990234375,2116.60009765625,2115.800048828125,2115.800048828125,173
2026-09-18 13:47:00+05:30,2115.35009765625,2116.39990234375,2115.050048828125,2116.0,203
2026-09-18 13:48:00+05:30,2115.39990234375,2116.699951171875,2115.050048828125,2116.60009765625,152
2026-09-18 13:49:00+05:30,2116.050048828125,2116.050048828125,2115.0,2115.39990234375,325
2026-09-18 13:50:00+05:30,2115.85009765625,2116.5,2115.0,2116.5,444
2026-09-18 13:51:00+05:30,2115.0,2115.800048828125,2114.949951171875,2115.050048828125,584
2026-09-18 13:52:00+05:30,2115.5,2116.0,2115.0,2115.5,135
2026-09-18 13:53:00+05:30,2116.0,2116.0,2114.5,2115.0,411
2026-09-18 13:54:00+05:30,2116.949951171875,2116.949951171875,2114.699951171875,2115.0,155
2026-09-18 13:55:00+05:30,2116.5,2116.949951171875,2116.050048828125,2116.949951171875,73
2026-09-18 13:56:00+05:30,2116.89990234375,2117.0,2116.0,2117.0,110
2026-09-18 13:57:00+05:30,2116.0,2117.35009765625,2116.0,2117.0,97
2026-09-18 13:58:00+05:30,2115.75,2116.5,2115.0,2116.5,438
2026-09-18 13:59:00+05:30,2115.0,2115.89990234375,2114.5,2115.89990234375,273
2026-09-18 14:00:00+05:30,2115.0,2115.5,2114.5,2115.5,193
2026-09-18 14:01:00+05:30,2115.0,2115.0,2114.5,2115.0,252
2026-09-18 14:02:00+05:30,2115.0,2115.5,2114.5,2115.0,289
2026-09-18 14:03:00+05:30,2115.5,2115.5,2115.0,2115.39990234375,234
2026-09-18 14:04:00+05:30,2115.800048828125,2115.85009765625,2115.0,2115.5,298
2026-09-18 14:05:00+05:30,2115.5,2115.800048828125,2114.800048828125,2115.800048828125,75
2026-09-18 14:06:00+05:30,2115.0,2115.5,2114.699951171875,2115.449951171875,163
2026-09-18 14:07:00+05:30,2116.5,2116.5,2114.800048828125,2115.5,255
2026-09-18 14:08:00+05:30,2116.39990234375,2116.5,2115.050048828125,2116.5,395
2026-09-18 14:09:00+05:30,2115.0,2116.39990234375,2115.0,2115.300048828125,272
2026-09-18 14:10:00+05:30,2115.550048828125,2116.0,2115.0,2115.85009765625,204
2026-09-18 14:11:00+05:30,2116.0,2116.0,2114.60009765625,2115.89990234375,733
2026-09-18 14:12:00+05:30,2115.699951171875,2116.0,2114.550048828125,2116.0,102
2026-09-18 14:13:00+05:30,2114.85009765625,2115.800048828125,2114.10009765625,2115.800048828125,442
2026-09-18 14:14:00+05:30,2115.0,2115.0,2113.89990234375,2114.85009765625,533
2026-09-18 14:15:00+05:30,2116.5,2116.5,2114.85009765625,2115.0,765
2026-09-18 14:16:00+05:30,2115.699951171875,2116.5,2115.199951171875,2115.550048828125,239
2026-09-18 14:17:00+05:30,2116.5,2116.5,2115.5,2116.5,335
2026-09-18 14:18:00+05:30,2116.0,2116.5,2116.0,2116.5,305
2026-09-18 14:19:00+05:30,2116.39990234375,2116.39990234375,2115.0,2115.699951171875,400
2026-09-18 14:20:00+05:30,2116.35009765625,2116.5,2115.800048828125,2116.39990234375,211
2026-09-18 14:21:00+05:30,2116.5,2116.5,2116.25,2116.35009765625,170
2026-09-18 14:22:00+05:30,2117.5,2117.5,2116.0,2116.5,1151
2026-09-18 14:23:00+05:30,2117.10009765625,2117.949951171875,2116.0,2117.5,384
2026-09-18 14:24:00+05:30,2116.550048828125,2117.050048828125,2115.199951171875,2117.050048828125,471
2026-09-18 14:25:00+05:30,2115.0,2117.39990234375,2115.0,2116.550048828125,1163
2026-09-18 14:26:00+05:30,2117.39990234375,2117.39990234375,2115.5,2116.949951171875,4709
2026-09-18 14:27:00+05:30,2117.800048828125,2117.85009765625,2117.0,2117.0,971
2026-09-18 14:28:00+05:30,2119.0,2119.699951171875,2118.0,2118.0,344
2026-09-18 14:29:00+05:30,2119.5,2119.699951171875,2119.0,2119.699951171875,3837
2026-09-18 14:30:00+05:30,2118.300048828125,2119.0,2117.0,2119.0,5926
2026-09-18 14:31:00+05:30,2118.449951171875,2118.5,2117.699951171875,2118.39990234375,60
2026-09-18 14:32:00+05:30,2119.0,2119.0,2117.300048828125,2118.199951171875,383
2026-09-18 14:33:00+05:30,2120.050048828125,2120.5,2118.39990234375,2119.0,637
2026-09-18 14:34:00+05:30,2119.699951171875,2120.35009765625,2118.85009765625,2119.85009765625,470
2026-09-18 14:35:00+05:30,2116.0,2119.699951171875,2116.0,2118.5,826
2026-09-18 14:36:00+05:30,2114.10009765625,2117.449951171875,2113.800048828125,2117.449951171875,1355
2026-09-18 14:37:00+05:30,2116.0,2116.0,2114.0,2114.699951171875,198
2026-09-18 14:38:00+05:30,2115.0,2116.0,2113.0,2116.0,12001
2026-09-18 14:39:00+05:30,2113.0,2115.199951171875,2112.800048828125,2115.0,3819
2026-09-18 14:40:00+05:30,2113.89990234375,2115.0,2113.5,2114.300048828125,350
2026-09-18 14:41:00+05:30,2113.75,2114.800048828125,2113.050048828125,2113.89990234375,551
2026-09-18 14:42:00+05:30,2113.0,2114.89990234375,2113.0,2113.75,455
2026-09-18 14:43:00+05:30,2113.800048828125,2114.550048828125,2113.5,2113.60009765625,139
2026-09-18 14:44:00+05:30,2113.10009765625,2113.699951171875,2112.449951171875,2113.699951171875,667
2026-09-18 14:45:00+05:30,2109.39990234375,2113.0,2108.64990234375,2113.0,6078
2026-09-18 14:46:00+05:30,2110.35009765625,2110.89990234375,2108.89990234375,2109.39990234375,407
2026-09-18 14:47:00+05:30,2111.5,2111.89990234375,2109.60009765625,2109.60009765625,689
2026-09-18 14:48:00+05:30,2112.449951171875,2113.35009765625,2111.050048828125,2111.5,612
2026-09-18 14:49:00+05:30,2112.89990234375,2113.35009765625,2112.5,2113.199951171875,234
2026-09-18 14:50:00+05:30,2113.0,2113.0,2111.0,2113.0,514
2026-09-18 14:51:00+05:30,2114.300048828125,2114.5,2113.0,2113.0,426
2026-09-18 14:52:00+05:30,2114.699951171875,2115.89990234375,2114.0,2114.300048828125,2403
2026-09-18 14:53:00+05:30,2115.0,2115.699951171875,2114.64990234375,2114.64990234375,353
2026-09-18 14:54:00+05:30,2114.25,2115.699951171875,2113.39990234375,2115.0,412
2026-09-18 14:55:00+05:30,2114.0,2115.0,2113.699951171875,2114.35009765625,375
2026-09-18 14:56:00+05:30,2113.64990234375,2114.5,2113.300048828125,2113.64990234375,319
2026-09-18 14:57:00+05:30,2113.0,2114.0,2112.5,2113.60009765625,369
2026-09-18 14:58:00+05:30,2114.0,2114.5,2112.199951171875,2113.10009765625,947
2026-09-18 14:59:00+05:30,2114.0,2114.5,2113.60009765625,2114.5,674
2026-09-18 15:00:00+05:30,2108.10009765625,2113.800048828125,2108.0,2113.800048828125,2773
2026-09-18 15:01:00+05:30,2108.89990234375,2109.25,2106.800048828125,2107.60009765625,583
2026-09-18 15:02:00+05:30,2107.89990234375,2108.050048828125,2107.199951171875,2108.050048828125,537
2026-09-18 15:03:00+05:30,2106.449951171875,2108.0,2106.0,2107.89990234375,1216
2026-09-18 15:04:00+05:30,2104.300048828125,2106.699951171875,2104.300048828125,2106.0,2493
2026-09-18 15:05:00+05:30,2104.0,2105.449951171875,2101.89990234375,2104.199951171875,2649
2026-09-18 15:06:00+05:30,2105.050048828125,2105.949951171875,2102.75,2104.0,991
2026-09-18 15:07:00+05:30,2105.949951171875,2106.0,2104.050048828125,2104.25,894
2026-09-18 15:08:00+05:30,2105.0,2106.0,2104.800048828125,2105.0,498
2026-09-18 15:09:00+05:30,2105.85009765625,2107.5,2104.300048828125,2105.14990234375,1405
2026-09-18 15:10:00+05:30,2107.5,2107.949951171875,2105.199951171875,2105.949951171875,1065
2026-09-18 15:11:00+05:30,2107.60009765625,2107.60009765625,2105.0,2106.0,1101
2026-09-18 15:12:00+05:30,2104.89990234375,2108.0,2103.0,2106.0,1925
2026-09-18 15:13:00+05:30,2102.75,2105.85009765625,2101.5,2104.0,3605
2026-09-18 15:14:00+05:30,2105.699951171875,2106.0,2102.75,2102.75,1830
2026-09-18 15:29:00+05:30,2101.0,2101.0,2101.0,2101.0,7330
2026-09-21 09:15:00+05:30,2101.949951171875,2101.949951171875,2076.0,2088.0,12749
2026-09-21 09:16:00+05:30,2107.949951171875,2107.949951171875,2100.0,2102.0,3074
2026-09-21 09:17:00+05:30,2113.39990234375,2114.199951171875,2102.5,2107.60009765625,2785
2026-09-21 09:18:00+05:30,2112.89990234375,2113.699951171875,2110.85009765625,2112.550048828125,5079
2026-09-21 09:19:00+05:30,2116.60009765625,2118.0,2112.300048828125,2112.300048828125,971
2026-09-21 09:20:00+05:30,2117.449951171875,2121.050048828125,2115.89990234375,2117.10009765625,2920
2026-09-21 09:21:00+05:30,2105.699951171875,2117.0,2105.699951171875,2117.0,2257
2026-09-21 09:22:00+05:30,2101.35009765625,2106.25,2100.5,2106.10009765625,2058
2026-09-21 09:23:00+05:30,2100.449951171875,2103.64990234375,2099.89990234375,2101.39990234375,2770
2026-09-21 09:24:00+05:30,2095.550048828125,2102.449951171875,2093.699951171875,2102.449951171875,3973
2026-09-21 09:25:00+05:30,2099.0,2099.300048828125,2095.0,2096.0,1131
2026-09-21 09:26:00+05:30,2103.300048828125,2103.300048828125,2097.800048828125,2098.89990234375,897
2026-09-21 09:27:00+05:30,2112.0,2112.0,2104.0,2104.0,2660
2026-09-21 09:28:00+05:30,2111.0,2114.699951171875,2110.699951171875,2111.949951171875,3694
2026-09-21 09:29:00+05:30,2111.0,2114.0,2111.0,2111.699951171875,544
2026-09-21 09:30:00+05:30,2114.64990234375,2114.64990234375,2110.60009765625,2111.949951171875,2056
2026-09-21 09:31:00+05:30,2109.89990234375,2114.550048828125,2108.300048828125,2114.550048828125,575
2026-09-21 09:32:00+05:30,2109.39990234375,2109.75,2108.300048828125,2109.60009765625,522
2026-09-21 09:33:00+05:30,2111.0,2111.199951171875,2108.5,2109.64990234375,1085
2026-09-21 09:34:00+05:30,2106.25,2111.0,2105.0,2111.0,2914
2026-09-21 09:35:00+05:30,2105.5,2106.800048828125,2105.0,2105.550048828125,839
2026-09-21 09:36:00+05:30,2105.300048828125,2107.89990234375,2105.300048828125,2106.89990234375,436
2026-09-21 09:37:00+05:30,2107.89990234375,2107.89990234375,2104.25,2105.300048828125,321
2026-09-21 09:38:00+05:30,2108.0,2108.0,2106.5,2108.0,301
2026-09-21 09:39:00+05:30,2107.5,2108.050048828125,2106.699951171875,2107.10009765625,304
2026-09-21 09:40:00+05:30,2107.10009765625,2108.0,2106.0,2107.10009765625,212
2026-09-21 09:41:00+05:30,2108.449951171875,2109.85009765625,2104.5,2106.10009765625,369
2026-09-21 09:42:00+05:30,2108.199951171875,2108.199951171875,2106.0,2106.89990234375,783
2026-09-21 09:43:00+05:30,2111.14990234375,2111.199951171875,2108.050048828125,2108.050048828125,1792
2026-09-21 09:44:00+05:30,2112.699951171875,2113.89990234375,2110.64990234375,2111.199951171875,983
2026-09-21 09:45:00+05:30,2114.0,2114.699951171875,2111.699951171875,2112.89990234375,770
2026-09-21 09:46:00+05:30,2117.75,2118.0,2113.800048828125,2114.699951171875,1547
2026-09-21 09:47:00+05:30,2117.699951171875,2118.75,2116.14990234375,2118.5,445
2026-09-21 09:48:00+05:30,2118.85009765625,2118.89990234375,2115.75,2117.199951171875,3426
2026-09-21 09:49:00+05:30,2115.89990234375,2119.0,2114.5,2118.89990234375,430
2026-09-21 09:50:00+05:30,2117.5,2118.35009765625,2116.0,2116.0,6458
2026-09-21 09:51:00+05:30,2117.25,2118.10009765625,2117.0,2118.10009765625,160
2026-09-21 09:52:00+05:30,2119.0,2119.0,2117.5,2117.5,137
2026-09-21 09:53:00+05:30,2122.0,2122.800048828125,2119.0,2119.0,1912
2026-09-21 09:54:00+05:30,2119.75,2122.300048828125,2119.75,2121.39990234375,1118
2026-09-21 09:55:00+05:30,2118.5,2120.5,2118.5,2120.449951171875,556
2026-09-21 09:56:00+05:30,2117.25,2118.25,2116.5,2116.85009765625,134
2026-09-21 09:57:00+05:30,2118.050048828125,2118.35009765625,2116.5,2116.5,189
2026-09-21 09:58:00+05:30,2117.14990234375,2119.10009765625,2117.14990234375,2118.0,181
2026-09-21 09:59:00+05:30,2114.75,2118.050048828125,2114.75,2118.050048828125,109
2026-09-21 10:00:00+05:30,2119.0,2119.449951171875,2114.800048828125,2114.800048828125,317
2026-09-21 10:01:00+05:30,2122.75,2124.5,2119.0,2119.0,2954
2026-09-21 10:02:00+05:30,2119.14990234375,2121.0,2119.0,2121.0,31
2026-09-21 10:03:00+05:30,2116.300048828125,2119.0,2116.300048828125,2119.0,41
2026-09-21 10:04:00+05:30,2113.75,2115.5,2113.050048828125,2115.5,62
2026-09-21 10:05:00+05:30,2116.89990234375,2117.949951171875,2116.89990234375,2117.35009765625,24
2026-09-21 10:06:00+05:30,2112.85009765625,2116.10009765625,2112.85009765625,2116.10009765625,151
2026-09-21 10:07:00+05:30,2115.0,2115.0,2112.5,2113.800048828125,53
2026-09-21 10:08:00+05:30,2118.89990234375,2118.89990234375,2115.050048828125,2115.050048828125,48
2026-09-21 10:09:00+05:30,2119.300048828125,2120.0,2117.85009765625,2119.0,138
2026-09-21 10:10:00+05:30,2120.0,2120.0,2119.0,2119.14990234375,145
2026-09-21 10:11:00+05:30,2119.0,2119.0,2118.300048828125,2118.5,175
2026-09-21 10:12:00+05:30,2119.14990234375,2119.75,2119.0,2119.39990234375,82
2026-09-21 10:13:00+05:30,2118.699951171875,2119.75,2118.699951171875,2119.75,48
2026-09-21 10:14:00+05:30,2117.699951171875,2119.0,2117.699951171875,2118.60009765625,89
2026-09-21 10:15:00+05:30,2117.85009765625,2117.85009765625,2116.25,2117.199951171875,77
2026-09-21 10:16:00+05:30,2114.89990234375,2116.14990234375,2114.89990234375,2116.14990234375,100
2026-09-21 10:17:00+05:30,2117.0,2117.5,2116.699951171875,2117.5,61
2026-09-21 10:18:00+05:30,2118.0,2118.0,2117.800048828125,2118.0,264
2026-09-21 10:19:00+05:30,2116.60009765625,2118.60009765625,2116.60009765625,2118.60009765625,61
2026-09-21 10:20:00+05:30,2118.0,2118.0,2117.050048828125,2117.050048828125,7
2026-09-21 10:21:00+05:30,2116.0,2117.199951171875,2116.0,2116.60009765625,425
2026-09-21 10:22:00+05:30,2114.949951171875,2115.5,2113.60009765625,2115.5,80
2026-09-21 10:23:00+05:30,2114.199951171875,2115.0,2114.199951171875,2115.0,15
2026-09-21 10:24:00+05:30,2115.949951171875,2115.949951171875,2114.800048828125,2115.0,199
2026-09-21 10:25:00+05:30,2115.89990234375,2116.0,2115.050048828125,2115.89990234375,47
2026-09-21 10:26:00+05:30,2115.0,2115.300048828125,2115.0,2115.300048828125,11
2026-09-21 10:27:00+05:30,2112.699951171875,2116.0,2112.699951171875,2116.0,2380
2026-09-21 10:28:00+05:30,2116.75,2117.0,2114.14990234375,2114.14990234375,302
2026-09-21 10:29:00+05:30,2119.75,2120.199951171875,2117.75,2117.75,464
2026-09-21 10:30:00+05:30,2120.0,2121.89990234375,2119.449951171875,2121.64990234375,319
2026-09-21 10:31:00+05:30,2121.75,2121.800048828125,2118.25,2119.5,448
2026-09-21 10:32:00+05:30,2124.0,2124.0,2119.949951171875,2121.10009765625,576
2026-09-21 10:33:00+05:30,2122.5,2125.75,2122.5,2124.800048828125,1826
2026-09-21 10:34:00+05:30,2121.300048828125,2123.199951171875,2121.300048828125,2123.199951171875,161
2026-09-21 10:35:00+05:30,2121.800048828125,2122.35009765625,2121.0,2122.300048828125,42
2026-09-21 10:36:00+05:30,2122.35009765625,2122.35009765625,2121.050048828125,2121.050048828125,8
2026-09-21 10:37:00+05:30,2125.0,2125.0,2122.35009765625,2122.35009765625,360
2026-09-21 10:38:00+05:30,2123.800048828125,2123.949951171875,2123.0,2123.949951171875,518
2026-09-21 10:39:00+05:30,2124.39990234375,2124.39990234375,2123.14990234375,2123.800048828125,349
2026-09-21 10:40:00+05:30,2124.0,2125.0,2124.0,2124.89990234375,357
2026-09-21 10:41:00+05:30,2123.75,2125.10009765625,2123.75,2124.39990234375,983
2026-09-21 10:42:00+05:30,2124.199951171875,2125.39990234375,2124.199951171875,2124.85009765625,134
2026-09-21 10:43:00+05:30,2123.800048828125,2124.300048828125,2122.39990234375,2124.0,1839
2026-09-21 10:44:00+05:30,2123.949951171875,2124.449951171875,2122.75,2123.449951171875,74
2026-09-21 10:45:00+05:30,2123.449951171875,2124.39990234375,2123.050048828125,2123.85009765625,83
2026-09-21 10:46:00+05:30,2123.050048828125,2124.300048828125,2122.60009765625,2124.0,179
2026-09-21 10:47:00+05:30,2122.0,2123.449951171875,2122.0,2122.60009765625,308
2026-09-21 10:48:00+05:30,2121.949951171875,2122.0,2121.14990234375,2122.0,31
2026-09-21 10:49:00+05:30,2122.35009765625,2122.39990234375,2120.85009765625,2121.5,656
2026-09-21 10:50:00+05:30,2121.050048828125,2122.35009765625,2121.050048828125,2121.89990234375,62
2026-09-21 10:51:00+05:30,2123.949951171875,2124.64990234375,2121.800048828125,2121.800048828125,488
2026-09-21 10:52:00+05:30,2122.800048828125,2124.0,2122.800048828125,2123.25,135
2026-09-21 10:53:00+05:30,2122.85009765625,2123.0,2122.0,2122.0,46
2026-09-21 10:54:00+05:30,2123.0,2123.0,2122.89990234375,2122.89990234375,16
2026-09-21 10:55:00+05:30,2123.0,2123.0,2122.0,2122.0,152
2026-09-21 10:56:00+05:30,2120.300048828125,2123.0,2120.300048828125,2123.0,498
2026-09-21 10:57:00+05:30,2121.64990234375,2121.75,2121.39990234375,2121.75,31
2026-09-21 10:58:00+05:30,2122.5,2122.949951171875,2121.64990234375,2122.949951171875,88
2026-09-21 10:59:00+05:30,2119.0,2122.550048828125,2119.0,2122.550048828125,400
2026-09-21 11:00:00+05:30,2120.5,2120.699951171875,2118.949951171875,2118.949951171875,1011
2026-09-21 11:01:00+05:30,2121.0,2121.0,2120.14990234375,2121.0,287
2026-09-21 11:02:00+05:30,2120.10009765625,2120.949951171875,2120.10009765625,2120.60009765625,54
2026-09-21 11:03:00+05:30,2119.75,2120.0,2119.199951171875,2120.0,281
2026-09-21 11:04:00+05:30,2119.050048828125,2119.800048828125,2119.050048828125,2119.800048828125,22
2026-09-21 11:05:00+05:30,2119.25,2120.449951171875,2119.199951171875,2119.199951171875,41
2026-09-21 11:06:00+05:30,2118.0,2119.949951171875,2118.0,2119.949951171875,905
2026-09-21 11:07:00+05:30,2117.949951171875,2119.300048828125,2117.449951171875,2118.800048828125,159
2026-09-21 11:08:00+05:30,2118.0,2118.300048828125,2117.25,2117.25,36
2026-09-21 11:09:00+05:30,2118.0,2118.550048828125,2118.0,2118.550048828125,64
2026-09-21 11:10:00+05:30,2119.0,2119.300048828125,2118.550048828125,2119.14990234375,251
2026-09-21 11:11:00+05:30,2120.89990234375,2120.89990234375,2120.39990234375,2120.39990234375,66
2026-09-21 11:12:00+05:30,2118.699951171875,2120.449951171875,2118.699951171875,2120.449951171875,125
2026-09-21 11:13:00+05:30,2120.0,2120.75,2120.0,2120.14990234375,27
2026-09-21 11:14:00+05:30,2119.85009765625,2119.89990234375,2118.89990234375,2119.10009765625,247
2026-09-21 11:15:00+05:30,2119.89990234375,2119.89990234375,2119.050048828125,2119.050048828125,8
2026-09-21 11:16:00+05:30,2119.050048828125,2119.050048828125,2119.050048828125,2119.050048828125,9
2026-09-21 11:17:00+05:30,2118.949951171875,2120.0,2118.949951171875,2119.0,40
2026-09-21 11:18:00+05:30,2120.0,2120.0,2118.89990234375,2119.14990234375,15
2026-09-21 11:19:00+05:30,2118.300048828125,2118.550048828125,2117.550048828125,2118.550048828125,39
2026-09-21 11:20:00+05:30,2119.0,2119.0,2117.89990234375,2118.300048828125,28
2026-09-21 11:21:00+05:30,2119.0,2119.0,2119.0,2119.0,3
2026-09-21 11:22:00+05:30,2118.60009765625,2119.75,2118.550048828125,2118.550048828125,109
2026-09-21 11:23:00+05:30,2119.60009765625,2119.60009765625,2118.800048828125,2119.60009765625,51
2026-09-21 11:24:00+05:30,2119.0,2120.449951171875,2119.0,2120.449951171875,32
2026-09-21 11:25:00+05:30,2119.0,2119.0,2118.75,2119.0,4
2026-09-21 11:26:00+05:30,2118.699951171875,2119.35009765625,2117.64990234375,2117.64990234375,1445
2026-09-21 11:27:00+05:30,2117.75,2117.75,2117.75,2117.75,71
2026-09-21 11:28:00+05:30,2119.0,2119.0,2118.64990234375,2118.64990234375,29
2026-09-21 11:29:00+05:30,2119.75,2119.85009765625,2119.0,2119.0,47
2026-09-21 11:30:00+05:30,2120.35009765625,2120.35009765625,2119.64990234375,2119.64990234375,31
2026-09-21 11:31:00+05:30,2122.0,2122.0,2120.35009765625,2120.35009765625,112
2026-09-21 11:32:00+05:30,2122.0,2122.0,2122.0,2122.0,33
2026-09-21 11:33:00+05:30,2123.85009765625,2123.85009765625,2122.0,2122.0,250
2026-09-21 11:34:00+05:30,2123.85009765625,2124.0,2123.85009765625,2123.85009765625,564
2026-09-21 11:35:00+05:30,2122.89990234375,2123.0,2122.0,2122.949951171875,39
2026-09-21 11:36:00+05:30,2123.0,2123.949951171875,2123.0,2123.0,30
2026-09-21 11:37:00+05:30,2123.10009765625,2124.75,2123.0,2123.25,182
2026-09-21 11:38:00+05:30,2123.0,2123.949951171875,2123.0,2123.949951171875,1659
2026-09-21 11:39:00+05:30,2124.0,2124.699951171875,2123.89990234375,2124.449951171875,22
2026-09-21 11:40:00+05:30,2123.89990234375,2124.800048828125,2122.949951171875,2124.0,93
2026-09-21 11:41:00+05:30,2124.199951171875,2124.300048828125,2124.0,2124.300048828125,31
2026-09-21 11:42:00+05:30,2123.449951171875,2124.35009765625,2123.39990234375,2124.35009765625,9
2026-09-21 11:43:00+05:30,2124.050048828125,2124.050048828125,2124.050048828125,2124.050048828125,1
2026-09-21 11:44:00+05:30,2123.800048828125,2124.449951171875,2123.800048828125,2123.800048828125,47
2026-09-21 11:45:00+05:30,2124.5,2124.5,2124.0,2124.0,74
2026-09-21 11:46:00+05:30,2122.89990234375,2124.0,2122.0,2124.0,1100
2026-09-21 11:47:00+05:30,2122.64990234375,2122.64990234375,2121.85009765625,2121.85009765625,126
2026-09-21 11:48:00+05:30,2123.0,2124.5,2122.10009765625,2122.10009765625,519
2026-09-21 11:49:00+05:30,2123.949951171875,2124.10009765625,2123.0,2124.10009765625,1140
2026-09-21 11:50:00+05:30,2124.5,2124.5,2122.949951171875,2122.949951171875,37
2026-09-21 11:51:00+05:30,2124.5,2124.5,2124.0,2124.0,76
2026-09-21 11:52:00+05:30,2124.199951171875,2124.949951171875,2124.199951171875,2124.949951171875,4
2026-09-21 11:53:00+05:30,2124.5,2124.5,2124.5,2124.5,62
2026-09-21 11:54:00+05:30,2125.89990234375,2125.89990234375,2124.5,2124.5,1063
2026-09-21 11:55:00+05:30,2126.0,2126.0,2125.85009765625,2125.85009765625,17
2026-09-21 11:56:00+05:30,2128.5,2128.5,2126.0,2126.0,378
2026-09-21 11:57:00+05:30,2127.300048828125,2128.10009765625,2126.199951171875,2127.949951171875,343
2026-09-21 11:58:00+05:30,2126.0,2127.050048828125,2126.0,2126.949951171875,522
2026-09-21 11:59:00+05:30,2124.85009765625,2125.10009765625,2124.5,2124.949951171875,399
2026-09-21 12:00:00+05:30,2123.300048828125,2124.64990234375,2123.300048828125,2124.5,610
2026-09-21 12:01:00+05:30,2124.0,2124.0,2123.0,2123.699951171875,400
2026-09-21 12:02:00+05:30,2125.10009765625,2125.10009765625,2124.199951171875,2125.10009765625,131
2026-09-21 12:03:00+05:30,2125.0,2126.35009765625,2124.699951171875,2124.699951171875,194
2026-09-21 12:04:00+05:30,2125.449951171875,2126.25,2125.0,2126.25,195
2026-09-21 12:05:00+05:30,2124.39990234375,2124.75,2124.39990234375,2124.699951171875,51
2026-09-21 12:06:00+05:30,2124.75,2125.35009765625,2123.60009765625,2123.60009765625,108
2026-09-21 12:07:00+05:30,2124.75,2124.75,2123.550048828125,2124.0,104
2026-09-21 12:08:00+05:30,2125.25,2125.800048828125,2124.60009765625,2125.14990234375,517
2026-09-21 12:09:00+05:30,2121.75,2124.39990234375,2121.75,2124.39990234375,407
2026-09-21 12:10:00+05:30,2122.800048828125,2123.0,2122.0,2123.0,13
2026-09-21 12:11:00+05:30,2126.0,2127.0,2123.050048828125,2123.050048828125,781
2026-09-21 12:12:00+05:30,2125.300048828125,2126.0,2125.25,2125.39990234375,23
2026-09-21 12:13:00+05:30,2126.699951171875,2126.699951171875,2125.300048828125,2125.300048828125,235
2026-09-21 12:14:00+05:30,2126.5,2126.5,2125.64990234375,2125.64990234375,28
2026-09-21 12:15:00+05:30,2125.5,2126.5,2125.5,2126.5,38
2026-09-21 12:16:00+05:30,2125.5,2126.10009765625,2125.5,2126.10009765625,43
2026-09-21 12:17:00+05:30,2125.199951171875,2126.550048828125,2125.199951171875,2125.199951171875,36
2026-09-21 12:18:00+05:30,2126.050048828125,2127.0,2125.85009765625,2125.85009765625,97
2026-09-21 12:20:00+05:30,2126.89990234375,2127.0,2125.800048828125,2125.800048828125,31
2026-09-21 12:21:00+05:30,2127.39990234375,2127.5,2127.0,2127.0,176
2026-09-21 12:22:00+05:30,2126.5,2127.5,2126.0,2127.5,188
2026-09-21 12:23:00+05:30,2125.199951171875,2126.0,2125.199951171875,2125.5,262
2026-09-21 12:24:00+05:30,2124.0,2125.0,2124.0,2125.0,279
2026-09-21 12:25:00+05:30,2124.75,2124.75,2123.0,2123.0,203
2026-09-21 12:26:00+05:30,2123.300048828125,2124.5,2123.300048828125,2124.5,331
2026-09-21 12:27:00+05:30,2122.89990234375,2123.64990234375,2122.5,2123.64990234375,147
2026-09-21 12:28:00+05:30,2122.89990234375,2122.89990234375,2122.0,2122.0,36
2026-09-21 12:29:00+05:30,2122.39990234375,2123.300048828125,2122.39990234375,2122.39990234375,5
2026-09-21 12:31:00+05:30,2123.0,2123.0,2122.39990234375,2122.39990234375,300
2026-09-21 12:32:00+05:30,2122.5,2123.0,2122.5,2123.0,11
2026-09-21 12:33:00+05:30,2122.5,2123.0,2122.5,2122.5,34
2026-09-21 12:34:00+05:30,2123.89990234375,2123.89990234375,2122.64990234375,2122.64990234375,28
2026-09-21 12:35:00+05:30,2123.050048828125,2123.050048828125,2123.050048828125,2123.050048828125,3
2026-09-21 12:36:00+05:30,2122.14990234375,2122.800048828125,2122.0,2122.800048828125,446
2026-09-21 12:37:00+05:30,2122.0,2122.0,2122.0,2122.0,1
2026-09-21 12:38:00+05:30,2123.449951171875,2123.449951171875,2121.550048828125,2121.550048828125,21
2026-09-21 12:39:00+05:30,2122.300048828125,2123.300048828125,2122.300048828125,2122.300048828125,12
2026-09-21 12:40:00+05:30,2121.0,2121.050048828125,2121.0,2121.050048828125,115
2026-09-21 12:41:00+05:30,2122.0,2122.0,2122.0,2122.0,5
2026-09-21 12:42:00+05:30,2122.050048828125,2122.050048828125,2122.050048828125,2122.050048828125,2
2026-09-21 12:43:00+05:30,2123.10009765625,2123.10009765625,2121.85009765625,2122.050048828125,67
2026-09-21 12:44:00+05:30,2123.0,2123.0,2122.449951171875,2123.0,101
2026-09-21 12:45:00+05:30,2123.14990234375,2124.35009765625,2123.14990234375,2123.64990234375,117
2026-09-21 12:46:00+05:30,2122.85009765625,2124.39990234375,2122.85009765625,2124.39990234375,94
2026-09-21 12:47:00+05:30,2122.699951171875,2122.699951171875,2122.699951171875,2122.699951171875,10
2026-09-21 12:48:00+05:30,2121.800048828125,2121.800048828125,2121.60009765625,2121.60009765625,13
2026-09-21 12:49:00+05:30,2126.89990234375,2127.0,2122.699951171875,2122.699951171875,741
2026-09-21 12:50:00+05:30,2127.0,2127.0,2126.0,2126.0,52
2026-09-21 12:51:00+05:30,2127.699951171875,2128.10009765625,2127.449951171875,2128.0,148
2026-09-21 12:52:00+05:30,2126.10009765625,2128.050048828125,2126.10009765625,2127.699951171875,366
2026-09-21 12:53:00+05:30,2126.39990234375,2127.449951171875,2126.39990234375,2127.449951171875,10
2026-09-21 12:54:00+05:30,2131.0,2131.0,2127.85009765625,2127.85009765625,7912
2026-09-21 12:55:00+05:30,2131.0,2131.85009765625,2131.0,2131.0,1223
2026-09-21 12:56:00+05:30,2130.0,2130.0,2129.10009765625,2130.0,979
2026-09-21 12:57:00+05:30,2131.5,2131.75,2129.300048828125,2129.300048828125,1515
2026-09-21 12:58:00+05:30,2132.0,2133.89990234375,2130.14990234375,2130.14990234375,1388
2026-09-21 12:59:00+05:30,2132.5,2132.699951171875,2131.550048828125,2132.0,1002
2026-09-21 13:00:00+05:30,2131.39990234375,2132.5,2131.39990234375,2132.0,96
2026-09-21 13:01:00+05:30,2131.5,2131.5,2130.050048828125,2130.050048828125,34
2026-09-21 13:02:00+05:30,2131.5,2131.5,2129.699951171875,2130.85009765625,131
2026-09-21 13:03:00+05:30,2130.14990234375,2131.199951171875,2130.14990234375,2130.800048828125,69
2026-09-21 13:04:00+05:30,2130.10009765625,2130.39990234375,2129.300048828125,2130.39990234375,71
2026-09-21 13:05:00+05:30,2130.0,2130.10009765625,2129.300048828125,2130.10009765625,117
2026-09-21 13:06:00+05:30,2129.60009765625,2130.300048828125,2129.60009765625,2129.699951171875,27
2026-09-21 13:07:00+05:30,2131.85009765625,2131.85009765625,2129.300048828125,2129.300048828125,15641
2026-09-21 13:08:00+05:30,2131.0,2131.35009765625,2131.0,2131.0,5109
2026-09-21 13:09:00+05:30,2131.35009765625,2132.39990234375,2131.35009765625,2132.0,22107
2026-09-21 13:10:00+05:30,2130.60009765625,2130.949951171875,2129.64990234375,2130.0,59
2026-09-21 13:11:00+05:30,2129.949951171875,2130.050048828125,2128.5,2129.75,963
2026-09-21 13:12:00+05:30,2129.199951171875,2129.60009765625,2129.199951171875,2129.60009765625,11
2026-09-21 13:13:00+05:30,2128.35009765625,2129.199951171875,2128.35009765625,2128.35009765625,27
2026-09-21 13:14:00+05:30,2128.14990234375,2128.300048828125,2128.14990234375,2128.300048828125,299
2026-09-21 13:15:00+05:30,2129.949951171875,2129.949951171875,2128.300048828125,2128.89990234375,64
2026-09-21 13:16:00+05:30,2131.35009765625,2131.35009765625,2130.300048828125,2130.449951171875,56
2026-09-21 13:17:00+05:30,2129.64990234375,2130.85009765625,2129.050048828125,2130.85009765625,106
2026-09-21 13:18:00+05:30,2129.35009765625,2130.75,2129.35009765625,2130.75,9
2026-09-21 13:19:00+05:30,2128.35009765625,2128.35009765625,2128.35009765625,2128.35009765625,14
2026-09-21 13:20:00+05:30,2130.0,2130.0,2129.199951171875,2129.199951171875,91
2026-09-21 13:21:00+05:30,2131.0,2131.0,2130.199951171875,2130.550048828125,212
2026-09-21 13:22:00+05:30,2130.199951171875,2130.199951171875,2130.199951171875,2130.199951171875,46
2026-09-21 13:23:00+05:30,2131.0,2131.0,2129.25,2130.0,53
2026-09-21 13:24:00+05:30,2131.0,2131.0,2130.39990234375,2130.39990234375,3
2026-09-21 13:25:00+05:30,2129.699951171875,2130.0,2129.699951171875,2130.0,5
2026-09-21 13:26:00+05:30,2130.050048828125,2131.5,2130.050048828125,2131.0,351
2026-09-21 13:27:00+05:30,2130.85009765625,2131.550048828125,2130.85009765625,2131.0,131
2026-09-21 13:28:00+05:30,2134.39990234375,2134.39990234375,2130.449951171875,2130.949951171875,2099
2026-09-21 13:29:00+05:30,2134.199951171875,2134.5,2133.300048828125,2134.5,134
2026-09-21 13:30:00+05:30,2134.300048828125,2134.300048828125,2134.300048828125,2134.300048828125,36
2026-09-21 13:31:00+05:30,2133.199951171875,2133.949951171875,2133.199951171875,2133.949951171875,6
2026-09-21 13:32:00+05:30,2132.85009765625,2133.85009765625,2132.85009765625,2133.10009765625,141
2026-09-21 13:33:00+05:30,2133.550048828125,2133.550048828125,2133.550048828125,2133.550048828125,5
2026-09-21 13:35:00+05:30,2132.0,2133.75,2132.0,2133.0,53
2026-09-21 13:36:00+05:30,2133.0,2133.0,2132.5,2132.5,8
2026-09-21 13:37:00+05:30,2135.14990234375,2136.0,2133.0,2133.0,1231
2026-09-21 13:38:00+05:30,2133.0,2134.199951171875,2133.0,2134.199951171875,89
2026-09-21 13:39:00+05:30,2133.050048828125,2134.199951171875,2133.0,2133.0,65
2026-09-21 13:40:00+05:30,2134.0,2134.0,2133.699951171875,2133.699951171875,107
2026-09-21 13:41:00+05:30,2133.699951171875,2134.39990234375,2133.699951171875,2134.39990234375,160
2026-09-21 13:42:00+05:30,2134.0,2134.39990234375,2133.0,2134.39990234375,104
2026-09-21 13:43:00+05:30,2134.0,2134.0,2134.0,2134.0,1
2026-09-21 13:44:00+05:30,2131.0,2133.300048828125,2131.0,2133.300048828125,100
2026-09-21 13:45:00+05:30,2132.0,2132.0,2131.10009765625,2131.14990234375,105
2026-09-21 13:46:00+05:30,2130.050048828125,2130.85009765625,2130.050048828125,2130.85009765625,231
2026-09-21 13:47:00+05:30,2130.10009765625,2131.35009765625,2130.0,2130.300048828125,94
2026-09-21 13:48:00+05:30,2130.14990234375,2130.14990234375,2130.14990234375,2130.14990234375,1
2026-09-21 13:49:00+05:30,2132.0,2132.0,2130.64990234375,2131.60009765625,571
2026-09-21 13:50:00+05:30,2132.0,2132.5,2131.800048828125,2131.800048828125,108
2026-09-21 13:51:00+05:30,2131.14990234375,2132.25,2130.60009765625,2131.800048828125,51
2026-09-21 13:52:00+05:30,2131.0,2131.0,2130.60009765625,2130.60009765625,16
2026-09-21 13:53:00+05:30,2131.85009765625,2131.949951171875,2131.85009765625,2131.949951171875,77
2026-09-21 13:54:00+05:30,2131.35009765625,2131.35009765625,2130.25,2130.25,144
2026-09-21 13:55:00+05:30,2131.25,2131.25,2130.800048828125,2130.800048828125,26
2026-09-21 13:56:00+05:30,2131.25,2131.25,2131.25,2131.25,6
2026-09-21 13:57:00+05:30,2132.0,2132.0,2131.199951171875,2131.949951171875,78
2026-09-21 13:58:00+05:30,2133.0,2133.0,2132.5,2132.5,45
2026-09-21 13:59:00+05:30,2135.39990234375,2135.800048828125,2133.0,2133.0,1668
2026-09-21 14:00:00+05:30,2134.0,2135.449951171875,2133.64990234375,2135.449951171875,80
2026-09-21 14:01:00+05:30,2133.64990234375,2134.0,2133.64990234375,2134.0,64
2026-09-21 14:02:00+05:30,2134.0,2134.0,2133.64990234375,2133.64990234375,108
2026-09-21 14:03:00+05:30,2134.5,2135.449951171875,2134.5,2135.0,53
2026-09-21 14:04:00+05:30,2135.0,2135.449951171875,2135.0,2135.0,283
2026-09-21 14:05:00+05:30,2135.550048828125,2136.199951171875,2134.10009765625,2134.10009765625,873
2026-09-21 14:06:00+05:30,2134.300048828125,2135.0,2134.0,2135.0,53
2026-09-21 14:07:00+05:30,2134.0,2134.35009765625,2134.0,2134.35009765625,71
2026-09-21 14:08:00+05:30,2133.199951171875,2133.949951171875,2132.949951171875,2133.0,19
2026-09-21 14:09:00+05:30,2134.0,2134.0,2133.89990234375,2133.89990234375,16
2026-09-21 14:10:00+05:30,2134.0,2134.0,2134.0,2134.0,2
2026-09-21 14:11:00+05:30,2134.300048828125,2134.89990234375,2134.0,2134.0,224
2026-09-21 14:12:00+05:30,2134.89990234375,2134.89990234375,2134.39990234375,2134.89990234375,134
2026-09-21 14:13:00+05:30,2134.60009765625,2134.60009765625,2134.39990234375,2134.39990234375,48
2026-09-21 14:14:00+05:30,2134.85009765625,2135.0,2134.39990234375,2134.39990234375,110
2026-09-21 14:15:00+05:30,2133.550048828125,2134.89990234375,2133.550048828125,2134.89990234375,124
2026-09-21 14:16:00+05:30,2134.199951171875,2134.199951171875,2133.60009765625,2133.60009765625,41
2026-09-21 14:17:00+05:30,2134.699951171875,2134.699951171875,2134.10009765625,2134.699951171875,25
2026-09-21 14:18:00+05:30,2136.0,2136.0,2134.699951171875,2134.699951171875,1134
2026-09-21 14:19:00+05:30,2135.75,2135.75,2135.60009765625,2135.60009765625,7
2026-09-21 14:20:00+05:30,2135.5,2135.699951171875,2134.300048828125,2135.699951171875,578
2026-09-21 14:21:00+05:30,2135.5,2135.5,2134.550048828125,2134.550048828125,208
2026-09-21 14:22:00+05:30,2134.85009765625,2135.0,2134.10009765625,2134.89990234375,12
2026-09-21 14:23:00+05:30,2133.800048828125,2135.0,2133.800048828125,2135.0,108
2026-09-21 14:24:00+05:30,2134.0,2135.0,2133.300048828125,2134.550048828125,162
2026-09-21 14:25:00+05:30,2135.5,2135.5,2134.949951171875,2134.949951171875,28
2026-09-21 14:26:00+05:30,2136.699951171875,2136.699951171875,2135.5,2135.64990234375,465
2026-09-21 14:27:00+05:30,2136.300048828125,2136.89990234375,2136.300048828125,2136.89990234375,32
2026-09-21 14:28:00+05:30,2137.10009765625,2137.10009765625,2136.14990234375,2136.14990234375,237
2026-09-21 14:29:00+05:30,2136.699951171875,2137.800048828125,2136.699951171875,2137.699951171875,65
2026-09-21 14:30:00+05:30,2135.050048828125,2137.550048828125,2135.050048828125,2137.550048828125,716
2026-09-21 14:31:00+05:30,2135.60009765625,2135.949951171875,2135.60009765625,2135.949951171875,16
2026-09-21 14:32:00+05:30,2135.0,2135.800048828125,2134.60009765625,2135.800048828125,56
2026-09-21 14:33:00+05:30,2137.0,2137.0,2135.64990234375,2135.64990234375,139
2026-09-21 14:34:00+05:30,2136.0,2136.60009765625,2135.0,2136.199951171875,804
2026-09-21 14:35:00+05:30,2136.5,2137.0,2136.5,2137.0,97
2026-09-21 14:36:00+05:30,2137.800048828125,2137.800048828125,2137.0,2137.0,111
2026-09-21 14:37:00+05:30,2137.0,2137.64990234375,2137.0,2137.300048828125,145
2026-09-21 14:38:00+05:30,2137.75,2137.800048828125,2137.0,2137.800048828125,24
2026-09-21 14:39:00+05:30,2140.550048828125,2140.550048828125,2137.800048828125,2137.800048828125,12065
2026-09-21 14:40:00+05:30,2138.0,2138.5,2137.050048828125,2138.5,848
2026-09-21 14:41:00+05:30,2137.199951171875,2138.39990234375,2137.050048828125,2138.39990234375,237
2026-09-21 14:42:00+05:30,2137.39990234375,2137.39990234375,2137.300048828125,2137.300048828125,201
2026-09-21 14:43:00+05:30,2137.35009765625,2137.85009765625,2137.35009765625,2137.39990234375,276
2026-09-21 14:44:00+05:30,2137.64990234375,2137.64990234375,2137.050048828125,2137.25,343
2026-09-21 14:45:00+05:30,2138.050048828125,2138.050048828125,2137.300048828125,2137.35009765625,48
2026-09-21 14:46:00+05:30,2138.89990234375,2138.89990234375,2137.550048828125,2137.550048828125,224
2026-09-21 14:47:00+05:30,2137.050048828125,2138.0,2137.050048828125,2138.0,256
2026-09-21 14:48:00+05:30,2137.35009765625,2137.5,2137.050048828125,2137.050048828125,129
2026-09-21 14:49:00+05:30,2137.300048828125,2138.39990234375,2137.25,2138.39990234375,508
2026-09-21 14:50:00+05:30,2138.050048828125,2138.050048828125,2137.199951171875,2137.5,241
2026-09-21 14:51:00+05:30,2139.300048828125,2139.300048828125,2137.60009765625,2137.60009765625,577
2026-09-21 14:52:00+05:30,2139.89990234375,2139.89990234375,2139.300048828125,2139.300048828125,36
2026-09-21 14:53:00+05:30,2140.0,2140.0,2139.60009765625,2139.89990234375,626
2026-09-21 14:54:00+05:30,2140.60009765625,2140.60009765625,2139.300048828125,2139.39990234375,792
2026-09-21 14:55:00+05:30,2139.800048828125,2140.64990234375,2139.39990234375,2140.5,45
2026-09-21 14:56:00+05:30,2139.800048828125,2139.800048828125,2139.35009765625,2139.800048828125,82
2026-09-21 14:57:00+05:30,2139.300048828125,2139.800048828125,2139.300048828125,2139.800048828125,59
2026-09-21 14:58:00+05:30,2139.0,2139.0,2139.0,2139.0,1
2026-09-21 14:59:00+05:30,2138.60009765625,2139.0,2138.300048828125,2139.0,134
2026-09-21 15:00:00+05:30,2144.64990234375,2145.25,2138.800048828125,2138.800048828125,1660
2026-09-21 15:01:00+05:30,2141.0,2144.64990234375,2141.0,2144.64990234375,434
2026-09-21 15:02:00+05:30,2139.60009765625,2141.0,2139.199951171875,2141.0,275
2026-09-21 15:03:00+05:30,2138.35009765625,2140.14990234375,2138.35009765625,2139.14990234375,1129
2026-09-21 15:04:00+05:30,2138.0,2138.64990234375,2138.0,2138.39990234375,297
2026-09-21 15:05:00+05:30,2139.300048828125,2139.89990234375,2138.0,2138.0,107
2026-09-21 15:06:00+05:30,2139.10009765625,2140.10009765625,2138.800048828125,2139.5,827
2026-09-21 15:07:00+05:30,2138.89990234375,2140.0,2138.85009765625,2138.85009765625,242
2026-09-21 15:08:00+05:30,2138.0,2138.5,2137.0,2138.5,374
2026-09-21 15:09:00+05:30,2138.14990234375,2138.300048828125,2137.39990234375,2138.300048828125,82
2026-09-21 15:10:00+05:30,2137.10009765625,2137.800048828125,2137.0,2137.800048828125,150
2026-09-21 15:11:00+05:30,2135.050048828125,2137.10009765625,2135.050048828125,2137.10009765625,191
2026-09-21 15:12:00+05:30,2137.0,2137.5,2135.14990234375,2135.25,118
2026-09-21 15:13:00+05:30,2135.64990234375,2138.550048828125,2135.64990234375,2135.64990234375,137
2026-09-21 15:14:00+05:30,2133.300048828125,2138.0,2132.0,2138.0,847
2026-09-22 09:15:00+05:30,2128.0,2130.199951171875,2128.0,2130.199951171875,953
2026-09-22 09:16:00+05:30,2118.64990234375,2128.449951171875,2118.64990234375,2128.10009765625,3756
2026-09-22 09:17:00+05:30,2119.35009765625,2121.050048828125,2119.35009765625,2121.050048828125,2
2026-09-22 09:18:00+05:30,2117.14990234375,2120.89990234375,2116.949951171875,2120.89990234375,2895
2026-09-22 09:19:00+05:30,2117.75,2118.449951171875,2116.60009765625,2118.449951171875,110
2026-09-22 09:20:00+05:30,2118.0,2118.0,2116.5,2116.5,51
2026-09-22 09:21:00+05:30,2118.300048828125,2118.550048828125,2116.550048828125,2116.550048828125,4333
2026-09-22 09:22:00+05:30,2115.64990234375,2118.60009765625,2115.64990234375,2118.35009765625,378
2026-09-22 09:23:00+05:30,2118.0,2119.050048828125,2116.5,2117.300048828125,790
2026-09-22 09:24:00+05:30,2117.300048828125,2118.0,2117.300048828125,2118.0,165
2026-09-22 09:25:00+05:30,2120.0,2120.0,2117.699951171875,2118.0,1100
2026-09-22 09:26:00+05:30,2119.89990234375,2119.949951171875,2118.5,2118.5,530
2026-09-22 09:27:00+05:30,2114.14990234375,2118.5,2113.14990234375,2118.5,1488
2026-09-22 09:28:00+05:30,2118.0,2118.0,2115.0,2115.75,485
2026-09-22 09:29:00+05:30,2114.0,2118.0,2113.89990234375,2118.0,678
2026-09-22 09:30:00+05:30,2112.75,2113.60009765625,2111.0,2113.10009765625,1470
2026-09-22 09:31:00+05:30,2116.10009765625,2116.300048828125,2111.0,2112.75,592
2026-09-22 09:32:00+05:30,2115.5,2116.0,2114.35009765625,2115.800048828125,219
2026-09-22 09:33:00+05:30,2116.5,2118.25,2115.550048828125,2115.550048828125,2288
2026-09-22 09:34:00+05:30,2116.0,2116.75,2115.050048828125,2116.25,1440
2026-09-22 09:35:00+05:30,2112.39990234375,2116.25,2112.0,2116.0,941
2026-09-22 09:36:00+05:30,2111.050048828125,2112.449951171875,2110.5,2111.5,993
2026-09-22 09:37:00+05:30,2110.14990234375,2112.300048828125,2109.75,2111.0,1566
2026-09-22 09:38:00+05:30,2112.5,2113.300048828125,2109.60009765625,2110.85009765625,436
2026-09-22 09:39:00+05:30,2115.449951171875,2117.39990234375,2113.0,2114.0,948
2026-09-22 09:40:00+05:30,2117.0,2117.800048828125,2115.14990234375,2116.0,498
2026-09-22 09:41:00+05:30,2117.800048828125,2117.800048828125,2116.5,2117.0,1920
2026-09-22 09:42:00+05:30,2119.0,2119.550048828125,2117.89990234375,2119.199951171875,1138
2026-09-22 09:43:00+05:30,2119.550048828125,2119.89990234375,2118.5,2119.0,893
2026-09-22 09:44:00+05:30,2120.85009765625,2121.949951171875,2119.050048828125,2119.550048828125,1925
2026-09-22 09:45:00+05:30,2122.60009765625,2124.0,2121.800048828125,2122.0,237
2026-09-22 09:46:00+05:30,2123.39990234375,2124.699951171875,2122.0,2122.60009765625,971
2026-09-22 09:47:00+05:30,2122.449951171875,2124.699951171875,2121.25,2124.699951171875,195
2026-09-22 09:48:00+05:30,2122.800048828125,2123.699951171875,2121.39990234375,2122.0,1200
2026-09-22 09:49:00+05:30,2122.0,2122.60009765625,2120.85009765625,2122.60009765625,514
2026-09-22 09:50:00+05:30,2123.64990234375,2123.64990234375,2121.0,2121.85009765625,540
2026-09-22 09:51:00+05:30,2121.699951171875,2122.800048828125,2120.89990234375,2122.800048828125,425
2026-09-22 09:52:00+05:30,2124.89990234375,2124.89990234375,2120.5,2121.550048828125,240
2026-09-22 09:53:00+05:30,2124.5,2126.14990234375,2124.0,2124.89990234375,285
2026-09-22 09:54:00+05:30,2126.0,2126.0,2124.0,2124.0,1344
2026-09-22 09:55:00+05:30,2126.0,2126.89990234375,2124.949951171875,2126.0,266
2026-09-22 09:56:00+05:30,2127.5,2129.89990234375,2125.75,2125.75,955
2026-09-22 09:57:00+05:30,2123.050048828125,2127.0,2123.0,2127.0,182
2026-09-22 09:58:00+05:30,2123.60009765625,2123.60009765625,2122.0,2122.199951171875,125
2026-09-22 09:59:00+05:30,2122.60009765625,2123.89990234375,2122.0,2123.89990234375,219
2026-09-22 10:00:00+05:30,2122.89990234375,2122.949951171875,2121.449951171875,2122.699951171875,118
2026-09-22 10:01:00+05:30,2123.800048828125,2123.800048828125,2121.75,2121.75,347
2026-09-22 10:02:00+05:30,2122.75,2123.550048828125,2122.10009765625,2123.10009765625,87
2026-09-22 10:03:00+05:30,2122.050048828125,2123.14990234375,2121.699951171875,2122.0,272
2026-09-22 10:04:00+05:30,2122.0,2123.14990234375,2122.0,2122.949951171875,88
2026-09-22 10:05:00+05:30,2122.949951171875,2122.949951171875,2122.0,2122.0,92
2026-09-22 10:06:00+05:30,2122.14990234375,2122.75,2121.300048828125,2122.64990234375,286
2026-09-22 10:07:00+05:30,2121.10009765625,2122.300048828125,2120.0,2122.25,269
2026-09-22 10:08:00+05:30,2122.949951171875,2122.949951171875,2120.89990234375,2121.10009765625,125
2026-09-22 10:09:00+05:30,2121.85009765625,2123.949951171875,2121.85009765625,2123.0,173
2026-09-22 10:10:00+05:30,2123.85009765625,2123.89990234375,2122.5,2122.5,97
2026-09-22 10:11:00+05:30,2124.39990234375,2124.949951171875,2123.39990234375,2123.89990234375,66
2026-09-22 10:12:00+05:30,2123.0,2124.39990234375,2122.449951171875,2124.39990234375,317
2026-09-22 10:13:00+05:30,2121.5,2123.5,2121.0,2123.5,114
2026-09-22 10:14:00+05:30,2123.0,2123.0,2122.300048828125,2122.5,3
2026-09-22 10:15:00+05:30,2122.60009765625,2122.949951171875,2121.0,2122.699951171875,689
2026-09-22 10:16:00+05:30,2122.5,2123.0,2121.0,2123.0,80
2026-09-22 10:17:00+05:30,2122.0,2122.39990234375,2121.14990234375,2122.25,72
2026-09-22 10:18:00+05:30,2121.60009765625,2122.199951171875,2121.0,2121.699951171875,156
2026-09-22 10:19:00+05:30,2120.449951171875,2122.60009765625,2120.0,2121.60009765625,532
2026-09-22 10:20:00+05:30,2120.0,2120.39990234375,2119.199951171875,2120.14990234375,56
2026-09-22 10:21:00+05:30,2119.0,2120.10009765625,2118.050048828125,2118.949951171875,420
2026-09-22 10:22:00+05:30,2114.75,2118.85009765625,2114.0,2118.85009765625,1686
2026-09-22 10:23:00+05:30,2115.800048828125,2117.199951171875,2114.699951171875,2115.5,82
2026-09-22 10:24:00+05:30,2117.0,2117.39990234375,2116.050048828125,2116.85009765625,1094
2026-09-22 10:25:00+05:30,2116.699951171875,2117.0,2116.050048828125,2117.0,57
2026-09-22 10:26:00+05:30,2114.300048828125,2117.0,2114.300048828125,2116.699951171875,555
2026-09-22 10:27:00+05:30,2116.0,2116.0,2114.449951171875,2115.449951171875,83
2026-09-22 10:28:00+05:30,2115.64990234375,2117.0,2115.050048828125,2116.0,100
2026-09-22 10:29:00+05:30,2116.5,2116.5,2114.300048828125,2115.0,406
2026-09-22 10:30:00+05:30,2115.14990234375,2116.60009765625,2114.39990234375,2115.699951171875,206
2026-09-22 10:31:00+05:30,2115.39990234375,2115.5,2114.0,2114.699951171875,342
2026-09-22 10:32:00+05:30,2115.300048828125,2116.699951171875,2114.199951171875,2114.199951171875,324
2026-09-22 10:33:00+05:30,2114.60009765625,2114.85009765625,2114.0,2114.85009765625,344
2026-09-22 10:34:00+05:30,2113.5,2114.800048828125,2113.5,2114.800048828125,90
2026-09-22 10:35:00+05:30,2113.10009765625,2113.89990234375,2111.39990234375,2113.89990234375,1652
2026-09-22 10:36:00+05:30,2112.050048828125,2113.10009765625,2112.0,2113.0,372
2026-09-22 10:37:00+05:30,2113.5,2114.75,2112.199951171875,2113.10009765625,459
2026-09-22 10:38:00+05:30,2112.550048828125,2114.75,2112.0,2114.75,121
2026-09-22 10:39:00+05:30,2112.5,2112.699951171875,2111.0,2112.0,1302
2026-09-22 10:40:00+05:30,2112.300048828125,2112.949951171875,2111.25,2112.199951171875,207
2026-09-22 10:41:00+05:30,2104.300048828125,2112.0,2103.10009765625,2111.39990234375,2109
2026-09-22 10:42:00+05:30,2104.64990234375,2104.64990234375,2100.35009765625,2104.25,631
2026-09-22 10:43:00+05:30,2107.25,2107.449951171875,2103.89990234375,2103.89990234375,222
2026-09-22 10:44:00+05:30,2107.39990234375,2107.800048828125,2106.199951171875,2106.199951171875,76
2026-09-22 10:45:00+05:30,2106.25,2107.39990234375,2104.25,2107.39990234375,358
2026-09-22 10:46:00+05:30,2105.10009765625,2106.64990234375,2105.10009765625,2106.64990234375,171
2026-09-22 10:47:00+05:30,2103.699951171875,2105.89990234375,2103.5,2105.89990234375,832
2026-09-22 10:48:00+05:30,2104.300048828125,2105.0,2103.0,2104.0,675
2026-09-22 10:49:00+05:30,2104.75,2106.199951171875,2104.0,2104.0,390
2026-09-22 10:50:00+05:30,2105.5,2105.89990234375,2104.199951171875,2104.75,296
2026-09-22 10:51:00+05:30,2107.199951171875,2107.199951171875,2104.89990234375,2105.5,340
2026-09-22 10:52:00+05:30,2107.0,2107.199951171875,2105.25,2107.199951171875,714
2026-09-22 10:53:00+05:30,2107.300048828125,2108.050048828125,2106.64990234375,2106.64990234375,200
2026-09-22 10:54:00+05:30,2107.75,2108.800048828125,2107.25,2107.25,162
2026-09-22 10:55:00+05:30,2108.5,2109.0,2108.5,2108.75,172
2026-09-22 10:56:00+05:30,2107.75,2108.5,2107.75,2108.5,41
2026-09-22 10:57:00+05:30,2108.39990234375,2108.949951171875,2107.75,2108.949951171875,70
2026-09-22 10:58:00+05:30,2108.39990234375,2109.39990234375,2108.25,2108.5,240
2026-09-22 10:59:00+05:30,2108.60009765625,2109.25,2107.5,2109.25,141
2026-09-22 11:00:00+05:30,2108.75,2109.5,2107.89990234375,2108.60009765625,289
2026-09-22 11:01:00+05:30,2109.5,2109.75,2108.5,2109.5,132
2026-09-22 11:02:00+05:30,2109.5,2110.0,2108.199951171875,2108.550048828125,173
2026-09-22 11:03:00+05:30,2107.64990234375,2109.5,2107.60009765625,2109.0,160
2026-09-22 11:04:00+05:30,2106.85009765625,2108.89990234375,2106.5,2107.699951171875,231
2026-09-22 11:05:00+05:30,2106.699951171875,2106.949951171875,2105.64990234375,2106.10009765625,89
2026-09-22 11:06:00+05:30,2107.199951171875,2107.550048828125,2105.300048828125,2106.85009765625,78
2026-09-22 11:07:00+05:30,2104.800048828125,2106.300048828125,2104.14990234375,2106.300048828125,199
2026-09-22 11:08:00+05:30,2104.25,2104.800048828125,2103.0,2104.800048828125,416
2026-09-22 11:09:00+05:30,2102.5,2104.14990234375,2101.5,2103.25,372
2026-09-22 11:10:00+05:30,2102.85009765625,2103.0,2101.5,2101.5,370
2026-09-22 11:11:00+05:30,2103.14990234375,2103.199951171875,2102.0,2103.0,125
2026-09-22 11:12:00+05:30,2102.5,2102.85009765625,2101.800048828125,2102.0,735
2026-09-22 11:13:00+05:30,2101.949951171875,2102.85009765625,2101.199951171875,2102.10009765625,388
2026-09-22 11:14:00+05:30,2102.14990234375,2103.050048828125,2101.39990234375,2101.39990234375,236
2026-09-22 11:15:00+05:30,2103.0,2103.10009765625,2101.60009765625,2103.10009765625,675
2026-09-22 11:16:00+05:30,2104.300048828125,2105.64990234375,2101.64990234375,2101.64990234375,228
2026-09-22 11:17:00+05:30,2105.949951171875,2106.64990234375,2104.050048828125,2104.050048828125,378
2026-09-22 11:18:00+05:30,2106.75,2107.949951171875,2106.300048828125,2107.0,266
2026-09-22 11:19:00+05:30,2105.25,2106.85009765625,2105.050048828125,2105.949951171875,413
2026-09-22 11:20:00+05:30,2107.0,2107.60009765625,2105.949951171875,2105.949951171875,360
2026-09-22 11:21:00+05:30,2108.35009765625,2111.10009765625,2107.25,2107.89990234375,872
2026-09-22 11:22:00+05:30,2108.550048828125,2110.14990234375,2108.199951171875,2109.5,648
2026-09-22 11:23:00+05:30,2108.5,2109.14990234375,2108.0,2108.0,193
2026-09-22 11:24:00+05:30,2110.699951171875,2111.10009765625,2109.5,2109.5,465
2026-09-22 11:25:00+05:30,2109.449951171875,2110.050048828125,2108.800048828125,2109.85009765625,141
2026-09-22 11:26:00+05:30,2110.14990234375,2110.5,2109.0,2109.199951171875,176
2026-09-22 11:27:00+05:30,2109.699951171875,2110.35009765625,2109.0,2110.199951171875,166
2026-09-22 11:28:00+05:30,2109.5,2110.5,2108.0,2109.14990234375,693
2026-09-22 11:29:00+05:30,2108.0,2110.199951171875,2108.0,2110.199951171875,35
2026-09-22 11:30:00+05:30,2108.949951171875,2108.949951171875,2108.0,2108.39990234375,95
2026-09-22 11:31:00+05:30,2108.050048828125,2108.60009765625,2108.0,2108.60009765625,297
2026-09-22 11:32:00+05:30,2106.800048828125,2108.050048828125,2106.800048828125,2108.050048828125,172
2026-09-22 11:33:00+05:30,2106.199951171875,2107.89990234375,2105.800048828125,2106.89990234375,115
2026-09-22 11:34:00+05:30,2106.10009765625,2106.60009765625,2105.050048828125,2106.0,119
2026-09-22 11:35:00+05:30,2104.0,2105.800048828125,2103.550048828125,2105.800048828125,750
2026-09-22 11:36:00+05:30,2105.300048828125,2105.89990234375,2104.550048828125,2104.550048828125,123
2026-09-22 11:37:00+05:30,2104.800048828125,2105.050048828125,2104.14990234375,2105.050048828125,162
2026-09-22 11:38:00+05:30,2103.5,2104.800048828125,2102.199951171875,2104.800048828125,751
2026-09-22 11:39:00+05:30,2102.550048828125,2103.75,2102.550048828125,2103.75,40
2026-09-22 11:40:00+05:30,2105.0,2105.0,2102.89990234375,2102.89990234375,171
2026-09-22 11:41:00+05:30,2108.5,2108.5,2105.0,2105.0,67
2026-09-22 11:42:00+05:30,2107.300048828125,2108.300048828125,2106.0,2108.300048828125,20
2026-09-22 11:43:00+05:30,2106.0,2107.35009765625,2106.0,2106.800048828125,55
2026-09-22 11:44:00+05:30,2106.550048828125,2107.0,2106.0,2107.0,135
2026-09-22 11:45:00+05:30,2105.800048828125,2106.10009765625,2105.050048828125,2105.050048828125,68
2026-09-22 11:46:00+05:30,2105.0,2105.699951171875,2105.0,2105.0,169
2026-09-22 11:47:00+05:30,2105.5,2105.5,2104.050048828125,2104.75,106
2026-09-22 11:48:00+05:30,2105.64990234375,2105.800048828125,2105.5,2105.5,39
2026-09-22 11:49:00+05:30,2106.550048828125,2106.60009765625,2105.0,2105.64990234375,100
2026-09-22 11:50:00+05:30,2106.89990234375,2106.89990234375,2105.60009765625,2105.60009765625,40
2026-09-22 11:51:00+05:30,2106.550048828125,2106.550048828125,2106.0,2106.550048828125,185
2026-09-22 11:52:00+05:30,2106.550048828125,2106.550048828125,2105.14990234375,2106.449951171875,160
2026-09-22 11:53:00+05:30,2106.0,2106.5,2105.699951171875,2105.699951171875,832
2026-09-22 11:54:00+05:30,2106.0,2106.5,2105.89990234375,2106.0,148
2026-09-22 11:55:00+05:30,2105.449951171875,2106.39990234375,2105.0,2106.39990234375,172
2026-09-22 11:56:00+05:30,2106.0,2106.0,2104.0,2105.0,332
2026-09-22 11:57:00+05:30,2104.85009765625,2106.0,2104.85009765625,2105.300048828125,35
2026-09-22 11:58:00+05:30,2104.5,2105.89990234375,2104.5,2104.85009765625,120
2026-09-22 11:59:00+05:30,2104.5,2105.699951171875,2104.39990234375,2105.550048828125,213
2026-09-22 12:00:00+05:30,2105.300048828125,2105.60009765625,2104.050048828125,2105.60009765625,118
2026-09-22 12:01:00+05:30,2105.14990234375,2105.300048828125,2104.050048828125,2105.300048828125,42
2026-09-22 12:02:00+05:30,2104.0,2104.89990234375,2104.0,2104.89990234375,152
2026-09-22 12:03:00+05:30,2103.75,2104.300048828125,2103.300048828125,2104.300048828125,243
2026-09-22 12:04:00+05:30,2103.5,2103.800048828125,2103.0,2103.0,206
2026-09-22 12:05:00+05:30,2104.0,2104.35009765625,2102.75,2103.5,977
2026-09-22 12:06:00+05:30,2103.39990234375,2104.300048828125,2103.39990234375,2103.60009765625,92
2026-09-22 12:07:00+05:30,2104.10009765625,2104.10009765625,2103.5,2104.0,18
2026-09-22 12:08:00+05:30,2105.0,2105.0,2103.699951171875,2104.0,3147
2026-09-22 12:09:00+05:30,2102.75,2106.0,2102.75,2103.5,40267
2026-09-22 12:10:00+05:30,2103.89990234375,2104.199951171875,2103.0,2104.199951171875,302
2026-09-22 12:11:00+05:30,2103.60009765625,2104.0,2103.0,2103.050048828125,84
2026-09-22 12:12:00+05:30,2104.85009765625,2104.85009765625,2103.300048828125,2103.60009765625,684
2026-09-22 12:13:00+05:30,2104.10009765625,2104.85009765625,2104.10009765625,2104.39990234375,3
2026-09-22 12:14:00+05:30,2104.5,2104.5,2103.5,2103.5,110
2026-09-22 12:15:00+05:30,2104.300048828125,2105.0,2104.0,2104.10009765625,117
2026-09-22 12:16:00+05:30,2106.89990234375,2107.60009765625,2104.60009765625,2104.60009765625,32
2026-09-22 12:17:00+05:30,2107.60009765625,2107.64990234375,2106.89990234375,2107.64990234375,64
2026-09-22 12:18:00+05:30,2107.800048828125,2108.39990234375,2107.800048828125,2107.949951171875,499
2026-09-22 12:19:00+05:30,2109.10009765625,2109.10009765625,2107.550048828125,2108.10009765625,314
2026-09-22 12:20:00+05:30,2108.5,2108.89990234375,2107.800048828125,2107.800048828125,118
2026-09-22 12:21:00+05:30,2108.0,2108.800048828125,2108.0,2108.14990234375,61
2026-09-22 12:22:00+05:30,2108.60009765625,2108.60009765625,2107.75,2108.39990234375,384
2026-09-22 12:23:00+05:30,2109.0,2111.0,2108.39990234375,2108.89990234375,3146
2026-09-22 12:24:00+05:30,2109.0,2110.449951171875,2108.699951171875,2110.449951171875,123
2026-09-22 12:25:00+05:30,2108.60009765625,2109.64990234375,2108.60009765625,2109.199951171875,28
2026-09-22 12:26:00+05:30,2107.0,2108.550048828125,2107.0,2108.550048828125,56
2026-09-22 12:27:00+05:30,2107.85009765625,2108.949951171875,2107.5,2108.10009765625,107
2026-09-22 12:28:00+05:30,2109.0,2109.64990234375,2108.550048828125,2109.0,37
2026-09-22 12:29:00+05:30,2108.89990234375,2109.550048828125,2108.60009765625,2109.550048828125,79
2026-09-22 12:30:00+05:30,2108.050048828125,2108.85009765625,2108.0,2108.10009765625,77
2026-09-22 12:31:00+05:30,2108.800048828125,2108.89990234375,2108.10009765625,2108.89990234375,14
2026-09-22 12:32:00+05:30,2108.050048828125,2108.800048828125,2108.050048828125,2108.800048828125,32
2026-09-22 12:33:00+05:30,2108.75,2109.39990234375,2108.199951171875,2108.199951171875,66
2026-09-22 12:34:00+05:30,2109.0,2109.10009765625,2108.75,2109.0,64
2026-09-22 12:35:00+05:30,2109.39990234375,2109.39990234375,2109.0,2109.39990234375,72
2026-09-22 12:36:00+05:30,2109.0,2109.0,2108.949951171875,2109.0,59
2026-09-22 12:37:00+05:30,2109.699951171875,2109.699951171875,2107.050048828125,2108.0,492
2026-09-22 12:38:00+05:30,2109.199951171875,2109.89990234375,2108.199951171875,2109.89990234375,41
2026-09-22 12:39:00+05:30,2109.5,2109.85009765625,2108.5,2108.89990234375,32
2026-09-22 12:40:00+05:30,2110.10009765625,2110.60009765625,2108.550048828125,2109.800048828125,320
2026-09-22 12:41:00+05:30,2110.949951171875,2111.0,2110.10009765625,2111.0,54
2026-09-22 12:42:00+05:30,2111.0,2111.0,2110.0,2111.0,80
2026-09-22 12:43:00+05:30,2110.39990234375,2110.949951171875,2110.39990234375,2110.949951171875,49
2026-09-22 12:44:00+05:30,2109.300048828125,2109.5,2109.300048828125,2109.5,55
2026-09-22 12:45:00+05:30,2109.39990234375,2110.10009765625,2109.300048828125,2109.300048828125,104
2026-09-22 12:46:00+05:30,2110.0,2110.0,2109.300048828125,2109.39990234375,133
2026-09-22 12:47:00+05:30,2113.25,2113.25,2109.39990234375,2109.39990234375,912
2026-09-22 12:48:00+05:30,2112.949951171875,2113.449951171875,2112.75,2113.10009765625,55
2026-09-22 12:49:00+05:30,2112.0,2112.75,2110.75,2112.10009765625,50
2026-09-22 12:50:00+05:30,2110.949951171875,2111.0,2110.60009765625,2110.60009765625,73
2026-09-22 12:51:00+05:30,2111.199951171875,2111.199951171875,2110.949951171875,2110.949951171875,65
2026-09-22 12:52:00+05:30,2111.949951171875,2112.0,2111.949951171875,2112.0,38
2026-09-22 12:53:00+05:30,2111.949951171875,2112.449951171875,2111.050048828125,2112.35009765625,16
2026-09-22 12:54:00+05:30,2112.0,2112.0,2111.050048828125,2111.949951171875,35
2026-09-22 12:55:00+05:30,2114.0,2114.35009765625,2111.85009765625,2111.949951171875,285
2026-09-22 12:56:00+05:30,2113.60009765625,2113.60009765625,2112.0,2112.949951171875,12
2026-09-22 12:57:00+05:30,2113.0,2113.449951171875,2112.300048828125,2113.449951171875,78
2026-09-22 12:58:00+05:30,2113.449951171875,2113.800048828125,2111.949951171875,2112.0,75
2026-09-22 12:59:00+05:30,2112.949951171875,2112.949951171875,2112.050048828125,2112.89990234375,30
2026-09-22 13:00:00+05:30,2107.699951171875,2112.949951171875,2107.699951171875,2112.949951171875,806
2026-09-22 13:01:00+05:30,2109.699951171875,2109.699951171875,2108.75,2108.75,71
2026-09-22 13:02:00+05:30,2108.89990234375,2110.39990234375,2108.14990234375,2109.39990234375,101
2026-09-22 13:03:00+05:30,2110.0,2110.0,2108.0,2109.10009765625,74
2026-09-22 13:04:00+05:30,2110.699951171875,2110.699951171875,2109.300048828125,2109.5,191
2026-09-22 13:05:00+05:30,2110.199951171875,2110.199951171875,2110.0,2110.0,5
2026-09-22 13:06:00+05:30,2110.64990234375,2111.300048828125,2109.550048828125,2110.199951171875,236
2026-09-22 13:07:00+05:30,2111.050048828125,2112.050048828125,2110.0,2110.64990234375,165
2026-09-22 13:08:00+05:30,2110.39990234375,2111.800048828125,2110.39990234375,2111.800048828125,34
2026-09-22 13:09:00+05:30,2111.0,2111.0,2110.5,2111.0,39
2026-09-22 13:10:00+05:30,2110.5,2111.0,2110.0,2111.0,113
2026-09-22 13:11:00+05:30,2110.39990234375,2110.39990234375,2110.0,2110.0,17
2026-09-22 13:12:00+05:30,2110.050048828125,2110.85009765625,2110.0,2110.85009765625,85
2026-09-22 13:13:00+05:30,2111.0,2111.0,2109.60009765625,2110.10009765625,69
2026-09-22 13:14:00+05:30,2110.0,2111.0,2110.0,2110.050048828125,106
2026-09-22 13:15:00+05:30,2111.300048828125,2111.5,2110.199951171875,2110.199951171875,33
2026-09-22 13:16:00+05:30,2110.39990234375,2110.89990234375,2109.14990234375,2110.89990234375,506
2026-09-22 13:17:00+05:30,2110.199951171875,2110.60009765625,2109.10009765625,2110.60009765625,173
2026-09-22 13:18:00+05:30,2110.0,2110.050048828125,2109.5,2110.0,29
2026-09-22 13:19:00+05:30,2110.550048828125,2111.0,2110.14990234375,2110.5,110
2026-09-22 13:20:00+05:30,2110.0,2111.0,2110.0,2110.0,37
2026-09-22 13:21:00+05:30,2109.5,2110.0,2109.0,2110.0,179
2026-09-22 13:22:00+05:30,2110.300048828125,2110.300048828125,2109.5,2109.5,27
2026-09-22 13:23:00+05:30,2109.14990234375,2110.5,2109.0,2109.60009765625,33
2026-09-22 13:24:00+05:30,2109.10009765625,2110.0,2109.0,2109.14990234375,86
2026-09-22 13:25:00+05:30,2109.85009765625,2109.85009765625,2109.10009765625,2109.10009765625,13
2026-09-22 13:26:00+05:30,2110.10009765625,2110.10009765625,2109.5,2109.85009765625,160
2026-09-22 13:27:00+05:30,2110.5,2110.5,2110.10009765625,2110.10009765625,118
2026-09-22 13:28:00+05:30,2111.550048828125,2111.75,2110.89990234375,2111.0,104
2026-09-22 13:29:00+05:30,2111.300048828125,2112.39990234375,2111.0,2111.39990234375,54
2026-09-22 13:30:00+05:30,2111.199951171875,2111.89990234375,2110.85009765625,2110.85009765625,182
2026-09-22 13:31:00+05:30,2110.300048828125,2111.0,2109.64990234375,2110.25,156
2026-09-22 13:32:00+05:30,2111.35009765625,2111.35009765625,2110.050048828125,2110.050048828125,33
2026-09-22 13:33:00+05:30,2110.800048828125,2110.800048828125,2110.050048828125,2110.050048828125,64
2026-09-22 13:34:00+05:30,2111.39990234375,2111.5,2110.449951171875,2110.89990234375,42
2026-09-22 13:35:00+05:30,2110.449951171875,2111.449951171875,2110.300048828125,2110.300048828125,88
2026-09-22 13:36:00+05:30,2110.75,2111.449951171875,2110.75,2111.449951171875,102
2026-09-22 13:37:00+05:30,2111.64990234375,2111.89990234375,2110.75,2111.5,20
2026-09-22 13:38:00+05:30,2114.0,2114.0,2112.25,2112.89990234375,155
2026-09-22 13:39:00+05:30,2115.5,2115.5,2114.0,2114.0,1790
2026-09-22 13:40:00+05:30,2115.64990234375,2116.0,2114.550048828125,2115.60009765625,647
2026-09-22 13:41:00+05:30,2116.0,2117.0,2115.60009765625,2115.60009765625,345
2026-09-22 13:42:00+05:30,2118.5,2119.050048828125,2117.0,2117.14990234375,352
2026-09-22 13:43:00+05:30,2118.0,2119.0,2118.0,2118.0,72
2026-09-22 13:44:00+05:30,2116.35009765625,2118.75,2116.35009765625,2118.0,145
2026-09-22 13:45:00+05:30,2115.5,2116.0,2115.0,2115.0,104
2026-09-22 13:46:00+05:30,2116.35009765625,2116.35009765625,2115.0,2115.39990234375,133
2026-09-22 13:47:00+05:30,2115.0,2116.0,2115.0,2116.0,85
2026-09-22 13:48:00+05:30,2114.800048828125,2115.75,2114.199951171875,2115.75,258
2026-09-22 13:49:00+05:30,2114.25,2114.300048828125,2113.0,2114.0,122
2026-09-22 13:50:00+05:30,2113.60009765625,2114.300048828125,2112.60009765625,2114.300048828125,75
2026-09-22 13:51:00+05:30,2111.0,2112.85009765625,2111.0,2112.75,42
2026-09-22 13:52:00+05:30,2110.64990234375,2111.14990234375,2109.60009765625,2110.89990234375,741
2026-09-22 13:53:00+05:30,2106.0,2110.60009765625,2106.0,2110.60009765625,231
2026-09-22 13:54:00+05:30,2105.0,2106.0,2104.0,2105.800048828125,533
2026-09-22 13:55:00+05:30,2105.75,2107.0,2105.5,2105.5,15
2026-09-22 13:56:00+05:30,2106.75,2107.0,2106.75,2107.0,42
2026-09-22 13:57:00+05:30,2105.449951171875,2106.25,2104.5,2105.64990234375,132
2026-09-22 13:58:00+05:30,2106.300048828125,2106.5,2105.050048828125,2105.89990234375,91
2026-09-22 13:59:00+05:30,2105.5,2106.5,2104.5,2105.35009765625,171
2026-09-22 14:00:00+05:30,2104.35009765625,2106.25,2104.35009765625,2106.25,228
2026-09-22 14:01:00+05:30,2104.5,2105.0,2103.25,2104.89990234375,174
2026-09-22 14:02:00+05:30,2104.300048828125,2104.699951171875,2103.300048828125,2104.5,166
2026-09-22 14:03:00+05:30,2104.5,2105.0,2104.0,2104.300048828125,58
2026-09-22 14:04:00+05:30,2104.199951171875,2104.75,2104.199951171875,2104.75,105
2026-09-22 14:05:00+05:30,2103.5,2104.25,2103.5,2104.199951171875,480
2026-09-22 14:06:00+05:30,2105.25,2105.300048828125,2103.199951171875,2103.199951171875,192
2026-09-22 14:07:00+05:30,2104.449951171875,2105.25,2104.199951171875,2105.25,86
2026-09-22 14:08:00+05:30,2104.75,2104.75,2104.0,2104.10009765625,97
2026-09-22 14:09:00+05:30,2104.60009765625,2104.60009765625,2103.75,2104.14990234375,29
2026-09-22 14:10:00+05:30,2107.0,2107.60009765625,2104.5,2105.39990234375,112
2026-09-22 14:11:00+05:30,2108.449951171875,2109.25,2106.25,2107.199951171875,232
2026-09-22 14:12:00+05:30,2109.0,2109.0,2108.0,2108.199951171875,82
2026-09-22 14:13:00+05:30,2109.0,2109.050048828125,2108.39990234375,2109.0,347
2026-09-22 14:14:00+05:30,2114.0,2114.0,2108.39990234375,2108.39990234375,265
2026-09-22 14:15:00+05:30,2117.0,2119.85009765625,2115.10009765625,2115.10009765625,1769
2026-09-22 14:16:00+05:30,2115.949951171875,2117.0,2114.0,2115.300048828125,866
2026-09-22 14:17:00+05:30,2117.0,2117.75,2116.25,2116.75,199
2026-09-22 14:18:00+05:30,2116.39990234375,2117.39990234375,2115.39990234375,2117.0,123
2026-09-22 14:19:00+05:30,2111.0,2117.0,2111.0,2117.0,694
2026-09-22 14:20:00+05:30,2111.35009765625,2113.050048828125,2111.14990234375,2113.050048828125,1041
2026-09-22 14:21:00+05:30,2110.0,2112.800048828125,2110.0,2111.85009765625,1822
2026-09-22 14:22:00+05:30,2111.35009765625,2112.949951171875,2110.5,2110.5,1637
2026-09-22 14:23:00+05:30,2110.800048828125,2113.800048828125,2110.550048828125,2112.60009765625,384
2026-09-22 14:24:00+05:30,2110.449951171875,2111.75,2109.199951171875,2110.75,177
2026-09-22 14:25:00+05:30,2110.300048828125,2111.0,2110.0,2110.449951171875,395
2026-09-22 14:26:00+05:30,2112.5,2113.0,2110.0,2110.60009765625,399
2026-09-22 14:27:00+05:30,2111.0,2112.10009765625,2110.550048828125,2111.25,429
2026-09-22 14:28:00+05:30,2111.60009765625,2112.0,2110.550048828125,2111.5,840
2026-09-22 14:29:00+05:30,2111.0,2112.800048828125,2111.0,2111.0,417
2026-09-22 14:30:00+05:30,2112.449951171875,2113.75,2112.10009765625,2112.10009765625,120
2026-09-22 14:31:00+05:30,2112.35009765625,2112.800048828125,2111.699951171875,2112.39990234375,44
2026-09-22 14:32:00+05:30,2111.949951171875,2113.550048828125,2110.550048828125,2110.550048828125,1913
2026-09-22 14:33:00+05:30,2110.0,2112.449951171875,2110.0,2111.85009765625,161
2026-09-22 14:34:00+05:30,2108.39990234375,2110.25,2108.39990234375,2110.25,596
2026-09-22 14:35:00+05:30,2110.0,2110.0,2110.0,2110.0,18
2026-09-22 14:36:00+05:30,2110.449951171875,2110.75,2109.5,2110.75,110
2026-09-22 14:37:00+05:30,2109.64990234375,2110.0,2109.300048828125,2110.0,16
2026-09-22 14:38:00+05:30,2107.10009765625,2109.64990234375,2107.10009765625,2109.64990234375,128
2026-09-22 14:39:00+05:30,2108.75,2108.75,2108.0,2108.199951171875,48
2026-09-22 14:40:00+05:30,2109.10009765625,2109.550048828125,2108.0,2109.550048828125,48
2026-09-22 14:41:00+05:30,2108.10009765625,2108.89990234375,2107.75,2108.89990234375,209
2026-09-22 14:42:00+05:30,2108.0,2108.60009765625,2107.0,2108.60009765625,254
2026-09-22 14:43:00+05:30,2107.0,2108.0,2106.75,2106.75,253
2026-09-22 14:44:00+05:30,2106.0,2107.14990234375,2106.0,2107.0,271
2026-09-22 14:45:00+05:30,2107.75,2107.85009765625,2106.5,2106.5,178
2026-09-22 14:46:00+05:30,2108.10009765625,2108.300048828125,2106.85009765625,2106.85009765625,64
2026-09-22 14:47:00+05:30,2108.0,2108.39990234375,2107.449951171875,2108.39990234375,40
2026-09-22 14:48:00+05:30,2108.25,2108.39990234375,2107.449951171875,2108.0,135
2026-09-22 14:49:00+05:30,2108.14990234375,2108.199951171875,2107.449951171875,2108.14990234375,253
2026-09-22 14:50:00+05:30,2108.050048828125,2108.10009765625,2107.0,2107.699951171875,294
2026-09-22 14:51:00+05:30,2107.699951171875,2108.050048828125,2107.5,2108.0,68
2026-09-22 14:52:00+05:30,2107.5,2107.64990234375,2107.10009765625,2107.10009765625,56
2026-09-22 14:53:00+05:30,2108.0,2108.25,2107.39990234375,2107.39990234375,332
2026-09-22 14:54:00+05:30,2108.10009765625,2108.5,2108.0,2108.25,67
2026-09-22 14:55:00+05:30,2108.5,2109.0,2108.0,2109.0,222
2026-09-22 14:56:00+05:30,2108.300048828125,2108.550048828125,2107.25,2108.5,738
2026-09-22 14:57:00+05:30,2107.5,2108.89990234375,2107.300048828125,2108.25,355
2026-09-22 14:58:00+05:30,2108.25,2108.300048828125,2107.25,2108.0,159
2026-09-22 14:59:00+05:30,2106.800048828125,2107.85009765625,2106.800048828125,2107.0,158
2026-09-22 15:00:00+05:30,2106.699951171875,2107.89990234375,2106.050048828125,2107.89990234375,455
2026-09-22 15:01:00+05:30,2105.14990234375,2106.89990234375,2105.14990234375,2106.699951171875,1117
2026-09-22 15:02:00+05:30,2106.75,2107.0,2105.0,2106.449951171875,451
2026-09-22 15:03:00+05:30,2107.0,2107.0,2105.5,2106.25,265
2026-09-22 15:04:00+05:30,2107.050048828125,2107.10009765625,2106.050048828125,2107.050048828125,315
2026-09-22 15:05:00+05:30,2107.75,2107.89990234375,2106.0,2107.050048828125,182
2026-09-22 15:06:00+05:30,2106.14990234375,2107.75,2105.0,2107.75,674
2026-09-22 15:07:00+05:30,2105.39990234375,2106.14990234375,2104.14990234375,2106.0,443
2026-09-22 15:08:00+05:30,2105.10009765625,2105.85009765625,2104.0,2105.39990234375,72
2026-09-22 15:09:00+05:30,2102.0,2105.0,2102.0,2104.0,2500
2026-09-22 15:10:00+05:30,2100.0,2102.60009765625,2099.10009765625,2102.0,7870
2026-09-22 15:11:00+05:30,2101.199951171875,2101.5,2099.14990234375,2100.0,2602
2026-09-22 15:12:00+05:30,2099.10009765625,2102.699951171875,2099.0,2101.10009765625,42810
2026-09-22 15:13:00+05:30,2100.85009765625,2102.5,2098.0,2102.5,12936
2026-09-22 15:14:00+05:30,2106.0,2106.0,2102.0,2103.0,283
2026-09-22 15:28:00+05:30,2106.0,2106.0,2106.0,2106.0,505
2026-09-23 09:15:00+05:30,2090.0,2103.949951171875,2090.0,2098.10009765625,1988
2026-09-23 09:16:00+05:30,2095.5,2097.949951171875,2088.10009765625,2089.550048828125,776
2026-09-23 09:17:00+05:30,2091.64990234375,2097.75,2091.64990234375,2097.0,1228
2026-09-23 09:18:00+05:30,2093.14990234375,2093.60009765625,2089.89990234375,2090.5,2180
2026-09-23 09:19:00+05:30,2096.85009765625,2097.550048828125,2092.0,2093.10009765625,2006
2026-09-23 09:20:00+05:30,2094.949951171875,2096.85009765625,2092.10009765625,2096.0,952
2026-09-23 09:21:00+05:30,2094.0,2096.14990234375,2094.0,2094.5,1088
2026-09-23 09:22:00+05:30,2092.300048828125,2095.89990234375,2091.85009765625,2095.800048828125,675
2026-09-23 09:23:00+05:30,2096.0,2096.0,2091.949951171875,2092.949951171875,1194
2026-09-23 09:24:00+05:30,2094.10009765625,2096.699951171875,2092.5,2096.699951171875,617
2026-09-23 09:25:00+05:30,2092.0,2094.35009765625,2092.0,2094.14990234375,1234
2026-09-23 09:26:00+05:30,2092.75,2093.0,2091.10009765625,2092.0,966
2026-09-23 09:27:00+05:30,2088.0,2093.25,2088.0,2092.75,3977
2026-09-23 09:28:00+05:30,2088.39990234375,2089.0,2086.050048828125,2088.050048828125,3423
2026-09-23 09:29:00+05:30,2092.0,2092.699951171875,2089.0,2089.14990234375,1382
2026-09-23 09:30:00+05:30,2092.300048828125,2093.85009765625,2091.949951171875,2092.699951171875,395
2026-09-23 09:31:00+05:30,2092.89990234375,2093.0,2091.5,2092.300048828125,124
2026-09-23 09:32:00+05:30,2092.75,2094.5,2092.14990234375,2093.0,682
2026-09-23 09:33:00+05:30,2091.699951171875,2092.699951171875,2091.0,2092.64990234375,529
2026-09-23 09:34:00+05:30,2091.0,2092.300048828125,2090.949951171875,2091.60009765625,438
2026-09-23 09:35:00+05:30,2092.300048828125,2092.300048828125,2091.300048828125,2091.5,236
2026-09-23 09:36:00+05:30,2092.85009765625,2092.949951171875,2091.5,2092.300048828125,482
2026-09-23 09:37:00+05:30,2093.699951171875,2094.0,2092.0,2092.300048828125,632
2026-09-23 09:38:00+05:30,2093.449951171875,2093.5,2092.5,2093.0,629
2026-09-23 09:39:00+05:30,2093.0,2093.699951171875,2092.050048828125,2093.449951171875,607
2026-09-23 09:40:00+05:30,2094.0,2094.64990234375,2092.89990234375,2093.0,885
2026-09-23 09:41:00+05:30,2093.10009765625,2094.10009765625,2093.10009765625,2093.10009765625,233
2026-09-23 09:42:00+05:30,2094.35009765625,2094.64990234375,2093.0,2093.10009765625,1539
2026-09-23 09:43:00+05:30,2094.39990234375,2094.75,2093.199951171875,2094.35009765625,946
2026-09-23 09:44:00+05:30,2093.800048828125,2094.60009765625,2093.5,2094.39990234375,892
2026-09-23 09:45:00+05:30,2093.5,2094.199951171875,2093.5,2094.199951171875,232
2026-09-23 09:46:00+05:30,2093.300048828125,2094.25,2093.10009765625,2094.199951171875,206
2026-09-23 09:47:00+05:30,2093.300048828125,2094.0,2093.300048828125,2094.0,312
2026-09-23 09:48:00+05:30,2093.0,2093.949951171875,2093.0,2093.300048828125,621
2026-09-23 09:49:00+05:30,2093.89990234375,2093.89990234375,2092.14990234375,2092.14990234375,446
2026-09-23 09:50:00+05:30,2092.10009765625,2094.0,2092.10009765625,2093.89990234375,400
2026-09-23 09:51:00+05:30,2088.0,2092.0,2088.0,2092.0,1031
2026-09-23 09:52:00+05:30,2089.10009765625,2090.14990234375,2087.0,2088.5,1114
2026-09-23 09:53:00+05:30,2087.60009765625,2089.10009765625,2087.60009765625,2089.10009765625,505
2026-09-23 09:54:00+05:30,2087.199951171875,2088.25,2086.89990234375,2087.60009765625,508
2026-09-23 09:55:00+05:30,2088.0,2088.0,2087.0,2087.199951171875,505
2026-09-23 09:56:00+05:30,2087.550048828125,2088.89990234375,2087.550048828125,2088.0,403
2026-09-23 09:57:00+05:30,2085.800048828125,2088.449951171875,2085.64990234375,2088.449951171875,1106
2026-09-23 09:58:00+05:30,2086.0,2086.85009765625,2085.5,2086.0,331
2026-09-23 09:59:00+05:30,2087.0,2087.0,2085.550048828125,2086.0,360
2026-09-23 10:00:00+05:30,2088.5,2088.5,2087.0,2087.0,1267
2026-09-23 10:01:00+05:30,2088.60009765625,2089.699951171875,2087.699951171875,2088.5,336
2026-09-23 10:02:00+05:30,2089.949951171875,2089.949951171875,2088.39990234375,2088.60009765625,320
2026-09-23 10:03:00+05:30,2090.0,2090.0,2088.699951171875,2089.75,253
2026-09-23 10:04:00+05:30,2089.050048828125,2090.64990234375,2089.050048828125,2090.0,990
2026-09-23 10:05:00+05:30,2088.60009765625,2090.199951171875,2088.0,2090.199951171875,293
2026-09-23 10:06:00+05:30,2090.0,2090.0,2088.60009765625,2088.60009765625,180
2026-09-23 10:07:00+05:30,2088.800048828125,2090.14990234375,2088.800048828125,2090.0,741
2026-09-23 10:08:00+05:30,2088.89990234375,2089.64990234375,2088.35009765625,2089.10009765625,192
2026-09-23 10:09:00+05:30,2087.39990234375,2089.300048828125,2087.39990234375,2089.300048828125,348
2026-09-23 10:10:00+05:30,2087.300048828125,2087.85009765625,2086.550048828125,2087.050048828125,345
2026-09-23 10:11:00+05:30,2087.800048828125,2087.800048828125,2086.85009765625,2087.300048828125,353
2026-09-23 10:12:00+05:30,2086.89990234375,2088.75,2086.550048828125,2087.800048828125,417
2026-09-23 10:13:00+05:30,2087.5,2087.800048828125,2086.89990234375,2086.89990234375,252
2026-09-23 10:14:00+05:30,2087.199951171875,2088.25,2087.0,2088.0,1292
2026-09-23 10:15:00+05:30,2088.0,2088.0,2086.75,2087.0,280
2026-09-23 10:16:00+05:30,2086.949951171875,2087.60009765625,2086.199951171875,2086.75,370
2026-09-23 10:17:00+05:30,2087.0,2087.14990234375,2086.14990234375,2087.0,130
2026-09-23 10:18:00+05:30,2087.699951171875,2087.699951171875,2087.0,2087.0,340
2026-09-23 10:19:00+05:30,2087.14990234375,2087.699951171875,2087.0,2087.199951171875,382
2026-09-23 10:20:00+05:30,2088.89990234375,2088.89990234375,2087.35009765625,2087.699951171875,427
2026-09-23 10:21:00+05:30,2089.449951171875,2089.5,2088.89990234375,2088.89990234375,227
2026-09-23 10:22:00+05:30,2088.199951171875,2089.0,2088.0,2089.0,219
2026-09-23 10:23:00+05:30,2088.5,2088.5,2088.0,2088.0,543
2026-09-23 10:24:00+05:30,2089.5,2089.89990234375,2088.5,2088.5,229
2026-09-23 10:25:00+05:30,2089.14990234375,2089.64990234375,2088.199951171875,2088.89990234375,155
2026-09-23 10:26:00+05:30,2088.050048828125,2089.550048828125,2088.050048828125,2089.14990234375,89
2026-09-23 10:27:00+05:30,2089.10009765625,2089.25,2088.89990234375,2088.949951171875,128
2026-09-23 10:28:00+05:30,2088.699951171875,2089.10009765625,2088.10009765625,2089.10009765625,180
2026-09-23 10:29:00+05:30,2088.300048828125,2088.699951171875,2087.39990234375,2088.35009765625,316
2026-09-23 10:30:00+05:30,2087.25,2088.5,2087.25,2088.300048828125,367
2026-09-23 10:31:00+05:30,2088.5,2088.5,2087.0,2088.0,741
2026-09-23 10:32:00+05:30,2088.0,2088.449951171875,2087.60009765625,2088.449951171875,125
2026-09-23 10:33:00+05:30,2088.0,2088.300048828125,2087.699951171875,2088.0,188
2026-09-23 10:34:00+05:30,2088.300048828125,2088.300048828125,2088.0,2088.300048828125,337
2026-09-23 10:35:00+05:30,2088.199951171875,2089.5,2088.199951171875,2088.300048828125,321
2026-09-23 10:36:00+05:30,2090.0,2090.0,2088.449951171875,2089.0,282
2026-09-23 10:37:00+05:30,2090.0,2090.0,2089.0,2090.0,289
2026-09-23 10:38:00+05:30,2090.89990234375,2090.89990234375,2089.800048828125,2090.10009765625,137
2026-09-23 10:39:00+05:30,2088.39990234375,2091.199951171875,2088.39990234375,2090.10009765625,1704
2026-09-23 10:40:00+05:30,2087.60009765625,2088.949951171875,2086.0,2088.800048828125,2661
2026-09-23 10:41:00+05:30,2088.89990234375,2089.89990234375,2088.800048828125,2088.800048828125,133
2026-09-23 10:42:00+05:30,2090.699951171875,2090.699951171875,2088.89990234375,2089.5,760
2026-09-23 10:43:00+05:30,2091.0,2091.449951171875,2090.199951171875,2090.75,173
2026-09-23 10:44:00+05:30,2090.64990234375,2091.60009765625,2090.0,2091.60009765625,316
2026-09-23 10:45:00+05:30,2089.5,2089.699951171875,2088.550048828125,2089.5,283
2026-09-23 10:46:00+05:30,2093.85009765625,2093.949951171875,2089.449951171875,2089.949951171875,3625
2026-09-23 10:47:00+05:30,2093.0,2094.0,2092.300048828125,2093.949951171875,247
2026-09-23 10:48:00+05:30,2094.699951171875,2095.75,2093.0,2093.0,777
2026-09-23 10:49:00+05:30,2093.949951171875,2094.0,2092.85009765625,2093.75,269
2026-09-23 10:50:00+05:30,2094.25,2094.550048828125,2093.050048828125,2093.949951171875,186
2026-09-23 10:51:00+05:30,2092.85009765625,2094.199951171875,2092.0,2094.0,135
2026-09-23 10:52:00+05:30,2093.25,2093.5,2092.0,2092.75,193
2026-09-23 10:53:00+05:30,2092.949951171875,2093.0,2092.5,2092.800048828125,79
2026-09-23 10:54:00+05:30,2092.449951171875,2093.0,2092.0,2093.0,111
2026-09-23 10:55:00+05:30,2092.14990234375,2092.64990234375,2091.35009765625,2091.35009765625,105
2026-09-23 10:56:00+05:30,2092.0,2092.89990234375,2091.60009765625,2092.35009765625,516
2026-09-23 10:57:00+05:30,2092.949951171875,2092.949951171875,2092.0,2092.0,49
2026-09-23 10:58:00+05:30,2093.0,2093.0,2092.0,2092.0,34
2026-09-23 10:59:00+05:30,2092.10009765625,2092.949951171875,2092.0,2092.0,106
2026-09-23 11:00:00+05:30,2092.199951171875,2092.85009765625,2091.5,2092.85009765625,77
2026-09-23 11:01:00+05:30,2091.699951171875,2092.14990234375,2090.64990234375,2092.14990234375,205
2026-09-23 11:02:00+05:30,2092.199951171875,2092.25,2091.5,2091.949951171875,145
2026-09-23 11:03:00+05:30,2093.949951171875,2094.39990234375,2092.89990234375,2093.0,468
2026-09-23 11:04:00+05:30,2092.0,2093.949951171875,2092.0,2093.949951171875,182
2026-09-23 11:05:00+05:30,2091.050048828125,2092.89990234375,2090.300048828125,2092.699951171875,1070
2026-09-23 11:06:00+05:30,2091.39990234375,2092.300048828125,2090.5,2091.050048828125,183
2026-09-23 11:07:00+05:30,2093.0,2093.5,2091.39990234375,2091.85009765625,544
2026-09-23 11:08:00+05:30,2091.89990234375,2092.800048828125,2091.5,2092.800048828125,149
2026-09-23 11:09:00+05:30,2091.64990234375,2092.199951171875,2091.199951171875,2091.89990234375,299
2026-09-23 11:10:00+05:30,2094.0,2094.0,2092.60009765625,2092.60009765625,238
2026-09-23 11:11:00+05:30,2093.89990234375,2094.0,2093.0,2094.0,153
2026-09-23 11:12:00+05:30,2093.949951171875,2094.0,2093.0,2093.89990234375,401
2026-09-23 11:13:00+05:30,2094.0,2094.0,2093.300048828125,2093.89990234375,239
2026-09-23 11:14:00+05:30,2094.5,2094.949951171875,2094.0,2094.699951171875,5139
2026-09-23 11:15:00+05:30,2092.89990234375,2094.699951171875,2092.89990234375,2094.699951171875,104
2026-09-23 11:16:00+05:30,2093.10009765625,2093.60009765625,2092.800048828125,2093.60009765625,46
2026-09-23 11:17:00+05:30,2093.199951171875,2093.300048828125,2092.35009765625,2093.10009765625,68
2026-09-23 11:18:00+05:30,2094.35009765625,2094.35009765625,2092.35009765625,2092.5,182
2026-09-23 11:19:00+05:30,2093.85009765625,2094.85009765625,2093.300048828125,2093.300048828125,151
2026-09-23 11:20:00+05:30,2095.0,2095.0,2094.0,2094.300048828125,297
2026-09-23 11:21:00+05:30,2093.10009765625,2094.89990234375,2093.10009765625,2094.89990234375,1151
2026-09-23 11:22:00+05:30,2093.5,2093.550048828125,2092.75,2093.0,184
2026-09-23 11:23:00+05:30,2092.300048828125,2093.5,2092.0,2093.5,85
2026-09-23 11:24:00+05:30,2092.75,2092.949951171875,2091.800048828125,2092.949951171875,345
2026-09-23 11:25:00+05:30,2091.550048828125,2092.85009765625,2091.550048828125,2092.85009765625,157
2026-09-23 11:26:00+05:30,2093.199951171875,2093.199951171875,2091.60009765625,2091.60009765625,100
2026-09-23 11:27:00+05:30,2092.199951171875,2093.0,2092.199951171875,2093.0,138
2026-09-23 11:28:00+05:30,2091.60009765625,2092.699951171875,2091.60009765625,2092.199951171875,624
2026-09-23 11:29:00+05:30,2092.5,2092.5,2092.0,2092.39990234375,57
2026-09-23 11:30:00+05:30,2093.0,2093.0,2092.0,2092.5,50
2026-09-23 11:31:00+05:30,2092.800048828125,2093.10009765625,2092.300048828125,2092.800048828125,126
2026-09-23 11:32:00+05:30,2093.10009765625,2093.5,2092.5,2093.5,100
2026-09-23 11:33:00+05:30,2093.89990234375,2093.949951171875,2093.10009765625,2093.10009765625,99
2026-09-23 11:34:00+05:30,2093.449951171875,2093.89990234375,2092.5,2093.89990234375,165
2026-09-23 11:35:00+05:30,2092.64990234375,2093.300048828125,2092.0,2093.0,113
2026-09-23 11:36:00+05:30,2092.699951171875,2093.0,2092.0,2092.64990234375,73
2026-09-23 11:37:00+05:30,2093.0,2093.0,2093.0,2093.0,37
2026-09-23 11:38:00+05:30,2092.60009765625,2093.0,2092.0,2093.0,89
2026-09-23 11:39:00+05:30,2092.050048828125,2092.60009765625,2091.39990234375,2092.0,125
2026-09-23 11:40:00+05:30,2091.89990234375,2092.35009765625,2091.10009765625,2092.050048828125,674
2026-09-23 11:41:00+05:30,2091.949951171875,2092.0,2091.050048828125,2091.89990234375,188
2026-09-23 11:42:00+05:30,2092.0,2092.10009765625,2091.25,2091.949951171875,123
2026-09-23 11:43:00+05:30,2091.550048828125,2092.5,2091.449951171875,2092.10009765625,51
2026-09-23 11:44:00+05:30,2091.75,2092.949951171875,2091.75,2092.949951171875,92
2026-09-23 11:45:00+05:30,2092.60009765625,2093.60009765625,2092.14990234375,2093.10009765625,178
2026-09-23 11:46:00+05:30,2094.60009765625,2094.60009765625,2093.0,2093.300048828125,276
2026-09-23 11:47:00+05:30,2096.0,2096.0,2093.85009765625,2093.85009765625,3021
2026-09-23 11:48:00+05:30,2095.64990234375,2096.800048828125,2095.0,2096.0,99
2026-09-23 11:49:00+05:30,2094.949951171875,2095.699951171875,2094.64990234375,2094.949951171875,133
2026-09-23 11:50:00+05:30,2094.199951171875,2094.85009765625,2094.0,2094.85009765625,237
2026-09-23 11:51:00+05:30,2094.10009765625,2095.5,2094.0,2094.199951171875,198
2026-09-23 11:52:00+05:30,2094.300048828125,2094.300048828125,2092.5,2094.0,144
2026-09-23 11:53:00+05:30,2093.199951171875,2094.35009765625,2093.199951171875,2094.25,213
2026-09-23 11:54:00+05:30,2093.0,2093.300048828125,2092.10009765625,2093.300048828125,85
2026-09-23 11:55:00+05:30,2092.0,2092.89990234375,2092.0,2092.85009765625,116
2026-09-23 11:56:00+05:30,2092.64990234375,2093.0,2092.0,2092.699951171875,135
2026-09-23 11:57:00+05:30,2090.39990234375,2092.10009765625,2090.25,2092.10009765625,314
2026-09-23 11:58:00+05:30,2091.60009765625,2092.0,2090.449951171875,2090.449951171875,126
2026-09-23 11:59:00+05:30,2092.0,2092.0,2090.60009765625,2091.300048828125,160
2026-09-23 12:00:00+05:30,2091.949951171875,2092.199951171875,2091.050048828125,2091.050048828125,71
2026-09-23 12:01:00+05:30,2091.60009765625,2091.949951171875,2091.0,2091.0,53
2026-09-23 12:02:00+05:30,2091.0,2091.699951171875,2090.89990234375,2091.5,18
2026-09-23 12:03:00+05:30,2091.0,2091.0,2090.800048828125,2091.0,301
2026-09-23 12:04:00+05:30,2091.0,2091.0,2090.699951171875,2091.0,494
2026-09-23 12:05:00+05:30,2091.0,2091.0,2090.699951171875,2091.0,2867
2026-09-23 12:06:00+05:30,2092.699951171875,2092.699951171875,2090.699951171875,2091.0,1588
2026-09-23 12:07:00+05:30,2093.5,2093.60009765625,2092.35009765625,2093.199951171875,256
2026-09-23 12:08:00+05:30,2093.0,2093.60009765625,2093.0,2093.10009765625,71
2026-09-23 12:09:00+05:30,2092.10009765625,2093.449951171875,2092.10009765625,2093.449951171875,48
2026-09-23 12:10:00+05:30,2092.0,2092.800048828125,2091.800048828125,2092.0,78
2026-09-23 12:11:00+05:30,2092.5,2092.64990234375,2091.5,2092.39990234375,87
2026-09-23 12:12:00+05:30,2092.89990234375,2093.39990234375,2092.550048828125,2092.64990234375,123
2026-09-23 12:13:00+05:30,2094.949951171875,2094.949951171875,2093.300048828125,2093.39990234375,175
2026-09-23 12:14:00+05:30,2093.0,2094.10009765625,2092.0,2094.0,190
2026-09-23 12:15:00+05:30,2091.5,2093.0,2091.5,2093.0,309
2026-09-23 12:16:00+05:30,2091.14990234375,2092.14990234375,2090.550048828125,2091.5,715
2026-09-23 12:17:00+05:30,2091.300048828125,2091.75,2090.5,2090.60009765625,408
2026-09-23 12:18:00+05:30,2092.60009765625,2092.60009765625,2090.550048828125,2091.35009765625,65
2026-09-23 12:19:00+05:30,2092.5,2092.60009765625,2091.75,2092.39990234375,193
2026-09-23 12:20:00+05:30,2091.699951171875,2092.5,2091.39990234375,2092.10009765625,69
2026-09-23 12:21:00+05:30,2092.10009765625,2092.10009765625,2091.800048828125,2092.10009765625,48
2026-09-23 12:22:00+05:30,2091.699951171875,2092.449951171875,2091.300048828125,2092.10009765625,425
2026-09-23 12:23:00+05:30,2091.0,2091.75,2091.0,2091.199951171875,280
2026-09-23 12:24:00+05:30,2091.89990234375,2091.89990234375,2090.550048828125,2091.0,306
2026-09-23 12:25:00+05:30,2092.14990234375,2092.39990234375,2091.0,2091.0,112
2026-09-23 12:26:00+05:30,2092.10009765625,2092.699951171875,2091.550048828125,2091.550048828125,153
2026-09-23 12:27:00+05:30,2092.800048828125,2092.800048828125,2091.14990234375,2091.550048828125,309
2026-09-23 12:28:00+05:30,2093.0,2093.0,2091.89990234375,2092.800048828125,111
2026-09-23 12:29:00+05:30,2092.39990234375,2093.050048828125,2092.0,2092.949951171875,87
2026-09-23 12:30:00+05:30,2093.89990234375,2093.949951171875,2092.39990234375,2092.39990234375,46
2026-09-23 12:31:00+05:30,2092.5,2093.800048828125,2092.39990234375,2093.39990234375,78
2026-09-23 12:32:00+05:30,2093.75,2093.75,2092.64990234375,2093.300048828125,245
2026-09-23 12:33:00+05:30,2093.0,2093.449951171875,2092.5,2093.449951171875,100
2026-09-23 12:34:00+05:30,2092.199951171875,2093.050048828125,2092.199951171875,2092.60009765625,162
2026-09-23 12:35:00+05:30,2093.0,2093.300048828125,2092.5,2093.14990234375,46
2026-09-23 12:36:00+05:30,2092.5,2093.25,2092.5,2093.0,189
2026-09-23 12:37:00+05:30,2093.25,2093.300048828125,2092.800048828125,2093.199951171875,6
2026-09-23 12:38:00+05:30,2093.10009765625,2093.199951171875,2093.0,2093.199951171875,178
2026-09-23 12:39:00+05:30,2093.35009765625,2093.35009765625,2092.550048828125,2093.10009765625,57
2026-09-23 12:40:00+05:30,2093.949951171875,2094.699951171875,2093.699951171875,2093.75,388
2026-09-23 12:41:00+05:30,2093.800048828125,2095.0,2093.800048828125,2094.800048828125,81
2026-09-23 12:42:00+05:30,2092.800048828125,2093.699951171875,2092.5,2093.699951171875,489
2026-09-23 12:43:00+05:30,2092.5,2093.10009765625,2092.10009765625,2092.39990234375,487
2026-09-23 12:44:00+05:30,2093.0,2093.5,2092.550048828125,2093.5,176
2026-09-23 12:45:00+05:30,2093.449951171875,2093.449951171875,2093.0,2093.0,26
2026-09-23 12:46:00+05:30,2092.050048828125,2093.39990234375,2092.050048828125,2093.39990234375,62
2026-09-23 12:47:00+05:30,2092.949951171875,2093.0,2092.050048828125,2092.949951171875,55
2026-09-23 12:48:00+05:30,2092.89990234375,2093.0,2092.10009765625,2092.949951171875,109
2026-09-23 12:49:00+05:30,2094.199951171875,2094.199951171875,2092.39990234375,2093.0,137
2026-09-23 12:50:00+05:30,2094.300048828125,2094.300048828125,2092.89990234375,2094.14990234375,96
2026-09-23 12:51:00+05:30,2092.699951171875,2094.5,2092.39990234375,2094.25,766
2026-09-23 12:52:00+05:30,2092.60009765625,2093.14990234375,2092.0,2092.89990234375,745
2026-09-23 12:53:00+05:30,2092.300048828125,2092.699951171875,2092.0,2092.39990234375,353
2026-09-23 12:54:00+05:30,2091.10009765625,2092.300048828125,2091.10009765625,2092.300048828125,655
2026-09-23 12:55:00+05:30,2091.0,2091.60009765625,2090.550048828125,2091.0,236
2026-09-23 12:56:00+05:30,2091.449951171875,2091.449951171875,2090.64990234375,2091.449951171875,65
2026-09-23 12:57:00+05:30,2091.449951171875,2091.5,2090.550048828125,2091.449951171875,130
2026-09-23 12:58:00+05:30,2090.949951171875,2092.0,2090.60009765625,2091.0,165
2026-09-23 12:59:00+05:30,2092.0,2092.0,2091.199951171875,2091.25,42
2026-09-23 13:00:00+05:30,2091.699951171875,2092.0,2091.25,2092.0,58
2026-09-23 13:01:00+05:30,2091.199951171875,2092.10009765625,2091.14990234375,2091.699951171875,99
2026-09-23 13:02:00+05:30,2091.800048828125,2091.949951171875,2091.199951171875,2091.949951171875,40
2026-09-23 13:03:00+05:30,2092.10009765625,2092.5,2091.25,2092.25,123
2026-09-23 13:04:00+05:30,2091.300048828125,2092.10009765625,2091.199951171875,2092.10009765625,52
2026-09-23 13:05:00+05:30,2091.800048828125,2091.89990234375,2091.0,2091.0,163
2026-09-23 13:06:00+05:30,2091.199951171875,2091.75,2091.0,2091.75,70
2026-09-23 13:07:00+05:30,2091.60009765625,2091.89990234375,2091.050048828125,2091.800048828125,170
2026-09-23 13:08:00+05:30,2092.0,2092.0,2091.199951171875,2092.0,135
2026-09-23 13:09:00+05:30,2091.0,2092.0,2091.0,2091.85009765625,160
2026-09-23 13:10:00+05:30,2090.800048828125,2091.550048828125,2090.449951171875,2091.39990234375,365
2026-09-23 13:11:00+05:30,2090.25,2091.300048828125,2090.25,2091.300048828125,115
2026-09-23 13:12:00+05:30,2091.0,2091.14990234375,2090.25,2090.35009765625,274
2026-09-23 13:13:00+05:30,2091.0,2091.0,2090.300048828125,2091.0,327
2026-09-23 13:14:00+05:30,2092.35009765625,2092.5,2091.300048828125,2091.300048828125,164
2026-09-23 13:15:00+05:30,2091.0,2092.35009765625,2090.300048828125,2091.60009765625,83
2026-09-23 13:16:00+05:30,2090.5,2090.85009765625,2090.050048828125,2090.199951171875,124
2026-09-23 13:17:00+05:30,2090.050048828125,2090.949951171875,2090.0,2090.5,498
2026-09-23 13:18:00+05:30,2089.050048828125,2090.85009765625,2089.050048828125,2090.75,2187
2026-09-23 13:19:00+05:30,2089.0,2089.60009765625,2089.0,2089.300048828125,107
2026-09-23 13:20:00+05:30,2089.0,2089.60009765625,2089.0,2089.0,543
2026-09-23 13:21:00+05:30,2088.39990234375,2089.60009765625,2088.39990234375,2089.0,709
2026-09-23 13:22:00+05:30,2088.14990234375,2088.89990234375,2088.14990234375,2088.5,105
2026-09-23 13:23:00+05:30,2088.89990234375,2088.89990234375,2088.10009765625,2088.85009765625,207
2026-09-23 13:24:00+05:30,2088.5,2088.89990234375,2088.10009765625,2088.85009765625,187
2026-09-23 13:25:00+05:30,2087.60009765625,2088.5,2087.199951171875,2088.0,1077
2026-09-23 13:26:00+05:30,2087.60009765625,2087.949951171875,2087.10009765625,2087.60009765625,157
2026-09-23 13:27:00+05:30,2086.75,2087.60009765625,2086.75,2087.5,484
2026-09-23 13:28:00+05:30,2085.0,2087.14990234375,2085.0,2087.14990234375,1736
2026-09-23 13:29:00+05:30,2085.0,2085.949951171875,2084.89990234375,2085.0,2065
2026-09-23 13:30:00+05:30,2085.199951171875,2085.89990234375,2084.60009765625,2085.39990234375,105
2026-09-23 13:31:00+05:30,2083.699951171875,2085.89990234375,2083.699951171875,2085.39990234375,303
2026-09-23 13:32:00+05:30,2083.5,2084.199951171875,2083.449951171875,2084.14990234375,714
2026-09-23 13:33:00+05:30,2084.25,2085.0,2082.949951171875,2082.949951171875,520
2026-09-23 13:34:00+05:30,2084.39990234375,2084.5,2083.199951171875,2083.199951171875,237
2026-09-23 13:35:00+05:30,2084.0,2084.35009765625,2083.14990234375,2083.35009765625,1063
2026-09-23 13:36:00+05:30,2084.35009765625,2084.5,2083.5,2083.60009765625,608
2026-09-23 13:37:00+05:30,2085.0,2085.0,2083.800048828125,2084.39990234375,215
2026-09-23 13:38:00+05:30,2084.300048828125,2085.0,2083.800048828125,2085.0,155
2026-09-23 13:39:00+05:30,2083.449951171875,2084.300048828125,2082.39990234375,2084.300048828125,1157
2026-09-23 13:40:00+05:30,2083.0,2083.449951171875,2082.5,2082.89990234375,269
2026-09-23 13:41:00+05:30,2084.0,2084.39990234375,2083.050048828125,2083.5,299
2026-09-23 13:42:00+05:30,2084.300048828125,2084.949951171875,2083.89990234375,2084.39990234375,186
2026-09-23 13:43:00+05:30,2085.300048828125,2085.89990234375,2084.300048828125,2084.300048828125,663
2026-09-23 13:44:00+05:30,2085.5,2085.800048828125,2084.699951171875,2085.39990234375,147
2026-09-23 13:45:00+05:30,2086.14990234375,2086.25,2085.39990234375,2085.5,150
2026-09-23 13:46:00+05:30,2086.300048828125,2086.300048828125,2085.5,2086.14990234375,52
2026-09-23 13:47:00+05:30,2085.0,2086.25,2084.699951171875,2085.60009765625,649
2026-09-23 13:48:00+05:30,2084.39990234375,2085.300048828125,2084.10009765625,2085.0,1007
2026-09-23 13:49:00+05:30,2084.0,2084.39990234375,2084.0,2084.0,1089
2026-09-23 13:50:00+05:30,2084.25,2084.699951171875,2083.5,2084.35009765625,325
2026-09-23 13:51:00+05:30,2083.800048828125,2084.0,2083.0,2083.949951171875,271
2026-09-23 13:52:00+05:30,2083.0,2083.800048828125,2083.0,2083.800048828125,158
2026-09-23 13:53:00+05:30,2083.10009765625,2083.449951171875,2082.39990234375,2083.0,188
2026-09-23 13:54:00+05:30,2083.5,2083.5,2082.5,2083.39990234375,662
2026-09-23 13:55:00+05:30,2083.300048828125,2083.449951171875,2083.0,2083.449951171875,508
2026-09-23 13:56:00+05:30,2083.10009765625,2083.949951171875,2083.0,2083.949951171875,192
2026-09-23 13:57:00+05:30,2083.5,2083.699951171875,2083.10009765625,2083.10009765625,102
2026-09-23 13:58:00+05:30,2083.0,2083.5,2083.0,2083.10009765625,258
2026-09-23 13:59:00+05:30,2082.550048828125,2083.5,2082.550048828125,2083.5,283
2026-09-23 14:00:00+05:30,2083.300048828125,2083.449951171875,2082.800048828125,2083.0,207
2026-09-23 14:01:00+05:30,2083.0,2083.35009765625,2082.89990234375,2083.0,903
2026-09-23 14:02:00+05:30,2083.10009765625,2083.10009765625,2082.550048828125,2083.10009765625,590
2026-09-23 14:03:00+05:30,2083.0,2083.85009765625,2082.60009765625,2083.10009765625,634
2026-09-23 14:04:00+05:30,2082.5,2083.60009765625,2082.5,2083.199951171875,536
2026-09-23 14:05:00+05:30,2082.0,2082.60009765625,2081.35009765625,2082.60009765625,1141
2026-09-23 14:06:00+05:30,2081.5,2082.14990234375,2081.0,2082.0,3657
2026-09-23 14:07:00+05:30,2081.89990234375,2082.050048828125,2081.300048828125,2082.0,285
2026-09-23 14:08:00+05:30,2081.89990234375,2082.14990234375,2081.699951171875,2081.89990234375,102
2026-09-23 14:09:00+05:30,2082.14990234375,2082.14990234375,2081.89990234375,2081.89990234375,213
2026-09-23 14:10:00+05:30,2082.25,2082.5,2081.199951171875,2082.5,375
2026-09-23 14:11:00+05:30,2082.5,2082.60009765625,2082.0,2082.199951171875,608
2026-09-23 14:12:00+05:30,2083.0,2083.25,2082.0,2082.5,1675
2026-09-23 14:13:00+05:30,2082.5,2083.0,2082.10009765625,2082.89990234375,880
2026-09-23 14:14:00+05:30,2082.89990234375,2082.89990234375,2082.5,2082.89990234375,39
2026-09-23 14:15:00+05:30,2083.64990234375,2083.800048828125,2082.85009765625,2082.89990234375,342
2026-09-23 14:16:00+05:30,2083.449951171875,2083.699951171875,2083.0,2083.699951171875,89
2026-09-23 14:17:00+05:30,2083.199951171875,2083.39990234375,2082.699951171875,2083.39990234375,293
2026-09-23 14:18:00+05:30,2083.0,2083.25,2082.550048828125,2083.199951171875,52
2026-09-23 14:19:00+05:30,2082.5,2083.25,2082.5,2083.0,99
2026-09-23 14:20:00+05:30,2083.10009765625,2083.39990234375,2082.5,2083.39990234375,67
2026-09-23 14:21:00+05:30,2082.75,2083.199951171875,2082.60009765625,2083.0,129
2026-09-23 14:22:00+05:30,2083.25,2083.39990234375,2082.5,2083.199951171875,174
2026-09-23 14:23:00+05:30,2083.199951171875,2083.550048828125,2082.300048828125,2082.60009765625,130
2026-09-23 14:24:00+05:30,2083.0,2083.25,2082.5,2083.0,39
2026-09-23 14:25:00+05:30,2084.0,2084.0,2082.75,2083.5,35
2026-09-23 14:26:00+05:30,2083.699951171875,2084.25,2083.699951171875,2084.0,63
2026-09-23 14:27:00+05:30,2085.0,2085.25,2084.050048828125,2084.60009765625,193
2026-09-23 14:28:00+05:30,2084.10009765625,2085.5,2084.10009765625,2085.5,142
2026-09-23 14:29:00+05:30,2084.0,2084.75,2084.0,2084.60009765625,115
2026-09-23 14:30:00+05:30,2084.39990234375,2084.800048828125,2084.0,2084.5,79
2026-09-23 14:31:00+05:30,2084.0,2084.699951171875,2084.0,2084.39990234375,116
2026-09-23 14:32:00+05:30,2084.0,2084.85009765625,2084.0,2084.60009765625,106
2026-09-23 14:33:00+05:30,2084.0,2084.300048828125,2084.0,2084.300048828125,64
2026-09-23 14:34:00+05:30,2084.60009765625,2084.800048828125,2083.89990234375,2084.300048828125,264
2026-09-23 14:35:00+05:30,2084.550048828125,2084.699951171875,2084.0,2084.699951171875,149
2026-09-23 14:36:00+05:30,2084.0,2084.550048828125,2083.25,2084.550048828125,167
2026-09-23 14:37:00+05:30,2083.60009765625,2084.0,2083.25,2084.0,170
2026-09-23 14:38:00+05:30,2083.60009765625,2083.60009765625,2083.0,2083.60009765625,1128
2026-09-23 14:39:00+05:30,2083.800048828125,2084.800048828125,2083.60009765625,2083.60009765625,275
2026-09-23 14:40:00+05:30,2084.14990234375,2084.5,2083.800048828125,2084.5,182
2026-09-23 14:41:00+05:30,2082.60009765625,2084.14990234375,2082.60009765625,2083.5,731
2026-09-23 14:42:00+05:30,2083.550048828125,2083.89990234375,2083.39990234375,2083.75,431
2026-09-23 14:43:00+05:30,2082.5,2083.60009765625,2082.10009765625,2083.199951171875,274
2026-09-23 14:44:00+05:30,2082.699951171875,2082.699951171875,2082.0,2082.699951171875,115
2026-09-23 14:45:00+05:30,2081.89990234375,2082.699951171875,2081.800048828125,2082.699951171875,1148
2026-09-23 14:46:00+05:30,2082.199951171875,2083.0,2081.89990234375,2081.89990234375,227
2026-09-23 14:47:00+05:30,2081.14990234375,2082.75,2080.60009765625,2082.75,442
2026-09-23 14:48:00+05:30,2080.5,2081.39990234375,2080.35009765625,2080.39990234375,762
2026-09-23 14:49:00+05:30,2080.699951171875,2081.5,2080.449951171875,2081.35009765625,530
2026-09-23 14:50:00+05:30,2081.10009765625,2081.199951171875,2080.199951171875,2080.699951171875,426
2026-09-23 14:51:00+05:30,2081.0,2081.0,2080.14990234375,2080.699951171875,250
2026-09-23 14:52:00+05:30,2080.199951171875,2081.0,2080.10009765625,2081.0,320
2026-09-23 14:53:00+05:30,2080.5,2080.5,2080.10009765625,2080.199951171875,821
2026-09-23 14:54:00+05:30,2080.5,2080.5,2080.5,2080.5,396
2026-09-23 14:55:00+05:30,2081.0,2081.0,2080.199951171875,2080.5,641
2026-09-23 14:56:00+05:30,2081.0,2081.0,2080.25,2081.0,423
2026-09-23 14:57:00+05:30,2080.699951171875,2081.0,2080.25,2080.25,198
2026-09-23 14:58:00+05:30,2079.10009765625,2081.0,2079.10009765625,2080.699951171875,5736
2026-09-23 14:59:00+05:30,2080.5,2080.5,2079.0,2080.0,762
2026-09-23 15:00:00+05:30,2080.699951171875,2080.699951171875,2080.0,2080.0,154
2026-09-23 15:01:00+05:30,2080.89990234375,2081.75,2080.35009765625,2080.800048828125,112
2026-09-23 15:02:00+05:30,2078.949951171875,2080.10009765625,2078.39990234375,2080.10009765625,379
2026-09-23 15:03:00+05:30,2078.39990234375,2078.949951171875,2078.0,2078.949951171875,1033
2026-09-23 15:04:00+05:30,2080.10009765625,2080.199951171875,2078.39990234375,2078.39990234375,930
2026-09-23 15:05:00+05:30,2080.89990234375,2080.89990234375,2079.75,2079.800048828125,356
2026-09-23 15:06:00+05:30,2079.85009765625,2081.949951171875,2079.85009765625,2080.0,695
2026-09-23 15:07:00+05:30,2081.199951171875,2081.60009765625,2079.89990234375,2080.89990234375,231
2026-09-23 15:08:00+05:30,2080.89990234375,2081.199951171875,2080.10009765625,2081.199951171875,130
2026-09-23 15:09:00+05:30,2081.14990234375,2081.89990234375,2080.89990234375,2080.89990234375,222
2026-09-23 15:10:00+05:30,2081.85009765625,2082.0,2081.35009765625,2081.39990234375,352
2026-09-23 15:11:00+05:30,2081.39990234375,2082.199951171875,2081.0,2081.800048828125,560
2026-09-23 15:12:00+05:30,2081.050048828125,2083.0,2081.0,2082.199951171875,608
2026-09-23 15:13:00+05:30,2083.85009765625,2083.85009765625,2080.85009765625,2082.14990234375,489
2026-09-23 15:14:00+05:30,2082.60009765625,2083.85009765625,2081.0,2083.85009765625,441
2026-09-23 15:29:00+05:30,2085.89990234375,2085.89990234375,2085.89990234375,2085.89990234375,1950
2026-09-24 09:15:00+05:30,2090.35009765625,2093.699951171875,2068.449951171875,2070.5,4281
2026-09-24 09:16:00+05:30,2077.25,2092.300048828125,2077.25,2092.300048828125,1326
2026-09-24 09:17:00+05:30,2085.0,2085.949951171875,2079.75,2079.75,4666
2026-09-24 09:18:00+05:30,2084.550048828125,2086.550048828125,2083.800048828125,2085.449951171875,694
2026-09-24 09:19:00+05:30,2087.14990234375,2088.199951171875,2085.75,2086.949951171875,653
2026-09-24 09:20:00+05:30,2087.449951171875,2087.449951171875,2085.5,2086.050048828125,275
2026-09-24 09:21:00+05:30,2090.0,2090.0,2085.0,2086.800048828125,1478
2026-09-24 09:22:00+05:30,2089.14990234375,2092.0,2087.64990234375,2090.89990234375,3470
2026-09-24 09:23:00+05:30,2088.699951171875,2090.10009765625,2087.39990234375,2090.10009765625,679
2026-09-24 09:24:00+05:30,2084.64990234375,2088.85009765625,2084.64990234375,2088.0,327
2026-09-24 09:25:00+05:30,2084.5,2085.60009765625,2083.199951171875,2084.550048828125,2733
2026-09-24 09:26:00+05:30,2087.10009765625,2087.75,2085.0,2085.0,898
2026-09-24 09:27:00+05:30,2085.5,2086.75,2085.25,2085.25,424
2026-09-24 09:28:00+05:30,2086.550048828125,2088.0,2086.199951171875,2086.199951171875,159
2026-09-24 09:29:00+05:30,2091.39990234375,2091.39990234375,2085.5,2086.35009765625,830
2026-09-24 09:30:00+05:30,2089.0,2090.949951171875,2088.85009765625,2088.85009765625,194
2026-09-24 09:31:00+05:30,2090.0,2091.050048828125,2088.5,2090.300048828125,477
2026-09-24 09:32:00+05:30,2088.0,2090.699951171875,2088.0,2090.0,530
2026-09-24 09:33:00+05:30,2087.5,2089.5,2087.5,2088.0,71
2026-09-24 09:34:00+05:30,2086.14990234375,2087.5,2086.14990234375,2086.60009765625,213
2026-09-24 09:35:00+05:30,2087.5,2087.5,2086.550048828125,2087.5,148
2026-09-24 09:36:00+05:30,2087.800048828125,2087.800048828125,2087.5,2087.5,157
2026-09-24 09:37:00+05:30,2087.199951171875,2087.800048828125,2086.050048828125,2087.300048828125,77
2026-09-24 09:38:00+05:30,2083.5,2086.0,2083.39990234375,2086.0,681
2026-09-24 09:39:00+05:30,2083.0,2084.14990234375,2082.64990234375,2084.14990234375,316
2026-09-24 09:40:00+05:30,2082.0,2083.0,2081.949951171875,2083.0,1068
2026-09-24 09:41:00+05:30,2082.050048828125,2082.949951171875,2082.050048828125,2082.949951171875,90
2026-09-24 09:42:00+05:30,2083.0,2083.449951171875,2082.449951171875,2083.449951171875,180
2026-09-24 09:43:00+05:30,2083.64990234375,2083.89990234375,2083.0,2083.0,28
2026-09-24 09:44:00+05:30,2086.199951171875,2086.199951171875,2084.5,2084.89990234375,45
2026-09-24 09:45:00+05:30,2086.89990234375,2087.35009765625,2084.050048828125,2085.949951171875,270
2026-09-24 09:46:00+05:30,2084.64990234375,2086.0,2084.64990234375,2086.0,63
2026-09-24 09:47:00+05:30,2083.0,2084.0,2082.300048828125,2082.300048828125,293
2026-09-24 09:48:00+05:30,2085.0,2085.0,2083.25,2083.25,147
2026-09-24 09:49:00+05:30,2083.60009765625,2084.5,2083.25,2084.10009765625,439
2026-09-24 09:50:00+05:30,2083.5,2084.89990234375,2083.5,2083.89990234375,75
2026-09-24 09:51:00+05:30,2083.699951171875,2084.85009765625,2083.0,2083.5,281
2026-09-24 09:52:00+05:30,2083.89990234375,2085.0,2083.0,2083.0,1429
2026-09-24 09:53:00+05:30,2085.199951171875,2086.0,2084.199951171875,2084.199951171875,407
2026-09-24 09:54:00+05:30,2085.0,2085.199951171875,2085.0,2085.0,1084
2026-09-24 09:55:00+05:30,2083.050048828125,2083.75,2083.050048828125,2083.75,160
2026-09-24 09:56:00+05:30,2082.550048828125,2083.949951171875,2082.050048828125,2083.949951171875,463
2026-09-24 09:57:00+05:30,2082.0,2084.75,2082.0,2083.5,431
2026-09-24 09:58:00+05:30,2081.949951171875,2082.0,2080.75,2082.0,133
2026-09-24 09:59:00+05:30,2080.300048828125,2081.300048828125,2080.0,2081.300048828125,471
2026-09-24 10:00:00+05:30,2080.0,2080.14990234375,2079.550048828125,2080.14990234375,200
2026-09-24 10:01:00+05:30,2081.050048828125,2081.050048828125,2079.800048828125,2080.0,1760
2026-09-24 10:02:00+05:30,2081.0,2081.0,2079.75,2081.0,143
2026-09-24 10:03:00+05:30,2080.5,2080.550048828125,2079.60009765625,2080.14990234375,55
2026-09-24 10:04:00+05:30,2081.0,2081.0,2078.699951171875,2080.35009765625,3273
2026-09-24 10:05:00+05:30,2080.89990234375,2081.0,2080.0,2081.0,88
2026-09-24 10:06:00+05:30,2079.35009765625,2081.0,2079.35009765625,2081.0,348
2026-09-24 10:07:00+05:30,2080.199951171875,2080.199951171875,2079.89990234375,2079.89990234375,11
2026-09-24 10:08:00+05:30,2080.300048828125,2080.300048828125,2079.85009765625,2079.85009765625,22
2026-09-24 10:09:00+05:30,2080.300048828125,2081.449951171875,2080.300048828125,2081.449951171875,15
2026-09-24 10:10:00+05:30,2079.699951171875,2081.0,2079.0,2081.0,277
2026-09-24 10:11:00+05:30,2079.64990234375,2079.699951171875,2079.0,2079.0,30
2026-09-24 10:12:00+05:30,2079.699951171875,2079.699951171875,2078.89990234375,2079.699951171875,91
2026-09-24 10:13:00+05:30,2080.949951171875,2080.949951171875,2079.0,2079.0,258
2026-09-24 10:14:00+05:30,2080.25,2080.699951171875,2079.14990234375,2080.699951171875,159
2026-09-24 10:15:00+05:30,2079.449951171875,2079.75,2079.0,2079.75,7
2026-09-24 10:16:00+05:30,2079.60009765625,2079.60009765625,2078.0,2078.800048828125,182
2026-09-24 10:17:00+05:30,2079.35009765625,2079.35009765625,2078.300048828125,2079.25,24
2026-09-24 10:18:00+05:30,2080.5,2081.699951171875,2080.0,2080.0,10
2026-09-24 10:19:00+05:30,2081.949951171875,2082.0,2081.199951171875,2081.949951171875,149
2026-09-24 10:20:00+05:30,2081.699951171875,2082.75,2081.5,2082.0,534
2026-09-24 10:21:00+05:30,2080.60009765625,2081.550048828125,2080.050048828125,2081.449951171875,388
2026-09-24 10:22:00+05:30,2077.0,2080.64990234375,2077.0,2080.64990234375,1208
2026-09-24 10:23:00+05:30,2079.699951171875,2079.699951171875,2077.0,2077.64990234375,46
2026-09-24 10:24:00+05:30,2080.25,2080.25,2079.0,2079.39990234375,13
2026-09-24 10:25:00+05:30,2079.10009765625,2079.699951171875,2078.89990234375,2079.699951171875,117
2026-09-24 10:26:00+05:30,2079.0,2079.050048828125,2077.85009765625,2079.050048828125,262
2026-09-24 10:27:00+05:30,2078.949951171875,2079.0,2078.949951171875,2078.949951171875,30
2026-09-24 10:28:00+05:30,2079.050048828125,2079.5,2078.199951171875,2079.0,51
2026-09-24 10:29:00+05:30,2080.300048828125,2080.300048828125,2079.5,2079.5,123
2026-09-24 10:30:00+05:30,2083.85009765625,2083.85009765625,2080.5,2080.5,60
2026-09-24 10:31:00+05:30,2083.800048828125,2083.800048828125,2081.89990234375,2083.5,1206
2026-09-24 10:32:00+05:30,2086.14990234375,2086.14990234375,2083.85009765625,2083.89990234375,166
2026-09-24 10:33:00+05:30,2087.39990234375,2087.39990234375,2084.85009765625,2086.449951171875,150
2026-09-24 10:34:00+05:30,2087.449951171875,2087.800048828125,2086.75,2087.39990234375,81
2026-09-24 10:35:00+05:30,2087.0,2087.0,2086.75,2087.0,203
2026-09-24 10:36:00+05:30,2091.0,2091.0,2087.0,2087.0,342
2026-09-24 10:37:00+05:30,2090.199951171875,2090.949951171875,2090.199951171875,2090.89990234375,66
2026-09-24 10:38:00+05:30,2089.60009765625,2090.199951171875,2088.550048828125,2090.199951171875,101
2026-09-24 10:39:00+05:30,2089.5,2090.0,2089.25,2089.699951171875,276
2026-09-24 10:40:00+05:30,2089.0,2090.14990234375,2088.85009765625,2090.0,239
2026-09-24 10:41:00+05:30,2089.949951171875,2090.0,2088.300048828125,2088.39990234375,121
2026-09-24 10:42:00+05:30,2088.5,2090.0,2088.5,2089.0,105
2026-09-24 10:43:00+05:30,2089.0,2089.949951171875,2088.300048828125,2088.85009765625,273
2026-09-24 10:44:00+05:30,2088.300048828125,2088.949951171875,2088.300048828125,2088.300048828125,56
2026-09-24 10:45:00+05:30,2088.39990234375,2089.0,2088.0,2089.0,57
2026-09-24 10:46:00+05:30,2088.800048828125,2088.85009765625,2088.0,2088.0,72
2026-09-24 10:47:00+05:30,2089.0,2089.89990234375,2087.5,2087.5,746
2026-09-24 10:48:00+05:30,2087.0,2088.949951171875,2087.0,2088.5,37
2026-09-24 10:49:00+05:30,2088.699951171875,2088.89990234375,2087.300048828125,2087.300048828125,337
2026-09-24 10:50:00+05:30,2089.0,2089.0,2088.25,2089.0,100
2026-09-24 10:51:00+05:30,2089.699951171875,2090.0,2089.449951171875,2089.449951171875,51
2026-09-24 10:52:00+05:30,2089.0,2089.85009765625,2089.0,2089.800048828125,105
2026-09-24 10:53:00+05:30,2089.0,2089.449951171875,2088.0,2089.449951171875,163
2026-09-24 10:54:00+05:30,2088.75,2089.89990234375,2088.5,2089.449951171875,293
2026-09-24 10:55:00+05:30,2089.5,2089.5,2089.5,2089.5,1
2026-09-24 10:56:00+05:30,2088.85009765625,2090.0,2088.85009765625,2089.89990234375,97
2026-09-24 10:57:00+05:30,2089.64990234375,2089.949951171875,2089.0,2089.949951171875,31
2026-09-24 10:58:00+05:30,2090.39990234375,2090.39990234375,2090.0,2090.0,175
2026-09-24 10:59:00+05:30,2090.0,2090.449951171875,2089.5,2090.449951171875,175
2026-09-24 11:00:00+05:30,2090.0,2090.5,2088.800048828125,2090.39990234375,53
2026-09-24 11:01:00+05:30,2090.800048828125,2090.800048828125,2089.89990234375,2089.89990234375,101
2026-09-24 11:02:00+05:30,2089.550048828125,2089.550048828125,2089.550048828125,2089.550048828125,10
2026-09-24 11:03:00+05:30,2089.64990234375,2090.550048828125,2089.39990234375,2090.550048828125,139
2026-09-24 11:04:00+05:30,2089.300048828125,2089.300048828125,2089.0,2089.0,62
2026-09-24 11:05:00+05:30,2089.550048828125,2089.550048828125,2089.5,2089.5,111
2026-09-24 11:06:00+05:30,2091.0,2091.0,2089.0,2090.0,688
2026-09-24 11:07:00+05:30,2094.5,2094.5,2092.0,2092.0,1544
2026-09-24 11:08:00+05:30,2094.199951171875,2095.0,2093.25,2094.5,671
2026-09-24 11:09:00+05:30,2093.75,2094.89990234375,2093.75,2094.85009765625,85
2026-09-24 11:10:00+05:30,2092.550048828125,2093.949951171875,2092.25,2093.949951171875,53
2026-09-24 11:11:00+05:30,2093.39990234375,2094.85009765625,2093.39990234375,2094.85009765625,73
2026-09-24 11:12:00+05:30,2093.64990234375,2094.64990234375,2093.60009765625,2094.550048828125,342
2026-09-24 11:13:00+05:30,2092.85009765625,2093.800048828125,2092.199951171875,2093.0,20
2026-09-24 11:14:00+05:30,2091.5,2092.85009765625,2091.5,2092.85009765625,332
2026-09-24 11:15:00+05:30,2091.64990234375,2091.64990234375,2089.0,2090.10009765625,314
2026-09-24 11:16:00+05:30,2092.5,2093.39990234375,2092.199951171875,2092.35009765625,139
2026-09-24 11:17:00+05:30,2093.300048828125,2093.35009765625,2092.050048828125,2092.050048828125,197
2026-09-24 11:18:00+05:30,2092.0,2093.0,2092.0,2093.0,13
2026-09-24 11:19:00+05:30,2093.14990234375,2093.199951171875,2092.10009765625,2092.10009765625,569
2026-09-24 11:20:00+05:30,2090.85009765625,2093.0,2090.75,2093.0,754
2026-09-24 11:21:00+05:30,2090.5,2091.550048828125,2090.199951171875,2090.85009765625,727
2026-09-24 11:22:00+05:30,2091.64990234375,2092.14990234375,2091.35009765625,2091.35009765625,1167
2026-09-24 11:23:00+05:30,2090.0,2091.550048828125,2090.0,2091.550048828125,3
2026-09-24 11:24:00+05:30,2088.35009765625,2090.699951171875,2088.0,2090.699951171875,503
2026-09-24 11:25:00+05:30,2087.5,2088.35009765625,2087.5,2088.35009765625,50
2026-09-24 11:26:00+05:30,2089.0,2089.0,2087.85009765625,2088.050048828125,173
2026-09-24 11:27:00+05:30,2089.64990234375,2089.64990234375,2089.14990234375,2089.14990234375,31
2026-09-24 11:28:00+05:30,2090.0,2091.0,2090.0,2090.89990234375,160
2026-09-24 11:29:00+05:30,2090.5,2090.949951171875,2090.5,2090.949951171875,13
2026-09-24 11:30:00+05:30,2091.0,2091.64990234375,2090.5,2090.5,749
2026-09-24 11:31:00+05:30,2091.35009765625,2091.35009765625,2090.5,2090.5,133
2026-09-24 11:32:00+05:30,2091.35009765625,2091.35009765625,2090.5,2090.5,208
2026-09-24 11:33:00+05:30,2091.199951171875,2091.199951171875,2089.0,2090.0,470
2026-09-24 11:34:00+05:30,2091.14990234375,2092.0,2091.0,2091.0,478
2026-09-24 11:35:00+05:30,2093.199951171875,2093.199951171875,2091.449951171875,2092.0,373
2026-09-24 11:36:00+05:30,2092.949951171875,2093.199951171875,2092.0,2093.199951171875,81
2026-09-24 11:37:00+05:30,2091.60009765625,2092.10009765625,2091.0,2092.0,1034
2026-09-24 11:38:00+05:30,2089.89990234375,2091.64990234375,2089.89990234375,2091.64990234375,147
2026-09-24 11:39:00+05:30,2090.300048828125,2091.0,2090.300048828125,2090.5,53
2026-09-24 11:40:00+05:30,2092.89990234375,2092.89990234375,2091.0,2091.0,646
2026-09-24 11:41:00+05:30,2092.10009765625,2092.85009765625,2092.0,2092.85009765625,412
2026-09-24 11:42:00+05:30,2091.199951171875,2091.75,2091.199951171875,2091.75,4
2026-09-24 11:43:00+05:30,2092.10009765625,2092.10009765625,2091.0,2091.199951171875,115
2026-09-24 11:44:00+05:30,2091.949951171875,2092.0,2091.949951171875,2092.0,116
2026-09-24 11:45:00+05:30,2090.699951171875,2091.949951171875,2090.699951171875,2091.949951171875,46
2026-09-24 11:46:00+05:30,2093.199951171875,2093.199951171875,2091.75,2091.75,425
2026-09-24 11:47:00+05:30,2094.949951171875,2094.949951171875,2093.199951171875,2093.199951171875,249
2026-09-24 11:48:00+05:30,2093.25,2094.39990234375,2093.25,2093.699951171875,20
2026-09-24 11:49:00+05:30,2093.89990234375,2093.949951171875,2092.800048828125,2093.0,264
2026-09-24 11:50:00+05:30,2093.89990234375,2093.89990234375,2093.050048828125,2093.75,18
2026-09-24 11:51:00+05:30,2093.199951171875,2093.699951171875,2092.5,2093.699951171875,286
2026-09-24 11:52:00+05:30,2093.5,2093.5,2092.199951171875,2093.5,98
2026-09-24 11:53:00+05:30,2093.60009765625,2093.89990234375,2093.60009765625,2093.89990234375,5
2026-09-24 11:54:00+05:30,2093.60009765625,2093.60009765625,2092.699951171875,2092.699951171875,31
2026-09-24 11:55:00+05:30,2094.199951171875,2094.199951171875,2093.0,2093.60009765625,106
2026-09-24 11:56:00+05:30,2093.25,2094.199951171875,2093.10009765625,2094.199951171875,198
2026-09-24 11:57:00+05:30,2093.0,2093.300048828125,2092.050048828125,2093.300048828125,10
2026-09-24 11:58:00+05:30,2092.0,2093.199951171875,2092.0,2092.050048828125,78
2026-09-24 11:59:00+05:30,2094.300048828125,2094.300048828125,2092.300048828125,2093.0,208
2026-09-24 12:00:00+05:30,2094.800048828125,2094.800048828125,2093.5,2093.75,132
2026-09-24 12:01:00+05:30,2095.199951171875,2095.199951171875,2093.85009765625,2094.699951171875,370
2026-09-24 12:02:00+05:30,2094.75,2095.949951171875,2094.75,2095.699951171875,100
2026-09-24 12:03:00+05:30,2095.14990234375,2095.449951171875,2095.0,2095.449951171875,42
2026-09-24 12:04:00+05:30,2095.75,2095.75,2094.89990234375,2094.89990234375,28
2026-09-24 12:05:00+05:30,2096.5,2096.5,2095.199951171875,2095.75,166
2026-09-24 12:06:00+05:30,2096.199951171875,2096.5,2096.199951171875,2096.449951171875,85
2026-09-24 12:07:00+05:30,2094.0,2096.199951171875,2094.0,2096.199951171875,916
2026-09-24 12:08:00+05:30,2094.75,2095.0,2094.0,2095.0,16
2026-09-24 12:09:00+05:30,2094.89990234375,2094.89990234375,2094.050048828125,2094.75,8
2026-09-24 12:10:00+05:30,2095.75,2096.5,2094.10009765625,2094.10009765625,224
2026-09-24 12:11:00+05:30,2096.75,2096.89990234375,2095.85009765625,2096.5,85
2026-09-24 12:12:00+05:30,2095.0,2096.60009765625,2095.0,2096.60009765625,38
2026-09-24 12:13:00+05:30,2094.949951171875,2095.0,2094.949951171875,2095.0,6
2026-09-24 12:14:00+05:30,2094.0,2094.64990234375,2093.14990234375,2094.64990234375,645
2026-09-24 12:15:00+05:30,2096.39990234375,2096.39990234375,2096.39990234375,2096.39990234375,2
2026-09-24 12:16:00+05:30,2095.60009765625,2095.75,2095.0,2095.75,36
2026-09-24 12:17:00+05:30,2095.60009765625,2095.60009765625,2095.60009765625,2095.60009765625,2
2026-09-24 12:18:00+05:30,2094.0,2095.60009765625,2094.0,2095.60009765625,52
2026-09-24 12:19:00+05:30,2093.699951171875,2093.699951171875,2093.0,2093.0,7
2026-09-24 12:20:00+05:30,2093.60009765625,2093.800048828125,2092.25,2093.0,94
2026-09-24 12:21:00+05:30,2092.199951171875,2093.5,2092.199951171875,2093.5,67
2026-09-24 12:22:00+05:30,2091.199951171875,2091.199951171875,2089.800048828125,2089.800048828125,456
2026-09-24 12:23:00+05:30,2090.5,2090.5,2090.5,2090.5,1
2026-09-24 12:24:00+05:30,2091.25,2091.25,2091.0,2091.050048828125,202
2026-09-24 12:25:00+05:30,2088.0,2091.800048828125,2088.0,2091.800048828125,101
2026-09-24 12:26:00+05:30,2088.5,2089.10009765625,2088.0,2088.0,73
2026-09-24 12:27:00+05:30,2088.199951171875,2088.60009765625,2086.89990234375,2087.5,316
2026-09-24 12:28:00+05:30,2089.0,2089.0,2088.300048828125,2088.300048828125,4
2026-09-24 12:29:00+05:30,2089.949951171875,2090.699951171875,2089.949951171875,2090.0,16
2026-09-24 12:30:00+05:30,2089.14990234375,2090.10009765625,2088.800048828125,2088.85009765625,133
2026-09-24 12:31:00+05:30,2090.89990234375,2090.89990234375,2090.10009765625,2090.10009765625,457
2026-09-24 12:32:00+05:30,2090.0,2090.0,2090.0,2090.0,5
2026-09-24 12:33:00+05:30,2089.39990234375,2089.85009765625,2089.050048828125,2089.050048828125,54
2026-09-24 12:34:00+05:30,2089.39990234375,2089.5,2089.39990234375,2089.5,2
2026-09-24 12:35:00+05:30,2088.25,2089.0,2088.0,2088.0,7
2026-09-24 12:36:00+05:30,2090.39990234375,2090.39990234375,2090.14990234375,2090.14990234375,13
2026-09-24 12:37:00+05:30,2090.5,2090.5,2090.0,2090.25,57
2026-09-24 12:38:00+05:30,2090.5,2090.5,2090.050048828125,2090.050048828125,44
2026-09-24 12:39:00+05:30,2090.10009765625,2090.5,2090.0,2090.5,115
2026-09-24 12:40:00+05:30,2090.5,2090.5,2090.10009765625,2090.10009765625,35
2026-09-24 12:41:00+05:30,2090.800048828125,2090.800048828125,2090.14990234375,2090.14990234375,84
2026-09-24 12:42:00+05:30,2090.89990234375,2090.89990234375,2090.10009765625,2090.10009765625,18
2026-09-24 12:43:00+05:30,2091.0,2091.0,2090.35009765625,2091.0,19
2026-09-24 12:44:00+05:30,2090.10009765625,2091.5,2090.10009765625,2091.0,276
2026-09-24 12:45:00+05:30,2090.10009765625,2091.10009765625,2090.10009765625,2091.10009765625,21
2026-09-24 12:46:00+05:30,2090.800048828125,2091.10009765625,2090.300048828125,2090.300048828125,16
2026-09-24 12:47:00+05:30,2089.0,2090.800048828125,2089.0,2090.800048828125,241
2026-09-24 12:48:00+05:30,2089.35009765625,2089.5,2088.85009765625,2088.85009765625,12
2026-09-24 12:49:00+05:30,2089.5,2089.5,2089.5,2089.5,9
2026-09-24 12:50:00+05:30,2089.5,2089.5,2088.550048828125,2089.0,3
2026-09-24 12:51:00+05:30,2089.300048828125,2089.300048828125,2089.300048828125,2089.300048828125,1
2026-09-24 12:52:00+05:30,2088.85009765625,2088.85009765625,2088.300048828125,2088.300048828125,3
2026-09-24 12:53:00+05:30,2088.199951171875,2088.199951171875,2087.5,2088.199951171875,256
2026-09-24 12:54:00+05:30,2087.5,2088.39990234375,2087.5,2088.39990234375,6
2026-09-24 12:55:00+05:30,2088.35009765625,2088.449951171875,2087.75,2087.75,12
2026-09-24 12:56:00+05:30,2087.5,2088.5,2086.699951171875,2088.39990234375,519
2026-09-24 12:57:00+05:30,2088.0,2088.0,2087.949951171875,2087.949951171875,103
2026-09-24 12:58:00+05:30,2088.0,2088.35009765625,2088.0,2088.0,1730
2026-09-24 12:59:00+05:30,2088.0,2088.5,2088.0,2088.0,154
2026-09-24 13:00:00+05:30,2088.0,2088.60009765625,2088.0,2088.550048828125,1178
2026-09-24 13:01:00+05:30,2089.050048828125,2089.050048828125,2087.60009765625,2087.60009765625,25
2026-09-24 13:02:00+05:30,2088.800048828125,2089.050048828125,2088.14990234375,2088.14990234375,29
2026-09-24 13:03:00+05:30,2089.449951171875,2089.699951171875,2088.14990234375,2088.14990234375,12
2026-09-24 13:04:00+05:30,2089.39990234375,2089.39990234375,2089.39990234375,2089.39990234375,1
2026-09-24 13:05:00+05:30,2089.0,2089.449951171875,2088.35009765625,2089.0,42
2026-09-24 13:06:00+05:30,2089.64990234375,2089.64990234375,2089.0,2089.0,16
2026-09-24 13:07:00+05:30,2089.699951171875,2089.699951171875,2089.0,2089.699951171875,15
2026-09-24 13:08:00+05:30,2090.0,2090.0,2089.300048828125,2090.0,221
2026-09-24 13:09:00+05:30,2089.949951171875,2091.10009765625,2089.0,2091.10009765625,34
2026-09-24 13:10:00+05:30,2089.949951171875,2089.949951171875,2089.0,2089.300048828125,15
2026-09-24 13:11:00+05:30,2089.39990234375,2090.39990234375,2089.39990234375,2090.39990234375,22
2026-09-24 13:12:00+05:30,2089.300048828125,2089.64990234375,2088.5,2088.800048828125,42
2026-09-24 13:13:00+05:30,2088.75,2089.449951171875,2088.300048828125,2089.449951171875,23
2026-09-24 13:14:00+05:30,2088.800048828125,2089.300048828125,2088.0,2089.050048828125,54
2026-09-24 13:15:00+05:30,2088.60009765625,2088.60009765625,2088.60009765625,2088.60009765625,1
2026-09-24 13:16:00+05:30,2088.60009765625,2088.60009765625,2088.0,2088.0,4
2026-09-24 13:17:00+05:30,2088.60009765625,2088.60009765625,2088.60009765625,2088.60009765625,7
2026-09-24 13:18:00+05:30,2088.949951171875,2089.0,2088.85009765625,2089.0,8
2026-09-24 13:19:00+05:30,2088.85009765625,2088.85009765625,2088.85009765625,2088.85009765625,2
2026-09-24 13:20:00+05:30,2089.0,2089.75,2088.199951171875,2088.199951171875,14
2026-09-24 13:21:00+05:30,2089.699951171875,2089.699951171875,2089.449951171875,2089.60009765625,45
2026-09-24 13:22:00+05:30,2090.0,2090.0,2089.14990234375,2089.14990234375,5
2026-09-24 13:23:00+05:30,2090.89990234375,2091.0,2090.89990234375,2091.0,72
2026-09-24 13:24:00+05:30,2091.25,2091.25,2091.0,2091.0,6
2026-09-24 13:25:00+05:30,2090.0,2091.35009765625,2090.0,2091.25,28
2026-09-24 13:26:00+05:30,2085.699951171875,2090.0,2085.0,2090.0,272
2026-09-24 13:27:00+05:30,2085.5,2085.5,2085.0,2085.0,158
2026-09-24 13:28:00+05:30,2084.800048828125,2085.35009765625,2083.85009765625,2085.35009765625,268
2026-09-24 13:29:00+05:30,2086.300048828125,2086.5,2084.050048828125,2084.050048828125,257
2026-09-24 13:30:00+05:30,2086.60009765625,2086.60009765625,2086.0,2086.199951171875,20
2026-09-24 13:31:00+05:30,2086.699951171875,2086.949951171875,2086.050048828125,2086.050048828125,87
2026-09-24 13:32:00+05:30,2086.39990234375,2087.10009765625,2086.39990234375,2087.10009765625,36
2026-09-24 13:33:00+05:30,2087.0,2087.89990234375,2087.0,2087.89990234375,11
2026-09-24 13:34:00+05:30,2086.89990234375,2087.0,2086.39990234375,2087.0,23
2026-09-24 13:35:00+05:30,2086.5,2086.5,2086.0,2086.0,15
2026-09-24 13:36:00+05:30,2086.0,2086.550048828125,2086.0,2086.550048828125,137
2026-09-24 13:37:00+05:30,2087.39990234375,2087.39990234375,2086.699951171875,2086.699951171875,51
2026-09-24 13:38:00+05:30,2085.5,2086.0,2085.5,2086.0,156
2026-09-24 13:39:00+05:30,2084.550048828125,2085.5,2084.0,2085.5,26
2026-09-24 13:40:00+05:30,2083.300048828125,2083.800048828125,2082.10009765625,2083.800048828125,193
2026-09-24 13:42:00+05:30,2085.0,2085.0,2085.0,2085.0,51
2026-09-24 13:43:00+05:30,2083.050048828125,2083.300048828125,2083.0,2083.300048828125,10
2026-09-24 13:44:00+05:30,2081.0,2082.0,2081.0,2082.0,574
2026-09-24 13:45:00+05:30,2079.0,2081.800048828125,2079.0,2080.949951171875,605
2026-09-24 13:46:00+05:30,2075.60009765625,2078.25,2075.60009765625,2078.0,546
2026-09-24 13:47:00+05:30,2077.75,2077.89990234375,2075.75,2077.699951171875,222
2026-09-24 13:48:00+05:30,2078.35009765625,2078.5,2076.699951171875,2076.699951171875,74
2026-09-24 13:49:00+05:30,2080.25,2080.25,2078.0,2078.5,121
2026-09-24 13:50:00+05:30,2079.0,2079.050048828125,2079.0,2079.0,26
2026-09-24 13:51:00+05:30,2078.60009765625,2078.85009765625,2077.5,2077.5,77
2026-09-24 13:52:00+05:30,2078.699951171875,2078.699951171875,2078.0,2078.699951171875,26
2026-09-24 13:53:00+05:30,2077.60009765625,2078.75,2077.60009765625,2078.64990234375,66
2026-09-24 13:54:00+05:30,2075.0,2077.85009765625,2075.0,2077.60009765625,175
2026-09-24 13:55:00+05:30,2077.0,2077.10009765625,2074.800048828125,2075.60009765625,1082
2026-09-24 13:56:00+05:30,2077.85009765625,2077.85009765625,2076.89990234375,2077.0,9
2026-09-24 13:57:00+05:30,2072.39990234375,2076.699951171875,2072.39990234375,2076.699951171875,49
2026-09-24 13:58:00+05:30,2074.0,2074.949951171875,2074.0,2074.550048828125,59
2026-09-24 13:59:00+05:30,2074.800048828125,2075.0,2073.449951171875,2073.449951171875,20
2026-09-24 14:00:00+05:30,2075.199951171875,2076.60009765625,2073.89990234375,2073.89990234375,230
2026-09-24 14:01:00+05:30,2077.300048828125,2077.300048828125,2075.10009765625,2075.14990234375,431
2026-09-24 14:02:00+05:30,2078.25,2078.300048828125,2077.050048828125,2077.5,524
2026-09-24 14:03:00+05:30,2078.14990234375,2078.14990234375,2077.050048828125,2077.5,7
2026-09-24 14:04:00+05:30,2074.35009765625,2078.35009765625,2073.550048828125,2078.300048828125,407
2026-09-24 14:05:00+05:30,2075.75,2075.75,2074.5,2074.550048828125,6
2026-09-24 14:06:00+05:30,2075.5,2075.800048828125,2075.0,2075.199951171875,42
2026-09-24 14:07:00+05:30,2074.89990234375,2075.39990234375,2074.5,2074.5,65
2026-09-24 14:08:00+05:30,2076.949951171875,2076.949951171875,2075.5,2075.949951171875,74
2026-09-24 14:09:00+05:30,2076.75,2076.949951171875,2075.39990234375,2076.949951171875,127
2026-09-24 14:10:00+05:30,2075.64990234375,2076.0,2075.64990234375,2075.64990234375,113
2026-09-24 14:11:00+05:30,2075.64990234375,2075.64990234375,2075.64990234375,2075.64990234375,88
2026-09-24 14:13:00+05:30,2075.64990234375,2075.64990234375,2075.60009765625,2075.60009765625,7
2026-09-24 14:14:00+05:30,2075.64990234375,2075.64990234375,2075.550048828125,2075.64990234375,32
2026-09-24 14:15:00+05:30,2076.14990234375,2076.89990234375,2075.449951171875,2075.64990234375,382
2026-09-24 14:16:00+05:30,2075.050048828125,2076.39990234375,2075.0,2076.300048828125,1095
2026-09-24 14:17:00+05:30,2075.949951171875,2075.949951171875,2075.050048828125,2075.800048828125,32
2026-09-24 14:18:00+05:30,2075.0,2076.0,2075.0,2075.949951171875,103
2026-09-24 14:19:00+05:30,2074.89990234375,2075.550048828125,2074.89990234375,2075.0,249
2026-09-24 14:20:00+05:30,2074.949951171875,2075.39990234375,2074.199951171875,2074.25,452
2026-09-24 14:21:00+05:30,2072.550048828125,2074.199951171875,2072.550048828125,2074.199951171875,344
2026-09-24 14:22:00+05:30,2073.0,2073.35009765625,2073.0,2073.199951171875,96
2026-09-24 14:23:00+05:30,2071.85009765625,2073.0,2071.85009765625,2073.0,217
2026-09-24 14:24:00+05:30,2071.949951171875,2071.949951171875,2071.0,2071.0,481
2026-09-24 14:25:00+05:30,2072.75,2072.75,2070.60009765625,2070.60009765625,247
2026-09-24 14:26:00+05:30,2072.75,2072.75,2071.5,2071.699951171875,47
2026-09-24 14:27:00+05:30,2072.0,2072.75,2071.39990234375,2071.60009765625,85
2026-09-24 14:28:00+05:30,2071.60009765625,2072.75,2071.60009765625,2072.75,8
2026-09-24 14:29:00+05:30,2072.14990234375,2072.550048828125,2071.5,2072.550048828125,29
2026-09-24 14:30:00+05:30,2071.25,2072.14990234375,2069.85009765625,2072.14990234375,1080
2026-09-24 14:31:00+05:30,2072.050048828125,2072.050048828125,2071.0,2071.14990234375,75
2026-09-24 14:32:00+05:30,2072.14990234375,2072.14990234375,2071.300048828125,2072.0,18
2026-09-24 14:33:00+05:30,2070.60009765625,2072.0,2070.60009765625,2072.0,44
2026-09-24 14:34:00+05:30,2069.89990234375,2070.0,2068.5,2070.0,136
2026-09-24 14:35:00+05:30,2071.949951171875,2071.949951171875,2069.0,2069.0,535
2026-09-24 14:36:00+05:30,2073.0,2073.0,2071.300048828125,2071.300048828125,338
2026-09-24 14:37:00+05:30,2072.699951171875,2073.14990234375,2072.449951171875,2072.449951171875,44
2026-09-24 14:38:00+05:30,2073.800048828125,2073.800048828125,2072.64990234375,2073.14990234375,53
2026-09-24 14:39:00+05:30,2073.5,2074.449951171875,2073.39990234375,2074.449951171875,122
2026-09-24 14:40:00+05:30,2075.0,2076.449951171875,2075.0,2075.0,37
2026-09-24 14:41:00+05:30,2074.0,2075.75,2074.0,2075.75,954
2026-09-24 14:42:00+05:30,2073.5,2075.25,2073.050048828125,2074.0,2470
2026-09-24 14:43:00+05:30,2072.64990234375,2073.800048828125,2071.75,2073.449951171875,139
2026-09-24 14:44:00+05:30,2072.449951171875,2072.64990234375,2071.0,2072.64990234375,67
2026-09-24 14:45:00+05:30,2072.39990234375,2072.5,2072.39990234375,2072.5,111
2026-09-24 14:46:00+05:30,2073.0,2073.0,2072.25,2073.0,88
2026-09-24 14:47:00+05:30,2071.5,2072.39990234375,2071.5,2072.39990234375,42
2026-09-24 14:48:00+05:30,2071.449951171875,2071.5,2071.0,2071.5,29
2026-09-24 14:49:00+05:30,2072.5,2072.5,2070.699951171875,2071.5,84
2026-09-24 14:50:00+05:30,2071.800048828125,2072.5,2071.449951171875,2071.449951171875,254
2026-09-24 14:51:00+05:30,2072.5,2072.5,2072.5,2072.5,6
2026-09-24 14:52:00+05:30,2073.14990234375,2073.199951171875,2072.5,2072.5,102
2026-09-24 14:53:00+05:30,2072.800048828125,2073.800048828125,2072.800048828125,2073.0,131
2026-09-24 14:54:00+05:30,2073.64990234375,2074.0,2072.949951171875,2072.949951171875,335
2026-09-24 14:55:00+05:30,2072.800048828125,2073.550048828125,2072.800048828125,2073.550048828125,39
2026-09-24 14:56:00+05:30,2072.5,2072.60009765625,2071.60009765625,2071.60009765625,214
2026-09-24 14:57:00+05:30,2072.35009765625,2072.5,2072.0,2072.449951171875,79
2026-09-24 14:58:00+05:30,2072.050048828125,2072.10009765625,2071.0,2072.0,178
2026-09-24 14:59:00+05:30,2072.0,2072.10009765625,2071.800048828125,2072.10009765625,69
2026-09-24 15:00:00+05:30,2072.0,2072.10009765625,2071.199951171875,2071.199951171875,389
2026-09-24 15:01:00+05:30,2071.0,2071.699951171875,2069.5,2071.050048828125,747
2026-09-24 15:02:00+05:30,2071.300048828125,2071.85009765625,2070.199951171875,2071.0,326
2026-09-24 15:03:00+05:30,2069.699951171875,2072.0,2069.699951171875,2072.0,216
2026-09-24 15:04:00+05:30,2071.699951171875,2072.550048828125,2070.5,2070.5,416
2026-09-24 15:05:00+05:30,2070.60009765625,2071.449951171875,2069.699951171875,2070.39990234375,116
2026-09-24 15:06:00+05:30,2070.10009765625,2070.5,2068.14990234375,2070.5,571
2026-09-24 15:07:00+05:30,2069.949951171875,2070.14990234375,2069.14990234375,2070.14990234375,257
2026-09-24 15:08:00+05:30,2070.800048828125,2070.85009765625,2069.949951171875,2069.949951171875,280
2026-09-24 15:09:00+05:30,2071.0,2071.5,2069.60009765625,2069.60009765625,239
2026-09-24 15:10:00+05:30,2072.449951171875,2072.5,2071.5,2071.5,229
2026-09-24 15:11:00+05:30,2071.60009765625,2072.39990234375,2071.0,2071.5,190
2026-09-24 15:12:00+05:30,2072.0,2072.949951171875,2072.0,2072.0,44
2026-09-24 15:13:00+05:30,2072.0,2073.300048828125,2071.10009765625,2072.0,455
2026-09-24 15:14:00+05:30,2075.89990234375,2075.89990234375,2071.10009765625,2073.64990234375,758
2026-09-24 15:29:00+05:30,2077.0,2077.0,2077.0,2077.0,5867
